latitude,longitude,datetime_utc,temperature_c,humidity_pct,pressure_hpa,wind_speed_kmh,rainfall_mm,elevation_m,soil_moisture_pct,disaster_label
38.8372,-68.4458,2015-01-21 02:13,25.3,87.5,978.3,25.2,74.84,968.3,51.8,Heavy Rains
26.5699,-84.0245,2018-12-22 18:16,29.21,93.2,981.4,42.1,97.82,1417.0,57.7,Heavy Rains
28.6529,-106.1655,2023-04-15 05:41,23.63,86.4,983.4,53.3,116.14,1339.6,44.2,Heavy Rains
30.0944,-109.338,2020-02-09 09:47,24.19,49.0,1023.3,25.8,13.01,1574.9,23.9,Normal
39.2728,-117.7893,2022-10-10 02:08,17.77,79.6,978.5,119.1,58.35,522.0,36.8,Storm
40.8334,-124.3954,2023-10-31 12:29,25.9,97.6,993.6,27.0,192.82,155.8,55.1,Flood
46.8068,-97.6633,2020-09-13 05:51,19.16,66.6,974.4,150.0,44.58,995.4,24.1,Storm
30.7435,-79.2041,2020-01-12 02:30,7.46,61.3,1013.2,10.9,20.71,1208.1,5.9,Normal
33.7685,-76.3595,2016-01-07 15:05,46.57,85.7,1007.2,2.8,2.77,774.0,18.2,Heatwave
30.8069,-86.4106,2023-11-29 03:24,14.81,45.1,1003.8,39.1,25.19,377.1,14.9,Normal
40.844,-119.8396,2022-03-26 12:56,44.23,85.4,1020.2,10.6,3.3,362.4,10.8,Heatwave
42.7498,-111.1727,2018-05-29 15:37,47.75,94.9,1019.4,10.3,2.73,636.8,8.0,Heatwave
35.346,-122.0212,2022-05-27 09:02,20.83,87.0,975.8,40.4,187.71,183.6,59.2,Flood
36.8866,-92.4447,2017-04-13 19:00,15.68,84.5,987.0,25.2,66.78,1361.4,50.2,Heavy Rains
42.391,-99.6564,2020-05-25 07:08,25.94,81.2,984.4,31.8,195.37,150.1,53.8,Flood
35.4766,-121.6984,2018-11-06 07:05,21.77,84.5,997.4,54.4,176.22,113.0,59.9,Flood
41.6703,-105.4305,2024-09-26 19:50,25.3,77.6,985.8,62.3,52.97,1080.4,43.5,Heavy Rains
48.6952,-109.8554,2021-08-07 12:07,26.8,65.0,978.9,156.5,44.28,583.5,27.4,Storm
26.4346,-88.2592,2015-09-03 11:08,43.39,68.4,1014.0,9.0,1.74,713.4,19.7,Heatwave
27.1329,-104.9471,2024-08-09 17:47,27.08,99.1,969.5,33.8,113.56,181.1,44.3,Heavy Rains
27.4782,-97.9352,2018-05-04 05:41,13.31,49.0,1032.7,47.5,22.35,1914.7,12.9,Normal
26.7266,-117.2106,2020-05-23 15:12,13.09,83.8,975.4,35.0,168.41,97.8,59.3,Flood
26.6006,-73.7368,2018-06-18 23:17,34.74,50.9,1025.3,10.1,15.03,2641.2,9.5,Normal
44.0949,-75.7276,2015-07-20 10:28,34.11,26.9,1004.7,24.3,8.04,2322.8,17.0,Normal
38.6007,-76.5818,2017-09-11 15:24,45.8,61.5,1024.7,10.1,2.5,779.5,6.1,Heatwave
39.9014,-73.705,2016-06-05 09:03,25.11,87.9,987.1,10.3,177.86,174.1,55.1,Flood
37.4079,-117.972,2023-12-26 14:48,22.31,94.1,961.1,55.1,99.65,871.2,36.5,Heavy Rains
34.5863,-72.1388,2019-01-28 20:41,21.6,94.7,963.1,58.1,101.85,890.7,53.2,Heavy Rains
48.9029,-120.8616,2020-12-31 21:35,21.62,78.4,982.1,29.8,52.26,421.9,56.1,Heavy Rains
36.9404,-115.8937,2020-04-27 01:03,22.9,85.7,988.0,26.7,177.59,150.9,51.4,Flood
38.3331,-114.6175,2019-10-10 03:18,19.55,96.3,975.7,37.2,88.98,1492.9,46.3,Heavy Rains
48.4559,-69.4911,2021-05-06 10:14,40.9,89.9,1022.2,6.7,0.23,59.5,23.5,Heatwave
31.7328,-105.5768,2023-10-28 10:44,17.92,78.2,969.7,48.5,117.84,381.9,48.6,Heavy Rains
25.8994,-88.5844,2023-05-05 14:39,12.86,22.4,1030.9,11.6,29.21,2815.0,27.0,Normal
37.2649,-111.4922,2016-04-08 10:36,17.43,96.5,987.5,42.1,185.72,28.5,53.9,Flood
47.2866,-93.7651,2020-02-06 12:50,21.72,77.9,976.6,35.2,72.43,397.2,53.8,Heavy Rains
45.835,-113.9332,2022-07-03 04:13,25.77,88.7,946.3,146.8,32.58,38.1,49.8,Storm
42.8502,-95.3977,2023-11-13 03:07,26.2,85.7,985.4,62.2,115.79,1318.5,36.3,Heavy Rains
26.7576,-85.9518,2022-11-06 13:47,22.58,87.2,946.4,153.2,51.75,972.2,41.1,Storm
25.874,-120.8152,2024-01-10 11:53,19.48,90.1,972.4,36.9,73.02,506.1,39.6,Heavy Rains
25.7396,-85.4917,2022-06-29 07:51,28.47,36.6,1024.4,15.4,12.34,2455.4,37.8,Normal
28.6971,-98.0291,2019-11-06 00:21,29.06,78.0,967.1,59.6,81.89,1439.5,48.5,Heavy Rains
40.8132,-110.9777,2020-04-24 00:28,21.08,69.3,976.5,117.3,29.99,480.3,42.7,Storm
30.2857,-122.4912,2019-06-04 00:08,17.92,89.2,972.5,57.2,56.37,843.2,40.9,Heavy Rains
47.1534,-72.0408,2017-06-09 20:32,26.51,80.7,988.9,40.9,141.15,70.8,56.5,Flood
27.502,-73.2748,2017-07-14 00:01,19.61,79.0,944.8,155.5,51.99,919.8,24.3,Storm
37.6667,-105.3767,2024-04-02 12:37,21.17,89.5,968.1,47.7,111.72,1075.0,40.9,Heavy Rains
39.7564,-100.2084,2018-12-15 10:04,45.04,71.8,1012.8,10.5,0.8,24.9,22.0,Heatwave
35.4364,-78.4843,2021-02-14 13:47,18.91,67.7,956.1,150.3,22.63,545.6,40.0,Storm
42.2636,-82.2107,2021-05-01 20:00,4.18,25.9,1028.5,49.9,21.16,2086.6,28.9,Normal
27.0419,-96.3961,2017-12-11 12:48,40.21,77.8,1012.2,9.1,0.98,492.8,19.7,Heatwave
37.1358,-81.4787,2016-12-10 08:39,19.16,81.8,974.0,141.6,30.78,855.7,27.1,Storm
34.4815,-100.6108,2021-01-27 07:13,12.12,86.5,975.4,42.7,86.38,42.3,53.0,Flood
42.8012,-95.0131,2016-06-03 11:30,43.03,70.1,1014.8,6.3,1.11,492.1,19.5,Heatwave
30.1932,-97.4007,2017-02-23 14:06,46.49,67.6,1009.0,4.2,3.54,101.3,5.9,Heatwave
37.1305,-96.7867,2021-04-19 17:26,45.39,73.3,1004.2,7.9,3.98,176.4,5.7,Heatwave
43.0601,-81.8521,2020-07-06 10:18,25.34,83.3,973.5,31.6,65.65,101.8,38.2,Heavy Rains
35.308,-106.2598,2022-09-07 07:30,15.31,78.2,982.5,31.6,94.31,1024.1,44.6,Heavy Rains
41.783,-119.7186,2021-09-21 23:52,22.47,86.0,951.0,101.7,19.13,680.7,47.3,Storm
27.7824,-103.1928,2016-01-01 03:08,28.7,76.0,978.5,21.4,55.2,547.3,52.1,Heavy Rains
39.0585,-74.1277,2017-09-30 01:39,30.62,41.8,1009.4,37.4,29.72,2215.5,9.8,Normal
37.7606,-94.897,2018-11-30 11:28,21.39,85.7,967.6,21.3,54.04,57.9,39.6,Heavy Rains
43.3476,-97.0941,2021-06-18 11:08,44.53,80.7,1010.1,13.5,1.92,30.2,9.0,Heatwave
33.5958,-74.0174,2017-04-27 19:11,-0.69,45.7,1016.5,4.6,7.56,848.6,36.4,Normal
35.7146,-86.6947,2015-05-18 10:15,45.66,71.7,1005.9,3.0,4.32,45.2,15.1,Heatwave
32.7732,-114.8541,2022-04-01 19:53,26.41,91.1,969.7,54.0,47.95,792.0,51.6,Heavy Rains
34.9498,-90.6297,2024-02-15 23:18,16.53,97.7,988.7,26.7,81.37,1431.2,46.2,Heavy Rains
40.4007,-97.0361,2023-02-11 12:46,46.15,62.6,1018.0,6.8,4.58,433.7,17.8,Heatwave
47.4313,-83.5829,2019-11-12 01:33,14.01,89.2,982.2,47.3,173.04,168.0,54.7,Flood
48.3495,-70.2118,2024-11-14 14:28,45.71,88.0,1015.9,10.3,0.76,150.3,7.6,Heatwave
42.9349,-123.6084,2021-05-25 14:29,25.44,97.5,987.2,49.5,127.6,92.4,56.7,Flood
25.1878,-93.2742,2020-07-14 16:48,15.68,56.7,1018.5,38.5,25.04,1161.1,29.1,Normal
27.9046,-87.5588,2016-07-11 22:18,33.98,51.8,1006.3,6.6,5.15,597.6,34.8,Normal
43.5282,-98.99,2020-06-19 03:42,27.84,94.1,967.9,55.2,76.99,86.9,47.5,Heavy Rains
39.1834,-108.459,2023-01-24 14:02,19.27,75.4,977.7,63.4,49.71,1252.9,44.6,Heavy Rains
47.4408,-118.8568,2018-06-30 21:11,23.85,79.2,963.0,28.7,56.64,939.1,42.8,Heavy Rains
43.8076,-94.2752,2019-12-04 11:03,26.81,93.7,978.1,52.4,119.13,503.6,50.5,Heavy Rains
38.1108,-101.6745,2018-02-17 10:26,9.24,53.2,1019.4,26.7,3.06,3291.7,38.9,Normal
48.9659,-75.2314,2016-10-30 22:26,16.62,80.3,981.6,60.2,70.63,1472.5,36.0,Heavy Rains
43.3743,-103.3183,2024-11-16 10:22,41.69,71.2,1022.3,11.7,2.69,587.7,21.0,Heatwave
34.564,-110.0503,2019-08-06 10:52,25.1,88.7,954.1,99.6,18.0,836.0,39.4,Storm
36.6079,-85.7467,2015-12-26 14:27,44.48,68.3,1013.1,13.9,1.77,103.8,16.3,Heatwave
45.1189,-117.3825,2024-07-09 22:14,5.75,46.5,1001.4,45.0,6.26,1532.0,19.8,Normal
36.7175,-109.4427,2017-06-22 17:01,42.5,82.1,1020.0,10.1,4.2,735.6,24.6,Heatwave
45.1869,-79.1932,2015-05-09 12:11,27.19,86.6,989.0,55.3,109.69,701.9,53.8,Heavy Rains
32.4303,-100.8857,2016-07-25 14:00,15.33,85.2,946.0,116.6,56.47,16.0,25.9,Storm
43.7846,-119.4276,2016-07-07 21:19,32.05,56.8,1034.9,15.2,13.92,3036.0,10.7,Normal
34.614,-85.8817,2024-03-27 11:37,44.28,91.8,1001.9,14.0,0.99,516.8,21.2,Heatwave
31.51,-79.3563,2017-12-03 12:42,16.58,76.1,944.6,114.9,44.1,821.3,20.1,Storm
40.8031,-80.6016,2016-05-28 11:19,26.63,85.2,964.9,108.9,31.8,785.7,31.8,Storm
33.0002,-90.8887,2023-10-01 10:58,25.74,76.0,945.2,89.2,21.42,967.0,32.0,Storm
26.0828,-77.2948,2021-08-15 11:51,24.84,80.5,1001.7,27.1,96.2,68.7,54.2,Flood
30.8539,-115.0562,2023-04-22 12:21,44.04,93.4,1005.8,5.7,0.92,512.4,13.6,Heatwave
39.0191,-76.5412,2023-06-12 13:40,18.94,82.4,990.8,38.9,161.05,194.3,53.9,Flood
44.5876,-108.0811,2016-08-15 07:31,23.6,82.9,983.5,47.4,182.65,164.7,51.3,Flood
35.8744,-108.2903,2017-11-11 13:17,28.07,79.7,972.3,27.5,50.01,1314.1,49.3,Heavy Rains
46.2764,-80.6884,2023-01-28 06:37,27.09,90.4,973.7,20.0,101.59,922.0,46.3,Heavy Rains
46.5327,-76.7935,2022-05-28 02:52,12.48,73.5,947.3,130.6,53.69,898.7,33.9,Storm
48.1638,-79.7622,2019-11-11 18:16,29.92,90.4,976.2,55.7,97.07,120.8,48.2,Heavy Rains
48.7321,-103.7034,2023-05-21 17:48,43.84,81.9,1005.5,3.5,3.77,698.5,6.6,Heatwave
31.7919,-83.9222,2019-01-28 02:59,23.3,46.3,1020.9,30.7,15.62,3202.2,17.6,Normal
46.5194,-108.6427,2017-07-08 11:24,24.74,40.3,1029.7,47.7,5.53,275.8,17.9,Normal
41.0281,-118.6725,2024-01-15 01:33,9.54,30.1,1006.7,35.7,10.5,1023.9,38.4,Normal
38.4774,-95.2248,2016-06-07 14:05,10.53,80.3,969.1,98.2,59.26,127.2,42.1,Storm
33.7005,-94.538,2022-09-20 11:52,12.87,82.7,983.4,48.9,132.38,183.3,52.5,Flood
29.3843,-105.616,2018-05-23 21:37,27.68,80.7,973.3,51.5,113.37,197.2,38.2,Heavy Rains
39.7183,-105.6919,2018-06-29 17:03,40.17,74.4,1016.9,1.5,0.27,341.2,8.6,Heatwave
29.6604,-90.0018,2024-07-24 00:21,26.75,97.0,984.5,45.5,189.16,116.8,59.5,Flood
45.5404,-92.2584,2021-03-27 16:58,17.74,87.4,975.8,26.7,46.47,1164.3,52.7,Heavy Rains
38.6598,-112.9521,2023-12-09 01:51,22.87,86.5,976.7,13.5,194.47,75.9,54.6,Flood
27.716,-97.6787,2024-08-11 20:37,25.69,95.4,961.6,28.1,110.68,1208.5,40.5,Heavy Rains
39.0262,-106.1625,2023-03-04 12:44,5.38,21.6,1031.5,16.5,25.23,1510.0,9.7,Normal
46.6879,-110.5836,2017-07-19 12:29,25.69,84.3,966.1,25.9,116.97,405.8,38.3,Heavy Rains
32.9574,-98.7972,2019-05-11 07:28,25.25,36.7,1031.3,4.1,9.55,1554.6,8.3,Normal
44.044,-105.9925,2021-09-30 20:58,14.92,88.4,989.9,36.7,146.23,163.5,54.5,Flood
43.8463,-96.3864,2018-03-06 17:09,29.07,94.3,979.3,46.7,134.69,182.7,53.6,Flood
43.0099,-80.9318,2015-07-26 07:30,19.63,83.3,963.6,101.2,39.64,375.4,48.3,Storm
45.552,-114.8437,2020-06-04 04:04,15.57,66.2,965.8,155.9,20.4,26.5,29.0,Storm
32.2062,-122.3955,2024-05-08 13:27,14.51,55.4,965.5,113.3,24.31,478.2,22.0,Storm
37.9957,-69.5584,2023-04-15 10:44,17.87,82.8,945.3,144.1,15.81,507.9,31.9,Storm
44.6173,-107.7259,2018-10-15 14:53,43.42,83.2,1002.5,12.2,0.67,779.4,13.9,Heatwave
34.9834,-70.1815,2018-04-25 11:53,47.47,61.5,1007.8,6.4,1.03,386.3,14.5,Heatwave
26.3654,-77.5933,2015-06-04 11:41,46.78,89.4,1015.4,7.1,2.31,443.5,20.8,Heatwave
38.677,-101.9111,2017-12-26 22:03,14.5,68.2,969.7,85.1,56.32,293.6,31.3,Storm
42.7277,-121.5099,2024-02-04 10:08,29.99,36.7,1010.5,5.3,7.16,2813.3,21.3,Normal
45.7502,-82.1622,2016-04-23 15:45,39.28,72.1,1012.4,3.3,2.26,760.6,9.3,Heatwave
43.0442,-83.6358,2018-07-12 04:44,23.49,86.6,1001.9,35.2,142.75,154.2,51.2,Flood
37.505,-83.5542,2019-12-22 09:54,27.96,63.5,1006.1,32.2,28.45,1175.7,38.3,Normal
35.8183,-91.9716,2022-06-09 16:47,22.48,83.0,955.5,146.6,52.4,32.7,43.7,Storm
39.4793,-112.7438,2022-10-25 15:09,39.82,65.7,1008.9,7.2,3.39,208.1,24.8,Heatwave
36.1853,-101.8288,2020-01-16 15:49,40.87,68.0,1006.6,1.7,0.79,548.8,21.5,Heatwave
33.0547,-107.0818,2019-01-19 03:29,18.76,65.2,943.5,141.1,36.97,385.1,25.5,Storm
39.7585,-71.1361,2016-04-29 11:12,22.11,51.5,1003.7,4.0,13.54,1746.3,38.9,Normal
34.212,-102.3052,2015-02-15 14:59,20.25,69.3,947.4,110.9,42.46,590.0,46.7,Storm
43.2573,-100.0941,2017-05-31 23:44,26.67,81.9,980.1,47.2,113.23,1033.4,41.3,Heavy Rains
25.581,-107.6253,2022-05-08 15:39,46.39,87.3,1015.6,6.2,4.62,186.8,18.7,Heatwave
38.1839,-112.0189,2024-07-29 15:38,25.86,85.8,988.4,27.2,117.68,136.7,57.1,Heavy Rains
34.9836,-68.3553,2023-11-25 09:15,14.19,80.9,975.5,54.0,126.06,31.6,58.5,Flood
32.3961,-123.7591,2024-01-19 14:52,39.03,64.5,1001.8,5.9,3.5,432.9,6.2,Heatwave
34.1152,-84.7804,2017-08-15 17:16,40.31,89.9,1000.3,13.0,2.24,542.8,24.2,Heatwave
31.486,-86.5023,2020-07-24 13:30,24.07,67.8,946.5,119.0,21.2,569.2,20.1,Storm
40.8249,-106.2683,2023-03-10 14:42,23.86,87.9,989.6,32.0,112.46,525.5,43.6,Heavy Rains
29.6709,-69.1524,2023-03-20 05:53,17.72,91.2,974.8,25.4,51.68,1421.9,48.2,Heavy Rains
27.2698,-90.8083,2016-01-04 16:29,25.82,94.7,976.3,47.3,59.9,910.3,49.5,Heavy Rains
29.9543,-116.445,2018-06-20 19:49,25.93,78.0,965.9,42.4,87.71,976.0,35.3,Heavy Rains
39.7148,-70.3213,2023-03-24 01:48,21.16,78.6,984.7,54.4,105.52,1428.8,40.6,Heavy Rains
36.1764,-77.5901,2016-07-03 01:43,25.32,75.9,980.6,22.6,108.97,396.3,56.1,Heavy Rains
42.3279,-99.2105,2019-11-30 11:19,39.4,83.7,1000.6,4.8,0.55,640.0,23.6,Heatwave
35.4589,-89.3146,2017-09-17 17:12,11.72,95.4,979.4,31.1,98.39,179.6,57.6,Flood
37.4318,-96.3074,2022-07-31 08:08,10.51,31.4,1033.8,27.2,6.14,2634.6,19.8,Normal
46.3906,-89.1202,2021-09-07 17:39,42.2,69.0,1005.0,10.6,4.05,62.8,23.5,Heatwave
26.8944,-91.6466,2016-09-01 16:15,27.46,92.5,974.3,21.4,118.49,634.3,44.8,Heavy Rains
34.2347,-98.9541,2016-04-18 23:19,23.74,96.8,981.8,30.4,198.27,85.2,58.7,Flood
41.3767,-70.4086,2017-01-29 23:41,20.56,83.8,981.2,51.4,142.6,70.9,59.1,Flood
28.1856,-121.9599,2023-04-12 22:18,13.56,82.8,984.5,21.3,106.65,175.8,52.6,Flood
48.8633,-104.1396,2023-12-20 11:01,11.28,88.4,966.6,90.1,25.37,725.8,48.5,Storm
31.6559,-112.5103,2020-10-10 13:07,26.03,80.3,949.5,118.4,56.83,523.4,22.6,Storm
47.3273,-116.5914,2021-12-25 07:46,15.6,83.7,943.3,130.1,45.72,263.7,26.0,Storm
44.0343,-118.4784,2016-02-11 13:27,43.06,64.9,1008.5,6.3,2.08,76.1,13.5,Heatwave
38.3641,-90.5164,2023-05-19 22:18,26.66,62.9,943.5,126.8,43.38,120.8,36.4,Storm
39.5576,-96.1664,2017-06-02 02:15,21.77,83.4,972.5,24.2,115.03,1058.4,54.7,Heavy Rains
34.1478,-79.0126,2015-06-07 19:49,21.25,73.5,951.1,90.5,31.78,310.4,44.5,Storm
36.4509,-85.567,2022-05-10 21:47,22.04,89.7,993.6,58.7,126.48,134.1,57.2,Flood
36.9674,-78.9751,2024-08-04 17:15,40.95,81.7,1011.3,6.2,3.01,5.3,22.6,Heatwave
25.9558,-121.5533,2017-06-02 16:32,41.58,83.8,1019.2,5.9,2.01,512.4,15.8,Heatwave
41.5464,-90.9223,2021-09-23 18:37,24.42,57.5,1034.8,4.3,3.05,3103.6,22.6,Normal
31.6222,-90.3755,2021-08-30 16:27,12.18,81.0,982.5,15.6,98.25,178.1,56.2,Flood
41.7378,-111.807,2015-12-18 10:40,-0.37,59.3,1023.4,15.5,13.51,1758.1,19.5,Normal
44.7736,-112.8216,2021-08-12 04:55,22.53,33.0,1020.4,14.3,13.22,2277.2,19.9,Normal
34.0452,-106.7313,2016-12-22 08:37,25.82,68.4,977.4,153.2,48.3,1.5,36.2,Storm
39.4057,-77.7344,2016-10-04 00:19,-1.52,40.9,1032.5,8.8,3.58,2395.7,25.7,Normal
41.8502,-71.5396,2018-03-06 03:05,26.12,82.1,994.5,40.8,132.3,98.8,57.8,Flood
40.3348,-85.0648,2018-06-20 21:07,20.7,84.7,988.3,10.4,195.49,184.6,59.3,Flood
48.9574,-117.8117,2016-03-17 23:04,19.24,83.3,969.6,30.8,81.12,644.3,56.4,Heavy Rains
45.9121,-86.8957,2023-04-08 15:13,13.36,95.7,1004.7,14.6,177.39,29.2,52.5,Flood
31.5159,-114.5082,2021-10-23 05:36,14.36,93.9,1001.4,49.5,137.38,140.8,55.7,Flood
47.8132,-105.015,2020-04-07 14:26,28.16,92.9,998.5,29.8,193.06,155.7,55.6,Flood
39.9836,-108.6515,2023-04-09 11:08,43.55,89.2,1006.9,1.9,1.4,686.3,5.3,Heatwave
47.2582,-102.9772,2024-08-23 12:41,14.88,62.8,944.4,151.2,38.75,863.7,42.8,Storm
25.7673,-121.3711,2020-08-24 13:07,22.35,82.4,981.7,22.9,124.14,70.7,51.4,Flood
35.1662,-104.2413,2018-07-13 14:21,19.68,56.0,957.6,156.5,49.56,964.8,25.8,Storm
37.1234,-101.2919,2023-10-26 16:05,42.14,90.5,1016.6,4.6,1.47,760.2,17.4,Heatwave
47.2375,-92.1479,2019-08-10 10:02,44.11,83.5,1002.8,6.7,3.45,113.7,19.6,Heatwave
25.0684,-102.1598,2023-03-07 17:09,16.45,77.0,968.1,43.3,119.65,1191.6,54.3,Heavy Rains
42.2128,-90.1132,2017-01-07 02:40,26.53,86.0,987.6,37.9,107.07,196.3,59.8,Flood
43.2388,-71.8531,2020-12-07 06:59,24.34,93.2,961.1,45.7,77.36,539.1,47.3,Heavy Rains
35.5035,-74.8426,2018-10-28 10:49,0.62,33.7,1004.8,17.2,14.47,2921.3,6.2,Normal
35.6343,-109.1896,2024-12-24 02:55,13.31,80.5,993.9,48.6,120.52,128.4,56.8,Flood
37.9407,-91.9612,2022-02-08 10:57,42.09,86.4,1011.7,7.2,2.35,587.1,13.4,Heatwave
38.1927,-94.2406,2019-01-10 12:19,26.44,78.3,985.4,31.7,50.62,1126.8,38.6,Heavy Rains
29.6943,-96.035,2015-02-16 12:58,6.64,60.9,1001.6,28.7,29.74,2314.9,21.9,Normal
34.2033,-86.541,2023-07-09 04:00,20.06,98.4,977.7,28.9,105.96,1105.1,45.5,Heavy Rains
45.3911,-97.8189,2024-11-21 04:16,10.19,90.3,979.7,16.3,128.56,146.3,51.5,Flood
46.9385,-90.3007,2020-03-13 07:59,19.73,89.8,973.5,33.5,93.9,106.1,40.3,Heavy Rains
36.3678,-109.1026,2019-09-11 17:44,21.33,76.6,967.9,62.7,71.82,631.9,56.1,Heavy Rains
41.2514,-70.8519,2024-11-29 18:57,29.43,89.6,969.9,40.4,107.16,911.7,50.2,Heavy Rains
36.8749,-71.479,2016-04-23 11:28,23.95,80.4,983.6,19.6,124.54,46.2,53.0,Flood
33.7944,-88.0542,2019-02-06 22:04,21.22,95.5,979.2,26.7,147.06,129.2,57.6,Flood
27.166,-78.1057,2018-05-17 07:19,14.21,97.8,1002.5,41.6,186.14,152.6,54.7,Flood
28.6425,-116.4261,2024-03-30 09:36,18.0,77.2,967.4,45.8,102.21,428.0,47.2,Heavy Rains
43.4586,-87.5666,2021-01-17 00:59,24.23,81.9,983.4,63.4,49.76,960.3,57.4,Heavy Rains
34.1601,-107.9937,2022-08-20 10:55,46.69,61.4,1005.0,5.7,2.85,725.3,14.2,Heatwave
38.9878,-115.9683,2017-09-02 04:22,19.05,43.3,1019.1,34.7,5.33,2286.0,38.3,Normal
34.5114,-97.2776,2019-10-17 01:53,22.93,97.8,975.4,20.7,77.79,96.5,46.6,Heavy Rains
33.5859,-120.8595,2017-01-31 21:23,17.44,95.6,978.7,25.9,86.25,65.4,55.2,Flood
38.2756,-115.7752,2018-12-26 13:53,24.59,61.0,970.4,142.5,17.81,451.1,36.0,Storm
27.5693,-114.0779,2017-04-07 10:36,44.78,71.2,1012.2,8.7,2.95,39.3,9.4,Heatwave
36.2677,-73.5357,2020-05-04 04:20,24.85,84.1,978.4,52.2,80.83,1135.6,54.6,Heavy Rains
39.9115,-93.8849,2020-01-31 03:47,19.19,94.2,987.7,35.2,111.94,420.2,53.6,Heavy Rains
31.2588,-111.5753,2015-01-28 14:21,41.72,84.2,1000.3,9.2,3.46,49.7,7.4,Heatwave
36.9534,-117.6735,2023-01-30 00:02,27.43,51.0,1025.7,32.9,0.62,1368.9,6.7,Normal
42.519,-76.7513,2019-11-27 10:15,39.78,72.9,1011.3,8.5,1.55,593.4,19.8,Heatwave
36.5204,-98.367,2024-09-19 02:19,18.87,35.8,1010.4,3.8,22.63,2682.9,27.8,Normal
48.3056,-76.19,2017-09-15 14:09,13.62,83.1,942.0,125.7,40.83,140.7,22.5,Storm
42.8054,-107.05,2015-04-09 20:20,25.27,84.5,964.8,127.8,21.25,117.9,33.7,Storm
33.2184,-85.8433,2019-12-21 05:12,26.68,94.1,966.4,42.6,69.0,819.1,37.4,Heavy Rains
43.5931,-118.4771,2020-01-13 01:59,20.78,60.5,964.6,88.2,54.59,203.6,35.4,Storm
29.5852,-84.8064,2015-09-08 02:22,22.44,85.1,953.8,108.8,27.19,719.8,24.2,Storm
26.5943,-93.7716,2019-05-11 11:21,1.69,34.5,1026.5,24.8,9.36,262.7,9.9,Normal
38.9229,-70.3311,2023-06-09 06:48,24.9,84.5,985.6,23.4,163.23,55.2,51.6,Flood
43.0147,-94.8401,2018-09-06 08:59,15.92,58.5,950.4,154.4,34.15,760.5,24.8,Storm
37.6586,-85.9521,2015-12-29 13:59,18.84,64.7,1022.0,33.0,11.45,3476.4,31.6,Normal
48.8776,-68.915,2019-08-20 17:00,11.72,89.3,950.4,135.9,27.09,828.8,21.8,Storm
35.3658,-98.1672,2023-08-03 15:06,8.45,38.5,1019.7,47.5,21.78,2905.2,14.3,Normal
30.4423,-90.745,2020-09-25 17:47,11.86,59.9,1014.5,24.0,25.25,1359.0,18.2,Normal
30.3504,-118.6545,2024-08-12 06:50,17.39,55.4,976.5,131.3,27.74,93.2,33.1,Storm
40.2534,-103.9957,2024-03-08 08:32,13.15,59.5,966.2,137.1,25.47,324.3,27.6,Storm
47.9581,-92.8276,2019-07-20 20:28,20.53,97.3,969.2,22.9,78.21,1031.7,58.0,Heavy Rains
40.7596,-97.5168,2015-10-25 19:20,25.31,58.4,942.0,121.8,23.84,169.6,34.9,Storm
35.767,-121.8799,2015-12-11 01:33,25.33,56.7,952.0,92.0,35.17,307.3,34.1,Storm
35.9124,-117.4786,2015-07-12 15:49,0.87,45.0,1013.6,30.3,6.93,962.2,29.7,Normal
47.583,-78.4551,2016-10-06 09:49,15.7,65.8,968.0,89.2,40.5,220.0,43.1,Storm
29.484,-115.5757,2022-04-27 15:58,14.26,87.7,946.2,139.1,54.04,651.7,21.4,Storm
33.6856,-81.6157,2021-12-10 17:32,14.39,95.4,994.8,23.8,107.28,158.5,57.2,Flood
40.2565,-123.665,2023-06-28 17:37,15.17,96.6,984.1,31.1,143.11,145.7,58.6,Flood
34.291,-103.498,2015-08-02 04:27,24.03,91.0,978.5,15.9,155.8,179.8,54.2,Flood
31.7424,-78.9067,2023-09-24 17:33,42.22,78.8,1005.8,2.2,1.24,192.9,15.7,Heatwave
46.9641,-120.7148,2016-11-28 05:40,16.38,87.3,984.6,44.1,58.68,961.0,41.0,Heavy Rains
42.8696,-81.9325,2019-10-19 09:32,34.71,23.2,1014.4,37.8,15.52,1006.3,13.6,Normal
32.8688,-75.021,2021-10-03 19:03,27.35,43.5,1024.7,33.9,29.2,3208.4,39.0,Normal
30.4212,-74.8976,2018-03-20 12:43,27.68,96.5,978.4,18.5,97.67,20.2,59.6,Flood
47.564,-77.8448,2021-05-17 17:58,27.51,83.6,965.3,149.3,33.1,131.7,20.1,Storm
44.6286,-104.4265,2021-08-26 01:41,24.39,89.2,986.5,31.4,83.33,499.4,40.0,Heavy Rains
39.5204,-120.8177,2015-06-01 11:32,10.03,67.1,968.9,139.7,51.35,321.0,45.1,Storm
25.0021,-107.8658,2022-05-19 16:57,25.66,93.2,988.3,38.9,164.94,104.0,59.9,Flood
26.0686,-93.9554,2024-04-01 03:32,27.73,88.3,975.0,21.2,111.07,76.7,54.2,Flood
28.3603,-117.98,2016-02-16 16:22,47.67,68.3,1003.5,3.9,0.42,442.7,17.0,Heatwave
47.562,-83.1939,2022-08-26 02:28,17.89,82.1,969.8,103.2,28.21,641.5,42.3,Storm
36.8608,-74.7578,2021-06-17 06:57,13.6,89.1,980.0,30.9,173.03,141.6,55.2,Flood
33.0331,-88.0708,2020-05-01 03:11,28.26,86.1,989.0,19.3,87.5,161.0,55.1,Flood
31.3162,-79.7625,2022-02-13 06:35,26.56,88.7,969.7,38.1,71.14,1232.4,54.4,Heavy Rains
48.3808,-84.8547,2016-03-19 14:05,17.93,76.1,973.6,31.1,79.65,382.3,36.8,Heavy Rains
35.7333,-93.5092,2018-05-13 06:37,23.69,85.8,965.2,91.8,57.56,792.9,27.4,Storm
29.4522,-101.4444,2022-05-12 17:02,18.48,78.7,964.0,51.6,45.84,137.0,53.1,Heavy Rains
37.0934,-85.4242,2016-12-29 15:45,40.04,69.7,1012.0,8.0,3.34,334.0,20.0,Heatwave
36.5853,-89.8808,2021-12-20 03:40,26.62,60.0,950.8,156.4,16.27,730.2,36.7,Storm
34.3551,-119.2852,2024-02-03 10:34,14.96,66.8,941.8,97.2,32.97,186.5,23.6,Storm
28.72,-88.5064,2020-04-21 14:48,21.27,97.3,979.3,27.8,61.19,864.4,57.9,Heavy Rains
48.3891,-78.3497,2021-04-16 10:38,47.36,88.3,1006.7,2.5,3.51,247.2,11.8,Heatwave
41.1591,-124.2809,2020-05-22 03:09,5.5,22.6,1033.4,47.8,8.7,1124.4,28.0,Normal
45.7093,-83.7839,2015-04-10 02:20,17.47,93.6,979.1,23.6,96.6,747.1,53.5,Heavy Rains
25.5544,-83.517,2024-07-30 14:47,45.31,59.1,1004.2,1.4,0.32,703.0,16.0,Heatwave
40.7487,-123.1561,2021-08-30 14:51,22.31,89.6,945.7,108.5,42.03,470.4,20.2,Storm
30.6199,-72.7654,2018-03-30 15:36,44.38,82.2,1008.0,4.2,0.72,528.2,9.4,Heatwave
41.1562,-74.6825,2019-04-28 06:13,24.66,69.3,969.1,122.9,43.57,883.3,48.9,Storm
26.8778,-73.4998,2015-08-18 07:47,20.47,81.9,971.8,97.8,16.31,270.9,47.5,Storm
26.8027,-107.422,2019-01-30 09:26,15.34,99.5,969.8,52.0,110.21,1400.5,48.9,Heavy Rains
34.4704,-89.9138,2021-05-28 11:17,23.18,95.6,999.3,40.4,99.3,113.1,53.9,Flood
44.5925,-82.9884,2024-01-22 06:53,15.94,80.0,964.3,57.9,45.53,492.1,37.1,Heavy Rains
37.5116,-82.9979,2019-06-27 19:02,21.02,39.3,1023.2,18.1,23.65,1884.3,9.7,Normal
40.4161,-99.3515,2018-07-22 15:08,46.9,86.4,1016.0,2.5,4.83,346.1,23.2,Heatwave
29.841,-87.5576,2015-02-13 14:12,39.3,79.4,1012.9,3.2,0.85,28.8,9.8,Heatwave
43.0644,-76.4697,2019-07-22 07:57,15.74,50.4,1001.5,7.8,27.47,164.1,33.2,Normal
30.451,-98.9263,2016-01-23 03:07,23.26,82.4,986.2,33.8,77.71,1477.3,36.9,Heavy Rains
42.3879,-71.951,2015-06-04 16:39,44.91,67.2,1024.1,0.8,3.87,140.2,14.9,Heatwave
29.8566,-108.4759,2017-03-11 09:28,25.79,84.2,951.9,148.0,37.46,599.2,47.7,Storm
45.5805,-111.9846,2022-04-19 22:29,17.66,99.5,968.0,32.5,100.73,1113.3,56.1,Heavy Rains
26.0987,-115.6431,2016-03-11 12:52,45.45,84.1,1002.7,8.6,0.94,744.2,12.9,Heatwave
29.4825,-124.1625,2024-10-14 02:35,25.39,81.6,978.2,127.9,57.05,940.7,43.5,Storm
25.5738,-94.1319,2019-08-07 10:21,39.01,81.6,1021.2,10.2,0.52,423.9,9.8,Heatwave
41.6036,-115.1019,2016-12-26 12:06,42.49,79.4,1022.1,7.1,1.92,783.6,23.3,Heatwave
42.7155,-68.5258,2023-07-04 08:27,23.92,71.4,941.4,89.8,19.58,460.7,21.8,Storm
42.3289,-77.354,2019-11-02 19:03,17.32,78.5,941.2,104.7,56.33,523.3,31.8,Storm
41.668,-83.3356,2021-06-17 15:53,14.87,94.5,993.0,34.1,131.13,8.0,59.4,Flood
41.7263,-111.2382,2019-07-06 09:07,16.74,96.5,985.1,40.4,97.39,143.7,51.7,Flood
44.8013,-81.7042,2016-08-15 09:54,24.16,86.6,947.2,95.8,44.16,15.4,30.3,Storm
42.6775,-106.0654,2017-01-04 16:51,45.03,84.7,1006.2,2.2,3.51,306.0,5.8,Heatwave
29.5634,-88.6631,2016-11-17 18:47,25.46,99.4,982.3,57.6,115.03,1182.1,47.8,Heavy Rains
47.5371,-107.8902,2018-05-30 20:10,16.14,80.0,969.1,137.2,17.89,513.4,35.0,Storm
32.1795,-94.9851,2024-05-04 00:42,25.31,71.0,960.1,134.5,58.47,951.4,25.5,Storm
45.8908,-107.3438,2016-06-16 22:42,19.5,92.1,1003.2,39.4,142.78,136.3,53.5,Flood
43.1034,-83.2342,2023-08-01 01:46,3.66,26.7,1029.1,26.2,16.72,1882.8,12.2,Normal
40.7968,-74.8484,2024-01-12 03:20,8.17,48.4,1023.8,38.4,13.2,3167.7,17.5,Normal
47.7816,-70.8863,2017-12-03 01:51,22.41,57.7,967.5,112.4,45.08,499.5,20.8,Storm
43.7941,-82.707,2016-05-05 05:38,18.64,26.4,1032.9,42.9,17.94,1194.4,6.9,Normal
26.592,-120.164,2019-09-06 04:49,24.62,84.2,971.8,40.9,105.51,1379.8,42.0,Heavy Rains
29.7106,-98.8431,2019-02-02 06:44,2.29,57.7,1020.3,38.0,7.32,2183.2,5.5,Normal
36.2062,-109.2902,2022-04-03 02:26,19.72,69.8,963.1,93.4,41.99,894.3,45.8,Storm
44.3386,-95.8241,2024-02-09 03:32,20.16,58.8,956.6,120.9,28.16,869.4,34.9,Storm
33.2407,-102.2759,2022-01-24 18:34,24.55,58.7,954.9,143.2,39.02,265.2,29.5,Storm
38.904,-90.3537,2016-07-13 14:17,21.29,60.0,964.1,116.7,59.48,304.5,42.9,Storm
38.8019,-87.7995,2016-06-11 02:35,15.14,95.1,977.5,16.2,119.34,192.3,52.5,Flood
30.0177,-117.4402,2024-04-11 14:03,24.92,80.6,964.0,25.3,113.42,346.0,49.4,Heavy Rains
37.3999,-103.5493,2015-11-15 13:33,42.65,87.9,1008.6,11.1,4.44,5.3,22.6,Heatwave
40.7824,-104.7645,2017-10-13 10:36,47.85,82.4,1010.0,10.5,4.83,344.4,5.2,Heatwave
48.6152,-85.6943,2021-03-03 22:42,24.2,20.3,1031.9,48.6,21.69,1622.7,35.7,Normal
36.4339,-81.6852,2022-08-14 23:50,14.73,98.0,980.2,54.6,171.92,83.6,51.6,Flood
44.0607,-106.9009,2022-11-28 17:42,26.75,92.5,1003.5,41.4,113.28,116.7,58.8,Flood
37.202,-90.4066,2015-07-27 02:15,23.09,77.1,975.8,24.2,64.59,845.9,54.0,Heavy Rains
45.7649,-101.5089,2017-05-23 04:38,14.63,88.5,969.9,116.0,47.97,959.3,43.8,Storm
46.8366,-70.5415,2021-11-17 20:21,25.85,76.6,946.8,125.9,30.57,750.0,47.3,Storm
48.3997,-119.8798,2023-10-05 22:15,27.3,60.8,961.0,111.0,27.06,383.5,49.1,Storm
45.204,-121.9034,2023-03-27 14:48,46.38,58.0,1011.6,6.7,2.38,758.6,23.4,Heatwave
26.5182,-83.3616,2019-05-01 15:02,16.51,63.8,942.8,98.1,43.18,67.3,22.6,Storm
36.6893,-82.7788,2022-01-12 19:07,11.99,39.9,1011.8,47.4,26.93,269.2,28.3,Normal
34.3509,-104.4401,2023-04-18 11:00,47.49,73.3,1019.0,1.4,0.44,344.8,16.1,Heatwave
31.0093,-103.8049,2019-01-16 12:03,42.57,67.9,1017.5,3.3,3.28,563.0,5.0,Heatwave
30.8199,-77.8142,2019-09-21 01:47,12.76,99.2,996.1,28.9,88.03,192.0,54.3,Flood
29.601,-93.6217,2016-06-07 08:57,27.54,97.1,1002.2,58.8,187.91,89.2,57.5,Flood
42.4041,-94.6953,2016-02-19 13:12,43.74,65.7,1015.6,2.5,3.75,332.1,7.1,Heatwave
46.2588,-85.0549,2019-07-05 09:46,24.85,98.2,975.2,24.0,145.7,183.2,57.3,Flood
42.65,-74.5836,2017-07-26 10:14,17.74,79.4,968.5,150.0,38.95,461.2,30.5,Storm
47.5302,-100.3448,2024-07-29 13:17,12.43,90.4,989.9,35.9,90.0,143.5,51.4,Flood
35.0294,-96.9452,2024-10-27 19:14,24.59,51.6,1021.5,29.2,6.47,2396.9,14.4,Normal
48.9597,-86.2134,2018-09-30 15:57,10.11,61.3,968.7,107.1,44.79,657.7,28.9,Storm
40.8892,-88.8537,2016-07-23 20:22,14.69,54.2,1019.3,22.8,21.1,552.7,6.1,Normal
40.1566,-106.3876,2018-09-16 04:42,25.23,92.9,975.6,32.6,89.54,1350.1,40.2,Heavy Rains
30.7431,-115.9724,2023-12-18 10:35,42.67,64.8,1021.0,1.6,4.74,518.2,8.1,Heatwave
34.0883,-103.3054,2016-10-16 12:58,42.02,90.0,1021.6,2.3,0.72,615.3,6.0,Heatwave
26.5368,-72.4159,2018-07-21 15:25,25.64,40.0,1013.8,20.3,6.59,492.2,35.2,Normal
28.1056,-110.3522,2018-12-19 22:06,26.22,63.5,1032.0,22.8,13.01,941.5,17.8,Normal
43.0958,-115.7367,2023-02-06 01:11,19.92,76.5,960.9,131.9,52.74,228.6,39.9,Storm
42.5383,-119.1617,2016-01-01 15:23,46.93,61.3,1019.3,10.5,0.67,794.4,7.9,Heatwave
41.5589,-73.4905,2015-08-12 17:53,44.81,59.5,1012.5,2.5,2.93,715.5,15.9,Heatwave
27.509,-111.5301,2018-02-03 15:42,15.67,85.0,977.0,142.9,44.39,324.0,20.4,Storm
38.6308,-124.9168,2019-09-16 06:11,16.63,82.7,982.9,31.3,105.34,900.0,49.5,Heavy Rains
37.6261,-77.5873,2024-05-20 09:08,15.97,90.2,967.8,49.0,97.5,189.4,48.9,Heavy Rains
37.9976,-121.2768,2016-10-28 19:00,25.13,86.2,991.6,41.9,88.72,53.6,59.8,Flood
39.0563,-91.7378,2022-06-09 00:33,25.34,83.6,1002.6,22.3,142.28,18.8,54.0,Flood
39.2306,-70.7334,2023-02-02 01:49,24.89,92.2,987.3,41.9,66.01,929.7,43.6,Heavy Rains
25.1577,-68.8895,2018-05-21 13:54,41.83,86.1,1023.6,11.5,4.6,409.0,16.4,Heatwave
33.9821,-90.8257,2022-10-15 20:15,28.42,95.3,992.6,52.7,118.83,29.6,53.2,Flood
42.7674,-95.662,2022-02-11 22:55,17.13,71.6,951.2,152.9,52.92,345.3,25.2,Storm
32.547,-124.6138,2021-07-31 19:03,25.68,84.0,963.6,64.0,91.04,818.2,51.8,Heavy Rains
31.6288,-98.885,2024-08-09 10:50,45.3,78.9,1019.5,1.6,0.75,453.3,16.7,Heatwave
45.5068,-122.2688,2024-03-26 02:24,22.92,90.3,968.4,33.2,90.49,1293.9,42.4,Heavy Rains
26.701,-71.978,2023-01-19 13:41,43.42,90.7,1002.0,11.2,0.3,446.4,23.8,Heatwave
28.8266,-101.1165,2023-10-26 18:12,18.73,83.8,966.8,62.7,55.53,632.1,51.7,Heavy Rains
27.4607,-70.4472,2019-02-28 16:24,12.45,47.6,1025.6,25.4,23.28,1266.9,15.1,Normal
36.7674,-123.4423,2022-09-06 01:31,26.39,77.2,967.6,24.1,63.4,1254.4,49.5,Heavy Rains
43.7919,-99.8048,2018-05-04 05:20,20.7,57.7,1026.2,49.6,18.99,1360.1,29.6,Normal
41.7012,-73.9017,2018-05-09 15:31,39.76,80.7,1018.4,2.0,0.97,575.8,16.9,Heatwave
25.938,-102.1878,2020-02-22 17:38,26.23,55.6,961.2,105.3,52.51,358.6,23.1,Storm
47.3127,-100.1104,2022-06-07 09:38,31.08,61.5,1008.5,15.8,12.62,1147.7,22.9,Normal
29.5646,-78.5716,2022-10-12 15:43,20.65,90.3,977.2,31.9,143.57,111.9,54.5,Flood
27.9209,-81.8734,2020-10-16 03:31,26.11,84.0,989.9,38.7,60.77,181.6,46.7,Heavy Rains
46.134,-121.1942,2021-04-03 23:53,34.26,62.7,1008.9,24.7,12.63,628.3,37.7,Normal
45.3073,-98.2805,2020-08-19 15:11,46.67,75.2,1003.4,2.7,0.16,611.6,5.3,Heatwave
42.4242,-91.6469,2021-06-13 22:52,2.49,45.1,1006.6,18.9,13.79,2099.2,18.2,Normal
42.2122,-89.9722,2015-03-18 01:47,23.68,75.1,949.6,142.2,39.24,177.6,24.8,Storm
33.0683,-97.6859,2017-06-27 16:27,22.88,86.1,983.1,24.0,125.37,83.2,53.9,Flood
31.2278,-76.5717,2022-01-15 17:51,16.26,84.2,981.1,47.7,83.47,781.5,57.8,Heavy Rains
43.4903,-73.3675,2021-02-14 15:21,24.53,59.7,963.1,142.4,37.4,98.5,30.9,Storm
34.1997,-115.7661,2017-01-11 05:21,14.67,81.3,966.7,115.2,21.64,450.9,36.7,Storm
35.9735,-111.2785,2020-09-01 15:03,39.45,75.3,1022.1,9.2,2.35,429.4,21.9,Heatwave
31.1507,-113.841,2021-10-24 08:25,16.79,82.1,960.9,47.2,93.86,792.1,44.3,Heavy Rains
30.2183,-106.1923,2017-07-01 16:47,5.92,56.1,1005.7,28.8,19.12,2919.2,38.7,Normal
38.5976,-124.4382,2022-05-28 10:39,25.79,82.1,967.2,29.9,90.27,1140.0,56.3,Heavy Rains
32.8164,-93.0816,2019-04-16 06:51,18.22,87.6,985.7,24.8,63.24,522.0,46.0,Heavy Rains
36.0755,-114.1981,2021-11-25 01:41,18.13,60.6,944.3,125.5,32.13,41.3,35.3,Storm
39.2575,-90.0609,2021-11-01 18:44,19.48,77.8,960.0,99.9,48.09,19.9,26.6,Storm
25.9002,-88.6823,2015-11-23 09:39,33.83,49.6,1013.3,39.1,29.96,592.6,27.4,Normal
27.1068,-87.6798,2015-04-11 20:10,13.4,38.1,1020.7,9.2,12.97,1553.5,34.1,Normal
44.3795,-73.9729,2024-09-20 07:06,15.89,76.1,969.1,158.2,41.98,154.8,23.8,Storm
40.6129,-81.9131,2020-05-09 14:20,41.57,58.3,1019.2,9.1,1.16,590.9,22.0,Heatwave
41.8987,-122.8048,2024-10-27 11:28,43.11,90.2,1021.9,3.4,2.69,787.1,5.8,Heatwave
38.2017,-104.9346,2019-07-01 06:26,28.51,82.0,983.1,48.4,94.82,1045.9,49.6,Heavy Rains
38.7162,-69.113,2018-07-08 03:16,27.65,94.4,972.0,26.7,89.07,1171.1,54.5,Heavy Rains
41.4643,-123.7636,2017-09-03 03:16,22.4,55.0,956.5,99.2,49.25,175.2,28.4,Storm
33.2182,-90.5509,2018-07-23 06:44,24.83,82.3,988.6,37.3,194.08,29.0,52.9,Flood
47.978,-106.8567,2020-08-29 21:21,22.7,99.6,996.2,23.7,161.16,64.0,52.9,Flood
48.2974,-81.1243,2019-03-04 01:09,17.06,89.1,980.0,56.2,166.86,56.8,59.8,Flood
41.3295,-84.5202,2019-09-28 20:19,18.07,97.0,982.1,32.3,96.77,653.0,44.5,Heavy Rains
47.5953,-113.6952,2019-06-13 13:06,45.27,67.8,1017.1,11.3,3.98,452.7,5.8,Heatwave
32.5484,-106.5734,2015-12-27 16:55,43.63,94.5,1016.4,7.6,2.07,150.1,12.2,Heatwave
39.9486,-91.158,2019-08-25 00:59,11.82,26.9,1004.7,36.2,6.6,1658.2,20.8,Normal
37.6674,-99.4965,2023-11-26 06:21,19.48,86.9,980.0,44.8,112.03,247.9,36.1,Heavy Rains
47.2175,-101.1434,2023-07-12 16:04,-2.34,29.3,1033.7,23.5,28.03,1584.9,21.7,Normal
43.4056,-115.436,2017-11-15 11:49,46.37,93.6,1002.7,0.4,1.56,541.9,24.2,Heatwave
47.8868,-100.7815,2017-06-02 19:53,26.92,82.0,967.8,29.6,100.01,1169.1,35.5,Heavy Rains
41.0518,-105.6404,2022-04-01 06:13,23.03,62.8,961.0,148.8,16.96,573.9,45.6,Storm
27.7211,-114.9786,2018-10-07 13:23,13.54,91.9,991.3,29.1,182.19,137.0,54.9,Flood
43.266,-115.7036,2023-08-22 05:24,11.01,26.4,1016.4,38.8,14.46,1958.5,7.3,Normal
28.3024,-108.6479,2016-08-21 17:44,46.48,85.6,1011.7,8.6,4.53,15.2,9.3,Heatwave
44.4401,-112.9691,2024-10-09 02:47,29.64,85.2,995.2,31.7,87.06,78.6,51.1,Flood
29.6474,-80.7814,2021-12-30 06:56,12.92,84.7,955.4,97.2,34.2,7.2,36.1,Storm
37.083,-117.8211,2024-03-30 21:05,20.31,42.5,1032.5,20.1,19.51,1333.6,26.6,Normal
43.0581,-70.8487,2023-12-09 01:02,22.16,70.0,951.9,112.6,44.35,338.5,24.4,Storm
32.6714,-104.1936,2019-10-02 21:59,25.93,90.4,993.0,21.1,130.46,107.1,55.1,Flood
30.0551,-105.4558,2021-10-13 14:32,43.4,91.3,1021.2,1.3,2.12,221.3,5.1,Heatwave
32.7345,-115.9332,2016-11-12 12:05,31.93,46.4,1027.6,27.3,24.18,513.6,16.7,Normal
29.5338,-93.0677,2015-06-03 00:08,18.83,62.5,950.3,121.5,24.38,134.3,45.7,Storm
48.6828,-124.9096,2017-07-09 14:34,15.83,69.0,971.9,153.7,27.1,618.6,21.3,Storm
40.6536,-101.3484,2023-07-18 23:06,25.92,81.5,974.5,96.7,59.45,354.8,41.5,Storm
39.9384,-104.9893,2019-03-29 04:33,23.96,61.2,968.1,130.1,23.39,726.3,45.7,Storm
38.6529,-105.3214,2022-06-24 22:37,22.45,75.4,962.9,63.6,53.9,449.4,44.7,Heavy Rains
26.3548,-111.079,2018-12-09 07:41,16.24,81.7,995.6,53.4,98.16,33.8,55.8,Flood
38.8464,-102.6553,2022-01-30 20:58,15.2,91.1,1003.5,20.2,95.73,87.0,56.7,Flood
26.0427,-94.0909,2019-11-02 03:54,2.19,46.1,1017.1,27.7,23.14,1700.7,26.5,Normal
48.7624,-71.9794,2016-07-30 13:07,20.43,79.0,966.9,42.3,49.52,918.6,36.4,Heavy Rains
36.571,-81.1857,2023-12-31 15:37,46.24,91.4,1020.9,8.1,2.13,203.6,20.3,Heatwave
26.5783,-124.4458,2024-04-19 12:18,27.23,76.8,977.8,143.0,15.55,690.0,37.4,Storm
42.8762,-79.8341,2021-06-03 12:29,-1.0,49.7,1017.6,26.3,2.08,692.8,14.2,Normal
44.2659,-101.4273,2018-05-09 03:06,-0.7,41.8,1034.8,23.6,9.2,1573.5,15.1,Normal
36.1323,-104.3857,2020-08-10 08:48,21.74,73.6,965.0,102.2,44.91,61.2,22.9,Storm
48.8575,-99.1541,2023-01-04 18:07,21.02,55.1,960.3,142.6,40.57,90.0,27.6,Storm
39.6988,-89.3451,2022-08-09 13:26,41.16,62.0,1024.3,12.7,1.65,433.8,9.1,Heatwave
45.5312,-92.4747,2015-04-29 02:04,-2.6,31.0,1010.8,49.5,19.97,2885.7,7.7,Normal
40.2751,-68.1988,2020-08-05 22:59,28.96,94.6,987.5,18.1,143.17,96.5,55.1,Flood
37.4779,-105.119,2019-10-24 18:19,26.19,60.2,1034.3,38.5,25.4,3051.4,36.9,Normal
33.9593,-68.8374,2016-08-06 07:34,29.05,99.2,991.7,12.1,178.45,191.3,56.6,Flood
25.304,-117.1789,2016-05-04 10:10,43.47,69.5,1012.9,11.5,1.3,297.5,20.0,Heatwave
39.4807,-123.4702,2022-09-23 06:04,28.23,87.7,981.2,24.6,145.31,90.5,54.3,Flood
32.0047,-84.7915,2023-01-14 16:53,43.34,74.4,1011.4,2.0,0.95,479.5,19.9,Heatwave
36.6171,-80.9461,2023-09-22 11:08,17.6,50.7,1017.1,22.1,8.76,2976.5,30.9,Normal
48.1234,-86.5194,2021-03-19 07:48,21.09,95.7,984.1,30.3,94.65,126.5,52.8,Flood
44.7741,-75.2435,2018-07-19 22:34,20.11,40.2,1023.5,27.6,24.3,3445.5,25.3,Normal
30.6055,-80.794,2019-04-18 10:20,45.7,83.5,1020.3,5.4,3.32,656.6,24.6,Heatwave
26.786,-103.7169,2017-09-22 04:36,27.02,94.5,985.9,20.4,46.01,1220.1,55.0,Heavy Rains
28.9802,-95.6942,2022-09-03 17:10,40.61,93.0,1016.5,13.5,3.68,386.8,12.2,Heatwave
31.2607,-99.9021,2024-06-28 02:05,-3.95,54.1,1027.9,13.0,28.54,2505.4,38.1,Normal
42.5797,-87.809,2022-10-10 12:12,-4.96,47.1,1000.3,45.4,4.39,168.2,10.0,Normal
39.5591,-75.3876,2019-03-20 21:24,15.63,77.7,985.1,48.9,52.39,187.6,57.2,Heavy Rains
47.6039,-82.2911,2023-03-09 21:01,16.39,80.0,968.3,59.1,83.35,132.2,53.9,Heavy Rains
38.1767,-87.1723,2021-11-19 10:20,13.26,53.4,1024.8,11.9,24.01,1139.4,36.0,Normal
42.2492,-81.7141,2022-01-11 10:39,39.62,80.6,1023.0,14.0,3.73,347.2,7.0,Heatwave
47.3927,-72.7246,2022-05-11 15:04,44.02,93.0,1003.0,4.4,4.4,581.7,20.3,Heatwave
36.639,-101.6583,2019-09-27 15:32,-4.26,62.7,1009.7,40.1,6.56,3407.5,30.7,Normal
30.1219,-87.3066,2021-07-04 09:49,16.74,80.9,989.7,45.2,69.64,840.3,39.6,Heavy Rains
41.9386,-95.4351,2015-09-13 15:42,43.31,70.7,1023.9,6.4,2.67,437.0,18.5,Heatwave
35.2532,-105.0017,2022-01-12 04:01,21.79,64.3,960.8,113.1,37.4,429.4,42.5,Storm
35.9893,-78.8152,2020-09-09 01:44,24.82,77.3,987.7,30.6,85.8,699.0,46.0,Heavy Rains
27.2244,-90.3522,2024-02-08 00:13,32.09,63.6,1032.2,27.4,0.07,626.2,33.1,Normal
43.7515,-123.0165,2022-08-09 11:15,46.01,70.3,1009.6,7.9,3.03,543.2,24.0,Heatwave
46.4924,-72.5971,2018-10-28 04:02,-1.23,55.1,1023.4,1.5,11.64,1235.8,29.5,Normal
37.3544,-84.5234,2021-03-27 14:39,13.37,87.1,956.9,107.6,26.12,525.2,21.5,Storm
35.134,-123.8066,2019-11-05 22:47,13.03,55.1,940.2,155.2,48.66,539.2,25.8,Storm
36.585,-119.7674,2023-03-13 09:45,11.66,91.2,1001.2,43.0,169.56,41.0,51.7,Flood
34.4018,-116.0255,2016-09-12 22:21,11.63,86.5,951.0,117.8,42.01,867.0,41.7,Storm
29.2273,-95.2604,2019-11-19 14:39,46.27,77.0,1012.1,6.1,3.66,214.7,22.0,Heatwave
43.0343,-92.3595,2020-04-12 06:19,22.24,60.9,960.1,131.3,53.15,755.9,49.6,Storm
29.1126,-94.9652,2022-05-31 19:56,18.67,94.2,978.6,54.1,100.04,37.7,55.8,Flood
44.3264,-123.3532,2020-09-05 04:15,25.43,67.9,971.2,150.7,50.25,854.3,25.5,Storm
36.016,-112.5621,2018-11-29 14:43,43.69,80.3,1014.6,0.1,5.0,773.2,21.8,Heatwave
40.7266,-84.1089,2022-09-16 09:42,10.23,23.1,1010.4,19.5,11.44,1729.8,12.2,Normal
44.0189,-122.994,2023-08-19 11:11,21.85,90.4,988.4,25.5,89.38,735.7,36.4,Heavy Rains
48.7687,-83.8605,2023-12-11 20:21,27.05,67.6,949.4,112.8,36.25,857.2,31.8,Storm
41.0053,-79.4242,2021-06-07 23:58,28.45,86.8,978.4,33.9,89.61,134.9,52.1,Flood
48.608,-80.6044,2024-08-20 17:33,39.7,90.7,1002.2,6.6,3.71,768.3,6.6,Heatwave
45.4209,-79.492,2015-06-04 19:44,25.94,91.6,976.3,63.9,89.87,1052.5,46.7,Heavy Rains
44.4767,-96.7447,2020-10-16 04:57,21.44,74.0,945.2,129.4,39.31,644.4,45.0,Storm
32.171,-116.454,2022-04-22 13:57,39.51,89.4,1020.3,5.7,1.6,111.9,5.5,Heatwave
36.8717,-100.7409,2020-03-12 08:34,21.57,80.6,964.1,126.7,47.06,321.2,29.7,Storm
30.5915,-72.5669,2018-01-15 11:01,17.06,97.5,973.2,57.5,73.13,693.7,52.1,Heavy Rains
39.9967,-115.4961,2016-09-30 11:36,21.47,99.9,960.7,63.8,86.73,761.6,40.4,Heavy Rains
28.329,-87.5282,2022-10-08 13:23,0.85,43.3,1010.9,26.9,7.92,3111.4,36.6,Normal
36.1974,-90.4364,2019-03-31 02:07,23.73,33.2,1000.8,14.3,7.76,3133.6,23.2,Normal
29.8417,-110.7671,2023-08-09 07:12,11.83,88.4,1004.7,26.9,107.1,133.1,53.0,Flood
44.5457,-121.2156,2018-05-06 06:08,19.53,41.6,1026.5,25.3,6.25,416.6,25.4,Normal
38.2352,-90.0568,2023-08-03 15:26,44.77,60.3,1013.1,0.9,4.18,103.8,22.5,Heatwave
28.1985,-87.7556,2019-07-14 12:23,-3.96,37.2,1000.3,1.1,1.29,1029.2,40.0,Normal
42.7175,-93.8106,2018-09-28 17:06,1.19,45.5,1027.6,26.1,11.61,2294.8,31.7,Normal
37.9809,-111.784,2017-11-03 20:40,17.21,34.4,1008.4,19.3,7.77,2646.2,20.9,Normal
29.2798,-92.8714,2018-02-20 04:51,20.45,92.9,986.5,38.8,183.14,120.4,59.7,Flood
29.958,-121.0283,2020-03-03 10:59,22.55,82.5,959.4,113.4,33.09,915.0,22.4,Storm
36.1283,-120.0499,2024-05-18 18:14,16.88,55.2,941.8,157.4,56.93,143.6,34.6,Storm
42.9591,-73.4979,2017-05-10 15:13,42.71,81.2,1012.8,2.3,1.1,667.8,8.9,Heatwave
43.6019,-100.1184,2019-09-04 06:08,12.37,62.8,963.0,152.0,19.56,100.8,41.6,Storm
40.397,-105.2393,2016-02-27 09:38,16.94,38.5,1031.2,13.0,14.42,1975.0,38.0,Normal
48.6728,-71.4788,2022-06-13 23:52,24.73,86.3,979.5,32.9,101.96,172.0,52.0,Flood
41.393,-89.3551,2021-04-06 04:59,20.06,75.2,979.9,64.2,56.26,465.7,38.0,Heavy Rains
47.8016,-74.1556,2019-03-09 13:01,45.09,80.4,1006.2,9.7,1.72,103.1,12.7,Heatwave
48.5426,-85.158,2017-06-10 18:43,18.72,75.1,961.1,105.8,59.88,789.6,27.7,Storm
33.2357,-122.403,2020-06-07 22:47,31.05,60.6,1027.8,21.7,14.15,2460.5,25.6,Normal
32.9159,-102.6942,2022-11-07 10:32,45.37,86.1,1012.0,5.7,3.64,649.8,6.4,Heatwave
28.5932,-114.6018,2019-09-02 23:08,24.96,94.0,984.0,30.6,123.79,155.5,57.3,Flood
31.6347,-90.2113,2015-11-22 10:04,18.81,85.2,998.6,23.0,141.92,45.3,52.6,Flood
26.3467,-105.4666,2016-02-20 17:23,21.57,82.1,974.2,59.6,50.55,1466.9,51.8,Heavy Rains
26.0963,-118.1001,2016-08-15 02:22,25.16,82.1,959.0,113.4,59.69,563.0,33.7,Storm
30.9861,-82.9599,2020-06-25 10:20,5.39,62.2,1025.0,14.2,19.24,437.3,26.7,Normal
38.009,-81.8632,2019-02-11 17:34,40.97,72.6,1018.4,9.2,1.24,699.8,5.6,Heatwave
37.5249,-79.4885,2016-02-13 05:09,8.47,40.4,1011.5,20.2,0.13,445.9,6.3,Normal
29.7753,-117.3918,2016-10-15 04:39,24.28,55.3,940.6,109.8,40.81,107.8,26.1,Storm
36.6676,-87.0462,2018-08-29 16:53,20.97,89.2,992.0,54.9,120.25,157.1,53.0,Flood
35.8734,-107.1936,2017-12-24 02:28,15.17,89.0,963.1,26.4,118.59,565.6,52.5,Heavy Rains
29.0235,-112.8359,2019-08-09 23:41,26.48,48.7,1015.5,15.0,13.95,880.7,33.2,Normal
26.9056,-83.3963,2016-05-07 14:05,26.49,74.5,952.4,100.7,51.7,657.9,42.2,Storm
46.4241,-107.0141,2019-11-20 15:48,29.0,91.1,1002.7,41.8,135.6,37.6,51.5,Flood
48.2172,-108.1769,2020-05-27 15:51,40.04,93.6,1003.5,13.5,4.3,579.4,24.6,Heatwave
47.209,-121.3842,2021-04-21 04:21,17.36,35.8,1012.4,33.8,20.67,2226.1,15.5,Normal
29.6637,-85.1932,2020-10-05 11:32,-2.94,24.5,1024.4,24.0,7.3,1092.1,25.4,Normal
30.6942,-123.3577,2023-04-23 11:08,10.42,64.2,946.2,100.0,57.42,757.0,37.1,Storm
33.2055,-68.7989,2020-01-10 03:37,12.38,68.8,943.0,102.2,36.67,232.1,32.0,Storm
32.0974,-102.1101,2015-12-23 06:15,-1.65,59.7,1012.5,9.8,1.62,219.7,12.8,Normal
42.8933,-123.7186,2022-05-23 14:40,47.03,68.5,1004.8,3.9,1.6,352.9,7.4,Heatwave
43.2197,-120.7049,2023-07-11 17:29,45.79,85.6,1011.2,12.9,2.82,508.2,17.5,Heatwave
39.3389,-111.8179,2022-10-22 03:36,21.69,61.5,955.3,88.7,47.25,430.4,24.0,Storm
28.9745,-120.606,2019-12-07 14:13,40.35,62.1,1015.1,11.4,3.31,331.7,11.6,Heatwave
47.7688,-102.6787,2022-11-15 10:11,44.42,91.9,1024.2,3.1,2.83,749.4,7.8,Heatwave
46.2515,-109.0401,2023-02-01 01:05,18.74,77.8,975.6,123.8,22.24,261.8,33.6,Storm
40.9733,-69.2527,2015-05-23 04:23,18.97,99.5,991.0,16.1,87.87,185.3,57.9,Flood
47.2743,-88.1054,2018-01-11 20:18,0.01,41.2,1030.2,48.1,18.79,2523.5,24.9,Normal
40.5362,-90.2841,2021-04-18 14:43,39.97,58.5,1024.7,9.0,4.31,208.9,19.2,Heatwave
31.4435,-90.7806,2020-05-05 02:48,18.45,87.4,980.6,41.5,95.69,102.2,59.8,Flood
41.4817,-114.9026,2015-08-10 20:01,17.31,76.7,975.9,108.6,56.4,268.0,48.2,Storm
42.6224,-83.7559,2017-06-09 17:11,43.39,91.1,1017.6,11.5,0.48,513.8,5.7,Heatwave
38.8704,-113.847,2021-11-26 15:19,44.13,91.6,1007.6,13.2,2.17,786.1,11.9,Heatwave
48.8073,-69.4089,2023-01-05 00:43,26.9,97.0,991.2,12.2,111.99,21.7,55.6,Flood
29.1585,-115.4308,2021-09-23 11:14,4.27,37.3,1019.9,4.6,1.96,2879.5,32.4,Normal
36.9281,-91.4122,2017-07-01 23:51,25.35,40.0,1023.5,4.3,28.39,2657.5,39.6,Normal
42.1581,-94.9641,2021-07-07 22:51,24.97,94.1,982.1,10.1,199.3,3.4,56.0,Flood
42.3834,-117.1744,2016-02-15 00:38,11.99,87.7,978.3,10.7,180.51,186.0,52.2,Flood
28.727,-116.7494,2018-05-25 08:44,17.21,31.3,1019.0,19.6,21.73,855.1,21.2,Normal
39.8308,-122.174,2024-10-08 03:41,10.77,93.7,1000.8,39.0,89.82,142.8,51.5,Flood
48.7187,-100.1826,2015-11-17 12:53,44.36,68.5,1018.2,11.3,0.44,445.1,16.0,Heatwave
38.0876,-77.7046,2023-01-24 08:39,26.09,66.6,949.0,107.9,16.61,920.8,41.0,Storm
29.5737,-91.9675,2018-06-20 22:21,26.68,82.5,998.9,38.3,176.14,69.1,52.0,Flood
27.0171,-119.6094,2016-12-18 23:09,24.49,85.8,968.2,63.7,96.67,403.9,54.0,Heavy Rains
45.3687,-115.5203,2023-06-14 17:30,40.92,71.6,1001.5,5.3,4.93,212.2,20.7,Heatwave
39.2664,-112.013,2018-03-29 10:58,18.59,79.8,989.2,28.6,70.12,1030.3,41.4,Heavy Rains
27.8288,-106.0695,2016-12-18 07:04,18.93,48.7,1013.9,6.9,26.24,3334.1,19.1,Normal
47.4815,-76.6861,2023-05-04 12:37,13.87,66.6,974.5,126.5,23.77,322.3,38.2,Storm
35.13,-119.7544,2019-05-17 00:57,21.65,87.1,951.7,91.5,19.06,840.7,49.8,Storm
40.5499,-93.021,2017-12-10 22:48,11.4,85.3,966.6,118.2,33.32,205.9,45.2,Storm
33.5377,-116.1472,2021-01-17 04:24,27.75,43.3,1010.0,25.6,12.42,3190.7,7.9,Normal
46.6727,-75.8908,2023-10-23 19:27,17.76,69.4,952.7,117.7,22.28,820.2,47.9,Storm
29.5903,-117.6393,2022-11-24 19:35,10.89,67.4,969.0,135.6,43.98,913.5,40.0,Storm
37.9026,-115.4121,2017-07-09 17:36,45.68,85.9,1013.7,1.6,0.57,620.1,21.5,Heatwave
33.1397,-90.6803,2022-09-06 22:42,19.37,97.7,996.7,29.5,132.94,187.3,56.9,Flood
43.9137,-113.1935,2016-11-20 10:22,21.08,81.2,968.7,30.4,90.03,731.1,35.6,Heavy Rains
35.6635,-117.9551,2019-09-04 14:30,45.32,64.0,1017.1,0.1,2.1,80.8,15.4,Heatwave
48.569,-119.0258,2019-05-22 05:46,13.92,56.0,960.6,110.6,34.55,536.4,43.3,Storm
40.2064,-119.5271,2019-12-27 23:31,21.78,42.0,1028.3,41.0,7.37,1018.0,24.5,Normal
40.0705,-93.7351,2024-04-16 04:42,34.3,20.0,1025.1,12.5,4.41,3051.7,35.0,Normal
37.4086,-70.5447,2017-01-13 03:50,3.59,30.9,1020.9,16.8,25.8,2377.5,16.7,Normal
47.4905,-70.6456,2024-07-26 02:49,26.56,94.0,968.1,28.1,102.37,539.4,46.5,Heavy Rains
40.4351,-105.3561,2022-06-02 05:10,4.08,28.5,1021.2,41.0,19.02,54.9,10.9,Normal
42.6356,-68.5818,2020-07-02 08:42,19.73,87.3,975.4,27.6,166.67,177.4,58.0,Flood
27.465,-73.8449,2022-05-15 16:44,17.35,51.6,1016.9,5.1,2.8,1280.3,37.5,Normal
44.675,-83.3688,2018-03-05 13:38,20.91,76.8,974.6,53.3,88.98,371.5,49.0,Heavy Rains
43.6383,-88.1159,2023-01-10 17:45,15.36,87.0,981.8,33.2,74.88,1242.4,52.7,Heavy Rains
29.4817,-115.0302,2024-08-05 09:11,27.34,82.9,956.7,151.1,46.23,473.9,32.0,Storm
33.4944,-82.5228,2023-02-24 14:19,21.38,84.8,972.5,54.3,75.31,1454.6,43.1,Heavy Rains
33.9847,-82.7488,2016-06-03 04:09,27.47,72.6,949.2,146.4,43.27,675.4,41.0,Storm
47.5647,-78.6498,2015-06-02 20:47,26.66,91.7,960.8,45.5,46.81,1421.6,37.3,Heavy Rains
31.4158,-102.3769,2018-12-22 15:25,43.13,65.5,1017.4,4.2,4.14,64.5,24.8,Heatwave
48.6673,-98.0919,2015-10-10 14:26,40.62,61.3,1016.0,10.2,4.82,299.6,22.8,Heatwave
40.3406,-103.9014,2023-02-19 07:43,22.17,94.1,980.5,59.3,176.82,99.9,53.5,Flood
37.4799,-112.4374,2017-07-23 21:42,24.04,84.0,967.3,62.8,55.39,1350.7,52.4,Heavy Rains
31.6584,-117.8148,2015-01-13 01:56,13.86,56.6,963.9,157.9,27.79,72.0,29.0,Storm
45.1433,-120.4347,2020-09-15 18:52,19.66,60.6,944.7,96.5,46.61,965.8,43.1,Storm
37.1055,-80.5679,2016-03-06 13:28,13.3,84.1,976.3,11.3,158.47,134.4,55.2,Flood
48.5449,-110.5419,2019-05-04 10:22,46.1,69.4,1018.3,8.8,3.86,588.1,11.7,Heatwave
28.7518,-112.4677,2020-04-25 16:50,46.18,77.3,1024.0,2.0,3.39,731.3,20.9,Heatwave
38.9048,-89.566,2020-01-16 04:14,-4.98,55.7,1012.0,40.2,6.52,2600.1,7.9,Normal
29.3841,-81.2066,2016-08-12 04:19,29.04,93.6,976.8,58.1,105.87,141.9,53.7,Flood
42.0728,-79.3881,2019-01-17 11:21,15.04,87.1,984.7,42.5,60.83,532.2,50.1,Heavy Rains
31.339,-122.1454,2018-04-27 12:55,39.36,67.3,1020.0,4.4,3.69,76.0,20.2,Heatwave
33.6474,-93.223,2019-01-18 14:22,39.18,60.7,1021.7,13.5,0.99,460.7,18.0,Heatwave
38.5977,-107.9522,2019-09-14 07:10,24.35,98.7,979.9,54.9,114.46,132.5,44.3,Heavy Rains
41.8332,-85.5756,2016-11-03 00:46,2.22,51.7,1017.4,45.4,25.66,1104.4,34.3,Normal
26.4373,-95.9581,2018-01-09 20:33,20.57,86.2,970.0,47.6,71.02,523.5,43.5,Heavy Rains
28.7229,-114.2566,2018-11-18 11:02,46.29,72.4,1019.2,12.4,0.08,164.9,7.0,Heatwave
40.8489,-87.21,2019-05-11 15:55,39.97,67.4,1022.1,5.4,4.9,406.8,19.2,Heatwave
29.5704,-84.8344,2024-03-02 03:04,28.84,92.4,984.0,33.7,172.51,106.2,52.4,Flood
33.3683,-83.9244,2022-09-28 12:36,14.42,67.4,971.1,89.5,15.32,333.9,29.7,Storm
33.6568,-86.6613,2017-09-04 19:26,27.23,93.0,961.2,49.1,78.02,718.1,54.9,Heavy Rains
45.7635,-102.5241,2021-12-09 10:28,33.55,48.3,1009.5,45.7,21.0,633.0,29.0,Normal
47.9685,-124.126,2018-05-26 13:47,40.06,95.0,1012.0,3.4,3.02,163.6,23.3,Heatwave
38.969,-70.5202,2016-10-13 06:07,26.99,56.0,949.7,157.4,39.35,275.9,38.6,Storm
37.1461,-123.0402,2022-12-02 23:39,26.0,83.5,940.6,106.2,46.6,661.8,24.3,Storm
41.237,-116.8482,2022-05-18 09:46,14.45,45.2,1023.4,10.6,1.9,158.4,14.2,Normal
45.7751,-110.8219,2022-01-30 13:51,31.17,59.3,1014.8,16.3,9.68,336.4,35.2,Normal
27.5578,-71.4742,2024-08-18 21:08,25.44,95.4,990.0,32.6,108.73,1472.9,57.4,Heavy Rains
30.0511,-94.4781,2020-10-25 05:53,20.71,97.2,981.9,50.1,189.73,66.0,52.9,Flood
35.7478,-99.3421,2021-06-02 09:56,26.94,69.7,947.9,151.8,34.2,990.6,27.7,Storm
44.9605,-124.3182,2015-02-04 11:33,39.94,73.4,1005.5,4.0,0.97,19.0,6.8,Heatwave
41.4155,-101.8135,2016-03-26 10:40,11.78,98.2,998.3,17.3,176.78,54.5,51.9,Flood
47.1017,-121.6041,2016-07-01 11:23,26.98,97.3,999.6,24.7,101.58,169.8,59.7,Flood
39.9661,-96.0115,2022-02-07 05:24,29.4,50.0,1028.8,3.5,19.29,1114.1,16.2,Normal
45.3031,-68.867,2019-02-09 22:10,28.79,82.2,988.5,23.1,61.38,1229.7,51.3,Heavy Rains
35.5157,-108.6954,2020-06-18 14:16,13.39,56.3,948.1,108.9,21.98,536.6,43.7,Storm
38.1929,-123.2852,2022-05-25 05:56,20.2,89.4,960.2,123.6,17.22,578.1,47.7,Storm
46.4472,-122.7968,2016-10-23 16:35,28.23,38.8,1014.6,6.0,27.48,3497.4,31.2,Normal
37.9545,-82.8973,2023-08-24 10:42,42.03,85.9,1003.3,5.3,0.81,665.1,20.4,Heatwave
33.4431,-92.9956,2016-09-21 19:25,13.99,61.4,958.3,107.3,58.69,783.7,41.9,Storm
29.1328,-102.0305,2015-06-03 16:02,42.56,90.3,1017.3,0.7,2.38,214.9,12.4,Heatwave
33.0425,-74.7955,2015-09-22 19:48,2.19,50.7,1021.8,11.5,27.7,2472.0,27.2,Normal
44.7351,-83.2327,2017-10-18 11:57,-4.15,52.2,1007.8,34.4,18.34,888.7,31.7,Normal
32.3655,-111.9886,2018-07-26 00:49,13.34,70.5,972.0,148.0,37.65,324.3,33.8,Storm
37.1061,-70.8866,2023-06-09 08:03,16.37,91.1,977.0,11.4,157.86,181.8,51.2,Flood
36.6753,-96.351,2017-03-22 03:28,21.34,84.3,981.0,47.5,178.06,38.2,59.8,Flood
41.963,-115.8379,2022-09-04 10:51,39.82,61.7,1023.1,6.1,0.32,177.4,6.6,Heatwave
45.281,-100.4393,2023-02-18 03:19,29.41,81.3,973.9,21.8,74.26,1420.9,49.5,Heavy Rains
44.2585,-71.4723,2024-06-06 11:11,10.26,93.5,995.2,29.8,145.11,134.6,52.1,Flood
41.1523,-115.4286,2015-05-06 17:11,26.68,83.6,971.2,31.3,115.07,620.1,48.7,Heavy Rains
39.6119,-124.0742,2017-02-24 19:50,4.22,55.7,1004.4,32.7,25.76,1029.2,18.2,Normal
25.7547,-88.4846,2021-01-18 02:29,12.87,60.3,946.5,155.9,39.76,651.3,43.1,Storm
34.1174,-75.8547,2021-12-15 17:21,42.88,88.1,1016.3,8.3,1.5,482.6,18.9,Heatwave
48.154,-92.713,2021-10-04 01:44,6.92,60.2,1018.2,40.1,12.87,1320.4,30.5,Normal
32.4272,-78.9084,2017-09-06 17:57,46.52,70.3,1023.7,13.8,2.31,225.4,12.6,Heatwave
32.7008,-83.4584,2024-04-05 11:12,42.98,91.6,1010.2,6.8,2.58,299.1,6.1,Heatwave
44.2849,-87.4558,2023-11-09 05:41,27.05,99.3,989.6,11.0,183.85,16.7,56.4,Flood
42.9936,-124.576,2019-08-30 10:55,21.95,78.4,962.9,43.4,102.46,909.7,45.9,Heavy Rains
34.2884,-76.1826,2018-11-11 09:10,14.35,40.5,1027.3,29.2,28.18,2861.7,30.1,Normal
26.4793,-82.1226,2021-04-30 11:05,45.01,87.5,1010.3,10.6,1.14,48.8,12.7,Heatwave
45.6233,-80.268,2021-10-16 13:32,24.87,86.0,988.8,15.0,196.47,114.7,54.4,Flood
41.7524,-70.9189,2022-03-12 02:07,20.34,89.1,963.8,148.3,54.87,109.2,44.5,Storm
27.2366,-87.4146,2016-04-26 10:57,47.44,82.5,1010.8,5.9,4.37,558.1,13.6,Heatwave
32.031,-89.2987,2017-03-22 12:27,20.66,87.3,974.7,34.5,81.31,613.8,46.4,Heavy Rains
47.6768,-115.5886,2017-09-10 01:05,24.87,91.1,989.8,53.7,195.65,84.4,55.6,Flood
34.797,-122.4018,2017-10-01 19:19,27.4,32.1,1032.1,25.6,12.34,606.8,32.9,Normal
29.6857,-94.7985,2017-06-29 13:05,25.73,57.4,947.8,146.9,38.45,600.9,25.5,Storm
30.2566,-105.315,2016-11-20 10:50,13.53,83.8,962.3,118.6,49.24,10.8,30.8,Storm
29.262,-75.3826,2020-01-02 15:22,40.47,90.9,1018.7,9.6,1.43,309.3,8.3,Heatwave
28.3772,-98.1124,2021-01-05 05:12,15.06,25.0,1012.3,39.6,4.84,802.8,24.3,Normal
34.156,-74.2063,2015-06-17 03:40,22.0,89.6,986.3,51.1,104.58,1149.8,40.2,Heavy Rains
41.2942,-106.6186,2019-11-21 18:08,23.67,84.0,979.1,37.7,119.62,17.0,56.1,Flood
43.1856,-76.3924,2016-09-30 11:47,39.49,93.0,1023.2,12.2,4.1,11.0,18.9,Heatwave
44.2247,-88.3594,2018-02-06 02:49,12.23,78.5,963.9,143.1,39.6,80.3,24.4,Storm
39.232,-115.4925,2016-09-03 21:42,16.39,28.4,1031.0,26.3,4.94,1877.8,5.1,Normal
41.7011,-112.516,2023-01-05 04:08,22.9,72.4,973.2,94.5,54.41,243.7,41.5,Storm
27.3928,-99.6861,2021-02-09 18:51,10.65,85.8,987.6,21.1,137.28,75.8,52.8,Flood
38.8299,-81.5028,2018-01-08 12:30,43.67,73.2,1007.0,14.0,2.18,651.4,24.4,Heatwave
39.1381,-82.0801,2021-10-07 07:53,22.7,85.0,950.8,118.8,25.19,880.9,46.3,Storm
42.6854,-110.071,2021-09-03 23:06,19.96,69.6,973.8,86.1,56.65,447.1,31.1,Storm
42.3171,-120.1337,2023-01-23 13:55,23.86,85.3,963.9,58.7,84.83,1420.5,37.5,Heavy Rains
48.9228,-98.6261,2015-12-08 16:24,11.71,89.5,940.7,109.6,28.27,942.4,40.5,Storm
26.8705,-91.1603,2020-05-07 17:00,39.07,69.4,1003.0,12.0,3.47,382.2,9.6,Heatwave
34.2166,-99.6879,2015-12-29 04:39,26.7,64.9,966.5,156.8,56.56,456.5,42.6,Storm
47.6297,-73.1965,2019-10-22 17:03,11.33,68.5,957.1,104.7,50.02,895.4,49.9,Storm
35.7204,-103.2249,2016-08-27 05:38,21.66,82.9,988.1,40.5,59.83,929.5,41.5,Heavy Rains
36.0677,-114.5478,2022-01-17 13:06,12.77,88.8,984.4,56.7,166.95,93.2,54.8,Flood
46.6075,-95.4582,2017-08-24 04:55,26.89,84.1,960.1,44.3,51.33,1269.0,39.2,Heavy Rains
36.6447,-81.6496,2020-05-11 00:03,15.32,99.1,995.0,49.5,89.81,42.0,58.1,Flood
48.6933,-98.3922,2021-02-25 14:07,19.64,90.8,982.3,18.5,193.58,139.3,51.9,Flood
26.0889,-76.6974,2018-08-17 05:36,15.14,88.0,964.2,41.1,47.92,914.5,39.8,Heavy Rains
33.2078,-93.3906,2024-03-17 12:30,41.82,64.5,1014.3,2.6,3.73,744.2,8.8,Heatwave
41.2366,-71.4086,2017-11-07 04:34,14.08,92.6,983.1,41.7,159.24,142.2,56.1,Flood
34.3,-95.9007,2021-05-04 15:59,-4.13,37.0,1019.6,48.1,0.09,974.1,12.7,Normal
33.1475,-75.284,2016-08-30 02:11,12.8,76.0,971.3,128.9,45.96,385.3,42.7,Storm
45.6975,-114.7197,2018-07-19 11:31,41.99,94.5,1007.8,0.8,2.26,167.5,20.5,Heatwave
27.6998,-83.9735,2020-07-12 04:07,16.99,84.1,983.5,51.7,171.24,163.7,56.1,Flood
39.0046,-106.7989,2020-03-30 14:07,20.31,80.7,969.6,154.9,43.68,531.5,33.0,Storm
38.87,-112.8739,2016-02-29 17:14,46.63,69.7,1013.9,1.6,1.39,180.9,13.6,Heatwave
28.3583,-98.9573,2024-01-12 08:01,27.28,80.1,979.9,31.5,107.44,84.3,44.8,Heavy Rains
44.7007,-93.2231,2019-12-01 02:36,11.97,56.1,951.4,148.5,20.88,437.2,21.3,Storm
44.4299,-103.6251,2022-04-06 12:30,25.76,98.3,973.8,35.4,64.1,154.5,37.9,Heavy Rains
41.9947,-73.4315,2024-05-30 04:10,14.76,80.8,984.5,16.3,114.95,36.7,56.1,Flood
32.1309,-82.6899,2019-04-21 21:44,12.44,86.8,952.9,157.7,44.2,55.6,25.5,Storm
35.3194,-86.1278,2021-06-22 13:12,13.51,55.1,950.9,89.6,52.23,925.0,38.9,Storm
33.2429,-72.657,2015-06-25 20:09,23.98,88.5,985.0,27.2,104.91,252.3,53.8,Heavy Rains
26.4926,-74.355,2016-01-13 15:13,18.92,87.4,990.8,39.4,144.68,78.6,53.4,Flood
32.6101,-72.3162,2015-04-11 22:59,6.64,54.8,1003.8,47.4,11.63,1690.0,25.4,Normal
32.7188,-108.8656,2021-03-11 17:34,44.84,68.0,1009.0,12.4,2.33,642.3,19.4,Heatwave
48.2449,-102.6893,2024-10-02 21:20,19.28,79.0,964.3,127.6,50.86,192.8,40.3,Storm
47.4789,-120.224,2024-03-13 00:37,21.86,93.5,988.6,26.0,105.32,143.8,53.5,Flood
46.213,-101.7001,2019-12-16 17:28,19.19,84.6,970.8,107.0,36.02,80.5,24.8,Storm
32.531,-84.6528,2022-04-21 04:36,25.49,68.4,962.7,88.8,54.88,653.8,39.4,Storm
41.1871,-117.7666,2020-10-05 14:24,27.98,86.8,959.5,105.2,35.53,23.6,42.5,Storm
41.2445,-106.436,2023-05-19 03:20,14.56,84.7,987.4,20.0,187.51,14.6,56.3,Flood
28.3415,-81.6987,2017-04-08 14:52,13.26,86.6,979.6,12.8,164.58,124.9,52.1,Flood
45.2232,-114.1987,2018-02-13 15:16,24.0,90.7,971.9,51.3,78.68,1011.3,40.1,Heavy Rains
30.6762,-113.3213,2015-08-05 08:53,16.52,86.8,963.2,26.4,79.74,1196.9,50.3,Heavy Rains
42.6257,-107.6573,2016-10-29 02:09,31.44,31.0,1003.0,16.5,15.4,2221.8,29.7,Normal
48.6205,-85.9941,2016-08-31 09:53,14.97,88.6,992.1,37.5,190.49,102.2,55.6,Flood
33.6479,-100.3925,2019-07-29 19:16,28.27,83.3,970.8,41.0,101.53,1299.6,38.8,Heavy Rains
43.3457,-109.0559,2020-01-19 11:08,47.78,71.4,1019.9,4.7,4.69,604.0,9.0,Heatwave
26.2029,-104.474,2022-11-26 19:21,16.34,67.7,955.5,100.4,23.22,824.7,37.8,Storm
31.0735,-101.6409,2020-09-25 19:52,27.55,99.0,990.9,29.9,98.18,161.0,54.9,Flood
27.7451,-115.9413,2022-02-24 15:04,17.75,83.2,988.3,31.5,96.07,1399.4,44.2,Heavy Rains
26.5803,-119.2412,2017-09-04 07:56,22.4,94.3,986.8,15.1,169.4,175.0,53.4,Flood
41.0394,-95.659,2016-04-28 21:04,34.19,38.7,1009.6,30.6,17.28,360.7,22.3,Normal
37.1412,-117.45,2017-05-23 15:56,39.62,65.5,1007.1,6.1,2.72,242.0,24.7,Heatwave
42.3022,-88.3314,2024-09-23 14:39,43.36,93.3,1007.0,4.2,4.71,785.8,20.4,Heatwave
26.2205,-71.8542,2021-09-10 14:31,46.11,77.5,1001.8,9.9,2.63,765.6,15.4,Heatwave
42.923,-84.7155,2019-05-05 11:51,27.03,85.8,970.9,61.6,62.6,833.5,36.8,Heavy Rains
43.3261,-102.7506,2024-09-08 18:06,-1.46,25.7,1004.5,9.8,24.07,264.5,26.9,Normal
47.5346,-114.6944,2017-01-24 19:00,15.97,62.5,964.8,134.5,34.78,29.4,35.0,Storm
33.9915,-121.0943,2020-06-02 18:43,22.52,33.5,1027.8,30.2,4.96,721.0,8.5,Normal
40.1087,-121.6571,2024-04-23 03:43,8.28,41.0,1003.8,35.5,22.56,645.2,11.4,Normal
35.7778,-75.6183,2022-06-25 10:05,26.0,93.3,987.3,21.6,130.47,107.7,59.6,Flood
46.521,-106.4692,2017-08-26 11:44,29.46,94.7,985.7,44.3,69.02,1412.6,41.1,Heavy Rains
48.3627,-117.5526,2023-02-26 17:07,46.99,73.2,1001.6,9.2,0.06,694.7,15.5,Heatwave
43.2753,-111.7903,2017-06-15 14:23,41.11,82.1,1012.9,11.1,1.94,734.3,22.6,Heatwave
48.5466,-100.7861,2016-06-17 03:04,10.38,89.7,987.9,19.8,88.77,131.3,56.3,Flood
26.4177,-94.7262,2021-06-08 17:51,11.82,72.6,944.8,106.3,17.74,135.6,26.4,Storm
44.0573,-122.6293,2017-02-10 01:58,29.74,87.0,985.3,49.7,101.6,907.1,54.5,Heavy Rains
46.7651,-77.3918,2015-12-31 17:09,47.55,86.4,1001.9,10.1,4.52,515.5,14.1,Heatwave
43.7159,-112.7838,2021-06-01 13:41,41.03,64.1,1016.3,7.2,4.32,773.7,18.6,Heatwave
29.1238,-75.9967,2015-02-15 13:25,13.14,82.2,991.1,33.9,92.91,190.1,58.8,Flood
30.9689,-124.2225,2023-03-23 00:48,28.81,82.1,986.9,34.2,103.05,60.0,53.1,Flood
40.4531,-74.408,2020-01-02 19:50,22.36,88.8,985.4,50.6,159.61,154.3,58.9,Flood
32.4629,-82.5935,2015-07-28 16:27,10.08,88.1,959.4,92.5,47.85,872.3,31.6,Storm
29.8754,-71.3171,2019-02-22 18:27,24.64,90.4,999.9,24.7,97.61,140.6,58.6,Flood
38.5701,-71.8483,2016-10-21 02:49,26.67,75.6,988.1,50.4,64.71,1456.9,39.6,Heavy Rains
40.1738,-97.0529,2021-10-24 15:47,27.5,95.0,999.2,11.9,88.32,178.0,52.4,Flood
31.6126,-113.675,2015-07-02 16:26,13.46,94.9,1000.1,10.2,116.48,69.8,54.1,Flood
28.8856,-90.9017,2022-04-23 13:43,25.9,79.0,968.9,120.2,32.02,608.1,45.8,Storm
31.5727,-114.0459,2015-06-07 04:27,10.35,84.0,1000.9,29.0,145.37,139.3,59.8,Flood
44.3699,-112.2874,2023-10-02 04:49,29.54,85.1,976.8,62.2,75.59,1064.5,57.8,Heavy Rains
35.0842,-93.8731,2017-02-07 05:38,17.55,87.0,1003.6,58.6,151.34,2.9,58.3,Flood
43.8931,-83.4867,2019-12-20 18:41,23.74,79.7,985.1,21.3,58.63,275.0,57.0,Heavy Rains
39.1632,-90.9448,2023-02-11 20:45,29.52,23.0,1018.2,46.6,23.45,1667.3,26.9,Normal
39.5583,-70.0313,2024-10-13 13:45,41.81,94.8,1016.2,6.1,2.59,96.8,9.5,Heatwave
41.4834,-69.7918,2016-03-25 02:12,22.23,81.2,971.6,53.5,94.04,306.1,43.7,Heavy Rains
39.6504,-96.9291,2020-07-20 17:09,27.86,89.4,973.1,42.4,108.41,1263.7,38.0,Heavy Rains
47.8662,-73.382,2022-02-26 18:35,27.1,81.7,1000.7,34.5,199.5,117.7,58.5,Flood
44.7286,-79.7278,2019-08-31 10:52,44.55,76.6,1018.4,11.7,0.39,172.7,15.4,Heatwave
31.8248,-77.0264,2020-03-06 12:02,27.92,98.4,976.2,42.2,92.99,18.9,58.2,Flood
28.5677,-77.893,2019-04-26 10:00,44.79,62.1,1021.2,11.9,4.35,59.9,14.8,Heatwave
43.9892,-91.3301,2021-01-19 23:59,27.44,65.6,961.2,121.9,34.41,634.0,44.9,Storm
48.9073,-83.6235,2021-03-17 10:07,24.37,75.8,985.1,34.3,68.4,1242.1,41.7,Heavy Rains
31.8087,-102.5766,2022-09-23 10:42,17.44,86.8,973.6,62.8,67.98,997.6,53.7,Heavy Rains
33.4885,-73.1058,2024-01-20 08:20,13.95,62.6,1005.3,16.4,29.3,2098.8,32.7,Normal
35.5272,-111.2054,2017-06-16 16:25,11.01,53.6,1003.7,17.3,7.84,1458.9,5.6,Normal
38.4913,-92.6334,2017-10-24 16:06,45.21,58.3,1020.3,6.7,3.15,359.9,11.7,Heatwave
35.6815,-83.4614,2018-05-27 05:06,15.8,80.4,965.7,39.0,110.73,160.3,44.6,Heavy Rains
35.6228,-110.0286,2018-08-21 04:13,27.63,88.7,978.3,158.7,21.37,161.4,41.4,Storm
27.0925,-92.5253,2018-01-25 05:38,10.21,55.5,967.4,116.3,22.66,693.6,21.2,Storm
48.8612,-101.7127,2016-07-06 08:54,12.95,83.4,943.0,139.8,56.38,53.5,35.9,Storm
39.3244,-85.235,2024-12-10 16:12,29.27,89.2,964.2,49.9,104.14,128.0,37.1,Heavy Rains
48.7686,-82.9181,2020-05-15 19:00,13.63,43.0,1024.7,32.4,12.85,644.7,6.5,Normal
42.2065,-72.6295,2018-10-27 15:03,39.2,78.9,1022.9,10.8,4.23,688.5,24.2,Heatwave
31.0994,-109.8741,2021-07-01 16:14,15.61,98.8,973.5,37.9,77.25,1440.0,53.5,Heavy Rains
48.5429,-95.5105,2019-10-04 13:07,-1.59,45.7,1028.9,19.3,10.69,2575.5,23.2,Normal
25.3491,-73.5482,2024-09-18 00:56,13.75,62.6,942.4,86.4,38.35,248.7,28.8,Storm
28.7132,-122.849,2021-05-30 15:09,40.25,70.3,1014.6,3.3,4.06,73.5,13.0,Heatwave
35.5089,-91.3094,2021-12-09 02:10,15.33,86.2,979.5,60.3,80.75,1074.1,36.5,Heavy Rains
39.9571,-95.8841,2017-01-14 12:46,45.17,92.0,1014.9,1.0,1.89,105.8,5.3,Heatwave
34.2535,-70.8709,2023-06-02 04:50,19.75,99.7,979.0,38.0,46.05,1197.5,50.2,Heavy Rains
37.2286,-119.8182,2016-07-20 10:55,39.99,80.5,1019.8,5.9,0.32,305.3,24.9,Heatwave
25.955,-99.2113,2022-09-08 06:29,15.57,35.9,1002.3,24.7,1.74,2033.6,17.9,Normal
37.2001,-113.2095,2024-12-24 17:21,42.27,58.1,1005.6,6.4,2.8,495.8,14.5,Heatwave
39.5352,-117.1817,2021-12-25 11:32,45.47,60.6,1002.9,1.5,0.99,159.8,10.3,Heatwave
36.6319,-90.9649,2018-07-16 11:11,40.79,93.7,1014.0,10.0,0.2,737.8,11.1,Heatwave
30.5227,-93.1528,2022-11-22 15:04,42.57,84.9,1010.9,6.4,0.39,250.4,13.6,Heatwave
34.9327,-70.7048,2019-08-29 00:08,34.9,53.6,1032.0,13.9,24.34,3226.0,9.7,Normal
35.0479,-115.7627,2020-11-30 13:51,44.44,90.0,1001.3,6.7,1.86,747.4,19.2,Heatwave
40.7013,-81.1769,2022-08-23 05:32,20.33,94.6,994.5,56.5,124.26,156.3,54.1,Flood
47.2167,-69.288,2020-10-09 06:51,15.6,73.8,948.3,142.8,49.81,35.5,30.0,Storm
33.0813,-97.6152,2016-02-25 11:26,12.29,34.7,1022.8,3.8,21.84,1478.3,5.7,Normal
43.8546,-91.4491,2020-07-11 23:40,21.43,92.0,989.8,40.4,97.51,633.9,56.6,Heavy Rains
40.6371,-90.6474,2015-11-20 09:46,20.03,89.0,966.4,105.3,30.52,692.0,37.5,Storm
42.9366,-112.709,2017-03-06 09:43,6.25,48.3,1009.0,25.4,17.93,2615.2,30.2,Normal
33.0007,-91.7838,2016-09-07 12:58,42.15,93.7,1017.5,5.5,2.98,750.4,11.2,Heatwave
45.2922,-120.6279,2017-03-17 04:12,12.77,80.0,957.5,142.7,42.66,736.5,49.3,Storm
32.9955,-77.8106,2024-02-01 06:54,24.65,96.2,996.0,12.6,184.52,35.6,55.4,Flood
47.486,-73.5681,2021-01-24 10:06,10.77,77.0,952.1,87.1,59.56,101.7,27.0,Storm
34.155,-116.6774,2023-09-27 16:12,20.26,42.3,1028.0,35.4,22.37,38.9,24.9,Normal
25.7746,-100.9799,2015-05-03 06:21,27.76,81.2,981.1,50.8,122.91,150.7,59.2,Flood
39.7379,-74.8209,2017-07-22 04:16,20.93,78.8,989.6,43.7,90.15,148.8,35.5,Heavy Rains
45.0442,-76.054,2024-03-09 13:22,13.91,84.0,1002.3,49.3,124.28,132.9,57.3,Flood
26.4255,-91.4634,2017-05-01 01:41,23.71,45.7,1009.7,1.7,12.27,1394.5,30.4,Normal
26.5251,-83.8456,2018-11-07 06:53,32.47,63.6,1027.3,46.3,7.67,1922.6,21.8,Normal
25.7926,-101.8178,2018-09-16 11:20,22.58,71.5,941.5,140.4,58.88,565.0,38.5,Storm
34.606,-98.9773,2019-06-30 16:44,46.66,87.2,1016.2,11.2,0.57,556.9,6.2,Heatwave
30.6517,-99.2943,2017-12-08 07:23,21.66,92.9,977.6,33.4,185.22,193.9,54.6,Flood
28.7799,-118.4758,2016-09-03 11:13,43.88,77.4,1006.8,13.2,4.02,459.3,8.4,Heatwave
47.9248,-110.0448,2024-11-25 13:46,11.28,75.1,950.4,129.6,44.06,208.9,35.7,Storm
28.0336,-123.0577,2016-02-18 13:01,23.8,99.8,979.0,53.3,190.64,179.9,54.2,Flood
48.7199,-86.8666,2017-06-14 17:41,23.87,73.3,973.5,105.2,26.21,103.6,20.2,Storm
39.8779,-114.8629,2018-02-02 21:48,4.78,55.1,1011.8,28.5,8.16,1557.3,17.3,Normal
45.4311,-97.9412,2020-08-27 22:37,13.7,93.5,978.2,51.7,197.85,84.4,55.6,Flood
40.5817,-118.3495,2018-05-22 10:02,41.74,75.2,1002.4,12.4,0.68,362.9,18.4,Heatwave
36.9952,-87.4457,2015-02-09 11:21,14.51,88.5,997.6,48.1,164.41,59.6,56.3,Flood
29.5252,-119.5074,2019-06-11 10:40,10.84,83.3,950.5,151.5,55.46,549.8,20.1,Storm
32.2527,-108.9883,2015-01-02 17:54,-3.27,33.7,1030.6,21.9,24.06,2952.9,23.9,Normal
41.6152,-117.9652,2021-06-07 06:48,17.16,83.2,967.1,122.1,22.4,35.1,23.6,Storm
34.0034,-104.0927,2022-10-25 16:54,29.9,85.6,981.2,26.0,70.97,429.3,39.4,Heavy Rains
28.1204,-90.9668,2016-05-19 05:11,21.43,21.5,1018.9,45.1,27.49,1006.0,10.7,Normal
29.4784,-81.5946,2018-09-04 23:59,22.25,97.8,970.3,27.5,88.16,635.3,48.5,Heavy Rains
33.2565,-104.6237,2018-05-31 21:14,22.55,51.4,1032.3,20.9,14.22,1903.4,8.8,Normal
43.3946,-114.5549,2017-03-04 03:38,25.05,90.9,1001.2,51.3,163.77,59.9,57.2,Flood
45.9603,-69.7485,2022-02-21 05:34,12.3,59.7,950.3,97.5,16.78,262.0,39.7,Storm
33.4622,-123.336,2022-05-14 05:25,9.32,59.8,1028.6,7.4,13.02,2364.8,36.7,Normal
27.4789,-120.8436,2017-11-26 14:49,43.01,91.0,1003.7,9.0,4.66,531.7,10.3,Heatwave
45.7319,-118.2121,2024-08-03 13:28,46.05,93.0,1002.5,7.1,3.93,640.7,17.3,Heatwave
36.064,-70.5602,2021-09-08 11:28,27.72,53.5,1026.4,5.2,17.9,2130.8,12.6,Normal
38.7761,-107.2013,2020-08-27 22:20,22.58,62.9,965.2,144.8,38.49,413.2,36.7,Storm
40.8885,-90.7877,2024-03-28 13:06,39.23,62.7,1007.3,1.1,4.22,246.7,12.9,Heatwave
26.625,-101.1168,2019-11-22 16:50,10.44,92.0,995.9,16.4,90.23,112.7,58.1,Flood
45.7366,-109.2539,2016-07-13 16:21,47.41,75.8,1020.5,4.0,1.49,469.6,25.0,Heatwave
45.1784,-116.3529,2018-12-19 17:37,19.75,80.5,984.2,57.1,60.24,943.6,57.0,Heavy Rains
29.3619,-115.8231,2015-06-29 11:19,13.53,81.2,943.2,139.5,26.12,29.3,41.2,Storm
44.7818,-72.492,2023-05-26 17:07,43.22,67.9,1010.1,3.8,2.7,350.2,17.0,Heatwave
46.8389,-78.9682,2023-12-21 14:18,44.84,76.7,1006.7,2.6,0.34,109.3,7.2,Heatwave
30.6356,-99.4646,2017-02-09 00:41,15.66,89.1,985.7,45.2,97.72,1198.3,51.5,Heavy Rains
41.1035,-92.6643,2017-01-12 10:54,45.76,94.6,1013.7,9.0,0.37,537.3,10.0,Heatwave
42.5142,-86.3381,2023-05-14 14:05,28.34,82.4,976.1,36.5,73.81,1430.3,40.7,Heavy Rains
38.1821,-76.6086,2015-05-03 04:25,23.86,84.0,980.3,39.5,64.95,1186.2,43.8,Heavy Rains
34.7322,-112.9343,2015-06-25 20:42,20.46,98.8,1001.1,36.8,170.22,46.4,51.6,Flood
46.7276,-71.1153,2016-08-05 23:16,14.5,74.5,947.1,86.6,53.57,149.7,23.4,Storm
46.8556,-123.8034,2017-12-08 21:08,17.58,95.7,978.3,56.8,120.08,47.8,58.3,Flood
25.0801,-77.6976,2018-03-27 14:41,17.58,97.7,971.5,49.4,118.07,644.9,49.6,Heavy Rains
44.6509,-74.84,2015-07-04 02:30,15.9,66.9,960.0,118.1,59.91,835.9,34.8,Storm
39.7953,-75.1543,2015-10-08 03:21,22.68,58.6,1011.0,24.8,3.64,3261.4,20.1,Normal
37.963,-87.3459,2023-03-09 14:15,39.86,71.3,1013.7,6.9,0.27,3.1,6.8,Heatwave
43.2079,-103.329,2021-01-05 05:33,-3.63,41.6,1005.5,24.4,24.72,2534.0,39.4,Normal
27.7333,-92.8605,2019-02-04 12:43,45.91,57.0,1018.2,13.2,1.05,638.1,21.6,Heatwave
34.915,-114.2877,2020-10-10 20:52,16.44,92.7,1001.2,58.5,169.62,134.9,53.1,Flood
34.6333,-122.7055,2020-09-16 10:08,45.42,87.4,1013.0,2.1,4.47,111.8,23.6,Heatwave
27.635,-70.8644,2015-07-15 20:16,13.49,58.6,1026.8,30.7,7.88,2321.2,33.7,Normal
30.5889,-100.7919,2016-05-17 15:17,25.3,95.3,992.8,47.8,177.11,187.7,54.2,Flood
46.9842,-109.0248,2023-07-28 13:48,44.19,58.1,1020.0,6.7,2.7,402.0,12.9,Heatwave
33.6656,-116.5671,2022-06-24 13:23,17.72,80.2,985.3,25.4,136.24,111.6,52.9,Flood
42.2786,-74.8271,2018-04-20 08:33,16.45,97.8,991.9,18.3,118.37,136.3,58.2,Flood
43.3162,-73.6507,2017-08-17 16:06,21.31,94.4,988.6,38.0,47.14,792.7,56.2,Heavy Rains
38.0296,-108.4793,2023-01-13 13:17,11.03,73.2,964.8,143.9,31.17,527.3,25.8,Storm
41.3127,-87.3417,2017-01-30 11:49,44.57,87.1,1017.8,1.1,0.77,569.3,17.7,Heatwave
25.7584,-100.4668,2023-07-27 03:24,19.0,97.1,988.3,11.8,105.34,131.2,58.0,Flood
32.0684,-96.3994,2015-12-04 17:41,11.56,85.5,981.8,15.9,126.43,108.7,54.0,Flood
25.3893,-108.1403,2015-04-07 06:11,27.41,92.0,962.0,40.4,53.92,1420.1,50.2,Heavy Rains
34.1698,-100.4154,2020-07-17 06:38,14.31,96.5,996.8,19.5,105.74,157.7,51.3,Flood
40.0553,-103.0619,2024-08-25 22:21,20.62,85.9,997.6,44.9,155.44,114.5,52.9,Flood
25.2321,-117.1115,2015-07-07 12:21,42.22,73.1,1015.5,12.3,0.46,652.0,8.7,Heatwave
36.7803,-100.3556,2018-05-07 09:57,23.7,82.6,995.0,51.6,143.96,97.4,59.0,Flood
40.4148,-94.1691,2022-12-11 01:13,33.07,53.0,1020.2,37.9,22.06,1000.4,27.3,Normal
37.1708,-119.9452,2021-04-15 06:33,29.12,52.0,1022.7,44.4,1.61,1856.4,38.2,Normal
48.854,-118.2483,2015-12-15 16:38,44.37,80.1,1019.4,5.3,4.54,237.9,16.8,Heatwave
31.5769,-120.4346,2015-05-19 15:30,24.74,98.5,985.0,31.1,190.63,20.0,52.4,Flood
26.7958,-74.1182,2022-07-12 13:43,25.12,86.4,984.6,19.9,177.31,99.2,59.9,Flood
36.5016,-102.1541,2021-09-15 16:34,39.33,93.8,1017.5,11.4,2.97,731.5,7.2,Heatwave
47.7002,-123.4624,2020-08-20 04:56,1.85,41.2,1029.0,2.8,21.25,2788.0,39.2,Normal
47.6652,-84.6148,2023-07-12 20:09,26.96,82.1,978.9,55.8,129.34,90.0,56.6,Flood
30.7181,-109.271,2019-03-03 18:24,11.74,82.1,993.9,40.1,89.72,192.7,59.0,Flood
27.0644,-123.6181,2017-02-26 21:06,14.07,96.2,1001.8,28.0,131.92,108.8,51.6,Flood
34.5253,-86.3121,2021-02-07 01:14,23.88,62.8,1005.9,12.5,2.25,1681.9,36.6,Normal
31.4904,-79.9346,2016-06-28 20:15,29.79,84.2,978.5,42.4,157.76,193.5,53.9,Flood
35.1501,-110.6319,2022-09-01 05:05,12.83,85.5,977.5,53.7,136.91,83.5,52.9,Flood
34.9192,-84.1106,2016-02-15 11:43,45.94,56.2,1013.8,13.0,2.03,748.0,22.6,Heatwave
43.0552,-122.678,2019-07-12 13:05,24.87,81.7,961.6,23.1,116.17,903.0,37.5,Heavy Rains
40.4724,-108.3835,2023-04-10 02:01,27.44,84.6,1003.4,42.2,132.34,68.2,56.8,Flood
38.3556,-69.0248,2021-04-23 14:20,25.43,85.1,943.4,129.5,41.71,423.5,25.0,Storm
35.2399,-104.8252,2022-08-30 12:17,41.52,90.5,1000.9,8.7,1.23,236.1,13.2,Heatwave
44.3779,-80.9639,2022-10-11 22:08,14.12,92.8,990.7,30.6,192.88,121.5,51.3,Flood
46.4896,-120.4441,2022-03-08 02:18,17.03,57.6,964.1,110.4,25.97,272.3,46.3,Storm
33.1105,-90.8123,2023-11-30 11:11,32.24,58.2,1011.3,26.9,24.31,1838.8,12.9,Normal
29.875,-107.9482,2022-12-06 13:56,19.6,30.1,1027.8,44.3,20.57,2995.1,28.3,Normal
29.9082,-73.6458,2018-10-28 14:11,14.16,37.3,1020.7,40.6,6.66,1108.3,27.3,Normal
32.224,-106.9202,2023-02-10 11:25,11.6,95.5,989.8,12.4,119.32,195.8,55.4,Flood
31.5031,-123.8139,2015-02-18 05:00,25.48,76.5,954.7,123.1,30.72,612.1,46.2,Storm
37.0684,-76.395,2020-05-06 12:03,47.65,59.1,1004.6,8.3,3.38,188.2,7.4,Heatwave
40.5609,-108.0062,2018-04-10 19:21,27.69,90.2,976.6,23.0,51.3,552.8,49.4,Heavy Rains
37.387,-89.053,2019-05-06 10:12,41.62,71.5,1007.6,11.6,2.31,338.0,17.3,Heatwave
45.6382,-95.0724,2021-04-24 17:23,23.09,92.3,989.9,27.5,56.91,1036.6,49.6,Heavy Rains
48.0196,-116.4758,2023-12-21 10:11,42.79,61.2,1022.3,8.8,2.67,252.6,14.7,Heatwave
39.7183,-75.3195,2015-11-13 04:50,25.48,54.2,1003.3,32.8,8.64,1944.8,33.0,Normal
47.1459,-108.1612,2022-03-06 01:22,21.98,84.7,979.6,39.5,89.87,564.4,46.8,Heavy Rains
36.0909,-92.6288,2021-03-26 04:12,13.72,87.6,991.6,12.1,180.02,166.1,53.7,Flood
36.948,-111.071,2019-01-03 23:44,29.47,87.2,997.3,19.7,194.8,127.1,59.7,Flood
32.7778,-70.5539,2022-10-29 11:37,22.35,88.1,976.3,52.6,103.31,19.2,52.0,Flood
32.8413,-101.3163,2018-04-23 13:08,46.08,90.2,1009.1,7.0,1.36,131.6,23.3,Heatwave
29.1997,-116.1637,2017-01-11 00:34,6.11,34.7,1005.4,9.6,30.0,2068.7,15.4,Normal
32.1393,-123.0054,2015-04-02 03:19,17.13,86.4,988.0,64.2,113.59,224.5,49.6,Heavy Rains
41.8167,-119.0792,2021-05-19 00:30,18.28,92.7,965.1,63.1,109.79,789.0,57.8,Heavy Rains
37.5895,-109.8444,2016-04-06 16:00,19.55,95.3,969.6,31.0,81.03,359.7,50.3,Heavy Rains
35.2723,-121.6704,2022-12-24 05:42,13.84,60.3,1014.6,6.3,23.51,560.4,8.0,Normal
37.1934,-111.3209,2024-05-26 15:11,18.22,84.9,961.2,116.6,49.46,378.2,20.1,Storm
31.2671,-119.0307,2018-07-29 15:10,46.99,62.3,1001.9,13.2,4.89,270.4,24.7,Heatwave
38.3203,-76.8642,2016-08-29 07:56,29.34,86.6,964.6,24.4,85.67,576.3,52.1,Heavy Rains
30.1737,-80.8209,2015-03-07 04:28,27.98,94.8,982.5,49.2,67.65,404.5,35.4,Heavy Rains
46.9723,-117.128,2018-08-30 09:47,-1.18,33.0,1005.4,20.2,14.41,360.8,7.6,Normal
35.1064,-69.8419,2022-10-17 07:43,18.91,46.4,1026.5,6.2,14.45,974.6,30.6,Normal
44.32,-74.4204,2018-10-19 23:18,27.05,89.1,947.3,112.4,17.59,531.6,26.7,Storm
40.5275,-100.5507,2015-12-26 00:39,19.81,59.2,973.5,129.0,41.66,988.4,21.8,Storm
47.8443,-123.705,2016-01-08 19:56,26.85,84.7,975.3,28.7,113.49,713.8,51.6,Heavy Rains
34.2921,-68.0027,2024-11-08 10:35,47.54,64.8,1008.5,5.5,0.69,583.9,15.4,Heatwave
42.5517,-94.1882,2018-09-25 23:34,3.93,64.2,1027.2,13.9,2.07,941.9,25.2,Normal
25.2686,-85.1435,2020-10-09 06:28,20.74,23.9,1013.8,40.9,5.07,1926.0,27.4,Normal
44.3622,-81.5295,2016-01-12 09:25,32.84,63.2,1012.9,20.4,23.31,1736.1,6.7,Normal
29.2003,-103.6697,2018-05-23 10:49,40.82,59.6,1012.6,11.2,4.52,123.3,11.8,Heatwave
38.5823,-79.8264,2019-08-15 12:11,39.71,90.0,1015.5,3.4,4.56,114.5,14.2,Heatwave
37.5876,-97.4099,2021-05-06 16:31,3.12,55.9,1002.7,40.1,24.17,1985.8,32.9,Normal
38.1303,-72.1404,2022-01-08 00:24,20.17,41.5,1015.0,16.8,4.06,694.5,22.0,Normal
25.9182,-90.9954,2017-12-23 15:46,46.08,73.0,1024.6,1.6,4.5,152.1,5.9,Heatwave
26.0838,-94.6966,2020-08-10 11:00,2.4,22.0,1003.3,29.3,3.19,837.8,13.5,Normal
29.6525,-84.0637,2020-10-13 06:33,24.72,85.0,967.3,50.3,55.61,630.1,50.6,Heavy Rains
43.0834,-89.5337,2021-07-20 20:19,9.47,62.1,1014.7,23.6,18.51,1204.4,18.6,Normal
34.6142,-99.3084,2024-07-31 12:36,45.17,87.8,1018.0,11.3,2.78,685.0,8.9,Heatwave
48.3316,-88.8141,2023-03-13 15:54,39.57,76.8,1005.4,6.0,1.06,214.8,21.6,Heatwave
46.8158,-117.6602,2016-08-01 14:33,21.57,77.7,942.3,134.3,58.76,290.1,31.6,Storm
41.731,-93.6482,2023-01-06 01:12,23.85,80.2,977.5,20.3,97.64,893.3,43.5,Heavy Rains
26.2506,-68.4553,2017-02-27 06:08,11.84,91.9,999.9,56.6,112.18,15.6,57.5,Flood
41.5634,-85.7004,2022-12-07 22:17,11.79,62.5,950.6,159.8,25.81,550.8,22.3,Storm
32.9018,-107.7452,2022-07-28 21:54,15.49,94.1,1004.9,59.9,171.52,147.2,59.2,Flood
40.5521,-97.823,2022-11-08 01:26,21.49,55.9,1021.9,7.8,7.38,2363.1,18.7,Normal
26.4265,-123.2952,2022-07-12 02:18,3.94,27.1,1010.8,46.8,29.58,1721.0,39.1,Normal
48.3549,-104.5985,2020-11-12 16:18,40.44,77.4,1022.8,9.6,2.4,187.6,5.3,Heatwave
30.328,-82.4294,2017-11-25 13:28,42.37,74.1,1017.0,9.7,0.75,798.2,14.7,Heatwave
40.674,-74.2701,2024-04-01 00:04,-0.67,34.9,1013.7,23.8,23.61,1857.1,29.2,Normal
39.7406,-86.8323,2023-05-01 02:29,25.39,85.2,958.9,137.0,50.91,932.5,37.9,Storm
37.6445,-83.7766,2019-04-02 14:23,-2.26,45.3,1026.7,44.7,2.52,1065.1,20.1,Normal
31.1268,-118.6164,2020-05-11 14:01,15.11,95.1,972.0,58.6,71.6,1421.3,54.2,Heavy Rains
44.9596,-123.2341,2018-10-11 15:27,17.71,88.0,944.0,155.7,40.14,620.4,23.8,Storm
48.8934,-98.2695,2020-10-23 03:07,18.43,95.8,965.5,54.3,105.48,400.5,49.2,Heavy Rains
41.5912,-107.9482,2023-06-07 16:00,17.92,42.4,1022.4,11.1,7.54,65.9,16.8,Normal
32.8884,-79.4567,2017-09-26 11:14,19.12,95.0,978.5,22.1,169.27,175.2,54.3,Flood
37.0532,-85.222,2015-03-12 16:51,47.46,63.0,1023.0,7.3,1.2,495.8,10.0,Heatwave
33.4272,-101.7441,2021-06-21 03:14,24.61,86.3,985.0,60.3,59.12,50.9,53.3,Heavy Rains
47.1989,-80.1663,2024-11-09 00:31,18.06,85.1,971.2,57.9,91.64,91.3,35.6,Heavy Rains
28.4466,-84.7962,2021-09-18 01:47,12.31,62.8,1028.4,13.4,17.13,2176.9,15.7,Normal
39.4917,-73.1225,2016-04-01 12:42,43.02,87.5,1006.5,9.8,2.42,639.5,22.2,Heatwave
46.8586,-107.3364,2020-04-01 15:40,7.39,47.7,1015.1,42.6,27.69,1097.8,29.9,Normal
32.969,-77.19,2021-06-03 19:58,26.92,72.8,971.8,98.9,32.96,142.6,43.6,Storm
38.7156,-68.983,2023-12-23 12:07,47.54,73.5,1023.7,2.3,1.06,154.2,5.9,Heatwave
48.7993,-117.7124,2020-07-18 02:11,20.4,85.9,954.0,154.8,55.38,931.0,28.2,Storm
33.3658,-78.4465,2017-12-12 17:55,47.95,86.2,1005.9,11.3,2.94,280.5,19.2,Heatwave
35.3649,-75.3719,2023-06-09 12:01,17.89,93.2,971.2,40.2,107.73,375.8,55.9,Heavy Rains
37.3894,-114.3673,2022-11-20 15:13,23.22,96.5,1003.1,23.4,158.36,161.0,58.7,Flood
38.8375,-86.5539,2022-02-28 16:56,39.94,86.9,1013.7,7.1,3.29,427.1,17.0,Heatwave
42.0656,-111.8412,2016-06-26 07:47,15.7,76.8,971.8,63.4,65.74,213.3,35.1,Heavy Rains
30.5961,-114.4558,2019-08-24 15:30,15.74,61.0,975.6,127.5,15.79,80.6,32.0,Storm
47.1791,-68.8578,2020-08-31 12:54,6.35,57.4,1028.4,1.1,6.23,3298.4,38.2,Normal
40.3864,-124.8247,2023-11-15 06:40,16.11,91.5,978.3,22.5,167.06,152.8,56.8,Flood
36.5006,-82.6885,2023-03-31 05:37,24.56,75.6,942.5,108.3,24.45,396.1,37.6,Storm
31.2278,-89.2542,2022-11-20 14:26,14.86,34.1,1020.8,3.9,24.56,3027.1,23.9,Normal
27.9228,-109.9765,2024-02-09 03:38,25.49,50.1,1014.3,19.2,0.74,1589.7,32.4,Normal
40.7122,-85.8756,2023-12-13 08:28,21.41,76.6,941.2,106.2,58.01,492.3,42.9,Storm
47.0789,-88.5903,2017-06-17 22:14,19.33,84.3,989.4,48.4,178.69,160.6,54.4,Flood
40.131,-86.0087,2018-10-18 13:39,16.83,78.2,968.5,52.6,105.53,1302.9,43.5,Heavy Rains
31.5202,-106.8313,2023-05-19 03:38,17.66,84.0,985.6,54.9,179.22,89.4,59.0,Flood
47.0892,-122.2052,2018-09-18 16:11,40.45,67.1,1016.5,9.8,2.86,449.7,24.3,Heatwave
44.3028,-98.5719,2023-08-31 14:47,26.46,55.2,956.5,147.3,42.48,171.6,37.6,Storm
32.5934,-86.452,2021-08-08 03:02,10.07,80.7,978.8,119.3,48.82,916.0,20.1,Storm
35.276,-89.8794,2022-02-04 13:52,40.86,58.3,1008.8,3.9,2.69,258.9,19.1,Heatwave
33.7869,-112.755,2023-07-30 04:19,17.89,73.5,969.0,139.9,20.05,789.5,33.8,Storm
37.7444,-93.305,2023-09-12 01:19,15.08,58.3,1003.2,14.6,4.57,508.4,26.3,Normal
26.7217,-80.8382,2022-05-27 05:25,21.9,72.8,951.2,114.9,40.69,720.1,39.7,Storm
34.183,-69.0604,2017-07-22 20:54,15.36,87.0,961.1,109.8,17.39,816.3,47.8,Storm
45.1516,-81.6468,2023-02-09 01:49,19.87,88.2,997.2,51.7,89.2,137.1,56.4,Flood
25.6472,-102.5408,2020-12-27 10:05,44.78,61.3,1011.5,0.7,1.9,169.3,11.5,Heatwave
47.3168,-90.5344,2020-07-29 19:32,6.61,26.3,1019.5,49.4,22.41,489.8,19.8,Normal
39.6282,-77.5649,2021-04-17 15:53,8.74,50.0,1031.3,34.8,28.14,2125.0,7.3,Normal
44.4003,-81.5137,2023-02-18 12:43,47.1,81.5,1005.6,3.1,4.36,336.4,22.7,Heatwave
40.5857,-85.0707,2015-08-02 08:28,29.94,83.4,968.2,64.8,94.25,1006.1,42.7,Heavy Rains
29.7584,-85.0281,2020-03-09 05:03,18.02,88.6,982.8,14.5,127.31,188.5,52.1,Flood
27.0086,-85.8616,2022-10-20 09:37,28.18,26.7,1003.2,13.0,23.45,1603.0,23.1,Normal
36.4967,-119.9999,2021-03-05 16:08,42.77,81.1,1019.9,3.5,4.97,434.9,5.4,Heatwave
42.7398,-81.822,2022-06-09 02:07,25.33,31.5,1010.7,11.2,3.03,797.4,11.1,Normal
29.1683,-95.6489,2017-08-02 20:08,34.23,38.4,1000.6,39.2,3.61,1436.8,34.6,Normal
36.216,-68.4211,2019-04-11 07:08,28.15,85.6,995.5,23.7,199.86,153.5,53.7,Flood
27.6547,-106.1333,2018-06-14 07:55,10.93,24.9,1018.7,15.8,8.45,3348.4,37.5,Normal
28.3913,-93.6915,2023-07-27 12:38,8.34,63.5,1021.4,10.4,22.77,2249.5,22.6,Normal
47.8048,-112.3144,2018-01-10 13:48,40.84,62.9,1023.9,6.1,3.09,550.3,22.3,Heatwave
39.9993,-91.1161,2015-09-08 02:22,22.73,97.7,985.3,10.7,107.15,56.6,59.2,Flood
42.0561,-117.2078,2017-05-03 02:21,17.37,61.5,1023.2,32.1,29.88,793.7,11.1,Normal
46.1719,-100.0849,2019-08-14 13:10,45.43,81.2,1020.7,3.1,0.4,500.3,15.3,Heatwave
41.7701,-123.9519,2022-10-18 10:16,40.53,67.1,1019.7,8.7,0.27,523.8,5.2,Heatwave
27.0061,-76.5813,2015-04-03 21:42,29.15,99.5,986.8,34.5,154.36,101.8,51.5,Flood
30.3384,-78.4546,2020-04-11 17:22,41.75,87.0,1005.7,0.3,0.97,262.6,22.3,Heatwave
25.191,-104.0236,2023-01-24 03:10,19.52,71.2,966.3,117.0,25.56,78.4,29.4,Storm
34.84,-68.5943,2021-12-16 00:26,22.28,44.8,1007.6,11.0,3.33,367.1,18.6,Normal
47.6051,-100.995,2017-05-02 13:29,26.0,86.1,971.7,36.4,69.45,628.4,51.6,Heavy Rains
31.7767,-72.3854,2018-03-05 22:54,20.96,81.9,984.7,49.6,184.57,10.8,59.4,Flood
32.0796,-95.2893,2017-10-18 12:51,14.59,57.4,967.5,115.9,16.57,104.8,50.0,Storm
29.0672,-96.3049,2018-07-06 09:08,21.34,58.0,972.1,133.0,50.6,297.5,21.6,Storm
36.0306,-73.7339,2022-07-04 19:46,29.69,96.3,988.7,31.6,86.89,1339.3,53.7,Heavy Rains
38.3443,-124.4801,2017-03-03 08:30,28.23,32.5,1026.4,45.1,2.39,2021.0,5.5,Normal
46.6184,-107.6963,2020-05-21 09:43,24.14,68.0,948.7,117.8,22.68,848.1,44.5,Storm
30.4546,-82.9167,2020-01-05 04:54,33.88,34.2,1022.2,46.1,20.01,3393.2,5.2,Normal
45.7929,-75.6213,2024-04-23 06:34,29.41,98.1,988.0,35.3,57.33,165.4,50.7,Heavy Rains
26.1338,-112.8673,2015-02-22 21:22,22.96,81.6,955.7,129.4,54.12,596.4,39.4,Storm
32.68,-88.4409,2021-10-19 12:44,15.57,62.2,1003.7,21.0,7.34,2682.6,10.9,Normal
42.4141,-97.2301,2017-03-19 15:22,40.15,81.6,1002.5,8.7,4.5,254.2,14.0,Heatwave
34.615,-91.3382,2019-06-06 03:47,28.51,99.6,976.9,58.8,123.94,118.4,59.9,Flood
45.7022,-117.1215,2018-05-08 22:21,22.65,99.6,986.8,32.6,92.41,1112.7,44.7,Heavy Rains
31.9223,-112.4018,2020-11-07 11:36,20.44,82.3,988.3,27.1,92.54,739.2,45.1,Heavy Rains
44.0947,-75.2475,2022-01-22 16:37,27.72,84.2,977.4,33.5,161.3,12.9,55.6,Flood
36.6114,-118.234,2021-07-25 20:06,7.83,38.4,1023.9,5.7,20.19,1636.9,9.4,Normal
27.173,-90.9157,2016-01-18 21:25,27.78,78.6,970.2,35.9,54.98,608.6,54.4,Heavy Rains
44.299,-100.3241,2020-08-29 17:20,14.0,88.0,993.7,32.7,172.8,35.9,51.2,Flood
48.5342,-106.5279,2015-06-13 14:53,45.68,78.6,1014.3,5.3,1.89,470.1,23.0,Heatwave
43.3638,-113.192,2024-04-21 13:52,46.83,68.8,1003.7,12.6,0.01,686.7,7.9,Heatwave
42.7531,-86.0114,2016-11-05 10:31,16.75,93.3,983.9,44.7,74.62,1002.5,44.0,Heavy Rains
25.1837,-72.0196,2024-04-04 09:07,20.58,62.1,1012.6,24.5,29.42,2095.8,21.3,Normal
35.413,-109.4853,2015-04-02 16:19,22.48,93.1,972.1,62.8,67.53,1301.5,37.4,Heavy Rains
39.9039,-89.6576,2017-02-27 02:57,2.7,21.8,1010.9,31.8,9.0,1136.8,8.3,Normal
42.7145,-104.5494,2024-01-16 10:45,45.31,93.0,1014.1,7.9,0.94,790.4,22.6,Heatwave
36.7356,-100.8431,2016-01-04 01:34,15.2,77.4,981.8,36.5,53.06,909.5,55.0,Heavy Rains
45.5474,-119.189,2023-02-21 04:24,29.01,88.5,1000.2,56.3,96.05,193.9,52.6,Flood
28.3685,-77.8913,2017-03-14 19:18,17.79,81.2,988.5,50.8,100.45,1277.8,53.2,Heavy Rains
44.9772,-85.4479,2017-12-21 21:13,13.1,58.5,960.8,131.6,16.6,305.5,35.8,Storm
27.3934,-88.8467,2022-11-22 00:06,9.6,52.5,1019.8,24.8,29.44,3414.0,28.4,Normal
40.025,-122.688,2018-01-18 00:53,29.39,87.0,966.7,20.3,108.92,679.7,44.0,Heavy Rains
46.908,-86.8991,2017-05-20 14:45,18.64,97.9,971.6,34.3,115.14,629.8,42.5,Heavy Rains
27.3454,-97.1636,2021-06-03 22:43,14.12,89.9,999.3,43.4,104.16,59.6,59.7,Flood
30.9577,-102.3214,2023-07-20 15:18,43.08,61.2,1010.3,9.8,3.74,239.1,19.0,Heatwave
34.5083,-103.6149,2015-07-29 17:48,18.12,77.8,973.4,150.9,26.54,414.1,34.0,Storm
30.559,-69.5924,2017-07-16 06:30,31.71,38.9,1016.9,40.0,28.71,957.7,32.8,Normal
44.5034,-92.0027,2015-05-08 13:58,39.33,66.2,1022.3,7.6,3.27,118.9,12.8,Heatwave
46.623,-69.5955,2019-05-16 15:29,19.83,93.0,969.0,23.4,98.13,1018.8,39.8,Heavy Rains
27.7152,-78.9246,2024-07-25 05:36,15.02,70.5,978.2,153.7,15.24,222.3,36.9,Storm
32.3468,-121.2786,2021-08-08 10:19,47.54,73.8,1013.0,7.3,2.17,549.4,7.7,Heatwave
47.734,-115.6879,2019-02-10 17:39,27.0,69.8,953.2,118.6,30.15,872.1,47.7,Storm
36.7579,-70.8988,2017-09-21 13:03,18.78,85.8,964.8,55.2,107.53,1135.1,47.1,Heavy Rains
45.3834,-99.7232,2016-02-09 22:00,10.36,28.2,1020.7,32.9,19.27,2384.8,18.0,Normal
44.371,-73.232,2021-10-08 16:23,26.72,92.8,985.3,63.7,53.38,309.3,44.8,Heavy Rains
42.3307,-81.544,2020-08-28 13:01,10.29,96.6,993.1,17.6,169.63,157.7,52.7,Flood
45.6063,-121.9352,2021-11-13 12:44,4.64,58.9,1012.1,18.0,13.91,437.5,6.8,Normal
29.6001,-122.8546,2023-10-18 23:20,18.02,49.3,1005.4,46.1,4.34,1835.1,31.6,Normal
43.4978,-81.062,2023-10-26 22:03,22.91,76.0,988.4,33.8,89.06,1355.4,47.5,Heavy Rains
32.5855,-69.1018,2020-01-06 10:06,42.63,57.4,1013.7,11.6,3.96,770.5,17.8,Heatwave
34.9957,-119.0021,2019-09-03 15:50,34.7,29.9,1014.2,29.1,11.13,1009.9,20.5,Normal
32.3865,-96.1187,2015-10-05 15:49,39.06,82.7,1008.5,10.1,3.08,23.3,8.5,Heatwave
46.3004,-97.71,2015-11-27 04:17,24.47,82.1,989.9,21.3,125.28,95.0,58.0,Flood
40.0806,-109.6488,2020-02-03 21:00,16.59,80.9,993.7,32.7,193.95,199.0,59.2,Flood
45.8709,-73.3143,2020-01-12 16:05,45.14,81.8,1013.5,9.1,1.74,142.8,15.7,Heatwave
37.3131,-115.0537,2019-05-19 04:22,23.12,91.3,988.8,52.9,101.1,156.2,56.9,Flood
27.2574,-89.8464,2018-01-12 23:14,27.43,22.8,1023.6,12.3,22.01,1518.6,15.8,Normal
36.4886,-72.2913,2017-03-06 20:22,15.45,96.3,983.8,39.5,105.55,1175.0,44.3,Heavy Rains
44.3575,-116.6008,2017-07-09 10:15,47.86,79.8,1019.2,6.4,4.43,460.5,19.4,Heatwave
33.9101,-90.5425,2023-01-05 15:29,14.21,86.6,997.4,59.8,191.7,32.7,57.4,Flood
34.9575,-102.4021,2015-04-20 15:15,42.48,59.2,1005.6,4.5,0.5,571.8,11.7,Heatwave
47.1907,-91.6435,2019-10-08 07:52,24.21,58.1,972.3,108.5,37.71,750.9,42.6,Storm
35.6286,-99.8797,2024-09-01 14:28,18.85,41.1,1026.5,10.3,16.95,2889.0,10.1,Normal
38.3777,-72.7042,2015-07-25 11:29,40.2,74.1,1013.3,7.8,1.59,604.2,13.9,Heatwave
25.5935,-113.4166,2022-08-18 00:38,15.3,63.0,1013.3,42.9,22.25,39.9,20.2,Normal
30.5984,-119.8687,2023-12-27 16:38,34.0,26.3,1018.2,30.5,26.13,1640.3,34.6,Normal
48.971,-118.6753,2016-04-03 05:35,24.54,88.8,958.5,85.5,26.56,244.9,21.6,Storm
33.3487,-105.0277,2019-05-14 06:18,25.95,84.6,969.7,114.9,33.28,867.0,37.9,Storm
26.0677,-118.5369,2022-10-16 15:05,21.34,93.2,966.8,46.8,101.45,855.1,44.1,Heavy Rains
38.5743,-74.0227,2021-07-10 20:42,20.67,91.9,985.5,24.2,175.25,142.3,57.1,Flood
33.9039,-117.9692,2022-09-10 19:31,10.94,79.5,954.8,102.6,51.52,102.5,32.6,Storm
41.7908,-118.5612,2019-03-15 17:27,19.5,84.9,983.3,49.2,101.66,94.6,54.3,Flood
39.5664,-80.26,2019-05-10 16:14,19.72,74.5,960.3,132.6,20.32,529.1,40.5,Storm
27.0318,-109.6,2015-08-11 20:06,16.67,81.9,983.7,34.1,123.1,12.1,57.7,Flood
41.9551,-78.8327,2020-04-25 22:46,20.05,83.6,1004.8,39.6,157.96,45.6,52.2,Flood
29.9747,-84.8157,2022-11-27 15:30,42.14,92.4,1019.9,3.8,0.61,541.3,12.6,Heatwave
48.1322,-93.3435,2020-04-14 13:51,11.42,75.1,948.5,90.2,46.76,552.6,25.7,Storm
32.5892,-71.8178,2020-06-16 19:33,26.03,96.9,980.3,55.4,51.43,62.6,54.8,Heavy Rains
41.5449,-98.215,2020-01-20 10:14,41.59,67.0,1021.5,1.0,1.17,211.6,20.8,Heatwave
45.271,-72.975,2020-07-17 06:25,12.01,95.9,987.4,34.3,156.95,41.8,54.8,Flood
47.8153,-98.8166,2018-01-31 06:52,12.45,84.7,958.3,98.3,22.33,560.0,29.8,Storm
44.1769,-99.0623,2021-08-01 20:42,28.68,57.9,1022.4,23.6,7.09,796.8,11.2,Normal
48.0797,-76.7435,2021-03-16 17:55,16.19,94.9,973.4,43.5,63.35,1206.0,39.2,Heavy Rains
44.3183,-99.2798,2022-11-14 07:30,32.81,53.1,1010.1,1.2,24.27,1731.9,32.4,Normal
47.593,-124.5637,2017-02-19 18:59,13.88,59.9,1029.5,31.9,22.97,783.2,35.3,Normal
44.148,-105.6007,2018-12-24 14:35,39.09,93.0,1002.1,10.1,2.44,606.5,18.8,Heatwave
28.27,-101.0779,2016-01-05 12:59,19.76,87.6,970.1,85.5,17.97,786.3,48.3,Storm
40.1727,-103.5605,2024-07-02 05:01,27.59,81.6,975.2,56.3,166.28,118.2,53.6,Flood
42.8886,-79.7224,2022-10-12 05:24,19.68,92.9,988.0,38.6,96.44,12.6,59.2,Flood
44.6506,-108.772,2024-05-17 00:57,20.17,85.2,979.9,64.2,112.67,871.1,45.0,Heavy Rains
45.0379,-81.8074,2023-03-20 00:17,20.41,80.9,975.4,45.1,102.52,633.2,55.5,Heavy Rains
29.918,-68.2217,2015-02-13 05:43,16.52,90.1,960.0,25.1,101.28,395.1,46.8,Heavy Rains
47.2712,-119.4299,2019-01-23 13:25,-3.23,55.4,1031.8,38.7,7.87,2241.0,32.2,Normal
30.9781,-92.9649,2018-03-10 12:39,32.79,45.0,1012.0,22.5,6.13,2874.2,5.8,Normal
33.111,-86.2934,2016-04-08 17:54,25.33,82.4,984.0,24.7,109.5,146.9,56.1,Flood
46.2738,-109.9811,2018-05-15 12:44,34.19,63.5,1001.5,29.0,7.72,292.0,22.6,Normal
37.4978,-93.0537,2024-01-19 17:39,-3.63,29.6,1032.9,31.9,26.41,595.4,16.1,Normal
28.9403,-112.8716,2024-04-18 17:00,28.73,93.6,968.4,45.0,83.32,281.8,39.6,Heavy Rains
33.2458,-121.0341,2019-08-18 12:34,15.93,85.4,983.7,51.3,86.11,179.7,39.8,Heavy Rains
43.995,-73.4285,2022-11-10 17:59,12.44,80.7,956.4,151.6,36.39,574.6,28.4,Storm
35.6474,-82.5534,2024-05-21 15:08,24.03,76.0,942.2,102.0,20.04,415.5,32.8,Storm
45.5193,-109.378,2019-10-01 10:09,22.02,72.8,975.8,103.9,19.63,905.7,41.0,Storm
27.766,-73.0488,2016-10-13 08:14,18.59,91.1,976.7,22.4,108.22,377.0,36.0,Heavy Rains
41.5137,-123.0747,2023-08-30 23:07,26.26,87.6,987.0,50.9,185.81,171.5,51.7,Flood
47.4572,-114.576,2021-09-26 08:03,16.95,77.4,948.9,150.4,34.83,788.6,34.1,Storm
27.9271,-81.2157,2015-02-21 13:24,45.94,73.3,1018.4,0.5,2.3,616.8,15.4,Heatwave
37.152,-104.9442,2017-12-04 19:46,26.27,94.8,988.6,11.4,90.99,127.7,56.7,Flood
29.9642,-77.189,2016-01-29 05:01,21.97,80.8,1001.7,36.9,107.44,97.2,58.4,Flood
45.076,-78.7438,2015-07-15 20:42,24.33,97.9,986.7,25.4,91.03,0.9,58.0,Flood
38.9447,-86.0092,2016-07-21 13:55,40.24,82.9,1022.5,12.7,2.15,727.2,20.4,Heatwave
48.9393,-110.2127,2020-07-30 16:25,42.49,57.4,1017.7,8.0,0.95,581.2,9.4,Heatwave
34.5448,-72.0112,2023-04-25 08:03,12.81,67.2,968.4,146.3,39.75,108.7,38.1,Storm
34.4643,-121.5298,2020-12-31 01:12,15.26,99.4,967.1,37.5,51.15,880.4,53.3,Heavy Rains
31.4098,-75.7767,2023-01-23 23:24,26.49,74.7,950.5,109.8,35.41,586.8,46.8,Storm
35.1427,-109.1613,2022-10-30 13:48,42.03,59.6,1002.4,11.9,3.02,645.7,19.6,Heatwave
26.526,-70.56,2024-09-21 11:42,23.15,81.8,1003.3,46.2,101.16,22.3,57.6,Flood
44.3181,-87.1103,2017-11-30 02:23,13.66,81.7,950.8,115.8,35.09,375.1,37.2,Storm
26.7421,-72.1013,2024-07-06 11:18,46.08,67.8,1002.2,10.7,2.19,316.1,18.2,Heatwave
25.3823,-114.182,2018-08-15 09:58,22.59,91.1,968.9,45.2,58.34,946.8,36.7,Heavy Rains
34.3147,-83.8861,2021-03-16 21:18,27.17,98.8,988.9,38.6,150.35,103.3,52.5,Flood
41.9724,-92.9673,2016-12-14 15:14,44.99,87.8,1009.5,10.3,1.47,142.2,5.0,Heatwave
36.824,-124.6225,2022-06-10 10:54,43.34,80.2,1012.3,13.8,4.48,695.0,14.8,Heatwave
41.9081,-100.4146,2020-05-31 12:38,47.01,62.1,1002.5,2.9,0.95,557.8,19.4,Heatwave
48.786,-99.5933,2015-01-31 12:38,26.15,90.5,1002.3,54.0,137.92,114.7,57.6,Flood
44.5524,-112.0702,2023-08-24 19:12,26.09,76.1,946.8,106.5,53.38,691.2,44.8,Storm
30.3884,-110.849,2019-09-14 15:17,46.43,78.3,1003.0,9.4,0.26,178.5,15.3,Heatwave
29.897,-75.7649,2016-04-15 10:54,17.08,67.5,967.6,114.4,29.88,337.4,40.3,Storm
28.4559,-74.5613,2015-03-06 16:08,39.76,81.0,1010.4,6.4,3.94,483.5,13.5,Heatwave
26.515,-99.5165,2020-04-23 13:15,18.14,83.2,967.0,59.2,68.44,1377.8,57.4,Heavy Rains
27.7046,-102.9152,2017-01-27 03:47,29.0,80.1,982.8,53.1,67.4,1050.1,39.9,Heavy Rains
48.7209,-116.5544,2024-10-26 04:15,22.69,87.4,968.3,29.1,58.54,105.8,35.2,Heavy Rains
29.4538,-84.0595,2015-11-29 02:00,21.49,92.1,966.3,52.3,74.02,956.9,39.4,Heavy Rains
48.7079,-91.15,2022-12-05 21:41,1.71,62.1,1013.4,29.9,8.4,152.9,14.2,Normal
47.225,-102.6017,2018-07-14 15:20,43.07,65.1,1023.6,1.9,3.85,87.2,7.1,Heatwave
38.2057,-82.559,2023-08-03 15:28,43.03,71.5,1018.2,13.8,2.98,414.1,24.9,Heatwave
43.9899,-82.3402,2021-07-04 23:46,13.05,61.1,1034.4,44.8,7.92,3039.0,9.1,Normal
44.6958,-110.0509,2019-06-08 21:05,34.74,24.9,1022.5,35.1,11.5,1022.5,21.1,Normal
28.8255,-101.2864,2024-06-20 17:51,44.12,73.1,1015.3,10.9,3.06,690.1,22.6,Heatwave
37.2597,-84.1338,2022-07-25 22:13,20.33,91.2,1004.0,16.8,187.93,127.3,52.4,Flood
25.6607,-76.6547,2024-12-22 12:36,34.4,31.6,1007.9,45.9,11.96,1203.3,9.6,Normal
36.6499,-94.2637,2022-07-03 17:15,46.06,87.5,1004.8,1.4,2.16,338.9,14.3,Heatwave
43.3108,-70.4455,2017-03-06 23:22,20.19,89.8,995.7,44.8,159.85,184.4,57.6,Flood
36.3849,-101.7331,2017-08-11 11:41,-3.85,52.8,1014.2,24.3,14.37,3033.7,22.8,Normal
43.5741,-84.7441,2019-03-26 11:19,26.77,86.3,977.3,40.3,109.6,33.1,56.7,Flood
31.5501,-122.7762,2015-01-06 17:17,13.09,56.1,1008.0,44.5,3.05,404.1,13.6,Normal
40.0528,-93.1047,2017-12-16 12:35,27.19,68.1,958.3,142.9,58.68,993.8,40.8,Storm
44.3029,-101.6958,2022-09-18 11:09,42.83,78.8,1006.5,7.5,2.82,489.5,24.8,Heatwave
44.9583,-80.4341,2023-10-07 07:08,14.08,69.9,959.8,157.9,36.13,91.6,21.5,Storm
34.9043,-101.2591,2021-04-22 12:24,41.19,63.9,1016.2,12.9,4.24,74.0,19.5,Heatwave
31.5988,-97.7121,2022-04-05 01:44,24.09,85.5,976.7,38.6,88.5,142.9,55.2,Flood
31.4829,-73.944,2018-02-20 14:28,23.98,84.8,961.7,62.4,111.41,1102.7,52.5,Heavy Rains
29.1788,-96.5577,2019-04-23 12:00,1.49,27.4,1015.8,12.0,22.89,775.7,10.1,Normal
47.7122,-120.2518,2022-07-22 12:57,26.26,49.5,1024.3,4.4,7.35,1739.9,12.3,Normal
32.0846,-113.8171,2019-09-07 13:24,44.13,65.6,1013.8,13.2,1.69,610.7,14.8,Heatwave
44.1033,-79.414,2019-01-15 05:39,14.14,93.8,977.6,34.1,104.93,31.1,55.4,Flood
29.5236,-89.6103,2016-12-07 05:34,18.28,83.6,986.2,61.1,89.98,882.3,55.5,Heavy Rains
48.1328,-98.1251,2019-12-29 14:37,14.85,85.9,999.9,29.6,123.39,20.4,58.6,Flood
36.5265,-116.3192,2020-05-06 10:38,28.44,37.1,1000.9,41.9,27.36,1292.8,31.0,Normal
31.2245,-99.9429,2018-04-23 02:31,17.1,87.3,998.2,36.2,180.39,136.7,52.5,Flood
35.2324,-108.3604,2019-01-02 13:30,17.98,33.2,1032.0,49.5,24.58,1481.4,35.0,Normal
37.1497,-93.158,2019-07-26 14:21,47.52,87.3,1023.9,12.3,4.07,459.9,18.9,Heatwave
35.2653,-76.536,2015-06-30 06:08,27.04,80.5,979.1,43.3,91.86,153.6,51.6,Heavy Rains
48.213,-90.9008,2022-07-10 23:51,10.91,85.1,993.6,25.1,130.39,73.8,59.7,Flood
44.5933,-124.91,2016-11-20 02:49,23.93,90.5,994.6,46.7,104.62,74.6,57.3,Flood
42.7088,-101.5448,2022-05-11 01:47,18.53,75.8,958.1,138.3,30.49,158.8,45.5,Storm
43.4818,-108.9348,2015-02-04 11:50,29.94,98.9,999.7,47.9,86.37,130.2,59.9,Flood
30.5133,-112.4908,2015-02-10 08:26,18.43,57.4,967.0,135.3,34.25,456.3,48.0,Storm
35.6545,-120.6175,2019-03-04 12:33,42.3,68.3,1007.0,13.4,0.13,148.8,15.4,Heatwave
34.4384,-122.8857,2015-09-09 20:09,28.05,81.2,993.9,45.7,160.94,103.4,53.7,Flood
34.1529,-79.6162,2018-08-07 11:24,41.31,84.2,1000.6,7.2,3.85,411.4,15.2,Heatwave
26.1237,-97.9645,2021-01-21 15:42,16.41,96.1,985.3,37.1,51.38,913.7,37.1,Heavy Rains
33.3517,-89.3503,2022-08-14 17:45,23.94,30.8,1014.8,25.2,1.34,3110.3,34.1,Normal
36.5986,-99.9799,2021-11-12 17:35,29.98,79.8,965.6,43.3,74.97,884.4,55.8,Heavy Rains
30.0089,-123.4856,2017-01-27 00:37,16.6,94.5,963.4,25.8,89.79,1390.3,40.6,Heavy Rains
38.9673,-94.6798,2024-04-29 18:46,18.28,80.1,941.7,85.7,50.78,336.8,36.3,Storm
46.2152,-106.8759,2023-07-17 21:30,11.35,80.4,1002.4,32.4,143.77,147.6,55.5,Flood
31.2261,-83.8951,2015-02-19 23:55,29.94,85.1,978.6,27.7,70.82,276.0,54.6,Heavy Rains
26.0206,-78.8585,2020-05-07 12:34,16.6,79.0,988.2,60.3,63.57,534.4,39.3,Heavy Rains
36.387,-114.7232,2024-06-13 19:01,13.75,61.4,965.0,111.5,19.25,922.9,34.1,Storm
28.5383,-75.5111,2019-02-19 22:31,13.39,43.6,1026.6,2.4,6.49,1146.4,10.1,Normal
44.3741,-90.5668,2016-03-05 23:22,25.76,91.1,976.6,64.3,79.9,882.7,36.2,Heavy Rains
36.1767,-117.4877,2023-07-29 17:06,43.1,82.7,1017.8,6.5,1.16,179.0,22.2,Heatwave
37.1173,-81.7713,2023-07-16 10:24,16.43,99.0,985.8,55.1,99.02,810.5,35.2,Heavy Rains
44.182,-73.9376,2018-02-25 21:07,10.43,30.9,1018.3,20.4,15.25,2477.0,30.7,Normal
27.7892,-95.3741,2019-03-11 22:41,-2.92,21.1,1008.1,30.5,4.02,1024.1,24.4,Normal
36.9326,-114.387,2021-12-21 12:12,18.97,92.7,970.5,56.3,112.18,1144.4,57.1,Heavy Rains
34.787,-114.9002,2020-01-31 20:33,17.94,89.6,973.3,38.5,55.77,1108.5,40.1,Heavy Rains
32.7394,-82.1584,2019-06-21 11:56,18.88,58.5,977.7,104.1,34.39,5.7,21.6,Storm
29.2921,-87.9143,2022-05-28 21:51,19.52,88.0,964.5,55.3,58.21,180.6,35.5,Heavy Rains
38.3355,-87.6533,2020-11-03 09:05,-0.23,57.8,1016.1,31.6,9.51,3180.2,37.7,Normal
31.8083,-79.6158,2018-10-14 21:57,10.6,84.9,962.7,146.0,51.38,284.8,43.5,Storm
35.7024,-69.3014,2023-01-12 21:05,19.78,94.3,987.4,51.4,90.41,1441.0,48.1,Heavy Rains
47.0083,-113.1322,2022-06-10 11:49,15.19,59.9,1029.8,9.2,19.14,302.5,10.5,Normal
44.8541,-115.605,2019-07-18 11:41,18.48,85.4,978.1,28.1,174.56,66.8,53.2,Flood
47.6679,-122.7512,2021-10-01 04:34,20.23,76.7,986.1,61.8,94.36,342.5,38.8,Heavy Rains
46.4771,-109.8947,2020-06-26 16:11,42.34,70.9,1004.7,0.6,2.2,210.7,21.7,Heatwave
34.0449,-85.3319,2019-05-20 12:34,16.92,61.0,973.9,128.1,19.24,323.7,26.1,Storm
26.801,-106.2282,2018-05-31 19:50,26.25,85.4,980.1,16.9,137.98,25.1,58.8,Flood
29.3537,-116.8347,2015-01-26 16:04,40.28,80.7,1000.8,10.4,1.08,335.9,11.8,Heatwave
44.567,-78.6207,2019-01-02 17:04,10.44,87.8,952.7,123.9,59.28,36.4,47.6,Storm
27.5407,-100.1664,2024-06-21 16:33,39.71,90.0,1018.6,3.1,3.9,61.1,17.7,Heatwave
42.6779,-77.9143,2021-04-28 03:59,15.66,48.3,1027.0,25.3,27.25,1178.8,19.4,Normal
27.1225,-91.8844,2023-11-12 03:22,21.41,87.4,976.6,31.2,81.56,1027.6,53.6,Heavy Rains
33.0124,-88.7005,2019-03-26 15:16,25.94,95.6,977.9,63.2,113.1,1379.2,55.3,Heavy Rains
48.4911,-90.5033,2023-04-21 00:28,22.44,94.9,972.9,51.9,112.33,584.0,47.5,Heavy Rains
43.4223,-110.5205,2016-12-19 10:22,15.78,85.7,976.5,39.6,53.16,958.2,46.2,Heavy Rains
43.6955,-124.0836,2018-03-23 19:45,9.67,27.3,1028.8,14.1,4.15,2360.6,28.9,Normal
40.2131,-107.3858,2023-03-15 12:34,8.15,49.2,1016.4,31.0,9.42,832.3,10.1,Normal
32.5453,-101.585,2019-09-22 22:41,16.89,87.9,967.8,36.8,49.19,754.0,36.1,Heavy Rains
29.8483,-103.5824,2018-04-29 20:02,14.76,94.5,1004.7,32.2,185.89,26.7,53.9,Flood
45.7663,-99.5468,2020-06-28 17:22,41.99,85.8,1009.4,13.1,4.35,784.6,9.8,Heatwave
35.0551,-112.5305,2019-12-07 20:19,16.89,88.8,944.2,91.6,25.65,366.0,41.6,Storm
47.2734,-111.7814,2024-06-15 11:34,4.23,42.7,1010.4,34.1,18.65,289.4,19.3,Normal
32.0708,-115.452,2023-12-14 14:46,46.07,66.2,1015.7,8.1,2.86,525.1,10.8,Heatwave
36.1017,-80.7573,2021-02-16 03:53,26.51,77.5,966.9,109.1,26.72,105.9,43.6,Storm
30.7156,-100.7037,2016-02-03 10:02,15.24,90.5,988.6,26.7,109.82,1213.5,41.5,Heavy Rains
45.1534,-99.3051,2023-02-26 23:51,22.21,87.5,982.9,34.1,119.93,325.9,48.5,Heavy Rains
41.4459,-102.2802,2015-03-11 04:15,18.75,50.7,1006.3,46.8,23.59,2109.2,27.1,Normal
32.845,-91.964,2024-03-02 17:58,22.78,78.3,960.8,50.4,117.91,245.3,43.4,Heavy Rains
29.4528,-123.933,2023-03-25 15:49,44.58,68.5,1001.6,13.5,4.1,151.9,18.7,Heatwave
39.5481,-95.8964,2018-12-13 22:06,23.25,80.9,976.1,17.1,183.45,42.8,52.2,Flood
30.1288,-104.0294,2022-08-17 11:08,28.29,76.9,978.1,56.4,110.31,977.0,48.2,Heavy Rains
26.0935,-114.3161,2020-02-24 19:31,24.18,59.2,959.7,96.9,53.41,381.1,23.0,Storm
40.5545,-78.4955,2024-10-02 00:44,19.52,82.9,974.1,146.5,25.02,444.7,33.6,Storm
29.7951,-99.7911,2020-02-10 12:06,34.91,26.3,1003.0,15.9,14.27,3371.6,30.2,Normal
32.4134,-68.5509,2018-08-04 03:17,29.94,94.1,989.3,51.4,141.93,140.1,54.4,Flood
35.2589,-83.5777,2021-06-24 04:05,16.46,82.6,998.0,27.6,141.83,95.8,59.8,Flood
45.7581,-117.5824,2017-03-31 13:27,34.35,48.4,1032.0,33.6,0.4,3352.9,14.1,Normal
34.9217,-74.7655,2017-04-14 04:18,19.19,85.7,960.4,55.4,84.72,900.4,43.0,Heavy Rains
41.7401,-87.9607,2015-06-17 17:24,10.37,89.2,954.2,141.5,34.28,337.5,21.1,Storm
32.5841,-121.1621,2023-07-26 00:06,11.42,64.8,978.4,91.9,55.98,851.8,44.5,Storm
46.6555,-78.6318,2024-09-14 15:12,45.87,75.4,1012.9,7.0,1.54,18.5,23.9,Heatwave
42.4092,-84.0327,2021-12-16 08:59,31.71,30.8,1025.2,29.8,0.41,2850.1,24.3,Normal
30.1384,-101.5194,2021-11-23 05:06,25.99,95.0,979.7,46.3,93.03,392.6,47.7,Heavy Rains
37.8278,-114.2647,2015-09-18 03:21,21.39,89.0,1001.8,14.7,97.0,110.0,51.3,Flood
26.077,-68.7698,2021-05-02 15:02,10.96,81.9,984.3,59.0,171.44,190.8,55.5,Flood
43.4061,-94.3547,2024-04-28 14:08,25.23,59.3,950.4,99.7,43.88,424.8,36.6,Storm
32.8541,-102.8905,2022-10-20 02:04,14.01,74.0,954.5,151.4,28.35,183.6,44.9,Storm
25.7495,-89.0317,2015-05-24 06:27,16.7,79.1,941.9,105.4,28.3,949.7,27.6,Storm
42.903,-76.2209,2018-11-08 12:02,10.21,82.3,1002.5,26.4,171.1,96.5,51.6,Flood
36.1235,-83.2295,2019-07-01 00:03,13.32,32.6,1032.1,37.9,22.75,1985.0,29.4,Normal
42.3979,-80.0874,2019-03-06 01:15,23.97,93.0,988.6,15.7,142.37,6.7,53.5,Flood
48.7329,-92.2946,2016-06-29 06:12,15.05,88.8,983.6,20.1,103.64,162.0,58.3,Flood
45.0118,-72.4301,2018-09-15 17:58,43.27,57.4,1003.4,2.2,2.3,692.2,22.9,Heatwave
31.2649,-95.233,2015-11-02 06:15,7.95,63.9,1031.5,5.6,13.29,1896.0,36.9,Normal
28.583,-74.2311,2015-01-05 04:02,19.56,72.5,942.7,104.7,29.61,135.9,26.8,Storm
36.4645,-68.5776,2015-10-06 02:36,17.47,90.7,972.4,48.2,115.32,1250.6,44.3,Heavy Rains
29.2119,-76.1996,2017-03-02 16:52,42.85,68.8,1010.0,1.3,4.91,382.0,23.7,Heatwave
39.4716,-68.7469,2019-03-19 08:59,19.72,95.1,993.1,26.8,163.41,68.3,53.8,Flood
36.0866,-98.5881,2017-11-13 00:44,20.73,55.0,957.4,91.8,30.49,162.1,41.4,Storm
28.1397,-69.1515,2023-08-25 12:47,42.98,83.5,1014.0,1.6,4.73,552.8,8.0,Heatwave
40.8889,-74.5098,2015-01-12 12:22,24.55,77.2,981.7,32.4,56.25,597.7,37.8,Heavy Rains
41.3446,-110.5338,2020-01-15 07:02,24.58,85.2,978.5,125.5,58.36,710.5,25.3,Storm
36.2139,-106.5895,2016-07-26 18:24,23.17,98.0,984.7,15.2,126.27,179.3,52.4,Flood
47.8708,-84.7566,2015-10-02 19:18,17.12,88.0,974.8,29.7,81.79,1437.4,49.5,Heavy Rains
37.5601,-103.4552,2018-07-11 15:41,17.54,88.1,965.3,60.4,46.07,1423.1,42.9,Heavy Rains
27.9924,-102.4037,2020-07-05 11:41,25.22,83.8,961.6,152.0,40.12,560.2,48.9,Storm
45.6805,-77.446,2017-09-17 18:50,19.19,81.1,965.3,24.9,63.62,978.2,52.4,Heavy Rains
38.5512,-115.1712,2021-11-26 22:11,10.74,60.9,961.9,118.4,27.0,267.3,43.1,Storm
40.042,-109.3479,2020-06-07 11:45,41.57,66.6,1008.0,7.6,0.69,185.0,18.9,Heatwave
31.7073,-124.8194,2017-06-21 21:19,21.53,96.5,985.5,40.1,62.41,1278.6,44.4,Heavy Rains
30.8138,-73.8659,2019-05-15 23:30,25.56,63.6,973.3,93.6,17.49,396.8,43.8,Storm
46.4078,-94.3468,2022-07-31 19:00,13.55,46.1,1008.5,15.9,16.06,474.5,16.9,Normal
38.5682,-108.2188,2018-09-15 16:56,19.64,90.5,989.2,28.8,58.13,326.0,39.3,Heavy Rains
33.8132,-71.3271,2023-11-09 21:01,27.48,85.6,972.3,105.4,54.47,510.0,24.4,Storm
45.2298,-122.4203,2017-01-16 13:56,24.09,86.3,996.7,47.9,136.74,160.8,54.1,Flood
32.938,-114.9077,2024-04-28 12:52,18.43,97.9,972.1,27.0,89.91,951.6,40.9,Heavy Rains
37.7028,-73.0075,2017-04-05 13:01,15.5,30.5,1011.1,23.5,1.26,222.3,5.7,Normal
34.9254,-99.2995,2019-05-30 12:29,44.31,83.8,1005.0,6.4,1.25,553.4,23.1,Heatwave
33.5122,-82.2333,2016-10-03 09:55,28.1,79.7,983.7,52.5,72.68,838.0,39.3,Heavy Rains
25.1233,-77.2944,2024-12-03 13:20,11.37,81.5,942.8,120.3,16.54,918.9,36.7,Storm
48.5061,-113.5619,2020-07-07 16:11,44.81,60.2,1013.5,6.0,3.07,85.0,13.8,Heatwave
30.2083,-76.5324,2017-09-17 04:44,22.72,79.5,948.3,136.2,24.46,998.3,32.1,Storm
34.2841,-77.1785,2016-06-24 16:23,43.92,62.7,1011.8,13.8,0.36,469.9,5.3,Heatwave
44.6701,-81.4951,2016-02-10 16:13,24.32,99.3,980.2,47.7,85.5,144.3,59.3,Flood
26.943,-74.7917,2022-09-05 23:59,11.1,98.9,995.2,54.4,97.76,72.8,56.6,Flood
34.7729,-93.1206,2023-05-25 01:42,10.41,34.5,1012.3,0.9,25.2,76.1,7.8,Normal
39.5271,-72.5984,2021-01-01 15:32,22.32,93.9,985.2,46.5,87.01,1039.2,48.8,Heavy Rains
42.7203,-99.8046,2019-11-30 01:42,29.0,94.2,965.7,29.5,68.84,874.8,56.8,Heavy Rains
48.2918,-103.7307,2019-06-05 15:19,22.82,91.8,987.3,11.9,190.98,76.6,56.1,Flood
39.4361,-123.9012,2022-03-05 09:22,23.95,76.4,956.3,87.0,32.12,179.6,38.5,Storm
37.422,-111.3008,2018-05-12 00:55,21.52,40.7,1012.8,23.5,27.73,3153.8,15.2,Normal
31.0595,-75.8818,2015-07-30 11:52,39.59,75.2,1014.4,9.6,0.76,648.9,24.0,Heatwave
25.8873,-105.9339,2015-12-12 23:46,24.8,82.5,1004.8,24.2,95.67,109.8,55.7,Flood
39.4624,-74.2181,2020-03-10 23:17,16.0,84.7,965.8,54.6,98.39,577.5,52.9,Heavy Rains
43.0893,-75.1444,2018-09-15 09:47,13.99,79.8,970.6,144.4,28.74,121.3,37.1,Storm
42.1201,-84.6182,2017-05-19 23:38,15.12,81.9,976.8,26.6,112.01,180.7,60.0,Flood
30.0144,-110.0857,2023-01-18 14:58,8.45,40.5,1019.5,42.7,6.62,1011.6,22.5,Normal
43.6348,-101.7658,2017-09-30 18:42,12.76,85.2,983.6,25.7,94.37,83.8,59.8,Flood
36.1194,-77.0525,2021-06-10 01:53,18.51,61.6,1006.1,25.8,4.64,3166.1,15.3,Normal
35.4967,-105.1509,2016-01-02 08:23,28.67,81.5,964.7,29.9,88.91,799.9,47.2,Heavy Rains
31.0116,-122.8672,2021-11-11 23:04,18.83,87.5,993.9,11.5,105.02,21.4,55.0,Flood
25.2714,-110.9877,2018-03-13 00:45,15.61,86.2,944.6,105.7,15.83,761.1,38.1,Storm
26.9995,-122.8907,2021-11-15 22:57,22.39,30.4,1023.9,19.3,27.35,2786.3,24.9,Normal
25.7471,-88.359,2019-10-25 23:35,10.07,48.0,1009.8,23.0,25.16,1023.9,23.1,Normal
38.3778,-72.9651,2018-09-17 13:26,15.88,83.1,983.2,42.8,104.42,702.2,45.2,Heavy Rains
34.2261,-120.609,2015-07-22 23:12,22.56,63.9,965.1,115.1,36.04,979.5,38.0,Storm
27.4709,-87.922,2015-08-01 08:56,23.9,87.2,965.7,152.6,44.43,93.2,20.0,Storm
27.3185,-77.3831,2024-11-22 21:10,24.48,80.9,990.4,50.8,122.11,124.7,56.6,Flood
48.2254,-89.0111,2021-05-29 17:22,16.25,93.7,975.9,33.7,101.31,704.7,45.7,Heavy Rains
32.1784,-78.5443,2019-05-24 05:01,20.96,86.7,995.3,59.5,172.14,77.8,55.8,Flood
30.5841,-93.6528,2018-09-13 02:00,15.87,83.7,974.3,105.7,37.44,259.6,49.8,Storm
46.8679,-70.832,2015-03-12 12:18,11.75,64.1,962.0,146.9,59.04,665.0,46.9,Storm
41.6131,-121.5999,2015-05-12 04:07,27.03,89.2,980.1,27.2,186.94,120.1,58.1,Flood
40.7975,-109.3546,2024-04-22 10:58,44.46,75.4,1022.6,4.0,3.99,485.7,12.0,Heatwave
41.4291,-78.0112,2022-07-16 15:39,29.34,54.1,1006.6,39.9,21.75,352.0,10.0,Normal
48.3152,-123.7777,2024-10-29 01:01,25.47,96.2,991.0,53.0,163.42,146.8,56.0,Flood
45.1168,-74.5032,2017-06-19 09:17,29.66,40.7,1031.0,8.7,12.4,475.7,13.6,Normal
27.8915,-113.2561,2022-01-19 14:21,14.02,73.6,967.5,86.7,56.52,558.1,40.3,Storm
28.2144,-109.925,2019-11-01 15:48,42.63,57.8,1001.3,7.9,1.81,230.9,12.7,Heatwave
27.9722,-97.2175,2019-08-10 04:49,23.13,84.5,986.9,25.0,134.26,36.3,58.3,Flood
40.5432,-81.9589,2022-12-16 13:49,45.52,63.5,1011.2,13.8,0.37,770.0,19.7,Heatwave
43.4395,-121.8115,2024-06-14 10:51,41.84,66.4,1005.3,13.2,4.38,251.7,18.1,Heatwave
47.7981,-73.0916,2018-12-24 20:28,24.81,88.7,997.7,45.0,169.35,144.0,56.3,Flood
31.8866,-81.5052,2021-07-08 08:19,21.81,70.4,956.8,158.5,45.82,604.7,25.7,Storm
34.604,-90.0822,2020-06-07 02:22,18.56,98.6,1002.9,59.3,183.57,180.1,57.6,Flood
37.9729,-123.7151,2021-09-29 09:59,26.56,87.8,985.7,53.6,103.15,57.3,55.8,Flood
37.7859,-102.1535,2018-05-22 16:15,44.59,77.4,1024.3,5.4,1.7,651.1,16.8,Heatwave
34.9918,-116.4946,2022-10-23 16:11,45.79,74.5,1021.2,4.2,3.54,644.6,23.3,Heatwave
46.9175,-115.0213,2015-06-02 12:59,47.28,94.9,1009.9,6.9,4.68,769.7,23.5,Heatwave
42.5004,-96.6288,2020-10-29 12:56,44.48,83.6,1024.5,0.0,0.12,500.4,7.4,Heatwave
40.7585,-77.3788,2021-08-30 11:45,47.62,59.4,1015.1,5.3,3.82,518.3,21.1,Heatwave
44.1954,-101.8498,2016-12-03 04:00,20.03,73.6,972.8,103.0,20.4,56.8,42.7,Storm
47.4931,-88.247,2020-05-05 09:43,24.24,86.2,982.4,50.7,90.95,550.5,57.7,Heavy Rains
39.4021,-76.2001,2023-04-08 16:30,15.86,87.8,968.7,137.5,33.27,895.7,34.8,Storm
28.2278,-75.9832,2022-10-10 22:15,26.93,89.5,962.9,61.3,118.91,1077.1,47.3,Heavy Rains
28.7463,-82.2921,2022-11-22 11:37,27.42,30.6,1019.2,39.6,17.56,1558.1,28.7,Normal
26.2235,-98.7377,2020-03-28 17:54,17.57,77.2,961.6,27.1,94.9,89.8,53.5,Heavy Rains
40.1276,-109.3126,2024-04-04 17:08,15.01,99.2,988.8,55.0,64.94,630.2,51.0,Heavy Rains
35.3678,-92.5395,2018-04-20 16:48,18.64,80.2,940.8,93.9,36.24,414.4,39.3,Storm
36.5469,-80.831,2017-10-26 17:12,18.73,84.3,941.6,150.9,40.18,106.0,47.1,Storm
43.0157,-113.3085,2018-11-11 06:38,-0.64,26.2,1032.6,43.0,17.66,3147.5,5.4,Normal
46.3161,-85.9407,2015-06-11 01:18,20.5,62.3,956.1,119.4,26.42,279.7,37.3,Storm
39.2939,-105.6038,2020-12-20 07:36,10.31,86.7,972.5,136.3,30.32,95.2,22.5,Storm
25.3848,-117.0611,2023-02-01 17:58,11.65,72.7,975.9,133.9,38.1,596.5,43.0,Storm
45.7562,-82.6825,2021-04-20 16:15,43.6,87.1,1017.4,9.7,0.23,305.3,13.3,Heatwave
28.9359,-83.204,2023-12-07 11:07,45.36,80.7,1002.1,9.9,3.63,780.2,17.2,Heatwave
28.8929,-92.6531,2019-05-25 06:07,17.56,55.5,942.2,115.4,54.82,968.8,32.5,Storm
33.2732,-89.0699,2019-03-30 06:00,23.43,95.2,962.9,57.4,111.17,1161.4,53.6,Heavy Rains
29.4179,-121.9367,2017-11-28 13:21,29.27,85.9,981.0,57.1,140.39,106.6,58.1,Flood
41.1124,-75.2613,2015-11-01 21:23,30.67,52.2,1008.3,6.6,26.22,2.7,20.3,Normal
34.3796,-109.124,2016-01-10 10:49,20.62,55.6,971.1,128.6,24.92,533.6,27.9,Storm
41.3539,-75.1209,2015-01-22 18:50,25.95,96.0,974.8,30.7,77.23,939.2,43.9,Heavy Rains
27.6003,-111.6722,2019-03-02 10:39,46.96,77.9,1022.9,3.1,0.32,659.1,23.2,Heatwave
46.8053,-72.8743,2022-01-31 03:04,12.17,29.5,1021.2,22.2,8.47,577.1,5.7,Normal
42.1437,-106.4814,2022-08-24 12:32,24.52,94.8,999.8,16.6,195.13,157.7,52.1,Flood
43.2432,-107.7471,2019-08-08 04:23,8.32,21.3,1019.5,48.5,12.73,1855.1,38.6,Normal
42.0842,-99.4541,2022-03-30 10:05,41.65,71.8,1006.1,9.3,1.85,442.8,11.9,Heatwave
28.8166,-114.5367,2021-03-25 11:00,23.59,73.7,953.8,144.7,57.02,405.7,42.7,Storm
42.8573,-109.4136,2023-04-05 12:56,22.93,89.8,987.8,28.8,102.73,1110.3,35.9,Heavy Rains
31.1669,-103.564,2021-06-15 13:16,27.49,67.0,963.8,128.1,50.56,689.5,23.4,Storm
40.0221,-113.3174,2023-12-15 23:19,18.85,60.2,949.2,126.9,33.98,491.2,32.3,Storm
35.6207,-82.8676,2019-12-25 12:54,24.23,84.5,976.2,32.2,111.14,762.7,53.2,Heavy Rains
37.1092,-115.1641,2015-12-12 13:45,42.94,73.1,1013.1,2.2,1.86,226.3,13.2,Heatwave
34.3445,-70.338,2017-04-23 13:41,0.12,61.7,1029.5,1.2,2.65,341.9,30.4,Normal
29.2458,-76.4962,2023-04-04 02:26,26.68,82.4,988.3,45.5,121.14,170.7,53.5,Flood
44.2594,-85.61,2017-06-27 13:58,-0.18,57.7,1002.7,30.7,15.81,937.2,6.3,Normal
30.1001,-87.4171,2018-01-16 13:35,8.14,53.7,1008.6,28.9,12.39,354.4,30.6,Normal
38.7924,-103.1126,2016-06-11 14:00,22.29,99.0,972.1,54.7,67.72,425.0,49.6,Heavy Rains
48.6827,-76.1305,2023-12-01 07:04,24.25,97.1,985.6,47.9,109.29,1422.8,56.4,Heavy Rains
37.6201,-80.9185,2023-01-22 14:52,23.47,82.4,996.4,19.5,184.12,155.6,53.6,Flood
28.2743,-96.6251,2023-03-13 21:43,27.76,94.0,987.2,40.8,189.75,148.4,57.4,Flood
36.1031,-75.1543,2018-02-14 11:28,46.27,89.4,1002.4,9.1,2.7,11.8,6.9,Heatwave
45.2979,-80.364,2023-05-15 16:57,18.43,80.1,979.9,37.9,52.41,527.8,36.5,Heavy Rains
38.5491,-120.9071,2019-07-15 09:57,34.94,30.3,1026.7,41.9,20.03,1353.1,36.1,Normal
35.9548,-72.6722,2015-05-16 13:17,42.32,74.1,1009.9,12.9,3.41,193.6,14.8,Heatwave
34.4416,-116.0507,2020-06-29 15:43,42.17,80.4,1005.9,13.7,2.51,649.5,17.5,Heatwave
45.2671,-74.1904,2016-06-28 09:02,16.33,62.8,969.8,104.2,48.93,699.9,44.5,Storm
48.2736,-78.0356,2017-05-05 06:53,22.89,89.7,986.5,25.5,99.63,1219.7,53.5,Heavy Rains
39.1075,-118.8436,2018-09-06 00:38,24.27,91.9,1000.2,55.2,99.49,101.3,54.2,Flood
31.699,-88.4355,2023-09-03 16:43,47.83,76.9,1023.5,1.6,4.85,142.9,24.3,Heatwave
36.4654,-72.4763,2017-09-19 11:40,24.13,80.6,995.0,17.4,154.63,187.9,52.3,Flood
32.8508,-96.0976,2015-11-01 08:29,22.61,90.3,998.3,45.3,121.2,184.0,54.9,Flood
42.8658,-68.9711,2016-09-10 18:26,13.68,61.2,943.0,122.2,28.43,144.2,28.7,Storm
45.9275,-114.3433,2023-12-19 15:12,43.12,66.2,1021.6,7.4,3.2,477.6,17.2,Heatwave
40.8917,-93.3481,2016-01-14 11:44,14.66,72.5,969.6,157.2,28.91,972.8,25.7,Storm
26.6892,-91.783,2021-12-04 14:40,28.1,94.7,963.2,25.5,97.81,339.3,52.2,Heavy Rains
41.4014,-116.6536,2018-03-19 10:44,46.06,64.0,1013.5,5.0,2.26,492.9,18.5,Heatwave
43.0386,-81.2484,2022-05-31 14:12,15.87,90.0,990.1,37.1,178.09,107.6,51.2,Flood
48.3203,-114.5911,2024-09-21 16:12,17.13,92.0,983.3,28.9,100.84,812.1,52.9,Heavy Rains
37.1335,-78.9221,2020-07-02 13:54,27.26,66.2,949.6,110.3,48.5,914.4,23.3,Storm
40.5506,-70.4287,2023-03-07 10:35,46.87,61.5,1001.0,8.0,1.97,438.0,6.7,Heatwave
38.4796,-106.8104,2020-10-10 17:07,41.41,65.7,1002.4,4.1,1.92,492.3,10.0,Heatwave
30.6101,-121.7205,2022-08-14 10:49,16.67,63.2,940.2,144.1,45.93,943.6,38.1,Storm
44.5498,-74.4153,2023-04-04 09:39,23.55,77.1,990.0,39.9,48.06,844.6,50.4,Heavy Rains
40.0585,-88.612,2016-08-11 18:55,12.07,89.2,992.9,15.4,117.48,178.0,51.8,Flood
27.2335,-69.8875,2019-10-26 17:17,19.67,98.2,991.0,22.2,86.98,98.9,54.5,Flood
47.7026,-87.8359,2019-11-14 07:44,16.27,91.1,971.7,41.2,116.35,448.3,49.9,Heavy Rains
38.8632,-83.8802,2021-06-27 17:10,43.72,84.1,1019.4,5.3,4.11,193.8,16.5,Heatwave
48.2967,-101.128,2016-06-14 12:34,32.15,58.6,1005.0,33.6,25.99,2680.7,31.3,Normal
48.5521,-93.123,2020-07-31 22:01,21.95,30.2,1019.5,38.7,20.03,340.7,33.8,Normal
43.3798,-79.3151,2023-11-22 14:25,17.48,75.0,964.4,59.7,67.6,166.5,40.4,Heavy Rains
41.948,-114.9999,2015-09-02 20:09,18.68,58.7,942.9,119.9,31.69,887.0,32.8,Storm
43.5426,-90.3684,2015-11-04 13:30,28.97,36.6,1013.3,43.0,5.63,251.1,24.4,Normal
25.6066,-120.9272,2021-02-15 14:56,25.97,55.7,948.4,159.8,33.0,194.0,46.6,Storm
43.5553,-87.9247,2016-10-13 19:35,3.74,57.3,1008.8,12.2,29.26,1507.2,25.9,Normal
48.2976,-103.011,2018-04-07 05:27,12.75,54.2,1029.4,32.6,23.7,2165.9,19.9,Normal
38.8423,-122.4901,2015-02-24 02:49,28.15,92.7,981.6,29.1,65.05,1023.3,57.2,Heavy Rains
26.7069,-75.588,2015-03-03 15:06,12.45,78.2,945.8,90.5,24.08,243.7,41.5,Storm
30.7448,-104.5708,2021-04-16 02:47,11.35,29.7,1002.0,28.2,21.86,441.3,30.6,Normal
26.1804,-70.2094,2021-08-24 18:20,15.72,96.6,968.8,21.9,106.31,675.2,41.5,Heavy Rains
39.3928,-115.9575,2018-09-12 16:44,19.91,32.4,1024.8,48.3,2.61,2400.4,29.7,Normal
31.1971,-124.0651,2021-07-01 22:06,13.3,58.4,1022.5,43.6,26.0,1516.3,6.8,Normal
32.8781,-109.6824,2015-12-11 10:08,26.14,57.0,976.1,109.3,40.58,609.4,22.1,Storm
25.662,-87.71,2023-11-28 17:53,19.27,24.7,1007.6,0.3,11.14,2676.6,35.9,Normal
38.451,-120.6427,2018-12-12 11:41,19.68,84.6,998.6,21.5,180.2,196.4,59.3,Flood
39.401,-99.1494,2016-04-15 15:05,4.45,40.1,1024.0,5.8,22.66,1753.6,19.5,Normal
35.467,-77.1137,2022-03-09 12:43,45.6,90.2,1011.6,5.0,1.53,441.3,8.5,Heatwave
26.0942,-92.8889,2018-02-26 22:16,-1.46,22.8,1002.5,21.7,18.01,131.9,39.8,Normal
41.1575,-71.2125,2016-04-04 09:28,1.17,28.7,1007.4,21.0,0.53,1805.2,30.5,Normal
27.5805,-77.8268,2020-02-02 06:06,18.25,79.3,978.6,29.7,76.46,1105.4,56.9,Heavy Rains
29.0218,-78.9601,2024-09-26 15:26,44.68,78.3,1021.2,1.0,0.81,182.6,11.3,Heatwave
38.7484,-97.1365,2020-11-09 00:43,16.59,58.3,944.2,93.4,34.64,535.5,30.0,Storm
39.5082,-96.119,2019-05-19 19:14,34.25,21.4,1003.7,49.5,21.02,1192.6,20.8,Normal
45.7103,-111.0606,2024-08-18 17:23,42.45,61.9,1023.3,12.0,2.76,731.2,19.8,Heatwave
27.1514,-76.0353,2022-12-02 21:50,25.15,70.2,967.6,104.7,53.68,779.4,34.4,Storm
42.5931,-76.6871,2021-01-16 16:51,11.03,89.4,990.7,32.1,115.96,166.4,53.6,Flood
45.8677,-115.4932,2023-07-21 13:16,30.32,27.8,1014.9,25.7,15.77,1789.1,32.4,Normal
38.8396,-92.7943,2023-05-04 15:33,43.71,83.3,1002.4,9.3,1.24,276.6,18.5,Heatwave
35.7991,-124.7862,2021-05-03 08:36,20.9,28.9,1016.7,17.0,4.85,3183.2,17.0,Normal
46.7094,-77.5964,2016-06-25 20:14,20.66,60.7,949.2,127.6,19.64,975.8,49.6,Storm
46.4296,-118.8141,2024-06-14 05:13,16.1,85.4,973.0,51.5,57.46,1084.9,51.4,Heavy Rains
44.4323,-69.3784,2016-08-11 03:35,13.39,97.3,989.7,22.5,101.25,122.7,55.3,Flood
38.5634,-121.2744,2021-10-05 04:47,11.3,85.2,992.1,21.4,145.15,155.7,52.7,Flood
42.4302,-103.2779,2022-05-15 20:05,29.1,99.2,1004.8,38.3,199.75,125.4,57.6,Flood
31.8279,-77.7034,2021-03-01 15:22,47.67,66.8,1015.2,2.7,4.65,459.9,10.2,Heatwave
36.0618,-75.788,2015-06-03 18:32,28.03,85.3,995.9,39.4,198.36,75.2,54.5,Flood
44.2938,-68.1253,2020-06-13 04:55,17.33,63.7,967.4,128.2,56.53,363.3,49.3,Storm
31.7228,-104.2903,2015-10-07 02:04,13.58,95.4,982.7,33.7,114.44,174.5,56.9,Flood
42.0723,-77.1271,2018-02-11 17:28,19.8,95.8,995.6,37.9,135.07,69.3,51.2,Flood
30.098,-108.0754,2016-07-20 21:04,20.88,73.4,974.7,85.7,45.27,331.4,29.6,Storm
35.7659,-116.6435,2021-07-22 03:05,29.64,99.1,981.9,44.2,91.95,1448.6,56.3,Heavy Rains
37.4853,-113.5737,2024-01-23 03:04,34.54,59.7,1028.9,1.4,28.47,171.5,36.1,Normal
27.6704,-121.58,2018-03-20 20:02,22.08,83.5,979.8,29.8,133.72,188.7,55.1,Flood
37.0,-81.2591,2018-11-10 07:03,23.57,86.8,1004.3,46.9,134.95,57.6,55.4,Flood
44.1871,-82.455,2020-10-16 00:04,23.51,97.1,967.2,32.7,105.73,1148.7,50.4,Heavy Rains
37.8791,-70.2603,2016-08-25 16:42,14.6,73.9,955.1,131.7,41.07,988.2,35.8,Storm
48.5477,-87.751,2020-10-16 13:49,25.9,80.7,967.9,62.0,107.58,587.6,42.0,Heavy Rains
29.8633,-121.4385,2015-08-28 22:12,11.89,70.6,972.3,131.7,56.06,49.5,22.7,Storm
31.4137,-108.2853,2021-02-01 13:01,21.7,82.4,961.1,25.0,99.89,820.3,44.1,Heavy Rains
38.6664,-83.2481,2019-07-17 16:41,26.55,79.4,989.5,26.2,87.59,1454.9,52.4,Heavy Rains
25.0131,-74.9962,2017-06-26 18:35,13.42,78.3,941.6,121.2,45.0,540.9,27.1,Storm
43.3809,-93.5677,2024-11-16 10:47,4.99,33.0,1030.7,35.4,29.7,1728.5,25.7,Normal
27.4588,-88.8757,2024-10-13 21:17,18.16,73.5,962.6,129.4,50.74,926.6,37.3,Storm
46.7235,-90.9859,2024-05-20 10:40,43.64,65.4,1003.6,6.0,3.07,192.5,13.3,Heatwave
36.3563,-104.786,2015-05-12 21:40,17.72,88.0,1002.1,54.7,190.82,118.8,52.6,Flood
27.2467,-97.7289,2022-03-21 19:43,30.09,30.0,1009.6,41.1,7.9,1089.1,39.4,Normal
47.8745,-76.1991,2022-02-19 16:11,16.89,76.5,984.1,61.8,109.89,416.6,47.2,Heavy Rains
35.4496,-105.6436,2018-05-21 20:11,21.39,82.1,971.6,57.0,47.61,1439.8,44.7,Heavy Rains
36.5564,-97.7076,2016-04-09 13:37,40.45,88.5,1000.6,0.6,2.87,128.9,17.6,Heatwave
35.4772,-83.7243,2017-04-12 04:43,23.33,94.4,960.1,27.2,52.49,847.3,44.1,Heavy Rains
34.6227,-72.4924,2021-07-08 18:41,10.73,84.4,981.1,53.2,130.53,60.9,59.0,Flood
41.7939,-93.0344,2017-09-29 04:54,12.11,87.5,992.1,52.7,110.65,174.0,57.0,Flood
32.7092,-95.8705,2017-11-08 12:21,26.7,92.5,987.3,36.2,116.71,1138.2,46.4,Heavy Rains
29.7001,-104.4235,2015-02-13 06:00,21.72,86.6,1002.3,55.8,142.82,2.6,53.5,Flood
38.7757,-98.2483,2023-10-24 02:44,22.35,83.6,975.5,48.4,63.87,438.9,41.2,Heavy Rains
25.4861,-77.7961,2018-02-18 19:27,10.69,60.7,1024.2,30.0,13.28,347.2,15.3,Normal
28.1145,-74.598,2021-03-09 11:19,42.58,84.0,1012.0,5.8,2.05,459.9,7.5,Heatwave
38.3179,-97.0904,2016-12-10 12:11,41.83,73.6,1001.3,5.0,0.05,109.2,21.3,Heatwave
45.8453,-103.517,2016-07-27 01:07,16.98,31.1,1026.3,19.0,1.99,2045.9,31.3,Normal
47.3869,-82.7709,2016-10-07 01:54,14.48,65.9,951.4,104.9,24.36,107.8,29.0,Storm
40.1661,-100.4108,2017-11-29 01:51,19.15,60.9,1002.8,11.6,2.81,1668.2,36.6,Normal
45.4775,-88.3347,2021-07-01 17:44,15.38,78.1,946.9,135.7,59.58,821.9,24.5,Storm
44.7577,-113.9617,2024-06-02 11:22,25.82,96.0,962.0,53.4,94.14,1217.8,39.9,Heavy Rains
34.4989,-86.7137,2017-12-23 14:29,41.85,85.3,1001.8,6.4,4.99,796.9,6.5,Heatwave
48.7211,-111.7415,2022-11-26 19:48,27.94,86.2,997.1,47.9,156.27,11.9,54.4,Flood
27.6633,-71.7034,2016-09-04 21:12,29.42,83.0,981.3,62.7,51.23,924.1,53.4,Heavy Rains
32.8412,-93.2925,2020-12-14 01:24,15.57,65.7,945.2,147.8,15.04,794.6,25.3,Storm
25.3981,-98.7317,2017-09-12 08:01,19.52,90.6,985.6,15.9,148.28,70.5,52.9,Flood
27.8442,-80.3348,2023-08-17 03:02,18.11,95.2,982.1,38.6,62.24,701.5,41.4,Heavy Rains
25.0779,-83.8408,2020-02-02 14:32,45.86,75.8,1002.7,8.8,4.21,406.1,9.0,Heatwave
47.0061,-69.934,2022-05-13 23:36,21.34,60.8,944.1,120.1,17.11,315.6,36.8,Storm
42.8826,-107.5973,2023-11-18 21:38,1.7,37.2,1019.4,28.4,15.6,889.1,27.9,Normal
27.3304,-112.4407,2024-07-29 17:48,33.18,24.1,1031.2,38.3,21.97,3474.6,38.6,Normal
34.0894,-95.4246,2019-08-11 08:28,24.95,96.4,964.4,37.5,59.1,1015.5,56.8,Heavy Rains
43.9616,-117.9269,2024-03-07 06:42,27.95,83.6,993.0,19.0,148.79,159.3,52.1,Flood
40.9599,-116.3582,2022-01-22 16:26,25.74,82.8,987.9,55.9,188.28,189.4,55.6,Flood
29.4149,-85.9965,2019-11-16 10:11,12.2,79.2,955.9,147.4,24.57,327.4,26.8,Storm
48.1619,-89.2703,2018-06-26 00:48,16.02,77.9,973.4,41.9,80.05,1375.2,35.9,Heavy Rains
33.4552,-105.7028,2015-07-01 12:53,46.01,74.1,1017.4,8.8,4.06,50.5,20.5,Heatwave
42.7899,-106.9042,2024-03-12 05:36,29.86,84.8,1004.2,19.6,159.11,164.9,58.2,Flood
32.5339,-83.0013,2024-08-26 13:12,40.89,83.9,1017.2,12.9,0.66,568.3,24.5,Heatwave
31.5866,-88.1936,2016-02-27 15:19,13.32,35.9,1001.7,2.1,19.17,360.9,19.1,Normal
29.9739,-118.2695,2016-04-18 21:59,25.51,86.5,974.0,49.7,49.01,928.5,52.2,Heavy Rains
48.2007,-100.9261,2023-05-11 10:58,26.27,96.7,965.5,59.1,57.31,413.4,37.1,Heavy Rains
41.4259,-80.75,2017-02-27 01:50,0.72,47.8,1032.5,12.6,11.37,2756.2,33.5,Normal
25.5048,-93.4265,2018-10-16 13:00,39.64,80.6,1005.7,12.7,4.3,56.7,9.8,Heatwave
46.3865,-97.1713,2017-06-23 19:47,-4.35,41.3,1015.8,3.6,4.49,1065.5,33.5,Normal
27.7416,-104.9369,2021-08-01 17:39,40.55,82.3,1020.0,12.9,2.95,537.7,11.3,Heatwave
40.2338,-82.0003,2015-03-11 09:16,27.95,67.1,978.6,149.4,40.47,717.4,40.0,Storm
46.9684,-88.4085,2022-04-23 09:54,25.24,65.8,971.0,108.1,26.59,710.8,29.5,Storm
30.9181,-88.915,2020-04-24 10:22,27.37,87.1,964.4,32.3,69.0,1478.7,48.9,Heavy Rains
32.3053,-72.0527,2024-07-06 04:46,21.0,74.8,972.1,95.6,48.18,355.8,24.1,Storm
29.251,-124.9629,2022-08-27 02:42,12.43,70.3,952.2,144.5,40.47,871.9,21.8,Storm
29.0846,-114.1039,2017-07-16 11:52,28.06,99.8,1003.0,53.4,114.86,156.2,52.0,Flood
25.9614,-98.1728,2015-07-01 16:02,18.51,87.9,999.3,44.8,96.27,98.6,51.7,Flood
25.8607,-110.1672,2017-01-20 22:29,18.73,99.9,1002.8,12.0,126.0,141.1,55.4,Flood
38.5242,-123.1246,2021-02-02 15:01,47.65,78.9,1018.8,10.0,1.99,61.5,8.2,Heatwave
26.9763,-122.7477,2021-07-15 00:52,28.84,94.7,986.9,57.1,81.78,437.6,41.7,Heavy Rains
46.8764,-88.0998,2020-04-25 10:14,41.27,87.4,1007.6,13.5,3.21,339.0,12.5,Heatwave
46.3331,-96.8844,2019-12-26 02:55,12.74,85.6,995.1,58.4,177.42,148.1,53.0,Flood
32.8109,-92.234,2021-06-11 10:09,-1.83,36.1,1007.0,46.9,9.67,1206.1,32.6,Normal
28.9889,-88.2623,2024-09-04 11:13,20.59,64.3,969.2,129.0,16.05,722.8,35.2,Storm
48.9571,-79.9366,2018-12-16 15:15,9.72,50.3,1012.5,26.4,12.23,1711.7,20.9,Normal
41.385,-119.5571,2015-08-31 00:33,15.19,83.2,969.2,56.0,87.61,593.5,36.6,Heavy Rains
30.1004,-103.3695,2020-07-13 08:08,26.18,61.4,944.1,125.3,23.27,61.1,25.6,Storm
27.8541,-110.5783,2020-04-05 02:19,23.35,95.1,998.5,56.0,108.62,179.3,52.7,Flood
27.6375,-123.9206,2022-11-09 15:26,40.36,82.9,1010.3,10.8,4.6,698.3,19.7,Heatwave
48.9368,-69.6507,2023-03-16 11:14,42.89,86.7,1003.7,4.7,2.38,596.3,16.0,Heatwave
32.2099,-69.9895,2019-04-23 01:17,27.09,87.7,975.6,29.1,136.06,44.7,54.4,Flood
35.5931,-118.7351,2020-03-17 20:36,21.7,59.8,967.1,101.7,24.26,694.7,37.8,Storm
35.9055,-100.8249,2017-01-06 17:24,42.2,63.2,1015.1,8.1,4.23,189.4,15.0,Heatwave
38.8172,-102.3667,2019-03-01 14:11,12.03,87.3,940.5,150.3,27.43,239.6,43.3,Storm
46.952,-123.1697,2018-02-10 23:39,19.21,27.9,1003.8,24.2,23.29,658.6,27.8,Normal
44.7211,-72.0321,2021-09-15 12:50,24.09,99.7,979.2,49.2,59.9,906.0,50.8,Heavy Rains
27.7083,-68.8771,2019-07-28 03:29,12.21,82.7,997.9,45.2,149.07,8.1,54.0,Flood
38.5175,-121.3928,2022-11-18 22:09,18.23,84.9,971.3,21.7,77.44,725.3,39.0,Heavy Rains
35.6763,-69.7361,2021-02-24 12:37,44.38,80.6,1015.9,7.9,2.62,511.6,11.2,Heatwave
42.961,-111.5515,2024-01-14 13:13,12.89,83.5,1004.1,32.0,114.25,117.3,55.4,Flood
39.7386,-82.7987,2022-12-10 22:08,9.75,35.4,1021.0,18.7,15.8,2165.9,14.7,Normal
32.6617,-73.8202,2023-10-01 15:01,9.47,33.6,1021.4,32.4,21.25,2235.3,15.7,Normal
41.8772,-114.6148,2024-03-08 06:25,27.44,25.5,1019.0,11.7,17.95,1253.0,8.4,Normal
34.1707,-91.5776,2023-12-05 01:18,13.22,93.6,977.4,41.3,194.57,46.1,52.9,Flood
27.5526,-68.4794,2018-02-12 18:41,11.51,64.6,1014.5,19.4,15.36,1737.9,11.8,Normal
30.6438,-104.35,2023-08-12 16:52,15.02,90.0,971.9,23.5,62.26,774.9,36.0,Heavy Rains
30.8577,-85.2379,2021-04-26 14:45,27.0,84.7,970.4,37.1,81.82,1100.1,55.9,Heavy Rains
25.0552,-75.7677,2024-05-24 18:42,2.92,61.6,1025.3,18.6,7.9,2473.6,11.9,Normal
29.725,-106.2342,2017-10-20 02:40,22.51,80.6,988.0,11.2,176.68,186.1,58.6,Flood
40.2172,-85.1989,2017-12-28 08:09,1.09,49.1,1024.0,15.0,10.23,1069.4,7.8,Normal
44.9534,-95.4682,2015-08-15 14:10,40.46,92.5,1005.6,13.3,2.59,227.2,6.6,Heatwave
33.6843,-108.7827,2015-03-29 21:15,11.85,54.3,1011.7,39.4,17.6,289.2,38.1,Normal
28.4846,-120.8561,2024-03-26 15:59,10.17,61.9,941.8,155.6,51.6,522.7,27.7,Storm
30.8156,-109.8233,2017-10-05 16:20,45.16,78.5,1002.8,5.8,1.83,152.4,11.9,Heatwave
27.0063,-116.8698,2023-08-21 20:38,10.27,99.3,1003.7,15.3,169.66,67.3,57.4,Flood
48.5077,-76.6289,2019-11-04 23:37,21.92,91.1,983.7,34.4,140.9,117.6,56.5,Flood
30.3836,-113.5473,2022-03-23 08:53,22.15,84.8,964.8,29.9,112.86,74.9,40.4,Heavy Rains
31.2534,-108.2391,2019-03-03 11:30,39.48,80.7,1014.5,8.7,2.36,155.6,7.4,Heatwave
38.9458,-85.6272,2015-06-22 12:23,45.94,65.7,1012.5,9.6,1.69,775.7,20.2,Heatwave
41.7156,-94.209,2023-05-02 12:56,42.73,59.9,1012.2,5.7,4.76,26.2,12.4,Heatwave
33.7852,-84.7341,2020-08-02 05:38,31.4,50.1,1023.2,11.7,15.27,3366.1,32.1,Normal
33.1693,-89.1429,2018-02-09 21:13,-2.98,64.4,1014.8,5.1,5.36,1025.9,21.6,Normal
31.8667,-75.8581,2017-02-21 10:55,44.9,66.7,1020.0,6.1,2.0,351.8,24.1,Heatwave
41.859,-116.4813,2021-06-03 07:19,15.96,58.3,940.6,144.1,40.71,643.2,46.8,Storm
45.6384,-81.7058,2016-10-08 22:58,10.91,66.2,953.2,149.7,56.87,906.5,30.4,Storm
34.0494,-83.9774,2015-10-19 22:35,27.8,79.4,955.8,144.6,25.4,867.7,38.4,Storm
38.3806,-94.5472,2015-06-11 21:17,18.53,90.6,976.3,55.3,110.11,1432.0,37.9,Heavy Rains
37.8027,-94.4512,2017-01-09 18:00,7.03,54.0,1033.5,3.3,27.75,966.0,30.6,Normal
29.006,-97.4245,2024-06-21 15:30,13.24,53.6,1026.4,6.0,22.8,1023.7,16.2,Normal
29.203,-110.3688,2016-09-22 09:16,-2.25,43.1,1021.4,46.6,0.15,2805.9,34.2,Normal
46.0241,-115.5481,2017-02-12 13:16,23.84,90.0,991.0,54.3,152.4,146.1,57.8,Flood
42.2137,-77.6917,2017-05-10 00:26,16.6,80.2,964.3,52.6,103.92,1309.8,42.5,Heavy Rains
33.0453,-79.8319,2021-09-01 12:57,24.45,80.3,942.7,112.0,33.42,543.7,20.9,Storm
33.4295,-103.6052,2019-04-01 17:50,46.78,81.4,1017.2,2.3,0.37,676.6,10.9,Heatwave
38.7107,-83.6123,2019-07-12 16:59,24.83,86.3,978.0,114.5,58.29,625.3,45.0,Storm
38.2035,-89.3701,2021-06-04 05:39,13.88,30.4,1014.2,38.7,10.04,621.5,18.4,Normal
41.9811,-79.2127,2021-07-07 09:36,17.73,75.4,989.9,64.6,88.72,290.1,52.4,Heavy Rains
45.9581,-110.7544,2015-03-03 01:04,11.13,88.8,983.5,25.7,154.28,177.2,60.0,Flood
35.3907,-73.3669,2016-12-22 14:16,14.81,78.8,974.7,122.4,20.06,194.0,48.9,Storm
34.23,-68.7699,2020-06-13 17:32,24.63,78.6,968.0,36.7,64.11,193.3,54.8,Heavy Rains
32.0281,-100.4283,2019-05-29 07:55,30.5,22.9,1005.1,9.2,8.39,3300.7,12.7,Normal
43.2905,-89.2503,2021-10-28 05:25,28.07,29.5,1009.2,25.6,12.33,1837.9,35.1,Normal
36.0521,-82.0709,2019-05-30 01:24,14.21,68.8,946.0,127.8,51.19,362.1,21.8,Storm
38.365,-79.4195,2021-07-18 13:05,8.06,41.3,1021.4,41.5,24.31,2994.3,14.9,Normal
29.792,-83.0805,2023-04-08 14:13,41.06,88.6,1020.9,5.0,3.89,95.9,6.6,Heatwave
48.9191,-78.0498,2020-04-29 10:07,45.02,73.4,1022.6,8.6,3.11,767.1,18.7,Heatwave
31.0092,-91.8257,2021-09-12 22:17,25.54,70.1,945.8,89.0,17.64,137.9,46.4,Storm
27.6588,-112.555,2023-07-27 07:23,3.39,39.7,1017.8,17.1,16.06,1043.1,38.0,Normal
34.2988,-101.7683,2022-09-08 22:30,17.08,83.6,962.9,36.0,98.04,1324.6,46.5,Heavy Rains
43.9741,-75.8102,2023-03-06 17:12,17.6,97.1,968.0,44.9,90.49,1412.6,55.4,Heavy Rains
45.4767,-71.8869,2017-09-15 16:19,17.98,81.1,995.9,15.5,139.16,182.6,53.4,Flood
34.4691,-82.5963,2016-07-01 01:10,23.32,99.0,1003.8,59.1,98.66,97.3,55.5,Flood
30.9669,-76.114,2015-02-12 04:54,20.32,71.6,945.2,150.0,30.73,243.3,32.8,Storm
48.4197,-107.1787,2023-11-03 10:00,45.69,63.9,1021.7,12.0,2.22,180.4,17.7,Heatwave
46.9422,-88.2004,2023-11-30 09:16,17.39,88.6,964.4,50.1,85.5,466.4,47.0,Heavy Rains
47.9486,-117.3257,2021-08-10 17:00,43.77,57.9,1023.4,11.7,2.41,406.7,23.4,Heatwave
25.9809,-119.507,2016-09-21 23:28,21.6,41.2,1018.6,23.0,18.29,3344.8,9.0,Normal
38.6166,-120.5108,2024-11-05 17:52,39.62,85.7,1019.1,1.8,2.38,439.8,10.3,Heatwave
38.1203,-97.859,2022-11-05 09:18,23.35,99.2,989.8,43.4,129.99,138.8,52.0,Flood
37.6762,-104.3783,2020-01-04 11:03,46.46,91.2,1005.1,7.5,0.82,683.6,13.8,Heatwave
47.0142,-121.8132,2023-11-15 13:36,46.62,87.1,1008.9,11.7,4.23,140.9,16.9,Heatwave
28.3743,-118.5543,2015-01-15 18:47,32.17,21.1,1024.8,22.8,23.78,1800.4,10.0,Normal
32.5138,-114.2927,2015-12-18 22:26,14.19,89.0,991.8,28.7,151.41,25.5,59.5,Flood
26.637,-77.1584,2019-06-02 15:24,29.25,92.1,980.4,45.4,143.3,131.1,53.3,Flood
43.766,-104.5306,2019-04-16 17:22,47.21,75.6,1009.7,2.5,1.59,175.2,22.9,Heatwave
35.2985,-71.4547,2021-06-24 12:46,13.47,98.1,990.5,31.9,96.45,159.4,55.5,Flood
35.6679,-107.1498,2019-05-27 01:32,19.57,60.9,1032.0,30.3,24.41,927.4,22.4,Normal
35.6827,-119.9959,2022-12-31 15:42,42.13,58.5,1013.6,12.5,4.26,569.4,23.5,Heatwave
44.7893,-114.137,2020-02-16 15:06,45.81,57.8,1015.8,9.4,0.62,713.4,14.1,Heatwave
28.874,-94.5569,2015-07-06 02:19,11.79,94.0,999.9,46.3,199.86,174.8,52.9,Flood
25.3274,-70.7231,2015-06-21 20:12,-4.21,26.1,1009.2,8.6,11.55,2487.0,9.9,Normal
25.7784,-124.2472,2018-02-04 09:58,26.86,83.5,949.4,141.3,37.34,98.9,44.7,Storm
39.476,-101.9467,2022-06-23 15:32,15.58,95.4,978.2,22.5,142.19,125.0,52.2,Flood
29.1782,-104.3949,2022-02-25 13:07,47.87,86.9,1005.9,6.9,1.8,457.8,14.3,Heatwave
35.7936,-78.8405,2015-06-18 13:20,44.45,75.6,1023.9,6.3,4.05,669.9,24.6,Heatwave
47.2675,-116.105,2020-02-20 23:34,29.51,86.6,996.2,33.7,118.33,187.9,59.8,Flood
28.5098,-106.6405,2017-10-19 13:48,46.59,71.3,1003.6,8.9,3.14,300.1,6.5,Heatwave
39.4516,-70.7486,2017-10-10 05:00,12.33,81.8,996.3,29.2,166.2,193.9,51.7,Flood
32.2587,-113.3841,2020-05-16 06:58,9.66,42.7,1006.6,7.1,15.42,684.6,36.5,Normal
30.0086,-69.6588,2021-11-14 17:45,5.31,42.1,1019.4,40.1,14.91,1198.7,7.5,Normal
28.256,-116.179,2020-06-04 18:02,19.88,90.5,975.3,54.9,95.23,707.7,55.7,Heavy Rains
37.8137,-74.9838,2024-06-08 16:51,39.11,60.2,1009.5,0.7,0.28,213.6,20.7,Heatwave
45.2058,-90.7104,2022-07-06 18:22,16.44,86.8,965.9,31.0,48.44,537.4,45.8,Heavy Rains
26.4906,-101.1145,2018-12-03 18:48,21.94,88.8,945.7,110.0,42.99,835.8,37.9,Storm
31.2655,-75.7489,2018-08-01 21:40,24.63,80.5,981.3,32.8,63.73,230.8,49.2,Heavy Rains
40.7753,-116.2038,2021-09-26 23:38,24.24,80.7,949.7,109.0,39.88,477.5,49.2,Storm
25.0204,-70.7686,2017-06-13 03:04,27.22,38.7,1003.4,14.9,18.79,357.9,11.5,Normal
48.721,-79.3172,2022-06-16 22:46,14.45,97.5,990.6,19.2,157.42,12.9,55.4,Flood
28.6732,-89.7683,2021-08-27 17:58,29.45,91.4,975.8,46.7,198.09,126.3,58.0,Flood
43.2301,-119.6705,2022-04-15 16:24,43.97,58.2,1000.2,2.4,2.5,347.1,20.7,Heatwave
46.2992,-73.4105,2024-08-04 04:47,10.91,64.0,963.6,114.0,22.46,410.7,38.6,Storm
44.9251,-121.3276,2024-08-24 06:54,18.25,96.5,994.4,22.8,154.14,80.8,52.0,Flood
47.8843,-122.6097,2016-12-31 23:56,29.78,84.2,990.6,38.8,155.78,19.8,53.6,Flood
45.0615,-82.9381,2024-02-06 12:20,12.42,93.7,991.4,26.1,195.94,42.4,51.4,Flood
43.9751,-100.3291,2018-10-09 08:38,23.29,67.5,953.9,128.1,22.74,969.9,39.8,Storm
33.2896,-96.4819,2015-05-14 01:57,17.93,23.3,1008.9,46.6,11.46,1154.9,38.7,Normal
48.097,-109.3271,2017-01-06 06:15,26.59,96.8,992.4,14.2,146.36,63.8,56.3,Flood
27.9958,-72.4292,2021-01-05 11:35,41.64,80.5,1022.1,5.1,0.96,55.6,18.2,Heatwave
46.1402,-68.378,2021-01-22 22:18,23.19,83.1,974.5,104.1,40.02,791.2,47.2,Storm
36.0698,-115.2643,2020-05-14 15:38,44.17,75.8,1010.1,10.0,0.53,444.9,6.4,Heatwave
28.5826,-109.6437,2019-08-19 07:20,20.54,76.2,969.3,27.7,88.26,1107.9,47.7,Heavy Rains
40.5528,-90.2795,2022-08-31 12:34,45.56,62.4,1009.5,13.9,3.2,445.6,18.7,Heatwave
44.0387,-76.5026,2022-04-08 06:25,16.43,40.0,1011.4,37.5,24.57,2717.6,26.1,Normal
35.645,-107.745,2017-06-21 11:49,21.03,97.4,982.3,54.6,121.67,107.7,51.9,Flood
43.3261,-105.5034,2020-11-12 22:19,10.58,96.3,981.7,52.8,101.37,45.1,52.1,Flood
28.7916,-98.9785,2024-08-13 16:12,47.96,91.5,1022.1,4.2,4.37,701.3,6.9,Heatwave
45.3112,-119.9994,2020-10-04 14:39,24.75,79.8,962.2,50.8,106.33,725.3,55.5,Heavy Rains
41.6388,-104.629,2024-11-06 01:17,17.22,92.7,1003.7,12.4,118.54,127.2,51.7,Flood
26.3305,-76.0165,2019-01-15 12:23,40.42,86.2,1022.4,9.4,0.58,592.6,5.1,Heatwave
44.5238,-116.5545,2019-09-04 09:29,12.4,87.8,992.4,11.7,159.8,130.8,55.0,Flood
44.1349,-101.1518,2021-06-13 12:16,22.51,85.1,965.7,130.5,58.43,919.9,37.1,Storm
28.1356,-69.2398,2015-05-09 19:00,26.02,75.5,971.4,60.7,73.5,102.2,50.5,Heavy Rains
34.0331,-71.4834,2016-09-25 01:48,22.09,75.9,946.3,140.1,15.85,295.6,28.8,Storm
36.6543,-95.8684,2023-03-21 18:49,25.51,85.3,943.5,149.7,35.09,825.4,32.2,Storm
25.0605,-86.8847,2017-10-17 07:19,14.06,78.7,970.8,122.5,53.88,806.3,41.7,Storm
46.1106,-109.9236,2018-01-01 13:43,14.83,98.0,987.4,10.8,102.64,74.5,58.4,Flood
38.7469,-71.2723,2022-12-02 13:49,24.37,95.2,986.1,49.6,107.27,980.5,52.5,Heavy Rains
25.7011,-72.1818,2017-09-11 00:54,-2.09,60.3,1003.6,14.4,26.0,3301.3,13.5,Normal
46.9592,-80.2979,2018-11-11 18:36,7.24,54.6,1019.1,13.9,17.28,2578.0,34.2,Normal
28.4969,-122.4474,2016-11-18 03:00,13.33,61.2,940.1,89.7,38.49,461.3,31.4,Storm
35.0472,-94.4757,2020-11-10 17:36,46.93,74.6,1002.0,12.6,3.57,401.7,23.0,Heatwave
25.5548,-69.7208,2022-08-09 21:34,22.29,93.6,1001.5,10.1,134.12,133.9,56.9,Flood
28.757,-76.6335,2023-10-08 22:47,22.51,76.7,973.8,128.3,27.99,855.3,35.1,Storm
39.7307,-88.5116,2021-11-27 12:18,5.77,40.7,1029.3,43.0,5.41,2809.5,33.4,Normal
47.918,-79.1455,2015-07-21 16:02,5.98,55.7,1006.9,15.0,0.15,2934.8,16.7,Normal
30.8723,-121.1676,2016-11-18 04:51,16.74,77.8,952.9,149.0,17.67,618.2,41.9,Storm
32.9415,-109.145,2017-09-13 13:35,44.79,71.7,1005.9,6.4,4.01,358.5,22.1,Heatwave
44.2877,-80.7107,2022-07-11 19:25,17.35,95.2,988.2,61.5,107.87,1340.0,45.0,Heavy Rains
26.8385,-114.9837,2023-08-12 09:32,24.32,76.1,971.4,21.8,77.6,88.1,48.8,Heavy Rains
48.2491,-118.9233,2016-05-09 05:03,24.03,60.5,974.4,112.9,28.0,837.1,32.1,Storm
43.8486,-72.4378,2021-05-13 04:21,21.36,96.0,1002.4,38.7,129.95,75.9,59.5,Flood
47.6326,-105.9468,2021-10-06 18:04,18.09,83.4,974.4,153.5,26.9,731.4,28.0,Storm
44.3114,-120.0048,2019-06-06 04:00,13.82,96.3,995.9,19.4,88.08,95.7,52.3,Flood
32.3228,-98.1422,2016-03-31 15:13,45.66,64.3,1013.7,10.5,2.74,498.4,24.8,Heatwave
30.5427,-76.9396,2015-07-10 13:42,24.47,61.3,940.3,137.1,35.59,353.7,25.6,Storm
25.987,-114.7758,2021-04-10 05:32,19.86,86.8,989.0,14.5,166.68,86.2,53.3,Flood
43.7456,-70.3126,2022-12-26 07:03,25.75,47.2,1033.3,26.0,17.95,2200.8,24.9,Normal
42.3,-117.4674,2018-11-04 01:59,13.42,89.5,951.7,148.8,37.64,507.2,21.6,Storm
38.3685,-73.9099,2024-11-04 22:55,20.31,93.4,996.2,56.3,135.35,91.0,58.6,Flood
40.3387,-104.3885,2015-09-04 01:26,27.55,58.8,959.9,122.5,36.75,301.3,24.4,Storm
42.7681,-73.8952,2023-06-22 23:04,26.59,78.2,967.8,44.2,101.48,964.2,47.6,Heavy Rains
30.6405,-87.5206,2016-02-08 05:23,26.84,27.8,1027.0,37.0,20.55,268.8,31.3,Normal
38.1355,-117.5561,2018-10-15 17:50,42.09,82.6,1001.2,1.4,3.92,367.7,7.5,Heatwave
48.5009,-106.1734,2021-03-19 16:53,30.48,58.9,1013.2,17.3,18.63,753.0,12.2,Normal
48.2353,-110.6549,2024-12-26 05:04,15.92,87.3,987.1,22.7,101.67,673.6,50.5,Heavy Rains
34.022,-68.4181,2016-01-06 11:04,17.0,48.2,1008.9,12.4,12.99,1361.7,38.1,Normal
37.1735,-92.7662,2021-12-01 05:21,15.87,76.1,966.2,132.1,15.41,444.3,28.9,Storm
33.3511,-106.0014,2020-04-09 11:54,40.45,72.1,1012.4,9.3,2.0,608.4,5.7,Heatwave
26.1254,-95.2721,2016-11-06 22:21,23.73,81.7,961.1,57.7,60.76,496.0,42.5,Heavy Rains
27.7411,-85.2982,2021-01-06 12:41,-2.86,57.2,1011.7,22.4,18.38,2765.2,30.5,Normal
40.6954,-124.5541,2024-01-19 14:59,44.97,92.6,1003.4,1.6,0.54,442.6,10.4,Heatwave
35.1724,-87.4307,2021-09-14 19:56,26.8,95.1,980.6,28.5,96.45,1083.3,47.7,Heavy Rains
28.7505,-78.6583,2021-12-17 02:08,7.83,43.0,1028.4,47.1,23.12,263.8,8.2,Normal
46.648,-105.7557,2023-01-30 10:52,46.77,59.2,1023.7,10.8,1.32,168.6,16.4,Heatwave
35.6613,-68.422,2024-12-15 14:18,13.28,94.6,1001.9,46.4,132.63,166.3,56.4,Flood
27.5442,-91.8484,2022-11-12 15:53,21.88,83.2,979.4,17.1,113.18,2.5,58.5,Flood
43.1016,-117.7942,2018-11-28 16:47,12.0,75.7,947.0,90.4,48.53,462.8,36.2,Storm
27.6555,-90.0193,2015-07-21 23:38,25.19,76.5,980.6,41.5,72.1,1060.6,43.8,Heavy Rains
44.3101,-104.1508,2024-06-26 16:00,41.38,60.8,1009.2,10.5,1.31,304.8,17.8,Heatwave
32.8115,-115.2077,2015-02-05 08:32,27.2,87.5,986.8,37.7,57.53,730.1,54.5,Heavy Rains
30.4874,-71.4326,2024-08-07 11:41,16.88,39.3,1005.6,20.8,14.84,1519.6,18.7,Normal
48.5552,-101.7002,2024-03-16 23:40,32.02,26.9,1017.5,36.9,5.12,299.2,35.8,Normal
29.1728,-121.893,2018-01-01 18:22,4.9,53.8,1022.3,23.7,27.15,2873.3,14.7,Normal
28.1198,-120.1007,2016-02-13 01:07,19.56,88.8,941.6,137.3,59.21,552.8,44.2,Storm
48.6177,-69.8613,2018-11-05 12:53,43.46,94.7,1019.3,3.3,2.2,510.1,9.2,Heatwave
34.6177,-104.1227,2017-09-19 21:09,17.12,55.3,1008.3,12.3,3.98,1266.3,18.0,Normal
29.3554,-68.4752,2018-11-04 13:15,30.88,41.2,1020.7,13.2,23.35,239.1,36.0,Normal
40.2052,-96.9583,2020-12-29 22:21,27.44,98.6,998.0,40.0,159.06,75.0,57.5,Flood
26.8137,-102.7787,2024-12-02 04:11,12.16,83.1,949.9,150.3,46.95,279.3,32.2,Storm
26.7676,-77.7921,2017-06-21 02:02,34.18,50.6,1033.1,33.7,22.25,29.3,26.5,Normal
30.9649,-117.4721,2016-05-29 03:52,-3.87,51.9,1012.8,17.8,16.03,1745.3,33.1,Normal
48.0684,-124.3223,2020-03-18 21:20,13.51,78.6,940.8,140.8,20.48,241.1,37.5,Storm
27.0116,-90.8973,2024-08-19 16:16,40.7,83.7,1019.7,8.1,0.59,5.8,18.1,Heatwave
27.8163,-95.6202,2015-08-03 10:37,18.68,83.0,996.7,22.3,98.66,78.9,53.7,Flood
25.7128,-76.3793,2022-06-25 10:12,7.75,55.1,1015.5,7.3,22.98,1857.1,9.6,Normal
25.4122,-81.733,2017-12-16 21:44,20.1,60.1,941.9,109.6,33.91,605.4,34.3,Storm
32.6266,-94.4693,2022-02-18 12:14,27.89,87.4,973.9,57.2,78.71,1389.7,39.1,Heavy Rains
29.2051,-71.583,2017-09-07 06:20,16.99,76.6,960.9,46.0,79.44,1041.3,45.2,Heavy Rains
40.3563,-107.9278,2021-07-11 21:53,10.89,84.8,958.9,129.3,43.7,260.9,38.2,Storm
32.0928,-80.9642,2019-07-21 14:59,16.37,89.5,983.9,25.7,49.03,1118.7,47.3,Heavy Rains
25.7978,-114.4729,2019-07-14 01:11,33.36,39.4,1011.7,32.4,28.27,3184.8,5.7,Normal
46.0441,-81.964,2022-08-14 12:35,26.64,86.5,970.5,112.6,28.36,694.0,35.6,Storm
27.5882,-111.4135,2017-10-09 10:53,11.09,86.7,998.8,57.2,174.21,123.3,57.9,Flood
43.1193,-101.446,2019-06-16 17:11,42.33,77.6,1006.3,4.3,1.72,564.4,19.7,Heatwave
38.8116,-106.323,2019-11-17 08:20,25.38,20.7,1011.7,20.4,25.71,2018.1,38.2,Normal
35.0918,-109.855,2021-05-13 13:40,29.73,89.9,974.3,37.4,53.96,312.6,43.3,Heavy Rains
41.8934,-119.2711,2022-02-08 12:44,41.7,57.1,1008.1,0.8,1.79,344.5,9.9,Heatwave
45.0303,-91.797,2015-05-28 12:27,40.15,68.0,1022.5,11.1,4.3,719.1,9.2,Heatwave
38.9854,-90.145,2016-01-01 16:54,40.15,67.5,1009.2,7.7,0.27,562.7,21.4,Heatwave
41.73,-96.7093,2016-04-03 06:33,29.04,80.5,987.5,44.1,192.15,94.3,54.8,Flood
45.866,-118.7714,2023-02-28 18:49,25.95,96.3,983.1,20.5,171.05,139.1,51.1,Flood
38.2093,-104.9468,2023-05-14 17:17,41.76,65.0,1018.0,4.4,3.71,760.7,18.8,Heatwave
37.3165,-94.839,2022-11-25 22:13,19.11,80.7,979.7,38.0,191.0,23.6,58.7,Flood
44.0111,-103.614,2022-04-18 14:49,43.81,57.9,1024.9,9.3,3.27,15.8,18.8,Heatwave
26.9976,-73.3319,2024-07-30 09:38,20.74,91.1,980.3,29.0,120.17,56.4,56.1,Flood
48.0794,-74.8042,2017-03-23 05:37,20.61,74.5,953.8,111.8,42.79,57.2,30.2,Storm
28.7688,-108.349,2019-01-21 14:48,20.12,94.7,978.0,42.4,123.48,27.4,58.6,Flood
46.2324,-88.3574,2019-06-09 12:16,40.26,85.1,1013.5,10.5,2.14,466.8,12.2,Heatwave
44.3672,-111.5979,2019-09-09 09:42,19.9,81.0,964.5,27.0,50.96,902.1,37.7,Heavy Rains
26.831,-105.9777,2019-01-03 11:59,28.49,81.7,976.3,17.6,134.29,66.6,52.6,Flood
47.6967,-97.2079,2023-06-27 10:57,29.62,86.8,964.9,23.0,77.4,491.7,56.3,Heavy Rains
40.1083,-112.849,2022-07-08 16:53,39.94,77.0,1017.6,13.7,3.88,517.2,23.8,Heatwave
32.0924,-116.6291,2015-12-29 06:50,17.4,59.8,972.3,110.8,44.45,695.4,28.0,Storm
25.9662,-123.2313,2022-04-23 13:12,46.55,80.2,1006.0,6.6,0.57,758.2,14.3,Heatwave
38.6382,-77.4652,2018-02-20 03:55,2.51,31.8,1012.9,43.4,27.24,3256.8,18.1,Normal
42.028,-101.1914,2019-07-15 11:25,39.19,68.7,1020.0,8.7,4.16,735.8,6.8,Heatwave
39.1504,-76.1416,2023-08-29 12:29,43.51,59.5,1009.1,0.1,1.19,771.2,24.6,Heatwave
28.02,-95.6602,2017-03-14 04:14,24.89,93.6,981.5,32.7,91.13,412.2,40.8,Heavy Rains
31.6592,-107.3353,2016-09-17 13:51,40.4,68.7,1014.7,10.7,3.25,514.5,11.2,Heatwave
42.6973,-74.6634,2015-04-30 17:37,42.87,56.2,1005.4,3.9,3.52,636.8,16.5,Heatwave
36.4991,-73.7811,2020-02-07 14:34,28.19,80.6,968.6,52.9,117.23,613.3,40.9,Heavy Rains
38.7467,-88.1663,2020-02-28 18:02,14.56,39.5,1020.9,47.2,9.38,2379.7,18.9,Normal
45.6966,-111.7393,2016-11-28 02:39,10.63,77.8,957.6,95.0,27.08,279.5,20.6,Storm
46.2157,-109.9498,2022-11-29 04:26,27.97,85.9,1004.6,41.3,86.2,70.7,57.6,Flood
43.4787,-76.9875,2024-09-13 23:17,28.57,91.0,969.9,50.0,63.84,567.2,35.3,Heavy Rains
48.4044,-87.2284,2021-02-26 13:22,32.1,43.1,1023.3,43.6,15.2,2752.9,24.7,Normal
30.8983,-68.7939,2021-06-25 15:53,19.7,64.6,975.7,128.2,54.94,22.7,43.8,Storm
34.4141,-124.1954,2019-12-16 19:59,-2.63,45.7,1002.9,41.6,7.21,2765.3,13.2,Normal
40.8261,-85.4729,2021-11-29 12:36,44.1,87.5,1024.0,2.4,1.57,628.5,19.2,Heatwave
35.8579,-96.4173,2018-11-15 03:30,24.2,93.6,991.0,24.6,156.41,159.2,59.5,Flood
38.519,-90.2118,2020-12-12 12:28,42.16,64.3,1018.7,12.9,3.08,353.9,9.3,Heatwave
29.6182,-89.7339,2015-12-15 18:48,11.06,91.4,980.7,33.8,188.14,23.9,59.4,Flood
48.8624,-100.9871,2016-12-18 21:57,25.88,64.8,948.5,145.2,32.17,651.0,39.3,Storm
48.6509,-119.6457,2020-01-06 19:53,32.12,52.0,1015.0,6.0,17.39,2208.1,8.8,Normal
48.1143,-85.6494,2020-08-08 07:27,21.74,90.9,973.2,62.7,93.24,267.1,35.1,Heavy Rains
34.6391,-77.07,2015-04-12 14:22,11.85,81.1,994.2,39.2,110.55,186.2,53.5,Flood
42.0346,-100.2334,2019-02-03 12:25,25.79,38.3,1001.4,30.5,20.44,1834.1,13.2,Normal
30.7619,-81.06,2016-12-30 12:05,10.41,84.2,986.7,30.1,159.42,189.9,52.4,Flood
26.5218,-107.9057,2024-05-05 06:53,16.69,97.4,989.8,31.2,94.59,1481.3,49.7,Heavy Rains
25.7818,-110.2343,2021-12-13 18:58,10.62,62.9,975.1,111.1,23.66,206.3,20.2,Storm
28.1471,-74.9898,2017-08-26 03:51,19.89,82.9,966.3,34.6,81.04,806.6,49.6,Heavy Rains
40.8629,-103.8129,2023-04-19 13:52,17.36,79.3,988.1,63.4,100.65,1225.0,39.2,Heavy Rains
43.4838,-88.6357,2021-07-19 19:30,18.86,59.1,1032.2,44.8,26.33,472.3,14.5,Normal
32.3291,-89.6014,2019-10-23 11:48,40.87,64.2,1016.5,2.2,0.87,60.1,5.1,Heatwave
39.1789,-95.6087,2015-10-18 06:13,18.27,61.6,968.5,145.8,53.33,310.5,45.4,Storm
37.9652,-79.4847,2016-06-16 11:42,46.8,61.1,1009.0,11.0,2.94,12.6,10.3,Heatwave
35.7149,-117.8849,2022-01-05 01:58,10.67,86.3,1000.4,13.3,99.67,182.9,55.0,Flood
30.9793,-117.7196,2023-04-24 05:05,26.75,57.4,968.0,120.4,56.54,640.1,39.0,Storm
33.723,-113.174,2019-03-05 03:12,16.78,58.3,1016.7,14.3,29.78,580.6,9.9,Normal
47.1983,-92.927,2016-02-15 11:50,41.57,76.9,1008.6,5.8,1.92,388.5,17.2,Heatwave
30.4054,-124.6519,2020-12-28 02:08,15.17,80.5,948.5,97.5,52.3,899.5,21.7,Storm
38.9339,-84.9673,2018-12-30 18:29,13.59,65.1,975.2,100.2,30.0,488.3,36.0,Storm
45.6302,-96.2515,2020-11-11 16:52,40.35,59.8,1011.9,8.6,0.2,627.1,15.1,Heatwave
39.0348,-92.6183,2017-09-07 11:22,24.22,59.0,954.8,103.5,58.04,613.4,39.8,Storm
45.2695,-104.0714,2016-06-01 00:45,20.34,87.8,941.9,132.4,24.88,704.1,30.3,Storm
30.8327,-118.4458,2021-01-18 16:11,23.15,99.9,972.3,35.2,87.93,702.0,52.0,Heavy Rains
41.8862,-102.9167,2019-09-10 11:59,22.58,69.0,946.0,94.8,59.26,956.4,38.6,Storm
30.7533,-73.8192,2017-02-03 09:12,20.71,84.9,998.4,49.3,173.6,131.2,53.5,Flood
40.3435,-101.8009,2023-03-31 18:25,20.58,99.6,983.0,26.6,95.45,1339.7,50.5,Heavy Rains
26.0898,-85.7129,2024-07-04 01:15,14.05,27.4,1012.5,14.8,15.48,1165.2,12.9,Normal
44.6922,-90.5182,2022-04-07 13:52,13.07,99.8,988.0,11.3,154.41,15.4,52.1,Flood
48.3034,-106.9801,2024-09-09 17:04,43.22,80.6,1019.9,8.3,1.76,59.4,14.2,Heatwave
30.1349,-101.3525,2022-12-03 15:34,43.19,58.4,1020.8,5.5,3.85,756.8,5.4,Heatwave
38.1713,-83.5476,2016-09-04 16:07,45.99,65.3,1003.0,3.3,3.19,498.2,6.3,Heatwave
32.5404,-70.0192,2020-05-16 15:18,45.61,80.7,1024.2,10.9,1.63,224.2,20.7,Heatwave
31.3882,-111.702,2021-05-27 05:48,19.83,79.6,982.1,63.5,95.23,912.9,48.4,Heavy Rains
47.4309,-109.1011,2024-04-25 17:15,45.75,78.2,1016.7,4.7,2.47,260.0,14.8,Heatwave
28.7093,-112.3965,2017-06-11 06:50,27.94,92.3,999.9,36.3,146.19,109.7,57.8,Flood
36.9638,-99.8037,2023-06-26 10:13,41.4,61.1,1007.2,12.3,2.42,23.1,17.6,Heatwave
39.3451,-70.8602,2021-12-08 13:47,14.76,22.7,1011.7,35.6,21.63,2875.3,23.9,Normal
45.1704,-97.2192,2023-08-15 16:46,27.37,74.5,978.7,88.2,22.57,979.0,41.5,Storm
26.6793,-78.091,2021-05-30 18:55,9.1,37.8,1028.1,26.7,13.24,2269.0,34.5,Normal
37.9266,-114.1785,2024-03-10 11:16,27.93,73.6,977.4,105.4,40.26,512.6,43.3,Storm
44.1185,-106.9123,2019-01-29 22:53,24.2,79.4,963.9,63.1,113.29,1453.1,53.7,Heavy Rains
26.2369,-103.5014,2017-02-19 10:55,39.66,87.4,1014.7,9.4,1.09,167.1,23.1,Heatwave
27.8263,-80.827,2021-04-19 17:13,47.97,67.1,1022.9,6.9,0.61,682.3,14.0,Heatwave
48.1071,-98.3293,2018-12-23 23:29,15.54,99.6,985.7,52.8,142.87,69.4,57.4,Flood
42.4309,-103.9875,2023-03-09 15:05,19.92,89.2,999.5,18.8,150.51,187.7,52.6,Flood
48.3694,-96.7164,2018-10-20 17:23,47.32,76.3,1020.0,10.2,0.39,482.0,21.4,Heatwave
31.0024,-76.8177,2022-09-28 13:24,46.68,60.2,1009.5,5.0,1.48,559.4,5.4,Heatwave
38.8546,-84.4992,2019-01-14 22:00,22.12,80.8,968.7,94.6,43.53,978.7,28.3,Storm
34.1544,-99.4994,2018-07-25 15:53,27.63,44.7,1001.3,48.1,18.25,541.7,21.2,Normal
30.185,-104.5333,2021-03-11 04:46,22.45,81.5,982.6,29.1,188.92,79.6,51.7,Flood
40.0719,-97.8657,2017-11-22 22:52,12.39,90.3,992.3,52.3,103.73,11.6,53.9,Flood
29.9713,-80.4231,2019-07-26 21:08,19.12,86.6,983.7,48.6,52.29,376.0,51.3,Heavy Rains
41.501,-112.7386,2016-02-11 15:00,12.69,69.0,967.1,97.7,57.04,151.4,21.1,Storm
45.5289,-81.0675,2019-02-06 11:46,18.48,92.3,1001.3,56.0,106.96,74.5,59.4,Flood
30.4861,-89.7425,2020-06-26 05:06,18.75,31.1,1019.9,3.8,9.67,762.4,21.1,Normal
25.8992,-107.9916,2024-10-31 11:59,47.85,67.1,1024.7,7.6,2.47,750.8,22.0,Heatwave
48.0684,-69.5641,2020-07-08 12:45,41.52,57.7,1005.8,11.8,2.07,716.5,14.2,Heatwave
43.2662,-77.4195,2024-11-14 13:09,25.32,95.8,964.8,37.0,57.85,100.9,39.0,Heavy Rains
39.8744,-93.2197,2018-02-13 13:03,40.66,58.1,1008.7,2.0,0.16,462.5,17.1,Heatwave
27.6867,-122.8878,2018-12-07 03:06,20.35,58.9,977.2,125.3,56.5,90.9,44.2,Storm
32.7175,-111.739,2023-12-02 02:24,15.67,84.2,981.5,38.0,167.37,188.3,58.3,Flood
36.8219,-117.3217,2017-03-21 20:20,29.99,76.0,972.2,21.6,50.76,171.6,52.3,Heavy Rains
38.5439,-82.7961,2018-11-21 20:14,12.2,84.1,970.8,141.4,19.07,879.7,21.7,Storm
31.1174,-70.6452,2022-06-17 17:04,39.82,59.3,1010.8,10.4,1.86,104.1,6.2,Heatwave
30.812,-108.4412,2016-09-06 08:21,4.77,64.2,1028.0,32.7,12.68,861.0,38.4,Normal
44.1684,-80.0352,2022-12-23 04:49,23.12,86.4,986.7,46.1,175.34,95.2,51.6,Flood
25.7013,-72.0468,2023-01-10 10:57,17.67,85.6,996.6,43.3,194.42,133.4,57.0,Flood
27.6696,-112.3185,2018-01-29 12:32,20.93,63.2,1030.1,13.0,23.62,1791.8,32.2,Normal
37.5606,-97.8333,2019-05-10 13:57,26.53,56.1,973.5,100.6,26.3,292.3,38.7,Storm
35.7139,-95.3019,2020-11-15 13:51,16.24,26.0,1023.9,17.9,12.44,1235.2,16.4,Normal
32.4793,-106.5102,2019-02-24 11:56,39.47,62.1,1015.4,9.4,1.36,529.6,14.7,Heatwave
43.2987,-90.117,2015-04-18 14:38,44.1,65.0,1005.8,9.6,1.8,550.5,14.5,Heatwave
48.1558,-117.804,2020-07-21 15:55,39.9,89.0,1002.5,12.7,0.08,115.3,22.4,Heatwave
37.527,-77.748,2016-05-09 16:16,19.93,81.8,993.0,48.7,121.04,165.6,57.6,Flood
30.5845,-103.6366,2021-03-16 03:53,17.65,75.3,948.1,149.2,23.06,29.6,25.4,Storm
37.2669,-86.871,2019-07-31 08:46,13.46,46.3,1014.0,32.5,23.46,1341.9,36.0,Normal
39.7575,-79.9433,2020-05-17 13:41,28.08,90.9,967.2,43.5,82.29,158.8,48.8,Heavy Rains
39.547,-97.714,2016-06-15 03:42,11.54,85.0,991.3,34.7,169.55,71.0,59.2,Flood
27.8867,-109.0166,2019-08-03 18:56,21.75,80.2,970.2,30.7,53.91,1217.9,53.2,Heavy Rains
30.8073,-94.5033,2022-08-18 05:58,1.22,31.4,1012.4,10.8,2.65,1359.9,6.1,Normal
32.8753,-110.259,2019-07-17 03:51,16.98,29.1,1001.3,29.6,17.66,958.9,24.3,Normal
45.315,-111.2905,2016-08-02 11:25,-0.74,53.4,1026.8,19.1,23.29,1903.7,37.9,Normal
34.0872,-119.0148,2017-06-29 03:11,20.53,97.5,992.7,50.3,95.99,69.4,56.1,Flood
35.0381,-93.0721,2017-07-01 09:37,30.96,22.6,1012.5,31.8,15.36,680.6,30.3,Normal
25.3401,-87.1238,2020-10-15 13:53,23.35,81.2,980.8,48.1,101.96,53.1,52.6,Flood
43.5024,-95.133,2015-04-18 11:06,41.36,62.1,1016.4,12.4,1.55,197.9,10.7,Heatwave
46.5499,-70.5837,2023-10-16 17:24,40.01,75.5,1014.8,7.4,4.89,789.5,23.7,Heatwave
45.9606,-92.6319,2016-01-14 23:07,28.23,56.7,1028.1,30.8,22.01,2964.5,18.2,Normal
26.8674,-105.2318,2023-05-11 15:10,44.73,93.6,1020.5,9.4,3.65,268.6,5.2,Heatwave
41.7025,-123.4667,2021-03-28 03:40,23.58,91.7,965.8,57.0,62.57,115.5,39.1,Heavy Rains
45.6086,-90.0433,2023-09-03 21:18,21.0,62.3,1029.4,35.6,4.15,1239.5,11.7,Normal
33.7023,-114.725,2015-03-16 13:21,47.53,75.0,1005.7,1.9,0.39,675.5,7.0,Heatwave
30.9228,-101.9226,2024-12-14 10:38,45.62,70.8,1007.8,8.6,3.71,475.0,15.5,Heatwave
39.3943,-106.1247,2020-03-29 18:36,29.26,92.3,987.6,18.1,137.24,157.0,51.4,Flood
27.0377,-119.5521,2023-05-22 12:40,46.38,58.9,1014.2,6.1,4.82,189.4,10.2,Heatwave
40.6213,-98.2828,2019-04-27 17:49,-1.98,34.9,1010.1,36.7,25.14,1553.8,32.4,Normal
41.2424,-104.6983,2024-05-29 00:40,23.76,73.9,975.6,123.3,25.93,151.5,47.1,Storm
27.2377,-81.9297,2018-02-24 16:06,-0.57,58.6,1029.9,31.7,9.36,3320.7,17.0,Normal
40.8137,-107.8071,2024-09-21 10:03,47.99,89.0,1010.7,1.5,3.56,354.8,23.0,Heatwave
30.9515,-109.7805,2022-12-01 13:37,19.17,62.4,955.5,133.3,44.96,22.3,32.1,Storm
25.0406,-72.2422,2019-11-22 13:23,42.88,93.0,1023.0,8.7,3.32,99.7,23.0,Heatwave
45.2993,-90.4424,2018-03-17 06:01,-3.4,62.3,1008.6,41.5,23.19,859.8,31.3,Normal
33.3375,-69.4774,2024-08-31 17:40,31.14,43.5,1021.8,18.7,8.16,3449.3,21.8,Normal
38.8952,-71.9057,2023-05-28 11:49,41.69,70.4,1009.5,0.9,2.14,440.4,10.9,Heatwave
40.7225,-91.6228,2023-05-26 17:49,29.12,76.7,981.4,54.1,109.34,965.1,41.2,Heavy Rains
38.4403,-117.0491,2023-08-27 22:21,11.93,59.1,956.3,90.2,22.95,631.5,29.8,Storm
28.9398,-113.7404,2018-06-29 13:11,22.12,86.1,992.3,58.4,108.16,171.6,55.3,Flood
38.1988,-124.9951,2018-03-19 08:31,17.76,70.5,977.4,116.2,20.79,225.5,49.6,Storm
42.8853,-119.5176,2015-06-02 02:25,23.35,60.9,1014.7,1.5,0.98,1404.6,24.6,Normal
27.6719,-82.7316,2022-03-04 13:14,40.26,60.0,1018.5,7.6,2.95,25.4,6.9,Heatwave
44.0988,-121.2259,2024-12-16 12:17,46.57,69.2,1009.4,7.5,0.83,484.6,8.7,Heatwave
44.2455,-83.4437,2019-08-16 08:22,27.28,83.6,989.2,31.2,78.45,119.3,45.5,Heavy Rains
25.6326,-112.2053,2018-01-26 22:14,18.68,80.6,979.4,29.7,45.93,403.3,35.5,Heavy Rains
37.6173,-71.4546,2022-12-12 00:00,20.3,63.0,946.8,105.4,19.06,826.2,39.8,Storm
29.5632,-110.7143,2022-02-20 12:40,39.87,80.5,1001.0,11.0,0.17,291.9,7.6,Heatwave
41.0316,-71.7535,2022-04-08 16:57,22.5,95.4,968.1,27.4,95.28,861.5,46.6,Heavy Rains
25.958,-75.4911,2017-11-27 04:20,14.32,60.7,955.4,145.3,58.39,376.1,45.8,Storm
48.4074,-113.65,2015-06-29 09:11,14.38,85.2,980.2,52.4,113.29,39.0,52.6,Flood
31.9268,-88.6955,2019-07-18 07:12,25.83,21.3,1005.3,48.1,19.03,3392.4,31.2,Normal
29.4209,-105.5908,2016-08-21 22:45,22.08,51.5,1002.2,37.0,10.62,2099.0,5.1,Normal
36.4792,-99.8118,2017-03-15 15:12,16.5,89.7,977.9,33.5,45.72,673.1,55.8,Heavy Rains
31.841,-76.9202,2019-03-04 07:16,22.19,77.7,985.1,31.3,77.56,210.3,47.8,Heavy Rains
47.3244,-81.4685,2022-07-25 07:11,11.5,96.8,990.4,57.6,133.61,75.4,54.4,Flood
42.1027,-72.8531,2018-02-28 23:47,12.65,63.7,949.7,99.1,40.8,940.5,43.8,Storm
43.4084,-78.5177,2020-09-23 00:41,28.1,20.3,1014.1,35.8,25.49,2086.0,35.6,Normal
33.3716,-78.5605,2020-03-13 15:59,15.31,66.3,971.6,158.6,41.57,137.1,29.6,Storm
25.2982,-83.2882,2023-06-12 06:08,17.17,84.8,1005.0,10.8,161.94,32.2,55.1,Flood
39.9633,-71.412,2019-01-15 01:57,24.26,93.7,982.2,59.9,154.79,190.6,56.1,Flood
32.7683,-98.3015,2018-11-25 12:04,43.78,73.5,1020.5,7.6,2.27,620.7,15.1,Heatwave
48.505,-108.7773,2016-12-15 15:43,43.59,86.2,1011.2,1.1,3.07,371.0,24.1,Heatwave
41.8933,-74.8104,2021-07-27 20:04,21.89,86.9,952.9,106.6,56.98,228.0,20.5,Storm
45.6757,-109.9006,2019-04-16 16:56,28.12,35.1,1018.6,39.0,10.22,373.2,38.7,Normal
26.3148,-113.3479,2021-09-20 13:49,40.24,66.0,1008.2,0.1,3.74,140.6,12.6,Heatwave
34.6848,-94.6771,2021-12-15 20:29,17.31,74.8,960.4,101.2,22.42,490.5,34.5,Storm
38.6266,-99.8271,2023-02-26 02:44,5.72,63.3,1006.9,38.4,29.2,2336.5,28.2,Normal
45.7712,-112.028,2016-09-03 23:47,14.2,84.7,992.6,37.6,138.9,162.1,54.1,Flood
45.7965,-123.1946,2018-10-13 00:48,23.96,33.8,1028.0,18.1,21.62,2085.6,23.6,Normal
47.8491,-103.7001,2022-01-02 21:26,20.12,85.3,1001.3,44.1,156.37,128.1,57.7,Flood
48.8606,-122.661,2023-12-27 02:17,16.61,88.4,963.8,24.3,100.73,663.7,35.9,Heavy Rains
40.8684,-71.7809,2021-08-12 16:07,43.9,81.3,1022.7,11.6,0.36,132.7,11.2,Heatwave
27.4029,-118.5377,2024-07-20 08:49,20.01,97.2,965.5,29.6,105.03,385.7,41.4,Heavy Rains
30.1914,-104.2012,2016-09-16 06:01,16.55,84.4,996.8,57.0,115.77,95.8,59.6,Flood
43.5387,-94.5328,2019-09-10 02:22,3.4,48.0,1018.5,26.9,19.13,2428.2,22.1,Normal
28.0563,-69.2127,2020-12-06 10:48,39.2,67.6,1016.8,7.6,2.66,658.7,10.0,Heatwave
25.9726,-69.0626,2020-05-08 15:04,20.29,79.8,987.7,27.5,119.41,261.6,51.4,Heavy Rains
38.7457,-70.7134,2018-03-31 11:08,47.66,86.6,1023.0,13.9,4.34,101.5,22.3,Heatwave
40.3358,-96.6118,2021-12-06 14:41,47.61,74.8,1020.1,9.6,1.49,58.4,6.2,Heatwave
39.8364,-76.9354,2024-08-19 22:09,23.11,98.9,972.7,29.1,48.67,1455.3,44.2,Heavy Rains
41.2459,-111.894,2017-06-21 15:26,47.6,76.1,1000.2,11.7,1.24,74.4,18.5,Heatwave
41.5622,-110.9833,2021-12-13 11:44,23.47,85.7,945.5,109.1,48.11,838.7,46.8,Storm
42.5863,-89.1579,2018-03-24 17:02,2.01,48.9,1023.6,46.3,6.7,1349.3,31.5,Normal
34.1491,-92.9254,2015-01-25 12:49,23.5,96.4,982.9,21.6,85.92,78.7,54.0,Heavy Rains
35.2921,-107.8482,2023-02-06 03:34,26.14,32.6,1017.4,4.0,11.46,471.0,6.0,Normal
37.9462,-109.742,2018-09-14 13:27,16.92,47.2,1007.3,40.7,23.29,22.6,32.6,Normal
35.3225,-111.5987,2019-07-19 07:39,27.07,83.4,977.9,46.7,108.99,196.0,36.9,Heavy Rains
47.3907,-103.4583,2016-09-20 21:45,21.6,93.1,968.0,26.4,113.62,185.1,43.8,Heavy Rains
42.4959,-103.7299,2024-06-04 06:03,5.17,34.3,1000.4,49.4,0.18,2716.4,18.2,Normal
37.3298,-72.8257,2017-09-04 17:35,17.19,88.2,964.5,137.0,15.95,444.8,36.2,Storm
31.0339,-93.4661,2020-12-07 10:43,45.49,82.6,1013.4,3.7,3.2,89.2,13.7,Heatwave
27.9286,-76.0137,2016-07-05 15:33,42.72,64.2,1005.2,0.8,2.86,783.5,15.6,Heatwave
41.9538,-71.2445,2024-05-12 06:46,19.87,87.2,958.6,136.9,31.12,125.4,46.8,Storm
44.562,-87.9531,2022-05-19 11:02,11.35,84.4,984.0,39.9,198.06,20.3,55.8,Flood
46.7219,-77.7267,2016-01-12 15:07,39.38,74.0,1004.2,8.0,4.11,316.0,5.6,Heatwave
40.0454,-93.9398,2024-11-01 14:56,20.54,85.3,995.4,54.4,129.97,83.0,59.9,Flood
30.9072,-117.7142,2023-10-17 11:39,16.34,86.3,965.7,101.0,25.56,169.0,39.2,Storm
28.0339,-94.9757,2022-01-10 12:01,39.32,69.9,1022.9,12.1,2.34,696.7,23.7,Heatwave
37.7111,-74.0692,2024-02-08 02:29,16.64,26.7,1027.3,44.3,24.7,2876.0,24.7,Normal
48.3118,-111.4774,2016-03-20 14:24,0.78,47.2,1000.1,21.1,14.48,2934.2,27.3,Normal
26.9573,-91.4531,2021-03-05 10:36,23.49,79.2,958.3,137.8,19.24,556.0,21.3,Storm
28.309,-121.1722,2024-07-27 13:40,17.52,81.4,977.3,49.1,119.3,23.5,53.1,Flood
43.0796,-112.657,2024-02-01 00:21,24.52,92.4,1001.0,49.1,191.79,149.7,58.3,Flood
35.6828,-124.3387,2022-04-29 03:05,12.44,92.8,1002.3,21.2,152.49,196.5,55.3,Flood
43.5451,-103.9258,2018-04-16 07:24,25.16,59.8,961.8,88.1,45.97,173.0,35.5,Storm
42.1283,-95.2263,2019-05-07 10:19,47.39,82.8,1014.9,1.2,2.33,36.9,15.4,Heatwave
48.4377,-77.0314,2024-10-19 13:05,16.6,88.4,957.6,103.5,44.28,860.8,44.6,Storm
42.0842,-116.4722,2023-11-04 02:51,19.71,78.8,963.0,114.5,22.21,939.8,41.9,Storm
28.3007,-123.6258,2024-10-26 02:36,17.8,79.9,979.8,44.6,86.8,742.9,57.3,Heavy Rains
34.472,-77.3457,2016-10-27 09:38,21.18,91.0,966.5,31.3,70.86,399.1,35.2,Heavy Rains
34.8161,-92.9513,2023-10-12 10:16,23.5,88.2,999.3,31.3,114.98,10.9,55.4,Flood
28.3982,-87.7316,2023-04-01 15:58,28.36,80.9,996.0,16.5,104.81,9.9,53.8,Flood
37.3115,-96.1564,2015-06-03 05:51,26.44,57.4,971.0,121.0,36.38,9.6,44.8,Storm
42.4007,-87.7266,2023-04-03 17:54,18.74,84.7,982.8,24.5,97.81,67.7,56.3,Flood
42.2626,-96.2276,2024-02-21 17:57,40.43,89.6,1011.3,10.5,4.2,221.8,20.6,Heatwave
26.4464,-124.2517,2020-07-18 06:29,26.37,83.8,978.1,20.4,152.91,105.0,58.7,Flood
47.5838,-87.0905,2017-09-08 12:39,11.14,87.1,984.9,15.0,137.55,139.0,57.5,Flood
42.7565,-112.2023,2021-04-09 00:09,15.25,99.1,1000.0,33.6,160.19,177.6,54.8,Flood
44.0263,-74.8234,2022-08-24 15:11,15.22,77.2,967.0,59.1,88.48,858.3,41.2,Heavy Rains
26.9238,-81.672,2021-02-17 14:10,25.22,99.8,970.1,21.5,45.86,89.6,50.3,Heavy Rains
40.5112,-72.6229,2018-03-25 11:44,26.85,95.8,986.7,51.2,182.73,82.6,52.6,Flood
38.6689,-107.4417,2023-01-20 18:45,25.14,31.7,1028.3,36.6,28.71,816.8,20.4,Normal
46.0281,-90.6734,2015-10-24 07:18,0.78,63.0,1026.9,12.9,26.86,3270.9,15.6,Normal
34.109,-98.1228,2016-06-19 05:49,28.2,20.2,1003.3,26.8,12.71,1686.9,24.4,Normal
40.4833,-89.973,2017-08-15 03:03,16.54,84.3,980.7,20.8,106.67,785.7,57.8,Heavy Rains
33.8339,-123.8066,2016-10-18 09:09,15.64,85.3,986.4,58.3,119.06,231.3,49.4,Heavy Rains
44.1221,-69.5501,2017-09-17 16:41,16.67,90.1,969.9,61.4,56.94,720.2,57.1,Heavy Rains
38.516,-81.1119,2019-03-25 15:49,43.13,74.0,1014.7,0.4,0.58,54.0,17.7,Heatwave
39.6577,-100.3852,2018-05-19 03:43,11.12,81.0,1000.5,30.1,155.99,81.8,58.8,Flood
42.7191,-74.5275,2019-03-25 16:15,21.23,87.2,966.1,44.9,70.88,822.1,52.6,Heavy Rains
44.9825,-113.556,2023-07-21 00:05,31.28,22.6,1001.3,2.6,24.62,2060.3,7.3,Normal
31.8029,-120.1123,2024-03-18 17:38,47.93,89.8,1004.3,11.6,3.0,635.7,21.4,Heatwave
43.3048,-84.269,2019-03-07 14:14,21.56,80.5,998.1,32.4,139.83,21.7,53.8,Flood
29.362,-124.9695,2015-07-14 21:47,16.43,85.7,983.4,40.3,134.55,50.2,55.4,Flood
39.5722,-84.4193,2018-04-18 16:56,21.44,97.1,990.1,16.4,176.63,60.0,57.1,Flood
48.0212,-73.0483,2017-02-24 00:42,16.27,84.4,972.3,32.6,66.8,884.8,53.7,Heavy Rains
29.0549,-101.4651,2023-02-05 10:09,28.69,94.9,966.3,24.4,93.15,157.4,55.7,Heavy Rains
25.1337,-85.6474,2024-10-09 17:50,19.77,90.0,1003.8,21.8,138.06,96.1,56.0,Flood
36.1098,-93.36,2021-09-07 17:11,41.77,71.8,1015.0,9.6,2.98,655.9,11.5,Heatwave
32.883,-72.901,2021-09-21 04:41,28.45,92.2,975.1,10.5,104.96,110.6,57.3,Flood
30.3765,-90.0517,2018-10-02 11:50,7.73,54.5,1027.3,21.8,26.6,2139.8,20.4,Normal
43.8724,-78.7318,2022-05-21 22:09,24.09,79.3,972.1,90.7,47.61,111.6,34.1,Storm
41.4265,-71.7087,2018-06-10 23:51,-0.88,38.9,1003.7,34.7,11.47,2242.5,29.2,Normal
29.1189,-93.8709,2019-09-16 23:53,22.37,93.3,978.2,30.5,76.95,1248.2,55.1,Heavy Rains
36.6471,-89.9812,2022-03-09 11:01,16.68,75.7,947.0,119.0,18.49,454.5,31.3,Storm
34.6434,-107.9719,2019-06-20 15:01,26.66,70.5,948.1,112.1,25.71,797.6,30.1,Storm
40.997,-103.5116,2018-05-30 00:20,-1.56,21.1,1026.8,14.0,24.72,1734.3,9.0,Normal
25.7879,-120.9598,2015-06-29 13:37,15.65,55.5,977.3,104.2,46.53,988.0,22.6,Storm
44.0973,-74.4143,2017-06-05 03:05,22.56,80.7,977.3,20.0,97.23,1405.2,52.3,Heavy Rains
48.5886,-117.2535,2015-10-02 09:29,22.93,87.2,982.6,44.8,99.47,1338.7,45.7,Heavy Rains
37.9388,-91.4804,2022-03-21 13:20,12.59,26.7,1012.9,18.2,7.18,866.1,28.0,Normal
48.6493,-123.5524,2019-10-20 00:56,15.59,78.9,969.2,48.8,88.97,1323.7,36.7,Heavy Rains
44.5119,-108.5997,2015-07-15 16:17,22.38,80.0,972.0,25.1,59.74,75.3,45.0,Heavy Rains
35.7473,-91.4677,2019-10-25 07:45,27.94,86.2,976.3,122.8,39.62,967.7,29.5,Storm
31.7643,-109.4995,2015-09-08 02:22,11.23,60.2,1011.9,34.4,25.01,668.3,27.2,Normal
45.3017,-69.1878,2017-03-12 11:03,26.41,77.2,987.5,24.2,97.15,122.6,36.8,Heavy Rains
30.9367,-120.7216,2017-12-27 04:29,20.92,88.5,944.6,153.9,46.27,352.3,37.8,Storm
40.7109,-80.297,2021-06-03 23:11,19.32,86.8,972.7,27.6,46.29,1443.9,48.9,Heavy Rains
43.0826,-79.4253,2022-01-31 00:16,1.67,35.8,1010.9,7.2,24.06,1133.9,39.1,Normal
36.5404,-112.1374,2020-08-28 11:05,16.49,53.6,1024.5,43.0,12.41,3239.8,35.3,Normal
44.1527,-91.8403,2017-04-17 05:07,25.87,96.9,979.2,29.3,104.25,1254.1,39.2,Heavy Rains
35.8926,-112.6125,2015-03-05 18:07,11.06,86.1,987.9,43.0,85.07,50.0,54.2,Flood
36.0297,-86.9901,2017-11-06 17:57,41.59,77.3,1001.8,13.2,4.94,239.3,24.2,Heatwave
41.5808,-101.6453,2015-06-24 14:20,28.85,96.2,989.2,40.9,112.43,705.7,38.3,Heavy Rains
44.9084,-72.6084,2022-12-23 16:19,24.19,88.5,979.7,58.7,144.97,194.6,52.1,Flood
39.5131,-117.7484,2023-04-12 22:10,27.84,72.3,961.1,91.5,55.27,117.9,31.6,Storm
32.3822,-92.6714,2018-08-29 01:45,16.76,64.2,969.1,101.0,45.6,319.9,48.2,Storm
37.9874,-116.6994,2024-12-04 15:19,22.07,85.8,1004.1,35.9,160.63,28.8,53.1,Flood
35.1927,-111.1808,2019-09-05 13:25,1.82,61.2,1000.9,39.4,2.47,3447.7,28.6,Normal
36.1995,-77.6621,2023-10-31 14:19,22.84,25.0,1027.7,15.5,5.51,1964.5,21.4,Normal
38.2806,-85.2472,2015-08-12 12:40,46.82,75.1,1021.8,8.0,2.35,352.4,8.7,Heatwave
32.0504,-119.1519,2021-02-12 15:42,41.66,73.4,1017.9,2.3,2.22,357.7,19.5,Heatwave
29.6641,-87.4933,2022-01-13 14:01,28.07,76.7,967.4,43.8,86.76,257.9,57.2,Heavy Rains
33.6469,-69.4194,2023-11-03 20:23,19.41,99.5,993.7,18.0,90.13,185.1,59.2,Flood
45.3422,-99.7029,2017-12-19 00:28,10.18,80.7,985.8,41.9,149.01,81.3,56.2,Flood
27.3377,-124.1483,2020-07-30 09:35,27.35,95.9,1001.9,34.9,137.3,33.8,53.7,Flood
37.4484,-120.0358,2019-07-13 14:11,26.8,97.5,974.4,34.4,101.01,576.6,49.4,Heavy Rains
32.6261,-98.3395,2022-07-05 17:36,29.65,84.4,965.7,40.1,111.86,840.5,42.1,Heavy Rains
44.5739,-71.2229,2024-03-01 23:37,16.83,84.2,952.9,152.7,17.07,432.9,46.9,Storm
41.7476,-107.8877,2015-02-13 12:23,18.13,85.7,977.7,41.5,91.11,110.7,46.3,Heavy Rains
33.0521,-118.1175,2016-12-11 04:48,18.3,93.9,991.6,31.9,191.45,8.1,51.9,Flood
32.3457,-85.9072,2015-11-13 22:27,-4.04,62.0,1001.5,38.3,1.14,154.5,37.1,Normal
26.9674,-109.0049,2021-10-20 12:57,43.85,66.3,1022.2,1.1,0.38,14.9,15.1,Heatwave
42.0504,-90.4931,2018-04-08 16:17,46.99,86.5,1023.5,10.5,2.6,360.2,8.3,Heatwave
28.1607,-90.3941,2021-01-10 03:06,20.94,80.3,963.3,33.0,109.87,1162.0,57.6,Heavy Rains
42.977,-120.8007,2016-07-18 17:19,10.3,68.1,971.7,153.0,15.27,906.8,35.5,Storm
34.3429,-68.0887,2024-12-04 03:53,29.69,84.7,966.1,23.7,59.5,937.2,53.9,Heavy Rains
32.4614,-68.618,2022-01-17 00:51,19.7,93.8,978.4,10.0,154.44,24.1,51.9,Flood
36.1811,-88.3784,2018-11-30 14:06,11.72,94.6,1002.5,56.1,173.34,39.7,54.0,Flood
38.7077,-110.5868,2022-08-19 05:52,-2.97,59.0,1013.9,24.1,27.26,1195.8,30.7,Normal
36.3969,-114.2711,2016-12-11 16:53,47.32,88.8,1003.9,14.0,3.35,107.4,6.4,Heatwave
27.7037,-103.7681,2024-11-27 04:55,17.84,69.6,959.5,115.1,55.21,104.0,37.5,Storm
35.2207,-115.6129,2021-08-08 18:18,23.33,57.4,1000.8,20.3,4.14,20.3,19.5,Normal
26.4133,-107.4832,2017-02-16 00:28,12.64,24.0,1024.9,44.7,18.5,3108.0,19.3,Normal
39.8559,-97.1037,2019-03-11 15:05,19.15,20.1,1022.6,9.2,17.45,1195.6,8.5,Normal
27.3925,-72.5155,2021-08-20 12:03,-1.81,55.4,1003.5,35.1,2.59,1734.3,12.1,Normal
48.33,-124.9691,2022-04-28 15:17,21.96,96.8,986.4,27.6,157.7,116.4,55.6,Flood
29.9296,-91.7606,2022-08-18 11:57,43.59,87.5,1011.3,7.2,2.28,46.2,14.2,Heatwave
48.8961,-99.5741,2016-04-11 00:04,25.67,97.8,965.0,39.4,119.1,1007.5,35.6,Heavy Rains
33.1044,-74.2743,2017-06-08 21:24,29.06,85.8,988.3,21.1,60.48,872.7,39.0,Heavy Rains
36.8651,-111.0929,2019-04-22 10:57,45.76,86.0,1002.7,6.0,0.88,766.4,15.4,Heatwave
31.1448,-81.4554,2019-11-29 07:21,25.68,60.3,960.7,115.4,27.29,545.7,21.2,Storm
41.1651,-111.9853,2020-02-12 11:49,20.16,58.0,1019.6,7.7,24.73,1797.8,39.1,Normal
43.2519,-95.3102,2023-10-29 13:41,26.25,95.0,981.9,46.6,124.41,41.0,51.5,Flood
44.7806,-119.7746,2024-07-05 13:41,44.76,93.9,1001.3,4.7,4.94,629.6,9.1,Heatwave
31.5481,-78.8976,2020-04-01 15:10,45.58,81.3,1018.0,0.2,1.69,236.0,18.5,Heatwave
26.1351,-104.25,2023-04-30 19:23,21.84,86.8,964.9,49.6,72.85,849.0,38.4,Heavy Rains
29.1047,-113.3962,2017-04-22 20:18,24.12,85.8,975.1,19.3,189.39,123.8,57.7,Flood
32.4284,-81.1881,2018-06-15 17:18,44.64,60.6,1003.3,2.8,3.11,202.5,14.2,Heatwave
45.4437,-88.5134,2015-02-05 08:38,31.69,60.1,1030.7,30.0,0.72,3448.8,37.1,Normal
34.2246,-87.2554,2016-01-28 08:36,30.47,50.7,1007.2,34.7,29.09,1287.8,36.1,Normal
30.6856,-95.9299,2020-02-20 04:19,10.1,37.6,1000.5,39.9,23.16,870.6,12.7,Normal
30.5723,-100.0185,2020-04-13 03:34,26.14,86.4,962.1,64.1,113.29,545.0,41.3,Heavy Rains
25.566,-107.8186,2017-06-21 03:47,17.65,83.3,942.9,86.2,53.62,46.9,23.0,Storm
46.1256,-98.0497,2016-07-09 15:10,26.51,89.7,989.6,36.3,78.07,879.3,45.3,Heavy Rains
37.7797,-96.8904,2017-09-14 13:35,15.25,76.9,977.0,26.2,75.81,113.6,45.7,Heavy Rains
32.3291,-114.5665,2017-09-04 12:32,42.5,79.3,1014.4,5.9,2.43,429.9,23.4,Heatwave
29.1009,-92.429,2023-02-21 21:42,25.96,85.2,964.8,30.9,76.48,1089.6,43.5,Heavy Rains
26.259,-94.3704,2023-04-21 05:50,10.58,90.3,977.1,21.8,136.15,115.4,54.8,Flood
34.8065,-77.8799,2022-03-30 23:18,21.95,88.4,941.7,113.3,30.09,259.2,35.4,Storm
34.3304,-79.8139,2020-06-26 14:31,43.81,88.5,1011.2,13.9,0.19,44.8,20.8,Heatwave
41.4138,-102.186,2017-08-04 00:17,7.78,29.5,1027.2,29.5,5.5,3469.7,17.1,Normal
38.5611,-76.9829,2016-02-28 05:38,10.84,61.5,943.0,112.9,52.14,299.3,44.4,Storm
41.1134,-91.0102,2019-08-14 11:01,23.33,77.3,986.2,52.6,106.95,1388.1,56.2,Heavy Rains
31.1054,-86.8085,2017-11-06 11:16,14.71,56.9,960.7,146.5,54.56,688.4,34.3,Storm
27.4857,-69.6174,2018-12-14 19:16,22.5,61.2,952.4,151.4,49.39,494.0,25.2,Storm
35.827,-101.9465,2019-05-09 15:01,42.51,60.6,1000.1,10.1,0.32,596.8,5.9,Heatwave
25.4145,-73.9752,2016-01-18 22:46,16.06,26.0,1023.2,6.7,22.2,1415.7,9.9,Normal
28.1648,-121.359,2023-01-02 02:08,17.27,88.1,988.2,30.6,101.6,1459.9,42.8,Heavy Rains
41.0064,-104.8403,2017-10-19 16:39,45.75,92.1,1005.9,2.3,4.0,141.6,13.2,Heatwave
27.3177,-86.6405,2015-11-02 20:35,12.6,58.2,967.8,115.2,21.2,266.3,24.9,Storm
35.9125,-82.304,2016-01-21 07:38,29.76,75.9,969.3,55.0,109.1,364.0,44.4,Heavy Rains
30.0217,-69.6041,2021-01-10 09:04,7.34,41.8,1001.8,46.0,3.07,533.3,12.9,Normal
29.2416,-69.6185,2018-02-19 17:42,29.58,95.6,998.4,15.3,170.76,76.0,56.9,Flood
27.3256,-108.0511,2023-09-02 10:03,21.28,97.9,992.4,52.2,134.07,64.2,53.9,Flood
25.1825,-107.5227,2017-07-07 19:07,28.17,97.3,984.7,23.4,107.43,1375.1,48.8,Heavy Rains
28.8332,-85.8938,2018-06-10 14:44,40.06,91.7,1007.4,8.6,1.1,106.9,8.1,Heatwave
33.3604,-75.0122,2016-05-02 02:45,4.5,61.4,1007.6,2.6,17.9,1516.7,28.2,Normal
43.9125,-99.4529,2017-02-15 08:39,22.64,61.4,956.7,134.3,22.2,877.6,42.2,Storm
45.6486,-113.2379,2017-01-11 23:24,25.8,86.4,971.7,53.9,114.06,746.3,48.7,Heavy Rains
27.5257,-93.4475,2016-06-24 21:18,16.71,84.2,941.8,117.6,37.76,2.9,37.3,Storm
26.6172,-119.2139,2015-11-12 05:34,16.86,86.6,982.8,52.5,56.45,1401.6,40.6,Heavy Rains
31.9942,-76.916,2016-06-30 21:43,28.77,92.5,980.0,23.9,57.39,499.2,37.3,Heavy Rains
30.6548,-120.844,2015-09-13 18:57,22.2,96.7,999.2,27.3,93.14,82.8,57.7,Flood
46.504,-85.3477,2017-01-26 14:18,43.2,92.5,1016.0,12.9,1.38,341.6,23.1,Heatwave
41.1603,-109.8787,2017-06-20 04:31,26.28,94.7,983.5,19.9,185.72,189.2,58.7,Flood
44.3438,-111.1636,2022-12-30 15:14,23.87,91.6,963.1,55.1,98.14,863.0,54.3,Heavy Rains
42.9666,-86.1247,2015-01-29 13:55,22.8,86.8,971.6,55.2,116.82,1330.9,47.4,Heavy Rains
33.8224,-102.5708,2019-08-25 12:53,27.69,84.5,1003.4,56.2,159.42,124.7,59.2,Flood
47.9093,-87.7906,2021-09-07 12:49,23.84,95.9,994.8,48.9,184.46,129.4,53.5,Flood
39.4315,-102.9552,2024-04-12 22:00,12.5,87.4,980.8,10.5,170.46,150.9,57.1,Flood
39.8995,-118.1335,2024-12-25 07:01,10.08,75.8,965.7,151.0,55.61,315.4,24.1,Storm
31.8381,-71.3471,2021-10-24 10:54,46.62,90.2,1005.1,8.5,0.94,313.4,17.9,Heatwave
47.2009,-123.5362,2024-12-16 03:55,20.61,99.0,997.5,22.4,136.97,136.6,58.8,Flood
26.8434,-104.0815,2020-03-07 07:04,28.5,59.2,1032.0,1.6,4.57,2376.6,27.1,Normal
28.0849,-70.502,2021-07-30 03:03,28.02,88.8,971.1,34.2,99.04,847.7,49.5,Heavy Rains
48.2871,-71.0436,2015-03-23 18:22,28.28,99.7,986.6,23.1,55.12,485.2,44.1,Heavy Rains
29.0515,-100.4173,2023-11-09 05:47,7.05,52.8,1008.3,16.2,1.28,709.8,26.2,Normal
33.2149,-123.8192,2020-11-16 16:39,20.82,86.1,966.2,26.5,50.8,1263.6,50.7,Heavy Rains
28.0214,-110.0832,2016-07-20 04:59,-3.68,38.6,1021.0,2.7,22.81,2512.4,14.4,Normal
27.5496,-112.9457,2015-04-15 10:32,24.32,94.8,998.5,45.6,193.09,75.4,56.2,Flood
44.7925,-102.408,2017-04-23 13:56,16.68,87.5,961.3,24.7,45.3,1405.0,50.3,Heavy Rains
25.1525,-77.7913,2018-04-18 00:00,18.38,85.7,967.8,30.0,95.59,523.6,45.5,Heavy Rains
34.0679,-80.1183,2015-06-08 04:07,15.82,67.0,963.3,150.4,21.16,932.4,43.0,Storm
37.2388,-73.3624,2020-12-13 15:22,45.55,87.9,1020.4,3.3,0.73,157.8,17.0,Heatwave
32.8497,-94.2879,2023-12-14 09:36,20.01,76.7,962.3,24.1,86.87,212.9,38.6,Heavy Rains
36.9268,-76.702,2017-04-06 02:53,27.01,84.3,983.0,24.9,150.95,160.1,56.6,Flood
48.3806,-109.9941,2016-12-21 17:36,29.59,92.5,981.1,23.4,59.03,516.0,57.8,Heavy Rains
28.6249,-71.0756,2016-12-08 06:06,15.25,86.8,968.1,28.9,82.3,279.6,54.1,Heavy Rains
46.5643,-81.7197,2015-06-19 16:05,17.52,86.0,955.9,114.7,15.13,984.4,21.7,Storm
37.8018,-95.527,2017-10-25 12:03,10.11,86.7,960.9,93.1,41.5,982.0,34.4,Storm
27.9897,-119.4504,2017-12-09 10:41,15.47,79.8,968.7,21.3,87.54,633.0,36.5,Heavy Rains
48.0747,-98.7068,2019-09-19 17:01,29.15,88.4,997.7,40.8,119.77,48.3,55.6,Flood
31.9082,-97.2618,2016-04-30 07:56,13.39,98.8,982.8,40.3,97.2,46.1,53.5,Flood
32.8873,-97.4531,2016-12-24 09:41,19.49,96.7,967.5,32.4,87.09,497.8,45.1,Heavy Rains
27.3356,-89.9371,2020-02-12 12:40,15.98,39.0,1004.5,38.0,25.17,1422.9,24.2,Normal
36.9742,-85.925,2015-02-04 14:43,13.0,99.3,993.7,43.2,119.92,57.4,58.2,Flood
40.2414,-93.602,2017-03-15 12:40,41.73,76.8,1012.6,2.4,4.71,123.4,18.2,Heatwave
43.2874,-89.862,2022-04-05 21:26,31.46,41.7,1016.7,46.7,29.49,872.2,25.8,Normal
32.526,-73.2268,2024-12-23 05:11,15.98,98.1,994.8,41.6,183.3,23.3,54.1,Flood
34.5579,-115.4373,2019-01-12 14:27,20.11,94.7,997.8,51.0,176.26,3.9,54.4,Flood
31.298,-94.4161,2022-05-24 04:11,9.1,36.4,1033.7,16.8,7.64,781.4,14.5,Normal
41.9089,-87.258,2019-03-11 11:21,41.72,61.3,1003.9,13.3,3.96,768.5,18.0,Heatwave
26.7959,-80.4531,2016-09-24 14:21,44.61,71.5,1002.0,4.6,3.37,426.9,24.1,Heatwave
39.8255,-109.4884,2020-02-09 17:12,41.89,61.9,1024.2,0.3,4.86,225.7,7.5,Heatwave
31.7676,-114.5014,2020-12-17 23:09,31.04,27.8,1010.6,0.2,0.96,280.1,29.8,Normal
40.8642,-72.9665,2022-03-28 08:35,8.58,42.2,1004.5,40.3,16.7,3287.5,10.1,Normal
42.4506,-111.7298,2019-12-01 12:00,43.44,69.3,1007.8,11.2,4.99,370.9,20.8,Heatwave
28.1213,-94.442,2018-04-19 23:02,27.44,90.8,983.3,35.2,81.93,623.5,45.0,Heavy Rains
25.4584,-73.9145,2022-12-24 12:46,6.0,29.4,1004.6,6.1,8.56,2743.1,25.7,Normal
26.6735,-81.5087,2023-07-21 18:59,27.32,86.4,940.6,99.4,51.43,581.4,43.0,Storm
26.0599,-117.7113,2018-07-07 08:47,17.21,88.6,1002.1,23.2,180.4,184.4,55.7,Flood
43.7089,-98.4781,2024-05-13 03:30,25.02,82.0,962.5,55.5,71.49,612.4,39.4,Heavy Rains
44.1585,-93.8193,2017-01-15 21:46,22.89,67.8,953.7,150.0,37.52,14.7,39.5,Storm
37.0526,-96.0482,2019-06-14 01:28,15.45,82.0,994.5,46.6,133.6,58.5,54.6,Flood
32.5596,-100.638,2015-12-19 23:56,10.79,67.7,976.9,149.7,34.83,820.8,24.1,Storm
46.6283,-79.6266,2023-11-26 12:42,39.76,76.1,1015.8,4.7,4.09,600.9,18.5,Heatwave
27.2595,-93.9761,2015-03-01 20:50,7.4,32.1,1010.4,48.6,26.18,947.6,28.4,Normal
34.1788,-113.0348,2019-07-22 00:25,3.85,25.7,1012.4,1.7,6.46,2936.5,25.5,Normal
39.0272,-107.5722,2019-10-12 19:49,18.07,85.1,991.2,43.0,93.91,30.3,57.6,Flood
25.4923,-102.6201,2017-07-10 14:24,23.66,84.6,953.0,85.6,22.23,347.9,20.3,Storm
45.3034,-80.9969,2022-12-03 16:09,27.22,86.1,978.7,62.1,111.62,1200.8,37.8,Heavy Rains
26.1979,-97.1425,2019-10-17 20:40,17.39,58.3,948.7,122.9,55.79,261.9,26.4,Storm
29.4219,-68.577,2019-06-28 11:00,11.47,80.6,978.5,24.5,107.36,116.6,57.9,Flood
34.811,-89.2703,2024-10-10 19:06,27.37,83.3,983.8,28.9,116.83,68.1,56.3,Flood
46.6596,-93.6454,2018-12-14 15:54,42.35,85.8,1010.8,10.2,3.04,450.5,9.3,Heatwave
26.6145,-80.3098,2024-06-30 07:52,10.75,66.5,964.8,87.5,42.4,792.8,26.9,Storm
42.0341,-101.4705,2022-01-25 10:30,24.41,59.6,970.3,87.8,15.46,301.8,37.0,Storm
47.5559,-69.6142,2016-07-29 15:02,17.27,85.7,987.3,41.0,163.27,87.7,55.6,Flood
46.7218,-75.5449,2022-08-11 07:45,11.21,80.4,992.3,37.7,115.8,129.0,59.0,Flood
41.2935,-122.0152,2018-10-17 15:04,41.97,77.8,1009.7,3.5,4.26,771.5,17.1,Heatwave
38.8308,-120.5268,2024-01-24 10:58,45.94,69.6,1020.4,5.8,4.34,695.8,9.5,Heatwave
40.152,-114.5045,2022-09-08 23:22,17.29,68.2,972.0,131.3,59.69,211.1,39.7,Storm
46.8746,-110.2584,2018-06-26 10:26,17.86,55.5,1030.8,31.7,15.65,440.6,26.4,Normal
35.6727,-111.5416,2019-12-22 15:06,47.83,70.3,1022.5,9.0,0.3,220.7,24.4,Heatwave
33.3977,-80.9186,2016-11-26 00:07,11.05,52.3,1019.9,13.6,17.55,2665.0,7.8,Normal
37.9003,-101.8962,2023-12-02 22:01,17.88,96.3,998.5,36.5,92.35,166.6,55.9,Flood
31.424,-120.5829,2023-01-29 21:21,15.94,64.5,962.2,135.3,40.93,376.0,49.5,Storm
43.3003,-94.2554,2019-03-12 10:38,41.92,56.8,1023.2,12.3,4.16,246.0,6.2,Heatwave
28.8153,-107.266,2023-11-16 16:08,46.02,76.4,1014.2,2.4,4.38,160.6,6.2,Heatwave
29.808,-78.1731,2022-06-18 11:57,28.2,96.7,964.6,54.8,60.46,313.3,35.6,Heavy Rains
43.2047,-70.8519,2017-06-16 04:32,19.79,84.7,979.0,37.8,83.27,470.0,35.5,Heavy Rains
29.1839,-121.0167,2021-05-27 01:21,18.7,97.5,974.1,43.7,82.33,213.1,46.3,Heavy Rains
47.7454,-102.2323,2022-01-31 12:02,6.52,21.3,1027.7,41.6,7.86,1464.8,17.6,Normal
34.6891,-98.5071,2024-05-03 21:27,29.31,20.4,1009.8,15.5,28.25,2296.2,30.0,Normal
26.8473,-112.9582,2019-11-08 21:54,33.3,51.8,1014.2,12.2,29.79,700.4,8.3,Normal
38.61,-116.649,2022-09-10 11:24,11.27,57.1,977.6,127.7,40.99,644.1,31.9,Storm
26.7508,-92.1949,2016-07-21 09:27,29.75,49.6,1031.5,9.3,23.62,1024.5,22.3,Normal
28.4759,-120.7191,2024-01-26 05:01,15.5,57.2,951.1,130.9,38.94,795.8,23.4,Storm
36.6139,-90.0017,2018-11-21 17:00,13.17,94.8,1002.8,19.6,88.4,4.6,55.6,Flood
27.4866,-123.5946,2017-04-16 16:28,17.81,98.5,984.0,34.2,106.17,46.8,58.6,Flood
25.0794,-70.6131,2017-07-14 17:07,44.11,92.5,1009.0,9.5,2.0,505.8,24.2,Heatwave
32.6455,-100.3935,2019-08-08 04:45,25.4,60.9,978.9,99.9,47.71,686.3,42.3,Storm
26.0524,-73.7979,2020-06-16 13:20,43.63,93.0,1004.2,13.4,2.69,5.9,6.3,Heatwave
25.3481,-100.5977,2018-02-17 07:15,16.55,91.6,1001.8,39.6,102.13,114.2,51.0,Flood
38.339,-94.8305,2024-12-25 00:16,24.38,81.5,985.7,28.0,116.13,772.7,56.4,Heavy Rains
47.3744,-78.2323,2024-05-12 18:29,15.61,83.2,961.1,47.4,99.29,1228.1,37.3,Heavy Rains
25.1077,-106.5217,2020-04-13 22:02,2.15,41.9,1011.8,4.0,28.17,515.0,10.6,Normal
32.8248,-111.8637,2023-10-23 17:17,19.18,64.5,976.8,87.9,22.1,224.0,49.0,Storm
44.1597,-123.6809,2019-07-22 02:24,20.22,80.9,945.9,102.6,45.85,201.5,33.7,Storm
47.1713,-102.553,2018-01-14 23:20,21.68,35.2,1019.6,34.9,20.99,1427.0,31.7,Normal
46.3791,-116.6287,2015-06-10 12:16,47.3,76.1,1010.1,13.6,3.19,702.8,19.6,Heatwave
44.7915,-119.2559,2021-10-28 02:29,8.92,50.5,1023.1,2.0,3.15,2624.0,37.9,Normal
36.9443,-69.2645,2021-10-15 12:37,17.87,81.3,963.8,28.3,93.06,224.0,50.4,Heavy Rains
36.4037,-93.9523,2021-12-21 11:15,25.13,87.8,976.7,136.4,55.5,698.3,29.3,Storm
25.7022,-116.7033,2018-12-10 23:17,28.98,87.0,979.8,35.0,168.78,48.1,56.1,Flood
36.4896,-119.3543,2020-05-13 12:35,24.5,88.5,984.1,26.6,54.52,789.3,54.8,Heavy Rains
48.0387,-78.8928,2023-10-10 14:13,29.29,42.9,1029.5,7.1,18.43,2602.7,30.6,Normal
34.5541,-117.7007,2022-10-25 15:53,26.09,89.8,987.4,21.7,118.46,101.0,59.0,Flood
46.8729,-109.6169,2017-05-29 02:09,27.18,87.0,965.9,86.3,27.22,741.9,33.4,Storm
34.5572,-95.5111,2016-10-31 03:29,27.09,83.7,982.0,49.5,75.34,1220.0,38.7,Heavy Rains
47.6642,-116.3448,2021-07-27 14:09,25.08,94.0,960.3,25.3,68.34,198.8,49.5,Heavy Rains
28.001,-86.4008,2024-03-16 23:26,12.63,50.5,1003.5,8.7,22.82,981.4,13.0,Normal
44.9166,-79.7252,2021-03-09 02:32,25.47,85.2,989.0,11.6,98.26,131.0,52.7,Flood
34.8523,-122.6036,2023-08-15 18:20,15.68,78.3,962.7,102.4,26.0,668.4,44.4,Storm
28.9,-68.5349,2018-07-28 14:37,42.03,88.3,1013.3,9.9,1.5,652.6,12.4,Heatwave
25.5058,-69.8921,2018-06-16 19:02,26.83,93.2,1003.2,44.5,175.71,47.7,56.0,Flood
32.5611,-86.9405,2015-01-13 22:04,19.75,79.3,967.7,47.4,47.84,905.0,49.9,Heavy Rains
34.3804,-120.5776,2023-04-25 00:43,15.47,88.8,980.3,45.7,187.66,105.9,55.0,Flood
44.1984,-96.7734,2020-08-28 02:44,29.25,81.0,972.2,57.1,85.65,190.1,53.7,Heavy Rains
44.7205,-86.1647,2017-12-02 21:39,12.46,82.9,975.6,17.1,170.63,47.9,55.6,Flood
47.9409,-119.4502,2022-08-29 15:54,42.89,91.8,1021.5,4.7,1.34,78.6,18.1,Heatwave
42.7072,-77.6722,2016-02-12 15:43,10.53,83.6,993.1,26.3,119.82,124.0,57.8,Flood
27.6728,-121.2875,2015-08-21 16:34,15.26,93.0,981.7,34.5,47.88,1357.2,50.7,Heavy Rains
31.2521,-113.5654,2017-01-25 11:41,24.5,83.5,982.6,43.6,46.53,928.9,57.6,Heavy Rains
46.3717,-116.7383,2015-08-11 19:29,13.56,87.5,988.7,19.7,126.24,53.7,54.0,Flood
40.0477,-104.795,2017-11-29 01:48,23.02,82.5,983.9,46.8,137.11,195.6,58.2,Flood
41.2167,-103.2815,2020-01-23 16:10,32.54,51.1,1021.2,24.9,22.2,300.3,12.2,Normal
28.9131,-115.6858,2023-01-18 04:18,10.94,68.1,957.1,150.9,33.61,831.3,39.8,Storm
36.1543,-122.7289,2015-07-18 15:29,20.51,97.2,980.6,31.4,70.31,479.4,53.8,Heavy Rains
47.958,-107.6173,2015-10-03 20:42,14.08,56.2,951.1,155.2,18.18,300.5,20.5,Storm
41.3351,-81.1533,2023-05-14 20:25,23.63,95.0,964.5,34.2,63.43,1120.8,52.5,Heavy Rains
38.4127,-94.7419,2020-10-09 16:28,24.12,37.1,1014.9,49.1,29.3,2182.0,13.3,Normal
40.4438,-106.2768,2019-03-23 12:42,45.33,92.9,1024.9,12.8,0.47,536.4,15.2,Heatwave
42.8708,-118.3819,2017-02-09 11:08,27.07,99.1,992.3,10.1,92.12,106.6,58.6,Flood
36.0327,-110.5363,2023-05-30 00:48,26.36,41.4,1016.3,27.9,8.44,928.0,10.3,Normal
36.3771,-83.3309,2024-07-03 17:16,14.4,55.2,965.1,127.3,22.38,603.5,33.0,Storm
38.9048,-71.7264,2016-08-17 01:47,28.59,84.6,961.4,28.9,58.66,257.3,35.8,Heavy Rains
37.4036,-91.5589,2020-12-03 13:34,10.42,69.2,950.1,143.1,30.63,98.3,23.0,Storm
25.7518,-90.7386,2021-05-16 12:03,28.73,87.2,987.9,33.7,91.22,172.7,59.6,Flood
46.6637,-83.8926,2024-01-27 10:26,42.28,84.1,1024.2,8.5,3.76,627.0,9.7,Heatwave
43.2992,-94.3265,2020-06-25 20:41,11.55,80.6,1000.0,43.6,162.31,70.2,58.3,Flood
32.6642,-105.6174,2023-01-02 01:33,23.51,42.5,1009.9,35.7,12.07,429.3,5.9,Normal
37.5513,-83.7511,2019-05-04 20:26,3.89,57.8,1008.3,28.3,20.03,300.8,37.8,Normal
29.7413,-74.6495,2018-06-06 09:39,30.87,43.4,1005.8,48.7,11.29,1667.9,16.8,Normal
34.064,-82.9618,2023-01-04 03:20,20.33,83.9,998.4,32.7,101.85,84.7,54.7,Flood
48.4155,-120.05,2015-01-02 14:49,42.59,82.1,1010.1,2.8,0.08,562.9,23.4,Heatwave
30.989,-121.1357,2017-05-08 14:50,39.97,56.0,1009.6,10.3,4.85,707.6,14.9,Heatwave
46.1114,-109.1394,2023-07-15 16:16,46.51,74.3,1018.7,0.7,4.76,179.4,6.4,Heatwave
45.0665,-120.0926,2021-05-16 14:05,12.33,81.8,996.9,19.3,152.98,192.2,57.9,Flood
46.76,-111.3987,2024-07-24 10:43,11.39,83.7,1002.0,17.1,86.46,94.4,54.0,Flood
32.1604,-118.8916,2018-09-07 11:56,24.45,88.0,975.3,31.5,107.72,105.3,59.1,Flood
40.6889,-122.2233,2021-01-03 18:07,25.47,87.3,987.1,33.2,57.21,470.9,42.6,Heavy Rains
40.9243,-106.7285,2016-01-08 16:36,23.63,88.3,971.8,44.6,60.07,514.5,45.3,Heavy Rains
31.9453,-120.4519,2023-09-02 13:55,39.91,66.8,1015.9,5.1,1.85,167.6,10.3,Heatwave
38.6213,-105.404,2017-07-09 09:41,20.88,60.9,947.4,148.5,32.34,433.8,45.0,Storm
27.211,-68.6731,2017-07-01 03:30,21.97,85.4,986.9,39.8,109.27,1223.7,35.0,Heavy Rains
32.2467,-107.503,2015-03-08 03:44,19.98,100.0,987.4,27.6,180.24,84.7,59.8,Flood
46.1781,-82.1852,2023-06-05 11:31,20.38,83.6,996.4,36.3,140.58,190.2,55.3,Flood
39.2873,-122.5338,2021-09-29 15:17,21.97,88.4,961.8,154.7,51.83,374.2,29.0,Storm
40.456,-112.8297,2019-03-16 04:30,16.63,91.3,969.0,57.5,103.09,954.2,36.2,Heavy Rains
25.6649,-79.5684,2017-02-25 09:29,19.71,99.8,987.7,55.3,108.23,54.3,51.3,Flood
35.2811,-103.8775,2020-12-22 15:00,46.65,88.1,1002.6,13.5,3.18,663.0,19.1,Heatwave
41.994,-87.8403,2018-11-28 14:47,26.18,88.7,1003.4,56.1,113.76,39.4,58.6,Flood
42.393,-116.4188,2022-01-05 04:31,18.09,71.3,947.9,90.7,54.9,506.2,48.8,Storm
41.0534,-103.2017,2021-10-03 11:54,18.21,68.9,958.4,114.2,34.91,682.6,22.0,Storm
35.4828,-72.9819,2022-10-24 18:24,26.46,91.2,1001.8,19.9,168.11,115.1,52.3,Flood
40.8832,-107.34,2017-05-31 22:43,19.57,80.8,984.0,42.9,75.54,1161.1,57.5,Heavy Rains
29.7352,-68.688,2024-03-02 19:45,17.79,82.2,980.3,58.9,49.59,318.1,35.1,Heavy Rains
25.725,-84.0761,2016-10-08 18:34,22.37,78.3,977.9,91.5,49.7,957.6,29.1,Storm
48.8261,-120.3582,2023-04-18 03:27,23.99,87.5,997.7,18.1,171.04,33.1,54.9,Flood
36.3478,-86.1578,2017-05-03 14:59,41.91,80.5,1001.1,13.1,2.6,202.7,17.8,Heatwave
31.846,-85.2943,2020-02-07 17:09,40.71,64.5,1001.5,10.3,0.3,250.9,6.0,Heatwave
35.2265,-98.3496,2018-10-09 13:23,26.09,86.3,986.5,19.0,111.89,128.4,54.2,Flood
34.7458,-77.4777,2018-05-17 14:18,40.89,86.6,1015.2,4.5,2.21,540.5,15.2,Heatwave
48.2764,-83.8087,2019-01-03 20:53,21.25,45.1,1030.1,33.7,13.62,3061.6,24.2,Normal
48.474,-74.6616,2024-01-26 06:57,27.68,81.7,986.7,18.9,195.2,15.3,52.5,Flood
46.6102,-84.7864,2018-11-20 19:31,15.6,84.1,979.1,58.8,111.51,147.6,52.9,Flood
36.3824,-92.0705,2016-08-16 23:05,27.23,66.5,973.3,117.2,26.58,8.8,25.8,Storm
41.9463,-121.3965,2023-03-26 00:00,20.72,62.9,974.1,131.9,29.08,741.9,28.0,Storm
29.9868,-97.9471,2016-08-11 16:21,11.32,99.2,997.7,14.4,132.09,182.0,54.7,Flood
31.8214,-109.2794,2021-05-27 16:12,24.45,83.1,973.0,93.4,35.79,289.0,33.8,Storm
46.9584,-83.5258,2023-11-17 07:48,31.96,39.5,1027.6,24.0,26.46,902.6,11.7,Normal
47.8979,-121.0712,2015-07-08 17:55,41.54,88.9,1008.2,7.7,0.04,160.5,16.3,Heatwave
32.3046,-119.4774,2018-10-01 00:43,21.04,97.2,984.9,47.1,126.56,155.0,55.8,Flood
26.2449,-109.6483,2019-02-19 00:42,28.42,84.0,989.8,37.1,91.47,1044.1,48.1,Heavy Rains
27.6305,-101.2572,2022-07-22 14:50,47.09,90.0,1015.7,8.4,1.33,524.5,24.4,Heatwave
34.5831,-107.2848,2024-10-04 23:07,20.72,80.3,948.5,134.4,20.03,140.9,47.9,Storm
48.2713,-81.1545,2019-12-04 00:15,26.7,89.5,983.6,18.6,115.59,142.3,54.7,Flood
48.0031,-96.5577,2017-01-29 01:18,16.82,58.0,1013.8,2.5,8.99,1753.5,33.5,Normal
40.0004,-121.9769,2015-06-11 06:15,21.15,96.4,976.7,47.8,103.99,74.6,49.4,Heavy Rains
42.225,-92.043,2016-01-12 18:21,15.47,91.3,990.9,31.4,124.94,15.3,58.4,Flood
37.5452,-121.2947,2023-07-10 15:13,19.87,70.5,969.1,157.1,25.01,234.0,32.1,Storm
48.775,-83.8598,2023-06-05 08:06,20.47,65.0,978.1,120.0,38.57,867.3,47.6,Storm
32.3027,-96.466,2017-06-06 09:49,27.17,47.4,1015.0,0.2,7.91,1792.0,20.0,Normal
41.0372,-95.1614,2022-06-14 15:04,47.58,77.2,1019.7,7.1,0.1,698.7,5.9,Heatwave
25.3902,-123.1548,2016-08-23 11:33,28.4,35.6,1011.6,39.6,7.21,1644.0,21.7,Normal
38.3257,-118.7576,2016-09-18 11:24,19.38,43.7,1010.5,45.7,13.92,1238.8,32.0,Normal
25.0059,-120.5661,2024-10-22 01:08,20.23,88.8,994.9,26.4,142.54,23.3,56.0,Flood
35.9442,-121.5543,2020-09-02 17:42,43.39,56.3,1013.8,0.2,2.65,219.8,24.5,Heatwave
45.6277,-110.7043,2018-10-30 05:22,21.93,97.5,961.7,37.1,116.01,783.1,40.2,Heavy Rains
25.2505,-88.6371,2023-11-05 14:05,27.54,98.9,984.2,44.0,193.41,172.1,57.7,Flood
32.0054,-72.7711,2021-01-11 22:46,24.45,84.3,989.8,59.6,148.57,198.1,51.7,Flood
30.3815,-85.8845,2022-08-02 04:59,19.91,92.6,990.7,24.5,135.3,180.5,55.3,Flood
31.6037,-93.2671,2018-05-15 12:40,45.11,77.7,1001.2,4.8,3.22,304.9,15.5,Heatwave
33.622,-114.2597,2020-06-30 16:01,41.06,84.4,1003.3,10.3,2.95,135.2,12.3,Heatwave
32.7104,-112.0221,2017-01-24 11:21,17.98,99.3,967.8,47.2,114.95,253.4,49.8,Heavy Rains
35.2424,-71.6842,2021-09-18 00:58,27.36,45.5,1007.2,36.8,24.55,213.6,8.9,Normal
26.0732,-74.4953,2017-06-29 21:10,10.48,33.4,1011.5,20.0,18.44,1635.4,8.8,Normal
30.006,-122.1948,2023-04-19 14:25,17.98,94.3,977.7,25.6,117.69,784.7,48.3,Heavy Rains
38.026,-96.902,2019-04-08 06:23,20.84,31.4,1013.0,12.7,21.74,982.4,27.9,Normal
38.7098,-89.9945,2016-01-09 08:51,22.29,77.4,985.4,29.9,79.46,290.2,39.0,Heavy Rains
26.3001,-87.753,2023-03-06 11:03,42.62,69.2,1021.5,3.5,0.95,358.9,13.4,Heatwave
32.0989,-68.4245,2018-11-02 16:47,23.8,50.0,1020.5,27.5,6.26,2963.2,19.1,Normal
35.0163,-72.7862,2016-04-11 03:52,12.62,80.3,985.4,44.6,100.99,87.9,59.9,Flood
33.5877,-119.8719,2022-12-14 19:40,16.06,94.4,982.0,34.7,126.74,55.9,59.1,Flood
39.4804,-88.4803,2022-08-29 12:46,4.08,57.9,1026.8,28.8,5.43,3332.3,32.3,Normal
29.2642,-82.5532,2022-07-21 08:26,2.65,56.3,1023.6,26.9,6.9,833.5,12.3,Normal
33.0762,-108.5161,2019-09-12 03:25,21.39,76.1,953.5,154.4,15.41,931.9,32.8,Storm
33.1562,-78.3441,2017-06-15 09:28,18.2,91.5,980.0,20.3,156.91,188.6,56.5,Flood
25.5051,-115.7136,2018-03-01 05:52,17.88,92.2,977.1,13.6,113.2,180.9,59.7,Flood
46.123,-119.6936,2023-11-29 14:44,47.43,70.4,1023.8,4.6,0.01,619.3,19.7,Heatwave
32.1048,-98.1878,2016-08-25 20:15,19.64,53.8,1026.6,39.4,2.31,336.6,35.1,Normal
47.9373,-81.0015,2017-07-08 23:58,27.52,64.0,954.9,88.5,54.39,655.1,46.8,Storm
32.5039,-108.5178,2015-10-27 01:20,19.28,49.7,1017.5,17.9,19.56,2084.8,21.1,Normal
27.1874,-102.174,2021-02-07 09:37,21.18,46.6,1023.0,38.6,1.43,1090.4,36.5,Normal
28.9363,-98.9288,2019-11-06 13:59,14.39,62.9,972.9,159.5,24.31,872.1,38.3,Storm
37.5414,-121.5307,2016-06-26 07:15,23.79,89.5,973.9,44.2,103.61,512.3,49.6,Heavy Rains
48.5249,-92.669,2023-10-18 15:34,45.25,62.8,1016.7,10.4,3.56,669.4,7.3,Heatwave
30.1405,-100.2438,2023-05-28 15:35,22.22,94.2,976.2,44.4,155.54,125.6,53.1,Flood
41.052,-79.6505,2018-12-09 12:13,34.88,31.2,1026.3,25.2,27.48,2295.4,12.3,Normal
27.9008,-92.4094,2016-03-27 01:33,13.07,87.4,1004.7,25.2,140.88,157.4,52.3,Flood
32.3807,-75.546,2020-06-07 06:35,18.63,24.1,1015.9,37.0,10.19,914.0,15.5,Normal
41.4118,-91.1745,2015-02-12 21:49,15.42,87.7,962.1,28.2,65.61,869.3,53.4,Heavy Rains
39.9247,-91.3516,2015-03-07 05:23,27.77,79.8,968.4,43.4,113.69,759.9,55.8,Heavy Rains
47.8391,-97.091,2015-04-16 08:24,29.24,89.0,960.5,34.4,81.58,1036.1,54.0,Heavy Rains
26.1367,-81.4742,2022-10-28 20:52,-4.48,23.5,1034.7,17.4,23.86,2434.6,9.0,Normal
46.841,-96.0484,2015-07-05 20:38,22.09,74.5,971.3,121.1,32.38,11.2,22.5,Storm
25.5193,-92.5068,2017-11-04 11:12,23.58,40.6,1001.9,11.5,1.34,3205.5,19.0,Normal
34.2946,-88.3759,2020-02-19 06:57,15.63,86.3,960.1,36.0,119.07,1404.2,49.9,Heavy Rains
31.7239,-72.3015,2018-07-22 03:33,-1.1,54.8,1018.6,42.5,27.15,1199.1,12.5,Normal
39.2715,-96.341,2023-03-02 02:27,13.76,64.8,943.1,110.7,31.65,535.5,47.2,Storm
44.6411,-70.5873,2019-06-05 12:18,39.38,93.3,1002.0,12.9,3.28,597.9,9.3,Heatwave
39.8497,-97.3874,2021-06-09 17:00,19.96,75.8,952.0,136.0,26.47,351.9,38.5,Storm
32.09,-112.521,2020-05-24 09:26,29.39,86.5,994.9,15.8,138.44,63.5,52.0,Flood
38.8307,-118.5533,2016-12-12 21:36,10.69,33.5,1014.9,11.7,22.81,1896.7,22.7,Normal
48.3849,-74.7683,2016-12-28 05:43,25.21,80.2,985.6,33.7,85.12,173.8,55.3,Flood
46.0457,-112.7479,2022-05-17 19:01,20.54,87.9,946.1,101.7,31.39,9.0,36.5,Storm
47.5286,-84.2213,2016-07-16 12:22,14.97,83.6,944.5,141.2,35.69,463.9,39.8,Storm
46.0525,-105.626,2023-03-14 00:04,20.75,37.6,1021.9,24.7,5.13,2639.8,5.8,Normal
38.4804,-86.8092,2021-04-19 16:22,46.86,92.7,1010.6,12.8,0.26,230.1,11.2,Heatwave
26.1539,-106.0328,2016-07-11 06:25,32.01,58.4,1010.5,28.7,3.21,2418.1,29.9,Normal
47.8503,-76.2877,2015-05-08 13:06,43.16,87.4,1003.5,0.2,4.15,786.1,7.6,Heatwave
34.9404,-112.7126,2019-12-16 11:22,42.87,67.0,1017.0,6.8,3.34,36.3,12.9,Heatwave
27.6275,-121.2147,2018-08-06 05:13,28.08,89.3,987.9,24.2,103.42,982.2,38.9,Heavy Rains
37.0831,-75.7735,2020-10-25 14:22,25.25,92.3,981.7,59.5,95.05,568.2,40.4,Heavy Rains
38.7042,-117.6419,2023-07-11 22:11,12.07,71.8,941.7,109.5,55.47,518.6,25.8,Storm
45.3271,-85.9121,2016-06-16 10:28,19.57,94.7,982.8,44.4,180.08,159.1,52.8,Flood
33.6826,-123.3035,2022-08-26 04:49,10.2,96.1,1003.3,14.2,121.2,195.4,52.5,Flood
37.1402,-116.0595,2022-06-12 07:45,20.96,58.5,961.1,123.1,58.69,349.3,25.6,Storm
46.0468,-124.8045,2016-02-25 20:52,11.47,44.4,1002.1,13.6,29.16,2658.9,22.0,Normal
38.4683,-74.3274,2020-01-06 11:40,13.52,22.2,1008.2,0.8,4.24,686.6,9.3,Normal
41.542,-104.5845,2015-03-29 12:16,47.09,74.9,1010.9,4.1,3.49,151.8,8.7,Heatwave
38.4799,-89.1651,2016-10-10 22:17,25.35,97.6,989.3,49.9,56.0,695.1,52.4,Heavy Rains
31.0491,-92.1366,2022-05-11 09:37,19.57,48.1,1002.0,8.1,26.05,372.6,9.3,Normal
41.9049,-116.0491,2017-07-08 20:05,13.18,60.3,977.0,98.0,18.43,749.2,35.3,Storm
27.2104,-121.2994,2018-08-22 07:27,14.26,38.6,1022.1,47.3,0.44,2794.5,7.7,Normal
48.2017,-105.0775,2019-02-11 00:53,26.01,53.7,1027.5,41.8,14.58,2092.3,34.2,Normal
29.9759,-89.9274,2024-07-05 16:26,39.41,69.6,1020.2,3.0,3.2,552.0,10.1,Heatwave
42.914,-71.5185,2021-01-08 07:02,22.14,81.9,965.0,54.1,99.65,1393.0,46.3,Heavy Rains
46.7103,-103.2606,2023-03-30 19:40,8.39,46.2,1005.5,9.1,20.56,1314.7,35.8,Normal
45.7631,-76.9093,2024-08-11 15:07,15.4,90.4,994.2,17.4,132.19,43.8,59.9,Flood
40.746,-124.7933,2022-11-20 23:56,14.56,33.4,1033.1,3.3,8.26,1744.0,9.8,Normal
48.3918,-80.4458,2016-03-30 19:50,27.17,82.0,991.9,35.4,104.21,23.5,52.8,Flood
48.0799,-80.1093,2023-05-26 08:25,12.06,34.0,1010.7,22.4,27.7,1787.5,31.7,Normal
47.8229,-71.2602,2024-06-13 17:27,18.64,64.0,949.6,88.8,56.46,815.9,49.2,Storm
38.011,-114.9933,2020-07-09 10:05,39.51,79.5,1000.5,6.7,1.66,491.3,21.1,Heatwave
44.1494,-68.8499,2015-11-24 05:08,17.88,68.6,969.8,119.5,30.26,576.8,35.9,Storm
36.7385,-88.2574,2016-05-15 23:47,28.24,80.5,984.2,33.0,115.64,878.0,41.0,Heavy Rains
37.614,-122.7555,2018-06-17 20:23,25.95,20.2,1021.1,13.1,17.83,2235.1,23.3,Normal
36.9292,-119.6483,2019-09-30 13:03,16.24,70.4,942.4,94.7,26.5,75.1,27.4,Storm
28.9164,-106.8825,2016-11-23 03:47,22.23,83.9,966.1,98.7,35.39,3.8,31.8,Storm
35.1222,-71.6012,2021-08-12 09:56,15.67,83.7,997.2,10.1,147.97,13.4,51.4,Flood
36.2514,-85.4469,2020-10-03 10:29,2.93,57.2,1028.9,4.9,6.64,68.9,21.8,Normal
32.9355,-78.6817,2015-07-18 12:15,10.75,68.9,956.9,85.6,16.98,730.9,46.6,Storm
36.0666,-86.5084,2019-05-22 13:46,45.05,86.0,1013.0,9.5,4.97,250.6,5.2,Heatwave
41.9071,-123.4256,2021-07-31 16:16,12.65,61.3,948.2,115.2,52.68,455.4,26.2,Storm
41.0798,-83.7208,2024-05-31 18:23,17.88,74.6,974.2,146.8,55.04,328.6,41.3,Storm
34.9749,-98.5268,2019-12-06 15:38,40.29,89.6,1008.0,13.8,1.73,319.0,20.2,Heatwave
25.3611,-80.9387,2021-11-24 06:27,17.55,62.1,961.6,113.3,47.65,564.6,32.2,Storm
44.9298,-124.2138,2019-10-27 01:15,22.72,61.7,959.8,158.7,43.54,793.9,48.3,Storm
38.4729,-73.5622,2023-07-23 19:13,29.76,95.8,968.7,63.3,53.69,490.8,47.8,Heavy Rains
39.4338,-101.1198,2015-02-08 11:30,4.12,38.7,1010.1,8.4,11.46,2727.2,29.3,Normal
39.5446,-124.5933,2022-12-05 20:25,12.22,85.5,990.0,18.5,107.28,147.0,57.0,Flood
40.2922,-114.0188,2019-01-08 09:10,27.12,62.8,978.8,86.3,28.26,159.5,22.8,Storm
45.1535,-72.8832,2023-07-17 15:20,42.73,77.9,1005.5,2.0,1.3,747.8,16.6,Heatwave
30.9042,-84.3824,2017-04-23 18:12,29.22,93.2,983.5,36.4,79.75,1300.5,53.2,Heavy Rains
27.2676,-87.3313,2019-08-19 18:52,15.07,85.1,977.5,35.2,98.1,131.7,52.6,Flood
34.5551,-73.8173,2020-05-14 21:33,16.71,63.1,1014.3,11.8,16.34,3171.2,28.3,Normal
25.7039,-73.8821,2015-02-10 09:19,10.89,89.3,967.2,154.7,21.61,616.9,42.4,Storm
30.5715,-120.667,2019-11-26 16:49,41.94,80.7,1019.6,6.3,1.14,442.4,12.5,Heatwave
40.3195,-97.8831,2020-12-29 15:32,41.7,62.6,1016.4,7.8,1.47,376.6,19.8,Heatwave
37.4943,-84.0474,2019-10-19 07:19,22.71,81.7,984.2,48.5,182.2,126.3,51.7,Flood
33.6502,-122.031,2017-03-24 13:07,41.12,72.9,1000.4,11.1,2.92,316.6,9.9,Heatwave
45.428,-108.7514,2020-10-14 12:17,43.04,76.0,1020.8,1.3,4.55,653.4,22.7,Heatwave
43.784,-104.4159,2020-06-06 13:46,44.63,79.2,1004.9,1.5,1.52,759.1,11.6,Heatwave
34.7533,-95.3206,2022-07-23 00:28,28.87,97.1,994.0,41.9,151.51,7.3,57.7,Flood
44.2369,-117.9108,2018-09-18 01:54,0.2,22.5,1030.2,43.0,16.17,3049.5,40.0,Normal
38.8626,-70.6746,2017-11-05 15:39,25.73,77.9,986.8,47.2,108.6,894.3,35.1,Heavy Rains
34.8304,-95.2422,2021-08-31 09:10,21.71,68.6,968.7,123.6,38.25,619.3,48.2,Storm
43.001,-81.2261,2024-02-06 05:25,18.19,63.7,961.5,157.4,19.89,973.1,25.7,Storm
39.5183,-87.2158,2023-11-20 16:51,17.1,55.3,977.6,93.9,54.94,31.4,32.0,Storm
39.9144,-84.1263,2016-01-17 10:35,11.05,38.7,1007.3,29.6,17.3,461.0,33.4,Normal
36.4021,-84.8946,2020-01-04 09:19,16.52,89.0,987.0,26.8,76.14,821.8,49.2,Heavy Rains
35.501,-100.6685,2015-02-13 15:39,20.98,81.3,952.3,152.4,17.55,278.0,31.1,Storm
36.3975,-124.2063,2023-07-14 08:06,14.19,55.3,940.5,153.5,57.39,349.1,35.4,Storm
31.746,-102.6089,2023-01-17 18:50,25.33,86.2,998.8,57.7,141.1,175.7,54.8,Flood
44.0331,-111.8439,2023-01-08 14:29,18.27,68.9,962.8,130.8,25.09,767.9,40.5,Storm
42.3599,-93.3731,2017-05-01 10:14,-1.25,37.5,1027.2,30.2,0.26,2701.3,21.5,Normal
38.7534,-92.7515,2020-05-24 10:50,17.55,96.7,1000.0,16.6,100.93,126.7,57.9,Flood
37.1285,-123.4874,2017-08-10 13:45,44.85,77.3,1005.5,8.2,4.05,5.2,21.1,Heatwave
29.7809,-101.4121,2022-06-12 15:55,-3.33,34.4,1001.0,48.5,16.09,1312.2,13.9,Normal
42.5979,-98.9038,2021-12-05 21:11,23.97,81.9,996.0,12.2,186.84,31.4,58.9,Flood
39.4628,-89.092,2016-04-17 12:21,15.56,56.1,960.0,139.4,41.02,334.9,27.0,Storm
37.8462,-73.7288,2018-01-25 13:01,22.53,98.8,983.8,48.8,67.97,920.4,36.2,Heavy Rains
37.8155,-112.7793,2016-06-28 02:13,4.22,35.5,1003.7,9.7,0.22,952.4,6.6,Normal
30.2186,-84.8391,2021-12-12 17:06,10.28,79.0,969.5,145.0,45.13,240.9,37.9,Storm
40.6532,-107.9875,2018-11-26 18:52,17.73,59.4,956.8,116.5,32.78,331.1,25.1,Storm
31.8745,-76.236,2021-01-05 08:06,26.41,84.9,986.6,29.1,51.49,1277.4,39.6,Heavy Rains
33.4262,-105.539,2023-05-03 04:32,17.61,40.5,1005.8,34.2,6.3,1774.2,14.4,Normal
32.705,-93.8141,2021-08-17 11:51,13.33,71.7,940.0,95.3,26.41,434.6,24.7,Storm
28.1778,-119.3595,2019-06-30 10:22,26.22,80.6,966.7,115.5,27.5,499.3,47.8,Storm
37.7778,-106.9742,2019-09-17 12:12,16.69,97.6,999.2,59.5,110.95,137.2,59.6,Flood
28.773,-76.9814,2021-05-29 08:35,11.7,95.0,983.9,35.9,111.47,8.2,55.6,Flood
47.6388,-104.8257,2022-04-05 19:36,25.78,93.7,982.5,43.6,75.58,779.6,46.5,Heavy Rains
33.7191,-99.2056,2022-05-15 11:48,44.93,56.1,1008.9,8.9,4.0,438.2,12.5,Heatwave
32.681,-101.4691,2016-02-09 10:16,17.51,96.6,978.6,20.1,171.5,116.6,55.4,Flood
30.7861,-119.1718,2021-03-18 01:35,28.04,93.0,988.8,49.0,58.17,712.9,39.9,Heavy Rains
37.5267,-82.9656,2018-12-29 07:36,29.74,99.3,971.2,62.0,85.43,139.5,35.6,Heavy Rains
38.6609,-110.6394,2024-07-15 03:38,16.49,92.6,986.7,56.2,173.71,26.5,52.6,Flood
47.6219,-93.5291,2022-06-30 18:19,29.06,80.2,974.2,21.5,56.74,327.7,36.5,Heavy Rains
36.1563,-90.5198,2018-10-20 00:03,11.72,63.5,953.0,144.8,58.46,26.0,33.8,Storm
25.9375,-100.8216,2016-04-10 05:40,26.06,89.7,997.5,37.4,130.93,59.1,54.9,Flood
43.2552,-81.9741,2024-06-08 02:51,25.69,98.4,986.1,44.6,112.97,1004.0,37.3,Heavy Rains
33.3833,-86.5887,2022-01-21 02:25,25.18,91.5,960.4,35.1,119.17,1408.7,50.8,Heavy Rains
38.8433,-96.8473,2020-10-15 23:02,26.86,88.3,980.4,20.0,93.27,1039.4,53.2,Heavy Rains
28.1719,-115.1662,2022-06-16 01:55,25.01,24.5,1008.6,18.8,3.02,1086.8,10.2,Normal
38.1893,-107.2379,2021-12-08 16:24,23.51,92.2,986.0,34.7,89.13,1469.4,53.5,Heavy Rains
32.1974,-79.7016,2017-04-29 15:45,5.18,28.0,1004.3,37.2,17.17,1906.7,27.8,Normal
37.248,-122.3002,2021-08-12 15:17,17.58,81.3,973.4,133.1,23.77,309.3,46.0,Storm
28.1634,-117.7578,2023-11-20 09:29,11.23,89.0,962.7,140.6,59.97,770.6,22.7,Storm
46.9906,-123.718,2020-08-31 07:46,16.63,81.0,980.9,43.3,107.28,449.4,51.7,Heavy Rains
39.8182,-105.0273,2015-04-24 18:08,-3.15,58.2,1005.4,36.2,10.58,834.0,29.7,Normal
38.7916,-84.9193,2015-03-07 20:03,12.29,57.9,1014.2,43.2,19.35,1053.9,20.8,Normal
46.988,-89.6164,2018-04-02 17:53,20.26,66.7,955.3,154.2,33.63,434.6,29.0,Storm
47.2612,-113.0134,2018-05-14 21:09,19.86,79.8,971.9,27.7,56.85,1010.8,42.5,Heavy Rains
40.0295,-90.5525,2024-10-03 06:52,18.84,86.5,981.1,41.5,183.7,78.7,55.0,Flood
27.4339,-95.6628,2016-09-11 16:40,25.95,56.4,968.7,156.2,41.74,687.2,22.9,Storm
41.5662,-118.6691,2021-03-13 19:30,27.57,60.4,974.9,135.8,54.56,588.1,49.6,Storm
39.0269,-107.5994,2017-01-11 21:53,16.23,79.9,952.2,115.5,58.99,327.7,31.0,Storm
29.8014,-78.7885,2021-01-05 06:59,23.96,78.0,982.0,53.1,59.62,1208.3,41.5,Heavy Rains
41.5497,-116.9933,2018-04-08 02:55,26.79,92.8,969.4,58.4,112.88,696.5,55.3,Heavy Rains
46.763,-88.2472,2020-07-07 00:07,25.29,89.9,1004.1,39.9,126.6,95.6,54.9,Flood
27.0092,-78.8573,2021-02-01 04:01,21.77,75.0,976.2,96.3,27.86,71.3,47.7,Storm
38.8765,-71.8913,2021-05-08 10:51,25.33,47.1,1003.5,46.4,2.44,1700.8,5.9,Normal
48.6429,-80.0363,2021-04-12 12:53,24.98,64.5,968.1,147.2,24.14,947.1,37.7,Storm
45.9827,-92.5125,2018-12-13 15:15,19.32,64.7,967.8,115.8,59.96,960.7,26.9,Storm
39.5991,-121.2561,2018-08-12 14:39,44.7,77.4,1008.1,13.9,2.65,363.0,17.1,Heatwave
26.5293,-108.5936,2017-06-24 22:38,27.4,89.7,979.0,34.8,74.18,1398.3,35.3,Heavy Rains
38.4941,-116.0903,2020-05-03 01:25,15.27,91.8,986.3,43.8,173.14,56.6,51.6,Flood
48.2117,-118.0795,2022-03-10 11:39,12.05,84.5,999.8,16.9,199.26,171.4,57.5,Flood
38.3965,-106.0015,2021-03-15 12:22,16.61,98.3,977.4,58.7,94.4,979.7,39.2,Heavy Rains
32.6889,-108.9838,2015-06-02 03:59,22.33,69.6,972.8,120.6,34.62,129.8,28.4,Storm
28.7066,-79.1037,2018-04-22 04:09,24.11,96.5,967.7,30.3,108.82,895.7,38.4,Heavy Rains
44.6552,-79.6476,2015-10-11 16:43,43.49,80.7,1006.1,9.2,3.58,631.3,6.5,Heatwave
36.2608,-124.5259,2018-03-20 17:48,43.29,56.4,1010.8,4.1,1.16,5.8,12.5,Heatwave
43.7205,-114.2867,2017-04-11 08:27,13.28,86.1,1001.1,42.4,101.94,174.4,57.7,Flood
26.9254,-82.2175,2018-09-14 12:03,41.4,71.3,1013.6,2.5,4.48,200.1,12.6,Heatwave
38.2555,-82.9686,2016-05-20 11:35,17.95,28.5,1034.8,7.1,11.74,3340.7,21.2,Normal
30.3806,-90.2468,2021-12-09 16:05,23.99,93.3,988.4,34.6,63.75,875.5,45.9,Heavy Rains
26.084,-90.5294,2022-03-06 13:44,24.59,95.9,971.3,44.6,99.03,1406.6,44.9,Heavy Rains
28.1012,-94.2333,2018-09-12 23:01,26.05,81.8,996.1,55.6,173.19,110.0,56.9,Flood
31.4093,-86.2276,2020-08-13 22:56,27.22,78.2,962.2,106.7,41.15,963.2,31.2,Storm
37.4207,-90.2911,2024-02-27 01:03,12.68,71.6,967.1,128.3,19.95,777.1,29.2,Storm
47.724,-68.8525,2024-06-06 04:49,4.72,40.0,1025.6,7.8,1.68,1985.9,29.6,Normal
28.6053,-86.9654,2019-10-08 09:39,26.35,87.0,978.1,55.8,161.1,185.6,58.3,Flood
48.0136,-106.5702,2020-03-06 06:21,19.64,83.6,975.8,115.7,26.95,975.3,48.9,Storm
27.335,-90.1601,2023-11-25 18:04,26.36,82.1,989.9,50.0,110.37,160.1,54.8,Flood
35.2948,-89.796,2023-07-14 23:32,13.74,85.6,978.5,23.2,165.61,132.6,54.9,Flood
36.5469,-107.3876,2015-11-05 11:17,12.88,86.7,955.0,129.6,54.01,640.9,37.0,Storm
34.7931,-123.5031,2020-09-29 15:35,39.84,79.3,1008.1,5.4,1.46,310.2,6.7,Heatwave
29.87,-121.7499,2022-04-23 20:44,24.02,64.5,1011.2,21.0,19.66,759.7,25.9,Normal
46.3157,-68.2045,2017-12-05 06:20,2.9,39.1,1024.3,28.3,20.14,1699.8,37.9,Normal
29.3497,-92.0593,2017-12-30 05:02,20.37,27.9,1016.8,35.6,12.98,2323.9,40.0,Normal
25.4296,-87.0632,2021-05-01 12:07,25.9,57.1,963.5,101.4,26.9,408.4,21.6,Storm
43.6217,-98.9398,2022-09-12 11:44,43.66,68.3,1000.2,9.4,1.9,80.6,12.2,Heatwave
27.1209,-105.9234,2018-12-03 22:51,-3.21,50.5,1017.9,46.3,19.28,2472.7,10.2,Normal
45.3875,-72.0668,2022-04-27 16:03,41.74,57.6,1013.5,2.1,2.51,176.6,6.0,Heatwave
40.6154,-100.918,2016-01-25 20:46,16.66,75.4,940.2,152.4,39.22,100.5,39.6,Storm
36.5596,-112.0537,2018-11-23 11:28,41.77,72.1,1003.9,0.1,2.62,606.6,7.7,Heatwave
28.7201,-74.4567,2023-09-16 22:38,11.1,89.8,952.3,128.4,20.98,479.3,28.2,Storm
31.4001,-72.9386,2018-02-27 21:05,27.08,97.8,985.8,60.3,46.73,236.4,52.5,Heavy Rains
29.433,-102.5124,2021-12-24 12:16,23.19,90.4,976.2,56.2,63.67,1464.1,44.1,Heavy Rains
45.6941,-80.3724,2019-08-22 07:12,8.53,51.1,1000.5,24.3,7.08,355.5,11.0,Normal
32.9562,-119.873,2015-08-05 11:12,26.15,98.9,969.2,23.0,91.74,507.5,55.8,Heavy Rains
29.8764,-102.7364,2024-12-03 19:05,27.27,94.1,971.6,50.8,50.45,1413.4,39.9,Heavy Rains
35.3687,-106.6277,2024-12-22 14:01,39.82,93.5,1020.9,8.1,4.75,799.7,18.4,Heatwave
31.669,-123.2041,2016-07-13 10:14,29.76,46.4,1006.4,8.8,11.17,489.4,6.0,Normal
44.5197,-110.8014,2017-08-28 18:30,28.36,82.8,986.4,37.3,56.13,516.4,47.2,Heavy Rains
43.4829,-110.3318,2023-08-20 11:17,45.99,70.9,1008.3,0.8,4.78,211.7,13.8,Heatwave
31.2328,-93.7319,2024-08-31 13:17,43.24,79.9,1009.1,7.0,1.05,560.6,12.4,Heatwave
35.8621,-102.3938,2019-06-26 07:41,26.16,32.2,1021.2,35.9,6.17,1428.3,29.1,Normal
38.237,-90.3744,2018-03-01 01:10,16.36,95.0,980.4,50.3,162.95,157.0,56.0,Flood
40.1708,-116.7065,2021-10-08 10:49,33.44,35.4,1015.3,13.6,25.01,2452.0,11.4,Normal
45.4594,-108.1073,2018-05-27 08:35,12.38,84.5,991.0,24.6,158.56,187.5,53.5,Flood
46.3317,-123.0493,2015-04-27 04:58,21.11,88.5,982.9,52.5,57.73,195.2,43.0,Heavy Rains
44.6542,-92.6658,2015-07-05 09:53,14.57,90.1,997.6,48.8,96.5,160.0,54.0,Flood
41.465,-123.6461,2023-05-18 15:02,39.79,58.1,1019.9,7.8,2.87,182.1,10.2,Heatwave
25.4002,-106.2316,2020-09-15 23:46,5.25,64.8,1020.5,49.5,9.68,860.6,10.9,Normal
48.5264,-120.5104,2020-09-30 20:47,19.53,85.0,965.5,53.6,99.12,1126.9,36.8,Heavy Rains
25.2038,-94.1989,2023-04-09 15:57,16.38,99.3,984.2,49.2,119.39,53.0,39.1,Heavy Rains
43.8157,-101.4047,2020-03-09 10:53,43.69,78.0,1017.0,7.8,0.09,461.9,11.6,Heatwave
34.6097,-121.8082,2017-05-17 12:11,26.45,99.5,993.2,13.9,164.63,95.0,56.9,Flood
44.8627,-124.8482,2018-05-23 10:38,5.5,24.6,1032.6,37.3,20.17,3207.1,12.9,Normal
39.0454,-116.1249,2024-05-12 18:13,29.88,88.7,994.4,44.1,118.2,68.1,59.7,Flood
48.0256,-117.9139,2021-03-07 00:45,24.98,82.6,978.4,101.0,21.96,773.5,33.0,Storm
46.725,-69.2441,2021-04-10 12:43,42.43,61.4,1007.5,6.9,0.32,347.7,13.4,Heatwave
37.9259,-71.8176,2024-04-14 14:08,39.98,84.9,1006.0,0.7,4.53,180.5,9.7,Heatwave
25.1469,-114.2244,2021-03-05 22:10,11.78,82.8,968.3,97.8,30.87,910.4,43.6,Storm
40.7685,-84.3259,2021-02-24 14:08,19.42,85.6,979.8,51.9,154.8,35.3,52.1,Flood
40.7455,-92.3732,2021-08-30 04:19,19.55,75.3,947.0,107.0,31.94,375.0,46.0,Storm
32.5277,-122.2665,2022-03-10 00:03,29.5,84.6,970.6,44.2,106.78,1042.0,45.0,Heavy Rains
32.6714,-78.1102,2018-10-27 04:29,27.82,87.5,976.0,27.7,74.25,634.3,50.2,Heavy Rains
26.4198,-119.9452,2016-09-28 08:31,27.77,77.9,968.5,154.3,53.71,747.8,22.0,Storm
47.8474,-104.2886,2020-05-09 08:18,18.64,79.4,970.8,149.8,45.55,678.9,24.1,Storm
42.8278,-85.9213,2019-03-25 18:06,-1.72,40.3,1004.5,7.8,14.39,1815.1,5.7,Normal
32.4228,-101.7216,2020-09-08 16:44,41.66,61.0,1010.5,13.2,3.39,722.2,17.3,Heatwave
48.7449,-87.5921,2016-03-21 14:10,12.8,94.9,975.2,54.2,166.56,22.0,53.6,Flood
25.7329,-78.2401,2020-09-12 02:34,28.92,97.4,969.1,26.2,101.84,704.4,55.2,Heavy Rains
30.5707,-71.5772,2020-02-03 10:22,25.72,79.3,970.3,63.2,53.15,839.8,36.8,Heavy Rains
46.8301,-97.1265,2024-01-22 11:43,10.69,61.9,1013.5,23.5,12.32,1851.3,22.9,Normal
37.9415,-112.1269,2016-03-21 12:33,22.16,96.0,977.6,54.0,75.55,297.4,51.6,Heavy Rains
39.1792,-78.414,2022-11-28 06:44,14.47,40.2,1000.9,49.8,17.74,2516.4,9.4,Normal
31.4503,-74.4744,2024-10-17 10:21,46.26,66.6,1001.6,10.0,2.88,61.7,14.1,Heatwave
42.7248,-92.7158,2018-08-02 00:06,34.32,38.1,1031.2,10.3,22.21,492.3,9.7,Normal
46.9405,-102.9822,2016-01-01 13:16,3.7,47.3,1013.9,32.1,8.01,2619.4,5.1,Normal
41.3515,-86.2036,2018-03-10 12:23,21.81,99.0,1000.1,17.7,94.32,165.3,56.9,Flood
29.5273,-124.2364,2024-01-11 11:32,33.09,26.4,1008.3,27.8,11.94,2475.3,5.4,Normal
42.4076,-73.0776,2017-10-22 19:51,29.54,94.2,989.8,27.3,70.66,807.0,50.9,Heavy Rains
25.5558,-114.4555,2018-11-07 17:06,7.47,35.5,1031.0,7.0,13.92,926.9,28.9,Normal
33.9022,-106.0466,2019-07-14 02:17,14.52,60.4,1033.6,18.5,7.39,2238.5,7.1,Normal
45.6874,-123.674,2020-07-06 13:11,18.3,97.2,984.5,22.9,98.18,19.8,52.5,Flood
29.5444,-103.1282,2018-04-25 02:18,11.11,80.4,975.0,106.7,29.37,244.0,48.3,Storm
25.0136,-121.225,2017-05-12 01:16,25.91,94.7,966.6,61.2,57.42,1025.3,37.6,Heavy Rains
39.7434,-81.0475,2015-11-29 14:32,21.65,70.1,948.5,142.0,45.43,808.3,21.4,Storm
41.9454,-96.9857,2024-12-02 04:19,24.31,89.7,978.3,43.8,160.91,136.4,56.1,Flood
37.5747,-77.1731,2015-08-29 11:52,45.01,85.8,1010.3,11.8,1.16,565.7,5.2,Heatwave
32.517,-109.5031,2017-08-21 06:19,10.97,80.4,974.3,141.5,39.65,947.5,24.5,Storm
25.2357,-101.2707,2020-04-24 04:30,11.34,99.5,984.4,19.4,164.82,107.0,54.0,Flood
31.5843,-123.4666,2016-05-07 05:13,4.81,58.6,1002.2,15.2,11.86,1261.7,35.9,Normal
30.7079,-102.3845,2023-11-30 00:36,22.21,96.4,965.6,59.1,117.81,638.2,57.8,Heavy Rains
27.6328,-108.9141,2019-01-11 10:15,42.89,79.0,1015.6,10.0,2.03,348.2,9.2,Heatwave
35.9808,-115.6694,2018-05-30 04:28,23.92,85.8,979.3,20.9,171.06,146.3,51.1,Flood
27.5188,-120.8995,2017-08-10 04:12,3.89,39.8,1014.8,23.8,25.27,3157.6,20.7,Normal
38.6722,-92.0016,2024-12-25 10:39,39.74,81.6,1014.1,4.4,1.3,535.8,11.3,Heatwave
42.5786,-95.1532,2020-06-03 15:09,45.93,59.8,1024.6,7.2,4.96,164.1,5.7,Heatwave
34.0242,-85.0632,2023-11-13 00:19,18.91,78.6,960.8,49.3,102.18,164.1,45.7,Heavy Rains
44.659,-75.6295,2015-09-24 06:16,0.09,47.3,1028.6,15.6,4.71,2412.0,35.7,Normal
36.6216,-87.5544,2018-11-29 05:56,16.0,84.6,983.8,34.3,176.63,78.0,54.2,Flood
36.9999,-104.9647,2015-05-10 08:44,22.1,94.9,982.6,54.6,76.7,901.3,55.3,Heavy Rains
41.7082,-121.8334,2024-09-12 08:25,11.6,59.4,1011.2,37.0,23.4,1244.3,19.2,Normal
29.0733,-114.0772,2020-06-27 17:34,16.83,60.9,942.8,120.6,47.14,655.1,21.8,Storm
29.5019,-69.9168,2020-01-18 21:21,0.78,29.3,1028.9,32.2,3.01,2075.9,20.6,Normal
37.8238,-105.3315,2022-11-17 23:42,29.02,96.5,1001.4,36.4,155.06,120.9,59.7,Flood
46.9736,-96.6238,2020-08-20 20:33,18.65,84.1,960.3,143.2,58.19,637.8,28.5,Storm
25.8876,-113.5093,2020-02-18 13:56,39.38,92.4,1012.9,13.8,2.72,202.7,20.1,Heatwave
46.7887,-116.5353,2021-05-01 07:44,22.89,29.3,1009.1,17.2,19.76,1757.7,18.3,Normal
42.4289,-102.65,2020-03-12 21:59,27.72,91.6,961.5,21.9,71.6,1084.4,40.9,Heavy Rains
34.0528,-100.5751,2016-05-03 14:08,40.45,89.0,1000.1,6.5,4.69,32.0,23.6,Heatwave
44.5147,-68.9195,2019-03-23 00:04,17.83,98.4,987.8,40.5,119.31,896.2,41.4,Heavy Rains
31.1933,-104.2834,2021-12-01 12:44,47.26,68.9,1021.5,4.5,2.44,52.3,7.3,Heatwave
31.6878,-113.9727,2024-08-13 21:18,14.55,60.0,1033.8,17.4,19.76,2970.7,29.2,Normal
36.5185,-84.4749,2018-03-09 00:08,17.58,74.6,955.4,108.2,44.94,435.3,32.0,Storm
27.1258,-83.2897,2016-02-27 19:55,20.44,96.7,979.9,57.7,117.24,661.4,49.7,Heavy Rains
37.5756,-114.8375,2020-09-13 11:43,25.49,97.8,963.0,62.7,111.93,1083.0,36.7,Heavy Rains
29.8982,-115.6573,2019-10-13 03:48,28.98,82.7,976.3,44.7,50.14,1475.1,55.1,Heavy Rains
27.8622,-99.1912,2019-09-22 19:20,21.82,84.7,975.6,10.9,175.08,114.6,51.0,Flood
