temperature,humidity,rainfall,wind_speed,pressure,disaster_type
20.6,61.0,0.52,11.9,1002.0,Normal
13.85,97.5,48.6,11.0,1019.25,HeavyRain
31.0,55.0,0.0,31.3,1008.0,Storm
44.9,11.0,0.0,18.7,998.0,Heatwave
32.4,63.0,1.44,3.6,1009.0,Normal
25.1,51.0,0.0,21.6,1020.0,Normal
16.4,54.0,78.4,14.0,999.9,HeavyRain
43.3,9.0,0.0,18.4,1001.0,Heatwave
28.1,84.0,0.03,31.0,1008.0,Storm
23.5,64.0,0.0,23.4,1017.0,Normal
12.2,93.0,39.2,26.0,1015.45,HeavyRain
28.6,53.0,0.0,19.1,1015.0,Normal
29.7,39.0,0.0,15.8,1012.0,Normal
21.65,94.0,32.8,25.0,1000.8,HeavyRain
16.0,96.0,105.8,21.0,1011.95,HeavyRain
23.450000000000003,71.5,24.4,19.5,1018.4,HeavyRain
28.2,84.0,1.46,30.6,1009.0,Storm
21.2,40.0,0.0,20.2,1011.0,Normal
24.1,95.5,43.8,25.0,1007.35,HeavyRain
15.4,82.0,21.0,7.5,1018.85,HeavyRain
27.3,67.0,0.02,3.6,1011.0,Normal
17.85,87.5,32.2,36.0,1020.4,HeavyRain
28.1,84.0,0.11,33.1,1008.0,Storm
30.2,66.0,0.0,21.2,1009.0,Normal
16.799999999999997,81.0,45.8,17.5,1002.8,HeavyRain
14.55,88.5,22.0,15.0,1013.35,HeavyRain
11.3,100.0,0.88,30.6,1010.0,Storm
42.9,12.0,0.0,16.9,1004.0,Heatwave
20.9,67.5,43.0,15.5,1019.95,HeavyRain
28.0,70.0,0.0,38.9,1009.0,Storm
42.3,16.0,0.0,11.9,1005.0,Heatwave
21.1,60.0,0.0,30.6,1011.0,Storm
28.1,70.0,0.05,28.4,1012.0,Normal
25.8,71.0,0.0,32.0,1012.0,Storm
29.1,43.0,0.84,3.6,1016.0,Normal
4.4,100.0,0.22,32.4,984.0,Storm
41.1,7.0,0.0,6.1,1004.0,Heatwave
17.85,92.0,22.8,11.0,1014.4,HeavyRain
7.3,81.0,0.0,31.3,988.0,Storm
18.3,87.5,56.8,23.0,1010.65,HeavyRain
11.05,59.0,20.8,26.0,1023.45,HeavyRain
33.4,31.0,0.0,30.2,1006.0,Storm
22.95,73.0,23.0,14.5,1018.85,HeavyRain
48.1,6.0,0.0,16.9,993.0,Heatwave
18.15,89.5,72.0,37.0,1012.3,HeavyRain
41.0,23.0,0.0,9.0,1000.0,Heatwave
28.8,74.0,0.01,34.6,1009.0,Storm
13.35,92.0,21.8,29.5,1003.4,HeavyRain
28.1,63.0,26.2,18.5,1008.45,HeavyRain
33.2,30.0,0.0,3.6,1010.0,Normal
32.4,36.0,0.0,9.0,1011.0,Normal
13.3,77.0,0.32,37.4,1005.0,Storm
27.1,89.0,2.02,34.2,1008.0,Storm
14.95,99.0,29.0,16.0,1018.05,HeavyRain
27.0,53.0,0.0,9.4,1019.0,Normal
26.700000000000003,85.0,22.0,10.0,1009.2,HeavyRain
40.2,22.0,0.0,11.9,998.0,Heatwave
20.3,56.0,0.0,16.2,1011.0,Normal
28.0,13.0,0.0,37.1,1010.0,Storm
0.0,93.0,0.96,37.8,1001.0,Storm
20.0,49.0,0.0,9.0,1021.0,Normal
12.2,67.0,0.12,41.8,1008.0,Storm
25.450000000000003,85.5,53.4,12.0,1007.4,HeavyRain
21.8,83.0,64.0,3.0,1009.3,HeavyRain
41.8,10.0,0.0,16.2,1003.0,Heatwave
27.3,62.0,0.27,6.8,1016.0,Normal
-9.9,61.0,0.01,31.7,994.0,Storm
30.4,46.0,0.0,6.1,1011.0,Normal
13.45,85.0,27.2,19.5,1017.45,HeavyRain
41.0,10.0,0.0,9.0,1002.0,Heatwave
42.0,22.0,0.0,5.4,997.0,Heatwave
26.4,74.0,0.05,32.8,1011.0,Storm
44.5,16.0,0.0,32.8,994.0,Heatwave
43.6,9.0,0.0,13.0,1000.0,Heatwave
22.3,73.0,0.0,30.2,1011.0,Storm
17.05,68.0,27.4,16.0,1017.4,HeavyRain
43.5,7.0,0.0,25.2,1006.0,Heatwave
12.9,100.0,40.8,10.0,1004.3,HeavyRain
9.1,100.0,0.32,38.5,1002.0,Storm
33.2,59.0,0.77,6.1,1005.0,Normal
42.4,18.0,0.0,29.2,1003.0,Heatwave
9.2,71.0,0.0,36.4,1012.0,Storm
6.1,87.0,0.19,31.7,991.0,Storm
14.35,77.0,76.6,28.5,1013.05,HeavyRain
29.1,58.0,0.0,20.2,1010.0,Normal
26.2,51.0,0.0,15.1,1014.0,Normal
28.2,79.0,0.02,32.0,1012.0,Storm
26.65,90.5,61.8,11.0,1004.35,HeavyRain
28.2,69.0,0.0,25.2,1011.0,Normal
15.1,77.0,0.11,55.8,1008.0,Storm
28.1,84.0,0.19,31.3,1009.0,Storm
9.4,90.0,22.2,8.5,1003.9,HeavyRain
30.7,48.0,0.0,20.2,1010.0,Normal
30.2,66.0,0.0,36.7,1011.0,Storm
26.8,33.0,0.0,20.5,1019.0,Normal
10.2,76.0,0.0,30.2,1005.0,Storm
8.7,68.0,39.0,35.0,1009.35,HeavyRain
21.55,75.0,44.2,11.5,1018.35,HeavyRain
40.3,20.0,0.0,14.0,994.0,Heatwave
28.2,84.0,0.02,30.2,1009.0,Storm
21.15,93.5,23.4,8.0,1011.55,HeavyRain
17.0,92.0,23.0,11.0,1022.35,HeavyRain
32.0,34.0,0.0,9.7,1015.0,Normal
27.0,54.0,0.0,16.9,1015.0,Normal
40.2,25.0,0.0,8.3,998.0,Heatwave
22.0,41.0,0.0,15.1,1008.0,Normal
23.3,69.0,0.0,19.4,1018.0,Normal
14.4,90.5,25.6,22.5,1022.15,HeavyRain
31.2,36.0,0.0,22.0,1011.0,Normal
10.2,87.0,0.25,38.5,999.0,Storm
22.4,41.0,0.0,14.0,1017.0,Normal
15.55,86.0,23.0,34.0,1021.0,HeavyRain
27.35,85.5,102.0,17.5,1007.6,HeavyRain
26.6,90.0,41.8,5.5,1005.2,HeavyRain
14.8,75.5,29.4,19.5,1021.45,HeavyRain
23.8,30.0,0.0,13.3,1019.0,Normal
8.5,82.0,22.6,25.0,1019.75,HeavyRain
27.5,77.0,0.09,31.0,1012.0,Storm
16.2,82.0,0.01,38.9,1004.0,Storm
22.05,80.5,27.2,34.5,995.05,HeavyRain
43.2,20.0,0.0,18.4,995.0,Heatwave
11.35,77.0,24.4,16.5,1012.0,HeavyRain
26.6,81.5,76.8,14.0,999.85,HeavyRain
31.1,52.0,0.0,4.7,1012.0,Normal
24.0,57.0,0.26,13.0,1005.0,Normal
8.95,81.5,23.8,17.0,1018.45,HeavyRain
42.1,17.0,0.0,27.0,1003.0,Heatwave
14.45,53.5,33.4,24.0,1012.75,HeavyRain
27.1,74.0,0.01,30.2,1012.0,Storm
11.0,89.0,0.02,32.8,995.0,Storm
25.8,44.0,0.0,7.9,1015.0,Normal
27.05,87.0,161.6,16.5,1000.65,HeavyRain
44.2,12.0,0.0,29.5,997.0,Heatwave
25.05,79.0,20.0,4.5,1017.15,HeavyRain
20.05,69.5,31.2,18.5,1022.75,HeavyRain
25.3,69.0,0.01,25.2,1016.0,Normal
15.75,91.0,24.0,11.0,1009.95,HeavyRain
28.05,87.0,20.8,20.5,998.7,HeavyRain
10.2,87.0,43.8,15.0,1024.1,HeavyRain
27.3,81.0,0.09,34.9,1011.0,Storm
20.0,64.0,0.01,15.1,1012.0,Normal
41.5,24.0,0.0,31.0,993.0,Storm
12.3,80.5,27.2,19.5,1032.15,HeavyRain
11.55,93.5,37.6,29.5,992.65,HeavyRain
6.6,94.5,36.0,19.5,1022.25,HeavyRain
14.3,82.0,0.04,30.6,989.0,Storm
21.0,64.0,0.0,40.0,1011.0,Storm
44.7,18.0,0.0,22.3,994.0,Heatwave
28.0,52.0,0.0,20.5,1013.0,Normal
16.049999999999997,51.5,36.4,23.5,999.75,HeavyRain
15.3,72.0,0.2,31.7,1002.0,Storm
29.0,67.0,25.4,17.5,1005.7,HeavyRain
28.6,39.0,0.0,13.0,1016.0,Normal
26.9,71.0,53.0,24.0,1004.95,HeavyRain
20.65,95.5,43.8,16.0,1005.85,HeavyRain
23.2,42.0,0.0,8.6,1016.0,Normal
12.7,73.0,27.4,14.0,1014.25,HeavyRain
34.2,25.0,0.0,33.1,1004.0,Storm
40.3,26.0,0.0,13.7,998.0,Heatwave
2.3,93.0,1.98,30.6,987.0,Storm
43.1,12.0,0.0,42.5,1002.0,Heatwave
28.1,89.0,0.03,30.2,1011.0,Storm
41.7,9.0,0.0,32.0,997.0,Heatwave
30.3,63.0,0.0,6.5,1012.0,Normal
22.0,69.0,0.0,16.9,1016.0,Normal
22.5,31.0,0.0,11.9,1018.0,Normal
20.35,92.0,25.2,33.0,1013.05,HeavyRain
13.1,75.0,33.6,23.0,1006.1,HeavyRain
12.2,67.0,0.0,30.2,1009.0,Storm
27.2,32.0,0.0,15.1,1020.0,Normal
23.05,83.0,86.8,36.5,1012.75,HeavyRain
9.25,95.0,40.0,37.0,992.85,HeavyRain
27.0,57.0,0.0,6.8,1011.0,Normal
25.8,69.0,0.0,32.0,1011.0,Storm
25.3,69.0,0.0,7.2,1017.0,Normal
14.45,72.5,61.4,27.5,1009.75,HeavyRain
0.3,100.0,0.83,41.4,985.0,Storm
40.9,11.0,0.0,8.3,999.0,Heatwave
26.7,23.0,0.0,30.2,1010.0,Storm
-2.9,58.0,0.0,32.0,999.0,Storm
30.3,55.0,0.0,7.6,1008.0,Normal
30.1,75.0,0.0,31.7,1011.0,Storm
12.65,82.5,31.8,18.5,1013.85,HeavyRain
40.3,13.0,0.0,24.1,1001.0,Heatwave
23.0,59.5,21.4,13.0,1020.8,HeavyRain
45.1,10.0,0.0,9.0,997.0,Heatwave
22.2,38.0,0.0,24.5,1014.0,Normal
25.7,69.0,0.08,19.4,1018.0,Normal
-0.9,93.0,0.05,33.1,996.0,Storm
42.4,17.0,0.0,16.9,1006.0,Heatwave
22.0,65.0,0.0,9.7,1022.0,Normal
10.45,70.0,20.8,24.0,1013.75,HeavyRain
16.5,85.5,56.8,17.5,1003.85,HeavyRain
33.2,47.0,0.0,33.1,1007.0,Storm
24.1,57.0,0.0,62.3,1009.0,Normal
12.85,63.5,86.8,17.0,1018.7,HeavyRain
11.3,82.0,0.09,30.2,1006.0,Storm
28.1,84.0,0.04,36.4,1010.0,Storm
19.4,89.5,31.0,21.5,1019.7,HeavyRain
20.1,43.0,0.0,16.6,1027.0,Normal
20.6,86.5,20.8,33.5,1017.15,HeavyRain
9.7,94.0,27.8,32.5,1014.65,HeavyRain
5.2,75.0,0.0,32.0,1010.0,Storm
27.2,79.0,0.1,38.9,1011.0,Storm
39.0,19.0,0.0,31.0,1003.0,Storm
28.0,84.0,0.09,30.2,1005.0,Storm
13.2,88.0,3.93,67.0,1003.0,Storm
22.3,78.0,0.02,34.6,1011.0,Storm
21.25,94.0,25.0,15.5,1011.4,HeavyRain
42.1,14.0,0.0,12.6,1001.0,Heatwave
40.0,18.0,0.0,11.2,1002.0,Heatwave
44.4,16.0,0.0,37.8,993.0,Heatwave
30.9,33.0,0.0,30.2,1007.0,Storm
17.95,100.0,20.4,5.5,1005.95,HeavyRain
24.25,61.5,20.0,14.0,1012.15,HeavyRain
26.0,70.0,0.0,3.6,1018.0,Normal
28.2,74.0,0.0,31.3,1007.0,Storm
22.3,74.5,24.6,6.5,1017.95,HeavyRain
20.1,64.0,0.0,3.6,1025.0,Normal
28.1,70.0,0.0,39.6,1010.0,Storm
24.05,86.5,23.4,29.5,1003.45,HeavyRain
25.6,71.0,26.4,37.0,1012.9,HeavyRain
28.95,72.5,42.4,12.0,1004.85,HeavyRain
38.3,9.0,0.0,31.0,1012.0,Storm
13.95,100.0,21.8,12.0,1021.5,HeavyRain
30.0,70.0,0.05,4.3,1011.0,Normal
30.3,62.0,0.27,3.6,1007.0,Normal
12.8,84.0,23.8,22.0,1008.35,HeavyRain
23.3,82.5,62.4,21.0,1013.65,HeavyRain
20.9,72.0,0.04,30.2,1008.0,Storm
28.2,84.0,2.16,40.3,1011.0,Storm
13.85,80.5,20.0,21.5,1011.65,HeavyRain
18.3,77.0,0.0,31.7,1001.0,Storm
10.3,71.0,0.0,38.5,1009.0,Storm
17.15,90.0,32.2,42.0,1015.2,HeavyRain
30.0,75.0,0.0,34.9,1010.0,Storm
30.0,31.0,0.0,4.3,1015.0,Normal
26.4,62.0,0.02,7.6,1015.0,Normal
17.05,86.5,31.0,14.0,1011.55,HeavyRain
12.0,74.5,28.6,15.0,1023.05,HeavyRain
13.45,88.5,41.0,9.0,1023.9,HeavyRain
40.1,28.0,0.0,22.7,998.0,Heatwave
20.0,60.0,0.0,31.0,1023.0,Normal
29.8,35.0,0.0,14.4,1009.0,Normal
7.949999999999999,84.0,21.0,27.0,1025.45,HeavyRain
23.4,57.0,0.0,16.9,1023.0,Normal
28.2,79.0,0.04,30.2,1012.0,Storm
26.1,94.0,0.02,31.0,1007.0,Storm
28.1,58.0,0.56,7.2,1010.0,Normal
16.2,78.5,21.0,27.5,1006.55,HeavyRain
25.0,65.0,0.05,24.1,1018.0,Normal
15.55,99.0,36.4,13.0,1018.0,HeavyRain
28.5,75.5,40.4,17.0,1009.5,HeavyRain
24.0,50.0,0.01,11.2,1008.0,Normal
14.85,92.0,23.2,15.0,1017.1,HeavyRain
25.2,41.0,0.0,9.7,1019.0,Normal
14.15,96.0,23.6,13.0,1019.35,HeavyRain
13.85,77.5,65.4,17.5,1008.95,HeavyRain
24.05,80.0,23.6,17.5,1010.55,HeavyRain
9.3,87.0,0.98,38.2,1007.0,Storm
28.8,82.0,0.04,38.9,1008.0,Storm
15.75,79.5,21.0,12.0,1023.05,HeavyRain
14.2,88.0,0.67,42.8,996.0,Storm
9.45,91.0,35.0,21.0,1017.25,HeavyRain
11.0,94.0,0.09,51.1,1005.0,Storm
22.5,95.5,30.8,38.0,1001.3,HeavyRain
29.3,75.0,0.0,32.8,1012.0,Storm
26.1,77.0,0.17,32.0,1010.0,Storm
23.7,68.5,33.6,7.5,1004.15,HeavyRain
29.1,70.0,0.39,31.0,1012.0,Storm
26.2,34.0,0.0,17.3,1019.0,Normal
31.2,59.0,0.0,20.9,1008.0,Normal
16.2,87.0,26.0,11.0,1022.85,HeavyRain
21.1,92.5,32.6,22.0,1008.1,HeavyRain
28.15,75.5,31.4,10.0,1009.05,HeavyRain
24.1,57.0,0.03,5.4,1014.0,Normal
42.5,5.0,0.0,30.6,999.0,Storm
40.3,19.0,0.0,34.2,1002.0,Storm
15.65,67.0,22.8,16.5,1016.6,HeavyRain
21.05,74.0,21.8,23.5,1009.95,HeavyRain
20.4,43.0,0.01,13.3,1028.0,Normal
29.1,79.0,0.45,34.2,1003.0,Storm
20.15,66.0,24.4,25.0,1022.85,HeavyRain
34.0,22.0,0.0,37.1,1004.0,Storm
12.3,50.0,0.0,51.8,989.0,Storm
12.05,93.0,67.0,22.0,1017.35,HeavyRain
13.1,72.0,0.0,35.3,1009.0,Storm
30.1,21.0,0.0,33.5,1012.0,Storm
25.1,69.0,0.0,31.7,1012.0,Storm
24.0,54.0,0.24,3.6,1023.0,Normal
21.3,38.0,0.0,6.1,1022.0,Normal
29.8,66.0,0.0,4.3,1000.0,Normal
21.1,33.0,0.0,11.5,1028.0,Normal
11.4,71.0,0.05,45.4,1012.0,Storm
22.75,74.0,24.6,4.5,1009.05,HeavyRain
16.1,70.0,42.4,30.5,998.7,HeavyRain
30.4,70.0,0.0,31.0,1009.0,Storm
22.1,31.0,0.0,36.7,1007.0,Storm
20.0,35.0,0.0,31.7,1004.0,Storm
22.2,65.0,0.33,5.4,1022.0,Normal
33.2,63.0,0.94,13.3,1010.0,Normal
40.1,26.0,0.0,15.1,990.0,Heatwave
29.1,70.0,0.02,3.6,1014.0,Normal
27.6,75.0,39.6,13.0,1005.45,HeavyRain
26.5,91.5,40.8,12.0,1007.0,HeavyRain
23.3,82.5,25.8,23.0,1003.6,HeavyRain
21.0,64.0,0.0,4.3,1023.0,Normal
41.4,17.0,0.0,12.2,1004.0,Heatwave
20.45,71.5,29.4,23.0,1009.25,HeavyRain
12.0,68.5,36.0,26.0,1016.3,HeavyRain
30.4,46.0,0.0,18.0,1012.0,Normal
44.2,15.0,0.0,27.4,1000.0,Heatwave
26.3,74.0,0.0,30.2,1011.0,Storm
7.5,86.0,29.0,42.0,1011.6,HeavyRain
13.05,60.0,53.0,26.0,1010.4,HeavyRain
43.6,18.0,0.0,15.1,1000.0,Heatwave
-4.6,93.0,0.19,31.7,1008.0,Storm
26.3,75.0,0.0,37.8,1011.0,Storm
34.1,36.0,0.0,41.0,1003.0,Storm
9.1,76.0,0.0,36.4,996.0,Storm
41.3,28.0,0.0,8.3,999.0,Heatwave
21.1,60.0,0.03,10.8,1026.0,Normal
20.1,68.0,0.0,3.6,1023.0,Normal
18.6,76.0,36.8,26.5,1004.85,HeavyRain
25.0,89.0,0.71,35.6,1012.0,Storm
23.3,93.5,106.8,43.0,1009.85,HeavyRain
28.2,65.0,0.0,7.9,1012.0,Normal
29.1,66.0,0.02,33.1,1013.0,Normal
11.2,64.0,27.6,34.5,1012.95,HeavyRain
29.3,75.0,0.0,33.5,1011.0,Storm
21.1,64.0,0.65,34.9,1003.0,Storm
21.1,53.0,0.0,5.4,1025.0,Normal
20.2,91.5,89.8,17.0,1016.45,HeavyRain
27.2,80.0,1.2,36.4,1012.0,Storm
24.6,36.0,0.0,14.8,1015.0,Normal
17.0,72.0,0.02,33.8,1000.0,Storm
18.1,82.5,59.8,44.5,1007.1,HeavyRain
5.1,100.0,0.08,36.0,1002.0,Storm
21.6,33.0,0.0,15.8,1020.0,Normal
28.3,58.0,0.0,22.0,1012.0,Normal
-0.7,80.0,0.48,33.1,1007.0,Storm
21.45,76.0,25.0,21.5,1005.9,HeavyRain
10.6,61.0,24.4,24.0,1004.65,HeavyRain
23.3,83.0,0.02,39.2,1011.0,Storm
19.2,81.5,24.8,10.0,1018.6,HeavyRain
24.3,65.0,0.22,9.0,1017.0,Normal
11.65,77.0,20.4,19.5,1001.8,HeavyRain
36.3,37.0,0.0,39.2,1002.0,Storm
15.65,84.0,25.0,21.5,1032.1,HeavyRain
15.75,78.0,52.4,23.0,1029.1,HeavyRain
27.9,64.0,0.0,25.6,1003.0,Normal
19.55,82.0,28.4,20.5,1024.85,HeavyRain
24.55,89.5,33.2,27.5,1011.05,HeavyRain
14.2,94.0,0.09,36.4,999.0,Storm
20.1,46.0,0.0,23.0,1016.0,Normal
29.1,48.0,0.0,5.0,1013.0,Normal
43.1,6.0,0.0,42.5,1000.0,Storm
20.4,28.0,0.0,45.0,1009.0,Storm
26.3,84.0,0.21,32.0,1006.0,Storm
16.2,59.0,0.0,37.8,997.0,Storm
23.0,53.0,0.0,12.6,1023.0,Normal
25.3,32.0,0.0,5.8,1018.0,Normal
27.85,73.5,22.8,17.0,1006.8,HeavyRain
40.3,7.0,0.0,9.7,1004.0,Heatwave
29.3,75.0,0.0,37.8,1011.0,Storm
30.1,66.0,0.0,13.0,1009.0,Normal
29.3,62.0,0.0,4.0,1009.0,Normal
27.1,89.0,0.03,33.1,1009.0,Storm
15.0,77.0,0.03,40.7,1010.0,Storm
15.0,59.0,0.0,33.8,1007.0,Storm
22.8,81.0,26.0,31.0,1020.1,HeavyRain
27.1,66.0,0.0,6.8,1013.0,Normal
28.1,62.0,0.0,4.7,1010.0,Normal
28.0,58.0,0.0,18.7,1013.0,Normal
30.1,49.0,0.0,32.4,1010.0,Storm
21.9,53.0,0.0,10.1,1014.0,Normal
31.0,43.0,0.0,7.2,1016.0,Normal
29.4,58.0,0.0,20.2,1012.0,Normal
19.5,61.0,29.8,27.0,1017.9,HeavyRain
40.4,28.0,0.0,6.1,997.0,Heatwave
13.7,97.5,21.4,18.5,1019.9,HeavyRain
42.7,21.0,0.0,12.6,992.0,Heatwave
22.1,85.5,32.0,14.0,1014.15,HeavyRain
16.4,94.0,0.0,40.0,1008.0,Storm
42.5,23.0,0.0,27.7,995.0,Heatwave
5.1,36.0,0.0,32.4,997.0,Storm
23.3,61.5,35.6,10.0,1014.45,HeavyRain
33.6,51.0,0.0,9.0,1008.0,Normal
28.3,94.0,0.38,33.8,1008.0,Storm
33.2,41.0,0.0,4.3,1011.0,Normal
28.65,68.5,31.8,22.5,1006.55,HeavyRain
30.3,62.0,0.0,7.2,1011.0,Normal
5.0,70.0,0.02,31.3,1004.0,Storm
27.6,78.0,34.2,14.0,1008.95,HeavyRain
27.5,81.0,0.03,36.4,1010.0,Storm
26.9,77.0,86.4,8.5,1004.7,HeavyRain
34.5,40.0,0.0,20.2,1004.0,Normal
33.0,34.0,0.0,4.0,1015.0,Normal
42.5,6.0,0.0,21.2,1002.0,Heatwave
31.2,51.0,0.0,38.5,1011.0,Storm
28.2,79.0,0.16,41.0,1011.0,Storm
34.1,36.0,0.0,17.3,1004.0,Normal
41.3,22.0,0.0,25.6,1002.0,Heatwave
20.9,100.0,60.0,17.5,994.4,HeavyRain
25.7,58.5,26.8,7.0,1009.95,HeavyRain
12.6,79.0,20.6,26.5,1018.25,HeavyRain
24.5,89.0,32.2,14.0,1015.95,HeavyRain
26.4,70.0,0.34,19.8,1013.0,Normal
31.0,63.0,0.0,11.5,1008.0,Normal
23.6,89.5,21.8,13.0,1015.5,HeavyRain
32.0,28.0,0.0,31.7,1002.0,Storm
20.9,81.5,31.4,13.0,1020.8,HeavyRain
32.6,57.0,0.0,18.7,1001.0,Normal
28.0,89.0,1.11,31.0,1005.0,Storm
30.1,59.0,0.0,21.6,1014.0,Normal
21.15,93.0,30.2,30.5,1006.1,HeavyRain
19.4,72.5,21.2,31.5,1013.25,HeavyRain
0.3,100.0,0.62,30.2,997.0,Storm
21.950000000000003,83.0,26.6,13.5,1001.05,HeavyRain
26.4,85.5,91.4,24.0,1006.65,HeavyRain
12.4,93.5,37.6,29.5,1006.55,HeavyRain
23.2,69.0,0.0,11.2,1016.0,Normal
15.3,91.0,38.8,16.5,1010.8,HeavyRain
42.4,20.0,0.0,6.1,999.0,Heatwave
28.3,70.0,0.0,30.2,1011.0,Storm
21.0,97.0,26.6,10.0,1012.85,HeavyRain
16.55,66.5,37.2,27.5,1008.55,HeavyRain
30.3,11.0,0.0,30.2,1007.0,Storm
10.85,84.0,24.8,7.5,1015.95,HeavyRain
29.1,70.0,0.06,15.8,1014.0,Normal
26.2,56.0,0.0,5.0,1006.0,Normal
23.0,58.0,0.0,12.2,1015.0,Normal
19.3,83.0,0.0,35.3,1012.0,Storm
22.5,96.0,47.6,28.5,1010.85,HeavyRain
23.5,30.0,0.01,14.4,1016.0,Normal
18.45,86.5,36.0,16.0,1015.15,HeavyRain
13.7,92.5,44.2,20.0,1012.35,HeavyRain
42.0,11.0,0.0,28.4,1002.0,Heatwave
22.3,65.0,0.0,8.6,1021.0,Normal
29.2,58.0,0.0,12.2,1012.0,Normal
28.15,84.5,47.4,19.5,1011.2,HeavyRain
19.8,95.5,38.2,11.0,1018.85,HeavyRain
20.2,60.0,0.0,9.0,1022.0,Normal
26.1,54.0,0.0,3.6,1017.0,Normal
30.5,48.0,0.0,30.2,1012.0,Storm
19.05,92.5,25.4,11.0,1005.8,HeavyRain
27.9,48.0,0.0,6.8,1015.0,Normal
25.4,93.0,4.79,30.2,1009.0,Storm
27.1,47.0,0.0,3.6,1006.0,Normal
31.0,41.0,0.0,8.3,1018.0,Normal
24.3,47.0,0.0,3.6,1023.0,Normal
27.5,78.0,0.66,37.8,1012.0,Storm
26.3,94.0,2.22,37.8,1010.0,Storm
25.9,84.0,1.88,33.1,1008.0,Storm
26.25,83.0,31.2,16.0,1010.8,HeavyRain
26.2,74.0,0.0,34.9,1009.0,Storm
29.1,70.0,0.0,31.0,1010.0,Storm
29.0,79.0,0.0,36.7,1010.0,Storm
26.35,78.5,21.8,15.0,1010.75,HeavyRain
23.1,53.0,0.0,22.0,1006.0,Normal
33.1,49.0,0.84,7.9,1008.0,Normal
26.4,74.0,0.04,36.0,1012.0,Storm
21.3,70.0,0.0,14.8,1016.0,Normal
21.5,87.5,63.2,9.5,1017.85,HeavyRain
44.2,11.0,0.0,20.2,1003.0,Heatwave
28.0,94.0,34.8,17.0,1002.4,HeavyRain
25.3,56.0,0.0,3.6,1013.0,Normal
30.1,75.0,0.0,31.0,1006.0,Storm
29.05,72.0,26.6,18.0,1004.8,HeavyRain
12.9,90.5,20.2,21.0,990.8,HeavyRain
46.1,6.0,0.0,16.9,1006.0,Heatwave
25.25,63.0,21.2,9.5,1014.3,HeavyRain
15.65,77.0,25.6,20.5,1016.6,HeavyRain
26.0,70.0,0.0,22.0,1016.0,Normal
30.1,70.0,0.06,28.1,1016.0,Normal
28.2,55.0,0.0,4.7,1018.0,Normal
18.3,79.0,31.2,21.0,1015.3,HeavyRain
31.4,63.0,0.0,17.3,1006.0,Normal
44.6,7.0,0.0,16.9,998.0,Heatwave
37.2,13.0,0.0,30.6,1005.0,Storm
23.2,47.0,0.13,11.2,999.0,Normal
-0.9,93.0,0.21,31.7,993.0,Storm
22.6,60.0,0.0,6.8,1004.0,Normal
42.5,18.0,0.0,28.4,994.0,Heatwave
40.3,28.0,0.0,37.1,996.0,Heatwave
18.0,49.0,0.0,31.0,1011.0,Storm
15.3,83.5,20.4,22.0,1031.1,HeavyRain
32.1,32.0,0.0,15.1,1005.0,Normal
16.3,36.0,0.0,31.3,1011.0,Storm
42.5,15.0,0.0,18.4,1000.0,Heatwave
27.15,72.0,27.4,23.5,1008.3,HeavyRain
23.3,41.0,0.0,15.1,1013.0,Normal
24.45,73.0,67.0,14.0,1011.0,HeavyRain
27.2,66.0,0.0,20.5,1015.0,Normal
28.1,81.0,0.28,35.6,1012.0,Storm
8.65,68.5,22.0,18.5,996.75,HeavyRain
12.1,88.0,0.83,40.0,1005.0,Storm
25.7,28.0,0.06,32.0,1008.0,Storm
45.6,7.0,0.0,20.9,999.0,Heatwave
25.65,83.0,92.6,17.5,1011.15,HeavyRain
32.4,67.0,0.45,3.6,1013.0,Normal
26.55,81.0,32.0,13.0,1009.4,HeavyRain
21.9,64.0,0.02,9.0,1016.0,Normal
29.5,63.5,34.2,10.0,1007.25,HeavyRain
9.85,70.0,23.8,31.5,1009.4,HeavyRain
32.2,41.0,0.0,42.1,1010.0,Storm
26.3,46.0,0.0,32.4,1007.0,Storm
16.15,85.5,51.8,33.0,1028.2,HeavyRain
13.8,96.0,0.41,43.2,1004.0,Storm
18.55,100.0,30.0,25.5,1012.25,HeavyRain
12.8,82.0,20.2,37.0,1017.0,HeavyRain
43.0,5.0,0.0,15.1,1007.0,Heatwave
41.2,28.0,0.0,31.0,992.0,Storm
21.05,78.5,24.8,14.0,1014.85,HeavyRain
22.6,94.5,34.4,20.0,1016.75,HeavyRain
28.6,47.0,0.0,7.2,1014.0,Normal
27.1,94.0,41.8,26.0,1005.0,HeavyRain
16.45,62.5,21.2,18.5,1021.8,HeavyRain
14.35,87.0,30.8,8.0,1020.3,HeavyRain
24.3,54.0,0.16,10.1,1021.0,Normal
27.3,94.0,0.82,30.2,1011.0,Storm
19.75,91.5,20.6,16.0,1013.05,HeavyRain
30.1,70.0,0.0,32.0,1010.0,Storm
30.2,79.0,0.57,30.2,1011.0,Storm
10.85,87.5,22.4,13.5,1013.1,HeavyRain
21.1,46.0,0.0,18.7,1024.0,Normal
31.3,63.0,0.47,16.9,1009.0,Normal
20.6,34.0,0.0,3.6,1014.0,Normal
42.2,16.0,0.0,21.2,1005.0,Heatwave
29.2,79.0,0.16,34.9,1011.0,Storm
30.1,66.0,0.03,18.4,1015.0,Normal
28.8,81.0,0.22,30.6,1009.0,Storm
28.3,58.0,0.0,6.5,1014.0,Normal
28.8,36.0,0.02,23.8,1002.0,Normal
28.2,84.0,0.16,34.6,1007.0,Storm
29.1,75.0,0.01,33.1,1012.0,Storm
28.4,42.0,0.0,9.0,1014.0,Normal
24.3,47.0,0.0,4.7,1024.0,Normal
11.55,87.0,20.6,27.0,1013.6,HeavyRain
10.2,76.0,0.0,37.8,1008.0,Storm
22.25,79.5,48.0,19.5,1013.15,HeavyRain
25.8,85.5,105.2,20.5,1009.0,HeavyRain
28.5,67.0,0.0,9.0,1008.0,Normal
22.0,57.0,0.21,11.2,1016.0,Normal
42.1,27.0,0.0,8.6,1001.0,Heatwave
35.1,18.0,0.0,33.1,1006.0,Storm
20.6,90.5,111.8,25.0,1012.9,HeavyRain
28.3,84.0,0.19,33.1,1012.0,Storm
14.8,98.5,62.6,14.5,1007.25,HeavyRain
41.0,7.0,0.0,15.1,1008.0,Heatwave
29.1,70.0,0.0,19.1,1012.0,Normal
29.2,79.0,1.49,34.6,1003.0,Storm
28.0,64.0,0.01,38.9,997.0,Storm
20.35,88.5,20.2,9.0,1013.8,HeavyRain
28.1,42.0,0.0,31.3,1011.0,Normal
42.0,23.0,0.0,7.2,996.0,Heatwave
21.7,80.0,37.2,14.0,1002.75,HeavyRain
18.8,67.0,0.14,32.8,1001.0,Storm
41.2,18.0,0.0,24.8,1007.0,Heatwave
29.8,46.0,0.0,25.6,1010.0,Normal
23.4,41.0,0.0,12.6,1011.0,Normal
26.2,58.0,0.0,16.9,1019.0,Normal
14.7,91.5,41.6,21.5,1023.8,HeavyRain
40.0,13.0,0.0,16.9,1008.0,Heatwave
21.2,69.0,0.01,25.9,1011.0,Normal
24.1,57.0,0.0,5.4,1017.0,Normal
28.0,83.0,0.09,31.7,1010.0,Storm
30.7,66.0,0.96,7.6,1007.0,Normal
19.6,70.0,43.0,29.5,1016.8,HeavyRain
30.0,21.0,0.0,37.1,1011.0,Storm
22.9,39.0,0.0,10.1,1020.0,Normal
44.4,24.0,0.0,6.1,994.0,Heatwave
32.0,43.0,0.04,11.2,1008.0,Normal
18.0,81.5,34.0,20.5,1024.2,HeavyRain
19.8,87.0,50.6,23.5,1023.7,HeavyRain
20.45,74.0,32.4,15.0,1013.7,HeavyRain
29.3,69.0,0.01,19.4,1009.0,Normal
25.2,85.0,2.95,31.3,1004.0,Storm
13.8,52.0,0.08,52.2,1006.0,Storm
24.1,69.0,0.49,28.1,1015.0,Normal
15.15,93.5,21.6,13.0,1019.05,HeavyRain
33.1,56.0,1.16,5.0,1012.0,Normal
31.2,66.0,0.02,30.2,1011.0,Storm
31.4,43.0,0.0,6.5,1019.0,Normal
32.1,63.0,0.0,14.0,1009.0,Normal
42.6,20.0,0.0,17.3,993.0,Heatwave
19.85,90.5,31.6,29.0,1017.0,HeavyRain
17.9,81.5,56.0,21.0,1019.25,HeavyRain
15.95,92.5,36.8,23.0,1007.45,HeavyRain
13.3,88.0,0.06,32.0,1007.0,Storm
28.7,69.0,0.0,5.8,1013.0,Normal
24.3,50.0,0.0,11.2,1019.0,Normal
18.45,89.0,41.4,13.0,1028.0,HeavyRain
28.6,47.0,0.45,5.4,1009.0,Normal
29.1,70.0,0.43,37.1,1008.0,Storm
31.0,52.0,0.0,7.2,1010.0,Normal
20.3,76.0,21.6,21.0,1019.65,HeavyRain
33.8,53.0,0.0,23.8,1001.0,Normal
22.200000000000003,75.5,29.6,26.5,1017.2,HeavyRain
9.05,80.0,27.2,30.5,1004.85,HeavyRain
16.45,82.0,35.6,20.5,1010.2,HeavyRain
28.0,89.0,0.03,40.7,1009.0,Storm
27.8,67.0,0.0,6.1,1014.0,Normal
20.05,91.5,53.8,17.5,1018.3,HeavyRain
22.1,88.5,20.8,22.5,1004.95,HeavyRain
23.5,58.0,0.56,14.8,1015.0,Normal
24.4,36.0,0.0,8.6,1017.0,Normal
33.0,30.0,0.0,21.2,1007.0,Normal
22.4,88.0,0.0,35.6,1009.0,Storm
21.8,47.0,0.0,12.6,1014.0,Normal
30.0,66.0,2.19,5.4,1016.0,Normal
18.5,74.5,21.0,19.5,1022.4,HeavyRain
25.1,63.5,23.6,13.0,1010.6,HeavyRain
25.1,39.0,0.0,15.1,1020.0,Normal
16.3,88.0,6.29,54.0,1000.0,Storm
41.0,15.0,0.0,20.2,1006.0,Heatwave
29.1,31.0,0.0,10.4,1019.0,Normal
8.8,90.5,47.2,15.0,995.45,HeavyRain
29.1,79.0,0.02,31.3,1009.0,Storm
41.0,28.0,0.13,24.1,1006.0,Heatwave
17.85,79.5,41.2,13.0,1013.8,HeavyRain
44.1,12.0,0.0,34.9,994.0,Heatwave
29.2,75.0,0.02,33.1,1010.0,Storm
27.2,70.0,0.0,16.9,1013.0,Normal
28.7,85.5,46.2,11.0,1008.95,HeavyRain
46.0,9.0,0.0,23.0,996.0,Heatwave
22.3,65.0,0.48,10.4,1011.0,Normal
20.5,89.5,30.4,15.5,1016.65,HeavyRain
27.3,37.0,0.0,18.0,1012.0,Normal
40.3,26.0,0.0,8.3,1008.0,Heatwave
10.55,79.0,24.0,16.5,1025.35,HeavyRain
28.7,83.0,0.0,31.7,1008.0,Storm
13.9,88.0,46.0,8.0,1028.0500000000002,HeavyRain
12.0,82.0,0.27,47.5,1010.0,Storm
14.4,92.0,24.6,15.0,1007.6,HeavyRain
22.0,52.0,0.0,9.4,1015.0,Normal
23.25,81.0,20.8,30.0,1017.45,HeavyRain
27.0,79.0,0.0,35.3,1012.0,Storm
20.1,68.0,0.0,27.0,1010.0,Normal
27.3,54.0,0.01,4.7,1017.0,Normal
31.4,41.0,0.0,34.9,1007.0,Storm
28.4,62.0,0.0,21.6,1012.0,Normal
37.6,12.0,0.0,34.2,1010.0,Storm
37.4,18.0,0.0,31.3,1009.0,Storm
41.6,22.0,0.0,23.0,1002.0,Heatwave
43.3,14.0,0.0,44.3,998.0,Heatwave
40.1,14.0,0.0,8.6,1005.0,Heatwave
29.8,28.0,0.0,31.3,1007.0,Storm
25.7,70.0,21.2,23.0,1000.25,HeavyRain
21.3,73.0,0.0,31.0,999.0,Storm
22.6,51.0,0.0,4.0,1011.0,Normal
26.8,75.5,22.4,41.5,1002.45,HeavyRain
29.7,63.0,0.17,34.9,1010.0,Normal
20.3,43.0,0.0,5.8,1022.0,Normal
14.15,67.0,29.8,23.0,1003.85,HeavyRain
15.4,95.0,20.0,23.5,1014.85,HeavyRain
42.1,13.0,0.0,36.7,997.0,Storm
11.1,90.0,0.0,52.9,1003.0,Storm
26.2,100.0,1.35,32.8,1002.0,Storm
28.2,84.0,0.02,32.8,1011.0,Storm
43.1,5.0,0.0,22.0,1003.0,Heatwave
21.1,56.0,0.14,12.6,1026.0,Normal
32.8,52.0,0.0,37.8,1005.0,Storm
45.3,15.0,0.0,26.6,997.0,Heatwave
40.3,23.0,0.0,7.9,1003.0,Heatwave
40.6,19.0,0.0,10.4,1008.0,Heatwave
22.05,88.5,25.6,31.5,1022.85,HeavyRain
11.25,72.5,20.8,22.5,1014.7,HeavyRain
42.3,15.0,0.0,13.3,1004.0,Heatwave
44.1,3.0,0.0,22.0,1002.0,Heatwave
-5.6,58.0,0.0,30.2,1005.0,Storm
17.15,86.5,30.6,17.0,1009.6,HeavyRain
37.0,40.0,0.0,32.0,999.0,Storm
13.1,88.0,0.17,50.8,989.0,Storm
20.8,76.5,32.2,17.5,1019.7,HeavyRain
21.2,78.0,0.0,47.9,1006.0,Storm
27.1,39.0,0.0,20.9,1024.0,Normal
27.3,81.0,0.01,32.0,1009.0,Storm
26.4,94.0,1.87,41.0,1008.0,Storm
21.55,82.5,23.0,19.5,1016.3,HeavyRain
34.0,56.0,0.0,14.4,1006.0,Normal
26.3,34.0,0.0,19.4,1025.0,Normal
28.3,45.0,0.13,3.6,1013.0,Normal
25.3,94.0,0.93,32.4,1007.0,Storm
15.15,91.5,36.0,14.0,1018.55,HeavyRain
27.05,75.5,43.2,13.0,1003.45,HeavyRain
28.4,35.0,0.0,6.1,1023.0,Normal
43.7,7.0,0.0,42.1,996.0,Heatwave
23.2,41.0,0.0,14.4,1016.0,Normal
18.950000000000003,91.5,28.8,69.5,1010.9,HeavyRain
28.2,74.0,0.02,34.6,1012.0,Storm
27.25,70.0,24.2,11.0,1006.15,HeavyRain
33.1,63.0,0.0,16.9,1010.0,Normal
17.75,86.0,22.6,13.0,1014.55,HeavyRain
17.75,89.5,59.2,34.5,1015.75,HeavyRain
41.3,22.0,0.0,30.6,995.0,Storm
43.2,15.0,0.0,15.8,1003.0,Heatwave
41.0,5.0,0.0,13.3,1007.0,Heatwave
27.7,50.0,0.09,14.0,1013.0,Normal
27.2,39.0,0.04,6.1,1013.0,Normal
43.7,22.0,0.0,13.7,999.0,Heatwave
38.4,17.0,0.0,37.1,1008.0,Storm
19.55,76.5,46.8,18.5,1016.4,HeavyRain
9.3,76.0,0.0,38.5,1003.0,Storm
33.1,31.0,0.0,34.9,1002.0,Storm
16.3,70.5,38.6,35.0,1014.8,HeavyRain
30.3,89.0,0.0,37.8,1003.0,Storm
25.2,94.0,1.47,38.9,1009.0,Storm
21.3,35.0,0.0,6.8,1015.0,Normal
40.4,14.0,0.0,3.6,1005.0,Heatwave
5.2,61.0,0.0,38.9,1006.0,Storm
34.0,56.0,0.0,13.0,1003.0,Normal
26.1,70.0,0.0,4.3,1017.0,Normal
28.2,74.0,0.0,33.1,1010.0,Storm
32.2,67.0,0.01,18.0,1010.0,Normal
22.3,61.0,0.0,11.5,1019.0,Normal
24.0,61.0,0.0,14.0,1023.0,Normal
28.4,74.0,0.0,35.3,1010.0,Storm
24.25,82.5,20.6,17.5,1012.95,HeavyRain
30.0,70.0,0.04,21.2,1018.0,Normal
17.1,74.0,22.6,21.5,1029.9499999999998,HeavyRain
26.7,46.0,0.0,17.6,1011.0,Normal
20.6,81.0,21.8,29.5,1018.8,HeavyRain
15.2,82.0,0.1,34.9,1003.0,Storm
29.2,45.0,0.0,9.7,1011.0,Normal
20.4,37.0,0.0,4.3,1019.0,Normal
25.4,54.0,0.0,13.0,1024.0,Normal
25.8,34.0,0.0,13.0,1016.0,Normal
16.25,77.0,27.8,15.5,997.25,HeavyRain
16.6,74.0,24.4,16.5,1013.15,HeavyRain
6.2,87.0,0.0,34.9,994.0,Storm
4.0,87.0,1.0,46.1,1007.0,Storm
25.3,57.0,0.0,3.6,1009.0,Normal
30.2,70.0,0.0,11.5,1014.0,Normal
11.5,74.5,22.4,19.5,1014.45,HeavyRain
20.3,68.0,0.0,14.8,1024.0,Normal
20.9,64.0,0.19,10.4,1009.0,Normal
27.65,76.5,20.8,13.5,1009.55,HeavyRain
37.1,9.0,0.0,30.6,1012.0,Storm
24.2,79.5,31.8,22.0,1010.85,HeavyRain
28.0,58.0,0.0,31.0,1012.0,Storm
33.0,44.0,0.0,15.1,1010.0,Normal
43.7,8.0,0.0,31.3,1001.0,Storm
24.6,48.0,0.22,15.8,1014.0,Normal
26.65,85.0,25.2,17.5,1005.7,HeavyRain
28.7,81.0,0.1,39.6,1007.0,Storm
29.1,79.0,0.19,30.2,1005.0,Storm
27.85,87.0,23.6,14.5,1003.05,HeavyRain
22.05,74.0,28.0,9.0,1015.0,HeavyRain
16.85,82.0,34.8,16.0,1016.25,HeavyRain
-7.0,57.0,0.0,31.3,1009.0,Storm
29.4,79.0,0.11,38.5,1008.0,Storm
33.2,51.0,0.0,25.9,1009.0,Normal
18.0,80.0,58.4,33.0,1014.4,HeavyRain
20.7,53.0,28.8,12.0,1008.6,HeavyRain
22.3,50.0,0.0,3.6,1023.0,Normal
24.2,39.0,0.0,8.6,1026.0,Normal
23.9,84.0,24.4,11.0,1007.95,HeavyRain
32.1,63.0,0.02,14.4,1009.0,Normal
40.2,13.0,0.0,25.6,1003.0,Heatwave
27.8,71.0,0.0,37.4,999.0,Storm
17.5,99.0,35.6,26.0,1006.85,HeavyRain
22.6,22.0,0.0,39.6,1010.0,Storm
20.25,87.0,371.0,16.0,1026.25,HeavyRain
41.1,30.0,0.0,11.9,1000.0,Heatwave
19.05,77.0,29.0,10.0,1010.95,HeavyRain
41.0,15.0,0.0,22.0,1005.0,Heatwave
13.75,69.5,20.0,40.0,1028.5,HeavyRain
17.15,92.5,20.2,15.0,1012.45,HeavyRain
20.2,84.0,66.2,11.0,1006.5,HeavyRain
24.4,66.0,0.0,12.6,1013.0,Normal
14.3,77.0,0.0,33.8,1009.0,Storm
13.15,86.5,53.2,26.0,1010.75,HeavyRain
29.1,79.0,1.31,32.0,1005.0,Storm
28.0,79.0,0.71,38.2,1007.0,Storm
42.0,10.0,0.0,15.8,995.0,Heatwave
2.0,87.0,0.01,31.3,1000.0,Storm
27.3,37.0,0.43,6.1,1016.0,Normal
30.3,70.0,0.0,23.8,1009.0,Normal
17.4,90.0,29.0,12.0,1014.65,HeavyRain
21.35,96.0,122.6,19.5,1006.9,HeavyRain
21.2,64.0,0.0,29.5,1017.0,Normal
21.2,69.0,0.0,16.6,1027.0,Normal
21.0,49.0,0.1,15.1,1016.0,Normal
20.95,79.0,42.4,7.5,1004.2,HeavyRain
32.2,59.0,0.0,31.3,1010.0,Storm
48.2,7.0,0.0,34.6,1000.0,Heatwave
26.0,47.0,0.0,16.6,1011.0,Normal
30.0,70.0,0.0,7.6,1008.0,Normal
28.6,74.0,0.22,35.6,1005.0,Storm
21.1,60.5,22.2,13.0,1012.45,HeavyRain
47.6,5.0,0.0,13.0,993.0,Heatwave
11.65,63.5,31.0,24.0,1012.45,HeavyRain
43.8,10.0,0.0,28.8,997.0,Heatwave
42.7,19.0,0.0,36.7,995.0,Heatwave
26.2,65.0,0.0,11.5,1014.0,Normal
26.3,94.0,0.02,30.2,1007.0,Storm
27.2,94.0,1.19,33.1,1008.0,Storm
20.8,62.5,36.0,22.0,1008.1,HeavyRain
26.1,91.0,88.6,17.0,1002.8,HeavyRain
41.4,22.0,0.0,36.7,998.0,Storm
21.1,64.0,0.0,8.6,1019.0,Normal
8.35,65.5,27.0,19.5,1019.0,HeavyRain
21.2,95.0,30.6,15.5,1008.9,HeavyRain
45.6,8.0,0.0,6.8,1000.0,Heatwave
27.7,63.5,62.0,16.5,1009.65,HeavyRain
29.0,45.0,0.0,21.6,1010.0,Normal
30.1,70.0,0.0,9.0,1013.0,Normal
5.1,69.0,0.28,32.8,1003.0,Storm
43.3,13.0,0.0,22.0,998.0,Heatwave
16.1,63.0,0.03,33.1,1012.0,Storm
25.3,54.0,0.0,10.1,1004.0,Normal
40.7,10.0,0.0,32.8,1004.0,Heatwave
15.2,78.0,22.8,42.0,1019.8,HeavyRain
29.0,62.0,0.02,31.7,1011.0,Storm
32.1,59.0,0.0,14.4,1008.0,Normal
28.4,56.0,0.0,6.1,1016.0,Normal
18.25,83.5,38.0,15.0,1011.4,HeavyRain
35.2,35.0,0.0,33.8,1005.0,Storm
41.6,8.0,0.0,31.3,1000.0,Storm
12.2,94.0,2.98,32.0,999.0,Storm
40.2,25.0,0.0,13.0,992.0,Heatwave
22.75,57.0,25.8,14.5,1002.2,HeavyRain
19.35,85.5,51.0,10.0,1012.7,HeavyRain
12.2,94.0,0.44,31.0,999.0,Storm
14.75,75.5,38.6,29.5,1012.75,HeavyRain
28.1,62.0,0.0,9.4,1012.0,Normal
44.9,8.0,0.0,3.6,995.0,Heatwave
22.1,96.0,208.5,34.0,1005.5,HeavyRain
9.0,93.0,0.22,31.7,1004.0,Storm
24.2,57.0,0.0,16.6,1020.0,Normal
33.3,34.0,0.0,31.3,1011.0,Storm
32.1,30.0,0.0,9.7,1012.0,Normal
24.1,61.0,0.11,31.0,1009.0,Storm
34.0,14.0,0.0,30.6,1011.0,Storm
22.45,87.5,31.0,12.0,1014.25,HeavyRain
27.1,32.0,0.0,37.4,1005.0,Storm
42.1,16.0,0.0,33.8,996.0,Heatwave
20.4,49.0,0.01,9.7,1028.0,Normal
-10.7,78.0,0.0,31.0,1012.0,Storm
16.2,88.0,0.03,49.0,1011.0,Storm
33.2,39.0,0.0,9.7,1009.0,Normal
38.4,40.0,0.0,31.3,1007.0,Storm
27.05,84.5,40.2,26.0,1003.25,HeavyRain
21.1,89.0,23.6,12.0,1023.45,HeavyRain
42.6,17.0,0.0,4.0,1006.0,Heatwave
9.65,97.0,23.2,11.0,1022.95,HeavyRain
14.0,76.0,0.53,32.8,1005.0,Storm
27.0,66.0,0.0,11.9,1011.0,Normal
28.2,77.0,0.08,31.0,1009.0,Storm
27.7,75.0,73.2,23.0,1009.55,HeavyRain
40.6,12.0,0.0,4.0,1004.0,Heatwave
15.45,63.0,27.4,21.5,1012.55,HeavyRain
15.1,72.0,20.6,26.0,1009.6,HeavyRain
21.1,38.0,0.0,24.1,1014.0,Normal
27.9,74.0,26.8,19.5,1009.7,HeavyRain
9.55,70.0,26.2,28.0,1015.25,HeavyRain
44.8,9.0,0.0,25.2,999.0,Heatwave
21.2,69.0,0.0,8.3,1016.0,Normal
23.3,41.0,0.0,19.1,1011.0,Normal
14.9,88.0,29.6,27.0,1022.45,HeavyRain
41.5,9.0,0.0,24.8,996.0,Heatwave
-2.6,86.0,0.13,31.7,994.0,Storm
31.8,65.0,0.04,5.8,1001.0,Normal
27.6,83.0,0.53,32.4,1006.0,Storm
19.85,92.0,61.0,31.5,997.05,HeavyRain
30.3,66.0,0.0,6.1,1012.0,Normal
15.1,82.0,0.0,33.5,1009.0,Storm
21.9,51.0,0.0,3.6,1017.0,Normal
22.3,88.0,21.0,41.5,1012.7,HeavyRain
11.25,59.5,21.6,30.0,1013.2,HeavyRain
19.55,91.0,73.8,24.0,1021.45,HeavyRain
42.0,18.0,0.0,11.2,997.0,Heatwave
23.1,77.0,37.8,10.0,1005.6,HeavyRain
17.85,92.5,128.0,31.5,1019.65,HeavyRain
11.7,84.0,53.4,14.0,1019.8,HeavyRain
27.85,71.5,25.6,16.0,1006.75,HeavyRain
19.3,70.0,46.6,29.5,1004.05,HeavyRain
23.0,47.0,0.0,6.1,1010.0,Normal
14.2,63.0,0.0,30.2,1011.0,Storm
12.4,75.5,34.2,26.0,999.25,HeavyRain
9.2,74.5,30.2,42.5,1004.2,HeavyRain
26.4,74.0,0.05,32.0,1012.0,Storm
41.0,12.0,0.0,11.2,999.0,Heatwave
20.65,84.5,21.6,40.0,1015.4,HeavyRain
41.3,17.0,0.0,33.1,1003.0,Storm
30.1,70.0,0.0,19.8,1009.0,Normal
28.2,81.0,0.0,31.3,1009.0,Storm
19.1,78.0,51.4,27.5,1014.25,HeavyRain
41.3,36.0,0.0,42.1,996.0,Storm
28.1,51.0,0.0,11.2,1012.0,Normal
23.3,86.5,25.4,6.5,1013.6,HeavyRain
3.0,87.0,0.0,36.0,986.0,Storm
27.5,78.5,21.4,16.0,1009.4,HeavyRain
24.0,54.0,0.0,3.6,1026.0,Normal
32.3,56.0,1.0,5.8,1010.0,Normal
43.2,9.0,0.0,38.5,996.0,Storm
15.4,94.0,0.06,34.6,1008.0,Storm
22.55,83.5,45.8,23.0,1022.55,HeavyRain
21.3,80.5,62.2,15.0,1013.35,HeavyRain
25.8,84.5,55.8,11.0,1008.45,HeavyRain
17.5,94.0,34.2,13.0,1020.45,HeavyRain
21.1,49.0,0.0,10.1,1028.0,Normal
9.7,77.0,29.3,21.0,1015.15,HeavyRain
45.6,7.0,0.0,24.1,996.0,Heatwave
21.6,68.0,0.0,6.8,1010.0,Normal
31.2,59.0,0.0,32.8,1006.0,Storm
34.2,47.0,0.0,32.4,1005.0,Storm
23.6,64.0,0.03,10.8,1015.0,Normal
29.7,27.0,0.0,33.1,1012.0,Storm
14.65,84.5,24.8,10.0,1035.4,HeavyRain
7.4,93.0,0.26,44.6,999.0,Storm
21.3,86.0,139.0,18.5,1003.2,HeavyRain
26.3,30.0,0.0,8.3,1024.0,Normal
39.4,20.0,0.0,35.3,997.0,Storm
32.1,80.0,0.0,38.2,1002.0,Storm
30.2,35.0,0.0,6.8,1013.0,Normal
22.3,47.0,0.0,8.6,1022.0,Normal
28.7,83.0,0.29,37.4,1009.0,Storm
27.6,80.0,1.15,36.0,1011.0,Storm
15.85,87.0,32.6,12.0,1029.35,HeavyRain
-15.9,89.0,0.04,36.7,1012.0,Storm
14.2,94.0,0.0,32.4,1012.0,Storm
32.1,59.0,0.13,8.3,1008.0,Normal
40.2,12.0,0.0,11.2,1001.0,Heatwave
17.75,99.0,55.8,9.0,1019.65,HeavyRain
28.4,78.5,20.0,10.0,1008.6,HeavyRain
15.3,82.0,0.01,53.6,1002.0,Storm
26.4,89.0,0.06,32.8,1009.0,Storm
38.2,51.0,0.0,34.9,998.0,Storm
22.1,34.0,0.0,39.6,1010.0,Storm
28.4,58.0,0.0,19.4,1011.0,Normal
21.450000000000003,72.5,25.4,14.5,1012.2,HeavyRain
15.1,80.0,41.8,17.0,1014.7,HeavyRain
30.1,49.0,0.0,3.6,1015.0,Normal
16.3,82.0,0.04,59.0,1012.0,Storm
13.8,75.0,29.4,24.0,1001.05,HeavyRain
24.0,44.0,0.0,29.9,1017.0,Normal
18.450000000000003,88.0,38.0,19.5,1022.9,HeavyRain
17.6,62.5,22.6,17.0,1014.25,HeavyRain
30.2,49.0,0.0,33.1,1011.0,Storm
28.3,79.0,0.04,31.0,1010.0,Storm
41.8,19.0,0.0,16.2,998.0,Heatwave
27.5,81.5,41.4,30.5,1002.5,HeavyRain
24.0,36.0,0.0,33.8,1013.0,Normal
26.1,43.0,0.0,14.0,1014.0,Normal
28.9,73.0,0.0,32.0,1012.0,Storm
40.2,10.0,0.0,17.6,1007.0,Heatwave
21.6,65.0,0.2,11.5,1012.0,Normal
40.1,25.0,0.0,3.6,999.0,Heatwave
30.4,66.0,0.01,22.0,1009.0,Normal
15.2,94.0,1.3,37.1,1011.0,Storm
28.4,79.0,0.0,32.4,1011.0,Storm
10.2,82.0,0.18,55.4,1009.0,Storm
16.5,90.5,71.0,24.5,1027.0500000000002,HeavyRain
15.5,86.0,27.8,6.5,1018.1,HeavyRain
28.75,98.0,117.6,15.0,1004.75,HeavyRain
20.1,68.0,0.0,12.2,1017.0,Normal
28.2,89.0,0.45,35.6,1006.0,Storm
43.0,9.0,0.0,11.9,995.0,Heatwave
8.1,78.0,24.6,24.0,1019.7,HeavyRain
27.3,94.0,0.02,32.8,1011.0,Storm
15.1,63.0,0.0,38.2,1007.0,Storm
12.3,71.0,0.0,36.7,1012.0,Storm
25.2,24.0,0.0,30.6,1009.0,Storm
31.2,33.0,0.0,3.6,1019.0,Normal
28.3,66.0,0.0,11.2,1016.0,Normal
24.8,50.0,0.0,21.6,1013.0,Normal
27.1,74.0,0.0,31.3,1010.0,Storm
33.2,41.0,0.0,15.8,1008.0,Normal
31.0,66.0,0.0,31.0,1012.0,Storm
18.45,84.5,59.6,19.5,1008.35,HeavyRain
24.2,36.0,0.0,16.2,1024.0,Normal
11.3,87.0,20.2,10.0,1014.75,HeavyRain
33.1,59.0,0.27,3.6,1007.0,Normal
47.3,10.0,0.0,3.6,1001.0,Heatwave
19.75,93.5,26.2,33.0,1014.6,HeavyRain
21.4,60.0,0.0,27.7,1013.0,Normal
23.35,69.5,65.2,8.5,1006.75,HeavyRain
20.5,94.5,50.6,20.5,1016.25,HeavyRain
26.3,58.0,0.0,16.6,1014.0,Normal
10.75,69.5,48.4,28.0,1010.8,HeavyRain
23.2,61.0,0.0,16.6,1011.0,Normal
19.25,91.0,111.0,21.5,1012.5,HeavyRain
4.3,100.0,0.08,33.5,1006.0,Storm
31.3,33.0,0.0,10.8,1006.0,Normal
23.950000000000003,56.0,20.4,9.0,1000.35,HeavyRain
29.7,41.0,0.2,10.4,1014.0,Normal
28.1,58.0,0.0,10.1,1015.0,Normal
27.85,73.5,24.4,14.5,1011.5,HeavyRain
14.85,78.5,30.6,16.5,1014.85,HeavyRain
26.8,90.5,20.8,20.5,999.75,HeavyRain
12.1,62.0,0.0,31.0,1012.0,Storm
14.2,88.0,3.01,57.2,1006.0,Storm
15.85,70.0,29.6,13.0,1021.7,HeavyRain
23.3,63.0,0.02,5.8,1008.0,Normal
28.4,70.0,0.0,13.7,1015.0,Normal
26.3,74.5,61.2,11.0,999.5,HeavyRain
42.3,10.0,0.0,19.4,1004.0,Heatwave
28.2,83.0,0.05,30.2,1011.0,Storm
12.1,94.0,24.6,16.0,1010.65,HeavyRain
44.0,11.0,0.0,22.0,999.0,Heatwave
22.1,35.0,0.0,3.6,1025.0,Normal
12.0,63.5,22.4,18.0,1019.1,HeavyRain
25.1,54.0,0.0,11.5,1018.0,Normal
25.3,69.0,0.0,28.1,1014.0,Normal
19.05,99.5,20.6,33.5,1016.05,HeavyRain
31.2,32.0,0.0,31.3,1008.0,Storm
44.3,10.0,0.0,22.3,1002.0,Heatwave
20.1,94.0,0.0,32.0,1011.0,Storm
31.1,63.0,0.0,21.2,1014.0,Normal
27.0,39.0,0.0,11.2,1019.0,Normal
31.2,63.0,0.0,15.8,1010.0,Normal
25.75,85.0,59.6,11.0,1005.95,HeavyRain
34.4,23.0,0.0,30.2,1009.0,Storm
42.7,21.0,0.0,29.2,995.0,Heatwave
24.2,61.0,0.0,7.2,1022.0,Normal
22.1,87.5,21.8,11.0,1012.0,HeavyRain
24.3,78.0,0.01,43.6,1007.0,Storm
13.6,71.0,21.0,22.5,1014.4,HeavyRain
16.3,72.0,0.0,36.7,996.0,Storm
18.35,72.5,28.2,19.5,1022.4,HeavyRain
25.8,69.0,0.0,32.0,1011.0,Normal
25.8,37.0,0.0,4.0,1015.0,Normal
45.1,7.0,0.0,16.9,1005.0,Heatwave
20.65,77.0,57.6,13.0,1009.7,HeavyRain
15.1,94.0,0.98,36.4,1009.0,Storm
14.1,67.0,0.27,34.9,1006.0,Storm
31.7,51.0,0.16,12.2,1011.0,Normal
40.1,26.0,0.0,13.7,1000.0,Heatwave
18.950000000000003,65.5,31.2,12.0,1015.75,HeavyRain
-0.6,80.0,0.04,31.3,1008.0,Storm
26.2,89.0,0.14,31.3,1011.0,Storm
39.3,11.0,0.0,33.1,1004.0,Storm
20.05,80.5,40.4,51.0,1019.3,HeavyRain
42.0,18.0,0.0,39.6,995.0,Storm
30.1,43.0,0.0,31.7,1006.0,Storm
23.5,45.0,0.0,3.6,1015.0,Normal
27.7,81.0,0.3,31.7,1011.0,Storm
31.4,66.0,0.0,3.6,1012.0,Normal
9.0,76.0,0.0,32.4,1011.0,Storm
11.2,87.0,24.0,10.0,1026.85,HeavyRain
47.5,5.0,0.0,24.1,992.0,Heatwave
26.2,43.0,0.0,35.6,1012.0,Storm
43.3,5.0,0.0,24.1,1002.0,Heatwave
41.6,11.0,0.0,17.3,1005.0,Heatwave
27.3,84.0,0.3,36.7,1011.0,Storm
27.3,62.0,0.0,9.4,1018.0,Normal
12.95,74.0,21.4,27.0,1006.5,HeavyRain
28.0,79.0,0.21,37.1,1012.0,Storm
27.25,70.0,25.8,17.5,1010.0,HeavyRain
42.9,9.0,0.0,32.4,1001.0,Heatwave
24.5,94.5,22.2,10.0,1011.2,HeavyRain
40.3,28.0,0.0,28.8,1003.0,Heatwave
27.5,69.0,0.0,3.6,1010.0,Normal
14.15,68.5,31.6,15.0,1031.5,HeavyRain
18.75,95.5,52.0,16.5,1018.8,HeavyRain
19.2,96.0,26.8,8.0,1015.55,HeavyRain
29.9,18.0,0.0,32.8,997.0,Storm
22.0,61.0,0.0,4.0,1006.0,Normal
10.3,82.0,4.61,57.6,998.0,Storm
28.05,75.5,77.8,24.0,998.3,HeavyRain
10.7,82.0,0.13,56.5,993.0,Storm
31.7,6.0,0.0,34.9,1009.0,Storm
29.3,70.0,0.0,34.2,1011.0,Normal
10.55,65.5,34.0,9.5,1020.05,HeavyRain
16.25,59.0,36.2,11.0,1012.5,HeavyRain
28.4,42.0,0.0,9.0,1017.0,Normal
25.0,41.0,0.0,15.1,1025.0,Normal
18.5,45.0,0.0,33.5,1011.0,Storm
12.1,77.0,1.42,36.0,978.0,Storm
27.3,77.5,84.6,22.5,1011.25,HeavyRain
26.8,57.0,41.8,9.0,1010.25,HeavyRain
25.2,47.0,0.0,6.1,1023.0,Normal
17.1,72.0,0.0,37.8,1010.0,Storm
24.1,47.0,0.0,12.6,1011.0,Normal
26.4,91.5,79.4,17.0,1005.1,HeavyRain
18.5,66.5,24.6,12.0,1009.9,HeavyRain
28.6,52.0,0.0,34.9,1012.0,Storm
14.05,92.0,49.2,15.0,1021.8,HeavyRain
25.3,85.0,46.2,10.0,1008.35,HeavyRain
15.05,93.0,47.0,14.5,1018.35,HeavyRain
41.0,19.0,0.0,8.3,999.0,Heatwave
8.1,93.0,0.0,37.1,1009.0,Storm
28.1,84.0,0.04,30.6,1007.0,Storm
23.3,47.0,0.0,10.8,1016.0,Normal
29.1,43.0,0.0,3.6,1014.0,Normal
17.6,56.5,21.0,37.0,1023.1,HeavyRain
26.1,45.0,0.0,17.3,1012.0,Normal
23.9,64.0,0.01,4.3,1015.0,Normal
19.35,70.5,40.0,24.0,1016.85,HeavyRain
24.2,50.0,0.0,5.8,1017.0,Normal
27.3,45.0,0.0,32.4,1011.0,Storm
27.4,89.0,0.87,33.1,1007.0,Storm
18.9,97.5,74.0,19.5,1012.4,HeavyRain
14.15,54.5,29.4,26.0,1013.5,HeavyRain
40.0,25.0,0.0,6.8,1008.0,Heatwave
18.4,73.0,0.0,38.9,1008.0,Storm
27.7,80.0,0.2,37.4,1011.0,Storm
44.3,21.0,0.0,20.2,1002.0,Heatwave
31.1,59.0,0.0,30.6,1011.0,Storm
31.6,36.0,0.0,11.5,1010.0,Normal
17.65,94.0,61.8,11.0,1016.25,HeavyRain
22.200000000000003,95.0,54.0,4.0,1011.05,HeavyRain
27.1,80.0,1.04,43.2,1009.0,Storm
17.1,100.0,0.0,42.1,1001.0,Storm
28.2,74.0,0.0,32.8,1009.0,Storm
17.1,88.0,27.2,21.0,1019.1,HeavyRain
26.4,87.0,47.4,16.0,1000.8,HeavyRain
10.9,70.5,30.4,5.5,1014.8,HeavyRain
26.95,81.0,44.8,13.0,1002.2,HeavyRain
25.0,51.0,0.41,3.6,1022.0,Normal
25.0,89.0,0.0,31.0,1010.0,Storm
21.3,64.0,0.0,9.0,1015.0,Normal
27.0,48.0,0.0,41.0,1012.0,Storm
27.4,72.0,27.2,20.5,1007.05,HeavyRain
12.75,76.5,20.2,8.0,1012.65,HeavyRain
22.1,93.5,206.2,17.5,1016.25,HeavyRain
23.2,82.0,28.4,32.0,1009.8,HeavyRain
23.4,81.5,61.4,10.0,1013.7,HeavyRain
24.9,33.0,0.0,14.0,1016.0,Normal
22.0,53.0,0.02,11.2,1010.0,Normal
29.0,69.0,0.0,31.0,1011.0,Storm
24.4,54.0,0.0,49.3,1003.0,Storm
16.9,93.0,36.2,38.0,1016.8,HeavyRain
41.5,21.0,0.0,5.4,1006.0,Heatwave
20.2,64.0,0.0,16.9,1014.0,Normal
28.8,31.0,0.0,10.8,1010.0,Normal
26.05,86.5,42.4,9.0,1010.0,HeavyRain
8.0,93.0,0.9,37.4,998.0,Storm
21.3,49.0,0.0,12.2,1023.0,Normal
16.6,83.5,30.4,13.0,1011.4,HeavyRain
41.2,14.0,0.0,16.9,1005.0,Heatwave
20.4,88.0,0.0,31.7,1012.0,Storm
20.4,73.0,0.1,30.2,1009.0,Storm
23.2,50.0,0.0,16.9,1019.0,Normal
46.7,6.0,0.0,27.4,1002.0,Heatwave
19.0,94.5,27.6,16.5,1010.3,HeavyRain
20.2,64.0,0.0,8.3,1013.0,Normal
40.0,14.0,0.0,11.2,1006.0,Heatwave
28.4,40.0,0.0,7.6,1020.0,Normal
15.0,76.5,21.4,11.0,1015.85,HeavyRain
29.6,45.0,0.0,8.6,1013.0,Normal
28.1,58.0,0.0,13.0,1015.0,Normal
31.1,41.0,0.0,5.0,1014.0,Normal
29.0,58.0,0.0,13.0,1010.0,Normal
28.2,74.0,0.37,32.0,1004.0,Storm
16.25,57.5,20.2,18.5,1000.6,HeavyRain
25.3,54.0,0.0,5.8,1021.0,Normal
20.15,96.0,52.4,14.0,1001.6,HeavyRain
41.1,25.0,0.0,16.9,1000.0,Heatwave
15.4,76.0,33.6,26.0,1009.5,HeavyRain
44.4,16.0,0.0,37.8,993.0,Storm
13.05,97.0,33.4,29.5,1019.75,HeavyRain
12.95,74.0,20.6,16.5,993.4,HeavyRain
25.2,36.0,0.0,6.8,1018.0,Normal
27.3,89.0,6.86,35.6,1004.0,Storm
13.2,82.0,0.17,40.3,993.0,Storm
24.4,50.0,0.0,15.1,1012.0,Normal
30.0,46.0,0.0,3.6,1016.0,Normal
27.5,46.0,0.0,8.6,1016.0,Normal
22.85,90.5,32.0,30.0,1019.0,HeavyRain
25.200000000000003,77.0,36.0,16.5,1011.3,HeavyRain
14.35,86.0,47.2,20.5,1023.55,HeavyRain
26.4,74.0,0.0,30.2,1012.0,Storm
21.1,42.0,0.0,38.2,1018.0,Normal
26.85,73.5,37.4,27.5,1011.0,HeavyRain
36.0,17.0,0.0,31.3,1008.0,Storm
26.45,70.0,42.6,17.0,1014.3,HeavyRain
42.0,24.0,0.0,16.9,999.0,Heatwave
26.25,59.0,21.6,10.5,1016.55,HeavyRain
24.2,61.0,0.0,3.6,1021.0,Normal
9.95,75.5,37.0,20.0,1010.95,HeavyRain
15.3,77.5,38.8,16.0,1031.0500000000002,HeavyRain
34.2,53.0,0.0,21.2,1008.0,Normal
27.4,79.0,0.89,33.5,1008.0,Storm
31.0,43.0,0.0,16.9,1013.0,Normal
16.75,91.0,39.6,29.5,1017.25,HeavyRain
28.4,84.0,0.0,35.3,1006.0,Storm
42.5,7.0,0.0,7.2,1003.0,Heatwave
21.2,53.0,0.0,14.8,1024.0,Normal
16.45,58.5,50.8,10.0,999.45,HeavyRain
30.1,49.0,0.0,31.7,1009.0,Storm
29.0,62.0,0.12,20.9,1013.0,Normal
41.0,15.0,0.0,29.2,1003.0,Heatwave
27.5,78.0,0.04,31.7,1012.0,Storm
19.450000000000003,82.5,84.6,20.5,1004.1,HeavyRain
40.1,13.0,0.0,20.2,1005.0,Heatwave
44.4,10.0,0.0,18.4,999.0,Heatwave
27.3,94.0,0.78,32.8,1009.0,Storm
16.25,78.0,27.4,14.5,1031.35,HeavyRain
22.2,31.0,0.0,30.6,1013.0,Normal
42.0,14.0,0.0,13.0,1001.0,Heatwave
28.2,37.0,0.0,16.9,1016.0,Normal
14.6,96.0,1.71,45.4,999.0,Storm
27.25,74.0,29.8,15.0,1008.9,HeavyRain
41.4,15.0,0.0,34.2,998.0,Storm
9.0,66.0,0.0,35.6,1001.0,Storm
44.7,8.0,0.0,24.8,999.0,Heatwave
21.2,64.0,0.0,6.1,1032.0,Normal
27.4,66.0,0.0,25.9,1013.0,Normal
27.0,82.0,0.09,32.8,1008.0,Storm
32.1,59.0,0.1,18.0,1007.0,Normal
20.0,68.0,0.0,12.2,1019.0,Normal
21.2,73.5,26.6,28.5,1020.95,HeavyRain
23.2,35.5,42.0,29.5,1008.2,HeavyRain
23.6,54.0,0.0,11.2,1017.0,Normal
24.2,61.0,0.0,23.4,1015.0,Normal
12.2,94.0,0.01,30.2,1009.0,Storm
26.3,68.0,48.4,30.5,1007.4,HeavyRain
19.4,78.5,37.4,28.5,1013.9,HeavyRain
45.6,6.0,0.0,3.6,994.0,Heatwave
32.1,30.0,0.0,21.6,1013.0,Normal
19.2,56.5,50.6,19.5,1024.85,HeavyRain
28.0,66.0,0.61,3.6,1016.0,Normal
32.1,63.0,1.13,3.6,1005.0,Normal
29.3,45.0,0.0,16.9,1017.0,Normal
6.0,93.0,0.05,35.3,988.0,Storm
45.2,11.0,0.0,13.0,998.0,Heatwave
44.4,18.0,0.0,34.2,996.0,Heatwave
23.05,94.0,57.8,22.5,1007.65,HeavyRain
11.45,96.5,20.6,14.5,1016.6,HeavyRain
29.1,70.0,0.15,30.6,1012.0,Storm
6.3,70.0,0.0,54.4,978.0,Storm
21.3,44.0,0.0,8.3,1015.0,Normal
40.3,18.0,0.0,24.1,1000.0,Heatwave
25.55,79.5,20.4,5.5,1010.0,HeavyRain
28.2,84.0,1.27,30.2,1008.0,Storm
26.7,60.0,0.0,19.1,1014.0,Normal
15.95,96.5,23.6,43.5,1020.1,HeavyRain
20.9,90.5,32.6,25.0,1016.15,HeavyRain
29.1,54.0,0.0,9.4,1011.0,Normal
24.3,94.0,0.11,34.6,1011.0,Storm
30.4,49.0,0.0,4.0,1014.0,Normal
25.2,79.0,0.02,37.1,1011.0,Storm
24.1,61.0,0.0,13.7,1023.0,Normal
28.2,84.0,0.14,33.1,1011.0,Storm
19.3,73.0,0.0,34.9,1012.0,Storm
44.0,9.0,0.0,31.0,995.0,Heatwave
28.3,60.0,0.0,31.0,1012.0,Storm
12.95,75.0,26.2,44.5,1018.05,HeavyRain
26.8,73.0,0.0,33.8,1012.0,Storm
19.25,89.0,36.6,19.5,1012.55,HeavyRain
19.05,70.5,23.2,24.0,1008.0,HeavyRain
28.0,42.0,0.0,11.2,1021.0,Normal
20.1,64.0,0.0,18.7,1026.0,Normal
31.4,63.0,0.0,32.0,1012.0,Storm
12.1,77.0,0.0,32.4,999.0,Storm
10.0,87.0,0.05,35.3,991.0,Storm
41.0,15.0,0.0,11.2,1000.0,Heatwave
40.2,15.0,0.0,10.1,1004.0,Heatwave
29.0,45.0,0.0,3.6,1010.0,Normal
18.1,92.0,34.2,29.5,1016.6,HeavyRain
26.45,92.5,95.8,24.0,1004.3,HeavyRain
23.1,65.0,0.0,10.8,1016.0,Normal
13.15,75.5,22.0,33.0,1012.7,HeavyRain
25.4,94.0,0.83,41.0,1011.0,Storm
15.25,87.5,61.0,16.0,1023.8,HeavyRain
14.7,77.0,20.0,28.5,1014.6,HeavyRain
25.1,94.0,0.02,30.6,1009.0,Storm
14.75,65.0,22.2,19.5,1014.95,HeavyRain
17.75,99.5,23.2,16.0,1024.05,HeavyRain
25.0,85.5,26.2,14.0,1009.25,HeavyRain
25.2,39.0,0.0,6.8,1016.0,Normal
27.9,79.0,0.02,33.8,1011.0,Storm
26.1,43.0,0.0,17.3,1013.0,Normal
29.1,15.0,0.0,31.0,1012.0,Storm
14.95,55.0,69.4,27.0,998.3,HeavyRain
9.3,76.0,0.04,36.0,1010.0,Storm
29.2,70.0,0.01,30.6,1011.0,Storm
20.55,91.0,34.0,37.0,1010.2,HeavyRain
42.3,5.0,0.0,19.1,1007.0,Heatwave
41.3,30.0,0.0,15.8,1003.0,Heatwave
42.3,4.0,0.0,12.6,1006.0,Heatwave
11.05,87.5,40.6,13.0,1001.1,HeavyRain
28.1,74.0,0.0,35.6,1011.0,Storm
8.0,79.0,33.0,14.0,1008.1,HeavyRain
26.3,42.0,0.02,25.2,1015.0,Normal
27.9,88.5,32.6,6.0,1008.35,HeavyRain
14.1,82.0,0.29,35.3,1000.0,Storm
26.3,42.0,0.0,6.5,1013.0,Normal
24.1,33.0,0.0,33.8,1011.0,Storm
27.35,74.5,25.4,15.0,1008.8,HeavyRain
28.2,66.0,0.97,56.5,1006.0,Storm
40.3,19.0,0.0,32.0,1004.0,Heatwave
9.1,90.5,30.8,17.0,1010.45,HeavyRain
11.25,68.0,23.8,35.0,1008.6,HeavyRain
45.3,4.0,0.0,31.0,1003.0,Heatwave
15.3,72.0,0.34,37.1,995.0,Storm
18.7,74.5,23.0,26.0,1015.25,HeavyRain
40.1,25.0,0.0,6.5,1003.0,Heatwave
13.0,91.5,20.0,11.0,1016.0,HeavyRain
14.95,58.0,21.8,17.5,1011.75,HeavyRain
1.3,59.0,0.18,36.7,999.0,Storm
26.95,86.5,109.8,21.5,1000.95,HeavyRain
27.6,78.0,64.2,36.0,999.8,HeavyRain
34.9,39.0,0.0,8.6,1009.0,Normal
33.3,53.0,0.0,13.0,1011.0,Normal
13.1,88.0,2.29,42.5,998.0,Storm
41.9,17.0,0.0,20.5,1000.0,Heatwave
24.35,72.0,43.8,6.0,1013.4,HeavyRain
17.4,83.0,0.69,46.1,1003.0,Storm
10.3,87.0,0.15,59.0,996.0,Storm
16.0,93.5,43.6,19.5,1018.55,HeavyRain
26.4,38.0,0.0,5.4,1007.0,Normal
27.1,89.0,0.58,31.0,1005.0,Storm
24.2,54.0,0.0,17.3,1017.0,Normal
28.3,48.0,0.0,19.1,1016.0,Normal
41.0,13.0,0.0,6.1,1007.0,Heatwave
7.050000000000001,64.5,20.0,26.0,1009.7,HeavyRain
28.3,84.0,0.01,31.7,1006.0,Storm
13.05,88.0,29.6,17.5,1013.6,HeavyRain
14.8,93.0,42.0,6.5,1010.0,HeavyRain
29.4,70.0,0.0,36.7,1011.0,Storm
33.3,41.0,0.0,29.9,1010.0,Normal
14.5,84.0,86.4,26.5,1026.65,HeavyRain
33.5,63.0,0.0,35.3,999.0,Storm
26.1,30.0,0.0,15.5,1011.0,Normal
28.1,69.0,0.05,11.2,1010.0,Normal
31.7,67.0,0.37,8.3,1001.0,Normal
40.7,10.0,0.0,32.8,1004.0,Storm
12.0,77.0,0.74,38.5,991.0,Storm
46.9,6.0,0.0,12.6,993.0,Heatwave
12.3,74.0,50.8,28.5,993.75,HeavyRain
16.85,51.5,27.4,28.0,1012.7,HeavyRain
22.700000000000003,81.0,20.2,14.0,1003.3,HeavyRain
28.2,70.0,0.0,40.0,1010.0,Storm
43.4,11.0,0.0,3.6,1008.0,Heatwave
43.3,25.0,0.0,31.7,995.0,Heatwave
27.7,62.0,0.01,11.9,1012.0,Normal
26.2,97.0,29.0,15.5,999.3,HeavyRain
40.1,19.0,0.0,14.8,1001.0,Heatwave
42.8,20.0,0.0,20.2,995.0,Heatwave
28.5,68.0,0.0,16.2,1012.0,Normal
27.3,37.0,0.0,8.3,1019.0,Normal
13.95,65.5,22.4,18.0,1025.4,HeavyRain
22.05,87.0,29.4,27.5,1023.05,HeavyRain
40.2,8.0,0.0,17.6,1007.0,Heatwave
40.1,28.0,0.0,18.7,1004.0,Heatwave
22.4,53.0,0.0,45.4,1012.0,Storm
30.3,75.0,0.0,32.8,1009.0,Storm
18.45,81.5,29.8,27.0,1024.45,HeavyRain
26.450000000000003,95.0,39.6,16.0,1006.45,HeavyRain
25.4,55.0,0.0,9.7,1010.0,Normal
15.8,72.5,23.8,8.0,1002.1,HeavyRain
16.7,95.0,31.4,18.5,1007.5,HeavyRain
22.9,32.0,0.0,3.6,1012.0,Normal
16.0,72.0,0.0,40.7,994.0,Storm
8.3,93.0,0.38,30.2,1001.0,Storm
43.2,14.0,0.0,19.8,1000.0,Heatwave
27.2,79.0,0.0,33.5,1012.0,Storm
12.6,94.0,91.0,32.5,1018.15,HeavyRain
33.1,36.0,0.0,3.6,1018.0,Normal
31.3,63.0,2.11,13.0,1009.0,Normal
42.1,15.0,0.0,16.9,1003.0,Heatwave
9.3,37.0,0.0,39.6,1012.0,Storm
25.3,54.0,0.0,16.2,1024.0,Normal
27.1,74.0,0.3,35.3,1012.0,Storm
15.85,93.5,90.6,11.0,1025.65,HeavyRain
13.15,78.0,23.0,20.5,1016.0,HeavyRain
25.6,80.5,63.2,12.0,1009.35,HeavyRain
15.3,81.0,56.0,15.0,1021.35,HeavyRain
27.1,79.0,0.0,31.7,1011.0,Storm
19.75,69.0,27.6,11.0,1007.85,HeavyRain
34.1,30.0,0.0,6.8,1007.0,Normal
43.5,8.0,0.0,25.9,996.0,Heatwave
27.0,79.0,0.03,43.9,1004.0,Storm
31.1,59.0,0.08,3.6,1016.0,Normal
40.7,9.0,0.0,9.7,1005.0,Heatwave
16.3,63.0,0.02,42.8,1006.0,Storm
28.6,78.0,0.08,36.7,1012.0,Storm
7.3,81.0,0.33,37.1,1001.0,Storm
25.25,93.0,83.8,14.0,1007.55,HeavyRain
29.0,94.0,0.07,32.8,1005.0,Storm
15.9,73.5,22.2,21.5,1003.0,HeavyRain
34.4,39.0,0.0,3.6,1010.0,Normal
21.9,60.5,28.6,19.5,1021.8,HeavyRain
2.1,93.0,0.47,44.3,989.0,Storm
16.9,81.0,46.6,25.0,1002.25,HeavyRain
18.6,93.0,114.4,14.0,1007.35,HeavyRain
23.3,47.0,0.18,30.6,1000.0,Storm
43.0,6.0,0.0,16.9,1009.0,Heatwave
20.0,60.0,0.0,3.6,1017.0,Normal
14.5,89.0,42.6,11.0,1029.4499999999998,HeavyRain
40.4,26.0,0.18,14.4,999.0,Heatwave
10.55,68.5,21.4,25.0,1007.25,HeavyRain
40.1,7.0,0.0,13.3,1004.0,Heatwave
16.45,76.0,49.6,33.0,1019.95,HeavyRain
27.1,71.0,0.06,36.7,997.0,Storm
27.2,84.0,0.02,34.9,1012.0,Storm
43.1,22.0,0.0,14.0,1001.0,Heatwave
46.1,7.0,0.0,16.9,997.0,Heatwave
20.2,53.0,0.0,6.1,1025.0,Normal
10.0,87.0,0.44,37.4,1010.0,Storm
34.2,12.0,0.0,33.8,998.0,Storm
23.3,55.0,0.0,3.6,1015.0,Normal
35.0,43.0,0.0,32.8,1006.0,Storm
34.3,41.0,0.0,41.0,1009.0,Storm
22.6,34.0,0.0,21.6,1014.0,Normal
9.8,73.0,26.6,47.0,1008.85,HeavyRain
16.5,66.5,21.4,30.5,1011.25,HeavyRain
27.0,76.0,121.4,10.0,1009.25,HeavyRain
21.1,78.0,0.01,38.2,1012.0,Storm
15.95,79.0,24.0,17.5,1020.4,HeavyRain
10.1,87.0,0.92,43.9,1012.0,Storm
14.1,59.5,42.0,36.0,1024.65,HeavyRain
32.9,65.0,0.0,10.8,994.0,Normal
15.65,93.5,69.6,19.5,1012.65,HeavyRain
28.0,83.0,55.8,22.5,1008.65,HeavyRain
25.6,50.0,0.01,13.7,1009.0,Normal
27.45,88.0,28.2,29.5,1006.65,HeavyRain
41.1,21.0,0.0,15.1,1009.0,Heatwave
24.2,65.0,0.0,3.6,1015.0,Normal
24.15,91.5,21.4,23.0,1006.15,HeavyRain
30.5,52.0,0.0,34.9,1008.0,Storm
24.200000000000003,83.0,111.8,13.0,1003.15,HeavyRain
19.65,94.5,33.0,16.5,1012.9,HeavyRain
24.1,31.0,0.0,24.1,1007.0,Normal
42.0,17.0,0.0,3.6,1008.0,Heatwave
21.2,64.0,0.0,20.5,1026.0,Normal
28.5,84.0,1.35,45.0,1007.0,Storm
23.2,50.0,0.0,4.3,1028.0,Normal
33.1,56.0,0.0,17.3,1007.0,Normal
28.4,51.0,0.0,6.1,1017.0,Normal
28.0,42.0,0.0,5.4,1013.0,Normal
29.0,70.0,0.0,19.1,1008.0,Normal
26.0,54.0,0.0,5.8,1018.0,Normal
30.3,62.0,0.0,3.6,1013.0,Normal
14.75,58.5,20.0,24.0,1011.2,HeavyRain
29.2,70.0,0.01,16.2,1014.0,Normal
10.3,82.0,30.8,25.0,1010.3,HeavyRain
43.1,8.0,0.0,23.0,999.0,Heatwave
24.75,97.5,141.2,25.0,1004.2,HeavyRain
18.8,67.5,40.8,28.0,1020.75,HeavyRain
29.2,79.0,2.07,34.2,1004.0,Storm
27.2,70.0,0.46,8.6,1015.0,Normal
17.05,81.0,24.0,15.5,1014.5,HeavyRain
27.1,84.0,0.39,33.1,995.0,Storm
23.2,38.0,0.0,25.2,1017.0,Normal
20.8,57.0,0.23,10.4,1018.0,Normal
27.3,51.0,0.02,12.2,998.0,Normal
30.4,59.0,0.0,5.0,1011.0,Normal
27.700000000000003,86.0,83.4,6.5,1006.2,HeavyRain
27.4,61.0,0.0,16.6,1016.0,Normal
23.8,42.0,0.0,4.7,1008.0,Normal
33.1,34.0,0.0,16.9,1019.0,Normal
25.0,94.0,0.66,32.0,1009.0,Storm
26.9,65.0,74.2,10.5,1007.35,HeavyRain
28.3,55.0,0.0,29.9,1003.0,Normal
26.4,84.0,38.2,14.0,1007.0,HeavyRain
29.0,54.0,0.0,7.6,1009.0,Normal
28.6,62.0,0.03,10.1,1008.0,Normal
21.4,84.5,21.0,19.5,1016.95,HeavyRain
22.75,87.0,37.8,11.5,1016.45,HeavyRain
28.2,62.0,0.0,25.6,1019.0,Normal
9.9,52.0,20.6,25.0,1023.2,HeavyRain
8.0,57.0,0.01,56.9,1003.0,Storm
18.8,79.0,29.4,12.0,1010.05,HeavyRain
11.45,64.5,25.0,25.0,1002.1,HeavyRain
13.2,88.0,0.74,37.1,1006.0,Storm
34.5,39.0,0.22,27.7,1007.0,Normal
18.2,95.0,37.4,12.0,1022.75,HeavyRain
35.0,39.0,0.0,19.1,1005.0,Normal
20.3,83.0,0.08,36.0,1002.0,Storm
47.1,8.0,0.0,11.2,1002.0,Heatwave
24.2,57.0,0.0,15.1,1019.0,Normal
28.2,42.0,0.0,6.8,1018.0,Normal
10.7,89.0,24.6,21.5,1012.55,HeavyRain
29.2,70.0,0.0,34.2,1012.0,Storm
23.3,61.0,35.2,9.5,1008.85,HeavyRain
37.1,54.0,0.0,33.1,998.0,Storm
21.0,64.0,0.0,17.6,1018.0,Normal
21.1,46.0,0.0,6.8,1024.0,Normal
24.450000000000003,89.5,21.2,43.5,1016.2,HeavyRain
30.1,59.0,6.13,18.0,1007.0,Normal
26.950000000000003,92.0,21.8,13.0,1005.0,HeavyRain
19.2,32.0,0.0,40.7,1008.0,Storm
35.0,39.0,0.0,13.0,1016.0,Normal
42.6,15.0,0.0,18.0,1004.0,Heatwave
15.2,60.0,0.0,39.2,1006.0,Storm
32.8,34.0,0.0,6.8,1005.0,Normal
24.6,60.0,0.0,24.1,1014.0,Normal
22.1,47.0,0.52,9.7,1006.0,Normal
26.6,56.0,0.0,7.6,1007.0,Normal
15.3,88.0,0.09,40.3,1011.0,Storm
4.4,93.0,0.26,56.5,977.0,Storm
42.3,25.0,0.0,18.7,1000.0,Heatwave
19.5,97.0,20.6,7.0,1009.0,HeavyRain
11.45,81.0,27.4,25.5,1011.9,HeavyRain
24.1,78.0,27.2,14.0,1014.25,HeavyRain
20.45,73.5,21.0,16.5,1012.3,HeavyRain
16.65,88.0,23.8,15.0,1020.2,HeavyRain
22.8,38.0,0.0,3.6,1028.0,Normal
21.8,34.0,0.0,12.6,1013.0,Normal
28.7,73.0,0.0,38.2,1011.0,Storm
43.1,17.0,0.0,10.1,1001.0,Heatwave
17.3,83.0,0.13,38.5,1005.0,Storm
27.3,58.0,0.0,16.9,1012.0,Normal
12.15,94.0,35.2,13.5,998.25,HeavyRain
29.3,45.0,0.0,9.7,1013.0,Normal
23.3,31.0,0.0,18.7,1026.0,Normal
22.45,79.0,46.0,15.0,1012.75,HeavyRain
27.9,80.0,0.0,30.2,1010.0,Storm
22.4,73.0,21.8,16.5,1013.4,HeavyRain
15.45,86.0,32.0,17.5,1004.35,HeavyRain
21.3,40.0,0.0,24.8,1021.0,Normal
14.1,94.0,0.0,35.6,1001.0,Storm
28.5,65.0,0.0,22.7,1003.0,Normal
25.6,10.0,0.0,32.4,1003.0,Storm
24.4,54.0,0.0,17.3,1010.0,Normal
46.1,10.0,0.0,33.1,991.0,Heatwave
19.3,83.0,0.01,31.0,1011.0,Storm
42.0,13.0,0.0,11.2,1008.0,Heatwave
16.549999999999997,74.5,27.8,32.0,1025.35,HeavyRain
29.1,75.0,0.32,32.8,1011.0,Storm
40.3,23.0,0.0,22.0,1007.0,Heatwave
7.1,81.0,0.06,56.9,982.0,Storm
21.1,46.0,0.0,7.2,1022.0,Normal
24.85,50.5,21.4,15.0,1009.6,HeavyRain
13.3,94.0,0.41,34.2,1006.0,Storm
14.25,71.5,20.2,21.5,1021.0,HeavyRain
28.3,54.0,0.0,20.2,1013.0,Normal
24.1,57.0,0.0,22.3,1022.0,Normal
27.2,51.0,0.0,9.7,1017.0,Normal
24.8,39.0,0.0,9.4,1021.0,Normal
30.2,16.0,0.0,31.7,1010.0,Storm
16.2,85.5,45.6,33.5,1018.05,HeavyRain
29.1,58.0,0.16,19.1,1013.0,Normal
21.0,40.0,0.0,23.0,1015.0,Normal
27.4,62.0,0.01,31.0,1011.0,Storm
30.4,62.0,2.17,5.4,1008.0,Normal
40.1,26.0,0.0,9.4,1005.0,Heatwave
23.2,44.0,0.95,12.2,1011.0,Normal
13.2,75.5,32.8,13.5,1024.25,HeavyRain
14.4,65.5,26.0,14.0,1024.3000000000002,HeavyRain
28.2,84.0,0.1,36.4,1009.0,Storm
28.0,82.0,2.03,31.0,1008.0,Storm
28.2,70.0,0.0,5.4,1011.0,Normal
29.9,33.0,0.0,30.2,1011.0,Storm
41.3,9.0,0.0,34.2,1005.0,Heatwave
20.3,49.0,0.0,14.4,1022.0,Normal
18.1,52.0,0.15,33.5,1008.0,Storm
40.0,22.0,0.0,30.6,997.0,Heatwave
23.5,81.0,189.0,30.5,1007.9,HeavyRain
22.8,72.5,37.0,17.0,1012.45,HeavyRain
18.2,87.5,37.8,30.5,1006.8,HeavyRain
-10.9,72.0,0.0,31.3,1011.0,Storm
21.1,78.0,0.0,36.0,1012.0,Storm
10.6,73.5,23.4,31.5,1011.85,HeavyRain
30.1,70.0,0.0,5.8,1008.0,Normal
26.3,89.0,0.02,43.6,1012.0,Storm
23.2,65.0,0.19,3.6,1020.0,Normal
16.1,82.0,0.03,31.3,1012.0,Storm
41.2,7.0,0.0,37.1,999.0,Heatwave
21.2,70.5,38.6,13.0,1016.4,HeavyRain
26.4,60.0,0.01,19.8,1014.0,Normal
40.2,23.0,0.0,11.5,1005.0,Heatwave
14.8,77.0,21.4,31.5,1014.2,HeavyRain
7.3,87.0,0.2,34.2,989.0,Storm
10.3,82.0,0.4,37.8,995.0,Storm
28.0,84.0,0.25,31.7,1007.0,Storm
41.2,10.0,0.0,24.8,999.0,Heatwave
27.25,77.5,38.8,33.0,1004.7,HeavyRain
42.7,13.0,0.0,19.8,1004.0,Heatwave
22.1,50.0,0.0,18.4,1029.0,Normal
10.3,100.0,0.03,38.9,1011.0,Storm
31.4,33.0,0.0,22.0,1013.0,Normal
14.85,91.5,31.8,21.5,1019.05,HeavyRain
43.2,12.0,0.0,29.9,997.0,Heatwave
13.6,97.5,35.4,57.5,1003.4,HeavyRain
34.4,56.0,0.02,8.3,1007.0,Normal
27.2,66.0,0.0,57.2,1011.0,Storm
3.2,70.0,0.0,33.5,999.0,Storm
43.8,15.0,0.0,27.4,998.0,Heatwave
41.1,15.0,0.0,37.4,1002.0,Storm
27.4,73.0,0.0,32.4,1010.0,Storm
28.3,70.0,0.0,18.0,1012.0,Normal
25.2,32.0,0.0,10.1,1013.0,Normal
27.2,79.0,0.11,33.8,1010.0,Storm
22.05,92.5,45.6,14.0,1017.05,HeavyRain
35.0,19.0,0.0,30.6,1010.0,Storm
25.25,88.0,53.2,18.5,1005.95,HeavyRain
30.1,70.0,0.05,18.0,1008.0,Normal
26.3,74.0,0.04,31.0,1012.0,Storm
12.15,80.5,24.0,11.0,1017.7,HeavyRain
24.25,86.5,172.2,28.0,1002.3,HeavyRain
26.25,91.5,56.8,26.5,1000.4,HeavyRain
28.2,66.0,0.0,22.7,1017.0,Normal
29.2,70.0,0.0,11.2,1012.0,Normal
31.4,46.0,0.0,6.1,1009.0,Normal
30.3,52.0,0.0,15.8,1015.0,Normal
11.0,94.5,35.6,9.0,1003.6,HeavyRain
41.3,10.0,0.0,16.6,1006.0,Heatwave
33.2,26.0,0.0,36.7,1012.0,Storm
29.3,75.0,0.02,36.4,1009.0,Storm
14.35,83.5,36.4,19.5,1002.75,HeavyRain
17.4,63.0,0.43,39.6,1002.0,Storm
29.0,34.0,0.16,13.3,1009.0,Normal
33.3,47.0,0.0,30.2,1012.0,Storm
23.9,30.0,0.0,15.5,1021.0,Normal
28.1,48.0,0.0,5.8,1013.0,Normal
25.1,74.0,0.0,34.6,1012.0,Storm
27.3,44.0,0.01,3.6,1010.0,Normal
44.0,18.0,0.0,23.8,1000.0,Heatwave
18.75,89.5,36.0,14.0,1012.7,HeavyRain
24.1,32.0,0.0,6.8,1016.0,Normal
27.05,80.5,26.6,7.5,1010.95,HeavyRain
26.3,89.0,0.07,34.9,1012.0,Storm
25.1,57.0,0.0,9.4,1011.0,Normal
16.2,72.0,0.0,47.2,1011.0,Storm
19.75,46.5,22.6,19.5,1012.05,HeavyRain
29.2,58.0,0.05,3.6,1016.0,Normal
28.3,74.0,0.01,37.1,1010.0,Storm
18.35,97.5,24.2,52.5,1022.95,HeavyRain
32.0,59.0,1.16,7.9,1006.0,Normal
16.0,100.0,0.27,32.8,1011.0,Storm
23.3,45.0,0.0,13.0,1015.0,Normal
35.4,44.0,0.14,34.9,1001.0,Storm
8.0,71.0,0.34,37.1,1006.0,Storm
23.6,41.0,0.11,13.0,1003.0,Normal
3.2,93.0,0.06,30.6,1005.0,Storm
15.45,58.5,20.4,24.0,1011.25,HeavyRain
10.25,82.0,45.4,33.5,1007.1,HeavyRain
27.7,87.5,29.2,14.0,1004.55,HeavyRain
20.4,78.0,0.0,33.5,1012.0,Storm
40.4,11.0,0.0,25.6,1004.0,Heatwave
28.1,64.0,0.0,30.6,1012.0,Storm
41.7,9.0,0.0,32.0,997.0,Storm
13.05,53.5,20.6,34.5,1006.65,HeavyRain
22.1,48.0,0.0,5.4,1012.0,Normal
18.15,93.5,71.6,25.0,991.55,HeavyRain
27.75,82.5,24.2,16.5,1005.75,HeavyRain
43.5,7.0,0.0,25.6,998.0,Heatwave
30.0,60.0,0.0,23.4,1012.0,Normal
35.3,42.0,0.0,33.5,1005.0,Storm
16.45,93.5,21.0,15.0,1011.3,HeavyRain
22.2,38.0,0.0,14.0,1011.0,Normal
18.95,89.5,26.6,28.0,1013.05,HeavyRain
29.2,70.0,0.01,31.3,1011.0,Storm
27.9,70.0,0.02,8.3,1007.0,Normal
20.2,65.0,1.34,9.0,1012.0,Normal
14.35,91.5,113.4,28.5,1019.35,HeavyRain
28.1,66.0,0.02,18.0,1010.0,Normal
25.5,91.0,3.11,44.3,1007.0,Storm
22.2,46.0,0.0,7.9,1027.0,Normal
29.0,12.0,0.0,32.4,1010.0,Storm
22.1,69.0,0.0,19.1,1026.0,Normal
16.9,72.0,25.6,33.0,1006.75,HeavyRain
40.1,20.0,0.0,19.4,1001.0,Heatwave
21.3,64.0,0.02,8.6,1031.0,Normal
34.3,56.0,0.0,9.7,1007.0,Normal
17.0,86.5,166.8,28.0,1009.25,HeavyRain
29.4,89.0,0.2,31.0,1012.0,Storm
41.0,6.0,0.0,11.2,1009.0,Heatwave
8.2,71.0,0.07,32.4,1005.0,Storm
7.4,81.0,1.32,30.6,998.0,Storm
13.1,82.0,0.0,30.2,1000.0,Storm
11.1,87.0,0.0,30.2,996.0,Storm
28.3,89.0,0.05,33.8,1006.0,Storm
2.1,80.0,0.09,31.7,997.0,Storm
18.3,85.5,31.8,26.0,1015.3,HeavyRain
28.5,77.0,0.02,30.6,996.0,Storm
27.8,69.0,0.0,30.6,1011.0,Storm
17.950000000000003,77.5,26.2,12.0,1011.0,HeavyRain
30.2,43.0,0.0,21.6,1009.0,Normal
26.65,93.0,44.6,17.5,1006.45,HeavyRain
20.25,78.0,159.8,26.0,1010.7,HeavyRain
11.65,62.5,44.0,36.0,1005.75,HeavyRain
34.1,44.0,0.0,13.7,1008.0,Normal
24.4,31.0,0.0,12.2,1018.0,Normal
29.2,66.0,0.0,27.0,1015.0,Normal
23.0,69.0,0.04,20.2,1007.0,Normal
27.9,70.0,0.01,26.6,1015.0,Normal
24.3,61.0,0.0,25.6,1015.0,Normal
1.2,80.0,0.04,32.8,1010.0,Storm
11.2,40.0,0.0,44.6,1004.0,Storm
30.3,43.0,0.21,9.0,1015.0,Normal
44.3,12.0,0.0,24.1,998.0,Heatwave
22.9,65.5,20.6,18.5,1010.95,HeavyRain
21.05,90.5,23.4,25.0,1019.15,HeavyRain
14.15,85.5,23.0,38.0,1027.1,HeavyRain
36.2,35.0,0.0,39.2,998.0,Storm
24.1,82.5,118.2,19.5,1016.7,HeavyRain
31.8,26.0,0.0,36.4,1010.0,Storm
28.3,69.0,0.0,32.8,1012.0,Storm
29.1,75.0,0.04,30.2,1009.0,Storm
40.0,10.0,0.0,16.9,1003.0,Heatwave
45.2,11.0,0.0,14.8,1003.0,Heatwave
25.9,94.5,131.4,32.0,1003.85,HeavyRain
9.1,93.0,0.07,34.2,998.0,Storm
30.3,55.0,0.0,3.6,1015.0,Normal
29.1,84.0,0.02,32.8,1007.0,Storm
26.1,74.0,0.0,33.1,1012.0,Storm
18.45,96.0,28.8,14.0,1016.05,HeavyRain
30.3,70.0,0.37,11.2,1010.0,Normal
40.0,17.0,0.0,19.1,1000.0,Heatwave
18.3,83.5,23.8,22.5,1019.05,HeavyRain
29.3,55.0,0.0,22.0,1012.0,Normal
20.0,82.5,76.8,13.5,1010.45,HeavyRain
32.1,56.0,0.05,9.0,1008.0,Normal
45.1,9.0,0.0,11.2,997.0,Heatwave
32.1,38.0,0.0,3.6,1009.0,Normal
7.2,45.0,0.0,45.0,1006.0,Storm
29.4,67.0,0.43,9.4,1013.0,Normal
-1.9,80.0,0.0,32.8,1004.0,Storm
23.1,53.0,0.0,14.4,1021.0,Normal
4.6,59.0,0.01,48.2,1001.0,Storm
30.3,66.0,0.01,9.0,1011.0,Normal
11.3,87.0,1.98,31.0,1010.0,Storm
43.2,5.0,0.0,8.3,1009.0,Heatwave
24.7,63.0,0.0,5.0,1001.0,Normal
29.3,75.0,0.12,38.9,1012.0,Storm
20.2,83.0,0.0,38.5,1012.0,Storm
29.2,89.0,0.93,33.1,1001.0,Storm
24.7,33.0,0.01,9.4,1008.0,Normal
43.0,7.0,0.0,23.4,1001.0,Heatwave
21.0,60.0,0.01,12.2,1024.0,Normal
26.4,83.0,268.6,13.0,1010.2,HeavyRain
21.4,70.0,0.0,11.5,1013.0,Normal
26.95,74.5,65.2,17.0,1009.6,HeavyRain
29.1,79.0,0.03,33.1,1011.0,Storm
40.1,20.0,0.03,6.8,1009.0,Heatwave
26.05,87.5,28.2,6.5,1007.2,HeavyRain
21.0,49.0,0.24,19.1,1014.0,Normal
14.35,62.5,32.6,18.5,1019.0,HeavyRain
28.7,85.0,0.03,33.5,1009.0,Storm
18.1,86.0,23.4,9.5,1020.7,HeavyRain
18.25,79.5,31.0,11.5,1011.5,HeavyRain
28.2,84.0,0.02,41.0,1001.0,Storm
43.9,8.0,0.0,15.1,998.0,Heatwave
21.2,56.0,0.05,12.2,1014.0,Normal
26.2,89.0,2.29,44.3,1010.0,Storm
11.55,100.0,25.8,21.0,1009.3,HeavyRain
31.0,41.0,0.0,34.9,1007.0,Storm
20.450000000000003,95.0,39.4,23.5,1015.2,HeavyRain
22.5,58.0,0.0,3.6,1013.0,Normal
22.5,80.0,44.4,12.0,1011.05,HeavyRain
11.95,76.5,32.6,26.5,1020.75,HeavyRain
25.45,49.0,29.2,12.0,1009.55,HeavyRain
31.2,63.0,3.65,4.7,1007.0,Normal
25.2,41.0,0.0,9.0,1022.0,Normal
26.2,65.0,0.77,10.8,1020.0,Normal
18.7,83.5,23.0,13.0,1017.6,HeavyRain
20.2,68.0,0.14,11.2,1010.0,Normal
15.95,83.5,24.2,4.5,1021.65,HeavyRain
30.2,70.0,0.0,14.4,1009.0,Normal
26.85,78.5,46.6,21.5,1011.85,HeavyRain
28.3,84.0,0.03,31.0,1010.0,Storm
29.65,65.0,29.0,16.0,1007.95,HeavyRain
40.5,12.0,0.0,3.6,1005.0,Heatwave
25.2,36.0,0.0,12.6,1018.0,Normal
22.4,50.0,0.0,3.6,1022.0,Normal
32.8,61.0,0.26,38.5,993.0,Storm
27.3,75.5,28.2,24.5,1012.5,HeavyRain
24.6,88.0,69.5,14.5,998.9,HeavyRain
31.0,66.0,0.0,18.7,1008.0,Normal
22.1,38.0,0.01,11.9,1017.0,Normal
18.75,83.5,81.8,12.0,1014.4,HeavyRain
30.1,70.0,0.0,27.7,1010.0,Normal
25.95,62.5,26.4,5.5,1015.05,HeavyRain
23.2,61.0,0.0,26.6,1016.0,Normal
28.7,67.0,27.6,13.0,1009.6,HeavyRain
14.4,80.0,23.0,31.5,1006.85,HeavyRain
45.0,10.0,0.0,13.0,1005.0,Heatwave
27.2,84.0,0.12,38.2,1006.0,Storm
29.2,84.0,0.02,32.0,1009.0,Storm
22.0,46.0,0.01,4.3,1020.0,Normal
18.2,64.0,0.0,36.4,1011.0,Storm
6.3,75.0,0.1,46.8,988.0,Storm
19.4,91.0,41.8,23.0,1014.55,HeavyRain
16.9,80.0,34.8,16.0,1026.3,HeavyRain
42.9,9.0,0.0,32.4,1001.0,Storm
10.25,75.5,24.2,35.0,1011.95,HeavyRain
28.0,42.0,0.0,8.6,1015.0,Normal
40.2,16.0,0.0,7.2,1003.0,Heatwave
22.2,46.0,0.0,37.1,1011.0,Storm
22.0,31.0,0.0,11.9,1019.0,Normal
31.1,55.0,0.0,6.8,1017.0,Normal
31.6,59.0,0.32,10.1,1005.0,Normal
30.0,62.0,0.01,19.8,1009.0,Normal
18.85,68.5,24.8,7.5,1023.3,HeavyRain
12.35,89.5,20.0,27.0,1013.2,HeavyRain
10.8,80.5,36.2,18.0,1002.75,HeavyRain
19.1,59.5,39.0,16.5,1007.4,HeavyRain
38.1,14.0,0.0,50.4,1002.0,Storm
8.1,86.5,21.4,21.5,1008.95,HeavyRain
6.5,78.0,0.07,38.9,1005.0,Storm
26.1,84.0,0.03,31.3,1012.0,Storm
25.0,65.0,0.42,11.2,1007.0,Normal
21.05,85.0,30.6,24.5,1010.7,HeavyRain
0.2,55.0,0.0,42.8,1008.0,Storm
44.1,8.0,0.0,34.2,999.0,Heatwave
28.1,74.0,0.01,31.0,1012.0,Storm
21.1,69.0,0.0,13.3,1018.0,Normal
12.15,91.5,49.6,30.5,995.7,HeavyRain
40.0,17.0,0.0,11.2,1000.0,Heatwave
14.25,88.0,31.4,10.0,1023.0,HeavyRain
27.2,70.0,0.0,13.0,1016.0,Normal
11.8,83.5,22.9,22.5,1008.3,HeavyRain
26.35,86.5,57.8,15.0,1010.55,HeavyRain
27.6,69.0,0.0,6.8,1009.0,Normal
29.4,58.0,0.0,20.5,1012.0,Normal
33.1,49.0,0.0,32.8,1010.0,Storm
29.2,68.0,0.45,13.3,1008.0,Normal
18.45,84.5,40.2,26.0,1017.35,HeavyRain
25.45,92.5,145.6,16.5,1006.7,HeavyRain
14.4,59.0,39.8,27.0,1006.25,HeavyRain
24.95,70.5,94.0,8.5,1012.75,HeavyRain
8.3,100.0,0.14,47.2,984.0,Storm
15.8,80.0,32.8,13.0,1016.4,HeavyRain
22.2,43.0,0.0,10.8,1016.0,Normal
12.7,89.5,60.2,51.5,1013.15,HeavyRain
32.2,38.0,0.0,32.8,1006.0,Storm
21.9,90.5,43.6,9.0,1012.25,HeavyRain
22.95,82.5,25.0,34.5,1012.65,HeavyRain
26.4,45.0,0.0,3.6,1018.0,Normal
20.4,40.0,0.0,18.0,1021.0,Normal
23.05,66.5,26.2,12.5,1008.0,HeavyRain
10.15,59.5,20.0,20.5,1016.6,HeavyRain
15.2,67.0,0.0,34.2,1009.0,Storm
33.2,41.0,0.0,3.6,1012.0,Normal
13.1,94.0,0.04,31.0,997.0,Storm
32.6,58.0,0.22,11.5,1008.0,Normal
28.1,84.0,0.01,31.0,1009.0,Storm
28.0,79.0,1.45,31.0,1007.0,Storm
15.35,93.0,22.2,10.0,1010.0,HeavyRain
19.15,87.0,65.0,18.5,1004.85,HeavyRain
27.1,51.0,0.01,25.9,1010.0,Normal
16.75,57.0,20.2,30.5,999.75,HeavyRain
30.8,39.0,0.0,3.6,1012.0,Normal
28.2,84.0,0.02,38.2,1007.0,Storm
13.0,88.0,0.29,42.1,1001.0,Storm
18.25,74.5,25.0,14.5,1010.0,HeavyRain
3.3,93.0,0.08,32.0,972.0,Storm
25.2,83.0,0.48,36.4,1012.0,Storm
26.1,65.0,0.0,25.9,1016.0,Normal
26.0,34.0,0.0,28.1,1018.0,Normal
9.0,80.0,22.2,28.5,1018.1,HeavyRain
32.8,9.0,0.0,32.4,1010.0,Storm
23.0,69.0,0.0,6.8,1021.0,Normal
1.4,51.0,0.0,37.1,999.0,Storm
22.6,65.0,0.0,8.6,1012.0,Normal
13.3,58.0,0.0,43.9,1008.0,Storm
23.0,53.0,0.0,20.9,1025.0,Normal
32.1,63.0,0.0,13.7,1003.0,Normal
40.4,30.0,0.0,25.9,993.0,Heatwave
27.4,74.5,23.8,15.0,1009.95,HeavyRain
41.0,6.0,0.0,14.8,1011.0,Heatwave
27.4,61.0,23.6,22.0,1007.9,HeavyRain
20.65,84.0,22.6,11.5,1004.55,HeavyRain
21.3,43.0,0.0,13.0,1012.0,Normal
22.2,53.0,0.06,9.0,1024.0,Normal
24.9,70.5,97.2,28.5,1016.0,HeavyRain
41.1,15.0,0.0,30.2,1003.0,Heatwave
14.3,82.0,0.05,36.0,1007.0,Storm
41.0,14.0,0.0,11.9,1007.0,Heatwave
45.4,11.0,0.0,11.2,996.0,Heatwave
10.0,61.0,31.4,24.5,1008.7,HeavyRain
23.4,53.0,0.0,19.1,1020.0,Normal
36.1,21.0,0.0,32.0,1009.0,Storm
42.0,18.0,0.0,6.1,996.0,Heatwave
28.4,73.0,37.2,13.5,1006.25,HeavyRain
12.55,56.5,20.6,19.5,1017.7,HeavyRain
22.5,67.0,0.0,7.9,1027.0,Normal
32.2,63.0,0.0,18.0,1009.0,Normal
21.0,69.0,0.07,14.8,1012.0,Normal
40.2,5.0,0.0,6.8,1007.0,Heatwave
38.3,16.0,0.0,38.9,1010.0,Storm
21.8,23.0,0.0,31.0,1011.0,Storm
21.85,93.5,41.0,6.5,1014.8,HeavyRain
26.4,42.0,0.0,8.3,1010.0,Normal
18.05,86.0,20.4,9.0,1012.1,HeavyRain
20.950000000000003,88.5,35.2,19.0,1011.7,HeavyRain
11.1,78.5,61.0,33.5,1003.75,HeavyRain
47.8,8.0,0.0,3.6,994.0,Heatwave
20.45,68.5,83.6,11.5,1011.0,HeavyRain
29.2,29.0,0.0,31.0,1010.0,Storm
17.0,89.0,26.6,28.5,1006.6,HeavyRain
28.2,70.0,0.0,6.1,1009.0,Normal
40.2,22.0,0.0,16.9,1002.0,Heatwave
40.1,14.0,0.0,10.4,1005.0,Heatwave
16.25,59.0,20.6,21.0,1017.75,HeavyRain
20.2,64.0,0.0,3.6,1017.0,Normal
29.3,70.0,0.09,12.2,1014.0,Normal
24.8,32.0,0.0,7.6,1019.0,Normal
27.35,70.5,20.0,26.0,1009.9,HeavyRain
22.3,100.0,0.26,57.6,1008.0,Storm
12.1,77.0,0.0,38.2,1008.0,Storm
33.2,13.0,0.0,32.8,1005.0,Storm
23.7,77.5,28.2,16.5,1002.7,HeavyRain
26.1,92.5,183.0,15.0,1007.8,HeavyRain
27.45,88.0,49.4,8.0,1007.65,HeavyRain
43.2,16.0,0.0,38.5,994.0,Heatwave
29.2,70.0,0.0,5.4,1015.0,Normal
24.450000000000003,89.0,106.4,17.5,1005.65,HeavyRain
15.0,59.0,0.0,32.0,1011.0,Storm
18.55,73.0,22.4,14.0,1011.15,HeavyRain
32.1,31.0,0.0,14.4,1011.0,Normal
25.6,76.0,0.22,31.3,999.0,Storm
25.55,67.5,20.6,15.0,1015.45,HeavyRain
27.8,64.0,0.01,3.6,1013.0,Normal
40.6,14.0,0.0,13.0,1004.0,Heatwave
25.35,90.0,40.0,21.5,1003.15,HeavyRain
26.9,72.5,29.8,13.5,1011.5,HeavyRain
28.1,84.0,0.79,41.8,1011.0,Storm
42.1,18.0,0.0,18.0,996.0,Heatwave
22.4,45.0,0.0,22.3,1014.0,Normal
13.9,91.5,21.8,24.0,1001.85,HeavyRain
23.0,31.0,0.0,22.0,1010.0,Normal
29.1,68.0,0.0,34.9,1006.0,Storm
23.85,79.0,29.6,14.0,1013.7,HeavyRain
28.0,28.0,0.0,38.5,1008.0,Storm
14.65,86.0,38.4,22.0,1023.05,HeavyRain
40.8,15.0,0.0,22.3,1001.0,Heatwave
9.0,76.0,0.1,47.2,1008.0,Storm
42.0,17.0,0.0,14.8,1005.0,Heatwave
30.3,66.0,0.0,14.4,1013.0,Normal
18.4,94.5,35.6,0.0,1006.25,HeavyRain
41.3,22.0,0.0,30.6,995.0,Heatwave
41.6,14.0,0.0,14.0,1000.0,Heatwave
17.950000000000003,70.0,91.6,16.5,1005.65,HeavyRain
11.3,76.0,0.0,37.1,1002.0,Storm
27.1,69.0,0.0,20.9,1012.0,Normal
28.2,79.0,0.0,31.3,1008.0,Storm
23.2,65.0,0.01,15.5,1018.0,Normal
7.3,81.0,0.1,35.3,981.0,Storm
25.05,93.5,27.2,17.5,1013.0,HeavyRain
26.95,41.0,23.2,10.0,1005.45,HeavyRain
27.3,58.0,0.0,50.8,1011.0,Storm
12.6,91.5,88.2,19.0,1018.15,HeavyRain
32.4,49.0,0.0,12.6,1014.0,Normal
29.9,57.0,0.0,40.0,1004.0,Storm
25.4,61.0,0.79,15.1,1018.0,Normal
11.3,72.5,21.8,17.0,1006.2,HeavyRain
40.3,12.0,0.0,25.9,1005.0,Heatwave
30.2,52.0,0.0,9.4,1010.0,Normal
26.2,89.0,27.82,56.2,985.0,Storm
30.1,57.0,27.2,17.5,999.05,HeavyRain
26.0,93.0,9.05,37.4,1008.0,Storm
17.7,74.5,37.2,22.5,1024.45,HeavyRain
19.1,82.0,23.4,8.0,1012.65,HeavyRain
33.0,63.0,0.0,31.0,997.0,Storm
25.0,32.0,0.0,25.9,1010.0,Normal
31.8,42.0,0.0,27.0,1012.0,Normal
2.9,96.0,0.59,33.1,990.0,Storm
18.2,69.0,0.13,33.8,1004.0,Storm
21.0,78.0,0.01,33.1,1010.0,Storm
25.85,91.5,28.0,19.5,1007.5,HeavyRain
22.3,78.0,0.04,38.9,1004.0,Storm
40.2,7.0,0.0,15.1,1010.0,Heatwave
17.700000000000003,61.0,24.0,30.5,1016.75,HeavyRain
17.950000000000003,85.0,41.4,26.0,1002.85,HeavyRain
16.75,58.0,46.6,32.5,1013.05,HeavyRain
42.0,10.0,0.0,30.6,999.0,Heatwave
32.8,53.0,0.67,34.9,1004.0,Storm
16.0,48.0,0.01,41.0,1008.0,Storm
30.3,44.0,0.0,31.7,1010.0,Normal
31.5,36.0,0.0,10.8,1014.0,Normal
28.1,79.0,0.15,31.0,1012.0,Storm
29.0,75.0,0.0,31.0,1012.0,Storm
26.4,56.0,0.24,19.4,1015.0,Normal
45.1,10.0,0.0,13.0,1001.0,Heatwave
7.1,100.0,2.18,42.1,986.0,Storm
29.450000000000003,71.5,25.8,11.0,1002.25,HeavyRain
29.1,62.0,0.0,15.1,1015.0,Normal
30.1,33.0,0.0,24.1,1018.0,Normal
22.3,57.0,0.0,10.4,1024.0,Normal
17.450000000000003,54.5,32.4,22.0,1023.35,HeavyRain
46.4,9.0,0.0,13.0,997.0,Heatwave
15.2,77.0,0.65,45.7,1006.0,Storm
25.0,65.0,0.0,38.9,1011.0,Storm
27.0,79.0,0.0,33.1,1006.0,Storm
24.0,31.0,0.0,24.1,1017.0,Normal
28.3,66.0,0.0,32.8,1010.0,Storm
40.1,15.0,0.0,13.0,997.0,Heatwave
12.4,58.0,0.0,34.6,1008.0,Storm
27.0,89.0,0.01,34.6,1012.0,Storm
29.0,70.0,0.36,4.3,1013.0,Normal
25.4,89.0,0.18,33.8,1012.0,Storm
10.1,94.0,0.45,37.1,1006.0,Storm
21.0,49.0,0.0,3.6,1017.0,Normal
43.8,18.0,0.0,29.5,996.0,Heatwave
38.2,17.0,0.0,31.0,1005.0,Storm
26.4,94.0,0.13,34.6,1007.0,Storm
44.4,11.0,0.0,20.2,995.0,Heatwave
22.4,50.0,0.0,5.0,1017.0,Normal
30.1,35.0,0.0,5.8,1012.0,Normal
20.3,68.0,0.02,6.1,1015.0,Normal
14.35,73.5,45.0,19.5,1015.25,HeavyRain
11.4,82.0,0.0,38.9,1004.0,Storm
10.1,76.0,0.12,34.6,990.0,Storm
12.4,88.0,0.04,31.0,1007.0,Storm
44.4,7.0,0.0,24.5,1000.0,Heatwave
13.15,66.5,106.8,48.0,1012.7,HeavyRain
26.3,80.0,0.28,35.6,1011.0,Storm
9.4,71.0,0.0,47.9,1005.0,Storm
16.35,41.5,22.2,33.5,995.95,HeavyRain
29.2,46.0,0.0,34.6,1009.0,Storm
10.2,76.0,0.01,76.0,985.0,Storm
18.2,68.0,0.0,33.1,1011.0,Storm
8.1,93.0,1.03,50.4,996.0,Storm
11.2,60.5,24.0,21.0,1001.9,HeavyRain
28.2,84.0,0.68,31.0,1002.0,Storm
19.65,86.0,26.4,2.0,1010.15,HeavyRain
26.4,65.0,0.0,5.8,1018.0,Normal
18.4,77.5,49.8,20.5,1007.1,HeavyRain
11.5,86.5,28.4,25.0,996.25,HeavyRain
29.25,86.0,23.4,18.5,1010.25,HeavyRain
18.4,88.0,23.2,24.0,1025.2,HeavyRain
28.0,51.0,0.0,19.1,1014.0,Normal
28.95,60.5,21.8,20.5,1007.8,HeavyRain
30.1,66.0,0.0,4.0,1011.0,Normal
29.0,40.0,0.0,3.6,1015.0,Normal
27.05,89.0,68.6,34.0,1005.1,HeavyRain
23.6,72.5,22.2,18.5,1023.85,HeavyRain
26.0,61.0,0.05,26.6,1021.0,Normal
16.15,88.0,27.2,13.0,1028.5,HeavyRain
15.9,71.5,30.6,25.0,1021.4,HeavyRain
24.3,44.0,0.0,49.7,1015.0,Normal
26.1,54.0,0.0,5.8,1022.0,Normal
33.1,39.0,0.0,37.1,1011.0,Storm
21.7,99.5,34.0,28.0,1018.2,HeavyRain
13.5,79.5,24.2,16.5,996.85,HeavyRain
24.1,65.0,0.0,11.9,1013.0,Normal
29.4,84.0,0.29,31.7,1009.0,Storm
9.8,80.5,47.4,23.0,989.05,HeavyRain
23.4,90.0,30.2,6.5,1010.55,HeavyRain
39.6,16.0,0.0,31.7,999.0,Storm
41.4,13.0,0.0,13.3,1001.0,Heatwave
26.2,65.0,0.0,16.9,1017.0,Normal
30.0,70.0,0.01,9.4,1014.0,Normal
25.95,92.0,37.4,11.0,1009.7,HeavyRain
23.4,69.0,0.0,9.4,1014.0,Normal
16.25,92.5,29.0,21.5,1006.05,HeavyRain
30.3,35.0,0.0,11.5,1012.0,Normal
11.2,66.0,0.4,32.0,1005.0,Storm
46.0,12.0,0.0,35.3,999.0,Storm
24.35,89.5,143.8,10.0,1015.15,HeavyRain
27.4,39.0,0.0,47.5,994.0,Storm
27.9,79.0,0.55,30.6,1008.0,Storm
33.0,32.0,0.0,20.2,1010.0,Normal
30.0,70.0,0.17,11.2,1015.0,Normal
28.3,55.0,0.0,3.6,1023.0,Normal
28.7,70.0,0.0,23.8,1009.0,Normal
30.3,55.0,0.98,14.8,1012.0,Normal
1.2,93.0,0.26,45.0,999.0,Storm
42.3,24.0,0.0,13.3,998.0,Heatwave
41.5,9.0,0.0,14.0,1001.0,Heatwave
21.1,57.0,0.34,11.2,1004.0,Normal
22.7,81.0,77.4,8.5,1006.55,HeavyRain
14.35,89.0,71.0,7.0,1003.95,HeavyRain
31.0,55.0,0.0,19.1,1012.0,Normal
9.7,68.0,25.8,30.5,1020.95,HeavyRain
21.1,69.0,0.0,35.6,1021.0,Normal
8.6,75.0,0.0,41.0,1008.0,Storm
31.0,38.0,0.0,46.8,1012.0,Storm
26.15,96.0,82.2,13.0,1003.15,HeavyRain
19.4,88.0,0.28,49.7,992.0,Storm
22.6,50.0,0.0,14.8,1019.0,Normal
19.1,46.0,0.0,31.0,1012.0,Storm
24.2,57.0,0.0,10.8,1023.0,Normal
42.7,7.0,0.0,16.9,1002.0,Heatwave
31.3,33.0,0.0,28.1,1017.0,Normal
16.4,94.5,22.8,11.0,1019.15,HeavyRain
26.7,54.0,0.0,32.0,1003.0,Storm
35.4,53.0,0.0,34.2,1005.0,Storm
16.05,67.0,28.2,17.5,1003.65,HeavyRain
22.1,69.0,0.0,11.9,1015.0,Normal
22.95,88.0,65.8,16.5,1006.35,HeavyRain
27.4,89.0,0.06,33.1,1011.0,Storm
26.1,65.0,0.04,10.8,1020.0,Normal
22.7,65.0,0.0,25.9,1011.0,Normal
29.1,75.0,0.51,31.3,1006.0,Storm
10.5,90.5,27.2,17.5,1019.05,HeavyRain
29.1,62.0,0.37,9.0,1012.0,Normal
23.9,75.0,28.0,6.5,1008.35,HeavyRain
41.1,25.0,0.0,11.9,991.0,Heatwave
16.2,72.0,0.0,31.7,1007.0,Storm
27.3,84.0,0.07,36.4,1011.0,Storm
24.5,74.5,42.6,14.0,1013.1,HeavyRain
20.1,56.0,0.0,36.0,1012.0,Storm
30.0,64.0,0.0,31.3,1007.0,Storm
28.0,55.0,0.0,34.9,1006.0,Storm
20.0,60.0,0.01,27.7,1027.0,Normal
5.5,83.0,0.15,31.0,1010.0,Storm
26.8,89.0,2.3,33.8,1004.0,Storm
27.55,84.0,23.0,5.5,1009.5,HeavyRain
29.1,33.0,0.0,32.0,1010.0,Storm
29.1,43.0,0.0,4.0,1011.0,Normal
38.3,38.0,0.0,36.4,1006.0,Storm
32.7,8.0,0.0,34.6,1012.0,Storm
25.1,57.0,0.0,4.7,1022.0,Normal
23.2,78.0,58.6,7.5,1016.0,HeavyRain
28.4,79.0,0.0,36.0,1005.0,Storm
14.35,62.0,33.8,21.5,1005.3,HeavyRain
14.4,82.0,0.39,36.4,1005.0,Storm
28.3,70.0,22.0,17.5,1007.65,HeavyRain
14.5,65.0,38.2,29.5,1011.85,HeavyRain
23.9,38.0,0.0,12.6,1010.0,Normal
12.7,70.5,23.0,12.0,1010.4,HeavyRain
44.1,4.0,0.0,9.7,1006.0,Heatwave
29.3,79.0,0.05,31.3,1007.0,Storm
11.85,91.5,53.6,24.5,1002.9,HeavyRain
22.1,57.0,0.2,10.1,1012.0,Normal
13.9,94.0,22.6,13.0,1009.7,HeavyRain
22.35,67.0,59.8,27.5,1012.15,HeavyRain
26.2,84.0,128.2,14.0,1008.6,HeavyRain
24.8,91.0,82.6,1.0,1014.35,HeavyRain
28.3,70.0,0.0,14.0,1012.0,Normal
18.35,62.0,29.8,16.0,1014.0,HeavyRain
43.6,16.0,0.0,15.1,997.0,Heatwave
13.4,82.0,0.01,32.8,1003.0,Storm
23.85,100.0,73.4,28.0,1007.5,HeavyRain
28.1,66.0,0.0,14.8,1009.0,Normal
23.450000000000003,87.5,68.0,2.0,1017.8,HeavyRain
15.85,53.5,28.2,13.0,1012.75,HeavyRain
40.2,41.0,0.0,42.8,997.0,Storm
17.05,92.0,42.4,14.0,1028.65,HeavyRain
10.0,78.0,27.2,16.0,1007.2,HeavyRain
34.1,53.0,0.61,9.0,1008.0,Normal
29.3,62.0,0.0,10.4,1012.0,Normal
25.1,100.0,0.0,30.2,1000.0,Storm
29.0,79.0,0.62,37.4,1010.0,Storm
26.85,71.0,102.2,20.5,1010.45,HeavyRain
18.25,82.5,83.6,17.5,1005.75,HeavyRain
18.85,83.0,20.0,30.5,1015.8,HeavyRain
28.4,79.0,0.24,34.9,1010.0,Storm
30.3,38.0,0.0,16.9,1013.0,Normal
27.25,44.5,21.2,16.5,1004.65,HeavyRain
19.5,65.5,21.4,16.5,1009.9,HeavyRain
30.4,59.0,0.0,13.7,1007.0,Normal
8.1,93.0,1.11,50.0,1012.0,Storm
31.0,62.0,0.25,4.7,1007.0,Normal
16.05,90.5,48.8,18.5,1016.85,HeavyRain
41.2,7.0,0.0,13.0,1008.0,Heatwave
20.0,46.0,0.01,16.9,1018.0,Normal
28.4,70.0,0.01,30.2,1009.0,Storm
45.0,24.0,0.0,24.1,1000.0,Heatwave
26.55,93.5,38.0,21.0,1011.55,HeavyRain
15.2,72.0,0.03,47.5,1012.0,Storm
28.4,7.0,0.0,30.6,1012.0,Storm
26.5,87.0,1.78,31.0,1011.0,Storm
28.2,45.0,0.0,4.0,1020.0,Normal
22.950000000000003,65.5,28.4,16.0,1015.3,HeavyRain
26.3,87.0,0.03,35.6,1012.0,Storm
11.9,95.0,38.8,8.5,1006.15,HeavyRain
19.3,63.5,38.8,42.5,1017.55,HeavyRain
30.1,36.0,0.0,32.4,1005.0,Storm
14.9,80.0,0.21,32.4,990.0,Storm
22.95,51.0,20.6,12.0,1012.5,HeavyRain
26.4,70.0,0.05,4.0,1012.0,Normal
27.3,32.0,0.0,13.7,1011.0,Normal
45.8,10.0,0.0,22.3,995.0,Heatwave
26.3,70.0,0.0,6.8,1013.0,Normal
23.4,37.0,0.0,21.6,1016.0,Normal
29.3,70.0,0.0,30.6,1012.0,Storm
5.0,87.0,0.0,30.6,990.0,Storm
28.1,79.0,0.0,33.1,1011.0,Storm
14.1,88.0,0.32,38.9,1007.0,Storm
29.2,75.0,0.02,37.1,1012.0,Storm
25.8,76.5,20.0,19.0,1011.9,HeavyRain
33.4,30.0,0.0,6.5,1013.0,Normal
21.3,57.0,0.38,5.8,1017.0,Normal
30.3,70.0,0.0,30.6,1007.0,Storm
3.2,81.0,0.0,30.2,1002.0,Storm
20.9,77.0,24.0,21.5,1029.75,HeavyRain
18.5,92.0,36.4,14.5,1006.0,HeavyRain
28.0,33.0,0.0,18.0,1016.0,Normal
38.3,15.0,0.0,31.0,1008.0,Storm
24.3,50.0,0.0,13.3,1022.0,Normal
26.0,91.5,44.6,25.0,1006.5,HeavyRain
29.1,70.0,0.0,17.6,1016.0,Normal
15.45,71.0,70.6,37.0,1024.45,HeavyRain
30.2,75.0,0.18,31.0,1003.0,Storm
20.4,49.0,0.0,16.9,1032.0,Normal
44.4,4.0,0.0,4.3,1008.0,Heatwave
25.5,64.0,0.0,8.6,1011.0,Normal
15.75,86.0,22.7,26.0,1008.75,HeavyRain
12.3,82.0,0.1,50.0,999.0,Storm
27.0,69.0,46.4,24.0,1005.2,HeavyRain
12.8,89.0,49.8,27.0,1014.15,HeavyRain
20.3,37.0,0.0,5.8,1020.0,Normal
29.2,48.0,0.03,3.6,1017.0,Normal
24.6,34.0,0.0,33.5,1011.0,Storm
27.4,51.0,0.0,9.7,1016.0,Normal
28.2,79.0,0.0,32.8,1010.0,Storm
29.4,70.0,0.0,6.1,1010.0,Normal
13.55,63.0,35.8,20.5,1004.45,HeavyRain
14.9,90.5,52.6,10.0,1020.05,HeavyRain
30.8,35.0,0.0,15.1,1017.0,Normal
30.6,32.0,0.06,11.9,1013.0,Normal
22.1,78.0,43.2,9.0,1005.45,HeavyRain
24.9,62.5,35.8,15.0,1010.75,HeavyRain
6.2,45.0,0.0,49.0,981.0,Storm
28.0,79.0,0.03,31.3,1010.0,Storm
26.8,85.0,23.6,19.5,1009.15,HeavyRain
0.3,47.0,0.02,38.9,1004.0,Storm
29.3,75.0,0.0,34.9,1012.0,Storm
25.450000000000003,90.0,29.6,17.0,1006.3,HeavyRain
11.3,87.0,0.0,36.0,1001.0,Storm
43.0,13.0,0.0,27.7,1003.0,Heatwave
28.0,81.0,0.11,35.3,1009.0,Storm
20.9,81.0,27.0,14.0,1016.5,HeavyRain
29.1,75.0,0.08,34.2,1012.0,Storm
30.2,66.0,0.0,10.1,1014.0,Normal
40.4,29.0,0.0,24.5,996.0,Heatwave
40.0,5.0,0.0,12.2,1009.0,Heatwave
47.4,5.0,0.0,32.8,1001.0,Heatwave
25.4,100.0,1.09,32.4,998.0,Storm
3.2,87.0,1.7,56.5,996.0,Storm
23.4,70.0,0.0,14.4,1015.0,Normal
41.1,23.0,0.0,10.8,1002.0,Heatwave
20.1,46.0,0.0,20.5,1018.0,Normal
22.05,80.0,21.8,21.0,1009.5,HeavyRain
21.1,49.0,0.0,9.7,1023.0,Normal
25.2,57.0,0.0,9.4,1013.0,Normal
29.8,56.0,0.0,33.1,1010.0,Storm
2.8,54.0,0.0,40.0,988.0,Storm
26.0,82.0,35.0,6.5,1015.85,HeavyRain
14.0,94.0,55.6,24.5,1013.95,HeavyRain
23.2,86.0,26.2,6.5,1009.0,HeavyRain
41.3,15.0,0.0,6.8,1006.0,Heatwave
42.5,11.0,0.0,22.3,997.0,Heatwave
11.2,76.0,0.0,32.4,1002.0,Storm
41.8,20.0,0.0,15.8,996.0,Heatwave
20.1,68.0,0.09,18.4,1013.0,Normal
13.0,88.0,0.08,34.2,1001.0,Storm
44.3,9.0,0.0,30.6,996.0,Storm
26.3,54.0,0.0,16.2,1017.0,Normal
14.85,67.5,27.2,14.0,1019.05,HeavyRain
26.0,87.5,54.0,21.0,1011.8,HeavyRain
44.1,5.0,0.0,8.6,1004.0,Heatwave
25.4,79.0,0.02,31.7,1011.0,Storm
17.3,98.5,45.4,9.0,1010.7,HeavyRain
31.1,49.0,0.0,11.2,1010.0,Normal
22.2,53.0,0.0,15.5,1023.0,Normal
28.4,56.5,21.8,32.5,1008.15,HeavyRain
11.3,91.5,26.0,11.0,995.9,HeavyRain
40.3,19.0,0.0,23.8,1001.0,Heatwave
17.049999999999997,85.5,58.6,25.0,1013.95,HeavyRain
23.7,86.5,25.2,20.5,1010.85,HeavyRain
27.950000000000003,74.0,22.8,27.0,1010.65,HeavyRain
20.65,84.0,26.0,40.5,1017.4,HeavyRain
26.2,58.0,0.0,19.1,1008.0,Normal
12.1,66.0,22.6,20.5,1007.9,HeavyRain
19.05,79.5,76.6,23.5,1005.3,HeavyRain
15.75,74.0,27.4,32.5,1000.1,HeavyRain
39.4,19.0,0.0,38.9,1003.0,Storm
21.45,56.5,33.0,23.0,1004.9,HeavyRain
26.9,64.0,83.2,8.5,1014.45,HeavyRain
23.05,97.5,155.0,13.0,1009.25,HeavyRain
46.3,8.0,0.0,32.8,997.0,Heatwave
22.0,33.0,0.05,15.1,1010.0,Normal
16.65,78.5,33.8,19.5,1007.8,HeavyRain
27.450000000000003,72.0,60.8,17.0,1009.9,HeavyRain
43.2,12.0,0.0,13.7,1002.0,Heatwave
12.4,88.0,0.11,32.4,1008.0,Storm
11.95,81.0,31.2,49.0,1014.05,HeavyRain
-3.6,86.0,0.06,34.9,997.0,Storm
17.0,80.5,21.8,14.0,1022.3,HeavyRain
6.4,93.0,2.77,30.2,985.0,Storm
24.05,73.0,29.2,7.5,1014.2,HeavyRain
6.0,93.0,0.11,34.9,1011.0,Storm
25.9,90.0,39.6,9.0,1007.25,HeavyRain
27.6,83.0,0.2,34.2,1006.0,Storm
28.2,77.0,0.22,39.2,1011.0,Storm
29.4,58.0,0.0,10.4,1014.0,Normal
19.0,77.5,21.0,22.0,1008.45,HeavyRain
19.1,64.0,0.0,32.4,1012.0,Storm
21.35,66.5,157.8,26.0,1015.15,HeavyRain
31.3,51.0,0.0,34.6,1009.0,Storm
23.1,71.5,34.0,13.0,1012.9,HeavyRain
25.3,50.0,0.02,30.2,1009.0,Normal
22.0,41.0,0.0,19.4,1014.0,Normal
26.0,48.0,0.0,3.6,1014.0,Normal
13.85,95.0,24.4,10.0,1014.95,HeavyRain
41.1,16.0,0.0,11.2,1008.0,Heatwave
23.5,36.0,0.0,22.3,1021.0,Normal
32.8,34.0,0.0,5.0,1010.0,Normal
13.5,66.5,25.4,13.5,1013.0,HeavyRain
24.75,96.0,108.2,55.5,999.65,HeavyRain
30.0,70.0,0.0,6.1,1008.0,Normal
26.9,76.0,52.6,10.0,1008.7,HeavyRain
21.450000000000003,85.0,23.6,20.5,1009.15,HeavyRain
28.05,68.5,37.4,13.0,1009.7,HeavyRain
42.2,25.0,0.0,22.7,997.0,Heatwave
26.0,80.0,37.0,17.5,1001.55,HeavyRain
13.85,83.0,25.6,21.5,1028.0,HeavyRain
27.5,84.0,0.18,33.8,1011.0,Storm
30.3,66.0,0.4,6.1,1007.0,Normal
32.3,56.0,0.0,30.2,1010.0,Storm
43.5,6.0,0.0,31.0,1004.0,Heatwave
21.55,79.0,96.1,14.5,1016.6,HeavyRain
31.1,36.0,0.0,33.1,1012.0,Storm
23.0,77.0,29.2,24.5,1018.6,HeavyRain
29.4,70.0,0.01,20.2,1014.0,Normal
22.8,30.0,0.0,15.5,1012.0,Normal
30.2,70.0,0.02,11.5,1007.0,Normal
8.0,66.0,0.0,37.8,999.0,Storm
24.1,36.0,0.0,13.0,1012.0,Normal
26.1,39.0,0.0,9.4,1019.0,Normal
32.1,67.0,0.0,8.3,1009.0,Normal
47.2,10.0,0.0,3.6,996.0,Heatwave
22.1,43.0,0.0,16.9,1013.0,Normal
27.1,84.0,0.13,33.8,1011.0,Storm
27.45,85.5,48.4,11.0,999.2,HeavyRain
5.6,68.5,27.6,17.0,996.6,HeavyRain
25.4,47.0,0.0,15.1,1014.0,Normal
14.2,94.0,0.49,44.6,992.0,Storm
20.0,56.0,0.08,13.3,1014.0,Normal
10.2,76.0,0.02,43.9,1009.0,Storm
40.1,4.0,0.0,21.6,1011.0,Heatwave
19.2,63.5,20.2,31.0,1018.6,HeavyRain
27.5,71.5,40.6,8.5,1003.35,HeavyRain
28.1,70.0,0.0,34.9,1012.0,Normal
28.85,72.5,21.8,21.0,1001.75,HeavyRain
22.25,55.5,43.2,26.0,1018.3,HeavyRain
25.0,44.0,0.0,4.7,1017.0,Normal
40.1,8.0,0.0,11.9,1005.0,Heatwave
27.4,62.0,0.0,10.4,1018.0,Normal
22.0,69.0,0.41,21.6,1022.0,Normal
23.2,48.0,0.0,18.7,1011.0,Normal
24.4,79.5,155.8,28.5,1005.65,HeavyRain
26.35,87.0,71.8,6.5,1011.55,HeavyRain
25.6,62.0,0.0,10.4,1010.0,Normal
26.2,61.0,0.0,11.2,1014.0,Normal
25.15,57.0,68.8,19.5,1014.45,HeavyRain
13.1,82.0,0.14,35.3,995.0,Storm
25.2,36.0,0.0,21.6,1025.0,Normal
29.2,12.0,0.0,32.0,1010.0,Storm
21.2,64.0,0.0,19.1,1016.0,Normal
33.1,53.0,0.0,15.1,1015.0,Normal
38.2,19.0,0.0,33.1,1007.0,Storm
15.95,80.5,51.8,14.0,1010.6,HeavyRain
23.2,53.0,0.0,19.1,1026.0,Normal
20.8,36.0,0.0,11.2,1021.0,Normal
46.6,7.0,0.0,30.2,1000.0,Heatwave
14.2,77.0,0.0,34.9,1007.0,Storm
28.95,57.5,20.0,14.0,1011.85,HeavyRain
43.3,5.0,0.0,28.1,1003.0,Heatwave
16.0,74.0,20.0,24.0,1010.65,HeavyRain
42.2,21.0,0.0,14.0,997.0,Heatwave
26.4,63.0,78.2,21.5,1011.9,HeavyRain
30.7,38.0,0.0,23.8,1010.0,Normal
41.2,23.0,0.0,15.1,993.0,Heatwave
25.6,89.0,40.4,6.5,1005.45,HeavyRain
20.2,69.0,0.0,7.2,1015.0,Normal
28.7,70.0,23.8,27.0,1005.2,HeavyRain
45.0,7.0,0.0,16.9,998.0,Heatwave
40.5,11.0,0.0,15.8,992.0,Heatwave
29.2,79.0,0.02,32.8,1008.0,Storm
30.2,79.0,0.01,30.6,1009.0,Storm
5.3,75.0,0.0,46.1,1012.0,Storm
13.6,87.0,76.8,24.0,1013.1,HeavyRain
24.25,76.5,35.2,17.0,1014.0,HeavyRain
8.1,36.0,0.0,40.7,1005.0,Storm
19.3,73.0,0.0,49.7,1001.0,Storm
30.3,66.0,0.03,3.6,1008.0,Normal
24.3,94.0,0.47,32.8,1011.0,Storm
30.1,66.0,0.0,24.1,1015.0,Normal
25.2,57.0,0.02,3.6,1019.0,Normal
31.0,52.0,0.0,3.6,1010.0,Normal
30.3,35.0,0.0,46.1,1010.0,Storm
45.3,9.0,0.0,33.5,996.0,Heatwave
21.8,50.0,0.0,6.8,1023.0,Normal
33.9,54.0,0.0,11.9,1002.0,Normal
33.4,9.0,0.0,32.4,1010.0,Storm
18.3,88.0,0.46,31.3,1012.0,Storm
33.3,47.0,0.0,31.3,1006.0,Storm
13.1,72.0,0.2,35.6,1004.0,Storm
30.4,62.0,0.98,4.0,1004.0,Normal
21.3,33.0,0.0,12.6,1015.0,Normal
20.4,49.0,0.1,5.0,1014.0,Normal
21.2,46.0,0.0,25.9,1005.0,Normal
25.5,96.5,24.2,10.0,1007.0,HeavyRain
0.0,86.0,0.34,31.3,1003.0,Storm
27.3,89.0,0.32,33.5,1008.0,Storm
29.3,70.0,0.0,31.3,1016.0,Normal
29.2,48.0,0.0,15.8,1018.0,Normal
28.6,80.0,0.16,33.1,1009.0,Storm
28.3,79.0,0.01,34.2,1011.0,Storm
10.8,91.5,22.2,25.0,1001.6,HeavyRain
14.2,82.5,27.2,16.5,1023.9,HeavyRain
28.3,55.0,0.0,10.1,1017.0,Normal
9.4,30.0,0.0,40.0,1008.0,Storm
30.1,51.0,0.0,3.6,1012.0,Normal
23.75,86.0,32.6,4.5,1006.0,HeavyRain
26.1,42.0,0.0,22.0,1020.0,Normal
25.3,69.0,0.01,18.4,1013.0,Normal
22.0,80.5,43.4,31.5,1021.25,HeavyRain
19.5,78.0,0.0,34.2,1008.0,Storm
21.0,80.0,0.0,31.3,1011.0,Storm
5.4,61.0,0.02,38.2,985.0,Storm
29.0,70.0,0.0,31.3,1012.0,Storm
25.3,50.0,0.02,30.2,1009.0,Storm
28.65,76.5,59.6,4.0,1005.05,HeavyRain
27.7,39.0,0.0,32.0,1010.0,Storm
40.1,17.0,0.0,12.6,1005.0,Heatwave
38.1,13.0,0.0,31.0,1003.0,Storm
22.3,50.0,0.0,5.8,1002.0,Normal
24.15,99.5,35.0,52.0,1003.75,HeavyRain
12.4,74.0,26.8,18.5,1016.9,HeavyRain
41.2,8.0,0.0,11.5,1002.0,Heatwave
14.1,82.0,0.55,30.6,994.0,Storm
4.1,70.0,0.01,34.2,1009.0,Storm
26.3,71.0,20.8,20.5,1004.35,HeavyRain
25.3,61.0,0.02,16.9,1018.0,Normal
25.65,88.0,20.2,10.0,1007.55,HeavyRain
30.1,55.0,0.0,24.1,1012.0,Normal
28.7,16.0,0.0,33.1,1012.0,Storm
21.1,40.0,0.0,9.0,1013.0,Normal
18.0,94.0,38.0,28.5,1011.6,HeavyRain
28.5,83.0,0.0,39.6,1009.0,Storm
21.1,83.0,28.8,13.0,1009.9,HeavyRain
26.4,84.0,0.0,32.8,1011.0,Storm
19.0,88.0,0.0,30.6,1009.0,Storm
26.3,18.0,0.0,31.0,1001.0,Storm
26.3,61.0,0.0,3.6,1008.0,Normal
23.2,65.0,0.0,4.0,1010.0,Normal
18.55,94.5,28.0,27.5,1007.95,HeavyRain
5.9,86.0,25.6,27.5,1022.65,HeavyRain
25.3,89.0,0.05,31.3,1003.0,Storm
17.700000000000003,89.5,78.6,30.5,1006.3,HeavyRain
22.0,44.0,0.0,11.2,1015.0,Normal
28.1,58.0,0.01,31.7,1012.0,Storm
28.2,51.0,0.0,33.1,1012.0,Storm
41.0,13.0,0.0,10.4,1007.0,Heatwave
19.8,71.5,27.0,10.0,1021.5,HeavyRain
24.0,69.0,0.0,5.8,1013.0,Normal
29.2,79.0,2.5,30.2,1007.0,Storm
0.2,59.0,0.18,43.6,996.0,Storm
14.2,82.0,0.68,34.6,1006.0,Storm
20.3,88.0,0.0,33.1,1012.0,Storm
31.2,66.0,0.0,31.7,999.0,Storm
14.7,76.5,34.2,25.0,1007.25,HeavyRain
24.1,57.0,0.11,3.6,1014.0,Normal
41.2,19.0,0.0,20.5,1000.0,Heatwave
30.1,66.0,0.02,10.4,1008.0,Normal
27.1,66.0,0.0,6.8,1008.0,Normal
31.2,66.0,0.02,30.2,1011.0,Normal
31.2,71.0,0.77,43.2,999.0,Storm
24.9,47.0,0.0,4.3,1008.0,Normal
40.3,19.0,0.0,9.0,1013.0,Heatwave
5.0,65.0,0.07,31.0,999.0,Storm
26.0,58.0,0.0,32.0,1012.0,Storm
11.75,54.5,30.4,19.5,1019.75,HeavyRain
19.15,96.0,48.4,23.0,1004.1,HeavyRain
22.85,88.0,61.6,29.0,1010.15,HeavyRain
27.2,70.0,0.0,13.0,1014.0,Normal
11.0,76.0,0.01,40.3,1004.0,Storm
24.950000000000003,78.5,24.4,24.0,1017.25,HeavyRain
22.450000000000003,64.5,29.4,14.0,999.3,HeavyRain
31.2,71.0,0.62,36.0,1004.0,Storm
15.0,67.0,0.12,41.8,1001.0,Storm
21.7,42.0,0.0,8.3,1012.0,Normal
25.8,75.5,24.4,2.0,1000.3,HeavyRain
29.1,67.0,0.0,31.7,1012.0,Storm
28.2,84.0,0.03,35.3,1012.0,Storm
27.5,61.0,44.6,13.0,1008.85,HeavyRain
21.8,86.5,105.4,16.0,1017.45,HeavyRain
32.4,46.0,0.0,18.7,1009.0,Normal
42.3,27.0,0.0,9.4,999.0,Heatwave
28.5,76.0,0.66,30.2,1008.0,Storm
25.35,70.0,24.6,28.5,1018.8,HeavyRain
45.9,5.0,0.0,17.6,996.0,Heatwave
42.9,12.0,0.0,6.1,1005.0,Heatwave
33.3,27.0,0.0,33.1,1010.0,Storm
18.85,66.5,27.2,22.0,1025.5,HeavyRain
18.950000000000003,80.0,51.2,15.0,1023.0,HeavyRain
7.2,87.0,0.72,41.8,1001.0,Storm
45.2,8.0,0.0,7.9,999.0,Heatwave
33.6,55.0,1.17,5.0,998.0,Normal
27.4,66.0,0.0,24.1,1012.0,Normal
46.1,11.0,0.0,16.9,994.0,Heatwave
23.2,53.0,0.0,4.3,1020.0,Normal
28.3,40.0,0.0,9.0,1016.0,Normal
34.9,62.0,0.0,14.0,993.0,Normal
42.3,25.0,0.12,22.0,1005.0,Heatwave
40.4,28.0,0.0,18.0,1002.0,Heatwave
27.1,89.0,1.26,31.0,1011.0,Storm
14.4,73.5,36.8,47.5,1015.9,HeavyRain
25.2,39.0,0.0,17.3,1019.0,Normal
32.1,56.0,0.0,9.7,1008.0,Normal
41.4,5.0,0.0,43.2,1000.0,Heatwave
25.15,92.0,81.2,18.5,1007.4,HeavyRain
40.0,7.0,0.0,13.0,1010.0,Heatwave
3.1,93.0,0.5,30.2,988.0,Storm
12.9,83.0,126.4,8.0,1019.8,HeavyRain
26.0,48.0,0.05,28.1,1024.0,Normal
26.1,79.0,0.03,32.8,1012.0,Storm
17.3,77.0,0.01,38.9,1000.0,Storm
9.0,93.0,0.0,33.1,1009.0,Storm
28.3,84.0,0.04,34.9,1005.0,Storm
33.0,59.0,0.0,6.8,1003.0,Normal
27.1,84.0,0.41,33.8,1010.0,Storm
32.7,26.0,0.0,30.6,1006.0,Storm
41.9,8.0,0.0,16.2,996.0,Heatwave
15.1,70.0,57.0,3.0,1016.6,HeavyRain
11.8,67.0,81.8,14.0,1001.3,HeavyRain
26.2,89.0,0.05,36.0,1012.0,Storm
24.0,65.0,0.0,12.2,1020.0,Normal
26.8,75.0,0.04,35.3,1011.0,Storm
22.4,23.0,0.0,32.4,1010.0,Storm
26.3,30.0,0.0,6.5,1018.0,Normal
15.7,86.0,1.59,38.2,1000.0,Storm
32.3,63.0,0.3,31.0,1005.0,Storm
14.45,77.0,23.8,14.0,1007.4,HeavyRain
12.1,67.0,0.0,30.2,999.0,Storm
25.1,39.0,0.0,13.0,1009.0,Normal
32.3,59.0,0.54,29.9,1000.0,Normal
32.9,35.0,0.0,36.4,1008.0,Storm
17.6,98.0,20.2,15.5,1010.15,HeavyRain
18.4,63.5,23.6,29.0,997.7,HeavyRain
20.3,40.0,0.01,30.6,997.0,Storm
23.05,71.0,67.6,12.0,1008.35,HeavyRain
30.3,15.0,0.0,31.7,1011.0,Storm
24.5,61.0,0.0,4.3,1009.0,Normal
30.4,70.0,0.04,31.7,1015.0,Normal
32.1,63.0,0.01,33.1,1012.0,Storm
24.7,37.0,0.0,8.3,1017.0,Normal
22.0,58.0,0.0,6.8,1017.0,Normal
26.3,42.0,0.0,4.7,1015.0,Normal
44.3,11.0,0.0,28.1,1000.0,Heatwave
10.3,82.0,0.0,38.9,1005.0,Storm
19.55,79.5,44.2,27.0,1017.3,HeavyRain
25.3,69.0,0.0,15.1,1013.0,Normal
9.0,87.0,0.01,33.1,997.0,Storm
11.1,77.0,21.8,28.0,1021.45,HeavyRain
40.4,5.0,0.0,8.6,1012.0,Heatwave
40.5,13.0,0.0,33.8,1005.0,Heatwave
32.1,59.0,0.02,19.4,1009.0,Normal
22.2,65.0,0.0,3.6,1012.0,Normal
32.3,67.0,0.0,5.8,1007.0,Normal
25.0,34.0,0.0,15.1,1015.0,Normal
11.3,94.0,1.07,33.5,993.0,Storm
18.200000000000003,71.5,24.2,15.5,1010.2,HeavyRain
12.1,94.0,0.12,31.0,1002.0,Storm
21.4,57.0,2.88,14.4,1009.0,Normal
22.2,30.0,0.0,10.4,1018.0,Normal
30.1,70.0,0.02,5.4,1014.0,Normal
28.6,55.0,0.0,5.4,1013.0,Normal
41.2,22.0,0.0,17.6,997.0,Heatwave
21.2,95.0,71.0,11.0,1013.85,HeavyRain
28.7,69.0,0.08,9.0,1012.0,Normal
25.75,82.5,37.8,16.0,1010.4,HeavyRain
33.3,59.0,0.0,9.0,1010.0,Normal
13.25,88.0,36.4,32.0,1015.05,HeavyRain
45.4,4.0,0.0,31.0,1001.0,Storm
9.9,96.0,50.0,18.5,997.4,HeavyRain
33.2,63.0,0.0,9.4,998.0,Normal
16.35,53.0,47.6,29.0,1022.65,HeavyRain
26.1,74.0,0.07,30.6,1011.0,Storm
22.1,69.0,0.0,3.6,1012.0,Normal
13.0,77.0,0.01,38.9,996.0,Storm
13.6,97.5,40.8,33.5,1018.0,HeavyRain
34.2,53.0,0.0,31.7,1008.0,Storm
31.2,43.0,0.0,6.8,1014.0,Normal
32.2,29.0,0.0,31.0,1010.0,Storm
47.2,7.0,0.0,22.0,1001.0,Heatwave
44.1,16.0,0.0,22.0,991.0,Heatwave
13.0,67.0,2.26,49.7,979.0,Storm
11.1,70.5,20.8,23.5,1025.9499999999998,HeavyRain
26.3,93.0,1.32,38.9,1007.0,Storm
40.2,5.0,0.0,4.3,1007.0,Heatwave
26.0,70.0,0.0,4.7,1007.0,Normal
20.3,83.0,0.0,32.8,1012.0,Storm
27.25,85.5,121.6,5.5,1005.6,HeavyRain
40.1,10.0,0.0,5.4,1004.0,Heatwave
4.1,81.0,0.0,38.9,1010.0,Storm
13.15,90.5,21.6,18.5,1007.05,HeavyRain
15.0,83.5,35.2,37.5,1015.55,HeavyRain
40.1,16.0,0.0,11.2,998.0,Heatwave
22.9,83.5,30.6,14.0,1017.45,HeavyRain
22.4,53.0,0.0,31.0,1020.0,Normal
16.0,60.0,21.4,23.0,1002.1,HeavyRain
29.1,70.0,0.0,10.1,1013.0,Normal
26.3,79.0,0.05,30.6,1012.0,Storm
20.4,43.0,0.0,31.7,1011.0,Storm
25.4,61.0,0.39,8.6,1014.0,Normal
19.85,91.5,22.8,22.5,1022.45,HeavyRain
30.4,70.0,0.0,31.3,1010.0,Storm
19.2,86.0,0.64,53.6,988.0,Storm
25.4,45.0,0.03,13.3,1012.0,Normal
22.35,83.5,23.8,13.0,1016.5,HeavyRain
27.0,84.0,0.02,31.0,1009.0,Storm
28.4,46.0,27.2,21.0,1010.55,HeavyRain
21.9,35.0,0.0,37.8,1000.0,Storm
28.3,84.0,0.11,33.5,1011.0,Storm
28.2,56.0,0.0,13.3,1013.0,Normal
27.7,74.0,0.21,30.2,1008.0,Storm
40.3,15.0,0.0,24.1,1005.0,Heatwave
18.55,76.5,79.2,50.0,1026.4,HeavyRain
31.3,66.0,0.0,7.6,1010.0,Normal
23.0,53.0,0.0,34.9,1011.0,Storm
17.65,86.0,23.0,21.0,1022.9,HeavyRain
8.6,78.0,30.6,22.0,1004.3,HeavyRain
17.95,84.0,76.0,45.0,1012.7,HeavyRain
10.1,82.0,0.01,38.9,1004.0,Storm
40.3,7.0,0.0,16.2,1007.0,Heatwave
23.3,18.0,0.0,31.3,1012.0,Storm
28.5,77.0,0.25,30.2,1007.0,Storm
27.9,73.0,23.6,18.5,1010.4,HeavyRain
12.5,68.0,23.2,5.5,1017.95,HeavyRain
24.1,57.0,0.0,14.8,1024.0,Normal
30.2,70.0,0.0,32.0,1007.0,Storm
25.3,44.0,0.0,29.9,1014.0,Normal
19.35,83.0,22.6,20.5,1009.15,HeavyRain
11.1,76.0,0.0,30.2,1012.0,Storm
21.3,64.0,0.0,21.2,1022.0,Normal
44.1,5.0,0.0,9.4,1003.0,Heatwave
25.0,57.0,0.0,3.6,1011.0,Normal
28.2,47.0,0.0,19.1,1016.0,Normal
45.1,14.0,0.0,33.1,991.0,Storm
20.0,64.0,0.02,20.5,1018.0,Normal
8.1,84.0,0.59,36.7,997.0,Storm
40.3,7.0,0.0,4.3,1005.0,Heatwave
45.2,11.0,0.0,22.0,995.0,Heatwave
14.5,31.0,0.01,30.6,1005.0,Storm
28.2,35.0,0.0,22.0,1012.0,Normal
12.75,78.0,21.8,14.0,1022.75,HeavyRain
26.3,70.0,0.0,7.6,1013.0,Normal
41.1,14.0,0.0,15.1,1002.0,Heatwave
25.65,66.5,22.6,9.0,1011.7,HeavyRain
31.1,21.0,0.0,33.8,1008.0,Storm
27.950000000000003,78.0,33.4,17.5,1008.25,HeavyRain
7.199999999999999,85.5,20.6,26.5,1008.25,HeavyRain
44.8,12.0,0.0,19.4,994.0,Heatwave
23.0,88.5,106.2,39.0,1013.05,HeavyRain
28.0,79.0,0.01,31.7,1009.0,Storm
19.25,92.5,38.0,30.5,1012.85,HeavyRain
18.9,94.0,24.0,29.5,1018.85,HeavyRain
31.2,43.0,0.0,12.6,1011.0,Normal
22.4,65.0,0.0,9.0,1020.0,Normal
27.2,45.0,0.0,7.2,1009.0,Normal
24.7,96.5,62.8,17.5,1004.05,HeavyRain
29.3,70.0,0.0,39.2,1010.0,Storm
41.4,14.0,0.0,30.6,1007.0,Heatwave
17.35,60.0,22.2,18.5,1011.5,HeavyRain
24.1,39.0,0.0,40.7,1006.0,Storm
25.0,89.0,0.94,43.9,1006.0,Storm
22.65,86.5,41.8,5.5,1005.1,HeavyRain
25.2,51.0,0.0,6.1,1021.0,Normal
21.8,85.0,1.12,35.6,1004.0,Storm
18.95,78.0,21.2,15.0,1013.9,HeavyRain
27.8,80.5,21.0,12.0,1011.5,HeavyRain
41.0,14.0,0.0,11.2,999.0,Heatwave
26.3,70.0,0.03,27.7,1018.0,Normal
15.6,68.0,20.2,19.5,1023.9,HeavyRain
31.2,49.0,0.0,9.4,1012.0,Normal
25.4,71.5,65.2,4.5,1005.35,HeavyRain
42.2,16.0,0.0,36.7,995.0,Heatwave
30.3,70.0,0.0,34.2,1011.0,Storm
4.3,81.0,0.18,53.3,998.0,Storm
32.4,63.0,0.13,4.3,1005.0,Normal
26.200000000000003,80.5,51.4,21.5,1013.35,HeavyRain
19.75,96.0,25.2,22.0,1014.85,HeavyRain
43.0,7.0,0.0,15.8,1003.0,Heatwave
43.3,13.0,0.0,19.8,999.0,Heatwave
7.3,100.0,4.37,50.8,996.0,Storm
46.8,8.0,0.0,14.4,997.0,Heatwave
35.6,21.0,0.0,35.6,1008.0,Storm
27.5,55.0,0.0,20.2,1016.0,Normal
26.8,78.0,75.8,26.0,1008.65,HeavyRain
42.1,30.0,0.0,8.6,999.0,Heatwave
15.5,75.5,30.8,26.0,1010.05,HeavyRain
26.65,87.0,21.4,11.0,1010.0,HeavyRain
21.1,60.0,0.0,25.6,1025.0,Normal
38.2,27.0,0.0,33.1,1003.0,Storm
28.1,84.0,0.0,34.9,1009.0,Storm
27.0,58.0,0.0,5.4,1020.0,Normal
25.5,69.0,20.8,8.5,1018.85,HeavyRain
28.2,79.0,0.03,31.3,1009.0,Storm
21.0,46.0,0.0,11.2,1020.0,Normal
13.8,89.0,40.2,12.0,1017.05,HeavyRain
29.1,66.0,0.0,9.0,1006.0,Normal
26.8,48.0,0.0,17.3,1014.0,Normal
26.3,28.0,0.0,31.0,1006.0,Storm
1.1,69.0,0.0,43.9,983.0,Storm
28.4,77.0,0.22,35.3,1007.0,Storm
22.45,74.5,21.4,14.5,1018.25,HeavyRain
40.4,5.0,0.0,18.4,1007.0,Heatwave
14.6,91.0,37.4,14.5,1000.9,HeavyRain
26.1,88.5,78.4,37.0,1001.95,HeavyRain
28.2,90.0,38.6,17.0,1010.75,HeavyRain
17.2,90.5,26.6,9.5,1014.5,HeavyRain
28.200000000000003,71.5,38.0,20.5,1009.8,HeavyRain
32.0,67.0,0.19,15.1,1015.0,Normal
22.75,82.0,95.2,17.5,1003.3,HeavyRain
31.1,71.0,0.0,32.4,1008.0,Storm
42.2,7.0,0.0,22.3,999.0,Heatwave
23.4,69.0,0.0,4.7,1024.0,Normal
17.5,62.5,22.8,38.0,1006.4,HeavyRain
22.5,57.5,35.4,19.0,1021.65,HeavyRain
18.25,89.0,46.8,41.0,1011.35,HeavyRain
29.0,70.0,0.0,31.3,1012.0,Normal
26.35,80.0,29.8,16.5,1010.9,HeavyRain
20.1,35.0,0.0,6.1,1022.0,Normal
26.75,72.5,43.2,21.0,1012.5,HeavyRain
27.4,85.0,36.6,21.5,1008.6,HeavyRain
15.4,82.5,103.4,23.0,1015.5,HeavyRain
19.950000000000003,74.0,24.0,25.0,1006.3,HeavyRain
27.0,25.0,0.0,32.4,1006.0,Storm
25.05,92.5,96.0,17.0,1010.45,HeavyRain
26.1,87.5,102.2,12.0,1013.45,HeavyRain
10.95,67.5,26.4,35.0,1006.4,HeavyRain
12.1,77.0,2.03,36.4,1000.0,Storm
16.35,94.5,81.8,34.0,1013.6,HeavyRain
18.3,79.5,24.4,21.0,1021.3,HeavyRain
25.0,61.0,0.0,42.8,1010.0,Storm
23.4,61.0,0.02,9.7,1016.0,Normal
25.700000000000003,89.5,44.8,23.0,1007.4,HeavyRain
33.2,22.0,0.0,33.8,1012.0,Storm
11.6,86.5,20.4,30.5,1012.55,HeavyRain
32.3,36.0,0.0,19.1,1013.0,Normal
44.3,3.0,0.0,24.5,1005.0,Heatwave
10.8,79.5,29.6,10.0,1018.85,HeavyRain
13.75,89.5,45.4,22.0,1016.95,HeavyRain
14.3,36.0,0.0,30.6,1012.0,Storm
29.4,52.0,0.0,6.1,1011.0,Normal
44.4,18.0,0.0,34.2,996.0,Storm
24.25,83.5,23.8,16.0,1008.6,HeavyRain
25.15,84.0,54.4,19.0,1007.95,HeavyRain
14.8,69.0,25.2,17.0,1018.65,HeavyRain
29.0,79.0,0.02,34.6,1008.0,Storm
26.3,74.0,0.02,34.6,1011.0,Storm
26.1,89.0,2.01,34.6,1011.0,Storm
23.1,53.0,0.0,10.8,1014.0,Normal
27.950000000000003,70.0,26.2,17.5,1007.25,HeavyRain
18.3,91.0,61.4,13.0,1028.0,HeavyRain
30.2,43.0,0.0,3.6,1012.0,Normal
26.0,94.0,0.3,33.5,1005.0,Storm
41.1,16.0,0.0,20.5,1000.0,Heatwave
26.2,89.0,0.74,37.8,1012.0,Storm
20.4,68.0,0.0,23.0,1014.0,Normal
12.45,74.0,26.6,5.5,1017.5,HeavyRain
-1.0,80.0,0.0,33.8,994.0,Storm
10.45,85.0,22.4,14.0,1007.6,HeavyRain
29.3,66.0,0.02,10.8,1013.0,Normal
12.6,79.5,30.6,10.0,1015.85,HeavyRain
25.75,60.5,40.4,15.0,1012.45,HeavyRain
42.0,25.0,0.0,4.7,1003.0,Heatwave
26.9,46.0,0.0,30.2,1011.0,Storm
6.1,75.0,0.32,37.8,985.0,Storm
7.4,93.0,0.07,32.8,1005.0,Storm
15.2,88.0,0.03,30.6,1006.0,Storm
23.1,57.0,0.0,31.3,1008.0,Storm
40.2,12.0,0.0,9.7,1006.0,Heatwave
29.3,70.0,0.0,31.7,1012.0,Storm
16.4,88.0,1.2,33.8,986.0,Storm
30.2,70.0,5.53,35.3,1004.0,Storm
27.0,66.0,0.0,31.3,1011.0,Normal
33.0,19.0,0.0,47.9,1011.0,Storm
19.4,43.0,0.0,37.8,987.0,Storm
25.0,65.0,0.02,16.2,1019.0,Normal
12.35,74.0,50.0,13.0,1019.65,HeavyRain
26.200000000000003,89.0,35.6,22.0,1002.85,HeavyRain
20.3,71.5,26.4,14.0,1008.4,HeavyRain
25.4,100.0,2.97,32.8,1007.0,Storm
24.7,60.0,0.0,10.8,1018.0,Normal
33.0,49.0,0.0,3.6,1004.0,Normal
26.2,84.0,0.06,43.9,1012.0,Storm
24.1,96.5,236.8,21.0,1002.2,HeavyRain
26.4,42.0,0.0,5.8,1011.0,Normal
24.2,100.0,0.02,30.6,1010.0,Storm
27.2,74.0,0.04,31.7,1011.0,Storm
42.2,8.0,0.0,22.0,1008.0,Heatwave
22.3,94.0,0.02,30.2,1012.0,Storm
23.6,72.5,28.2,13.0,1013.55,HeavyRain
14.3,94.0,0.27,43.2,1012.0,Storm
12.55,89.0,64.2,15.0,1019.15,HeavyRain
12.0,89.0,62.8,25.0,1017.3,HeavyRain
15.75,43.0,21.6,24.0,1003.55,HeavyRain
27.2,58.0,0.0,14.0,1021.0,Normal
23.9,52.0,0.01,16.6,1016.0,Normal
14.45,63.5,20.4,15.5,1029.25,HeavyRain
38.1,26.0,0.0,32.4,1007.0,Storm
24.6,17.0,0.0,35.3,1012.0,Storm
44.0,4.0,0.0,12.6,1007.0,Heatwave
27.0,65.0,0.0,32.0,1010.0,Storm
9.2,50.0,0.0,37.8,1012.0,Storm
19.3,93.5,26.6,14.0,1020.25,HeavyRain
41.3,22.0,0.0,11.2,999.0,Heatwave
32.2,67.0,0.08,10.1,1010.0,Normal
29.1,84.0,0.23,34.9,1010.0,Storm
20.75,82.5,66.0,14.5,1009.85,HeavyRain
32.2,67.0,0.0,12.6,1011.0,Normal
30.1,75.0,0.0,30.2,1008.0,Storm
9.1,87.0,0.57,37.8,1009.0,Storm
25.9,92.0,148.6,29.0,1001.25,HeavyRain
21.0,64.0,0.0,17.6,1012.0,Normal
16.1,42.0,0.0,33.5,1002.0,Storm
28.0,79.0,0.0,32.0,1009.0,Storm
24.4,52.0,0.0,13.7,1020.0,Normal
36.2,39.0,0.0,33.1,999.0,Storm
21.1,69.0,0.0,32.0,1011.0,Storm
32.4,41.0,0.0,21.2,1011.0,Normal
26.3,89.0,0.06,40.7,1011.0,Storm
30.1,66.0,0.15,9.0,1009.0,Normal
28.1,79.0,0.03,31.3,1011.0,Storm
12.3,88.0,0.06,41.8,1006.0,Storm
23.2,68.0,0.0,23.0,1013.0,Normal
29.2,76.0,0.44,32.0,1008.0,Storm
11.55,86.5,27.6,14.0,1014.25,HeavyRain
18.0,77.5,36.4,11.0,1008.9,HeavyRain
13.15,75.5,23.6,12.0,1015.65,HeavyRain
13.85,62.5,20.0,29.0,1008.6,HeavyRain
32.1,67.0,0.0,7.2,1010.0,Normal
28.2,58.0,0.0,33.1,1011.0,Storm
32.3,63.0,0.0,9.4,1008.0,Normal
24.2,69.0,0.0,33.1,1012.0,Storm
44.2,10.0,0.0,10.4,1000.0,Heatwave
16.8,76.5,20.6,33.0,991.15,HeavyRain
45.2,17.0,0.0,35.6,998.0,Storm
28.3,55.0,0.0,40.7,1005.0,Storm
6.550000000000001,82.0,33.6,13.0,1009.25,HeavyRain
22.1,53.0,0.0,13.0,1021.0,Normal
41.0,12.0,0.0,20.2,1008.0,Heatwave
26.2,61.0,0.0,22.0,1019.0,Normal
22.3,61.0,0.0,11.2,1014.0,Normal
31.1,36.0,0.0,5.4,1017.0,Normal
11.85,94.0,20.0,17.5,1013.7,HeavyRain
26.1,65.0,0.0,10.4,1020.0,Normal
12.0,74.0,20.8,20.5,1012.75,HeavyRain
41.0,21.0,0.0,11.2,1001.0,Heatwave
16.7,81.0,33.2,11.0,1007.65,HeavyRain
26.9,91.0,59.6,15.5,1002.85,HeavyRain
1.2,80.0,0.0,30.2,997.0,Storm
27.4,68.0,38.2,20.5,1010.3,HeavyRain
12.9,71.5,79.0,35.5,1013.3,HeavyRain
40.2,8.0,0.0,9.7,1012.0,Heatwave
14.1,83.5,38.2,14.0,1020.75,HeavyRain
28.1,79.0,0.0,32.4,1011.0,Storm
43.0,11.0,0.0,29.5,999.0,Heatwave
15.2,88.0,0.25,52.9,1004.0,Storm
33.3,63.0,0.01,4.7,1006.0,Normal
7.9,73.0,31.8,27.0,1009.7,HeavyRain
43.4,5.0,0.0,9.0,1006.0,Heatwave
26.3,94.0,1.07,41.4,1004.0,Storm
31.4,41.0,0.0,37.1,1007.0,Storm
20.1,80.0,22.8,21.0,1008.1,HeavyRain
27.3,45.0,0.0,20.5,1016.0,Normal
41.1,9.0,0.0,15.1,1002.0,Heatwave
28.8,83.0,0.03,33.8,1008.0,Storm
32.0,67.0,0.0,15.1,1011.0,Normal
12.65,87.0,21.4,23.0,1007.0,HeavyRain
27.0,84.0,2.07,32.4,1010.0,Storm
25.4,94.0,0.38,32.0,1008.0,Storm
24.4,61.0,0.01,8.6,1015.0,Normal
16.049999999999997,83.0,46.4,24.0,1019.35,HeavyRain
32.2,67.0,0.0,4.3,1012.0,Normal
40.3,12.0,0.0,6.8,1005.0,Heatwave
32.2,49.0,0.0,6.8,1009.0,Normal
17.1,63.0,0.0,41.4,1004.0,Storm
30.1,52.0,0.0,15.1,1013.0,Normal
16.3,95.5,23.6,22.0,1011.7,HeavyRain
26.950000000000003,71.5,41.0,8.0,1009.05,HeavyRain
25.9,37.0,0.0,14.8,1020.0,Normal
9.1,62.0,0.01,36.4,1001.0,Storm
28.65,80.0,33.0,12.0,1008.2,HeavyRain
7.45,98.0,49.6,28.5,1013.15,HeavyRain
29.1,71.0,27.2,17.5,1007.15,HeavyRain
39.3,31.0,0.0,36.4,1000.0,Storm
28.0,58.0,0.0,12.6,1016.0,Normal
30.0,75.0,0.0,31.0,1008.0,Storm
9.3,100.0,1.12,43.9,1000.0,Storm
16.85,89.0,43.8,19.5,1009.35,HeavyRain
25.7,59.0,0.0,7.6,1007.0,Normal
14.55,90.0,36.0,23.5,1019.45,HeavyRain
34.4,50.0,0.0,7.9,1006.0,Normal
16.2,88.0,0.0,65.2,1007.0,Storm
14.35,77.5,24.4,29.0,1027.6,HeavyRain
13.55,80.0,23.6,12.5,1010.7,HeavyRain
41.2,19.0,0.0,40.3,996.0,Storm
10.3,76.0,0.11,37.4,995.0,Storm
43.3,9.0,0.0,31.0,998.0,Heatwave
14.4,88.0,0.35,42.1,1008.0,Storm
6.3,70.0,0.0,34.6,986.0,Storm
18.85,91.0,43.4,15.5,1012.8,HeavyRain
23.1,47.0,0.0,25.9,1015.0,Normal
20.3,68.0,0.0,10.1,1013.0,Normal
25.75,56.5,44.6,16.5,1014.75,HeavyRain
40.7,7.0,0.0,24.1,1006.0,Heatwave
24.0,100.0,7.34,46.8,1008.0,Storm
23.25,85.0,21.6,21.5,1016.65,HeavyRain
27.35,70.0,39.4,16.5,1008.45,HeavyRain
14.85,77.0,34.6,7.0,1016.05,HeavyRain
29.2,52.0,0.0,4.3,1010.0,Normal
3.5,23.0,0.0,32.8,1010.0,Storm
14.5,97.0,22.0,17.5,1000.1,HeavyRain
33.3,13.0,0.0,31.7,1011.0,Storm
33.2,56.0,0.0,15.5,1008.0,Normal
29.4,51.0,0.0,19.8,1013.0,Normal
33.1,53.0,0.0,17.6,1015.0,Normal
30.7,63.0,0.0,3.6,1011.0,Normal
41.5,20.0,0.07,6.1,1001.0,Heatwave
24.1,34.0,0.0,31.0,1017.0,Normal
16.45,75.0,26.6,18.5,1030.1,HeavyRain
23.4,31.0,0.0,24.8,1021.0,Normal
2.3,69.0,0.31,67.3,974.0,Storm
40.0,23.0,0.0,25.9,1003.0,Heatwave
14.1,77.0,24.4,10.0,1016.05,HeavyRain
20.6,69.5,32.8,11.0,1013.85,HeavyRain
18.2,67.0,0.0,30.6,1004.0,Storm
31.3,63.0,0.0,22.0,1012.0,Normal
28.0,77.0,0.04,34.9,1012.0,Storm
42.0,17.0,0.0,13.0,998.0,Heatwave
44.0,6.0,0.0,18.4,1004.0,Heatwave
21.200000000000003,60.0,26.8,5.0,1018.65,HeavyRain
24.0,81.0,36.6,14.0,1016.65,HeavyRain
2.1,64.0,0.08,41.0,995.0,Storm
21.0,46.0,0.0,3.6,1028.0,Normal
21.2,53.0,0.0,6.5,1034.0,Normal
27.9,67.0,0.0,4.0,1017.0,Normal
21.4,57.0,0.01,35.6,1015.0,Normal
26.6,36.0,0.0,13.0,1014.0,Normal
11.2,76.0,0.09,50.4,1007.0,Storm
23.3,80.5,64.2,13.0,1003.0,HeavyRain
33.4,24.0,0.0,34.2,1012.0,Storm
29.0,70.0,0.0,6.8,1012.0,Normal
14.05,85.0,24.0,22.0,1014.15,HeavyRain
31.2,63.0,0.0,5.8,1007.0,Normal
42.4,9.0,0.0,25.9,1000.0,Heatwave
16.549999999999997,43.5,25.0,14.0,1016.5,HeavyRain
28.4,74.0,0.03,32.0,1012.0,Storm
41.4,27.0,0.0,6.8,1012.0,Heatwave
26.6,39.0,0.37,19.8,1014.0,Normal
9.4,81.0,0.15,33.1,990.0,Storm
21.85,89.0,29.8,18.0,1021.9,HeavyRain
23.7,16.0,0.0,31.7,1010.0,Storm
45.7,10.0,0.0,25.2,997.0,Heatwave
26.1,79.0,0.0,33.1,1009.0,Storm
18.15,95.0,56.2,5.0,1018.65,HeavyRain
29.1,79.0,0.91,32.8,1011.0,Storm
5.4,45.0,0.0,34.9,1010.0,Storm
14.3,81.0,20.0,10.0,1016.8,HeavyRain
41.6,20.0,0.0,33.1,1000.0,Heatwave
42.2,13.0,0.0,35.3,1003.0,Heatwave
28.6,31.0,0.0,7.9,1013.0,Normal
25.0,92.0,49.2,5.5,1004.6,HeavyRain
14.4,72.0,0.25,52.9,1009.0,Storm
26.0,48.0,0.0,9.0,1016.0,Normal
33.2,32.0,0.0,5.0,1008.0,Normal
28.0,84.0,0.51,33.5,1010.0,Storm
31.0,55.0,0.34,33.1,1012.0,Storm
42.3,22.0,0.0,22.7,1002.0,Heatwave
28.2,74.0,0.0,32.8,1010.0,Storm
28.8,80.0,0.23,39.6,1009.0,Storm
22.2,61.0,0.0,16.6,1027.0,Normal
19.4,77.5,25.6,19.5,1015.1,HeavyRain
20.75,85.0,27.4,12.0,1005.95,HeavyRain
8.8,66.5,32.8,24.0,1006.45,HeavyRain
42.0,6.0,0.0,19.1,1010.0,Heatwave
17.1,59.0,0.01,34.2,1008.0,Storm
24.85,79.0,32.8,17.5,1015.65,HeavyRain
28.0,69.0,40.0,12.0,1009.85,HeavyRain
26.0,45.0,0.06,3.6,1013.0,Normal
34.1,34.0,0.0,11.5,1010.0,Normal
27.1,37.0,0.0,7.6,1011.0,Normal
22.4,40.0,1.86,27.0,1004.0,Normal
41.3,18.0,0.0,29.9,994.0,Heatwave
4.2,93.0,0.2,35.3,999.0,Storm
16.85,91.5,73.8,22.5,1019.55,HeavyRain
29.2,40.0,0.0,8.6,1016.0,Normal
25.2,67.0,0.01,33.1,1019.0,Normal
25.4,86.5,174.6,33.0,999.5,HeavyRain
25.8,82.5,64.6,20.5,1011.55,HeavyRain
32.4,25.0,0.0,33.5,1012.0,Storm
8.7,76.5,26.2,30.5,1011.7,HeavyRain
32.0,64.0,0.0,12.6,999.0,Normal
21.1,43.0,0.0,6.8,1016.0,Normal
26.85,79.0,84.0,26.0,1012.5,HeavyRain
13.2,88.0,2.61,33.8,1000.0,Storm
18.95,93.0,40.2,9.0,1005.95,HeavyRain
30.2,62.0,0.0,3.6,1015.0,Normal
16.05,67.0,25.2,28.0,1032.8,HeavyRain
21.5,87.0,153.2,30.5,1008.4,HeavyRain
27.6,80.0,0.96,30.2,1009.0,Storm
39.2,38.0,0.18,33.8,1004.0,Storm
44.9,9.0,0.0,36.0,1000.0,Heatwave
30.0,62.0,1.3,13.3,1007.0,Normal
27.7,71.0,0.01,30.6,1012.0,Storm
8.75,59.5,22.2,39.0,1003.7,HeavyRain
42.0,20.0,0.0,11.2,1010.0,Heatwave
21.9,92.0,37.0,18.5,1014.5,HeavyRain
24.4,57.0,0.0,29.2,1014.0,Normal
40.3,14.0,0.0,16.9,1010.0,Heatwave
41.3,14.0,0.0,10.4,1001.0,Heatwave
41.3,22.0,0.0,25.2,1000.0,Heatwave
6.4,87.0,0.1,31.0,994.0,Storm
14.75,87.5,27.2,9.0,1004.9,HeavyRain
36.2,22.0,0.0,37.1,1011.0,Storm
9.2,82.0,42.6,23.0,1002.85,HeavyRain
24.05,87.5,36.2,4.0,1013.35,HeavyRain
16.0,83.0,42.6,33.0,1018.95,HeavyRain
24.95,88.0,38.0,15.5,1007.75,HeavyRain
25.8,50.0,0.04,13.0,1015.0,Normal
45.4,14.0,0.0,16.9,1003.0,Heatwave
21.55,85.0,22.0,25.0,1015.4,HeavyRain
25.45,90.5,45.8,19.0,1010.4,HeavyRain
41.4,23.0,0.0,13.0,999.0,Heatwave
20.2,87.0,33.2,16.0,1020.3,HeavyRain
42.3,20.0,0.0,18.0,1000.0,Heatwave
30.6,78.0,0.0,30.6,997.0,Storm
16.05,48.5,67.8,31.0,999.15,HeavyRain
10.0,71.0,0.0,37.8,1011.0,Storm
16.55,88.5,27.6,23.5,1021.55,HeavyRain
-2.0,93.0,0.25,30.6,1008.0,Storm
27.8,83.0,0.86,31.0,1012.0,Storm
14.45,84.0,20.0,19.5,1004.25,HeavyRain
26.3,55.0,0.0,5.4,1013.0,Normal
9.0,93.0,2.5,65.2,1006.0,Storm
21.2,88.0,0.0,31.7,1011.0,Storm
19.2,73.0,0.0,31.0,1004.0,Storm
9.7,98.5,41.8,22.0,1011.35,HeavyRain
2.2,69.0,0.19,32.4,991.0,Storm
35.0,50.0,0.0,10.8,1003.0,Normal
33.8,11.0,0.0,31.0,1012.0,Storm
30.4,33.0,0.0,12.6,1011.0,Normal
27.0,83.0,36.2,12.0,1004.55,HeavyRain
13.45,82.5,58.6,18.5,1010.0,HeavyRain
13.9,82.0,36.6,17.0,1015.05,HeavyRain
26.3,89.0,0.02,43.6,1012.0,Storm
4.3,70.0,0.0,32.0,991.0,Storm
26.1,94.0,0.03,35.6,1011.0,Storm
40.3,16.0,0.0,35.3,1003.0,Heatwave
18.1,37.0,0.0,32.4,1012.0,Storm
20.8,86.0,20.6,40.0,1018.5,HeavyRain
10.4,79.0,0.0,37.4,1005.0,Storm
35.0,65.0,0.0,32.0,994.0,Storm
31.8,60.0,0.0,31.7,1001.0,Storm
11.55,82.0,20.8,14.5,1013.6,HeavyRain
29.2,75.0,0.06,33.8,1012.0,Storm
43.1,5.0,0.0,12.2,1006.0,Heatwave
8.0,93.0,25.6,24.0,1011.65,HeavyRain
28.1,51.0,0.0,13.0,1017.0,Normal
16.1,79.0,34.6,13.0,1012.1,HeavyRain
26.0,63.0,0.0,20.9,1021.0,Normal
39.3,15.0,0.0,37.1,1005.0,Storm
40.0,17.0,0.0,6.8,1000.0,Heatwave
13.15,80.0,78.8,35.0,1004.05,HeavyRain
-1.3,59.0,0.0,33.8,996.0,Storm
25.0,47.0,0.0,9.0,1022.0,Normal
24.1,50.0,0.0,36.7,1015.0,Normal
25.2,47.0,0.0,3.6,1015.0,Normal
31.1,41.0,0.0,3.6,1008.0,Normal
26.1,70.0,0.0,29.9,1014.0,Normal
28.2,55.0,0.0,29.9,1015.0,Normal
24.6,83.5,20.0,15.0,1010.25,HeavyRain
41.3,15.0,0.0,15.1,1006.0,Heatwave
28.4,65.0,0.0,8.3,1014.0,Normal
27.35,79.5,32.8,26.0,1004.8,HeavyRain
25.3,61.0,0.0,6.1,1011.0,Normal
14.2,71.5,24.2,6.5,1009.75,HeavyRain
4.0,75.0,0.01,37.4,998.0,Storm
23.0,57.0,0.0,24.1,999.0,Normal
29.0,79.0,0.43,33.5,999.0,Storm
45.2,9.0,0.0,27.7,998.0,Heatwave
28.2,74.0,0.19,37.1,1012.0,Storm
26.4,46.0,0.0,16.6,1004.0,Normal
14.7,62.5,63.2,30.0,1024.75,HeavyRain
26.0,100.0,0.04,172.1,1011.0,Storm
40.6,15.0,0.0,40.0,998.0,Storm
28.6,81.5,31.6,22.0,1007.9,HeavyRain
34.0,4.0,0.0,32.0,1010.0,Storm
14.5,68.5,47.0,16.5,1023.7,HeavyRain
28.9,52.0,0.0,6.1,1011.0,Normal
29.5,56.0,0.01,21.6,1010.0,Normal
13.85,81.0,42.6,18.5,1032.25,HeavyRain
16.15,89.0,22.4,9.0,1023.0,HeavyRain
13.35,65.5,21.8,20.5,1009.15,HeavyRain
30.3,66.0,0.01,22.0,1015.0,Normal
17.799999999999997,91.5,53.8,11.0,1006.8,HeavyRain
27.25,89.0,27.8,9.5,1008.35,HeavyRain
35.1,37.0,0.0,34.9,1009.0,Storm
18.75,91.5,38.2,62.0,1012.95,HeavyRain
22.35,100.0,54.0,15.0,1019.7,HeavyRain
23.1,41.0,0.0,12.2,1018.0,Normal
25.0,42.0,0.0,4.0,1018.0,Normal
10.25,71.5,22.0,12.0,1023.25,HeavyRain
25.3,41.0,0.0,14.4,1016.0,Normal
26.0,34.0,0.24,11.2,1023.0,Normal
21.3,53.0,0.08,12.2,1015.0,Normal
10.1,20.0,0.0,33.8,1009.0,Storm
16.1,88.0,4.37,36.7,1009.0,Storm
40.4,19.0,0.0,15.8,999.0,Heatwave
6.4,81.0,0.31,42.8,1006.0,Storm
29.0,66.0,0.0,42.5,1009.0,Storm
33.0,13.0,0.0,35.3,1011.0,Storm
30.0,66.0,0.0,11.2,1010.0,Normal
28.4,45.0,0.0,13.7,1012.0,Normal
20.5,77.5,40.8,26.0,1015.3,HeavyRain
26.5,63.0,0.0,22.0,1011.0,Normal
29.4,37.0,0.0,11.5,1015.0,Normal
19.2,62.0,27.2,25.0,1010.8,HeavyRain
17.85,76.0,41.0,30.5,1016.55,HeavyRain
22.85,94.5,34.2,7.5,1014.8,HeavyRain
28.0,84.0,1.52,32.8,1006.0,Storm
8.85,69.5,22.6,25.0,1019.45,HeavyRain
10.25,88.5,24.6,20.5,1018.05,HeavyRain
28.7,81.0,0.08,36.4,1011.0,Storm
32.3,38.0,0.0,32.8,1011.0,Storm
21.2,46.0,0.0,19.8,1011.0,Normal
15.25,78.0,28.6,24.0,1008.45,HeavyRain
11.8,70.5,21.2,9.5,1018.4,HeavyRain
28.4,70.0,0.0,5.4,1017.0,Normal
26.55,68.0,29.0,23.0,1006.55,HeavyRain
32.1,67.0,0.23,25.9,1011.0,Normal
29.3,75.0,0.02,31.3,1007.0,Storm
27.1,66.0,0.0,6.8,1013.0,Normal
25.2,36.0,0.0,10.8,1019.0,Normal
21.200000000000003,61.0,24.4,18.5,1007.45,HeavyRain
25.1,54.0,0.0,7.2,1015.0,Normal
28.7,64.0,0.0,22.0,1013.0,Normal
24.55,84.5,80.6,15.0,1017.9,HeavyRain
29.3,66.0,0.02,3.6,1014.0,Normal
41.0,8.0,0.0,24.1,1006.0,Heatwave
10.35,60.5,20.0,15.0,1015.1,HeavyRain
22.9,62.0,0.35,3.6,1011.0,Normal
20.7,58.0,0.25,18.7,1009.0,Normal
41.0,27.0,0.0,6.8,1008.0,Heatwave
33.2,63.0,0.01,13.3,999.0,Normal
26.3,61.0,0.0,19.4,1015.0,Normal
41.2,6.0,0.0,22.0,1008.0,Heatwave
16.2,50.0,0.39,36.0,1007.0,Storm
26.75,88.0,24.2,23.5,1008.1,HeavyRain
17.3,88.0,0.63,59.8,985.0,Storm
31.2,66.0,0.0,3.6,1008.0,Normal
34.0,41.0,0.0,34.9,1003.0,Normal
25.2,83.0,0.0,32.0,1012.0,Storm
24.1,44.0,0.0,10.1,1018.0,Normal
45.1,18.0,0.0,11.2,1001.0,Heatwave
12.9,64.0,23.2,27.0,1007.65,HeavyRain
27.1,80.0,0.67,37.1,1011.0,Storm
4.1,87.0,1.15,30.6,1000.0,Storm
29.5,37.0,0.0,3.6,1011.0,Normal
45.3,20.0,0.0,11.9,997.0,Heatwave
29.1,33.0,0.0,6.5,1013.0,Normal
13.0,96.0,76.4,17.5,1021.45,HeavyRain
20.9,71.5,157.6,27.5,1019.5,HeavyRain
28.0,35.0,0.0,31.0,1006.0,Storm
29.3,70.0,0.19,6.1,1011.0,Normal
40.3,28.0,0.0,37.1,996.0,Storm
22.6,62.0,0.0,9.4,1015.0,Normal
28.1,79.0,0.0,30.6,1011.0,Storm
28.3,33.0,0.0,31.0,1008.0,Storm
6.15,57.5,25.0,25.0,1002.95,HeavyRain
36.2,14.0,0.0,33.1,1011.0,Storm
42.1,14.0,0.0,20.9,1006.0,Heatwave
24.4,43.0,0.15,9.4,1009.0,Normal
30.4,70.0,0.25,4.7,1005.0,Normal
27.1,89.0,2.55,42.8,1006.0,Storm
23.1,65.0,0.0,4.7,1013.0,Normal
26.8,89.0,35.0,7.5,1003.0,HeavyRain
5.0,70.0,0.14,30.2,1001.0,Storm
46.6,7.0,0.0,30.2,1000.0,Storm
10.2,87.0,0.6,37.1,1005.0,Storm
10.4,76.5,20.8,15.0,1012.85,HeavyRain
27.0,75.5,25.0,9.0,1010.05,HeavyRain
8.45,67.0,20.8,32.0,1007.6,HeavyRain
40.3,22.0,0.0,24.5,1003.0,Heatwave
35.8,22.0,0.0,34.6,1007.0,Storm
22.1,31.0,0.0,37.1,1008.0,Storm
28.2,70.0,0.08,10.4,1007.0,Normal
16.5,73.5,61.4,18.5,1013.1,HeavyRain
9.1,93.0,1.84,41.0,1004.0,Storm
25.1,57.0,0.01,13.3,1020.0,Normal
30.0,66.0,0.0,22.0,1004.0,Normal
20.2,64.0,0.0,18.0,1028.0,Normal
13.95,85.5,66.2,34.5,1016.75,HeavyRain
27.3,89.0,0.22,36.4,1011.0,Storm
40.2,26.0,0.0,30.6,1000.0,Storm
29.1,79.0,0.76,32.4,1006.0,Storm
25.45,93.0,23.2,16.5,1011.55,HeavyRain
17.3,36.0,0.0,32.0,1011.0,Storm
34.2,60.0,0.0,14.4,1004.0,Normal
10.3,62.0,53.2,19.0,1014.6,HeavyRain
5.2,100.0,0.02,33.8,1006.0,Storm
14.95,89.5,29.4,19.5,1020.9,HeavyRain
13.7,69.5,22.2,14.0,993.65,HeavyRain
27.35,77.0,22.4,15.5,1012.7,HeavyRain
45.6,11.0,0.0,32.4,991.0,Heatwave
41.2,8.0,0.0,9.4,1008.0,Heatwave
12.25,100.0,30.2,10.0,1024.2,HeavyRain
27.9,57.0,0.0,19.4,1013.0,Normal
26.4,74.0,0.12,33.5,1011.0,Storm
24.4,68.0,0.03,17.6,1017.0,Normal
24.5,88.0,21.4,15.5,1011.3,HeavyRain
27.15,90.5,30.4,15.0,1004.85,HeavyRain
30.8,19.0,0.0,36.4,1008.0,Storm
27.6,78.0,0.03,42.1,1007.0,Storm
27.3,70.0,0.0,22.7,1016.0,Normal
21.2,46.0,0.0,15.1,1013.0,Normal
13.2,69.0,20.2,23.0,1013.6,HeavyRain
30.7,36.0,0.0,4.0,1008.0,Normal
28.3,83.0,0.0,31.7,1005.0,Storm
42.1,22.0,0.0,21.2,999.0,Heatwave
21.4,64.0,0.01,20.2,1018.0,Normal
29.2,79.0,0.0,35.6,1012.0,Storm
12.2,75.5,29.1,26.0,1007.1,HeavyRain
21.700000000000003,80.0,28.0,13.0,1011.95,HeavyRain
24.55,84.5,37.4,15.0,1007.7,HeavyRain
28.1,74.0,0.0,33.1,1012.0,Storm
49.1,8.0,0.0,11.2,994.0,Heatwave
26.3,89.0,0.07,32.8,1005.0,Storm
26.4,69.0,0.0,16.6,1012.0,Normal
27.0,34.0,0.0,5.4,1011.0,Normal
17.25,88.0,53.0,17.5,1027.3000000000002,HeavyRain
27.1,81.0,0.0,30.2,1012.0,Storm
41.5,5.0,0.0,30.6,1000.0,Heatwave
6.3,70.0,0.0,37.1,1002.0,Storm
40.3,16.0,0.0,16.6,1005.0,Heatwave
22.7,53.0,0.44,10.1,1020.0,Normal
20.4,94.0,0.0,31.0,1011.0,Storm
36.4,37.0,0.0,34.2,1008.0,Storm
26.2,51.0,0.0,14.8,1023.0,Normal
41.6,10.0,0.0,16.9,1000.0,Heatwave
27.25,78.5,44.6,39.0,999.8,HeavyRain
26.25,93.5,22.2,18.5,1010.5,HeavyRain
11.85,48.0,28.0,33.0,1011.35,HeavyRain
28.1,70.0,0.0,30.2,1013.0,Normal
41.7,8.0,0.0,33.1,1005.0,Storm
43.2,12.0,0.0,40.7,997.0,Storm
30.4,40.0,0.0,41.0,1012.0,Storm
11.4,100.0,28.2,6.0,1011.15,HeavyRain
26.4,60.0,0.0,9.7,1015.0,Normal
13.1,100.0,0.06,41.4,1009.0,Storm
18.1,83.0,0.03,30.2,1003.0,Storm
44.3,10.0,0.0,15.1,1004.0,Heatwave
43.1,9.0,0.0,34.6,996.0,Heatwave
21.0,46.0,0.0,6.8,1018.0,Normal
43.1,5.0,0.0,9.7,1004.0,Heatwave
24.9,65.0,0.0,4.7,1009.0,Normal
24.0,69.0,0.0,7.9,1015.0,Normal
30.3,59.0,0.0,20.2,1010.0,Normal
17.95,79.5,27.0,12.0,1009.9,HeavyRain
44.0,6.0,0.0,12.2,1003.0,Heatwave
24.65,77.5,80.2,21.0,1017.85,HeavyRain
19.1,10.0,0.0,51.8,1011.0,Storm
28.1,79.0,0.0,30.2,1008.0,Storm
10.4,80.5,21.6,26.0,1011.25,HeavyRain
29.0,70.0,0.14,10.1,1010.0,Normal
24.2,47.0,0.0,11.5,1021.0,Normal
13.8,85.0,24.2,7.5,1017.55,HeavyRain
30.1,30.0,0.0,12.2,1012.0,Normal
16.55,89.5,38.8,21.5,1018.05,HeavyRain
25.4,93.5,27.8,22.5,1005.9,HeavyRain
43.2,29.0,0.0,7.6,992.0,Heatwave
20.9,33.0,0.0,7.6,1021.0,Normal
18.7,82.5,38.8,16.0,1013.75,HeavyRain
29.1,35.0,0.0,19.1,1021.0,Normal
20.4,37.0,0.0,33.1,1008.0,Normal
26.9,45.0,0.0,3.6,1011.0,Normal
29.2,79.0,0.15,30.6,1010.0,Storm
33.5,47.0,0.14,3.6,1010.0,Normal
24.450000000000003,54.5,35.2,16.5,1011.6,HeavyRain
22.05,75.5,83.2,19.5,1012.95,HeavyRain
15.05,80.0,20.0,18.5,1010.0,HeavyRain
28.4,84.0,0.01,36.4,1007.0,Storm
29.1,70.0,0.0,11.9,1009.0,Normal
26.25,89.5,25.8,17.5,1005.2,HeavyRain
40.0,14.0,0.0,9.4,1005.0,Heatwave
22.0,53.0,0.0,21.6,1016.0,Normal
18.6,68.5,37.4,15.0,1006.85,HeavyRain
27.5,71.0,65.2,14.0,1011.3,HeavyRain
11.2,87.0,0.16,38.9,995.0,Storm
29.0,48.0,0.0,19.1,1017.0,Normal
26.9,53.0,0.0,10.4,1008.0,Normal
13.4,77.0,0.02,41.0,1012.0,Storm
25.95,90.0,164.6,22.5,1006.05,HeavyRain
40.3,22.0,0.0,19.1,997.0,Heatwave
26.0,70.0,0.01,21.2,1018.0,Normal
22.1,53.0,0.0,5.8,1027.0,Normal
25.4,89.0,0.39,30.2,1012.0,Storm
20.7,62.0,0.01,18.0,1020.0,Normal
19.05,94.5,39.4,27.0,1004.55,HeavyRain
40.7,20.0,0.0,22.3,1004.0,Heatwave
27.4,62.0,0.0,6.1,1015.0,Normal
22.0,43.0,0.0,5.0,1018.0,Normal
22.8,71.0,20.8,43.5,1024.4499999999998,HeavyRain
14.8,87.0,38.0,18.5,1025.05,HeavyRain
29.3,79.0,0.0,31.0,1010.0,Storm
23.2,50.0,0.01,11.2,1023.0,Normal
24.8,15.0,0.0,31.3,1006.0,Storm
43.2,5.0,0.0,11.2,1004.0,Heatwave
38.1,17.0,0.0,40.0,1007.0,Storm
27.3,62.0,0.01,23.0,1017.0,Normal
28.0,67.0,0.0,6.1,1013.0,Normal
26.05,76.5,61.6,21.5,997.2,HeavyRain
7.95,99.0,28.4,21.0,1019.35,HeavyRain
19.3,87.0,51.2,27.5,1015.9,HeavyRain
-0.9,86.0,0.25,60.8,993.0,Storm
12.2,54.0,0.0,31.0,1012.0,Storm
13.0,78.5,53.8,22.0,1010.6,HeavyRain
26.3,51.0,1.52,9.0,1013.0,Normal
27.0,78.0,0.0,32.8,1011.0,Storm
27.9,79.0,0.0,32.4,1007.0,Storm
21.7,32.0,0.0,6.8,1013.0,Normal
27.55,64.0,46.6,27.0,1010.5,HeavyRain
13.9,92.0,0.08,49.3,1011.0,Storm
33.2,64.0,0.01,8.6,1001.0,Normal
14.9,83.5,30.6,21.0,1020.85,HeavyRain
5.2,65.0,0.0,38.9,993.0,Storm
30.0,79.0,0.04,31.0,1012.0,Storm
27.4,88.0,8.89,33.1,999.0,Storm
26.1,58.0,0.0,19.1,1016.0,Normal
26.2,74.0,0.2,33.8,1005.0,Storm
48.8,5.0,0.0,3.6,995.0,Heatwave
43.3,5.0,0.0,33.1,998.0,Storm
24.35,77.0,38.4,8.5,1017.5,HeavyRain
41.3,4.0,0.0,30.2,1004.0,Storm
26.1,45.0,0.45,7.9,1023.0,Normal
28.6,75.0,0.03,30.6,1012.0,Storm
49.1,6.0,0.0,20.5,999.0,Heatwave
21.3,60.0,0.01,7.9,1017.0,Normal
29.3,40.0,0.0,7.2,1015.0,Normal
21.0,49.0,0.0,31.3,1003.0,Storm
23.0,47.0,0.0,25.2,1012.0,Normal
29.3,75.0,0.2,40.3,1008.0,Storm
24.25,84.0,27.8,14.5,1000.35,HeavyRain
21.05,92.0,37.6,17.0,1018.75,HeavyRain
36.3,37.0,0.0,33.5,1000.0,Storm
11.2,94.0,2.79,63.0,1007.0,Storm
19.05,59.0,23.6,31.0,1013.7,HeavyRain
41.0,10.0,0.0,25.9,1004.0,Heatwave
28.1,30.0,0.0,19.8,1012.0,Normal
22.2,65.0,0.31,31.0,1011.0,Storm
24.1,44.0,0.0,9.7,1022.0,Normal
27.2,84.5,68.2,9.0,1008.05,HeavyRain
21.0,46.0,0.0,13.0,1016.0,Normal
26.9,11.0,0.0,34.9,1012.0,Storm
14.35,68.5,42.0,21.0,1013.05,HeavyRain
27.0,66.0,0.03,15.1,1017.0,Normal
27.3,83.0,38.6,37.0,1004.5,HeavyRain
25.5,37.0,0.0,24.1,1006.0,Normal
42.3,29.0,0.0,11.5,996.0,Heatwave
12.45,64.5,45.8,10.5,1006.35,HeavyRain
22.7,70.0,38.4,12.0,1004.0,HeavyRain
12.3,80.5,35.0,10.0,1017.75,HeavyRain
17.3,94.0,0.96,45.4,990.0,Storm
22.35,67.5,25.6,15.5,1008.15,HeavyRain
29.9,57.0,0.0,32.4,1012.0,Storm
14.6,70.0,29.6,25.0,1021.5,HeavyRain
42.2,16.0,0.0,10.8,1002.0,Heatwave
21.200000000000003,94.0,23.4,19.0,1011.05,HeavyRain
20.3,68.0,0.0,23.8,1015.0,Normal
23.0,74.5,46.8,18.5,1000.3,HeavyRain
41.0,19.0,0.0,15.1,1011.0,Heatwave
23.3,36.0,0.01,10.1,1016.0,Normal
26.1,61.0,0.0,32.0,1012.0,Storm
29.1,66.0,0.06,31.0,1002.0,Storm
31.1,63.0,0.03,25.9,1009.0,Normal
26.2,30.0,0.0,23.0,1015.0,Normal
42.4,20.0,0.0,16.9,995.0,Heatwave
34.1,12.0,0.0,36.0,1006.0,Storm
31.3,22.0,0.0,34.2,1010.0,Storm
31.3,63.0,1.18,6.1,1006.0,Normal
12.0,77.0,0.0,38.2,979.0,Storm
14.75,77.0,23.4,18.5,1022.5,HeavyRain
26.0,70.0,0.0,6.1,1014.0,Normal
13.4,56.0,21.0,21.0,1023.15,HeavyRain
19.85,46.5,38.8,18.5,1014.45,HeavyRain
28.1,70.0,0.0,20.9,1015.0,Normal
20.0,64.0,0.0,14.4,1014.0,Normal
27.9,74.0,0.01,30.6,1011.0,Storm
25.05,72.0,33.0,15.5,1010.15,HeavyRain
25.2,85.0,0.0,33.5,1010.0,Storm
22.450000000000003,84.0,22.0,29.0,1005.75,HeavyRain
16.7,73.5,24.8,19.5,1012.15,HeavyRain
22.4,79.5,53.6,17.5,1011.6,HeavyRain
19.05,79.5,20.2,49.0,1015.9,HeavyRain
20.8,64.5,63.8,23.0,1023.7,HeavyRain
25.2,35.0,0.0,11.9,1011.0,Normal
26.2,89.0,2.13,39.2,991.0,Storm
13.25,85.0,44.2,30.5,1005.2,HeavyRain
41.2,10.0,0.0,22.7,1001.0,Heatwave
41.3,14.0,0.0,31.3,1003.0,Storm
27.3,57.0,0.0,15.8,1000.0,Normal
26.4,58.0,0.0,20.2,1015.0,Normal
23.85,96.0,132.6,51.0,1004.25,HeavyRain
23.2,69.0,0.13,6.8,1024.0,Normal
31.4,31.0,0.0,13.0,1006.0,Normal
25.3,65.0,0.0,20.9,1016.0,Normal
30.0,79.0,0.0,31.0,1010.0,Storm
15.95,71.0,21.2,14.0,1017.8,HeavyRain
41.0,11.0,0.0,36.7,1003.0,Storm
26.8,83.0,0.13,31.7,1009.0,Storm
28.3,79.0,0.22,37.1,1011.0,Storm
28.6,61.0,0.0,34.6,1010.0,Storm
27.2,72.0,0.0,32.0,1011.0,Storm
20.25,77.0,29.4,6.5,1011.15,HeavyRain
12.0,100.0,1.57,36.4,984.0,Storm
28.0,79.0,0.0,32.8,1009.0,Storm
14.75,78.0,23.6,16.0,1025.85,HeavyRain
12.0,81.0,26.0,26.0,1014.1,HeavyRain
14.1,77.0,0.06,46.8,1012.0,Storm
40.4,21.0,0.0,22.3,1002.0,Heatwave
26.45,66.0,22.2,9.5,1011.35,HeavyRain
28.1,48.0,0.0,5.0,1018.0,Normal
31.3,63.0,0.0,10.4,1013.0,Normal
27.9,60.0,0.0,4.0,1015.0,Normal
17.8,71.5,30.8,19.5,1019.95,HeavyRain
16.049999999999997,89.5,52.6,18.5,1025.55,HeavyRain
22.4,61.0,0.0,11.9,1017.0,Normal
28.0,79.0,0.12,38.9,1010.0,Storm
21.3,49.0,0.42,5.4,1009.0,Normal
25.4,65.0,0.0,14.0,1005.0,Normal
40.0,16.0,0.0,11.2,1008.0,Heatwave
40.3,8.0,0.0,11.5,1011.0,Heatwave
30.3,62.0,0.0,23.8,1013.0,Normal
21.1,69.0,0.0,28.1,1016.0,Normal
29.0,48.0,0.0,9.0,1016.0,Normal
16.35,70.0,23.8,16.0,1007.55,HeavyRain
19.45,74.5,56.6,28.0,1013.7,HeavyRain
41.1,25.0,0.0,10.8,1001.0,Heatwave
26.85,83.5,46.2,12.5,1010.25,HeavyRain
8.2,87.0,1.64,50.0,979.0,Storm
23.4,28.0,0.0,31.7,1012.0,Storm
13.9,47.5,33.6,50.0,1006.55,HeavyRain
11.0,97.0,23.6,19.5,1002.55,HeavyRain
31.7,60.0,0.0,16.2,1009.0,Normal
15.65,84.0,40.4,7.5,1027.35,HeavyRain
13.5,99.0,53.6,32.5,993.5,HeavyRain
27.1,81.5,36.8,14.0,1009.1,HeavyRain
17.7,64.0,38.8,15.5,996.85,HeavyRain
28.3,60.0,0.0,32.4,1012.0,Storm
0.1,93.0,0.21,31.7,1004.0,Storm
23.0,89.5,54.8,19.5,1014.8,HeavyRain
40.1,8.0,0.0,25.2,1003.0,Heatwave
23.4,57.0,0.0,10.8,1009.0,Normal
15.5,99.0,39.2,21.0,1017.9,HeavyRain
15.1,88.0,0.0,40.0,1011.0,Storm
29.0,84.0,0.27,31.0,1011.0,Storm
25.2,65.0,0.0,14.0,1021.0,Normal
30.1,55.0,0.0,33.1,1011.0,Storm
28.2,84.0,0.2,37.8,1011.0,Storm
40.5,7.0,0.0,23.4,1007.0,Heatwave
40.0,28.0,0.0,11.2,1012.0,Heatwave
14.1,41.0,0.0,41.8,1009.0,Storm
16.3,59.5,45.0,13.0,1018.1,HeavyRain
21.4,38.0,0.0,14.4,1014.0,Normal
27.3,84.0,0.02,38.5,1009.0,Storm
43.3,19.0,0.0,19.1,994.0,Heatwave
11.0,87.0,31.4,21.5,1013.5,HeavyRain
40.3,16.0,0.0,35.3,1003.0,Storm
26.2,79.0,0.09,31.3,1012.0,Storm
29.6,70.0,0.92,5.0,1006.0,Normal
19.25,80.0,45.0,15.5,1006.35,HeavyRain
15.3,63.0,0.0,31.0,1002.0,Storm
29.4,70.0,0.0,32.8,1010.0,Storm
17.450000000000003,63.0,55.6,35.0,992.7,HeavyRain
26.2,94.0,0.97,36.0,998.0,Storm
28.0,84.0,0.04,38.2,1008.0,Storm
23.9,94.5,79.2,13.0,1011.15,HeavyRain
28.200000000000003,72.5,23.0,9.5,1001.7,HeavyRain
40.3,9.0,0.0,21.2,1003.0,Heatwave
17.95,87.5,120.2,38.0,1010.0,HeavyRain
22.0,31.0,0.0,16.6,1011.0,Normal
48.8,6.0,0.0,36.0,995.0,Storm
28.1,51.0,0.0,32.4,1007.0,Storm
14.3,82.0,0.14,31.7,1009.0,Storm
28.1,79.0,0.92,31.3,1010.0,Storm
12.45,78.5,21.6,22.0,1008.2,HeavyRain
40.2,7.0,0.0,10.8,1006.0,Heatwave
28.3,37.0,0.0,10.1,1016.0,Normal
33.8,27.0,0.0,37.1,1012.0,Storm
27.4,77.0,29.2,19.5,1011.15,HeavyRain
23.4,37.0,0.0,20.9,1011.0,Normal
41.2,7.0,0.0,37.1,999.0,Storm
9.0,71.0,0.01,42.8,1012.0,Storm
31.5,34.0,0.0,32.8,1009.0,Storm
40.0,17.0,0.0,34.9,1005.0,Storm
22.4,69.0,0.0,12.2,1011.0,Normal
14.4,73.5,46.4,14.0,1014.9,HeavyRain
8.1,81.0,0.02,46.4,1001.0,Storm
44.3,24.0,0.0,32.0,1004.0,Storm
27.1,86.0,1.14,54.0,1010.0,Storm
44.4,11.0,0.0,14.4,1003.0,Heatwave
25.8,83.0,0.0,30.2,1012.0,Storm
34.3,28.0,0.0,33.1,1007.0,Storm
10.25,44.0,23.8,32.0,1008.85,HeavyRain
29.0,35.0,0.05,19.1,1016.0,Normal
27.45,70.5,48.0,9.5,1007.35,HeavyRain
20.05,83.0,22.4,16.0,1013.75,HeavyRain
25.1,82.0,33.0,28.5,1004.6,HeavyRain
12.05,77.0,29.2,9.0,1017.55,HeavyRain
26.9,84.0,0.0,31.7,1011.0,Storm
10.4,90.0,0.99,39.6,993.0,Storm
28.3,84.0,0.89,31.0,1008.0,Storm
30.4,70.0,1.08,11.5,1006.0,Normal
17.75,69.5,52.0,30.5,1014.55,HeavyRain
29.3,70.0,0.0,20.2,1014.0,Normal
41.0,23.0,0.0,22.0,1009.0,Heatwave
21.4,43.0,0.18,31.7,1010.0,Storm
26.0,85.0,79.2,14.0,1007.5,HeavyRain
18.950000000000003,88.5,33.8,18.5,1013.2,HeavyRain
20.55,63.5,21.0,42.0,1005.0,HeavyRain
20.4,62.0,0.0,7.6,1012.0,Normal
13.6,99.0,28.4,12.0,1004.4,HeavyRain
42.2,5.0,0.0,23.0,1003.0,Heatwave
12.75,92.5,45.0,10.5,1016.75,HeavyRain
12.4,76.0,29.8,17.0,1014.5,HeavyRain
30.3,79.0,0.98,32.0,1007.0,Storm
41.2,28.0,0.0,31.0,992.0,Heatwave
19.4,83.0,0.0,31.7,1012.0,Storm
3.3,44.0,0.01,31.3,1004.0,Storm
40.0,19.0,0.0,3.6,1012.0,Heatwave
23.2,47.0,0.0,9.7,1018.0,Normal
27.95,69.0,33.2,16.0,1009.8,HeavyRain
14.0,88.0,0.0,32.0,1001.0,Storm
22.35,69.0,29.2,26.0,1012.95,HeavyRain
28.0,45.0,0.99,9.0,1017.0,Normal
22.1,61.0,0.42,16.2,1023.0,Normal
28.6,59.0,0.0,19.4,1011.0,Normal
19.5,90.5,48.6,12.5,1008.4,HeavyRain
28.1,74.0,0.01,31.0,1012.0,Storm
26.9,63.0,0.0,11.5,1010.0,Normal
23.8,68.5,44.0,10.5,1004.45,HeavyRain
26.4,86.5,44.8,24.5,1006.65,HeavyRain
0.0,80.0,0.13,30.2,1011.0,Storm
30.9,58.0,0.0,4.0,1011.0,Normal
21.1,46.0,0.0,25.9,1023.0,Normal
16.3,55.0,0.0,33.1,1012.0,Storm
24.0,67.0,22.2,7.5,1012.35,HeavyRain
28.4,55.0,0.03,30.6,1010.0,Storm
39.1,43.0,0.0,40.3,995.0,Storm
28.1,89.0,0.7,30.2,1007.0,Storm
22.2,50.0,0.0,25.6,1025.0,Normal
8.0,57.0,0.0,41.0,1012.0,Storm
42.3,11.0,0.0,15.1,1003.0,Heatwave
28.3,48.0,0.0,9.7,1014.0,Normal
19.25,75.0,31.2,19.0,1002.95,HeavyRain
17.0,68.0,22.8,17.0,1009.4,HeavyRain
3.4,81.0,0.03,34.2,992.0,Storm
20.2,64.0,0.0,10.8,1026.0,Normal
26.7,69.0,0.29,27.4,1010.0,Normal
11.15,59.0,27.8,19.5,1017.05,HeavyRain
27.1,74.0,0.0,30.6,1012.0,Storm
28.0,34.0,0.0,18.0,1013.0,Normal
41.0,17.0,0.0,9.0,999.0,Heatwave
37.3,17.0,0.0,33.1,1010.0,Storm
12.7,74.5,20.0,13.5,1016.8,HeavyRain
23.0,53.0,0.0,6.8,1017.0,Normal
19.2,78.5,56.6,13.0,1017.45,HeavyRain
27.85,77.0,63.4,16.5,1000.35,HeavyRain
42.9,20.0,0.0,23.0,995.0,Heatwave
21.0,69.0,0.05,33.1,1011.0,Storm
26.1,58.0,0.04,10.4,1011.0,Normal
11.6,75.5,21.0,20.5,1014.15,HeavyRain
25.4,44.0,0.0,19.1,1017.0,Normal
5.1,75.0,0.14,34.9,1010.0,Storm
18.5,80.0,43.0,9.0,1011.1,HeavyRain
24.6,96.0,23.2,11.0,1009.05,HeavyRain
9.2,76.0,0.08,41.4,1011.0,Storm
21.8,58.5,66.0,24.0,1008.1,HeavyRain
31.0,66.0,1.75,15.5,1008.0,Normal
31.3,63.0,0.0,5.4,1012.0,Normal
21.0,72.5,27.4,21.5,1010.4,HeavyRain
20.1,37.0,0.0,12.2,1016.0,Normal
45.8,7.0,0.0,27.0,998.0,Heatwave
29.55,45.5,22.0,10.5,1006.9,HeavyRain
28.3,64.0,0.13,13.3,1010.0,Normal
28.4,42.0,0.0,7.6,1017.0,Normal
13.6,70.5,23.6,15.0,1029.1,HeavyRain
28.3,84.0,1.84,34.2,1006.0,Storm
26.5,80.0,38.8,5.5,1009.35,HeavyRain
29.3,62.0,0.0,16.9,1019.0,Normal
21.55,84.5,38.6,29.5,1006.95,HeavyRain
19.85,88.0,22.6,12.0,1017.35,HeavyRain
28.0,30.0,0.0,3.6,1014.0,Normal
23.4,27.0,0.0,45.0,1011.0,Storm
24.9,95.5,77.4,22.0,1005.7,HeavyRain
20.6,93.0,24.0,29.5,1006.5,HeavyRain
30.8,64.0,0.0,10.4,1011.0,Normal
42.2,24.0,0.0,15.1,999.0,Heatwave
21.0,53.0,0.71,25.9,1014.0,Normal
29.3,79.0,0.0,31.3,1011.0,Storm
17.9,67.0,29.6,21.5,1017.55,HeavyRain
26.6,78.0,0.1,31.0,1009.0,Storm
26.1,30.0,0.0,19.4,1023.0,Normal
27.3,73.5,81.0,14.0,1007.8,HeavyRain
14.5,92.0,20.2,13.0,1011.0,HeavyRain
29.2,45.0,0.0,9.0,1011.0,Normal
29.1,70.0,0.0,32.0,1012.0,Storm
19.7,85.5,22.4,6.5,1019.9,HeavyRain
18.2,32.0,0.0,37.8,1011.0,Storm
41.8,16.0,0.0,16.2,1002.0,Heatwave
28.6,68.0,0.0,31.3,1018.0,Normal
24.3,65.0,0.0,30.2,1013.0,Normal
32.7,43.0,0.0,16.9,1011.0,Normal
26.6,86.0,50.0,20.5,1005.65,HeavyRain
23.200000000000003,79.5,25.8,16.0,1013.1,HeavyRain
13.9,94.0,0.41,32.0,1006.0,Storm
36.8,21.0,0.0,30.2,1012.0,Storm
43.0,5.0,0.0,22.0,1009.0,Heatwave
42.3,6.0,0.0,21.6,1006.0,Heatwave
9.4,93.0,0.58,36.7,979.0,Storm
29.7,63.0,0.17,34.9,1010.0,Storm
22.5,74.5,30.0,11.5,1011.65,HeavyRain
42.3,25.0,0.0,7.9,1003.0,Heatwave
27.3,66.0,1.0,16.9,1011.0,Normal
22.2,61.0,0.0,6.1,1010.0,Normal
16.3,77.0,0.0,32.8,1000.0,Storm
28.2,89.0,0.86,35.3,1005.0,Storm
20.5,88.5,22.6,19.5,1016.5,HeavyRain
29.3,33.0,0.0,4.3,1019.0,Normal
17.2,77.0,0.0,38.5,1006.0,Storm
28.0,79.0,0.03,30.2,1009.0,Storm
24.2,54.0,0.0,15.1,1025.0,Normal
35.2,30.0,0.0,31.0,1004.0,Storm
19.1,91.5,22.4,18.0,1010.2,HeavyRain
41.1,25.0,0.0,17.3,994.0,Heatwave
15.4,88.0,0.43,31.3,999.0,Storm
14.0,94.0,0.44,46.4,1004.0,Storm
29.2,55.0,0.0,22.0,1015.0,Normal
24.3,65.0,0.0,11.2,1019.0,Normal
21.9,55.0,0.0,14.8,1023.0,Normal
26.3,74.5,54.6,18.0,1004.85,HeavyRain
22.2,46.0,0.0,16.9,1023.0,Normal
16.15,62.0,40.0,29.5,1007.95,HeavyRain
17.0,88.0,1.48,32.0,1002.0,Storm
28.3,79.0,0.01,33.8,1011.0,Storm
42.3,9.0,0.0,15.1,1006.0,Heatwave
27.450000000000003,77.5,33.8,40.5,1004.35,HeavyRain
20.6,67.0,23.4,23.5,1018.2,HeavyRain
27.8,77.0,0.0,34.6,1009.0,Storm
46.3,9.0,0.0,13.0,1002.0,Heatwave
25.3,51.0,0.0,5.0,1016.0,Normal
40.1,26.0,0.0,17.3,1005.0,Heatwave
41.0,19.0,0.0,5.8,1001.0,Heatwave
28.2,45.0,0.0,9.4,1022.0,Normal
28.1,84.0,2.12,35.3,1010.0,Storm
28.3,84.0,0.08,32.0,1011.0,Storm
22.1,37.0,0.0,24.1,1004.0,Normal
8.4,68.0,23.0,36.5,1014.7,HeavyRain
13.65,78.0,29.4,10.0,1016.9,HeavyRain
16.7,81.5,51.2,12.0,1015.9,HeavyRain
13.75,85.0,22.6,19.5,1021.7,HeavyRain
23.4,50.0,0.02,8.6,1012.0,Normal
27.6,35.0,0.0,15.5,1010.0,Normal
30.5,8.0,0.0,31.3,999.0,Storm
28.0,80.0,32.8,22.0,1002.4,HeavyRain
36.2,29.0,0.0,30.2,1002.0,Storm
22.3,70.5,30.4,14.0,1010.9,HeavyRain
25.4,69.0,0.0,13.0,1017.0,Normal
11.4,71.0,26.6,19.5,1024.55,HeavyRain
24.6,48.0,0.0,3.6,1022.0,Normal
37.1,9.0,0.0,30.6,1012.0,Storm
34.0,41.0,0.0,42.5,1003.0,Storm
16.0,88.0,0.0,69.8,1001.0,Storm
29.7,14.0,0.0,31.0,1012.0,Storm
18.55,76.5,21.8,7.5,1011.15,HeavyRain
32.4,67.0,0.0,9.0,1011.0,Normal
30.2,49.0,0.0,11.5,1014.0,Normal
29.1,47.0,29.2,15.0,1006.05,HeavyRain
31.3,41.0,0.0,15.1,1013.0,Normal
13.1,67.0,0.05,42.8,1007.0,Storm
41.2,19.0,0.0,16.2,1001.0,Heatwave
44.5,14.0,0.0,41.4,995.0,Storm
42.4,14.0,0.0,15.1,1003.0,Heatwave
17.05,83.5,24.6,24.0,1009.55,HeavyRain
42.1,17.0,0.0,15.1,997.0,Heatwave
18.8,72.0,20.0,23.5,1017.95,HeavyRain
24.05,77.0,51.4,34.0,1022.05,HeavyRain
26.15,87.0,44.6,15.0,1009.35,HeavyRain
17.8,75.0,27.4,15.0,1023.6,HeavyRain
23.4,57.0,0.0,4.0,1017.0,Normal
20.0,86.0,38.8,19.5,1014.35,HeavyRain
32.4,56.0,0.05,6.1,1010.0,Normal
30.1,40.0,0.02,3.6,1020.0,Normal
41.3,22.0,0.0,13.0,1002.0,Heatwave
23.3,93.5,23.2,12.0,1010.7,HeavyRain
46.1,10.0,0.0,15.1,1001.0,Heatwave
2.1,80.0,0.0,35.3,980.0,Storm
27.55,72.0,20.2,33.0,1002.65,HeavyRain
25.1,32.0,0.0,8.6,1018.0,Normal
20.35,80.5,25.8,17.5,1004.55,HeavyRain
9.5,66.0,30.6,24.0,1021.2,HeavyRain
33.4,32.0,0.0,19.1,1013.0,Normal
27.05,83.5,40.6,12.0,1006.9,HeavyRain
21.3,94.0,0.07,38.9,1005.0,Storm
25.7,66.0,0.0,52.2,1008.0,Storm
40.1,10.0,0.0,16.9,1010.0,Heatwave
6.75,91.5,34.4,14.0,1003.85,HeavyRain
27.4,76.5,60.4,18.5,1003.05,HeavyRain
27.3,34.0,0.0,11.9,1016.0,Normal
28.4,79.0,0.21,35.6,1009.0,Storm
13.4,90.0,0.1,31.3,1006.0,Storm
27.65,69.0,48.2,23.5,1007.1,HeavyRain
26.9,88.0,30.6,15.5,1005.1,HeavyRain
28.2,58.0,0.0,14.0,1014.0,Normal
26.45,92.5,51.8,37.0,1002.45,HeavyRain
31.3,48.0,0.0,37.1,1010.0,Normal
46.4,8.0,0.0,29.9,992.0,Heatwave
16.200000000000003,83.5,26.4,10.0,1003.3,HeavyRain
17.6,66.0,22.2,16.0,1020.0,HeavyRain
40.4,18.0,0.0,7.9,1005.0,Heatwave
15.0,71.5,28.0,22.5,991.55,HeavyRain
41.5,21.0,0.0,30.2,999.0,Heatwave
40.2,15.0,0.0,19.8,1001.0,Heatwave
27.9,68.0,0.0,14.8,1009.0,Normal
26.35,76.0,182.2,50.0,998.15,HeavyRain
30.2,70.0,0.0,21.6,1011.0,Normal
20.1,35.0,0.34,38.5,1012.0,Storm
14.1,55.0,0.0,37.1,997.0,Storm
18.45,56.5,20.4,6.5,1011.95,HeavyRain
19.05,79.5,39.0,11.0,1025.05,HeavyRain
19.3,64.0,0.0,37.1,999.0,Storm
16.05,99.0,70.6,13.0,998.85,HeavyRain
20.45,84.5,40.6,14.5,1015.35,HeavyRain
13.6,70.0,36.2,14.0,1025.8000000000002,HeavyRain
27.2,94.0,0.07,37.4,1004.0,Storm
32.2,36.0,0.0,30.6,1011.0,Storm
16.2,68.0,0.0,31.7,1003.0,Storm
11.05,88.5,24.8,25.0,1005.25,HeavyRain
-1.6,93.0,0.25,41.8,995.0,Storm
9.7,74.5,28.6,8.5,1021.95,HeavyRain
31.2,63.0,0.0,14.0,1012.0,Normal
40.4,23.0,0.0,27.0,1006.0,Heatwave
20.2,60.0,0.0,16.2,1017.0,Normal
21.5,92.0,31.6,9.0,1011.95,HeavyRain
31.4,59.0,0.0,3.6,1012.0,Normal
40.4,14.0,0.0,13.0,1005.0,Heatwave
16.6,61.5,23.2,13.0,1017.8,HeavyRain
28.1,39.0,0.0,15.5,1015.0,Normal
45.0,10.0,0.0,11.2,1002.0,Heatwave
27.2,12.0,0.0,30.6,1012.0,Storm
40.0,22.0,0.0,22.0,1009.0,Heatwave
15.85,92.5,21.0,6.5,1010.55,HeavyRain
22.4,54.0,0.0,9.4,1011.0,Normal
29.2,70.0,0.0,32.0,1010.0,Storm
15.4,91.0,36.4,28.5,1004.25,HeavyRain
30.2,16.0,0.0,32.8,1010.0,Storm
41.6,27.0,0.02,14.4,993.0,Heatwave
32.1,39.0,0.0,7.6,1004.0,Normal
24.1,69.0,0.01,7.6,1016.0,Normal
26.0,48.0,0.0,3.6,1020.0,Normal
22.0,70.0,30.8,7.5,1015.45,HeavyRain
28.0,79.0,0.16,30.2,1007.0,Storm
26.3,68.0,0.0,32.0,1013.0,Normal
42.3,11.0,0.0,17.6,996.0,Heatwave
26.0,82.5,51.8,12.0,1011.35,HeavyRain
3.1,93.0,0.0,36.0,989.0,Storm
31.3,43.0,0.0,42.8,1011.0,Storm
27.1,66.0,0.0,18.7,1008.0,Normal
26.1,61.0,0.0,49.0,1009.0,Storm
30.3,55.0,0.0,6.8,1019.0,Normal
17.85,65.0,20.2,32.0,1021.1,HeavyRain
30.4,70.0,0.0,18.7,1008.0,Normal
28.55,63.5,31.8,15.0,1008.75,HeavyRain
32.1,36.0,0.0,3.6,1016.0,Normal
27.05,66.5,25.8,23.0,1009.45,HeavyRain
14.95,84.0,71.4,37.0,1021.65,HeavyRain
11.1,67.0,23.8,22.5,1013.05,HeavyRain
21.2,64.0,0.3,3.6,1015.0,Normal
31.3,71.0,1.36,37.1,1004.0,Storm
25.2,54.0,0.04,5.4,1017.0,Normal
34.2,18.0,0.0,43.9,1004.0,Storm
40.5,10.0,0.0,12.2,1006.0,Heatwave
40.4,23.0,0.0,10.1,1002.0,Heatwave
43.0,5.0,0.0,13.0,1005.0,Heatwave
42.0,9.0,0.0,15.1,1009.0,Heatwave
40.0,15.0,0.0,9.0,1005.0,Heatwave
25.0,69.0,0.04,16.6,1014.0,Normal
42.1,5.0,0.0,6.8,1004.0,Heatwave
25.2,32.0,0.0,23.8,1016.0,Normal
29.0,75.0,0.0,32.0,1012.0,Storm
26.9,70.0,0.23,9.0,1014.0,Normal
27.6,76.5,54.0,12.0,1009.75,HeavyRain
28.5,74.0,0.1,30.6,1009.0,Storm
28.3,84.0,0.01,35.6,1010.0,Storm
24.3,65.0,0.0,13.0,1017.0,Normal
21.4,91.0,34.8,22.0,1011.05,HeavyRain
27.2,39.0,0.0,6.5,1011.0,Normal
20.3,68.0,0.0,14.4,1010.0,Normal
28.3,79.0,0.01,32.8,1012.0,Storm
47.8,5.0,0.0,32.4,1000.0,Heatwave
31.4,31.0,0.0,3.6,1015.0,Normal
40.0,18.0,0.0,6.1,999.0,Heatwave
27.1,32.0,0.0,13.3,1022.0,Normal
43.6,8.0,0.0,15.8,1000.0,Heatwave
24.85,93.0,35.4,37.0,1014.75,HeavyRain
21.0,69.0,0.0,20.9,1014.0,Normal
22.4,69.0,0.01,20.9,1022.0,Normal
26.1,59.0,0.0,10.4,1013.0,Normal
32.4,38.0,0.0,15.5,1011.0,Normal
41.0,8.0,0.0,22.3,1003.0,Heatwave
20.2,60.0,0.0,33.1,1008.0,Storm
20.35,89.0,24.2,17.0,1004.15,HeavyRain
24.0,49.0,0.0,5.8,1015.0,Normal
10.2,87.0,0.59,30.2,997.0,Storm
26.75,74.0,37.2,7.5,1007.8,HeavyRain
24.95,63.0,34.0,7.5,1014.9,HeavyRain
29.8,69.0,0.0,17.6,1008.0,Normal
20.3,35.0,0.0,6.5,1016.0,Normal
19.5,77.5,20.0,22.5,1010.55,HeavyRain
30.0,75.0,0.0,31.7,1008.0,Storm
44.0,19.0,0.0,6.8,1005.0,Heatwave
14.0,71.0,0.34,56.2,1009.0,Storm
27.9,45.0,0.0,7.9,1014.0,Normal
16.35,92.5,20.0,31.5,1012.45,HeavyRain
20.0,94.5,92.8,17.5,1004.9,HeavyRain
42.7,21.0,0.0,18.0,994.0,Heatwave
47.9,6.0,0.0,15.1,994.0,Heatwave
28.0,65.0,0.01,8.3,1008.0,Normal
33.0,53.0,0.0,7.6,1007.0,Normal
29.1,70.0,0.07,33.1,1012.0,Storm
18.3,96.0,32.0,13.0,1019.05,HeavyRain
19.0,49.0,0.03,43.9,1002.0,Storm
43.3,5.0,0.0,13.0,1005.0,Heatwave
22.0,69.0,0.0,32.4,1012.0,Storm
25.3,69.0,0.0,14.8,1018.0,Normal
22.95,90.5,23.8,19.5,1009.65,HeavyRain
15.2,91.0,23.8,25.5,1019.45,HeavyRain
31.3,33.0,0.0,33.8,1010.0,Storm
28.0,58.0,0.0,6.5,1018.0,Normal
5.3,87.0,1.6,46.4,972.0,Storm
28.2,89.0,0.29,31.0,999.0,Storm
10.6,66.0,0.0,37.1,1010.0,Storm
23.0,44.0,0.0,20.2,1010.0,Normal
13.6,85.5,23.4,30.5,1014.45,HeavyRain
23.85,82.0,85.0,28.0,1021.95,HeavyRain
25.6,42.0,0.0,6.5,1013.0,Normal
28.450000000000003,70.0,21.8,15.0,1007.8,HeavyRain
29.2,70.0,0.0,8.6,1007.0,Normal
20.2,68.0,0.01,8.6,1014.0,Normal
13.0,80.5,54.8,27.5,1009.8,HeavyRain
42.2,5.0,0.0,11.5,1007.0,Heatwave
20.9,64.0,0.24,14.0,998.0,Normal
20.05,84.5,29.2,10.5,1024.65,HeavyRain
31.1,66.0,0.0,9.4,1006.0,Normal
22.2,43.0,0.0,31.0,1010.0,Storm
14.5,83.0,22.0,17.5,1015.65,HeavyRain
40.4,13.0,0.0,10.8,1000.0,Heatwave
5.2,81.0,1.34,51.5,977.0,Storm
27.4,42.0,0.0,17.6,1006.0,Normal
14.65,62.0,20.8,21.0,1011.15,HeavyRain
11.6,72.5,27.0,18.5,1004.05,HeavyRain
25.6,49.5,28.8,15.0,1001.85,HeavyRain
23.1,41.0,0.0,14.0,1026.0,Normal
17.3,79.0,33.4,24.0,1010.35,HeavyRain
22.0,92.5,42.6,32.5,1001.7,HeavyRain
22.8,59.0,39.0,18.0,1014.2,HeavyRain
27.3,79.5,40.6,17.0,1005.15,HeavyRain
20.2,56.0,0.0,6.5,1021.0,Normal
14.15,75.0,23.0,24.0,1011.35,HeavyRain
24.1,69.0,0.0,20.9,1015.0,Normal
26.6,80.0,0.02,36.7,1010.0,Storm
19.9,90.0,38.2,18.5,1012.7,HeavyRain
25.5,75.5,36.0,23.5,1011.9,HeavyRain
27.2,42.0,0.0,22.3,1015.0,Normal
28.8,67.0,0.01,35.3,1012.0,Storm
26.2,39.0,0.0,3.6,1016.0,Normal
43.2,21.0,0.0,5.8,1002.0,Heatwave
12.3,62.0,0.01,34.9,1006.0,Storm
19.25,93.0,61.8,38.0,1018.75,HeavyRain
23.0,47.0,0.0,5.8,1019.0,Normal
29.85,71.5,28.6,8.0,1006.0,HeavyRain
26.55,77.0,50.0,17.0,1011.0,HeavyRain
29.3,9.0,0.0,33.5,1006.0,Storm
19.55,57.5,32.2,25.0,999.55,HeavyRain
40.2,21.0,0.0,18.7,1006.0,Heatwave
20.4,60.0,0.0,10.1,1010.0,Normal
28.8,80.0,1.02,40.3,1008.0,Storm
32.3,46.0,0.0,6.8,1009.0,Normal
14.85,93.0,32.2,13.5,1012.7,HeavyRain
32.0,41.0,0.0,3.6,1017.0,Normal
26.1,70.0,0.0,3.6,1009.0,Normal
40.4,16.0,0.0,31.7,1000.0,Heatwave
13.5,93.0,21.4,22.0,1009.05,HeavyRain
27.85,68.5,26.2,10.0,1006.4,HeavyRain
43.1,16.0,0.0,32.4,991.0,Heatwave
16.2,100.0,4.97,38.9,1000.0,Storm
40.3,11.0,0.0,14.4,1005.0,Heatwave
8.0,89.0,0.2,30.2,1011.0,Storm
19.2,49.0,0.0,31.3,1010.0,Storm
25.15,66.5,28.6,28.0,1009.55,HeavyRain
30.5,50.0,0.0,31.7,1010.0,Storm
29.2,70.0,0.0,36.0,1011.0,Storm
16.3,100.0,100.2,15.0,999.7,HeavyRain
25.1,57.0,0.0,15.5,1009.0,Normal
29.3,84.0,0.0,31.7,1009.0,Storm
20.05,97.5,33.0,32.5,994.55,HeavyRain
25.0,44.0,0.0,21.6,1010.0,Normal
28.3,84.0,0.05,30.6,1004.0,Storm
26.0,58.0,0.0,13.3,1019.0,Normal
28.0,79.0,0.01,32.4,1012.0,Storm
18.4,77.0,0.0,34.6,1005.0,Storm
28.5,60.0,56.0,14.5,1008.25,HeavyRain
29.3,70.0,0.0,10.4,1012.0,Normal
23.2,60.5,34.0,14.0,1010.55,HeavyRain
2.1,75.0,0.59,33.8,996.0,Storm
9.0,86.0,23.4,28.0,1003.15,HeavyRain
21.3,88.0,0.0,32.8,1012.0,Storm
42.7,19.0,0.0,36.7,995.0,Storm
25.700000000000003,84.0,27.0,6.5,1009.35,HeavyRain
19.3,73.0,0.0,36.0,1009.0,Storm
21.3,49.0,0.0,18.4,1008.0,Normal
27.75,79.5,24.2,18.0,1008.05,HeavyRain
12.4,67.0,0.0,37.1,1007.0,Storm
41.5,24.0,0.0,31.0,993.0,Heatwave
41.4,19.0,0.0,45.4,995.0,Heatwave
14.35,61.5,22.6,15.0,1023.6,HeavyRain
11.3,58.0,0.04,30.6,1008.0,Storm
24.8,89.5,110.8,16.0,1006.0,HeavyRain
25.95,75.5,93.2,9.5,1003.25,HeavyRain
44.1,7.0,0.0,26.6,1005.0,Heatwave
12.85,85.5,25.6,17.5,1022.75,HeavyRain
21.5,45.0,0.0,6.8,1015.0,Normal
22.45,67.5,26.8,8.5,1011.75,HeavyRain
26.1,70.0,0.0,11.2,1011.0,Normal
28.1,70.0,0.0,10.8,1012.0,Normal
29.1,75.0,0.84,38.9,1012.0,Storm
27.3,37.0,0.0,29.9,1020.0,Normal
32.5,44.0,0.0,33.1,1012.0,Storm
25.05,87.0,24.2,9.0,1015.95,HeavyRain
22.0,69.0,0.0,33.1,1011.0,Storm
41.0,22.0,0.0,6.8,1000.0,Heatwave
25.2,41.0,0.0,9.4,1013.0,Normal
29.0,75.0,0.0,33.5,1011.0,Storm
26.6,59.0,0.02,21.2,1018.0,Normal
42.4,6.0,0.0,14.8,1001.0,Heatwave
30.0,69.0,0.0,25.2,1003.0,Normal
16.85,85.5,23.8,13.0,1018.75,HeavyRain
40.4,5.0,0.0,27.4,1009.0,Heatwave
35.0,44.0,0.0,11.2,1002.0,Normal
19.75,92.0,54.0,11.5,1005.1,HeavyRain
15.2,97.0,91.4,18.0,999.1,HeavyRain
25.4,54.0,0.01,3.6,1022.0,Normal
29.1,33.0,0.0,3.6,1016.0,Normal
7.15,87.0,20.4,7.5,1020.0,HeavyRain
46.2,11.0,0.0,11.2,1000.0,Heatwave
32.4,36.0,0.0,34.9,1008.0,Normal
36.1,42.0,0.0,33.8,996.0,Storm
28.05,78.0,31.4,17.0,1008.75,HeavyRain
30.3,43.0,0.0,3.6,1017.0,Normal
14.6,89.0,26.0,9.0,1030.6999999999998,HeavyRain
20.75,95.5,25.8,10.0,1012.2,HeavyRain
14.4,67.0,0.01,32.8,1008.0,Storm
27.6,73.0,25.8,11.0,1005.35,HeavyRain
15.55,55.0,109.2,21.5,999.65,HeavyRain
26.5,58.0,0.18,3.6,1012.0,Normal
18.2,81.5,26.8,17.5,1014.15,HeavyRain
24.2,61.0,0.0,10.1,1013.0,Normal
21.2,64.0,0.06,14.8,1027.0,Normal
21.6,92.0,21.2,4.5,1012.9,HeavyRain
26.8,86.0,0.08,35.3,1011.0,Storm
42.0,27.0,0.0,15.1,1007.0,Heatwave
44.3,18.0,0.0,33.1,998.0,Heatwave
22.1,57.0,1.84,3.6,1023.0,Normal
13.4,62.0,0.02,37.1,1007.0,Storm
9.3,100.0,0.13,48.6,1004.0,Storm
25.8,92.5,70.2,33.0,1000.5,HeavyRain
29.6,63.0,0.0,10.1,1015.0,Normal
34.0,63.0,0.0,12.6,1006.0,Normal
10.55,84.5,24.0,4.0,1004.8,HeavyRain
24.200000000000003,69.0,81.8,7.5,1016.35,HeavyRain
22.85,70.0,21.8,13.0,1009.25,HeavyRain
14.3,94.0,0.82,32.0,1008.0,Storm
38.4,19.0,0.0,45.7,1008.0,Storm
27.45,66.5,29.0,21.5,1010.55,HeavyRain
29.0,37.0,0.0,19.1,1014.0,Normal
41.2,11.0,0.0,22.0,996.0,Heatwave
26.3,78.0,93.4,16.5,1001.85,HeavyRain
44.6,8.0,0.0,31.3,996.0,Heatwave
26.25,88.5,48.8,18.5,1004.75,HeavyRain
20.1,60.0,0.0,12.2,1013.0,Normal
47.4,5.0,0.0,32.8,1001.0,Storm
27.5,81.0,0.1,42.1,1009.0,Storm
20.15,90.5,24.0,11.0,1005.45,HeavyRain
28.3,37.0,0.0,8.3,1015.0,Normal
15.45,40.0,20.2,23.0,1002.7,HeavyRain
20.3,60.0,0.0,6.5,1013.0,Normal
31.0,66.0,0.0,16.9,1016.0,Normal
15.0,82.0,26.0,7.5,1015.9,HeavyRain
30.0,31.0,0.05,11.9,1010.0,Normal
24.6,91.5,39.2,16.0,1007.05,HeavyRain
13.65,100.0,32.8,19.5,1012.2,HeavyRain
19.8,48.0,0.0,35.6,1011.0,Storm
29.1,79.0,0.01,35.3,1011.0,Storm
11.8,72.5,28.4,22.0,1009.2,HeavyRain
12.9,83.5,20.4,15.0,1016.2,HeavyRain
11.95,94.5,22.0,30.0,1008.35,HeavyRain
30.2,55.0,0.0,13.0,1010.0,Normal
20.1,68.0,0.0,26.3,1016.0,Normal
26.7,72.5,68.4,9.0,1009.1,HeavyRain
35.3,54.0,0.0,31.7,995.0,Storm
18.75,88.5,26.4,24.5,1016.15,HeavyRain
12.0,94.0,2.94,41.0,1006.0,Storm
44.3,11.0,0.0,6.8,1001.0,Heatwave
15.7,75.5,73.2,28.5,1024.5,HeavyRain
28.1,35.0,0.0,7.2,1020.0,Normal
23.4,41.0,0.0,33.5,1015.0,Normal
19.1,88.0,0.0,33.1,997.0,Storm
31.1,49.0,0.0,10.1,1008.0,Normal
22.6,91.0,66.2,28.0,1004.05,HeavyRain
12.9,76.0,56.2,27.0,1011.8,HeavyRain
46.1,9.0,0.0,3.6,999.0,Heatwave
28.1,84.0,0.36,31.0,1003.0,Storm
18.95,71.0,28.2,17.0,1016.9,HeavyRain
11.4,94.0,0.23,32.0,984.0,Storm
32.1,63.0,0.04,5.8,1008.0,Normal
26.1,34.0,0.0,13.7,1017.0,Normal
30.4,38.0,0.0,4.3,1010.0,Normal
30.3,66.0,0.0,32.4,1010.0,Storm
42.3,15.0,0.0,28.4,999.0,Heatwave
16.0,48.5,30.0,20.5,1023.45,HeavyRain
12.6,65.5,31.0,11.0,997.8,HeavyRain
11.35,96.0,25.2,23.0,1008.6,HeavyRain
21.3,64.0,0.0,18.0,1018.0,Normal
24.85,89.0,39.6,16.0,1008.45,HeavyRain
24.2,83.0,23.8,26.0,1010.9,HeavyRain
26.3,84.0,0.41,81.0,1010.0,Storm
28.6,60.0,0.0,34.6,1011.0,Storm
11.3,76.0,0.01,32.4,1007.0,Storm
28.3,69.0,0.0,30.6,1008.0,Storm
43.4,11.0,0.0,25.2,1004.0,Heatwave
45.2,4.0,0.0,15.1,1002.0,Heatwave
27.1,5.0,0.0,32.4,1010.0,Storm
40.7,9.0,0.0,16.9,995.0,Heatwave
6.2,31.0,0.0,32.4,1003.0,Storm
15.3,83.5,21.4,10.0,1019.65,HeavyRain
15.3,67.5,38.4,17.0,1016.7,HeavyRain
29.3,75.0,0.0,31.7,1012.0,Storm
41.0,11.0,0.0,36.7,1003.0,Heatwave
33.0,63.0,0.0,28.1,1011.0,Normal
41.4,9.0,0.0,16.2,1008.0,Heatwave
30.4,40.0,0.0,41.0,1012.0,Normal
30.0,63.0,0.52,9.4,1009.0,Normal
27.65,84.5,26.8,6.5,1003.4,HeavyRain
28.2,79.0,0.08,30.6,1012.0,Storm
43.1,12.0,0.0,42.5,1002.0,Storm
21.3,38.0,0.0,13.0,1017.0,Normal
25.3,39.0,0.0,4.0,1012.0,Normal
16.35,97.0,35.6,18.5,1020.7,HeavyRain
12.9,73.5,42.0,21.5,1018.55,HeavyRain
26.3,51.0,0.0,15.1,1012.0,Normal
26.0,63.0,0.74,8.6,1011.0,Normal
31.0,68.0,0.15,5.4,1006.0,Normal
6.1,93.0,0.15,33.8,1004.0,Storm
40.1,20.0,0.0,16.9,992.0,Heatwave
28.5,76.0,0.07,33.1,1012.0,Storm
29.2,79.0,0.04,32.4,1007.0,Storm
23.2,94.0,0.03,30.6,1012.0,Storm
23.75,78.5,26.8,14.0,1010.15,HeavyRain
22.2,35.0,0.0,19.8,1013.0,Normal
13.05,75.5,24.4,15.0,1028.05,HeavyRain
28.1,55.0,0.0,41.0,1009.0,Storm
35.0,35.0,0.0,20.2,1003.0,Normal
22.3,96.5,31.2,11.0,1010.95,HeavyRain
-1.9,54.0,0.01,39.6,1002.0,Storm
13.75,72.5,57.6,20.5,1015.8,HeavyRain
28.4,89.0,0.06,39.2,1010.0,Storm
23.3,41.0,0.0,14.0,1020.0,Normal
24.4,47.0,0.1,8.6,1013.0,Normal
29.2,57.0,0.0,10.8,1011.0,Normal
24.3,33.0,0.83,37.4,1006.0,Storm
30.2,70.0,0.0,25.6,1015.0,Normal
39.1,10.0,0.0,33.1,1007.0,Storm
21.75,81.5,70.8,23.5,1001.6,HeavyRain
14.35,66.5,47.2,20.5,1015.2,HeavyRain
30.0,55.0,0.08,3.6,1012.0,Normal
28.2,70.0,0.0,13.7,1016.0,Normal
29.4,70.0,0.59,21.6,1006.0,Normal
12.1,77.0,0.17,32.4,1003.0,Storm
30.1,9.0,0.0,36.4,1012.0,Storm
34.3,13.0,0.0,33.5,1000.0,Storm
28.2,48.0,0.0,37.8,1012.0,Storm
22.4,65.0,0.0,3.6,1014.0,Normal
18.75,85.0,31.2,25.0,1014.75,HeavyRain
29.1,40.0,0.0,3.6,1020.0,Normal
14.0,73.5,46.8,28.5,993.15,HeavyRain
29.6,66.0,0.0,4.3,1012.0,Normal
16.6,70.5,24.0,19.5,1010.25,HeavyRain
29.3,75.0,0.0,31.0,1009.0,Storm
34.3,34.0,0.0,6.5,1011.0,Normal
22.0,44.0,0.0,9.4,1017.0,Normal
9.45,86.0,29.6,19.5,998.2,HeavyRain
13.95,92.0,58.8,56.5,1006.6,HeavyRain
41.0,21.0,0.0,16.9,1010.0,Heatwave
26.9,84.0,0.0,32.0,1008.0,Storm
23.05,67.5,21.2,19.0,1006.95,HeavyRain
28.3,79.0,0.03,32.0,1009.0,Storm
25.2,69.0,0.02,11.5,1018.0,Normal
23.45,77.0,77.2,11.5,1010.75,HeavyRain
26.0,72.0,21.0,18.0,1014.85,HeavyRain
22.0,65.0,0.0,40.0,1012.0,Storm
27.4,45.0,0.0,5.4,1019.0,Normal
26.1,45.0,0.0,9.4,1012.0,Normal
34.1,63.0,0.0,25.9,998.0,Normal
13.25,94.5,26.0,25.0,995.55,HeavyRain
21.1,69.0,0.0,7.6,1014.0,Normal
28.3,84.0,0.61,30.6,1007.0,Storm
29.1,79.0,0.13,37.1,1009.0,Storm
44.5,16.0,0.0,32.8,994.0,Storm
40.3,15.0,0.0,13.3,1003.0,Heatwave
10.8,66.0,34.6,31.5,1006.2,HeavyRain
14.2,91.0,23.6,12.0,1031.75,HeavyRain
30.0,46.0,0.0,40.3,1010.0,Storm
27.75,74.0,61.2,13.0,1000.95,HeavyRain
23.45,91.0,47.8,18.5,1004.75,HeavyRain
32.2,43.0,0.0,5.4,1005.0,Normal
33.7,33.0,0.0,6.1,1016.0,Normal
34.1,39.0,0.0,32.4,1011.0,Storm
20.8,70.5,45.2,39.5,1001.45,HeavyRain
41.2,14.0,0.0,9.0,999.0,Heatwave
45.8,9.0,0.0,26.6,993.0,Heatwave
10.4,100.0,0.45,45.4,992.0,Storm
41.2,13.0,0.0,13.0,997.0,Heatwave
21.3,40.0,0.51,5.4,1012.0,Normal
29.0,66.0,0.15,6.5,1008.0,Normal
5.2,41.0,0.0,31.7,987.0,Storm
28.0,79.0,1.18,33.1,1011.0,Storm
11.85,85.5,25.8,26.0,996.5,HeavyRain
45.0,11.0,0.0,13.0,1003.0,Heatwave
4.3,87.0,0.25,32.8,1006.0,Storm
16.9,96.0,28.2,18.0,1005.4,HeavyRain
22.1,53.0,0.0,16.2,1009.0,Normal
18.0,87.0,93.8,44.0,999.2,HeavyRain
27.5,82.0,33.0,14.5,1009.15,HeavyRain
49.2,4.0,0.0,22.0,996.0,Heatwave
40.0,18.0,0.0,16.9,1009.0,Heatwave
42.3,6.0,0.0,28.1,1003.0,Heatwave
24.75,100.0,20.2,24.0,1016.3,HeavyRain
26.2,71.5,42.0,17.0,1009.05,HeavyRain
24.4,100.0,1.61,37.1,1010.0,Storm
28.4,78.0,0.0,30.2,1011.0,Storm
15.5,81.5,20.8,14.0,1022.1,HeavyRain
24.0,82.5,33.0,10.5,1018.55,HeavyRain
28.8,70.0,0.0,18.0,1016.0,Normal
26.3,65.0,0.01,14.0,1015.0,Normal
13.1,62.0,0.0,37.8,1006.0,Storm
12.1,58.0,0.03,36.0,1007.0,Storm
42.2,15.0,0.0,9.7,1003.0,Heatwave
19.75,89.5,29.8,10.5,1022.35,HeavyRain
19.35,84.5,25.4,13.0,1010.3,HeavyRain
25.3,94.0,0.0,33.1,1011.0,Storm
42.1,5.0,0.0,3.6,1005.0,Heatwave
13.4,72.0,0.0,33.1,1002.0,Storm
27.6,77.5,27.4,17.5,1006.8,HeavyRain
24.2,36.0,0.16,13.7,1007.0,Normal
42.6,8.0,0.0,18.0,998.0,Heatwave
25.3,61.0,0.07,15.1,1019.0,Normal
29.2,31.0,0.0,15.5,1020.0,Normal
13.45,90.0,30.6,6.0,1006.75,HeavyRain
23.2,38.0,0.0,16.2,1014.0,Normal
24.3,48.0,0.0,3.6,1019.0,Normal
41.3,8.0,0.0,6.8,1000.0,Heatwave
22.3,35.0,0.0,13.3,1014.0,Normal
31.2,63.0,0.0,29.9,1013.0,Normal
19.65,87.0,30.8,3.5,1016.2,HeavyRain
7.4,89.0,23.8,11.0,984.0,HeavyRain
40.1,22.0,0.0,16.9,999.0,Heatwave
23.8,89.0,23.4,5.5,1010.4,HeavyRain
28.2,6.0,0.0,32.0,1012.0,Storm
26.0,94.0,0.07,31.0,1005.0,Storm
15.3,63.0,0.0,38.9,1012.0,Storm
25.1,65.0,0.03,24.8,1022.0,Normal
19.9,80.5,33.0,6.5,1020.4,HeavyRain
24.8,79.5,35.2,7.5,1010.5,HeavyRain
30.2,66.0,0.39,15.8,1009.0,Normal
24.15,42.0,24.6,24.0,1007.8,HeavyRain
26.7,66.0,0.0,31.0,1012.0,Storm
17.2,88.0,0.07,32.0,1005.0,Storm
27.2,58.0,0.02,11.2,1010.0,Normal
30.3,49.0,0.0,31.0,1011.0,Storm
24.0,50.0,0.0,5.8,1010.0,Normal
42.2,7.0,0.0,5.0,1004.0,Heatwave
17.75,72.0,35.4,22.0,1009.0,HeavyRain
24.85,83.5,46.8,19.5,1009.0,HeavyRain
19.75,80.5,49.0,7.5,1013.1,HeavyRain
42.2,14.0,0.0,18.0,1008.0,Heatwave
25.4,79.0,0.06,33.8,1012.0,Storm
13.65,100.0,22.2,11.0,1020.35,HeavyRain
39.7,9.0,0.0,38.9,1003.0,Storm
35.8,16.0,0.0,34.6,1004.0,Storm
40.6,15.0,0.0,40.0,998.0,Heatwave
11.3,94.0,0.33,30.2,1006.0,Storm
23.200000000000003,67.0,21.0,13.0,1004.1,HeavyRain
27.05,82.0,104.8,14.0,1008.8,HeavyRain
38.0,35.0,0.0,31.0,1006.0,Storm
15.3,31.0,0.0,42.1,1011.0,Storm
30.0,79.0,0.03,32.0,1009.0,Storm
43.0,16.0,0.0,4.3,998.0,Heatwave
15.8,82.5,31.4,37.0,1020.5,HeavyRain
6.3,81.0,0.23,32.4,992.0,Storm
12.4,78.0,21.2,6.5,1023.1,HeavyRain
21.3,40.0,0.0,20.2,1017.0,Normal
27.0,39.0,0.0,7.6,1015.0,Normal
45.0,7.0,0.0,24.5,997.0,Heatwave
21.1,53.0,0.0,9.4,1026.0,Normal
26.3,42.0,0.0,4.7,1023.0,Normal
22.4,61.0,0.0,24.5,1014.0,Normal
42.0,29.0,0.0,22.0,1005.0,Heatwave
27.9,59.0,0.0,10.8,1012.0,Normal
40.9,6.0,0.0,23.0,1000.0,Heatwave
32.3,59.0,0.15,3.6,1008.0,Normal
26.2,65.0,0.77,9.7,1018.0,Normal
25.3,44.0,0.0,38.9,1010.0,Storm
40.2,16.0,0.0,13.3,1010.0,Heatwave
27.0,58.0,1.72,33.1,1010.0,Storm
2.1,75.0,0.01,35.6,987.0,Storm
26.0,84.0,0.62,37.4,1010.0,Storm
14.7,58.5,21.4,16.0,1023.35,HeavyRain
9.3,87.0,0.47,33.1,1003.0,Storm
25.45,88.0,29.8,18.0,1012.05,HeavyRain
29.3,43.0,0.02,10.8,1005.0,Normal
23.1,73.0,0.2,38.9,1004.0,Storm
27.0,48.0,0.0,34.9,1012.0,Storm
20.65,81.0,75.2,35.0,1021.05,HeavyRain
28.3,90.5,23.2,7.5,1003.35,HeavyRain
44.1,18.0,0.0,21.6,1000.0,Heatwave
31.0,55.0,0.0,4.0,1007.0,Normal
21.3,38.0,0.0,16.9,1019.0,Normal
24.8,52.0,0.0,7.6,1014.0,Normal
17.5,57.0,21.0,15.0,1004.6,HeavyRain
18.3,88.0,0.11,34.2,1004.0,Storm
27.7,78.0,0.01,31.0,1010.0,Storm
19.2,87.0,35.8,14.5,1005.55,HeavyRain
19.700000000000003,98.0,28.0,5.5,1018.25,HeavyRain
40.1,22.0,0.0,16.6,993.0,Heatwave
22.3,65.0,0.0,6.1,1019.0,Normal
14.1,91.5,25.2,25.5,1003.9,HeavyRain
26.0,61.0,0.0,32.0,1011.0,Storm
32.1,52.0,0.0,16.9,1002.0,Normal
24.4,92.5,68.6,14.0,1008.25,HeavyRain
21.200000000000003,87.0,22.2,13.0,1009.5,HeavyRain
28.2,62.0,0.0,13.7,1017.0,Normal
34.1,60.0,0.0,10.1,1001.0,Normal
34.6,47.0,0.0,5.0,1006.0,Normal
20.6,68.5,66.2,18.5,1005.65,HeavyRain
17.85,70.5,24.4,30.5,1005.9,HeavyRain
27.2,64.0,0.56,5.8,1012.0,Normal
29.1,40.0,0.0,22.0,1016.0,Normal
19.6,42.5,31.0,15.0,1014.35,HeavyRain
28.65,80.5,23.4,21.5,1010.05,HeavyRain
27.0,90.0,24.8,11.0,1003.15,HeavyRain
28.25,57.0,25.6,24.5,1009.2,HeavyRain
44.1,12.0,0.0,34.9,994.0,Storm
17.9,42.5,28.0,18.5,1010.05,HeavyRain
28.1,79.0,0.0,32.8,1011.0,Storm
32.0,30.0,0.0,7.6,1005.0,Normal
40.8,20.0,0.0,26.6,999.0,Heatwave
44.4,9.0,0.0,3.6,1003.0,Heatwave
10.3,71.0,0.0,30.6,1011.0,Storm
45.3,14.0,0.0,19.1,996.0,Heatwave
9.8,73.0,20.6,31.5,995.05,HeavyRain
11.2,87.0,0.33,39.2,993.0,Storm
24.95,100.0,74.8,11.0,1017.15,HeavyRain
16.3,77.0,0.0,30.6,1011.0,Storm
15.3,87.5,34.8,15.0,1020.15,HeavyRain
29.2,79.0,0.02,31.7,1011.0,Storm
47.7,5.0,0.0,13.7,998.0,Heatwave
40.3,23.0,0.0,15.1,993.0,Heatwave
27.35,82.0,32.4,19.5,1009.5,HeavyRain
14.2,84.5,22.8,20.5,1029.85,HeavyRain
19.0,49.0,0.02,41.0,1010.0,Storm
3.4,93.0,0.03,30.2,1009.0,Storm
24.6,79.0,0.0,31.7,1010.0,Storm
26.6,79.0,145.2,15.0,1004.45,HeavyRain
26.0,51.0,0.0,18.0,1011.0,Normal
28.1,84.0,0.0,32.4,1012.0,Storm
30.2,66.0,0.0,9.0,1015.0,Normal
24.25,76.0,64.6,10.5,1015.15,HeavyRain
14.7,96.0,42.6,15.5,1018.7,HeavyRain
38.1,7.0,0.0,31.7,1011.0,Storm
13.2,21.0,0.01,30.2,995.0,Storm
41.5,13.0,0.0,5.4,1005.0,Heatwave
30.2,33.0,0.0,41.0,1015.0,Normal
32.3,58.0,0.0,31.3,1006.0,Storm
21.45,75.0,36.6,18.5,1012.55,HeavyRain
23.5,62.0,41.5,26.0,1009.55,HeavyRain
11.2,71.0,0.0,36.4,1011.0,Storm
17.0,72.0,0.02,33.8,1000.0,Storm
41.4,10.0,0.0,11.2,1006.0,Heatwave
40.4,8.0,0.0,21.6,1009.0,Heatwave
16.05,85.0,26.0,21.5,1011.15,HeavyRain
22.1,35.0,0.0,7.9,1017.0,Normal
10.0,71.0,0.0,65.2,1006.0,Storm
40.1,7.0,0.0,30.2,1007.0,Heatwave
20.6,62.5,58.0,19.0,1024.7,HeavyRain
30.1,70.0,0.05,16.9,1017.0,Normal
17.45,81.0,42.8,38.0,1014.65,HeavyRain
15.6,55.0,0.0,37.1,1011.0,Storm
13.6,85.5,33.0,15.5,1004.45,HeavyRain
24.0,94.5,20.8,9.5,1005.75,HeavyRain
27.1,30.0,0.0,4.0,1017.0,Normal
28.0,70.0,0.0,33.1,1011.0,Storm
40.0,23.0,0.0,27.7,995.0,Heatwave
27.2,21.0,0.0,33.1,1012.0,Storm
16.45,48.5,27.0,20.5,1017.9,HeavyRain
27.1,89.0,0.07,33.5,1011.0,Storm
45.4,10.0,0.0,11.2,998.0,Heatwave
46.3,8.0,0.0,32.8,997.0,Storm
20.2,53.0,0.0,3.6,1012.0,Normal
-4.6,79.0,0.3,45.7,987.0,Storm
18.35,62.5,34.8,23.0,1013.6,HeavyRain
16.1,84.0,23.0,9.0,1018.9,HeavyRain
43.7,7.0,0.0,42.1,996.0,Storm
27.3,62.0,0.0,15.1,1015.0,Normal
40.6,13.0,0.0,12.6,1007.0,Heatwave
23.2,61.0,0.0,12.6,1016.0,Normal
28.4,70.0,0.0,32.4,1009.0,Storm
25.8,85.5,60.4,14.0,1007.9,HeavyRain
46.6,4.0,0.0,16.9,999.0,Heatwave
28.4,79.0,0.6,33.8,1009.0,Storm
28.45,62.5,21.4,10.0,1012.15,HeavyRain
13.4,100.0,0.59,45.7,1002.0,Storm
24.2,34.0,0.0,20.2,1014.0,Normal
29.2,70.0,0.0,6.1,1009.0,Normal
27.45,80.5,44.4,15.0,1004.2,HeavyRain
17.05,92.5,20.4,12.0,1014.15,HeavyRain
21.1,69.0,0.0,40.3,1011.0,Storm
23.95,99.0,33.8,38.0,1012.45,HeavyRain
20.5,52.0,0.0,22.3,1014.0,Normal
26.6,44.0,0.0,18.4,1011.0,Normal
4.2,48.0,0.0,34.9,1001.0,Storm
8.9,94.5,22.0,36.0,1002.2,HeavyRain
24.25,94.5,54.6,23.0,1001.15,HeavyRain
30.0,52.0,0.01,31.0,1011.0,Storm
20.0,56.0,0.08,9.7,1022.0,Normal
47.1,19.0,0.0,19.1,1000.0,Heatwave
30.2,62.0,0.0,11.2,1009.0,Normal
24.3,59.5,35.0,12.5,1010.0,HeavyRain
8.4,93.0,1.81,54.4,1005.0,Storm
24.0,69.0,0.07,12.6,1018.0,Normal
20.2,41.0,0.0,35.3,1009.0,Storm
33.2,71.0,0.0,35.6,1003.0,Storm
20.4,37.0,0.0,33.1,1008.0,Storm
4.1,60.0,0.0,42.1,1010.0,Storm
7.4,54.0,0.46,31.7,1010.0,Storm
9.3,76.0,0.0,38.9,1005.0,Storm
27.45,78.0,38.2,15.5,1008.6,HeavyRain
9.1,87.0,1.65,30.2,1008.0,Storm
24.5,65.0,0.0,5.0,1014.0,Normal
31.1,46.0,0.0,20.2,1010.0,Normal
13.3,77.5,20.2,13.0,1022.35,HeavyRain
31.2,63.0,0.72,13.7,1007.0,Normal
-5.7,79.0,0.01,41.4,1008.0,Storm
23.95,79.0,32.4,8.5,1010.95,HeavyRain
24.5,81.5,89.0,12.0,1016.75,HeavyRain
19.4,78.0,0.0,31.0,1012.0,Storm
38.1,7.0,0.0,33.8,1005.0,Storm
21.4,35.0,0.0,24.1,1014.0,Normal
5.1,79.0,0.21,41.0,990.0,Storm
34.2,56.0,0.0,10.8,1005.0,Normal
32.2,41.0,0.0,34.9,1007.0,Storm
23.6,79.0,22.6,35.0,1007.8,HeavyRain
4.0,71.0,0.01,34.6,1009.0,Storm
28.0,45.0,1.16,9.0,1017.0,Normal
23.3,36.0,0.0,15.1,1022.0,Normal
5.3,70.0,0.15,37.1,1004.0,Storm
13.35,85.5,27.8,17.5,995.7,HeavyRain
23.1,57.0,0.0,34.6,1010.0,Storm
27.65,76.5,24.6,22.0,1009.7,HeavyRain
24.2,44.0,0.0,10.1,1025.0,Normal
7.3,42.0,0.39,43.6,980.0,Storm
40.2,18.0,0.0,6.5,1006.0,Heatwave
34.6,63.0,0.0,18.4,997.0,Normal
31.0,30.0,0.0,7.2,1008.0,Normal
22.2,43.0,0.05,7.6,1024.0,Normal
19.6,92.5,23.2,14.0,1018.7,HeavyRain
22.0,65.0,0.0,11.2,1006.0,Normal
26.2,21.0,0.0,30.6,1008.0,Storm
27.8,31.0,0.0,26.6,1010.0,Normal
26.4,100.0,0.0,30.2,1009.0,Storm
19.4,91.0,41.0,15.0,1017.85,HeavyRain
24.2,61.0,0.0,6.5,1018.0,Normal
26.4,11.0,0.0,33.1,1012.0,Storm
12.2,65.5,43.6,23.5,995.55,HeavyRain
24.35,78.0,23.4,26.0,1014.6,HeavyRain
38.1,13.0,0.0,32.4,1007.0,Storm
43.4,13.0,0.0,6.5,1002.0,Heatwave
9.2,64.0,0.0,39.2,976.0,Storm
19.1,97.0,44.4,20.5,1013.1,HeavyRain
9.0,71.0,0.38,51.8,1002.0,Storm
16.4,83.0,40.8,19.5,1015.0,HeavyRain
17.7,82.0,26.4,16.0,1021.1,HeavyRain
28.4,48.0,0.0,31.0,1007.0,Storm
41.2,19.0,0.0,19.1,1002.0,Heatwave
41.0,7.0,0.0,19.1,1008.0,Heatwave
21.3,64.0,0.0,32.0,1012.0,Storm
25.6,65.0,0.08,21.2,1016.0,Normal
11.1,100.0,1.12,35.6,1009.0,Storm
5.1,93.0,0.44,30.6,1007.0,Storm
28.3,70.0,0.01,14.0,1008.0,Normal
41.3,9.0,0.0,34.2,1005.0,Storm
31.4,59.0,0.0,7.2,1015.0,Normal
42.5,8.0,0.0,26.6,997.0,Heatwave
11.2,87.0,0.0,36.0,1008.0,Storm
12.15,92.5,39.0,29.5,997.3,HeavyRain
25.3,61.0,0.0,14.8,1020.0,Normal
31.3,63.0,0.0,18.0,1009.0,Normal
22.8,96.5,47.2,37.0,1011.7,HeavyRain
28.0,74.0,0.0,34.9,1009.0,Storm
30.2,66.0,0.0,18.0,1008.0,Normal
10.2,87.0,0.0,38.9,996.0,Storm
9.35,59.0,28.8,35.0,1001.85,HeavyRain
24.0,65.0,0.0,12.6,1016.0,Normal
43.2,14.0,0.0,20.2,996.0,Heatwave
21.6,38.0,0.16,5.4,1012.0,Normal
40.2,14.0,0.0,16.2,1002.0,Heatwave
23.25,93.0,31.2,8.5,1019.45,HeavyRain
28.1,74.0,0.0,36.7,1010.0,Storm
27.0,66.0,0.0,10.1,1015.0,Normal
14.95,100.0,31.0,13.0,1018.1,HeavyRain
40.3,11.0,0.0,11.2,1008.0,Heatwave
29.7,50.0,0.0,31.3,1011.0,Storm
26.5,52.0,0.0,3.6,1011.0,Normal
41.8,22.0,0.0,7.9,1003.0,Heatwave
23.25,90.5,40.8,23.0,1003.2,HeavyRain
30.4,79.0,0.47,32.8,1011.0,Storm
29.3,70.0,0.0,34.2,1011.0,Storm
27.4,84.0,0.0,32.8,1010.0,Storm
27.0,89.0,2.04,40.3,1010.0,Storm
43.7,8.0,0.0,14.0,998.0,Heatwave
20.200000000000003,71.5,25.6,14.5,1015.05,HeavyRain
29.2,79.0,0.06,38.2,1011.0,Storm
39.1,23.0,0.0,37.1,1007.0,Storm
27.1,79.0,0.0,37.8,1009.0,Storm
17.35,61.0,21.2,19.5,1018.75,HeavyRain
24.1,57.0,0.0,15.5,1023.0,Normal
30.1,49.0,0.45,22.0,1011.0,Normal
21.1,69.0,0.29,9.0,1011.0,Normal
22.75,67.5,20.2,22.5,1016.45,HeavyRain
22.4,41.0,0.0,27.7,1019.0,Normal
27.8,75.5,20.0,18.5,1013.3,HeavyRain
23.5,100.0,112.2,29.5,1001.2,HeavyRain
43.0,19.0,0.0,5.8,998.0,Heatwave
10.6,91.5,20.2,3.5,1020.35,HeavyRain
34.0,39.0,0.0,17.3,1010.0,Normal
29.1,62.0,0.0,28.1,1013.0,Normal
28.3,79.0,0.0,37.1,1011.0,Storm
40.2,6.0,0.0,9.7,1006.0,Heatwave
15.6,75.5,38.6,33.0,1013.5,HeavyRain
25.7,68.0,0.0,9.4,1011.0,Normal
13.4,92.0,30.8,16.5,1009.25,HeavyRain
12.25,67.5,23.0,22.0,1024.0,HeavyRain
28.7,37.0,0.0,7.6,1015.0,Normal
15.45,83.0,27.2,30.5,1022.5,HeavyRain
25.0,85.0,0.82,38.2,1006.0,Storm
30.2,70.0,0.43,11.9,1008.0,Normal
32.0,39.0,0.0,10.1,1009.0,Normal
25.0,52.0,0.01,4.7,1013.0,Normal
24.0,74.5,29.6,15.0,1008.3,HeavyRain
26.35,78.0,40.0,20.5,1000.55,HeavyRain
27.2,42.0,0.0,17.3,1015.0,Normal
20.1,61.5,21.2,12.0,1013.2,HeavyRain
21.9,45.0,0.04,5.0,1015.0,Normal
23.4,65.0,0.0,4.3,1019.0,Normal
25.0,65.0,0.01,11.2,1017.0,Normal
10.0,75.0,0.01,33.8,1010.0,Storm
22.0,94.0,61.2,21.5,1010.45,HeavyRain
18.4,26.0,0.0,36.7,988.0,Storm
22.2,61.0,0.0,3.6,1022.0,Normal
15.5,93.0,59.4,21.0,1017.25,HeavyRain
29.3,62.0,0.0,8.3,1014.0,Normal
10.95,84.5,24.2,21.0,1014.1,HeavyRain
24.4,34.0,0.0,10.4,1010.0,Normal
28.65,74.0,25.8,12.0,1011.35,HeavyRain
22.450000000000003,59.5,52.6,24.0,1013.35,HeavyRain
21.3,53.0,0.77,22.0,1007.0,Normal
14.25,71.0,21.4,20.5,1023.9,HeavyRain
23.0,47.0,0.0,5.8,1018.0,Normal
13.2,47.0,0.0,39.6,1009.0,Storm
41.0,19.0,0.0,15.1,1009.0,Heatwave
22.1,65.0,0.0,7.9,1021.0,Normal
12.2,67.0,1.94,48.6,978.0,Storm
28.2,41.0,0.0,10.4,1014.0,Normal
17.95,84.5,24.0,7.5,1008.9,HeavyRain
28.1,79.0,0.0,33.5,1012.0,Storm
29.4,53.0,0.0,8.3,1011.0,Normal
38.3,20.0,0.0,33.1,1004.0,Storm
19.85,80.5,25.8,7.5,1015.1,HeavyRain
19.2,68.0,0.59,30.2,1012.0,Storm
21.0,73.5,53.6,17.5,1009.3,HeavyRain
13.85,62.0,34.6,27.0,1013.35,HeavyRain
6.35,77.0,26.0,25.0,1010.5,HeavyRain
40.6,12.0,0.0,19.8,1000.0,Heatwave
28.3,48.0,0.0,30.6,1012.0,Storm
7.4,81.0,0.0,32.4,1003.0,Storm
1.3,93.0,0.0,31.3,999.0,Storm
40.0,30.0,0.0,3.6,1007.0,Heatwave
14.1,77.0,0.0,48.2,1009.0,Storm
27.1,35.0,0.0,5.0,1011.0,Normal
26.5,89.5,31.2,15.0,1006.85,HeavyRain
28.1,51.0,0.01,32.8,1009.0,Storm
21.3,46.0,0.0,13.3,1023.0,Normal
12.45,95.0,22.6,20.0,1010.95,HeavyRain
26.2,34.0,0.0,22.7,1013.0,Normal
4.0,93.0,1.09,34.9,992.0,Storm
26.2,19.0,0.0,44.6,1009.0,Storm
41.1,18.0,0.0,9.4,999.0,Heatwave
31.0,14.0,0.0,37.1,1004.0,Storm
20.6,34.0,0.0,6.8,1021.0,Normal
27.0,67.0,0.0,15.5,1012.0,Normal
28.4,74.0,0.1,30.6,1010.0,Storm
18.8,77.0,55.2,30.5,1014.95,HeavyRain
13.45,71.0,25.0,22.0,1004.8,HeavyRain
22.0,33.0,0.0,19.1,1026.0,Normal
17.75,65.5,24.8,17.5,1008.65,HeavyRain
14.35,84.0,38.0,16.5,1027.3000000000002,HeavyRain
14.35,86.0,20.0,17.0,1002.85,HeavyRain
14.05,93.5,35.0,23.5,1002.2,HeavyRain
32.2,43.0,0.0,13.3,1012.0,Normal
20.1,67.0,0.0,6.5,1021.0,Normal
25.0,89.0,0.01,33.5,1012.0,Storm
30.4,70.0,0.17,15.1,1010.0,Normal
27.2,70.0,0.0,32.8,1011.0,Storm
30.0,70.0,0.02,31.0,1010.0,Storm
26.1,69.0,0.05,33.1,1012.0,Storm
19.0,68.5,21.2,26.0,1025.75,HeavyRain
16.1,69.5,36.6,22.0,1010.95,HeavyRain
18.45,74.5,25.0,12.0,1010.0,HeavyRain
2.4,91.0,0.24,31.0,995.0,Storm
11.65,77.5,27.2,33.0,1013.7,HeavyRain
17.6,92.5,26.2,32.5,1012.25,HeavyRain
29.2,79.0,1.22,31.3,1008.0,Storm
32.3,52.0,0.0,39.6,1008.0,Storm
29.0,75.0,0.0,30.2,1012.0,Storm
7.3,81.0,0.01,33.8,998.0,Storm
14.2,55.0,0.0,33.1,1007.0,Storm
10.4,94.0,0.13,37.4,1004.0,Storm
26.75,69.5,83.6,5.5,1010.4,HeavyRain
21.0,46.0,0.0,10.8,1022.0,Normal
16.8,62.5,23.6,24.0,1021.6,HeavyRain
44.1,29.0,0.0,10.8,1005.0,Heatwave
43.3,14.0,0.0,44.3,998.0,Storm
23.5,84.0,24.6,26.0,1017.55,HeavyRain
16.3,94.0,0.14,31.3,1012.0,Storm
25.1,57.0,21.4,27.5,1007.85,HeavyRain
27.3,62.0,0.0,12.6,1015.0,Normal
25.65,80.5,21.0,23.5,1011.55,HeavyRain
25.7,55.0,0.0,18.7,1016.0,Normal
23.3,50.0,0.0,9.4,1019.0,Normal
28.6,75.0,0.05,34.6,1011.0,Storm
23.3,47.0,0.03,8.3,1016.0,Normal
5.4,100.0,2.65,31.3,1011.0,Storm
28.2,40.0,0.0,3.6,1021.0,Normal
11.95,63.5,30.2,28.5,1008.1,HeavyRain
21.75,84.0,23.4,7.5,1013.7,HeavyRain
25.2,76.5,23.2,16.0,1010.3,HeavyRain
26.3,48.0,0.0,6.5,1018.0,Normal
16.4,86.5,21.0,16.5,1021.95,HeavyRain
22.2,73.0,0.0,30.2,1011.0,Storm
17.4,78.5,28.4,18.0,1018.85,HeavyRain
20.4,46.0,0.0,22.3,1012.0,Normal
27.25,85.5,50.4,17.0,1011.4,HeavyRain
40.1,14.0,0.0,6.5,1003.0,Heatwave
28.1,79.0,25.0,25.5,1007.4,HeavyRain
28.200000000000003,60.0,32.2,11.0,1006.55,HeavyRain
27.1,48.0,0.0,14.8,1018.0,Normal
21.2,67.5,22.4,15.5,1010.1,HeavyRain
45.7,18.0,0.0,14.4,998.0,Heatwave
18.4,76.0,21.8,24.0,1017.95,HeavyRain
38.2,45.0,0.0,30.6,995.0,Storm
28.3,42.0,0.0,9.0,1012.0,Normal
9.1,62.5,37.6,45.5,1015.6,HeavyRain
30.1,84.0,0.73,30.6,1008.0,Storm
27.4,50.0,0.0,15.8,1019.0,Normal
27.200000000000003,63.5,22.2,11.0,1004.8,HeavyRain
23.2,47.0,0.0,37.1,1005.0,Storm
25.8,87.5,56.6,15.5,1010.05,HeavyRain
30.3,70.0,0.01,12.2,1009.0,Normal
36.4,31.0,0.0,38.9,1009.0,Storm
23.1,53.0,0.0,15.8,1023.0,Normal
12.9,74.5,56.6,31.5,995.75,HeavyRain
18.3,77.0,22.6,17.5,998.7,HeavyRain
12.7,94.0,66.2,14.0,1025.0,HeavyRain
28.3,84.0,0.17,38.2,1008.0,Storm
19.75,56.0,24.2,5.5,1013.55,HeavyRain
28.5,63.0,0.0,33.5,1011.0,Storm
29.0,69.0,0.0,10.1,1006.0,Normal
34.0,41.0,0.3,6.1,1015.0,Normal
41.1,8.0,0.0,33.1,1002.0,Storm
26.950000000000003,93.0,28.2,30.0,1003.8,HeavyRain
34.1,50.0,0.0,19.1,1006.0,Normal
20.75,92.5,25.8,27.5,1006.95,HeavyRain
20.9,36.0,0.0,14.4,1020.0,Normal
30.2,62.0,0.0,8.6,1013.0,Normal
19.9,81.0,36.2,14.0,1020.9,HeavyRain
22.1,46.0,0.0,8.3,1021.0,Normal
28.0,74.0,0.56,31.7,1007.0,Storm
35.0,39.0,0.0,31.0,1002.0,Storm
22.65,93.0,25.0,10.0,1012.95,HeavyRain
41.6,8.0,0.0,31.3,1000.0,Heatwave
28.1,66.0,0.0,9.0,1017.0,Normal
28.3,79.0,0.25,36.0,1008.0,Storm
22.45,72.0,36.0,20.5,1015.8,HeavyRain
20.950000000000003,67.0,31.0,28.5,1021.85,HeavyRain
45.3,9.0,0.0,33.5,996.0,Storm
41.2,28.0,0.0,29.9,1000.0,Heatwave
31.2,59.0,0.0,10.1,1011.0,Normal
23.3,57.0,0.0,12.6,1025.0,Normal
27.3,64.0,21.4,9.0,1007.0,HeavyRain
29.4,45.0,0.05,4.7,1011.0,Normal
22.8,60.0,24.8,14.0,1014.2,HeavyRain
27.3,51.0,0.0,30.2,1011.0,Storm
12.3,72.5,26.4,16.5,1013.45,HeavyRain
18.55,44.5,24.4,31.5,1007.15,HeavyRain
31.2,66.0,0.0,13.0,1003.0,Normal
22.1,59.0,0.0,21.6,1015.0,Normal
27.6,94.0,33.8,19.5,1006.65,HeavyRain
20.4,88.0,0.0,32.8,1009.0,Storm
28.3,58.0,0.0,25.6,1015.0,Normal
26.2,94.0,0.01,31.7,1011.0,Storm
33.2,53.0,0.0,31.0,1009.0,Storm
20.3,46.0,0.0,10.4,1027.0,Normal
27.1,21.0,0.0,30.2,1008.0,Storm
14.4,94.0,0.0,60.8,1011.0,Storm
20.5,58.5,42.6,19.5,1011.2,HeavyRain
21.45,60.5,24.2,11.5,1014.4,HeavyRain
22.25,95.0,34.6,1.0,1021.0,HeavyRain
24.6,39.0,0.09,6.5,1012.0,Normal
8.95,88.5,22.9,15.5,1017.5,HeavyRain
45.4,5.0,0.0,4.7,1007.0,Heatwave
6.2,45.0,0.0,32.8,1011.0,Storm
24.1,30.0,0.0,21.6,1013.0,Normal
20.2,44.0,0.0,20.9,1017.0,Normal
38.0,20.0,0.0,36.0,1007.0,Storm
28.200000000000003,69.0,59.4,11.0,1012.3,HeavyRain
22.0,68.0,0.64,6.8,1010.0,Normal
25.0,65.0,0.0,44.3,1010.0,Storm
23.5,76.0,113.0,18.5,1010.75,HeavyRain
30.1,18.0,0.0,31.0,1008.0,Storm
41.0,15.0,0.0,25.9,1002.0,Heatwave
14.0,84.0,35.6,26.0,1007.35,HeavyRain
19.55,70.0,33.0,18.5,1005.85,HeavyRain
21.2,30.0,0.0,3.6,1014.0,Normal
32.0,63.0,0.5,33.1,1004.0,Normal
20.450000000000003,75.0,25.6,20.5,1010.35,HeavyRain
12.2,71.0,36.8,24.0,1014.3,HeavyRain
25.35,76.0,165.2,18.5,1012.8,HeavyRain
16.75,74.5,60.0,16.0,1016.6,HeavyRain
23.3,53.0,0.0,15.1,1023.0,Normal
28.1,84.0,0.02,30.6,1009.0,Storm
-0.9,55.0,0.0,33.5,1007.0,Storm
11.85,88.5,21.6,19.5,1016.7,HeavyRain
12.3,88.0,0.52,52.2,1012.0,Storm
42.1,15.0,0.0,18.4,994.0,Heatwave
30.3,52.0,0.0,11.2,1014.0,Normal
23.0,36.0,0.0,4.0,1018.0,Normal
41.0,19.0,0.0,24.1,1005.0,Heatwave
25.7,69.0,0.1,3.6,1003.0,Normal
26.0,42.0,0.0,3.6,1017.0,Normal
17.799999999999997,49.0,31.8,13.0,1008.35,HeavyRain
24.65,87.0,26.8,8.5,1011.95,HeavyRain
20.55,83.0,54.0,7.5,1018.1,HeavyRain
23.6,78.0,34.6,6.5,1017.9,HeavyRain
24.7,85.5,33.6,17.0,1009.3,HeavyRain
43.1,9.0,0.0,20.5,999.0,Heatwave
28.3,84.0,0.12,36.7,1011.0,Storm
32.1,34.0,0.0,3.6,1014.0,Normal
22.2,69.0,0.04,3.6,1021.0,Normal
35.2,25.0,0.0,32.0,1003.0,Storm
22.1,53.0,0.0,31.0,1008.0,Storm
21.1,58.0,0.01,16.6,1016.0,Normal
14.3,77.0,0.0,34.6,992.0,Storm
43.4,12.0,0.0,14.4,1001.0,Heatwave
40.1,4.0,0.0,13.0,1008.0,Heatwave
15.65,85.0,25.8,13.0,1014.45,HeavyRain
28.2,66.0,0.07,12.2,1005.0,Normal
42.7,12.0,0.0,3.6,1002.0,Heatwave
29.0,70.0,0.0,32.0,1009.0,Storm
26.0,80.5,30.6,10.0,1008.7,HeavyRain
42.6,10.0,0.0,11.5,1005.0,Heatwave
14.3,72.0,0.03,52.2,1002.0,Storm
29.2,52.0,0.0,15.5,1012.0,Normal
16.25,56.0,38.6,22.5,1010.8,HeavyRain
27.1,79.0,0.87,34.2,1012.0,Storm
17.35,91.0,96.4,30.5,1012.9,HeavyRain
24.2,44.0,0.0,9.7,1012.0,Normal
33.4,53.0,0.03,11.2,1008.0,Normal
40.1,25.0,0.0,6.1,997.0,Heatwave
-0.9,100.0,2.02,30.2,986.0,Storm
26.2,69.0,0.01,18.4,1015.0,Normal
42.3,18.0,0.0,31.7,999.0,Heatwave
12.15,78.0,57.4,22.0,1019.75,HeavyRain
27.3,79.0,0.05,31.3,1009.0,Storm
13.05,65.5,57.8,16.5,1024.65,HeavyRain
28.3,84.0,0.08,32.4,1011.0,Storm
27.7,41.0,0.0,11.9,1011.0,Normal
23.1,33.0,0.0,11.2,1018.0,Normal
15.15,82.0,22.4,9.0,1008.75,HeavyRain
14.0,98.0,23.4,5.5,1012.5,HeavyRain
9.1,66.0,0.0,37.1,995.0,Storm
43.0,21.0,0.0,15.1,1008.0,Heatwave
21.6,70.0,0.01,9.7,1013.0,Normal
28.1,70.0,2.55,15.5,1008.0,Normal
21.2,87.0,76.0,32.5,1008.25,HeavyRain
20.3,82.0,27.2,9.0,1014.2,HeavyRain
41.5,15.0,0.0,7.6,1005.0,Heatwave
20.2,35.0,0.0,9.4,1028.0,Normal
42.2,18.0,0.0,15.5,1003.0,Heatwave
26.8,48.0,0.0,7.2,1015.0,Normal
29.0,84.0,0.58,33.1,1011.0,Storm
10.85,81.0,21.4,14.0,1029.1,HeavyRain
26.0,45.0,0.0,3.6,1017.0,Normal
20.0,33.0,0.0,31.7,1006.0,Storm
15.45,72.5,24.6,19.5,1017.0,HeavyRain
9.1,81.0,0.19,37.4,1012.0,Storm
25.5,55.0,21.6,16.0,1016.95,HeavyRain
21.15,98.5,21.8,13.0,996.85,HeavyRain
45.2,9.0,0.0,21.2,999.0,Heatwave
15.2,88.0,0.52,30.2,1011.0,Storm
31.0,71.0,0.19,30.2,1006.0,Storm
22.7,70.0,0.17,8.3,1015.0,Normal
25.3,30.0,0.0,31.0,1009.0,Storm
18.4,68.0,0.0,33.8,1012.0,Storm
43.2,20.0,0.0,19.1,997.0,Heatwave
31.4,71.0,0.0,31.7,1007.0,Storm
23.4,59.0,0.71,11.5,1010.0,Normal
29.3,84.0,0.0,44.6,1007.0,Storm
22.1,69.0,0.0,31.0,1012.0,Storm
7.3,93.0,0.82,36.0,997.0,Storm
47.0,6.0,0.0,9.7,1000.0,Heatwave
4.1,87.0,0.0,32.4,993.0,Storm
31.1,63.0,0.0,25.6,1003.0,Normal
9.2,81.0,0.84,32.0,994.0,Storm
39.5,16.0,0.0,35.6,1004.0,Storm
25.6,59.0,0.03,7.9,1006.0,Normal
11.55,66.0,21.8,22.5,1019.35,HeavyRain
30.3,40.0,0.0,19.1,1021.0,Normal
28.0,80.0,1.38,32.4,1010.0,Storm
41.2,20.0,0.0,18.7,1005.0,Heatwave
18.05,78.0,29.0,10.0,1014.0,HeavyRain
13.2,67.0,0.09,33.8,1005.0,Storm
17.25,71.5,35.6,16.5,1012.0,HeavyRain
27.0,76.0,0.0,35.3,1008.0,Storm
21.15,95.5,30.6,32.5,1008.0,HeavyRain
27.2,79.0,0.0,32.0,1011.0,Storm
34.1,47.0,0.0,17.3,1006.0,Normal
16.3,72.0,0.0,41.0,990.0,Storm
30.0,70.0,0.0,31.0,1011.0,Storm
9.1,72.0,22.0,13.0,1027.0500000000002,HeavyRain
21.9,72.5,34.4,7.5,1016.05,HeavyRain
18.450000000000003,72.0,22.6,15.0,998.6,HeavyRain
12.0,91.0,23.0,30.5,998.4,HeavyRain
18.25,65.0,38.0,23.0,1025.35,HeavyRain
22.8,93.0,3.18,56.9,995.0,Storm
31.2,22.0,0.0,40.7,1012.0,Storm
27.5,79.0,115.4,17.0,998.4,HeavyRain
22.45,82.5,38.8,9.0,1018.35,HeavyRain
25.7,69.0,0.01,18.4,1017.0,Normal
26.5,63.0,0.0,4.3,1008.0,Normal
28.3,84.0,0.42,33.1,1008.0,Storm
42.7,8.0,0.0,23.4,998.0,Heatwave
11.5,82.5,47.4,33.5,1019.75,HeavyRain
23.4,65.0,0.0,22.7,1021.0,Normal
23.7,54.0,22.6,14.0,1014.7,HeavyRain
29.0,75.0,0.81,36.0,1012.0,Storm
40.8,23.0,0.0,14.4,989.0,Heatwave
27.65,73.0,33.4,18.5,1008.1,HeavyRain
21.1,50.0,0.19,11.5,1004.0,Normal
18.95,55.0,42.4,15.5,1004.7,HeavyRain
41.0,11.0,0.0,17.6,1006.0,Heatwave
28.3,79.0,0.49,33.5,1008.0,Storm
18.5,85.5,38.0,27.0,1022.15,HeavyRain
19.05,90.5,89.0,21.0,1012.5,HeavyRain
9.05,55.5,38.8,21.5,1011.95,HeavyRain
21.2,64.0,0.0,23.8,1024.0,Normal
14.35,57.0,30.2,25.0,1029.75,HeavyRain
10.2,76.0,0.04,35.3,1007.0,Storm
34.1,56.0,0.0,32.4,1009.0,Normal
16.6,85.5,20.4,8.5,1018.0,HeavyRain
26.1,89.0,0.48,33.1,1010.0,Storm
29.0,75.0,0.01,33.5,1012.0,Storm
22.2,61.0,0.0,12.6,1022.0,Normal
27.1,76.5,26.2,11.0,1008.75,HeavyRain
24.45,64.0,26.0,14.0,1010.1,HeavyRain
37.1,22.0,0.0,30.6,997.0,Storm
29.3,79.0,0.05,34.9,1011.0,Storm
40.2,10.0,0.0,28.1,1008.0,Heatwave
15.0,85.0,23.0,8.5,1015.95,HeavyRain
27.4,42.0,0.0,7.2,1008.0,Normal
30.1,62.0,0.18,11.5,1007.0,Normal
30.0,61.0,0.0,7.6,1008.0,Normal
-1.6,93.0,0.42,32.0,996.0,Storm
26.2,61.0,0.0,13.0,1020.0,Normal
25.2,34.0,0.0,7.2,1023.0,Normal
26.2,70.0,0.0,7.9,1014.0,Normal
23.2,53.0,0.0,14.8,1016.0,Normal
22.9,92.5,29.6,7.5,1005.3,HeavyRain
30.2,70.0,0.0,19.4,1010.0,Normal
29.0,40.0,0.0,42.8,1014.0,Normal
28.3,100.0,0.01,38.5,1004.0,Storm
27.55,69.5,24.2,25.0,1009.85,HeavyRain
41.1,8.0,0.0,33.1,1002.0,Heatwave
11.0,87.0,0.39,42.8,1003.0,Storm
33.3,59.0,0.17,9.0,1009.0,Normal
22.15,96.0,41.8,11.0,1019.3,HeavyRain
43.8,9.0,0.0,38.2,999.0,Storm
21.7,62.0,50.0,25.0,1007.45,HeavyRain
29.2,79.0,0.03,31.7,1008.0,Storm
23.1,53.0,0.0,9.4,1025.0,Normal
11.9,63.0,22.6,25.0,1021.7,HeavyRain
21.35,93.0,35.2,21.0,1013.7,HeavyRain
26.0,51.0,0.0,9.4,1015.0,Normal
20.2,57.0,0.0,4.0,1023.0,Normal
26.8,83.0,0.11,35.3,1010.0,Storm
42.3,6.0,0.0,19.1,1003.0,Heatwave
30.6,34.0,0.0,31.0,1003.0,Storm
27.1,62.0,0.74,69.1,1000.0,Storm
24.4,51.5,21.4,23.0,1006.85,HeavyRain
16.7,58.5,21.4,26.0,1022.4,HeavyRain
22.2,61.0,0.0,4.7,1018.0,Normal
34.3,30.0,0.11,13.7,1006.0,Normal
27.8,84.0,22.8,9.5,1007.55,HeavyRain
30.0,38.0,0.0,11.2,1013.0,Normal
17.8,74.5,30.2,19.5,1008.65,HeavyRain
26.05,94.0,95.2,16.5,1006.7,HeavyRain
27.4,81.0,35.2,15.0,1010.3,HeavyRain
31.0,59.0,0.0,18.0,1008.0,Normal
42.9,17.0,0.0,34.9,1001.0,Storm
28.0,66.0,0.0,9.0,1010.0,Normal
18.1,77.0,0.0,40.3,999.0,Storm
21.950000000000003,84.0,68.2,6.0,1021.0,HeavyRain
22.85,85.0,104.6,27.0,1003.35,HeavyRain
22.2,53.0,0.0,7.9,1019.0,Normal
24.1,36.0,0.0,9.0,1019.0,Normal
25.5,87.0,0.0,30.6,1012.0,Storm
17.549999999999997,96.0,35.8,11.0,1014.1,HeavyRain
18.05,80.0,22.2,10.0,1028.65,HeavyRain
26.1,89.0,0.03,30.6,1011.0,Storm
29.0,70.0,0.06,34.9,1011.0,Storm
14.7,89.0,20.0,15.0,1004.45,HeavyRain
9.1,87.0,3.33,46.1,1009.0,Storm
25.2,47.0,0.0,3.6,1018.0,Normal
17.05,62.5,88.2,22.5,1000.15,HeavyRain
20.2,68.0,0.0,32.8,1012.0,Storm
25.1,30.0,0.0,31.0,1010.0,Storm
18.9,89.5,26.6,44.5,1022.75,HeavyRain
23.4,61.0,0.0,33.1,1016.0,Normal
2.3,55.0,0.0,41.8,1000.0,Storm
27.3,80.5,36.8,15.0,1005.95,HeavyRain
27.2,48.0,0.0,24.1,1022.0,Normal
29.2,52.0,0.0,24.1,1009.0,Normal
42.3,22.0,0.0,4.7,998.0,Heatwave
11.3,94.0,0.08,34.9,994.0,Storm
11.95,43.5,25.6,26.0,1014.95,HeavyRain
16.4,94.5,36.2,32.5,991.25,HeavyRain
27.4,40.0,0.0,8.3,1011.0,Normal
28.5,81.0,23.8,16.5,996.6,HeavyRain
32.2,63.0,0.0,16.2,1008.0,Normal
8.8,73.0,25.2,34.0,1008.9,HeavyRain
21.1,43.0,0.0,12.2,1025.0,Normal
42.8,11.0,0.0,23.8,995.0,Heatwave
40.1,25.0,0.0,22.3,999.0,Heatwave
29.0,79.0,0.05,31.0,1007.0,Storm
17.450000000000003,74.0,23.6,11.0,1018.35,HeavyRain
9.0,88.0,30.4,23.0,1004.65,HeavyRain
8.7,82.5,26.0,7.5,1010.75,HeavyRain
20.1,64.0,0.0,11.9,1026.0,Normal
23.2,65.0,0.0,10.8,1016.0,Normal
28.2,32.0,0.0,10.1,1015.0,Normal
28.2,74.0,0.0,30.2,1012.0,Storm
26.0,76.0,26.8,17.0,1012.35,HeavyRain
44.2,10.0,0.0,24.1,994.0,Heatwave
25.2,69.0,0.0,3.6,1020.0,Normal
43.2,10.0,0.0,18.7,1003.0,Heatwave
25.0,51.0,0.0,16.2,1016.0,Normal
26.05,89.0,210.6,26.5,1001.2,HeavyRain
11.3,82.0,0.02,37.8,981.0,Storm
11.6,69.0,32.6,31.5,1006.15,HeavyRain
44.1,9.0,0.0,19.8,1004.0,Heatwave
22.0,61.0,0.09,18.7,1011.0,Normal
26.3,85.5,64.8,17.5,1012.55,HeavyRain
18.9,91.5,20.8,17.0,1012.3,HeavyRain
32.3,67.0,0.0,9.7,1012.0,Normal
22.6,72.0,24.4,9.5,1016.05,HeavyRain
17.2,83.0,0.0,32.4,1004.0,Storm
43.3,17.0,0.0,22.0,1001.0,Heatwave
27.7,54.0,0.0,12.6,1010.0,Normal
11.3,71.0,0.0,36.0,1001.0,Storm
33.3,53.0,0.0,10.8,1014.0,Normal
28.6,80.0,1.13,31.3,1009.0,Storm
27.3,32.0,0.0,6.8,1017.0,Normal
11.35,89.5,24.6,38.0,1010.95,HeavyRain
15.4,87.5,31.8,7.5,1022.3,HeavyRain
24.0,69.0,0.01,22.0,1011.0,Normal
26.3,94.0,0.03,36.4,1009.0,Storm
9.4,54.0,20.2,23.0,1011.55,HeavyRain
27.3,70.0,0.01,32.8,1010.0,Storm
13.75,88.5,27.8,33.0,1020.15,HeavyRain
28.0,76.0,0.11,41.4,1012.0,Storm
34.1,60.0,0.0,8.3,1008.0,Normal
12.05,61.0,28.2,21.5,1008.35,HeavyRain
27.5,54.0,0.0,11.5,1014.0,Normal
27.05,85.0,86.2,19.5,1010.3,HeavyRain
26.3,38.0,0.0,19.4,1018.0,Normal
23.7,46.0,0.0,7.9,1005.0,Normal
27.0,58.0,0.0,34.9,1016.0,Normal
23.2,44.0,0.0,10.4,1024.0,Normal
9.15,86.0,20.2,28.0,1023.85,HeavyRain
0.3,59.0,0.15,33.8,1011.0,Storm
9.05,83.5,23.6,13.0,1012.2,HeavyRain
14.9,84.0,0.38,33.5,1003.0,Storm
14.6,96.5,28.2,27.0,1005.0,HeavyRain
43.1,6.0,0.0,42.5,1000.0,Heatwave
27.5,81.0,49.4,19.5,1002.85,HeavyRain
22.6,81.0,24.6,16.5,1003.35,HeavyRain
19.4,95.5,102.0,15.0,1008.15,HeavyRain
22.65,79.0,22.8,8.5,1018.25,HeavyRain
23.0,44.0,0.09,24.1,1017.0,Normal
13.8,81.5,27.2,25.0,1016.5,HeavyRain
25.0,44.0,0.05,16.9,1017.0,Normal
24.0,64.0,56.0,10.0,1016.4,HeavyRain
14.4,75.5,29.8,28.0,1008.4,HeavyRain
9.3,71.0,0.0,37.1,988.0,Storm
31.6,32.0,0.01,3.6,1003.0,Normal
6.0,56.0,0.0,34.9,1007.0,Storm
45.7,9.0,0.0,10.4,998.0,Heatwave
16.7,79.5,39.0,21.5,1005.85,HeavyRain
12.2,94.0,28.0,10.0,1004.25,HeavyRain
25.3,94.0,0.0,34.2,1012.0,Storm
8.0,77.0,47.0,18.5,1009.2,HeavyRain
37.4,10.0,0.0,31.3,1012.0,Storm
43.1,19.0,0.0,13.7,1002.0,Heatwave
25.2,51.0,0.09,11.5,1020.0,Normal
34.4,38.0,0.0,13.7,1008.0,Normal
33.3,53.0,0.0,17.6,1010.0,Normal
43.1,9.0,0.0,19.1,1002.0,Heatwave
41.6,16.0,0.0,11.5,1005.0,Heatwave
22.1,69.0,0.0,8.6,1017.0,Normal
5.3,81.0,0.02,41.4,990.0,Storm
28.2,74.0,0.0,33.8,1010.0,Storm
32.3,59.0,0.0,3.6,1008.0,Normal
30.3,75.0,0.08,32.8,1010.0,Storm
27.1,78.0,0.02,31.0,1012.0,Storm
42.0,11.0,0.0,23.0,995.0,Heatwave
23.65,95.0,36.2,20.5,1012.75,HeavyRain
27.3,70.0,0.0,7.2,1016.0,Normal
17.95,48.0,22.0,17.5,1016.1,HeavyRain
24.4,65.0,0.3,6.1,1021.0,Normal
20.1,46.0,0.13,50.4,1012.0,Storm
11.5,77.0,35.6,33.0,1016.85,HeavyRain
27.4,79.0,0.1,33.8,1012.0,Storm
27.2,58.0,0.0,17.3,1015.0,Normal
17.8,67.5,26.6,11.5,1016.1,HeavyRain
14.1,53.5,21.4,20.5,1022.05,HeavyRain
22.9,66.5,25.6,18.5,1009.0,HeavyRain
10.7,97.0,2.03,37.4,999.0,Storm
32.0,67.0,0.07,3.6,1012.0,Normal
9.65,79.0,22.6,32.0,1007.5,HeavyRain
34.3,63.0,0.01,30.6,1005.0,Storm
41.6,24.0,0.0,17.3,998.0,Heatwave
15.2,82.5,32.8,42.5,997.35,HeavyRain
28.2,74.0,0.33,35.6,1012.0,Storm
34.0,14.0,0.06,46.1,1009.0,Storm
26.0,45.0,0.02,16.9,1015.0,Normal
18.3,58.0,0.19,41.0,1006.0,Storm
21.1,60.0,0.0,14.4,1016.0,Normal
7.3,93.0,0.0,30.2,1000.0,Storm
17.7,99.5,31.8,2.0,1020.05,HeavyRain
21.0,69.0,0.0,9.0,1010.0,Normal
28.9,78.0,0.48,30.2,1008.0,Storm
21.55,85.5,45.2,17.5,1011.35,HeavyRain
22.8,86.0,38.4,6.5,1004.45,HeavyRain
18.85,83.5,20.8,9.5,1013.05,HeavyRain
8.1,87.0,0.13,48.2,1009.0,Storm
20.65,81.5,31.8,11.0,1016.15,HeavyRain
1.2,93.0,0.06,43.6,1005.0,Storm
28.5,55.0,0.07,7.6,1014.0,Normal
42.9,18.0,0.0,29.9,996.0,Heatwave
27.35,86.5,27.4,13.0,1002.4,HeavyRain
32.0,53.0,0.0,3.6,1014.0,Normal
40.1,15.0,0.0,8.6,1002.0,Heatwave
27.5,58.0,0.17,20.2,1013.0,Normal
40.4,19.0,0.0,18.4,1003.0,Heatwave
44.2,9.0,0.0,11.2,1000.0,Heatwave
29.3,58.0,0.0,7.6,1014.0,Normal
23.0,57.0,0.02,31.0,1012.0,Storm
17.9,37.0,0.0,48.6,1004.0,Storm
22.1,61.0,0.0,11.5,1015.0,Normal
29.2,70.0,0.0,21.6,1012.0,Normal
34.4,9.0,0.0,33.8,1012.0,Storm
19.0,92.5,104.2,13.5,1001.95,HeavyRain
28.8,43.0,0.0,12.6,1011.0,Normal
30.0,66.0,0.0,25.9,1008.0,Normal
40.4,24.0,0.0,12.6,995.0,Heatwave
17.0,86.0,99.4,17.5,1011.55,HeavyRain
12.1,67.0,0.0,31.3,989.0,Storm
41.1,10.0,0.0,38.5,999.0,Heatwave
14.9,75.5,44.6,16.0,1020.45,HeavyRain
7.0,92.0,23.6,14.5,1011.35,HeavyRain
26.9,86.0,21.8,20.0,1011.85,HeavyRain
28.8,66.0,0.04,8.6,1013.0,Normal
29.2,62.0,0.0,18.4,1014.0,Normal
25.2,94.0,0.16,31.0,1012.0,Storm
32.1,67.0,0.55,3.6,1003.0,Normal
19.6,91.0,96.0,19.5,1022.4,HeavyRain
28.4,72.0,0.0,32.4,1010.0,Storm
37.8,15.0,0.0,30.2,1007.0,Storm
14.4,90.5,30.2,15.0,1026.65,HeavyRain
17.6,91.5,26.4,16.5,1016.7,HeavyRain
3.1,81.0,0.85,41.4,977.0,Storm
20.4,64.0,0.0,8.6,1021.0,Normal
21.1,56.0,0.0,5.8,1014.0,Normal
14.0,95.0,23.4,19.0,1018.05,HeavyRain
10.3,85.5,32.8,24.0,1006.6,HeavyRain
9.4,79.0,0.01,44.3,1012.0,Storm
25.0,68.0,20.6,11.0,1013.05,HeavyRain
20.45,78.5,41.4,23.0,1014.9,HeavyRain
45.1,3.0,0.0,33.1,1003.0,Storm
9.4,71.0,0.18,41.0,1008.0,Storm
21.0,68.0,0.09,3.6,1010.0,Normal
26.65,82.5,20.8,13.0,1004.6,HeavyRain
32.3,63.0,0.0,3.6,1008.0,Normal
24.0,61.0,0.0,20.2,1016.0,Normal
20.7,74.0,35.2,13.0,1016.5,HeavyRain
11.1,76.0,0.01,31.7,1007.0,Storm
28.2,84.0,0.0,32.4,1011.0,Storm
30.1,33.0,0.0,4.3,1015.0,Normal
40.3,23.0,0.0,7.2,1001.0,Heatwave
16.05,92.0,48.4,27.5,1018.15,HeavyRain
22.700000000000003,47.5,57.4,20.5,1003.1,HeavyRain
25.3,67.0,0.02,7.2,1015.0,Normal
40.1,20.0,0.0,11.2,1005.0,Heatwave
36.9,27.0,0.0,32.4,1006.0,Storm
23.7,54.0,0.13,6.1,1017.0,Normal
43.3,17.0,0.0,19.4,999.0,Heatwave
13.5,81.5,22.0,29.5,1000.85,HeavyRain
25.3,69.0,0.04,43.2,1018.0,Normal
18.450000000000003,86.0,58.0,19.5,1006.6,HeavyRain
34.4,53.0,0.06,4.3,998.0,Normal
29.0,76.0,0.07,31.7,1008.0,Storm
27.2,84.0,0.16,35.3,1009.0,Storm
30.3,70.0,0.0,19.1,1013.0,Normal
12.6,63.5,28.0,26.0,1005.65,HeavyRain
43.2,11.0,0.0,7.2,997.0,Heatwave
41.3,18.0,0.0,9.0,1011.0,Heatwave
30.7,12.0,0.0,40.3,1007.0,Storm
8.95,74.5,24.2,26.0,1007.5,HeavyRain
23.4,76.5,45.4,55.0,1013.1,HeavyRain
24.0,40.0,0.0,13.0,1018.0,Normal
13.05,78.0,54.4,27.5,1010.45,HeavyRain
31.3,55.0,0.0,13.7,1011.0,Normal
25.85,87.0,22.8,15.5,1011.4,HeavyRain
43.2,12.0,0.0,14.8,1005.0,Heatwave
29.2,78.0,0.41,32.8,1006.0,Storm
23.65,84.5,26.8,27.0,1024.9,HeavyRain
24.2,69.0,0.0,17.6,1020.0,Normal
35.3,32.0,0.0,43.9,1008.0,Storm
26.200000000000003,89.5,24.8,8.5,1004.0,HeavyRain
26.8,33.0,0.0,20.2,1004.0,Normal
31.3,59.0,0.02,31.0,1011.0,Storm
23.7,93.0,48.6,27.5,1013.5,HeavyRain
27.6,55.0,0.0,6.8,1013.0,Normal
28.5,40.0,0.0,20.9,1010.0,Normal
31.6,56.0,0.02,10.4,1008.0,Normal
27.4,62.0,0.0,6.8,1016.0,Normal
21.25,86.0,27.0,20.5,1002.1,HeavyRain
23.85,96.0,57.8,16.0,1001.8,HeavyRain
40.2,17.0,0.15,6.8,1014.0,Heatwave
48.4,8.0,0.0,16.9,998.0,Heatwave
44.5,8.0,0.0,20.5,1001.0,Heatwave
20.1,82.0,29.6,12.0,1010.6,HeavyRain
10.2,83.5,22.8,23.0,1011.95,HeavyRain
29.3,79.0,0.03,30.6,1009.0,Storm
2.3,87.0,0.13,33.1,1008.0,Storm
29.1,75.0,0.0,35.6,1011.0,Storm
29.4,81.0,0.0,32.0,1007.0,Storm
24.2,50.0,0.0,9.7,1018.0,Normal
17.0,100.0,0.3,58.3,999.0,Storm
-1.8,54.0,0.0,36.7,1007.0,Storm
20.0,87.0,120.8,17.5,1017.7,HeavyRain
18.05,80.0,25.4,9.5,1011.95,HeavyRain
42.1,13.0,0.0,8.3,1004.0,Heatwave
21.6,43.0,0.0,11.5,1012.0,Normal
33.5,57.0,0.01,11.9,1003.0,Normal
26.2,65.0,0.0,14.0,1014.0,Normal
11.65,57.5,55.0,12.0,1003.95,HeavyRain
26.5,73.0,39.6,21.5,1009.6,HeavyRain
27.9,80.0,1.93,38.9,1010.0,Storm
42.2,6.0,0.0,9.0,1003.0,Heatwave
44.5,6.0,0.0,3.6,1001.0,Heatwave
30.0,66.0,0.26,23.0,1012.0,Normal
40.9,20.0,0.0,15.1,1000.0,Heatwave
23.7,33.0,0.0,18.0,1018.0,Normal
10.05,68.0,21.0,28.0,1006.9,HeavyRain
28.9,69.0,0.0,13.3,1009.0,Normal
20.75,70.5,33.2,20.5,1011.95,HeavyRain
21.3,60.0,0.05,30.6,1002.0,Storm
5.3,81.0,0.25,31.0,1007.0,Storm
27.8,68.0,0.0,11.5,1012.0,Normal
17.6,60.5,27.6,32.0,1016.85,HeavyRain
20.95,100.0,21.6,13.0,1014.8,HeavyRain
42.3,23.0,0.0,6.8,997.0,Heatwave
26.3,89.0,0.56,33.8,1008.0,Storm
29.0,48.0,0.0,11.2,1010.0,Normal
26.4,48.0,0.0,11.5,1015.0,Normal
14.2,90.5,34.4,22.5,1011.3,HeavyRain
42.9,17.0,0.0,34.9,1001.0,Heatwave
31.1,63.0,0.15,16.9,1013.0,Normal
26.0,58.0,0.21,15.1,1010.0,Normal
21.5,49.0,0.0,4.0,1014.0,Normal
27.4,74.0,0.0,37.1,1012.0,Storm
28.6,66.0,0.01,25.9,1011.0,Normal
26.3,48.0,0.24,15.8,1016.0,Normal
22.5,58.0,0.01,3.6,1016.0,Normal
27.7,78.0,0.11,31.0,1010.0,Storm
23.4,50.0,0.01,31.0,1011.0,Storm
28.25,78.0,22.2,16.0,1008.9,HeavyRain
40.3,26.0,0.0,3.6,1011.0,Heatwave
23.2,33.0,0.0,23.0,1013.0,Normal
31.2,31.0,0.0,6.5,1019.0,Normal
26.8,85.0,83.6,6.5,1003.9,HeavyRain
26.4,79.0,0.46,34.9,1011.0,Storm
22.3,61.0,0.0,5.8,1014.0,Normal
19.4,63.5,29.6,18.5,1011.3,HeavyRain
26.2,74.0,0.0,30.6,1011.0,Storm
27.6,67.5,30.2,14.0,1005.6,HeavyRain
15.8,48.0,33.2,27.0,1007.6,HeavyRain
28.1,66.0,0.01,25.9,1019.0,Normal
29.3,33.0,0.0,6.1,1018.0,Normal
38.4,16.0,0.0,33.1,1004.0,Storm
18.05,79.0,80.4,5.5,1015.5,HeavyRain
22.3,69.0,0.0,19.4,1013.0,Normal
14.2,88.0,0.21,34.9,1008.0,Storm
25.5,84.0,42.4,18.5,1008.85,HeavyRain
27.95,85.0,28.8,39.5,1006.25,HeavyRain
16.049999999999997,67.0,38.6,24.0,1011.55,HeavyRain
20.1,53.0,0.06,24.5,1015.0,Normal
29.1,40.0,0.0,31.7,1012.0,Storm
15.1,63.0,0.0,33.8,1008.0,Storm
11.1,87.0,0.0,42.8,1004.0,Storm
29.3,79.0,0.03,32.8,1010.0,Storm
18.2,93.5,35.6,29.5,1012.05,HeavyRain
11.55,93.0,23.0,10.0,1011.5,HeavyRain
27.7,63.0,0.02,11.2,1010.0,Normal
42.2,8.0,0.0,18.4,1008.0,Heatwave
27.7,68.0,0.0,38.9,1011.0,Storm
39.2,20.0,0.0,30.2,1001.0,Storm
22.35,83.5,30.6,10.0,1024.3000000000002,HeavyRain
31.0,66.0,0.0,3.6,1014.0,Normal
25.3,68.0,0.01,27.0,1019.0,Normal
29.4,52.0,0.0,43.6,1012.0,Storm
12.3,63.0,29.6,17.0,1016.7,HeavyRain
27.1,37.0,0.0,5.8,1021.0,Normal
30.1,84.0,0.29,36.4,1010.0,Storm
30.5,47.0,0.0,5.8,1011.0,Normal
31.2,33.0,0.0,32.4,1014.0,Normal
18.1,63.0,51.0,20.5,1018.3,HeavyRain
40.7,8.0,0.0,19.4,1005.0,Heatwave
41.2,13.0,0.0,13.0,1002.0,Heatwave
20.0,60.0,0.0,7.9,1023.0,Normal
45.0,28.0,0.0,22.0,1001.0,Heatwave
-10.8,85.0,0.32,31.7,992.0,Storm
24.1,94.0,0.03,41.0,1012.0,Storm
22.0,50.0,0.0,5.0,1021.0,Normal
32.4,67.0,0.0,14.0,1007.0,Normal
13.75,71.5,24.4,17.0,1028.5,HeavyRain
13.2,100.0,3.64,31.3,996.0,Storm
22.2,61.0,0.0,8.3,1013.0,Normal
22.1,69.0,0.01,7.2,1026.0,Normal
12.7,83.5,35.6,19.5,1013.3,HeavyRain
21.5,62.5,22.8,17.5,1010.3,HeavyRain
24.9,93.0,0.24,31.7,997.0,Storm
26.2,81.0,21.2,3.5,1008.7,HeavyRain
15.95,47.0,81.8,20.5,1006.8,HeavyRain
22.0,94.0,1.47,32.0,1002.0,Storm
31.2,66.0,0.0,31.0,1008.0,Storm
17.3,63.0,0.0,42.1,1008.0,Storm
10.5,82.0,31.0,13.0,1013.05,HeavyRain
23.55,80.5,41.2,11.0,1002.6,HeavyRain
25.3,89.0,0.56,32.4,1012.0,Storm
18.75,79.0,20.0,15.0,1011.3,HeavyRain
19.8,61.0,22.6,12.0,1008.85,HeavyRain
23.2,35.0,0.0,32.8,1007.0,Storm
26.3,65.0,0.03,6.1,1012.0,Normal
11.4,95.0,24.8,23.0,1011.75,HeavyRain
41.0,9.0,0.0,7.9,1004.0,Heatwave
21.2,40.0,0.0,8.3,1020.0,Normal
28.3,49.0,0.0,22.0,1005.0,Normal
20.45,64.0,67.0,16.5,1005.6,HeavyRain
22.4,43.0,0.0,42.1,1010.0,Storm
27.1,65.0,0.0,22.0,1011.0,Normal
30.3,56.0,0.0,6.5,1013.0,Normal
22.2,50.0,0.0,15.5,1021.0,Normal
22.1,53.0,0.0,5.8,1014.0,Normal
40.3,13.0,0.0,11.2,1004.0,Heatwave
21.0,43.0,0.0,15.1,1013.0,Normal
30.6,30.0,0.0,16.2,1016.0,Normal
21.35,81.5,36.8,9.5,1021.3,HeavyRain
28.3,79.0,0.03,37.1,1011.0,Storm
23.3,53.0,0.0,5.4,1021.0,Normal
31.2,66.0,1.49,7.6,1003.0,Normal
14.55,76.5,21.4,14.5,1017.5,HeavyRain
25.7,30.0,0.0,32.8,1003.0,Storm
15.75,98.5,38.0,12.0,995.3,HeavyRain
18.0,42.0,0.0,31.3,1002.0,Storm
42.4,6.0,0.0,32.8,999.0,Heatwave
4.2,93.0,0.06,36.0,989.0,Storm
13.3,82.0,0.4,33.1,999.0,Storm
28.3,80.0,0.16,31.3,1012.0,Storm
22.4,78.0,0.0,42.5,1009.0,Storm
41.3,25.0,0.0,24.1,996.0,Heatwave
19.8,89.5,39.2,7.5,1014.55,HeavyRain
25.2,94.0,1.03,41.0,1006.0,Storm
15.25,86.5,20.2,22.5,1030.6,HeavyRain
34.3,8.0,0.0,30.6,1011.0,Storm
19.1,88.0,0.0,39.2,1012.0,Storm
13.1,66.0,20.2,16.0,1024.05,HeavyRain
18.3,86.5,29.4,36.0,1010.1,HeavyRain
32.0,67.0,1.27,3.6,1003.0,Normal
28.2,42.0,0.0,8.3,1016.0,Normal
44.1,29.0,0.0,4.7,1004.0,Heatwave
26.85,74.5,32.0,12.0,1008.75,HeavyRain
27.8,70.0,57.0,24.0,1014.4,HeavyRain
31.9,55.0,0.0,3.6,1006.0,Normal
27.5,77.0,28.4,13.0,1008.3,HeavyRain
9.95,86.0,21.0,17.5,1006.4,HeavyRain
15.6,76.0,22.0,22.0,1013.65,HeavyRain
15.4,95.5,50.2,21.5,1012.95,HeavyRain
28.0,84.0,0.96,33.8,1009.0,Storm
34.1,47.0,0.0,27.4,1007.0,Normal
27.9,80.5,21.8,13.0,1006.85,HeavyRain
42.7,24.0,0.0,14.4,998.0,Heatwave
40.3,12.0,0.0,18.4,1005.0,Heatwave
27.4,11.0,0.0,33.1,1012.0,Storm
19.45,61.0,24.2,27.0,1027.25,HeavyRain
7.6,58.0,48.8,21.5,1000.55,HeavyRain
28.7,55.0,0.0,7.6,1013.0,Normal
41.1,27.0,0.0,3.6,1000.0,Heatwave
28.0,35.0,0.01,3.6,1013.0,Normal
36.7,19.0,0.0,31.0,999.0,Storm
10.4,96.5,28.0,9.5,1015.0,HeavyRain
24.95,46.0,26.6,23.0,1007.35,HeavyRain
19.5,80.0,37.0,11.0,1007.95,HeavyRain
17.75,68.0,56.2,23.0,1011.75,HeavyRain
28.0,62.0,0.0,42.8,1008.0,Storm
13.7,79.0,44.2,17.5,1025.4,HeavyRain
20.75,80.5,40.8,12.0,1010.3,HeavyRain
26.0,54.0,0.0,6.1,1020.0,Normal
26.4,73.5,26.0,16.0,1000.0,HeavyRain
20.2,60.0,0.0,16.2,1025.0,Normal
24.4,54.0,0.0,23.4,1010.0,Normal
24.3,57.0,0.0,3.6,1017.0,Normal
29.1,75.0,0.75,31.0,1009.0,Storm
43.3,5.0,0.0,22.0,1002.0,Heatwave
19.2,92.5,225.0,37.0,1008.65,HeavyRain
18.1,91.5,20.6,32.5,999.35,HeavyRain
26.7,67.0,0.0,35.3,1010.0,Storm
16.9,90.0,39.0,16.5,1011.2,HeavyRain
4.4,72.0,0.03,30.2,986.0,Storm
16.0,82.0,0.0,38.5,1008.0,Storm
33.3,49.0,0.0,19.8,1011.0,Normal
21.85,64.5,23.0,18.0,1014.55,HeavyRain
26.0,94.0,0.02,39.2,1009.0,Storm
31.0,36.0,0.0,25.9,1008.0,Normal
28.2,79.0,0.0,31.0,1012.0,Storm
11.2,61.5,23.2,36.0,1021.25,HeavyRain
30.8,65.0,0.0,13.0,1010.0,Normal
8.2,87.0,0.05,37.1,1005.0,Storm
17.700000000000003,98.5,21.4,9.0,1019.3,HeavyRain
28.3,28.0,0.0,32.0,1010.0,Storm
22.0,93.5,27.0,27.5,1004.75,HeavyRain
15.9,81.0,28.8,26.0,1008.4,HeavyRain
31.2,46.0,0.2,37.1,1009.0,Storm
26.6,85.0,70.8,41.0,1001.65,HeavyRain
14.2,94.0,0.28,56.9,982.0,Storm
18.65,55.5,22.8,28.0,1014.2,HeavyRain
29.7,54.0,0.0,7.2,1013.0,Normal
19.3,54.0,24.8,7.5,1020.1,HeavyRain
29.0,79.0,0.0,34.2,1007.0,Storm
41.4,19.0,0.0,45.4,995.0,Storm
42.0,25.0,0.0,3.6,1007.0,Heatwave
9.2,66.0,0.0,35.6,988.0,Storm
28.2,25.0,0.0,42.8,1011.0,Storm
36.1,33.0,0.0,42.8,1008.0,Storm
32.4,59.0,0.0,18.4,1003.0,Normal
41.5,10.0,0.0,31.7,1002.0,Heatwave
27.2,48.0,0.0,17.6,1014.0,Normal
20.4,56.0,0.0,7.6,1027.0,Normal
27.45,57.0,21.0,18.5,1005.6,HeavyRain
32.3,71.0,0.15,32.0,1002.0,Storm
23.4,20.0,0.0,49.7,1007.0,Storm
41.1,27.0,0.0,11.2,993.0,Heatwave
44.0,18.0,0.0,23.8,996.0,Heatwave
10.3,76.0,0.46,38.2,1004.0,Storm
1.3,80.0,0.22,65.2,996.0,Storm
19.4,58.0,34.2,25.0,1005.8,HeavyRain
20.2,56.0,0.0,18.0,1022.0,Normal
28.2,53.0,0.0,35.6,1008.0,Storm
16.25,75.0,24.8,18.5,1019.95,HeavyRain
28.2,51.0,0.0,11.5,1012.0,Normal
22.2,53.0,0.0,17.3,1018.0,Normal
30.1,70.0,0.05,4.0,1011.0,Normal
19.55,67.5,28.6,15.0,1003.7,HeavyRain
14.55,84.5,34.0,22.5,1021.85,HeavyRain
20.9,94.0,20.8,11.0,1018.0,HeavyRain
26.0,51.0,0.0,3.6,1017.0,Normal
28.2,70.0,0.0,36.0,1010.0,Storm
25.1,41.0,0.0,14.4,1013.0,Normal
43.4,13.0,0.0,11.2,1000.0,Heatwave
4.0,75.0,0.13,43.2,997.0,Storm
21.55,91.0,54.2,8.0,1008.95,HeavyRain
48.3,6.0,0.0,34.9,995.0,Heatwave
23.1,53.0,0.0,6.8,1018.0,Normal
32.3,67.0,0.05,8.6,1006.0,Normal
28.2,78.0,0.01,32.4,1009.0,Storm
27.3,89.0,0.07,34.6,1011.0,Storm
42.3,14.0,0.0,9.0,1003.0,Heatwave
22.35,87.0,33.4,14.0,1011.75,HeavyRain
20.2,56.0,0.0,21.6,1021.0,Normal
40.4,16.0,0.0,31.7,1000.0,Storm
27.4,86.0,48.2,21.5,1010.85,HeavyRain
17.8,95.5,34.4,29.0,979.75,HeavyRain
23.15,81.0,32.7,14.0,1010.6,HeavyRain
19.15,88.0,48.8,22.0,1019.7,HeavyRain
31.0,12.0,0.0,30.6,1010.0,Storm
22.0,85.5,82.2,8.5,1001.0,HeavyRain
41.2,16.0,0.0,7.2,999.0,Heatwave
33.2,34.0,0.0,33.5,1009.0,Storm
44.1,9.0,0.0,7.6,1001.0,Heatwave
40.3,15.0,0.0,10.8,1006.0,Heatwave
24.3,54.0,0.0,8.6,1012.0,Normal
43.6,7.0,0.0,3.6,1002.0,Heatwave
40.2,7.0,0.0,11.5,1009.0,Heatwave
12.35,89.5,57.8,29.0,997.45,HeavyRain
21.7,94.0,22.4,6.5,1017.25,HeavyRain
20.0,68.0,0.0,42.8,1011.0,Storm
20.75,85.0,38.0,10.0,1022.1,HeavyRain
27.1,87.0,1.78,34.9,1008.0,Storm
3.2,93.0,0.82,39.6,990.0,Storm
27.4,84.0,0.05,38.9,1012.0,Storm
26.1,39.0,0.0,3.6,1014.0,Normal
29.9,56.0,0.0,7.6,1015.0,Normal
28.2,89.0,0.17,36.7,1010.0,Storm
13.2,94.0,1.27,38.9,1011.0,Storm
33.2,53.0,0.05,4.3,1004.0,Normal
17.4,95.0,31.1,15.0,1018.85,HeavyRain
17.2,72.0,0.15,36.0,1003.0,Storm
40.4,14.0,0.0,21.2,1006.0,Heatwave
40.3,19.0,0.0,40.3,1003.0,Storm
32.2,56.0,0.0,16.6,1007.0,Normal
16.2,94.0,0.07,39.6,999.0,Storm
27.2,70.0,0.0,19.8,1012.0,Normal
21.6,95.0,22.8,16.5,1013.9,HeavyRain
30.3,38.0,0.0,19.1,1014.0,Normal
27.2,84.0,0.48,30.6,1011.0,Storm
21.2,26.0,0.0,34.9,1010.0,Storm
24.3,100.0,0.06,31.0,1010.0,Storm
25.0,79.5,68.0,16.5,1002.8,HeavyRain
18.2,66.5,32.2,21.0,1021.15,HeavyRain
29.1,70.0,0.0,11.2,1015.0,Normal
26.3,79.0,0.19,31.7,1011.0,Storm
32.0,59.0,0.0,13.0,1012.0,Normal
40.6,15.0,0.0,16.6,1012.0,Heatwave
26.6,69.0,0.0,11.5,1016.0,Normal
44.3,24.0,0.0,32.0,1004.0,Heatwave
14.7,76.0,39.8,38.0,1026.4,HeavyRain
12.3,88.0,0.01,36.7,1012.0,Storm
2.0,93.0,1.08,38.9,1008.0,Storm
46.3,9.0,0.0,4.7,998.0,Heatwave
22.4,50.0,0.0,9.7,1014.0,Normal
40.3,19.0,0.0,11.5,1005.0,Heatwave
37.2,45.0,0.0,39.2,1004.0,Storm
17.35,74.0,36.0,43.5,1024.4,HeavyRain
41.2,14.0,0.0,25.2,1000.0,Heatwave
28.8,39.0,0.04,7.6,1014.0,Normal
26.0,31.0,0.0,5.4,1015.0,Normal
20.35,99.0,115.2,21.0,1019.8,HeavyRain
17.15,80.0,22.0,28.0,1003.85,HeavyRain
40.2,22.0,0.0,10.4,1007.0,Heatwave
27.2,42.0,0.0,5.8,1005.0,Normal
12.2,88.0,0.15,38.2,994.0,Storm
26.700000000000003,89.5,82.6,21.5,1001.15,HeavyRain
16.1,72.0,0.4,31.3,1005.0,Storm
25.2,39.0,0.0,17.3,1019.0,Normal
24.2,57.0,0.0,11.2,1021.0,Normal
34.5,42.0,0.0,5.0,1011.0,Normal
19.3,91.5,75.2,14.0,1010.0,HeavyRain
16.35,89.0,28.6,22.0,1029.95,HeavyRain
45.3,6.0,0.0,19.1,994.0,Heatwave
27.950000000000003,71.5,39.2,18.5,1011.4,HeavyRain
28.2,58.0,0.0,18.0,1011.0,Normal
21.4,60.0,0.0,6.5,1004.0,Normal
-1.7,93.0,0.0,38.9,1000.0,Storm
24.7,63.0,0.0,37.1,1012.0,Storm
27.2,89.0,0.12,35.6,1006.0,Storm
43.2,5.0,0.0,31.0,1003.0,Storm
27.0,89.0,0.33,32.8,1006.0,Storm
25.0,57.0,0.0,34.6,1010.0,Storm
27.4,30.0,0.0,18.7,1013.0,Normal
26.2,70.0,0.0,7.2,1016.0,Normal
26.2,65.0,0.0,10.1,1017.0,Normal
13.2,72.0,22.4,57.5,1015.25,HeavyRain
43.7,9.0,0.0,17.6,998.0,Heatwave
25.0,69.0,0.0,31.3,1016.0,Normal
40.1,6.0,0.0,6.8,1005.0,Heatwave
17.05,90.5,24.2,13.0,1009.6,HeavyRain
16.45,81.0,27.6,18.5,1013.75,HeavyRain
41.5,21.0,0.0,30.2,999.0,Storm
17.2,77.0,0.0,31.0,1009.0,Storm
23.5,68.0,0.0,10.1,1013.0,Normal
19.9,64.5,28.4,19.5,1007.6,HeavyRain
14.3,77.0,0.0,37.1,1001.0,Storm
22.15,89.5,54.0,31.0,1021.1,HeavyRain
27.3,61.0,42.6,17.5,1012.6,HeavyRain
18.95,90.0,31.0,11.0,1018.85,HeavyRain
29.3,70.0,0.0,31.0,1010.0,Storm
28.2,89.0,0.05,32.0,1010.0,Storm
33.3,26.0,0.0,33.1,1012.0,Storm
19.3,54.5,85.6,20.5,1008.15,HeavyRain
14.45,84.0,37.4,20.5,1019.55,HeavyRain
28.1,47.0,0.0,3.6,1015.0,Normal
34.0,53.0,0.0,16.6,1007.0,Normal
16.55,93.5,24.2,32.5,1009.7,HeavyRain
20.0,64.0,0.04,9.4,1028.0,Normal
13.9,82.0,28.6,25.0,1007.25,HeavyRain
22.200000000000003,86.0,22.4,16.5,1013.85,HeavyRain
29.3,58.0,0.0,7.9,1008.0,Normal
20.1,60.0,0.0,7.9,1025.0,Normal
8.4,76.0,0.0,43.9,982.0,Storm
23.7,34.0,0.0,32.4,1011.0,Storm
27.1,100.0,0.41,52.6,994.0,Storm
19.35,88.0,23.6,14.5,1021.75,HeavyRain
43.0,5.0,0.0,6.1,1008.0,Heatwave
27.4,51.0,0.57,3.6,1019.0,Normal
7.1,70.0,0.65,31.0,999.0,Storm
40.4,12.0,0.0,26.6,1001.0,Heatwave
44.4,9.0,0.0,33.5,998.0,Storm
35.5,12.0,0.0,35.6,1008.0,Storm
40.3,18.0,0.0,43.6,1001.0,Storm
14.4,72.0,0.09,59.0,1001.0,Storm
13.75,55.0,22.0,18.5,1009.65,HeavyRain
14.6,52.5,22.2,35.0,1004.5,HeavyRain
29.2,66.0,0.04,23.0,1014.0,Normal
41.1,22.0,0.0,15.1,995.0,Heatwave
40.1,19.0,0.0,20.2,1004.0,Heatwave
28.1,66.0,1.88,5.4,1008.0,Normal
41.1,7.0,0.0,25.9,1005.0,Heatwave
5.3,93.0,0.18,48.6,971.0,Storm
21.8,54.0,0.04,3.6,1018.0,Normal
20.15,80.0,28.0,16.0,1013.9,HeavyRain
11.2,66.0,0.0,31.7,999.0,Storm
12.3,88.0,0.04,30.6,992.0,Storm
34.4,53.0,0.0,14.4,1008.0,Normal
31.0,59.0,0.0,11.2,1011.0,Normal
29.2,33.0,0.0,10.8,1013.0,Normal
26.1,48.0,0.04,24.5,1013.0,Normal
27.1,81.0,0.37,36.4,1012.0,Storm
13.2,72.0,0.07,41.4,997.0,Storm
27.3,47.0,0.0,29.2,1010.0,Normal
22.15,77.5,27.0,12.0,1010.85,HeavyRain
30.1,12.0,0.0,37.4,1009.0,Storm
24.0,63.0,22.4,13.0,1008.95,HeavyRain
6.3,100.0,1.33,42.8,993.0,Storm
22.65,75.0,55.8,14.0,1008.2,HeavyRain
20.950000000000003,80.5,34.2,18.5,1019.7,HeavyRain
27.05,86.0,25.6,9.0,1010.2,HeavyRain
26.65,87.0,32.2,23.0,1007.0,HeavyRain
28.1,74.0,0.0,30.6,1011.0,Storm
21.0,52.0,0.0,27.7,1007.0,Normal
29.1,70.0,0.0,32.0,1012.0,Normal
26.3,78.0,0.79,30.6,1010.0,Storm
20.9,34.0,0.0,15.1,1020.0,Normal
25.2,69.0,0.01,41.8,1017.0,Normal
10.4,77.0,29.2,16.5,1014.1,HeavyRain
31.3,59.0,0.0,18.4,1008.0,Normal
28.0,79.0,0.38,38.2,1008.0,Storm
26.25,82.0,39.8,15.0,1006.4,HeavyRain
11.8,71.0,21.2,28.5,1019.8,HeavyRain
24.3,54.0,0.0,16.9,1015.0,Normal
44.0,10.0,0.0,13.0,1002.0,Heatwave
27.55,83.0,29.6,11.0,1004.6,HeavyRain
15.6,53.0,24.0,24.0,1013.4,HeavyRain
29.1,75.0,0.02,38.2,1009.0,Storm
41.1,5.0,0.0,9.0,1008.0,Heatwave
15.85,83.5,21.4,12.0,1016.5,HeavyRain
21.0,38.0,0.0,19.1,1017.0,Normal
43.2,13.0,0.0,20.2,1005.0,Heatwave
20.1,56.0,0.04,3.6,1027.0,Normal
12.5,64.5,35.6,13.0,1026.9,HeavyRain
15.0,83.0,42.0,14.0,1018.95,HeavyRain
22.05,59.0,25.6,12.0,1015.5,HeavyRain
18.5,75.0,25.0,9.0,1018.25,HeavyRain
33.1,53.0,0.0,19.4,1008.0,Normal
21.9,48.0,0.01,13.7,1022.0,Normal
24.2,63.0,0.0,38.9,1011.0,Storm
31.3,63.0,0.0,18.7,1012.0,Normal
13.2,61.5,31.6,9.5,1010.75,HeavyRain
44.2,14.0,0.0,14.8,998.0,Heatwave
29.3,79.0,0.0,31.7,1008.0,Storm
41.3,14.0,0.0,11.9,1003.0,Heatwave
44.0,13.0,0.0,7.2,1002.0,Heatwave
25.2,72.5,35.0,12.0,1008.55,HeavyRain
26.6,39.0,0.0,18.0,1006.0,Normal
15.95,93.5,22.0,8.0,1026.05,HeavyRain
32.8,19.0,0.0,30.6,1012.0,Storm
15.0,90.0,22.6,2.0,1010.45,HeavyRain
25.3,95.0,79.6,24.5,1004.75,HeavyRain
29.1,79.0,1.0,38.2,1005.0,Storm
26.3,74.0,0.03,31.3,1012.0,Storm
23.1,39.0,0.0,16.2,1013.0,Normal
14.1,93.5,25.2,21.0,1018.2,HeavyRain
14.65,80.5,29.0,13.0,1015.85,HeavyRain
28.3,42.0,0.0,9.4,1021.0,Normal
27.0,58.0,0.0,37.1,1015.0,Normal
29.0,40.0,0.0,3.6,1014.0,Normal
15.9,72.5,46.4,21.5,1023.4,HeavyRain
21.8,91.0,72.6,16.5,1008.45,HeavyRain
28.15,57.5,25.4,16.5,1010.25,HeavyRain
15.1,78.5,40.4,30.5,1011.15,HeavyRain
32.1,55.0,0.1,6.8,1006.0,Normal
44.4,12.0,0.0,13.0,995.0,Heatwave
11.0,71.0,0.0,35.6,1001.0,Storm
30.1,38.0,0.0,13.0,1011.0,Normal
23.2,50.0,0.0,7.9,1011.0,Normal
29.2,75.0,0.27,30.6,1006.0,Storm
22.65,95.5,39.4,36.0,1016.35,HeavyRain
21.2,53.0,0.0,16.9,1002.0,Normal
22.6,32.0,0.0,18.7,1014.0,Normal
27.3,42.0,0.0,21.2,1015.0,Normal
43.3,11.0,0.0,24.1,995.0,Heatwave
26.8,70.0,0.0,10.1,1009.0,Normal
0.4,80.0,0.56,33.1,990.0,Storm
24.0,47.0,0.0,3.6,1025.0,Normal
42.4,23.0,0.0,33.8,996.0,Heatwave
27.4,89.0,0.22,34.2,1011.0,Storm
23.2,100.0,0.32,32.4,1012.0,Storm
40.3,16.0,0.0,6.5,1006.0,Heatwave
31.1,63.0,0.0,3.6,1007.0,Normal
23.25,73.5,26.4,11.0,1015.6,HeavyRain
30.3,38.0,0.0,22.0,1010.0,Normal
10.0,20.0,0.0,31.7,1010.0,Storm
20.45,82.0,24.6,19.5,1022.1,HeavyRain
29.2,70.0,0.0,33.8,1011.0,Storm
41.0,19.0,0.0,11.9,994.0,Heatwave
8.0,66.0,0.01,34.9,1004.0,Storm
20.3,51.0,0.07,16.6,1011.0,Normal
43.1,14.0,0.0,17.3,996.0,Heatwave
11.95,71.0,34.0,11.5,1003.15,HeavyRain
27.0,39.0,0.0,16.9,1018.0,Normal
46.0,12.0,0.0,35.3,999.0,Heatwave
33.0,59.0,0.0,9.0,1007.0,Normal
28.2,84.0,0.01,33.8,1011.0,Storm
29.4,48.0,0.0,5.8,1017.0,Normal
13.35,100.0,27.0,6.5,1007.75,HeavyRain
10.9,70.5,54.2,34.0,1015.0,HeavyRain
29.6,72.5,21.8,15.0,1009.4,HeavyRain
34.0,39.0,0.0,31.0,1004.0,Storm
41.1,25.0,0.0,16.9,1000.0,Heatwave
40.2,17.0,0.0,36.0,1003.0,Storm
29.2,79.0,0.0,37.8,1009.0,Storm
27.5,76.0,0.05,35.6,1011.0,Storm
24.1,54.0,0.0,6.1,1016.0,Normal
18.1,86.0,74.8,19.5,1007.45,HeavyRain
18.65,98.0,38.4,2.0,1017.15,HeavyRain
25.4,83.0,2.39,51.5,1006.0,Storm
28.2,79.0,0.04,32.4,1010.0,Storm
13.1,77.0,0.0,38.2,999.0,Storm
13.1,62.0,0.0,33.1,997.0,Storm
43.0,11.0,0.0,14.8,999.0,Heatwave
22.25,84.0,36.4,16.5,1017.9,HeavyRain
20.0,91.5,51.0,29.5,1005.25,HeavyRain
29.9,54.0,0.0,9.0,1013.0,Normal
30.2,40.0,0.0,3.6,1015.0,Normal
26.0,94.0,1.36,34.9,1009.0,Storm
9.9,64.0,65.0,7.5,1014.4,HeavyRain
26.3,21.0,0.0,42.1,1008.0,Storm
19.2,52.5,29.6,11.0,1004.35,HeavyRain
33.3,47.0,0.0,10.8,1012.0,Normal
24.4,76.0,36.0,12.5,1005.35,HeavyRain
43.3,12.0,0.0,12.6,1008.0,Heatwave
19.2,92.5,26.2,17.5,1010.1,HeavyRain
34.0,39.0,0.0,37.1,1003.0,Storm
3.4,70.0,0.2,51.1,995.0,Storm
25.5,59.0,83.0,13.0,1000.3,HeavyRain
21.3,64.0,0.0,16.6,1014.0,Normal
28.4,80.0,0.35,31.7,1009.0,Storm
27.2,58.0,0.0,11.2,1020.0,Normal
22.25,86.0,24.6,6.5,1014.9,HeavyRain
19.25,73.0,39.8,25.0,1008.3,HeavyRain
9.9,76.5,20.8,12.0,1014.6,HeavyRain
13.3,30.0,0.0,37.4,1012.0,Storm
20.55,81.5,26.8,14.0,1013.8,HeavyRain
42.3,6.0,0.0,15.1,1002.0,Heatwave
26.0,88.5,75.6,15.0,1004.75,HeavyRain
21.5,84.0,28.0,19.5,1007.2,HeavyRain
38.1,10.0,0.0,35.6,1004.0,Storm
13.3,100.0,0.0,33.1,998.0,Storm
27.75,72.0,20.8,13.0,1007.55,HeavyRain
30.9,49.0,0.0,6.8,1009.0,Normal
18.75,94.5,50.8,34.0,1011.8,HeavyRain
1.2,80.0,0.08,40.0,980.0,Storm
20.0,68.0,0.16,40.0,1015.0,Normal
17.049999999999997,75.0,20.4,33.0,1005.5,HeavyRain
25.35,90.0,53.4,23.5,1011.3,HeavyRain
26.45,72.0,140.2,16.5,1001.95,HeavyRain
40.9,13.0,0.0,16.6,1000.0,Heatwave
26.1,89.0,0.52,31.0,1011.0,Storm
31.1,66.0,0.0,11.5,998.0,Normal
46.3,6.0,0.0,30.2,998.0,Heatwave
30.0,33.0,0.0,3.6,1017.0,Normal
10.1,56.5,23.2,31.0,997.75,HeavyRain
27.5,76.0,0.75,32.0,1011.0,Storm
33.3,57.0,0.92,19.4,1003.0,Normal
17.3,63.0,0.1,39.2,1002.0,Storm
21.0,46.0,0.0,10.1,1023.0,Normal
14.5,89.0,40.6,19.5,1009.5,HeavyRain
28.3,66.0,0.02,31.7,1018.0,Normal
28.7,61.0,0.0,4.0,1013.0,Normal
27.4,79.0,0.06,35.3,1012.0,Storm
46.2,8.0,0.0,19.1,995.0,Heatwave
27.2,30.0,0.0,10.4,1011.0,Normal
10.3,87.0,0.05,33.1,1011.0,Storm
6.2,81.0,0.01,31.0,985.0,Storm
29.2,75.0,0.0,30.2,1008.0,Storm
19.25,85.0,33.2,13.0,1011.9,HeavyRain
27.1,69.5,25.6,11.5,1011.65,HeavyRain
29.2,62.0,0.0,13.0,1015.0,Normal
18.3,20.0,0.0,54.0,1012.0,Storm
41.5,6.0,0.0,17.3,1004.0,Heatwave
-0.6,43.0,0.37,35.6,989.0,Storm
22.5,92.5,35.4,14.0,1013.85,HeavyRain
27.4,81.0,0.01,33.8,1010.0,Storm
27.35,83.0,74.6,22.5,1004.7,HeavyRain
17.200000000000003,81.0,60.8,40.0,1022.75,HeavyRain
29.3,70.0,0.31,10.8,1012.0,Normal
27.5,83.0,0.28,40.3,1008.0,Storm
16.85,94.0,30.6,17.0,1016.25,HeavyRain
32.0,63.0,0.5,33.1,1004.0,Storm
29.2,70.0,0.0,3.6,1016.0,Normal
17.1,96.5,45.6,19.5,1015.9,HeavyRain
40.0,25.0,0.0,11.9,1000.0,Heatwave
7.1,70.0,0.55,31.3,987.0,Storm
31.1,66.0,1.88,3.6,1010.0,Normal
27.7,22.0,0.0,31.3,1012.0,Storm
22.4,81.0,53.0,18.5,998.85,HeavyRain
21.2,79.5,48.4,29.5,1016.85,HeavyRain
43.5,6.0,0.0,31.0,1004.0,Storm
19.1,60.0,0.0,31.7,1012.0,Storm
27.6,76.0,0.04,35.6,1009.0,Storm
25.1,44.0,0.0,28.1,1013.0,Normal
20.45,96.5,30.4,8.0,1013.0,HeavyRain
27.5,60.5,43.8,19.5,1003.8,HeavyRain
26.0,79.0,0.05,31.3,1011.0,Storm
14.7,70.5,22.8,18.5,1021.6,HeavyRain
27.8,71.0,0.0,32.8,1010.0,Storm
46.2,11.0,0.0,18.4,994.0,Heatwave
26.0,58.0,0.86,15.1,1012.0,Normal
21.55,82.0,35.4,12.0,1007.4,HeavyRain
30.1,22.0,0.0,34.2,1012.0,Storm
27.1,89.0,0.19,41.0,1003.0,Storm
24.9,49.0,0.0,17.3,1011.0,Normal
26.3,70.0,0.0,5.8,1012.0,Normal
12.05,84.0,55.2,30.5,1018.2,HeavyRain
29.2,79.0,0.17,32.8,1006.0,Storm
30.0,49.0,0.0,31.0,1010.0,Storm
22.0,53.0,0.0,9.4,1025.0,Normal
14.3,82.0,0.0,40.7,996.0,Storm
26.2,69.5,47.4,25.0,1010.25,HeavyRain
18.2,45.0,0.0,37.4,1012.0,Storm
7.85,89.5,26.0,20.5,1011.6,HeavyRain
47.1,7.0,0.0,5.0,993.0,Heatwave
29.3,25.0,0.0,30.6,1011.0,Storm
18.1,61.0,129.0,33.5,998.55,HeavyRain
22.450000000000003,83.0,84.4,22.5,1020.75,HeavyRain
14.6,69.0,0.05,41.4,1002.0,Storm
39.2,15.0,0.0,31.7,1002.0,Storm
16.55,63.5,32.8,15.0,1014.25,HeavyRain
11.75,97.5,20.4,5.5,1017.5,HeavyRain
28.1,79.0,0.08,31.0,1010.0,Storm
31.9,35.0,0.0,13.7,1019.0,Normal
44.2,13.0,0.0,11.2,1005.0,Heatwave
24.3,44.0,0.0,4.7,1012.0,Normal
30.0,70.0,0.03,22.0,1016.0,Normal
27.5,77.0,0.96,31.3,1011.0,Storm
30.1,31.0,0.0,25.9,1006.0,Normal
26.8,71.5,37.4,17.5,1008.35,HeavyRain
41.2,22.0,0.0,10.4,991.0,Heatwave
31.4,57.0,0.0,7.6,1008.0,Normal
35.2,17.0,0.0,40.7,1006.0,Storm
27.4,74.0,0.0,34.9,1009.0,Storm
1.0,80.0,0.32,32.4,998.0,Storm
21.4,94.0,0.18,38.9,1011.0,Storm
12.0,82.0,0.01,41.0,1001.0,Storm
33.3,58.0,1.87,11.2,1001.0,Normal
42.2,25.0,0.0,13.7,995.0,Heatwave
16.25,75.5,21.8,33.0,1006.1,HeavyRain
33.2,42.0,0.0,14.4,1009.0,Normal
24.2,70.0,0.0,10.1,1015.0,Normal
28.35,62.5,57.6,15.0,1004.8,HeavyRain
31.1,16.0,0.0,37.8,1008.0,Storm
17.0,62.5,20.6,22.5,1006.05,HeavyRain
26.8,64.0,0.0,30.6,1012.0,Storm
21.65,85.5,34.2,13.5,1020.0,HeavyRain
26.0,61.0,0.0,33.8,1011.0,Storm
21.9,74.5,22.4,25.0,1019.05,HeavyRain
41.6,20.0,0.0,33.1,1000.0,Storm
16.2,69.0,34.4,40.0,1019.2,HeavyRain
42.0,13.0,0.0,11.2,1010.0,Heatwave
18.1,67.0,21.0,31.5,1008.4,HeavyRain
24.45,72.0,21.6,18.5,1018.35,HeavyRain
29.3,37.0,0.0,7.6,1013.0,Normal
26.2,84.0,0.0,31.7,1012.0,Storm
22.85,82.0,36.8,9.5,1009.45,HeavyRain
27.2,48.0,0.0,5.8,1015.0,Normal
27.5,52.0,0.0,34.6,1013.0,Normal
22.4,91.5,31.6,28.0,1010.9,HeavyRain
40.2,16.0,0.0,10.4,1004.0,Heatwave
23.45,77.0,23.8,15.5,1010.95,HeavyRain
16.9,79.0,26.2,3.0,1019.3,HeavyRain
24.55,81.5,21.0,4.0,1015.65,HeavyRain
33.8,39.0,0.0,31.0,1010.0,Normal
34.1,13.0,0.0,33.5,1009.0,Storm
34.8,59.0,0.0,19.1,997.0,Normal
22.05,66.0,39.2,9.0,1013.2,HeavyRain
14.5,84.0,28.4,20.5,1025.35,HeavyRain
21.2,78.0,0.0,30.2,1011.0,Storm
12.65,83.0,24.8,27.5,1017.85,HeavyRain
18.1,55.5,55.4,41.5,993.55,HeavyRain
25.3,94.0,1.26,42.5,1010.0,Storm
41.1,7.0,0.0,21.2,1003.0,Heatwave
11.4,66.0,0.1,34.2,1000.0,Storm
10.5,67.0,0.03,51.8,980.0,Storm
6.4,81.0,0.02,52.6,1004.0,Storm
23.0,61.0,0.0,33.1,1011.0,Storm
22.65,83.0,45.2,10.0,1015.55,HeavyRain
14.4,88.0,0.26,31.0,1004.0,Storm
25.1,61.0,0.0,9.4,1018.0,Normal
17.35,94.5,22.0,18.5,1011.55,HeavyRain
28.1,62.0,0.0,14.4,1007.0,Normal
40.2,10.0,0.0,4.3,1005.0,Heatwave
26.15,64.5,39.0,20.5,999.6,HeavyRain
21.1,31.0,0.02,8.6,1021.0,Normal
22.0,38.0,0.0,33.1,1011.0,Storm
26.4,80.0,40.0,24.0,1012.6,HeavyRain
27.0,70.0,0.0,41.0,1008.0,Storm
23.2,89.0,0.08,31.3,1012.0,Storm
31.0,31.0,0.0,19.8,1014.0,Normal
19.45,57.5,26.6,29.0,1006.15,HeavyRain
29.4,79.0,0.02,34.2,1008.0,Storm
22.55,89.5,75.2,9.0,1001.0,HeavyRain
20.5,61.0,0.0,15.8,1016.0,Normal
21.2,88.0,0.0,30.6,1012.0,Storm
27.45,74.0,29.4,14.5,1006.7,HeavyRain
17.1,69.0,0.32,30.2,1006.0,Storm
31.2,66.0,0.15,6.8,1013.0,Normal
28.1,84.0,0.01,38.9,1009.0,Storm
27.5,58.5,20.0,21.0,1011.3,HeavyRain
12.0,67.0,0.01,37.1,1012.0,Storm
17.45,76.0,47.0,16.5,1027.85,HeavyRain
40.3,14.0,0.0,33.8,997.0,Heatwave
24.5,56.0,0.0,9.7,1014.0,Normal
28.1,79.0,0.01,32.4,1012.0,Storm
21.2,53.0,0.0,6.1,1027.0,Normal
17.9,73.5,38.6,13.0,1008.45,HeavyRain
30.4,59.0,0.0,12.6,1009.0,Normal
29.4,79.0,0.02,33.5,1010.0,Storm
9.3,75.0,26.8,22.5,1014.7,HeavyRain
32.1,34.0,0.0,5.8,1015.0,Normal
33.4,56.0,0.0,12.6,1006.0,Normal
24.3,65.0,0.02,9.0,1020.0,Normal
40.8,11.0,0.0,3.6,1005.0,Heatwave
11.45,56.0,20.6,18.0,1022.75,HeavyRain
29.3,75.0,0.05,32.8,1007.0,Storm
30.1,79.0,0.07,32.0,1012.0,Storm
25.1,89.0,0.01,35.3,1012.0,Storm
36.5,8.0,0.0,33.1,1005.0,Storm
13.25,77.0,31.8,19.5,1028.55,HeavyRain
46.1,10.0,0.0,33.1,991.0,Storm
14.85,68.5,38.4,28.5,1013.35,HeavyRain
22.05,91.0,23.8,8.0,1015.8,HeavyRain
25.9,70.0,0.0,32.4,1013.0,Normal
19.45,72.0,26.6,16.0,1001.75,HeavyRain
26.55,79.5,43.2,9.5,1011.45,HeavyRain
28.0,45.0,0.0,10.1,1016.0,Normal
26.0,84.0,0.0,33.1,1011.0,Storm
27.4,82.0,0.25,37.8,1007.0,Storm
20.65,79.5,27.6,7.5,1007.9,HeavyRain
13.85,80.5,34.4,22.0,1003.4,HeavyRain
14.7,81.5,21.4,13.0,1031.1,HeavyRain
28.8,71.5,41.0,12.0,1005.0,HeavyRain
29.4,46.0,0.0,30.2,1011.0,Storm
29.1,31.0,0.0,16.2,1020.0,Normal
33.0,53.0,0.0,9.7,1011.0,Normal
4.2,93.0,0.12,30.2,1002.0,Storm
31.4,49.0,0.0,7.9,1012.0,Normal
22.35,63.5,26.2,11.0,1010.65,HeavyRain
21.75,47.5,36.0,17.0,1019.3,HeavyRain
21.65,70.0,57.8,26.5,1010.05,HeavyRain
21.1,85.5,36.6,15.5,1017.55,HeavyRain
32.1,34.0,0.0,11.2,1010.0,Normal
15.7,92.5,51.8,25.0,1013.55,HeavyRain
26.6,71.5,20.4,21.5,1014.8,HeavyRain
31.4,33.0,0.0,24.1,1009.0,Normal
25.6,86.0,50.2,14.0,1010.8,HeavyRain
13.3,74.0,20.2,6.5,1019.95,HeavyRain
43.3,9.0,0.0,29.2,1003.0,Heatwave
33.1,41.0,0.0,5.8,1005.0,Normal
25.7,94.5,58.2,23.0,1012.1,HeavyRain
30.3,79.0,0.14,30.2,1006.0,Storm
44.3,6.0,0.0,20.2,1001.0,Heatwave
31.2,52.0,0.0,11.9,1010.0,Normal
30.0,66.0,0.0,41.0,1008.0,Storm
27.1,84.0,0.32,30.2,1012.0,Storm
28.0,70.0,0.35,31.7,1012.0,Storm
26.1,89.0,0.0,34.2,1003.0,Storm
41.1,21.0,0.0,15.1,1014.0,Heatwave
16.75,77.5,46.6,5.5,1012.6,HeavyRain
26.15,90.5,38.0,30.5,1004.65,HeavyRain
9.3,76.0,0.05,31.3,998.0,Storm
20.8,90.5,26.0,6.0,1019.0,HeavyRain
27.55,75.5,75.0,18.5,1011.15,HeavyRain
32.4,25.0,0.0,37.1,1006.0,Storm
13.95,92.0,26.0,15.0,1022.4,HeavyRain
10.3,80.0,26.8,13.0,1005.9,HeavyRain
13.8,75.5,21.2,20.5,1009.65,HeavyRain
28.1,79.0,0.0,30.2,1012.0,Storm
7.3,81.0,0.0,31.0,1011.0,Storm
29.0,68.0,0.0,30.6,1008.0,Storm
30.3,44.0,0.0,31.7,1010.0,Storm
16.4,80.0,23.8,21.5,1022.25,HeavyRain
18.3,93.5,87.6,6.5,1010.25,HeavyRain
11.15,88.0,22.2,23.5,1003.2,HeavyRain
19.75,71.5,33.6,17.0,1015.95,HeavyRain
33.4,47.0,0.0,30.2,1005.0,Normal
18.95,88.0,31.0,26.0,1006.1,HeavyRain
31.2,66.0,0.01,13.7,1007.0,Normal
30.4,70.0,0.14,11.2,1009.0,Normal
41.8,8.0,0.0,21.6,1000.0,Heatwave
27.4,42.0,0.0,13.0,1009.0,Normal
27.7,80.0,0.45,31.3,1006.0,Storm
30.4,70.0,0.06,33.1,1012.0,Storm
20.9,31.0,0.0,15.5,1017.0,Normal
6.1,81.0,0.38,31.3,1011.0,Storm
12.1,88.0,0.01,30.2,1010.0,Storm
23.5,57.0,0.46,15.1,1017.0,Normal
33.1,56.0,0.0,10.1,1012.0,Normal
25.9,62.0,0.0,21.2,1018.0,Normal
28.0,75.0,20.4,21.0,1009.45,HeavyRain
27.0,66.0,0.0,13.0,1014.0,Normal
18.1,68.0,0.0,32.4,1006.0,Storm
18.5,77.0,22.2,21.5,1028.85,HeavyRain
29.1,75.0,0.07,30.6,1009.0,Storm
27.0,74.0,0.15,34.2,1012.0,Storm
28.0,42.0,0.0,12.6,1012.0,Normal
29.3,37.0,0.0,6.1,1013.0,Normal
28.2,42.0,0.0,9.4,1014.0,Normal
14.6,81.0,20.8,33.0,1015.35,HeavyRain
27.0,66.0,0.0,31.3,1011.0,Storm
25.5,56.0,0.0,7.2,1015.0,Normal
26.1,94.0,0.33,40.7,1011.0,Storm
16.1,69.5,47.2,18.5,1007.7,HeavyRain
43.4,24.0,0.0,5.4,1001.0,Heatwave
18.2,94.0,0.0,32.0,1012.0,Storm
16.9,66.5,22.4,23.0,1008.1,HeavyRain
28.1,84.0,0.2,35.3,1008.0,Storm
28.2,66.0,0.0,15.8,1010.0,Normal
23.0,41.0,0.0,8.3,1021.0,Normal
37.3,33.0,0.0,37.1,1009.0,Storm
28.2,93.5,25.0,26.0,1003.05,HeavyRain
26.2,51.0,0.0,28.4,1009.0,Normal
29.1,70.0,0.01,37.1,1012.0,Storm
22.200000000000003,69.5,41.6,14.0,1005.7,HeavyRain
26.3,74.0,0.04,31.3,1011.0,Storm
23.3,62.0,29.6,20.0,1016.55,HeavyRain
44.0,5.0,0.0,13.0,1008.0,Heatwave
28.3,79.0,0.03,34.9,1012.0,Storm
22.65,80.5,58.4,21.5,1016.35,HeavyRain
27.2,94.0,0.33,36.7,1001.0,Storm
14.85,58.5,20.8,26.0,1021.75,HeavyRain
29.3,66.0,0.0,36.7,1011.0,Storm
13.2,47.0,21.4,30.5,1015.55,HeavyRain
23.1,47.0,0.0,11.2,1029.0,Normal
41.1,16.0,0.0,12.2,1001.0,Heatwave
29.4,52.0,0.0,10.1,1013.0,Normal
40.7,13.0,0.0,6.8,1008.0,Heatwave
28.3,89.0,0.15,30.6,1009.0,Storm
40.1,16.0,0.0,23.8,999.0,Heatwave
29.4,40.0,0.0,18.0,1015.0,Normal
40.1,17.0,0.0,46.1,997.0,Heatwave
43.1,4.0,0.0,8.6,1011.0,Heatwave
29.3,70.0,0.0,12.6,1015.0,Normal
28.5,73.0,24.0,30.5,1001.6,HeavyRain
41.3,5.0,0.0,28.1,1003.0,Heatwave
11.9,62.5,30.2,17.0,1021.65,HeavyRain
20.8,90.5,23.6,21.5,1016.85,HeavyRain
20.85,76.5,48.0,13.0,1010.85,HeavyRain
6.2,78.0,20.6,19.5,998.7,HeavyRain
24.3,54.0,0.0,3.6,1017.0,Normal
27.5,88.5,53.2,8.5,1003.25,HeavyRain
21.4,64.0,0.0,5.4,1025.0,Normal
24.6,74.0,32.6,15.0,1013.5,HeavyRain
16.0,77.0,0.55,34.9,1011.0,Storm
43.1,12.0,0.0,16.9,999.0,Heatwave
25.1,54.0,0.0,19.1,1016.0,Normal
44.6,13.0,0.0,3.6,991.0,Heatwave
26.3,55.5,21.2,23.0,1011.6,HeavyRain
11.0,94.0,0.66,56.2,1009.0,Storm
19.8,40.0,0.29,37.4,1009.0,Storm
14.2,47.0,0.04,54.4,1011.0,Storm
22.6,36.0,0.0,5.8,1017.0,Normal
14.5,94.5,30.2,9.5,1031.4,HeavyRain
17.05,80.0,26.8,26.0,1005.45,HeavyRain
24.2,61.0,0.0,3.6,1020.0,Normal
21.4,75.5,33.6,20.0,1011.9,HeavyRain
28.3,70.0,0.04,32.0,1012.0,Storm
25.3,65.0,0.0,6.8,1016.0,Normal
46.2,10.0,0.0,15.1,996.0,Heatwave
31.1,55.0,0.0,3.6,1008.0,Normal
15.15,88.5,25.8,11.0,1029.05,HeavyRain
42.1,20.0,0.0,28.1,994.0,Heatwave
26.0,58.0,0.01,33.5,1022.0,Normal
11.1,94.0,1.86,46.1,1004.0,Storm
13.3,77.0,0.09,43.9,1004.0,Storm
24.1,61.0,0.01,17.3,1022.0,Normal
14.4,81.5,29.4,11.0,1027.85,HeavyRain
29.9,65.0,0.0,26.3,1007.0,Normal
17.3,77.0,0.0,35.6,1009.0,Storm
30.3,40.0,0.0,11.2,1019.0,Normal
24.9,63.5,21.8,26.0,1015.95,HeavyRain
6.0,87.0,0.04,34.6,1012.0,Storm
19.75,96.5,26.2,16.0,1016.1,HeavyRain
4.1,81.0,0.19,36.0,996.0,Storm
25.3,54.0,0.0,20.5,1018.0,Normal
43.2,5.0,0.0,11.2,1001.0,Heatwave
28.3,66.0,0.0,6.8,1016.0,Normal
22.85,71.5,38.0,30.5,1019.65,HeavyRain
42.3,30.0,0.0,22.0,1000.0,Heatwave
17.3,94.0,1.66,31.0,1003.0,Storm
43.2,4.0,0.0,15.1,1007.0,Heatwave
16.1,77.0,0.36,30.2,1010.0,Storm
13.25,75.5,26.8,13.0,1016.45,HeavyRain
17.25,61.5,37.0,33.5,1016.6,HeavyRain
39.3,13.0,0.0,42.8,1010.0,Storm
17.9,82.0,87.0,5.0,1015.95,HeavyRain
23.6,37.0,0.0,9.0,1012.0,Normal
31.0,71.0,0.0,33.1,1008.0,Storm
16.75,54.0,39.0,28.0,1015.2,HeavyRain
22.3,31.0,0.0,6.1,1020.0,Normal
42.0,11.0,0.0,13.0,1004.0,Heatwave
27.8,80.0,0.0,34.6,1011.0,Storm
18.3,78.0,61.2,21.5,1017.65,HeavyRain
17.15,82.5,28.6,12.0,1024.9,HeavyRain
14.75,89.5,26.4,6.5,1019.95,HeavyRain
28.2,74.0,0.0,38.5,1009.0,Storm
23.4,52.0,0.0,21.6,1014.0,Normal
7.0,76.0,0.0,34.9,1009.0,Storm
24.0,83.0,5.34,34.6,1011.0,Storm
20.95,94.5,30.0,16.5,1014.7,HeavyRain
20.2,73.0,0.27,51.8,1009.0,Storm
28.3,45.0,0.0,9.0,1012.0,Normal
33.1,59.0,0.0,30.6,1009.0,Storm
13.05,93.5,50.6,10.5,1009.85,HeavyRain
26.5,62.0,0.0,7.2,1013.0,Normal
24.3,31.0,0.0,5.8,1018.0,Normal
24.75,100.0,83.8,37.0,991.9,HeavyRain
23.4,61.0,0.0,4.7,1014.0,Normal
28.2,40.0,0.0,11.5,1011.0,Normal
29.1,75.0,0.21,37.1,1012.0,Storm
21.5,32.0,0.0,12.6,1018.0,Normal
13.9,89.0,24.8,19.5,1010.7,HeavyRain
23.0,65.0,0.43,5.8,1026.0,Normal
28.0,74.0,1.37,38.9,1008.0,Storm
27.1,89.0,0.55,40.3,1011.0,Storm
29.1,79.0,0.02,40.0,1008.0,Storm
10.3,66.0,0.0,31.7,1008.0,Storm
28.200000000000003,73.0,37.0,17.0,1007.4,HeavyRain
27.0,84.0,0.02,37.1,1007.0,Storm
43.6,5.0,0.0,25.9,1000.0,Heatwave
12.4,58.0,0.01,36.4,1006.0,Storm
27.15,86.5,26.8,13.0,1006.8,HeavyRain
31.0,71.0,0.0,31.0,1008.0,Storm
21.0,49.0,0.08,9.4,1027.0,Normal
40.3,19.0,0.0,28.1,1009.0,Heatwave
21.1,53.0,0.0,7.9,1019.0,Normal
20.1,60.0,0.01,9.7,1028.0,Normal
8.55,72.5,23.4,18.5,1004.6,HeavyRain
27.8,47.0,0.0,7.2,1014.0,Normal
10.8,68.0,27.8,31.5,1006.35,HeavyRain
21.15,92.5,62.6,31.0,1009.1,HeavyRain
8.0,100.0,2.02,91.1,983.0,Storm
30.1,62.0,0.01,6.8,1011.0,Normal
3.4,87.0,3.33,35.6,1002.0,Storm
23.5,40.0,0.0,11.5,1012.0,Normal
43.3,10.0,0.0,33.1,997.0,Heatwave
26.0,84.0,0.51,40.7,1010.0,Storm
41.4,15.0,0.0,34.2,998.0,Heatwave
28.1,63.0,0.0,37.4,1010.0,Storm
9.95,73.5,21.8,16.5,994.65,HeavyRain
32.1,30.0,0.0,30.2,1008.0,Storm
27.2,39.0,0.0,11.2,1018.0,Normal
22.1,57.0,0.0,28.1,1019.0,Normal
23.15,74.0,31.4,7.0,1011.7,HeavyRain
24.1,77.5,28.6,2.0,1018.0,HeavyRain
14.15,77.0,33.2,14.0,1014.0,HeavyRain
21.7,42.0,0.0,10.8,1020.0,Normal
47.2,5.0,0.0,32.4,998.0,Storm
26.3,84.0,0.12,34.2,1009.0,Storm
19.9,99.5,51.8,14.0,1017.3,HeavyRain
27.7,23.0,0.02,31.0,1009.0,Storm
26.0,51.0,0.0,3.6,1010.0,Normal
11.55,69.0,38.4,18.0,1022.3,HeavyRain
18.0,61.0,30.8,20.0,996.55,HeavyRain
15.15,66.5,36.8,28.0,1009.5,HeavyRain
26.05,54.0,35.0,15.0,1011.8,HeavyRain
40.0,11.0,0.0,3.6,1004.0,Heatwave
24.65,74.0,20.0,11.0,1012.7,HeavyRain
28.4,65.0,0.01,9.7,1011.0,Normal
25.0,89.0,0.0,32.8,1012.0,Storm
26.0,94.0,1.26,34.6,1012.0,Storm
29.4,56.0,0.0,42.8,1010.0,Storm
14.1,80.0,20.4,13.0,1010.75,HeavyRain
23.15,79.5,20.8,22.5,1009.05,HeavyRain
33.4,59.0,0.0,3.6,1010.0,Normal
13.55,86.0,31.2,26.5,993.85,HeavyRain
13.25,89.5,24.0,21.5,1007.55,HeavyRain
20.15,76.5,39.8,17.5,1011.5,HeavyRain
7.95,93.0,37.4,17.0,1003.25,HeavyRain
27.3,64.0,0.03,12.2,1013.0,Normal
15.1,62.5,24.6,22.0,1013.2,HeavyRain
28.0,66.0,0.0,20.2,1014.0,Normal
25.15,90.5,48.0,4.5,1009.5,HeavyRain
31.3,50.0,0.0,5.8,1013.0,Normal
31.4,24.0,0.0,31.7,1012.0,Storm
23.1,65.0,0.99,39.6,1012.0,Storm
16.6,80.5,22.4,34.5,1025.1,HeavyRain
14.9,82.5,61.2,17.0,1007.25,HeavyRain
22.5,84.0,156.8,16.0,1005.05,HeavyRain
20.0,60.0,0.0,19.1,1015.0,Normal
27.4,64.0,0.0,22.7,1014.0,Normal
8.45,98.5,30.2,33.5,995.3,HeavyRain
28.2,64.0,0.0,12.2,1008.0,Normal
20.5,56.0,0.0,13.0,1020.0,Normal
18.4,88.5,37.2,9.0,1015.3,HeavyRain
12.9,80.5,20.4,16.0,1008.1,HeavyRain
2.2,87.0,0.25,41.4,1005.0,Storm
38.4,31.0,0.0,33.1,998.0,Storm
25.3,34.0,0.0,6.8,1015.0,Normal
26.15,94.5,150.2,11.0,1004.45,HeavyRain
31.3,66.0,0.06,28.4,1015.0,Normal
34.4,36.0,0.0,23.0,1009.0,Normal
23.2,69.0,0.0,11.5,1019.0,Normal
41.2,7.0,0.0,9.4,1006.0,Heatwave
41.4,13.0,0.0,4.0,1004.0,Heatwave
15.95,90.0,24.0,19.5,1013.7,HeavyRain
20.2,37.0,0.0,15.1,1025.0,Normal
25.1,52.5,23.4,14.0,1013.15,HeavyRain
41.2,23.0,0.0,11.9,1002.0,Heatwave
43.4,12.0,0.0,20.2,994.0,Heatwave
26.8,81.0,0.26,31.0,1011.0,Storm
41.1,14.0,0.0,10.1,1004.0,Heatwave
40.2,30.0,0.0,25.9,1000.0,Heatwave
42.0,5.0,0.0,25.9,1004.0,Heatwave
26.4,61.0,0.0,34.9,1010.0,Storm
27.7,16.0,0.0,30.2,996.0,Storm
32.3,32.0,0.0,31.0,1011.0,Normal
20.8,78.5,21.4,14.0,1014.75,HeavyRain
32.1,26.0,0.0,31.0,1012.0,Storm
24.35,94.0,71.8,25.0,1009.95,HeavyRain
14.8,70.5,25.2,21.0,1005.45,HeavyRain
24.2,34.0,0.0,30.2,1011.0,Storm
29.3,66.0,0.0,36.7,1011.0,Normal
26.3,65.5,29.4,20.5,1012.9,HeavyRain
10.25,74.0,30.4,33.0,1011.95,HeavyRain
13.2,62.0,0.07,32.4,1006.0,Storm
13.2,82.0,0.0,56.2,1001.0,Storm
22.200000000000003,86.5,72.2,22.5,1014.45,HeavyRain
25.1,41.0,0.0,4.0,1013.0,Normal
24.1,54.0,0.0,3.6,1016.0,Normal
22.0,42.0,0.0,7.6,1023.0,Normal
42.4,15.0,0.0,36.7,1003.0,Heatwave
13.3,82.0,0.93,34.2,994.0,Storm
29.2,70.0,1.4,6.8,1009.0,Normal
29.3,45.0,0.0,7.9,1013.0,Normal
43.2,5.0,0.0,22.7,1007.0,Heatwave
18.2,56.0,0.07,38.2,1005.0,Storm
26.9,87.0,46.2,32.5,999.65,HeavyRain
43.3,10.0,0.0,33.1,997.0,Storm
27.3,84.0,0.06,32.0,1012.0,Storm
8.3,93.0,0.01,30.2,1000.0,Storm
23.0,61.0,0.0,11.2,1017.0,Normal
14.6,59.5,24.4,24.0,1028.6,HeavyRain
5.1,87.0,0.4,35.6,1008.0,Storm
7.4,90.5,25.8,17.5,1008.3,HeavyRain
28.3,79.0,0.0,38.5,1008.0,Storm
28.1,48.0,0.0,3.6,1015.0,Normal
46.8,6.0,0.0,6.8,994.0,Heatwave
33.0,54.0,0.0,3.6,1006.0,Normal
17.25,69.0,23.6,15.0,1007.75,HeavyRain
33.0,38.0,0.0,41.0,1009.0,Storm
13.15,67.5,20.6,33.5,1007.75,HeavyRain
40.7,11.0,0.0,28.8,1003.0,Heatwave
21.75,75.5,23.0,21.5,1019.95,HeavyRain
26.4,74.0,20.0,28.0,1007.35,HeavyRain
24.5,70.5,25.4,8.5,1009.9,HeavyRain
11.0,71.0,0.0,51.8,992.0,Storm
28.0,73.0,0.0,32.8,1010.0,Storm
26.0,75.0,0.0,31.0,1008.0,Storm
9.3,49.5,23.0,14.0,1013.2,HeavyRain
6.0,100.0,0.21,30.6,991.0,Storm
30.1,63.0,0.15,11.5,1008.0,Normal
17.2,77.0,0.0,50.4,1000.0,Storm
10.85,84.0,25.6,18.0,1024.1,HeavyRain
27.1,58.0,0.01,5.8,1019.0,Normal
12.4,71.0,0.0,50.8,1005.0,Storm
40.1,11.0,0.0,20.2,1000.0,Heatwave
29.1,79.0,0.01,37.4,1008.0,Storm
29.2,75.0,0.03,32.4,1011.0,Storm
6.4,100.0,0.7,47.2,994.0,Storm
41.2,22.0,0.0,16.9,998.0,Heatwave
25.2,94.0,1.04,47.2,1010.0,Storm
42.3,39.0,0.0,31.0,1003.0,Storm
25.2,47.0,0.0,16.9,1013.0,Normal
24.65,80.5,30.0,19.0,1008.65,HeavyRain
9.3,71.0,0.0,32.0,980.0,Storm
29.3,79.0,0.03,41.0,1012.0,Storm
26.3,89.0,1.14,31.7,1008.0,Storm
31.0,41.0,0.0,22.0,1004.0,Normal
25.5,43.0,0.0,7.2,1013.0,Normal
27.7,80.0,0.0,31.3,1009.0,Storm
14.2,78.0,26.0,7.0,1013.25,HeavyRain
17.15,61.0,22.0,48.0,1016.6,HeavyRain
17.2,88.0,0.0,30.6,1010.0,Storm
39.2,9.0,0.0,43.6,1003.0,Storm
24.1,54.0,0.0,20.2,1019.0,Normal
41.4,22.0,0.0,36.7,998.0,Heatwave
25.0,71.5,34.0,25.0,1012.8,HeavyRain
30.2,55.0,0.0,20.2,1008.0,Normal
24.55,77.0,98.0,13.0,1012.25,HeavyRain
25.3,59.0,0.01,10.8,1012.0,Normal
28.6,57.0,0.0,33.8,1012.0,Storm
16.55,74.5,26.2,18.5,1004.2,HeavyRain
28.4,30.0,0.0,11.2,1018.0,Normal
31.0,43.0,0.0,20.2,1019.0,Normal
32.8,28.0,0.0,33.5,1012.0,Storm
25.5,79.5,26.4,9.5,1009.25,HeavyRain
26.9,46.0,0.01,4.3,1011.0,Normal
19.9,92.0,31.6,18.5,1013.8,HeavyRain
26.9,80.0,61.8,41.5,1001.55,HeavyRain
9.6,90.0,0.36,32.4,1002.0,Storm
28.1,84.0,0.64,38.2,1010.0,Storm
15.5,98.0,23.6,9.0,1022.3,HeavyRain
7.7,88.0,0.39,40.3,986.0,Storm
7.45,86.5,29.4,20.5,1010.0,HeavyRain
20.1,56.0,0.04,9.4,1027.0,Normal
22.0,65.0,0.07,15.1,1012.0,Normal
42.3,30.0,0.0,31.0,1004.0,Storm
29.0,44.0,0.0,6.8,1009.0,Normal
13.45,94.0,31.0,22.5,1006.95,HeavyRain
21.950000000000003,97.5,27.8,39.5,1012.3,HeavyRain
19.75,94.0,59.8,18.5,1002.25,HeavyRain
33.4,34.0,0.0,37.1,1008.0,Storm
30.9,50.0,0.0,31.3,1012.0,Storm
26.7,83.5,26.4,17.5,1007.5,HeavyRain
21.15,94.5,34.4,17.5,1014.0,HeavyRain
26.2,61.0,0.0,9.4,1018.0,Normal
17.7,65.0,21.4,17.0,1018.05,HeavyRain
21.4,67.0,0.0,30.6,1009.0,Storm
14.2,72.0,37.4,5.5,1017.0,HeavyRain
26.1,94.0,2.12,36.7,1010.0,Storm
32.4,56.0,0.0,20.5,1012.0,Normal
42.1,25.0,0.0,6.8,1001.0,Heatwave
23.0,57.0,0.0,11.5,1010.0,Normal
11.75,96.0,20.0,13.0,1015.95,HeavyRain
14.35,58.0,53.4,15.0,1014.35,HeavyRain
21.700000000000003,66.0,49.8,23.0,1024.1999999999998,HeavyRain
21.2,74.5,25.6,9.0,1013.4,HeavyRain
19.25,82.5,43.8,34.0,1013.7,HeavyRain
3.3,87.0,0.43,53.3,993.0,Storm
16.5,63.5,31.0,27.0,1017.2,HeavyRain
32.3,63.0,0.0,18.7,1009.0,Normal
27.25,74.5,48.8,27.0,1002.35,HeavyRain
30.4,55.0,0.06,11.2,1011.0,Normal
26.3,70.0,0.06,50.0,1006.0,Storm
33.0,26.0,0.0,39.2,1007.0,Storm
19.9,68.5,23.2,41.0,1019.1,HeavyRain
18.8,83.0,26.4,41.5,1015.4,HeavyRain
30.2,70.0,0.05,11.9,1010.0,Normal
30.1,79.0,0.01,31.3,1005.0,Storm
19.9,77.0,25.6,20.5,1014.3,HeavyRain
24.15,64.0,21.0,13.0,1005.95,HeavyRain
12.2,88.0,0.01,41.8,1005.0,Storm
16.1,72.0,0.07,43.9,1007.0,Storm
24.1,47.0,0.0,3.6,1020.0,Normal
30.1,22.0,0.0,31.0,1011.0,Storm
19.9,97.0,51.0,40.5,1008.05,HeavyRain
6.4,81.0,0.09,34.9,974.0,Storm
30.1,55.0,0.05,11.2,1015.0,Normal
22.4,69.0,0.0,13.0,1017.0,Normal
15.1,88.5,55.8,24.0,1024.4,HeavyRain
29.1,75.0,0.31,34.6,1005.0,Storm
17.1,34.0,0.0,33.1,1012.0,Storm
40.1,23.0,0.0,23.0,1004.0,Heatwave
5.1,100.0,0.15,38.9,1005.0,Storm
22.0,69.0,0.0,11.9,1021.0,Normal
20.0,64.0,0.0,11.2,1012.0,Normal
9.3,66.0,0.01,34.2,990.0,Storm
20.25,51.0,21.4,14.0,1011.55,HeavyRain
28.3,70.0,0.0,15.1,1017.0,Normal
24.8,50.0,0.0,23.0,1015.0,Normal
29.1,79.0,0.21,31.0,1010.0,Storm
35.2,39.0,0.0,33.1,1009.0,Storm
21.2,60.0,0.01,34.9,1010.0,Storm
28.0,45.0,0.0,15.1,1015.0,Normal
40.0,5.0,0.0,11.2,1011.0,Heatwave
29.3,57.0,0.0,6.1,1013.0,Normal
25.3,89.0,0.26,33.8,1010.0,Storm
31.3,63.0,0.0,19.1,1004.0,Normal
14.3,18.0,0.0,33.5,1010.0,Storm
28.4,84.0,0.02,37.8,1010.0,Storm
20.75,86.5,87.4,20.0,1014.55,HeavyRain
29.3,84.0,0.23,30.6,1009.0,Storm
26.4,58.0,0.0,22.0,1018.0,Normal
10.4,87.0,0.53,49.0,1008.0,Storm
21.65,88.5,43.8,18.0,998.75,HeavyRain
45.4,16.0,0.0,31.3,994.0,Heatwave
24.2,38.0,0.0,11.2,1013.0,Normal
42.0,17.0,0.0,9.4,1006.0,Heatwave
43.4,21.0,0.0,10.4,996.0,Heatwave
22.0,50.0,0.0,11.9,1019.0,Normal
16.7,63.0,22.0,28.5,1009.8,HeavyRain
41.0,19.0,0.0,20.9,1004.0,Heatwave
28.2,84.0,1.49,33.1,1009.0,Storm
26.25,91.5,96.8,23.0,1004.7,HeavyRain
42.1,16.0,0.0,33.8,996.0,Storm
20.9,74.5,24.6,7.5,1014.7,HeavyRain
13.7,79.0,28.8,24.0,1011.65,HeavyRain
41.3,23.0,0.0,8.3,998.0,Heatwave
34.6,17.0,0.0,36.7,1003.0,Storm
11.1,12.0,0.0,41.0,996.0,Storm
28.1,35.0,0.0,20.5,1007.0,Normal
23.3,36.0,0.0,16.9,1012.0,Normal
31.3,55.0,0.0,32.0,1004.0,Storm
27.1,58.0,0.0,12.6,1014.0,Normal
22.1,73.0,0.0,51.1,1010.0,Storm
14.95,72.5,109.4,32.5,1018.85,HeavyRain
15.2,77.0,0.12,35.3,1009.0,Storm
25.9,95.0,81.6,26.0,1003.35,HeavyRain
29.1,70.0,0.0,31.0,1012.0,Storm
36.4,11.0,0.0,30.6,1009.0,Storm
15.0,82.0,0.15,56.2,999.0,Storm
12.4,99.0,22.2,19.5,1020.2,HeavyRain
24.7,40.0,0.47,6.5,1007.0,Normal
41.1,7.0,0.0,25.9,1005.0,Heatwave
15.0,94.0,27.0,12.0,1003.7,HeavyRain
44.0,4.0,0.0,13.0,1001.0,Heatwave
33.1,47.0,0.0,18.4,1009.0,Normal
32.5,61.0,0.0,10.4,1009.0,Normal
36.1,47.0,0.0,31.3,1003.0,Storm
27.4,48.0,0.0,3.6,1016.0,Normal
20.3,83.0,0.0,39.2,1004.0,Storm
19.0,92.5,38.0,21.5,1020.75,HeavyRain
5.2,81.0,0.04,34.6,996.0,Storm
22.45,88.5,128.4,27.0,1021.1,HeavyRain
14.35,83.0,39.4,12.0,1009.4,HeavyRain
28.9,71.0,0.01,30.6,1008.0,Storm
30.8,74.0,0.0,31.3,1000.0,Storm
21.25,86.0,79.8,22.5,1011.2,HeavyRain
26.0,79.0,1.32,33.8,1008.0,Storm
26.9,53.0,0.0,32.0,1012.0,Storm
25.700000000000003,79.0,26.4,16.0,1007.15,HeavyRain
16.1,68.0,37.2,20.5,1019.8,HeavyRain
14.45,88.0,65.0,32.5,1017.15,HeavyRain
24.4,38.0,0.0,11.9,1011.0,Normal
29.2,79.0,0.11,38.9,1007.0,Storm
15.1,94.0,0.8,43.6,1008.0,Storm
23.65,92.0,31.6,34.0,1007.85,HeavyRain
12.15,85.0,20.8,37.0,1015.0,HeavyRain
32.2,63.0,0.0,14.8,1011.0,Normal
14.55,93.0,30.0,23.0,1016.75,HeavyRain
18.9,75.0,30.0,28.5,1005.4,HeavyRain
16.75,91.0,35.4,21.0,1011.6,HeavyRain
18.2,88.0,0.0,36.4,999.0,Storm
41.2,11.0,0.0,15.1,1001.0,Heatwave
23.05,80.0,35.6,10.5,1007.15,HeavyRain
45.8,7.0,0.0,19.1,1000.0,Heatwave
35.1,42.0,0.0,30.2,1002.0,Storm
15.65,94.0,106.4,29.5,1008.3,HeavyRain
22.5,100.0,70.8,26.5,1010.55,HeavyRain
44.2,8.0,0.0,33.5,995.0,Storm
41.4,28.0,0.0,19.1,1005.0,Heatwave
42.0,17.0,0.0,20.2,997.0,Heatwave
21.1,35.0,0.0,3.6,1016.0,Normal
26.0,74.0,0.02,34.9,1012.0,Storm
39.6,10.0,0.0,31.7,998.0,Storm
14.0,67.0,0.0,34.6,1006.0,Storm
29.1,70.0,0.02,7.6,1012.0,Normal
29.1,31.0,0.0,5.0,1018.0,Normal
35.0,60.0,0.0,7.9,1007.0,Normal
26.6,31.0,0.0,15.1,1014.0,Normal
28.35,76.5,31.8,10.5,1006.9,HeavyRain
29.4,55.0,0.0,5.0,1013.0,Normal
18.7,30.0,0.0,37.4,1012.0,Storm
20.15,86.0,24.0,11.0,1007.2,HeavyRain
19.4,83.0,0.0,43.6,1011.0,Storm
26.65,75.5,31.2,19.0,1010.65,HeavyRain
13.5,94.0,48.0,18.5,1002.15,HeavyRain
12.0,82.0,1.94,33.1,1011.0,Storm
40.0,22.0,0.0,30.6,997.0,Storm
30.1,79.0,0.01,30.6,1008.0,Storm
30.1,49.0,0.0,31.7,1011.0,Storm
28.2,48.0,0.0,37.8,1012.0,Normal
28.0,62.0,0.0,33.1,1014.0,Normal
26.3,70.0,0.0,16.6,1014.0,Normal
16.1,88.0,2.46,41.0,1003.0,Storm
37.1,11.0,0.0,33.1,1010.0,Storm
5.1,80.0,0.0,41.0,1003.0,Storm
26.3,48.0,0.24,15.8,1016.0,Normal
29.6,73.0,0.11,33.1,1000.0,Storm
25.0,88.0,0.81,40.7,1008.0,Storm
25.3,83.0,1.65,33.5,1012.0,Storm
26.9,75.0,0.01,31.3,1011.0,Storm
21.3,94.0,0.14,39.2,1004.0,Storm
43.1,12.0,0.0,28.1,997.0,Heatwave
43.5,8.0,0.0,28.1,997.0,Heatwave
16.799999999999997,46.0,34.6,20.0,1009.95,HeavyRain
22.2,53.0,0.0,11.2,1023.0,Normal
20.3,64.0,0.0,18.4,1024.0,Normal
30.1,51.0,0.0,11.2,1011.0,Normal
7.7,55.0,0.0,34.6,1007.0,Storm
10.35,79.0,28.8,26.0,1012.05,HeavyRain
28.2,74.0,0.02,31.0,1010.0,Storm
20.5,51.0,0.0,26.6,1011.0,Normal
42.7,7.0,0.0,7.6,1006.0,Heatwave
22.2,41.0,0.0,5.4,1022.0,Normal
30.1,75.0,0.04,31.3,1007.0,Storm
9.9,95.0,39.4,17.5,997.85,HeavyRain
26.65,91.0,54.8,13.0,1006.4,HeavyRain
35.1,18.0,0.0,31.3,1010.0,Storm
7.1,76.0,0.98,37.1,1011.0,Storm
40.1,11.0,0.0,6.8,1011.0,Heatwave
9.25,87.0,33.2,22.0,1016.7,HeavyRain
31.3,66.0,0.0,16.9,1009.0,Normal
42.7,5.0,0.0,20.9,1005.0,Heatwave
31.2,63.0,0.0,6.5,1013.0,Normal
14.0,86.0,22.4,12.0,1019.1,HeavyRain
31.1,36.0,0.0,3.6,1013.0,Normal
26.65,86.5,88.6,15.0,1010.85,HeavyRain
16.0,77.0,0.0,41.0,995.0,Storm
21.1,69.0,0.05,25.9,1018.0,Normal
29.3,84.0,0.03,31.7,1011.0,Storm
27.3,79.5,81.0,16.5,1003.55,HeavyRain
26.1,89.0,1.59,33.5,1007.0,Storm
40.2,17.0,0.0,12.6,1003.0,Heatwave
9.1,93.0,0.0,36.7,992.0,Storm
14.0,82.0,27.2,16.5,1013.2,HeavyRain
16.35,65.0,29.0,21.0,1018.05,HeavyRain
46.1,9.0,0.0,29.9,995.0,Heatwave
32.4,41.0,0.0,15.1,1014.0,Normal
19.75,76.5,30.2,13.5,1023.8,HeavyRain
21.35,87.5,24.8,26.5,1017.8,HeavyRain
32.3,41.0,0.0,7.6,1018.0,Normal
8.3,87.0,0.0,33.1,1000.0,Storm
26.0,52.0,49.2,9.0,1008.6,HeavyRain
42.1,6.0,0.0,21.2,1002.0,Heatwave
20.9,77.5,40.0,6.0,1020.8,HeavyRain
27.5,51.0,0.0,3.6,1017.0,Normal
25.1,44.0,0.0,18.0,1008.0,Normal
33.1,34.0,0.22,31.0,1004.0,Storm
27.7,44.0,0.0,5.4,1016.0,Normal
33.1,59.0,0.04,16.9,1003.0,Normal
41.3,9.0,0.0,4.7,1005.0,Heatwave
14.3,92.5,61.0,22.5,1008.55,HeavyRain
19.85,74.0,27.2,11.0,1008.7,HeavyRain
22.3,65.0,0.0,13.3,1023.0,Normal
29.0,58.0,1.21,5.8,1012.0,Normal
29.85,59.5,61.2,9.0,1007.45,HeavyRain
22.4,57.0,0.0,8.3,1026.0,Normal
28.2,79.0,0.01,31.3,1012.0,Storm
27.3,88.5,33.4,9.5,1005.35,HeavyRain
27.1,66.0,0.0,6.5,1012.0,Normal
32.3,51.0,0.0,4.3,998.0,Normal
12.75,64.5,23.6,13.0,1020.8,HeavyRain
-2.7,68.0,0.0,37.4,999.0,Storm
25.4,54.0,0.0,20.5,1014.0,Normal
4.6,61.0,0.0,36.4,1004.0,Storm
29.1,75.0,0.0,30.2,1005.0,Storm
12.85,72.0,31.2,26.0,1007.65,HeavyRain
31.3,63.0,0.0,15.1,1009.0,Normal
41.1,13.0,0.0,15.5,1006.0,Heatwave
25.0,69.0,55.0,29.5,1018.35,HeavyRain
42.0,13.0,0.0,19.1,1004.0,Heatwave
43.2,15.0,0.0,11.9,995.0,Heatwave
27.3,48.0,0.0,34.9,1008.0,Storm
27.3,79.0,0.0,30.2,1011.0,Storm
29.1,52.0,0.0,21.2,1011.0,Normal
20.8,33.0,0.0,14.8,1020.0,Normal
32.1,56.0,0.0,6.8,1008.0,Normal
29.1,75.0,0.0,32.0,1009.0,Storm
21.6,83.0,106.0,27.5,1011.75,HeavyRain
-4.8,79.0,0.33,33.1,984.0,Storm
28.2,30.0,0.0,9.4,1021.0,Normal
26.1,61.0,0.0,36.7,1012.0,Storm
27.25,72.0,29.0,16.5,1009.4,HeavyRain
17.4,83.0,0.02,31.0,1008.0,Storm
24.65,91.5,21.6,14.0,1004.9,HeavyRain
22.3,32.0,0.0,37.1,1008.0,Storm
40.0,23.0,0.0,29.9,1009.0,Heatwave
25.1,57.0,0.0,36.7,1010.0,Storm
30.2,43.0,0.0,3.6,1017.0,Normal
29.4,66.0,0.17,8.6,1011.0,Normal
26.3,56.0,0.0,9.0,1013.0,Normal
16.65,72.5,22.6,18.5,1008.3,HeavyRain
19.2,60.0,0.0,30.2,1010.0,Storm
26.4,74.0,0.04,32.0,1012.0,Storm
43.3,10.0,0.0,16.6,1002.0,Heatwave
13.5,98.0,27.2,5.0,1022.5,HeavyRain
25.5,73.5,38.6,10.0,1008.35,HeavyRain
20.8,92.0,73.0,15.5,1017.35,HeavyRain
18.2,70.0,21.2,12.0,1014.45,HeavyRain
23.0,47.0,0.0,3.6,1025.0,Normal
27.65,71.5,31.2,13.0,1005.55,HeavyRain
16.2,82.0,0.33,36.4,1003.0,Storm
46.2,7.0,0.0,9.7,997.0,Heatwave
22.3,65.0,0.0,21.6,1024.0,Normal
26.2,61.0,0.06,4.3,1019.0,Normal
28.0,78.0,2.34,33.8,1008.0,Storm
27.6,78.0,0.0,32.8,1009.0,Storm
27.55,70.0,33.0,20.5,1005.75,HeavyRain
8.4,71.0,0.0,34.6,1008.0,Storm
21.3,38.0,0.0,14.4,1010.0,Normal
26.3,70.0,0.0,4.3,1017.0,Normal
10.8,87.0,28.2,11.0,997.65,HeavyRain
16.200000000000003,79.0,22.2,20.5,1020.2,HeavyRain
20.15,62.0,34.0,17.5,1018.55,HeavyRain
14.3,77.0,0.0,46.4,999.0,Storm
12.2,54.0,0.0,33.1,1001.0,Storm
20.200000000000003,88.0,21.2,12.0,1013.35,HeavyRain
32.6,64.0,0.09,28.1,1002.0,Normal
27.3,34.0,0.0,17.6,1012.0,Normal
16.5,91.5,29.4,27.0,1012.4,HeavyRain
18.6,88.0,43.0,20.0,1011.6,HeavyRain
16.200000000000003,91.5,22.2,16.0,986.35,HeavyRain
27.0,72.5,37.0,16.0,1010.0,HeavyRain
0.1,93.0,1.48,44.6,981.0,Storm
22.15,69.0,36.0,23.0,1011.95,HeavyRain
17.1,76.0,28.4,18.0,1017.8,HeavyRain
28.1,69.0,0.01,31.0,1007.0,Storm
19.0,58.0,48.6,20.0,1009.75,HeavyRain
18.0,68.0,0.08,38.9,1004.0,Storm
30.2,55.0,0.0,19.4,1013.0,Normal
17.2,88.0,20.0,8.0,998.1,HeavyRain
27.3,81.0,0.0,31.7,1010.0,Storm
24.4,44.0,0.0,3.6,1018.0,Normal
19.2,79.0,20.2,5.0,1012.5,HeavyRain
24.95,97.5,28.2,16.0,1014.45,HeavyRain
31.3,38.0,1.25,3.6,1014.0,Normal
25.3,100.0,0.86,31.0,1004.0,Storm
32.1,56.0,0.0,11.5,1013.0,Normal
10.7,71.0,20.0,13.0,1021.55,HeavyRain
18.25,64.0,24.0,18.5,999.1,HeavyRain
21.1,69.0,24.6,9.0,1011.95,HeavyRain
20.95,68.0,31.4,16.5,1023.1,HeavyRain
45.2,8.0,0.0,27.0,997.0,Heatwave
14.9,93.0,20.0,9.0,1016.25,HeavyRain
19.1,81.5,40.4,25.0,1005.6,HeavyRain
14.15,53.5,20.6,26.0,1002.25,HeavyRain
17.35,89.5,32.6,19.5,1023.25,HeavyRain
20.2,53.0,0.01,23.0,1015.0,Normal
26.35,91.0,89.0,17.0,1009.7,HeavyRain
23.3,69.0,2.55,4.7,1023.0,Normal
29.1,58.0,0.0,11.5,1013.0,Normal
41.6,19.0,0.0,25.9,1004.0,Heatwave
29.1,62.0,0.0,41.8,1008.0,Storm
12.2,95.0,23.2,11.0,1018.2,HeavyRain
36.4,22.0,0.0,34.9,1005.0,Storm
30.4,50.0,0.0,32.8,1012.0,Storm
44.4,7.0,0.0,6.1,1006.0,Heatwave
42.1,18.0,0.0,15.1,1001.0,Heatwave
11.05,68.5,62.8,17.5,1004.95,HeavyRain
16.9,71.5,65.2,35.0,1019.4,HeavyRain
9.85,80.0,28.2,27.0,1029.0,HeavyRain
4.3,93.0,0.76,48.2,987.0,Storm
30.1,40.0,0.0,38.9,1000.0,Storm
17.95,44.5,23.4,31.5,1001.3,HeavyRain
6.3,87.0,0.0,31.3,983.0,Storm
28.9,33.0,0.0,6.8,1014.0,Normal
7.1,100.0,4.0,43.2,968.0,Storm
13.8,92.0,0.07,39.2,1010.0,Storm
24.3,30.0,0.0,15.1,1018.0,Normal
23.0,47.0,0.0,37.1,1012.0,Storm
12.4,88.0,0.27,35.6,1003.0,Storm
10.4,82.0,0.0,31.0,1010.0,Storm
28.4,84.0,0.08,30.6,1012.0,Storm
13.35,79.0,31.4,20.0,996.4,HeavyRain
27.1,89.0,0.04,33.1,1011.0,Storm
32.3,30.0,0.0,11.2,1013.0,Normal
14.55,84.0,64.2,17.5,1022.3,HeavyRain
47.9,4.0,0.0,32.0,998.0,Heatwave
26.1,61.0,0.0,8.6,1016.0,Normal
21.7,37.5,21.0,18.5,1017.0,HeavyRain
25.1,61.0,0.0,5.8,1012.0,Normal
15.3,55.0,0.01,31.7,1008.0,Storm
19.1,82.0,41.6,8.5,1012.25,HeavyRain
18.4,63.0,29.6,9.0,1022.3,HeavyRain
26.4,15.0,0.0,35.6,1012.0,Storm
47.9,4.0,0.0,16.6,996.0,Heatwave
22.9,73.0,25.4,21.5,1011.5,HeavyRain
16.15,76.5,43.4,15.0,1018.95,HeavyRain
30.4,70.0,0.0,36.0,1010.0,Storm
15.6,98.5,26.2,15.0,1016.8,HeavyRain
17.0,77.0,0.0,30.6,1012.0,Storm
10.1,94.0,0.09,36.0,990.0,Storm
15.2,95.5,34.4,14.0,1019.7,HeavyRain
27.0,89.0,1.22,31.3,1010.0,Storm
24.5,59.0,0.0,4.7,1009.0,Normal
29.4,60.0,25.8,15.0,1008.1,HeavyRain
22.0,50.0,0.21,15.1,1014.0,Normal
28.4,84.0,61.6,27.0,1008.35,HeavyRain
30.3,79.0,0.01,30.2,1011.0,Storm
31.2,63.0,0.0,21.6,1011.0,Normal
27.5,82.0,0.02,31.7,1010.0,Storm
26.0,84.0,0.07,34.9,1012.0,Storm
11.05,79.0,71.2,17.5,1018.85,HeavyRain
21.1,52.0,0.0,7.2,1008.0,Normal
11.0,82.0,0.35,46.1,997.0,Storm
40.1,30.0,0.0,11.2,1009.0,Heatwave
18.55,100.0,39.0,57.5,1016.65,HeavyRain
24.2,54.0,0.0,18.0,1020.0,Normal
26.4,54.0,0.0,4.7,1015.0,Normal
33.1,30.0,0.0,4.0,1016.0,Normal
3.1,93.0,0.35,70.2,976.0,Storm
25.1,61.0,0.0,15.1,1013.0,Normal
28.1,84.0,0.04,33.8,1008.0,Storm
19.9,73.5,27.0,14.0,1011.9,HeavyRain
40.0,10.0,0.0,15.1,1009.0,Heatwave
25.15,86.0,30.0,22.0,1013.55,HeavyRain
25.4,79.0,0.03,37.8,1012.0,Storm
18.2,73.0,0.0,46.1,999.0,Storm
16.2,63.0,36.2,22.0,1010.55,HeavyRain
40.9,13.0,0.0,13.7,1009.0,Heatwave
9.1,76.0,0.73,50.4,990.0,Storm
28.8,72.0,0.0,34.6,1010.0,Storm
43.0,17.0,0.0,20.9,1000.0,Heatwave
18.1,83.0,0.17,43.9,1009.0,Storm
26.55,90.5,74.8,21.0,1004.25,HeavyRain
28.2,74.0,0.74,33.5,1012.0,Storm
15.0,94.0,0.63,35.3,1001.0,Storm
31.3,66.0,0.0,4.7,1011.0,Normal
16.15,90.0,88.6,61.5,1018.15,HeavyRain
42.7,7.0,0.0,20.9,1001.0,Heatwave
27.1,83.0,64.0,12.0,1008.45,HeavyRain
43.9,17.0,0.0,23.8,999.0,Heatwave
26.35,81.0,49.4,9.5,1006.8,HeavyRain
28.3,79.0,0.1,33.5,1008.0,Storm
27.5,66.5,37.2,24.0,1010.2,HeavyRain
27.8,82.0,0.02,37.8,1010.0,Storm
14.3,86.5,31.6,26.0,1015.65,HeavyRain
29.0,70.0,0.01,10.4,1015.0,Normal
12.3,71.0,0.0,32.8,1010.0,Storm
18.1,83.5,109.4,22.5,1005.65,HeavyRain
31.9,41.0,0.0,28.1,1016.0,Normal
18.1,56.0,23.2,34.0,1017.15,HeavyRain
22.2,38.0,0.0,9.0,1029.0,Normal
23.85,85.0,37.0,37.0,1014.8,HeavyRain
3.3,81.0,0.56,63.0,999.0,Storm
21.700000000000003,92.5,20.6,23.5,1013.1,HeavyRain
23.45,86.0,70.0,14.0,1011.05,HeavyRain
32.0,49.0,0.0,16.6,1007.0,Normal
16.1,63.0,0.0,32.4,1011.0,Storm
13.15,71.0,34.0,12.5,1017.8,HeavyRain
41.0,28.0,0.0,11.2,1008.0,Heatwave
22.3,53.0,0.39,9.0,1006.0,Normal
32.0,65.0,0.06,23.8,998.0,Normal
6.9,92.5,22.0,15.0,1008.85,HeavyRain
13.4,80.0,52.2,6.5,1018.15,HeavyRain
20.4,35.0,0.0,8.6,1018.0,Normal
32.5,41.0,0.0,36.0,1011.0,Storm
46.1,15.0,0.0,23.4,997.0,Heatwave
43.5,13.0,0.0,23.0,1002.0,Heatwave
26.05,85.0,22.8,11.0,1011.5,HeavyRain
23.1,94.0,0.06,44.3,1010.0,Storm
28.3,69.0,0.0,33.8,1008.0,Storm
29.2,31.0,0.0,9.7,1014.0,Normal
34.3,39.0,0.0,31.0,1005.0,Storm
24.4,34.0,0.0,8.3,1015.0,Normal
28.0,84.0,0.07,33.5,1009.0,Storm
27.0,84.0,0.04,31.0,1012.0,Storm
17.0,89.5,45.4,14.0,1011.45,HeavyRain
13.4,91.5,44.0,58.5,1011.3,HeavyRain
41.5,20.0,0.0,25.2,1001.0,Heatwave
27.05,86.0,23.0,10.5,1009.55,HeavyRain
30.4,66.0,0.0,31.3,1012.0,Storm
26.1,75.0,0.02,33.1,1012.0,Storm
18.6,40.0,0.26,31.3,1011.0,Storm
34.1,56.0,0.0,32.4,1009.0,Storm
23.0,65.0,0.0,18.4,1017.0,Normal
27.0,66.0,0.0,40.0,1011.0,Storm
15.15,86.5,46.8,15.0,990.75,HeavyRain
11.15,72.0,24.4,12.0,1028.1,HeavyRain
9.3,87.0,0.21,43.2,1009.0,Storm
24.75,91.0,39.8,18.5,1011.4,HeavyRain
15.25,83.0,30.8,36.0,1015.55,HeavyRain
21.2,95.0,59.6,14.0,1006.4,HeavyRain
17.85,59.5,68.6,19.5,1015.45,HeavyRain
10.5,81.5,20.4,24.0,997.85,HeavyRain
26.3,32.0,0.0,3.6,1019.0,Normal
26.1,61.0,0.0,15.1,1014.0,Normal
24.9,70.0,0.0,8.6,1012.0,Normal
40.0,19.0,0.0,24.5,995.0,Heatwave
21.7,81.5,29.8,31.5,1018.95,HeavyRain
28.450000000000003,61.5,41.2,21.5,1005.9,HeavyRain
28.1,79.0,0.01,30.6,1009.0,Storm
41.4,22.0,0.0,5.4,1002.0,Heatwave
32.3,8.0,0.0,31.0,1010.0,Storm
17.55,70.0,78.0,5.5,1012.9,HeavyRain
14.6,71.5,27.0,22.5,1011.95,HeavyRain
23.1,29.0,0.0,30.6,1011.0,Storm
45.1,3.0,0.0,33.1,1003.0,Heatwave
32.5,61.0,0.18,9.0,998.0,Normal
20.75,79.5,25.0,12.0,1011.35,HeavyRain
28.0,78.0,48.6,14.5,1004.4,HeavyRain
40.5,24.0,0.0,19.8,1001.0,Heatwave
12.95,85.0,31.4,11.0,1026.6,HeavyRain
26.9,82.0,0.12,33.5,1009.0,Storm
28.1,84.0,1.53,32.8,1008.0,Storm
23.6,42.0,0.0,7.9,1009.0,Normal
42.0,6.0,0.0,19.1,1009.0,Heatwave
27.1,89.0,0.26,31.7,1012.0,Storm
23.2,47.0,0.0,33.1,1020.0,Normal
28.0,89.0,0.21,35.3,1009.0,Storm
27.2,54.0,0.0,38.9,1012.0,Normal
23.5,96.0,71.0,18.5,1013.8,HeavyRain
25.3,53.0,0.0,14.8,1016.0,Normal
31.2,40.0,0.0,24.8,1010.0,Normal
23.8,86.0,44.0,16.0,1003.75,HeavyRain
28.7,77.0,0.01,32.0,1009.0,Storm
12.3,82.0,0.06,30.2,1012.0,Storm
45.2,4.0,0.0,29.9,1000.0,Heatwave
22.2,41.0,0.0,31.0,1010.0,Storm
26.4,89.0,0.47,31.0,1008.0,Storm
11.65,69.5,31.2,29.5,990.95,HeavyRain
27.9,80.0,0.11,31.0,1012.0,Storm
27.1,66.0,0.0,6.5,1017.0,Normal
41.0,10.0,0.0,11.2,993.0,Heatwave
26.45,91.0,55.0,27.5,1001.45,HeavyRain
24.0,54.0,0.0,13.0,1014.0,Normal
23.4,87.0,39.8,33.0,1009.95,HeavyRain
21.2,93.5,59.0,21.5,1017.3,HeavyRain
24.85,94.5,68.2,11.0,1004.0,HeavyRain
24.4,57.0,0.98,13.7,1020.0,Normal
40.3,6.0,0.0,22.0,1010.0,Heatwave
23.4,85.0,37.4,5.5,1011.5,HeavyRain
42.6,8.0,0.0,6.1,1002.0,Heatwave
28.1,74.0,0.0,36.7,1011.0,Storm
26.2,89.0,0.13,32.0,1008.0,Storm
18.85,73.5,50.6,21.0,1008.9,HeavyRain
21.1,33.0,0.0,19.1,1022.0,Normal
43.6,8.0,0.0,28.8,999.0,Heatwave
21.25,95.0,23.4,26.5,1005.65,HeavyRain
28.3,68.0,0.04,24.1,1011.0,Normal
7.3,87.0,0.37,31.0,989.0,Storm
27.6,69.0,0.0,8.3,1010.0,Normal
18.85,69.0,43.0,27.0,1005.95,HeavyRain
24.2,65.0,0.0,16.6,1014.0,Normal
22.1,43.0,0.0,23.4,1016.0,Normal
30.0,70.0,0.01,6.8,1009.0,Normal
33.4,56.0,0.0,9.4,1008.0,Normal
22.3,63.0,0.0,3.6,1013.0,Normal
29.1,8.0,0.0,31.0,1012.0,Storm
20.45,94.0,36.6,3.0,1015.2,HeavyRain
45.7,15.0,0.0,32.0,992.0,Storm
20.1,68.0,0.07,13.0,1016.0,Normal
44.8,10.0,0.0,20.2,996.0,Heatwave
44.8,10.0,0.0,25.6,1000.0,Heatwave
42.2,11.0,0.0,7.9,1005.0,Heatwave
24.3,84.5,40.4,22.5,1007.35,HeavyRain
28.4,37.0,0.0,15.1,1013.0,Normal
43.8,9.0,0.0,38.2,999.0,Heatwave
34.2,47.0,0.0,8.3,1008.0,Normal
43.1,6.0,0.0,5.8,1004.0,Heatwave
30.9,27.0,0.0,31.7,1007.0,Storm
22.0,61.0,0.14,12.2,1023.0,Normal
25.8,75.5,22.8,22.5,1004.55,HeavyRain
32.7,52.0,0.1,7.2,1006.0,Normal
20.3,46.0,0.0,30.6,1012.0,Storm
29.1,62.0,0.0,9.0,1013.0,Normal
27.3,84.0,1.95,48.6,1008.0,Storm
29.4,10.0,0.0,30.2,1006.0,Storm
14.95,74.5,38.2,12.5,1020.65,HeavyRain
21.4,60.0,0.68,16.9,1014.0,Normal
28.3,48.0,0.0,3.6,1020.0,Normal
2.3,100.0,0.2,48.6,1000.0,Storm
24.3,38.0,0.0,10.1,1022.0,Normal
28.4,70.0,0.38,10.1,1009.0,Normal
26.1,89.0,1.01,32.4,1008.0,Storm
27.7,80.0,53.4,15.5,1007.7,HeavyRain
22.1,41.0,0.0,22.0,1015.0,Normal
24.15,73.0,24.8,4.5,1018.15,HeavyRain
12.0,65.0,32.6,17.0,1011.8,HeavyRain
28.2,50.0,0.0,10.1,1016.0,Normal
24.0,57.0,0.0,3.6,1017.0,Normal
27.3,62.0,0.0,9.4,1019.0,Normal
10.3,94.0,0.42,33.8,1011.0,Storm
26.45,84.0,115.2,21.5,1010.1,HeavyRain
29.2,70.0,0.0,22.0,1013.0,Normal
22.25,85.5,65.0,23.5,1018.35,HeavyRain
19.05,92.0,34.0,29.0,1013.1,HeavyRain
27.2,84.0,1.5,36.0,1005.0,Storm
22.2,53.0,0.0,11.2,1028.0,Normal
11.5,67.5,27.0,20.5,1017.15,HeavyRain
27.1,38.0,0.0,31.0,1007.0,Storm
27.35,70.0,54.0,10.0,1002.3,HeavyRain
30.3,59.0,0.0,9.7,1015.0,Normal
17.2,100.0,1.26,31.3,1012.0,Storm
3.3,93.0,0.01,31.7,999.0,Storm
6.7,88.0,1.43,36.7,1003.0,Storm
29.1,79.0,0.02,34.2,1011.0,Storm
28.2,84.0,0.01,31.7,1012.0,Storm
27.2,80.5,40.6,13.0,1008.55,HeavyRain
44.3,10.0,0.0,22.0,1001.0,Heatwave
25.9,67.0,0.0,14.4,1014.0,Normal
1.2,93.0,0.0,30.6,1009.0,Storm
32.5,48.0,0.0,8.6,1008.0,Normal
21.3,49.0,0.02,9.0,1024.0,Normal
28.2,79.0,0.02,31.7,1010.0,Storm
23.7,63.0,0.03,12.2,1017.0,Normal
23.2,69.0,0.0,22.0,1010.0,Normal
34.1,32.0,0.0,38.2,1011.0,Storm
2.1,64.0,0.03,31.7,998.0,Storm
24.0,50.0,0.0,29.9,1011.0,Normal
27.4,54.0,0.0,6.1,1012.0,Normal
26.1,30.0,0.0,10.4,1017.0,Normal
40.1,10.0,0.0,24.5,1001.0,Heatwave
3.2,93.0,0.03,34.9,998.0,Storm
25.2,55.0,0.45,15.8,1012.0,Normal
11.35,89.5,22.4,15.0,1018.45,HeavyRain
17.35,58.5,28.6,21.5,1012.65,HeavyRain
26.700000000000003,84.0,39.4,18.5,1007.9,HeavyRain
14.4,88.0,0.04,42.8,1009.0,Storm
23.8,83.5,80.4,4.0,1007.85,HeavyRain
31.2,36.0,0.0,33.1,1009.0,Storm
6.1,81.0,0.71,60.1,962.0,Storm
28.4,48.0,0.0,14.4,1012.0,Normal
23.2,65.0,0.0,20.2,1027.0,Normal
31.3,48.0,0.0,37.1,1010.0,Storm
15.3,67.0,0.96,38.9,1004.0,Storm
20.95,80.5,32.6,12.0,1022.1,HeavyRain
32.4,37.0,0.0,3.6,1011.0,Normal
40.2,22.0,0.0,13.0,1011.0,Heatwave
27.7,79.0,0.65,31.3,1008.0,Storm
24.3,57.0,0.0,6.8,1012.0,Normal
29.4,75.0,0.0,34.2,1009.0,Storm
40.0,23.0,0.0,24.1,1001.0,Heatwave
26.9,84.0,0.97,31.7,1008.0,Storm
21.0,89.0,25.6,7.5,1009.25,HeavyRain
27.7,69.0,0.0,16.9,1012.0,Normal
14.1,99.5,23.2,25.5,1008.2,HeavyRain
28.3,70.0,0.0,9.0,1016.0,Normal
28.2,66.0,0.0,9.4,1015.0,Normal
40.0,25.0,0.0,6.8,1000.0,Heatwave
40.0,14.0,0.0,5.8,998.0,Heatwave
28.200000000000003,70.5,25.0,24.0,1004.25,HeavyRain
40.2,12.0,0.0,5.8,1009.0,Heatwave
13.2,94.0,0.01,60.8,993.0,Storm
27.2,69.0,30.6,11.0,1005.35,HeavyRain
27.4,79.0,0.22,37.4,1012.0,Storm
46.0,23.0,0.0,20.2,1000.0,Heatwave
27.7,79.0,1.17,30.2,1010.0,Storm
28.4,58.0,0.0,15.1,1021.0,Normal
13.9,90.0,50.4,26.0,1022.7,HeavyRain
40.3,28.0,0.0,20.9,1000.0,Heatwave
23.4,69.0,0.36,11.9,1019.0,Normal
23.3,50.0,0.0,13.0,1022.0,Normal
26.1,65.0,0.17,7.2,1017.0,Normal
27.0,89.0,0.63,30.2,1008.0,Storm
11.05,69.0,33.2,26.0,1020.15,HeavyRain
22.3,43.0,0.0,8.6,1016.0,Normal
15.6,55.5,36.2,31.0,1023.25,HeavyRain
22.65,91.5,142.2,9.0,1007.9,HeavyRain
9.0,93.0,0.35,35.3,988.0,Storm
40.1,17.0,0.0,46.1,997.0,Storm
19.4,57.5,24.8,28.5,1012.6,HeavyRain
23.2,53.0,0.0,4.0,1024.0,Normal
13.9,83.5,20.9,34.0,1008.65,HeavyRain
36.2,43.0,0.0,34.2,1002.0,Storm
26.2,54.0,0.0,3.6,1010.0,Normal
12.35,94.0,21.4,14.0,1016.6,HeavyRain
16.8,62.0,35.0,8.5,1019.95,HeavyRain
28.1,81.0,0.85,34.6,1008.0,Storm
28.0,79.0,0.04,33.5,1011.0,Storm
35.1,50.0,0.0,35.3,1003.0,Storm
13.3,82.0,0.0,59.0,1002.0,Storm
17.049999999999997,92.5,29.4,5.5,1018.95,HeavyRain
30.5,38.0,0.04,12.6,1011.0,Normal
23.4,65.0,0.0,24.8,1016.0,Normal
26.35,76.5,21.2,14.0,1014.6,HeavyRain
21.950000000000003,93.0,39.0,7.5,1004.2,HeavyRain
14.4,88.0,1.14,52.9,1001.0,Storm
11.75,80.0,24.0,18.0,1002.2,HeavyRain
29.1,75.0,0.01,30.2,1010.0,Storm
23.2,61.0,0.0,14.0,1003.0,Normal
32.2,67.0,0.96,18.0,1005.0,Normal
20.3,53.0,0.0,31.0,1010.0,Storm
5.4,81.0,0.01,37.1,1002.0,Storm
24.1,44.0,0.0,3.6,1016.0,Normal
29.1,79.0,0.29,33.8,1009.0,Storm
32.2,56.0,0.0,14.0,1014.0,Normal
32.2,75.0,0.0,39.2,1002.0,Storm
29.2,75.0,0.12,32.8,1003.0,Storm
27.2,30.0,0.0,19.8,1021.0,Normal
26.3,10.0,0.0,36.4,1012.0,Storm
32.3,32.0,0.0,31.7,1005.0,Storm
26.0,70.0,0.0,16.9,1013.0,Normal
30.2,59.0,0.0,31.3,1012.0,Storm
32.1,7.0,0.0,37.8,1010.0,Storm
17.049999999999997,83.5,31.4,22.5,1018.85,HeavyRain
13.1,67.0,0.01,35.3,1004.0,Storm
33.2,53.0,0.0,16.9,1015.0,Normal
1.2,64.0,0.0,33.1,988.0,Storm
21.1,46.0,0.0,33.5,1006.0,Storm
24.65,48.5,29.6,15.0,1003.2,HeavyRain
31.4,79.0,0.1,31.0,1007.0,Storm
12.9,82.0,31.4,18.5,1015.1,HeavyRain
23.75,91.0,46.4,27.5,1015.15,HeavyRain
33.1,32.0,0.0,16.9,1010.0,Normal
17.950000000000003,82.5,24.2,17.5,1013.2,HeavyRain
19.5,99.5,73.0,32.5,1008.9,HeavyRain
18.9,93.5,57.0,11.5,1013.4,HeavyRain
16.1,83.0,20.2,13.0,1023.6,HeavyRain
28.1,48.0,0.0,41.4,1003.0,Storm
35.2,44.0,0.0,33.1,1006.0,Storm
29.3,75.0,0.07,32.8,1012.0,Storm
20.4,35.0,0.0,20.5,1022.0,Normal
19.4,91.0,2.29,41.4,1003.0,Storm
11.2,87.0,0.76,43.2,996.0,Storm
26.0,72.0,37.2,23.0,1015.3,HeavyRain
28.3,74.0,0.04,37.1,1012.0,Storm
29.4,70.0,0.0,35.6,1010.0,Storm
46.0,11.0,0.0,13.0,1000.0,Heatwave
12.1,100.0,0.14,37.1,996.0,Storm
35.0,7.0,0.0,30.6,1002.0,Storm
17.65,58.0,33.0,26.0,1015.45,HeavyRain
23.55,94.0,42.4,9.0,1009.75,HeavyRain
17.45,95.5,58.8,21.5,1004.0,HeavyRain
17.45,85.5,22.2,6.5,1015.6,HeavyRain
28.3,42.0,0.0,5.8,1010.0,Normal
13.0,82.0,0.02,50.0,999.0,Storm
19.4,46.0,0.0,38.9,1004.0,Storm
22.4,57.0,0.0,29.5,1014.0,Normal
26.0,89.0,0.0,33.1,1012.0,Storm
41.1,15.0,0.0,30.2,1003.0,Storm
27.1,89.0,0.26,39.2,1006.0,Storm
12.2,88.0,4.87,31.3,991.0,Storm
27.55,79.0,50.0,17.0,1002.65,HeavyRain
43.0,5.0,0.0,13.0,1008.0,Heatwave
21.2,31.0,0.0,12.6,1014.0,Normal
36.0,45.0,0.0,35.6,1009.0,Storm
15.05,95.5,24.2,10.0,1005.9,HeavyRain
22.3,65.0,0.0,33.1,1002.0,Storm
30.2,70.0,0.0,12.2,1013.0,Normal
23.2,36.0,0.0,20.5,1017.0,Normal
23.0,77.5,24.6,17.0,1009.15,HeavyRain
25.4,94.0,0.39,38.5,1001.0,Storm
25.9,88.0,0.45,41.8,1006.0,Storm
19.5,89.5,31.8,8.0,1013.5,HeavyRain
31.8,44.0,0.0,33.5,1010.0,Storm
25.950000000000003,88.5,27.6,26.0,1004.75,HeavyRain
21.3,53.0,0.0,19.1,1021.0,Normal
15.1,88.0,0.29,38.2,997.0,Storm
31.3,36.0,0.0,32.0,1012.0,Storm
24.15,69.0,31.6,23.0,1006.25,HeavyRain
22.3,46.0,0.0,7.6,1015.0,Normal
29.2,31.0,0.0,3.6,1017.0,Normal
42.1,10.0,0.0,6.5,1004.0,Heatwave
21.3,31.0,0.0,43.2,1006.0,Storm
26.45,83.5,23.2,10.0,1007.6,HeavyRain
43.2,9.0,0.0,15.5,994.0,Heatwave
48.2,7.0,0.0,34.6,1000.0,Storm
43.1,9.0,0.0,34.6,996.0,Storm
25.7,64.0,0.01,26.6,1017.0,Normal
45.0,7.0,0.0,20.9,997.0,Heatwave
28.3,64.0,0.0,7.9,1008.0,Normal
25.3,57.0,0.01,8.6,1019.0,Normal
32.0,56.0,0.0,11.5,1011.0,Normal
41.0,15.0,0.0,22.0,1007.0,Heatwave
24.3,50.0,0.0,16.6,1016.0,Normal
34.2,44.0,0.0,17.3,1011.0,Normal
29.2,70.0,0.0,32.0,1012.0,Normal
25.3,83.0,0.04,31.0,1012.0,Storm
43.5,5.0,0.0,13.7,1003.0,Heatwave
10.9,95.0,0.96,38.9,1002.0,Storm
20.7,64.0,0.0,32.4,1007.0,Storm
29.4,79.0,0.57,30.2,1008.0,Storm
21.0,49.0,0.0,6.1,1026.0,Normal
38.4,11.0,0.0,33.1,1009.0,Storm
27.65,82.5,90.4,19.5,1006.1,HeavyRain
27.1,70.0,0.64,3.6,1014.0,Normal
44.0,9.0,0.0,31.0,995.0,Storm
20.8,70.5,183.4,29.5,1014.6,HeavyRain
24.3,50.0,0.0,25.6,1015.0,Normal
18.200000000000003,88.5,21.0,9.5,1006.0,HeavyRain
16.45,64.5,24.4,37.0,1021.0,HeavyRain
33.3,39.0,0.0,19.1,1011.0,Normal
28.0,30.0,0.0,33.1,1009.0,Storm
33.6,10.0,0.0,34.2,1009.0,Storm
18.65,89.5,93.6,11.0,1025.5,HeavyRain
24.2,84.0,20.2,7.5,1008.45,HeavyRain
21.4,49.0,0.02,19.1,1010.0,Normal
21.8,99.5,27.2,23.5,1005.25,HeavyRain
40.3,9.0,0.0,20.9,999.0,Heatwave
21.2,67.0,0.0,4.0,1012.0,Normal
21.75,73.0,25.4,21.0,1016.6,HeavyRain
5.0,70.0,0.17,34.6,982.0,Storm
31.1,63.0,0.01,11.5,1008.0,Normal
27.3,54.0,0.0,5.0,1011.0,Normal
40.1,14.0,0.0,6.5,1004.0,Heatwave
21.2,69.0,0.0,43.2,1011.0,Storm
28.4,48.0,0.0,31.0,1007.0,Normal
18.6,93.0,1.31,32.0,1006.0,Storm
40.0,15.0,0.0,16.2,1000.0,Heatwave
44.5,14.0,0.0,41.4,995.0,Heatwave
32.2,30.0,0.0,13.0,1016.0,Normal
24.4,100.0,0.0,32.4,1011.0,Storm
33.3,41.0,0.0,22.0,1009.0,Normal
22.2,65.0,0.0,9.7,1013.0,Normal
31.0,66.0,0.0,16.6,1002.0,Normal
26.85,91.5,87.8,9.5,1014.0,HeavyRain
42.3,6.0,0.0,10.8,1006.0,Heatwave
7.2,93.0,0.23,32.0,982.0,Storm
22.1,43.0,0.0,3.6,1023.0,Normal
24.7,36.0,0.0,25.6,1011.0,Normal
24.1,65.0,0.0,13.7,1013.0,Normal
15.2,94.0,0.01,43.9,1009.0,Storm
14.75,88.0,28.0,4.0,1016.15,HeavyRain
10.3,91.0,39.8,8.0,1013.75,HeavyRain
21.75,94.0,21.0,16.0,1013.1,HeavyRain
31.0,59.0,0.04,31.0,1012.0,Storm
26.2,65.0,0.03,7.2,1021.0,Normal
29.2,51.0,0.0,10.4,1007.0,Normal
32.3,30.0,0.0,31.7,1009.0,Normal
33.0,59.0,1.08,6.5,1007.0,Normal
34.1,32.0,0.0,11.2,1014.0,Normal
28.4,74.5,28.8,19.5,1007.1,HeavyRain
31.6,45.0,0.0,7.6,1011.0,Normal
41.0,7.0,0.0,6.1,1008.0,Heatwave
25.3,61.5,40.2,17.5,1011.95,HeavyRain
40.1,26.0,0.04,6.8,1010.0,Heatwave
43.4,5.0,0.0,31.0,999.0,Storm
42.3,24.0,0.0,14.4,1001.0,Heatwave
25.4,69.0,0.0,14.0,1012.0,Normal
13.3,92.0,33.2,10.0,1017.5,HeavyRain
18.5,70.5,22.8,34.5,1016.05,HeavyRain
18.3,89.0,29.2,31.5,1010.55,HeavyRain
14.15,72.0,22.2,12.0,1022.5,HeavyRain
20.3,68.0,0.0,13.3,1016.0,Normal
38.1,14.0,0.03,37.1,1004.0,Storm
28.3,35.0,0.0,13.7,1010.0,Normal
16.25,92.0,21.6,24.0,1010.35,HeavyRain
41.2,14.0,0.0,7.6,1006.0,Heatwave
24.0,57.0,0.65,6.8,1013.0,Normal
44.1,21.0,0.0,5.8,996.0,Heatwave
15.15,88.0,22.6,10.0,1005.5,HeavyRain
34.0,51.0,0.0,15.8,1008.0,Normal
22.3,65.0,0.0,15.1,1020.0,Normal
34.0,34.0,0.0,7.2,1013.0,Normal
19.3,72.5,29.4,23.5,1010.25,HeavyRain
31.4,66.0,0.01,11.2,1009.0,Normal
13.2,88.0,0.0,59.0,1009.0,Storm
15.15,76.0,22.0,29.5,1022.3,HeavyRain
3.3,87.0,4.18,33.1,987.0,Storm
21.25,81.0,56.4,2.0,1017.5,HeavyRain
23.9,77.0,26.4,15.5,1020.2,HeavyRain
42.2,16.0,0.0,15.8,1002.0,Heatwave
17.450000000000003,71.5,47.0,31.5,993.2,HeavyRain
18.9,89.0,31.6,28.5,1016.2,HeavyRain
20.2,35.0,0.0,14.0,1012.0,Normal
24.75,94.0,26.8,10.5,1009.0,HeavyRain
21.1,31.0,0.0,13.7,1014.0,Normal
43.2,21.0,0.0,20.2,995.0,Heatwave
40.4,16.0,0.0,16.9,1001.0,Heatwave
20.0,78.0,0.0,40.7,1006.0,Storm
18.05,74.0,27.2,16.5,1022.1,HeavyRain
46.1,12.0,0.0,7.9,996.0,Heatwave
16.950000000000003,79.0,21.0,22.0,1007.8,HeavyRain
32.3,38.0,0.0,3.6,1008.0,Normal
32.5,34.0,0.0,6.8,1004.0,Normal
17.25,57.0,21.6,26.0,1015.25,HeavyRain
26.9,79.5,53.2,13.0,1005.85,HeavyRain
19.65,80.0,45.8,12.0,1017.3,HeavyRain
9.2,93.0,0.71,39.2,999.0,Storm
24.5,67.0,0.0,28.8,1016.0,Normal
45.1,5.0,0.0,8.6,1001.0,Heatwave
26.1,70.0,0.0,10.8,1011.0,Normal
26.6,84.0,40.4,8.5,1011.4,HeavyRain
29.3,56.0,0.0,6.5,1015.0,Normal
29.1,70.0,0.0,40.0,1010.0,Storm
32.2,28.0,0.0,31.3,1008.0,Storm
20.7,65.0,21.4,16.0,1008.1,HeavyRain
32.1,67.0,0.0,4.0,1013.0,Normal
20.5,68.0,26.2,28.0,1017.4,HeavyRain
28.2,74.0,0.0,35.3,1009.0,Storm
45.0,5.0,0.0,16.9,1003.0,Heatwave
29.3,75.0,0.0,31.0,1012.0,Storm
16.0,92.5,27.2,27.0,1019.15,HeavyRain
20.2,88.0,0.0,33.1,1012.0,Storm
29.0,70.0,0.0,22.0,1009.0,Normal
29.15,61.5,21.0,17.5,1008.35,HeavyRain
20.4,43.0,0.0,14.0,1017.0,Normal
32.4,36.0,0.0,7.6,1015.0,Normal
32.1,12.0,0.0,34.6,1009.0,Storm
24.5,48.0,0.0,5.4,1013.0,Normal
29.4,70.0,0.14,6.5,1013.0,Normal
19.950000000000003,93.0,29.8,14.0,1012.25,HeavyRain
46.4,11.0,0.0,6.8,1001.0,Heatwave
11.55,66.0,65.2,27.0,1001.95,HeavyRain
18.75,77.5,52.8,14.0,1011.9,HeavyRain
21.85,99.5,30.0,43.5,1015.25,HeavyRain
45.6,11.0,0.0,32.4,991.0,Storm
32.4,52.0,0.0,31.7,1007.0,Storm
28.3,76.5,23.2,8.5,1005.4,HeavyRain
27.0,48.0,0.13,3.6,1017.0,Normal
30.0,55.0,0.0,5.8,1009.0,Normal
20.25,83.5,21.6,12.0,1012.5,HeavyRain
25.85,87.5,73.2,13.0,1007.8,HeavyRain
16.0,88.0,3.74,46.1,1002.0,Storm
26.2,58.0,0.01,30.6,1025.0,Normal
25.55,86.0,21.2,15.0,1008.05,HeavyRain
45.7,6.0,0.0,15.1,995.0,Heatwave
11.0,94.0,0.18,46.1,999.0,Storm
23.25,72.5,21.0,19.5,1013.3,HeavyRain
16.75,95.5,36.0,13.0,1016.45,HeavyRain
30.1,70.0,0.07,13.0,1006.0,Normal
23.0,69.0,0.02,6.8,1016.0,Normal
23.4,47.0,0.0,10.8,1024.0,Normal
28.4,75.0,0.24,30.2,1009.0,Storm
21.0,40.0,0.0,7.6,1013.0,Normal
42.4,20.0,0.0,36.4,994.0,Storm
40.2,13.0,0.0,24.1,1009.0,Heatwave
28.2,88.0,24.0,14.0,1004.7,HeavyRain
41.2,14.0,0.0,26.6,1000.0,Heatwave
17.3,72.0,0.0,41.0,997.0,Storm
15.35,72.0,29.2,25.0,1005.1,HeavyRain
24.2,54.0,0.0,9.0,1015.0,Normal
29.1,31.0,0.0,3.6,1016.0,Normal
40.1,24.0,0.0,14.8,989.0,Heatwave
22.0,35.0,0.0,10.8,1012.0,Normal
21.4,85.5,97.0,11.5,1014.35,HeavyRain
27.35,78.5,20.2,7.5,1004.0,HeavyRain
31.3,66.0,0.0,15.1,1013.0,Normal
29.1,58.0,0.03,19.1,1013.0,Normal
21.0,64.0,0.0,40.0,1011.0,Normal
44.3,16.0,0.0,35.3,993.0,Storm
28.1,79.0,0.2,36.7,1009.0,Storm
13.7,83.0,64.8,45.5,1022.1,HeavyRain
29.3,60.0,0.1,11.9,1008.0,Normal
32.0,28.0,0.0,33.1,1012.0,Storm
24.7,68.0,0.19,28.8,1012.0,Normal
23.4,65.0,0.02,7.2,1013.0,Normal
28.6,81.0,0.75,32.0,1008.0,Storm
27.8,82.0,42.4,12.0,1009.5,HeavyRain
12.8,77.5,23.0,18.5,1022.0,HeavyRain
45.1,12.0,0.0,20.2,1000.0,Heatwave
10.2,37.0,0.0,35.6,1005.0,Storm
29.1,33.0,0.0,41.0,1011.0,Storm
24.4,65.0,0.2,24.1,1025.0,Normal
26.2,42.0,0.0,21.6,1023.0,Normal
39.3,16.0,0.0,31.3,999.0,Storm
26.4,71.5,21.8,16.0,1006.95,HeavyRain
10.2,94.0,1.02,34.9,995.0,Storm
25.2,61.0,0.17,4.0,1015.0,Normal
22.7,95.0,22.0,17.0,1021.9,HeavyRain
22.55,68.5,28.4,19.5,1015.65,HeavyRain
24.75,92.0,35.2,15.0,1003.4,HeavyRain
25.8,82.5,21.6,11.0,1014.05,HeavyRain
9.15,71.0,47.0,22.5,994.8,HeavyRain
22.15,56.5,26.2,7.5,1016.9,HeavyRain
22.3,65.0,0.0,33.1,1002.0,Normal
27.7,83.5,91.6,24.0,1005.1,HeavyRain
15.2,94.0,0.71,31.0,1006.0,Storm
9.0,66.0,0.0,38.9,995.0,Storm
41.1,22.0,0.0,13.0,997.0,Heatwave
25.1,33.0,0.0,32.0,1008.0,Storm
11.65,85.5,26.2,18.5,1025.3,HeavyRain
25.5,37.0,0.0,24.5,1017.0,Normal
41.5,17.0,0.0,19.8,996.0,Heatwave
18.1,60.0,0.0,37.8,1012.0,Storm
32.2,32.0,0.0,3.6,1013.0,Normal
12.3,90.5,36.4,14.0,1015.15,HeavyRain
22.3,33.0,0.0,15.1,1009.0,Normal
43.2,4.0,0.0,28.1,1002.0,Heatwave
24.2,57.0,0.0,43.9,1007.0,Storm
27.0,39.0,0.0,19.1,1014.0,Normal
26.3,51.0,0.0,3.6,1016.0,Normal
29.2,45.0,0.0,25.9,1005.0,Normal
16.8,78.0,42.8,8.5,1015.7,HeavyRain
40.3,14.0,0.0,33.8,997.0,Storm
28.2,89.0,0.24,39.2,1008.0,Storm
15.0,82.0,0.03,35.3,1008.0,Storm
18.2,74.5,72.0,33.5,1014.65,HeavyRain
18.0,39.5,26.0,37.0,1001.35,HeavyRain
20.05,90.5,35.4,11.0,1012.1,HeavyRain
25.75,83.0,29.8,14.0,1015.65,HeavyRain
4.4,81.0,0.0,38.5,1010.0,Storm
18.55,83.5,25.0,26.0,1023.3,HeavyRain
11.2,66.0,0.0,31.7,1003.0,Storm
28.1,62.0,0.0,6.8,1013.0,Normal
41.3,13.0,0.0,17.6,995.0,Heatwave
39.3,36.0,0.0,31.7,998.0,Storm
16.85,62.0,21.0,25.0,1019.5,HeavyRain
14.9,96.0,1.62,37.8,1003.0,Storm
26.9,68.0,0.0,8.3,1010.0,Normal
30.2,62.0,0.0,16.2,1009.0,Normal
24.1,47.0,0.67,15.8,1023.0,Normal
37.1,27.0,0.0,36.0,1003.0,Storm
27.7,74.0,33.0,13.0,1007.3,HeavyRain
21.0,56.0,0.0,34.9,1012.0,Storm
28.3,49.0,0.0,8.3,1016.0,Normal
33.8,53.0,0.01,11.5,1003.0,Normal
13.0,82.0,0.31,41.4,1012.0,Storm
23.0,41.0,0.0,9.7,1017.0,Normal
41.5,5.0,0.0,30.6,1000.0,Storm
21.1,71.0,32.0,17.0,1019.1,HeavyRain
21.0,53.0,0.0,6.8,1007.0,Normal
28.1,74.0,0.01,31.7,1007.0,Storm
35.0,60.0,0.0,6.8,997.0,Normal
44.0,5.0,0.0,6.8,1007.0,Heatwave
44.8,6.0,0.0,20.5,998.0,Heatwave
18.4,97.0,23.2,19.5,1006.4,HeavyRain
23.85,98.0,367.6,33.0,996.15,HeavyRain
20.9,64.0,0.02,50.0,1012.0,Storm
28.9,44.0,0.0,32.0,1005.0,Storm
28.2,45.0,1.57,39.2,1006.0,Storm
19.2,43.0,0.0,34.6,1004.0,Storm
13.3,72.0,0.0,40.7,1005.0,Storm
20.1,49.0,0.04,29.9,1014.0,Normal
9.85,88.0,52.2,27.0,1005.85,HeavyRain
25.5,81.5,58.8,18.5,1008.2,HeavyRain
14.2,52.0,20.2,25.0,1028.6999999999998,HeavyRain
21.3,56.0,0.0,5.4,1016.0,Normal
29.4,67.0,0.03,9.4,1012.0,Normal
28.8,45.0,0.0,7.9,1013.0,Normal
20.35,79.0,31.8,9.5,1013.6,HeavyRain
27.4,82.0,0.02,31.7,1009.0,Storm
21.3,87.5,32.6,10.5,1011.3,HeavyRain
27.0,89.0,0.29,37.8,1005.0,Storm
13.25,69.5,31.0,10.5,1016.3,HeavyRain
29.0,58.0,0.0,30.6,1011.0,Storm
14.9,83.5,53.0,10.0,1000.9,HeavyRain
27.05,92.0,109.0,22.5,993.55,HeavyRain
21.55,91.5,45.4,28.5,1009.8,HeavyRain
16.55,90.0,32.0,19.5,1013.2,HeavyRain
24.8,81.5,58.4,15.0,1018.8,HeavyRain
32.0,59.0,1.01,16.2,1008.0,Normal
28.2,79.0,0.01,38.5,1011.0,Storm
33.1,59.0,0.37,4.3,1007.0,Normal
26.6,79.0,45.2,20.5,1012.2,HeavyRain
15.1,100.0,1.85,40.0,1003.0,Storm
20.5,73.0,21.0,21.0,1003.1,HeavyRain
43.1,24.0,0.0,13.7,1000.0,Heatwave
24.0,54.0,0.53,15.1,1023.0,Normal
9.2,93.0,0.21,54.0,1003.0,Storm
15.1,94.0,68.6,6.5,1024.15,HeavyRain
21.25,95.0,76.8,28.5,1006.9,HeavyRain
26.2,89.0,0.0,38.9,1011.0,Storm
29.1,84.0,0.01,34.6,1011.0,Storm
19.9,91.0,29.2,14.0,1011.6,HeavyRain
40.1,14.0,0.0,36.7,1010.0,Storm
29.3,44.0,0.0,10.8,1009.0,Normal
27.4,62.0,0.0,4.7,1017.0,Normal
25.0,72.5,32.2,26.0,1017.7,HeavyRain
41.2,6.0,0.0,25.2,1005.0,Heatwave
13.15,57.5,52.8,18.5,1010.4,HeavyRain
40.4,9.0,0.0,10.1,1009.0,Heatwave
22.2,55.0,0.01,5.8,1021.0,Normal
18.1,94.0,11.97,37.1,1007.0,Storm
15.75,65.0,52.4,29.5,1022.85,HeavyRain
20.05,91.0,29.4,10.0,1010.0,HeavyRain
34.1,22.0,0.0,37.1,1004.0,Storm
33.3,44.0,0.0,7.2,1010.0,Normal
32.1,32.0,0.0,8.3,1011.0,Normal
16.6,91.0,37.4,31.5,1018.35,HeavyRain
26.200000000000003,78.0,28.2,22.0,1010.7,HeavyRain
29.05,68.5,24.4,12.0,1006.1,HeavyRain
19.9,72.0,21.6,26.0,1010.4,HeavyRain
43.2,7.0,0.0,5.8,1003.0,Heatwave
28.1,70.0,0.01,34.2,1013.0,Normal
16.05,47.5,26.0,19.5,1003.5,HeavyRain
17.35,90.5,56.0,31.5,1015.55,HeavyRain
23.2,61.0,1.36,16.9,1010.0,Normal
24.55,90.0,102.0,21.5,1013.95,HeavyRain
32.0,56.0,0.0,19.1,1009.0,Normal
26.65,93.0,144.2,16.0,992.95,HeavyRain
28.8,69.0,0.02,15.1,1009.0,Normal
32.1,60.0,0.0,12.6,1010.0,Normal
27.4,85.0,34.8,19.0,1005.25,HeavyRain
3.2,60.0,0.03,42.1,1008.0,Storm
24.6,51.5,26.4,39.0,1004.0,HeavyRain
21.0,49.0,0.0,16.9,1026.0,Normal
21.85,94.5,22.4,9.0,1008.85,HeavyRain
29.2,35.0,0.0,22.7,1001.0,Normal
30.3,62.0,0.0,16.9,1014.0,Normal
15.5,85.5,28.0,12.0,1010.15,HeavyRain
32.4,46.0,0.0,12.2,1010.0,Normal
33.4,49.0,0.0,21.2,1012.0,Normal
23.9,74.0,0.0,34.2,1010.0,Storm
27.8,50.0,0.0,10.4,1017.0,Normal
17.9,94.5,62.4,17.0,1010.75,HeavyRain
33.3,63.0,0.0,9.4,1010.0,Normal
18.1,73.0,0.11,41.4,1002.0,Storm
23.95,47.0,53.0,31.5,1002.0,HeavyRain
32.0,56.0,0.0,3.6,1013.0,Normal
8.6,83.5,39.4,16.5,1007.55,HeavyRain
22.9,62.0,0.37,15.5,1011.0,Normal
10.4,87.0,0.11,66.2,983.0,Storm
37.1,6.0,0.0,38.5,1007.0,Storm
28.0,47.0,0.0,4.3,1016.0,Normal
28.1,84.0,0.18,33.5,1008.0,Storm
24.7,35.0,0.0,11.2,1013.0,Normal
29.3,66.0,0.23,12.2,1010.0,Normal
10.5,73.5,21.0,17.5,1017.3,HeavyRain
32.4,63.0,0.28,21.2,1005.0,Normal
28.6,71.0,24.6,10.0,1008.0,HeavyRain
23.5,68.0,0.7,7.2,1012.0,Normal
43.3,25.0,0.0,31.7,995.0,Storm
30.2,70.0,0.01,7.2,1008.0,Normal
19.55,93.0,56.8,24.0,1020.2,HeavyRain
26.9,30.0,0.0,15.5,1008.0,Normal
44.2,7.0,0.0,24.8,1004.0,Heatwave
12.6,92.0,46.0,16.5,1009.3,HeavyRain
25.3,94.0,0.3,32.0,1011.0,Storm
20.4,49.0,0.0,13.0,1007.0,Normal
32.3,59.0,0.0,10.8,1009.0,Normal
29.3,63.0,0.0,10.8,1008.0,Normal
27.8,70.0,39.2,21.5,1005.9,HeavyRain
27.4,79.5,68.6,17.5,1006.3,HeavyRain
13.4,77.0,0.0,38.5,1011.0,Storm
3.3,75.0,0.84,60.5,974.0,Storm
36.2,22.0,0.0,34.2,1012.0,Storm
43.2,16.0,0.0,38.5,994.0,Storm
29.3,52.0,0.0,16.9,1014.0,Normal
26.2,45.0,0.0,10.4,1014.0,Normal
21.9,38.0,0.0,9.7,1022.0,Normal
8.75,76.0,23.2,14.0,1021.3,HeavyRain
17.45,98.0,45.8,13.0,1009.9,HeavyRain
21.6,31.0,0.0,10.4,1024.0,Normal
44.1,24.0,0.0,3.6,997.0,Heatwave
27.0,74.0,0.02,30.2,1009.0,Storm
23.6,83.5,37.0,22.5,1008.95,HeavyRain
28.1,79.0,0.0,33.1,1010.0,Storm
20.3,60.0,0.0,4.3,1019.0,Normal
47.2,11.0,0.0,3.6,993.0,Heatwave
15.2,94.0,0.04,30.6,1009.0,Storm
29.6,64.0,0.0,33.1,1011.0,Storm
9.1,69.5,28.0,24.0,1013.3,HeavyRain
20.7,61.0,0.0,3.6,1013.0,Normal
15.95,87.0,48.8,19.5,1015.0,HeavyRain
15.6,80.0,33.6,23.5,1013.9,HeavyRain
19.700000000000003,98.0,84.8,30.5,1003.25,HeavyRain
29.75,64.5,29.0,18.0,999.75,HeavyRain
28.05,87.5,42.6,15.0,1000.4,HeavyRain
19.6,81.5,36.4,37.0,1014.95,HeavyRain
11.5,46.0,0.01,33.5,1011.0,Storm
14.1,82.0,0.06,52.9,987.0,Storm
32.3,38.0,0.0,10.4,1014.0,Normal
44.1,13.0,0.0,14.8,994.0,Heatwave
40.1,15.0,0.0,24.1,1005.0,Heatwave
27.1,84.0,0.29,35.3,1012.0,Storm
12.35,93.5,42.8,22.0,1013.35,HeavyRain
23.65,70.0,24.2,29.5,1013.3,HeavyRain
13.9,72.5,22.6,13.0,1009.2,HeavyRain
20.1,83.0,0.0,32.8,1011.0,Storm
45.7,15.0,0.0,32.0,992.0,Heatwave
28.3,70.5,22.2,23.0,1007.15,HeavyRain
28.0,79.0,0.22,33.8,1011.0,Storm
30.1,84.0,0.24,30.2,1008.0,Storm
16.1,79.0,23.8,6.5,1016.75,HeavyRain
36.3,24.0,0.0,30.2,1006.0,Storm
22.2,88.0,28.0,32.5,1017.15,HeavyRain
22.3,43.0,0.0,5.4,1025.0,Normal
19.85,74.5,21.0,19.0,1019.15,HeavyRain
29.8,45.0,0.0,12.2,1014.0,Normal
23.2,41.0,0.0,12.6,1017.0,Normal
27.15,84.5,37.2,14.0,1000.4,HeavyRain
29.3,79.0,0.34,32.0,1011.0,Storm
14.4,85.5,39.2,20.5,1026.05,HeavyRain
10.1,90.0,37.6,12.0,1017.8,HeavyRain
28.2,40.0,0.0,20.2,1013.0,Normal
34.0,20.0,0.01,34.9,1000.0,Storm
7.3,100.0,2.83,47.2,1004.0,Storm
25.2,61.0,0.0,13.7,1020.0,Normal
38.2,42.0,0.0,46.1,1005.0,Storm
20.3,46.0,0.0,15.8,1003.0,Normal
10.3,76.0,0.05,32.0,991.0,Storm
27.3,66.0,0.0,5.4,1014.0,Normal
24.1,69.0,0.19,3.6,1021.0,Normal
18.3,73.0,42.6,16.0,1016.45,HeavyRain
30.3,62.0,0.02,16.6,1011.0,Normal
40.7,14.0,0.0,8.3,1008.0,Heatwave
30.0,66.0,0.0,4.7,1012.0,Normal
19.15,92.0,28.8,27.5,1013.8,HeavyRain
41.4,13.0,0.0,13.3,1000.0,Heatwave
21.2,78.0,0.03,41.4,1008.0,Storm
23.450000000000003,92.5,31.8,27.5,1006.4,HeavyRain
28.1,82.0,0.0,37.1,1008.0,Storm
28.35,84.5,28.0,14.0,1007.35,HeavyRain
11.35,85.5,27.6,21.5,1003.1,HeavyRain
20.1,65.5,28.4,29.0,1008.95,HeavyRain
8.65,88.5,38.0,36.5,994.95,HeavyRain
21.4,45.0,0.0,36.4,1012.0,Storm
21.35,82.5,36.0,11.5,1008.3,HeavyRain
25.1,47.0,0.01,41.0,1011.0,Storm
16.85,63.0,32.8,15.0,1010.45,HeavyRain
25.6,69.0,0.01,11.9,1014.0,Normal
28.0,33.0,0.0,17.3,1013.0,Normal
35.4,47.0,0.0,30.2,1004.0,Storm
14.9,91.0,23.6,24.5,1024.7,HeavyRain
28.3,79.0,0.44,30.2,1011.0,Storm
8.0,75.5,20.2,16.5,1012.55,HeavyRain
27.0,57.0,0.0,5.8,1016.0,Normal
45.3,7.0,0.0,36.7,996.0,Storm
33.4,32.0,0.0,3.6,1014.0,Normal
22.35,92.0,83.4,30.5,1003.2,HeavyRain
22.55,75.5,27.0,5.0,1008.65,HeavyRain
26.4,39.0,0.0,20.9,1014.0,Normal
29.2,70.0,0.0,10.4,1011.0,Normal
26.1,79.0,0.05,31.3,1011.0,Storm
32.3,52.0,0.17,3.6,1010.0,Normal
14.45,88.5,22.2,29.5,999.75,HeavyRain
14.0,82.0,0.87,34.6,1004.0,Storm
25.0,12.0,0.0,37.4,1005.0,Storm
22.1,69.0,0.0,14.8,1010.0,Normal
27.9,68.0,0.0,19.8,1006.0,Normal
25.65,75.0,37.4,18.5,1014.65,HeavyRain
29.2,70.0,0.06,11.5,1011.0,Normal
13.4,58.0,0.3,38.9,1011.0,Storm
25.0,94.0,0.23,30.6,1008.0,Storm
12.35,79.5,29.6,17.0,1023.65,HeavyRain
16.299999999999997,67.5,29.4,29.0,1011.1,HeavyRain
28.4,70.0,0.08,22.3,1014.0,Normal
29.2,70.0,0.0,31.0,1013.0,Normal
40.4,20.0,0.0,24.8,1004.0,Heatwave
17.65,78.5,29.8,16.5,1024.5,HeavyRain
1.1,55.0,0.0,33.5,1009.0,Storm
17.25,50.5,27.8,22.0,1014.7,HeavyRain
42.0,25.0,0.0,5.0,996.0,Heatwave
27.75,63.0,49.0,25.0,1008.4,HeavyRain
24.1,69.0,0.0,7.2,1012.0,Normal
19.8,51.0,0.0,42.1,1012.0,Storm
17.3,83.0,0.0,35.6,1010.0,Storm
5.8,68.0,0.28,32.8,998.0,Storm
32.1,52.0,0.33,6.5,1004.0,Normal
14.0,67.0,0.0,35.6,1007.0,Storm
17.15,81.0,30.4,23.0,992.05,HeavyRain
43.7,12.0,0.0,21.2,996.0,Heatwave
28.2,79.0,0.0,31.3,1009.0,Storm
27.3,89.0,0.02,36.7,1008.0,Storm
28.0,79.0,0.21,32.8,1012.0,Storm
13.95,79.0,21.0,16.0,1009.45,HeavyRain
42.0,18.0,0.0,6.1,1008.0,Heatwave
33.0,49.0,0.0,4.0,1010.0,Normal
25.1,39.0,0.0,8.6,1021.0,Normal
21.0,56.0,0.0,6.8,1013.0,Normal
28.0,80.0,0.22,34.2,1011.0,Storm
27.85,77.0,54.2,7.5,1008.0,HeavyRain
30.0,35.0,0.0,10.1,1011.0,Normal
10.65,73.0,25.2,43.5,1010.65,HeavyRain
26.65,85.0,92.6,16.0,1009.6,HeavyRain
6.3,87.0,0.04,41.0,1004.0,Storm
28.3,51.0,0.0,9.7,1020.0,Normal
24.1,65.0,0.0,31.7,1010.0,Storm
24.3,61.0,0.0,7.9,1015.0,Normal
45.7,10.0,0.0,30.2,992.0,Storm
40.2,17.0,0.0,17.3,1001.0,Heatwave
20.3,64.0,0.0,3.6,1019.0,Normal
30.3,55.0,0.0,10.4,1006.0,Normal
19.15,63.5,43.4,26.0,1006.15,HeavyRain
9.45,68.0,27.8,22.0,1006.1,HeavyRain
25.200000000000003,68.5,23.6,22.0,1004.4,HeavyRain
18.25,79.0,32.4,26.0,1027.4,HeavyRain
32.5,8.0,0.0,31.0,1010.0,Storm
40.4,18.0,0.0,3.6,1010.0,Heatwave
11.9,100.0,34.2,23.0,1008.95,HeavyRain
12.45,88.0,20.6,15.5,1013.1,HeavyRain
10.35,94.0,46.8,28.0,1005.3,HeavyRain
43.4,22.0,0.0,18.4,997.0,Heatwave
34.7,54.0,0.0,15.5,999.0,Normal
20.1,62.5,29.2,23.5,1017.55,HeavyRain
28.1,79.0,0.0,33.5,1011.0,Storm
23.4,69.0,0.0,10.8,1007.0,Normal
12.75,69.0,28.6,21.0,1008.85,HeavyRain
13.95,93.5,75.8,12.0,1012.1,HeavyRain
20.4,64.0,0.44,3.6,1011.0,Normal
42.3,14.0,0.0,22.0,1006.0,Heatwave
14.4,94.0,0.0,78.1,1004.0,Storm
40.0,8.0,0.0,11.2,1007.0,Heatwave
13.3,74.5,20.6,17.5,1004.65,HeavyRain
22.3,41.0,0.0,16.2,1023.0,Normal
22.3,31.0,0.0,11.9,1020.0,Normal
17.7,64.0,40.4,20.5,1027.3000000000002,HeavyRain
30.1,35.0,0.0,6.5,1020.0,Normal
-1.8,86.0,0.03,35.3,1006.0,Storm
23.7,95.0,177.6,38.0,1004.55,HeavyRain
33.2,22.0,0.0,31.3,1003.0,Storm
16.1,91.5,119.4,50.0,1018.2,HeavyRain
19.8,87.0,20.2,10.0,1013.9,HeavyRain
24.3,57.0,0.0,7.2,1015.0,Normal
33.3,20.0,0.0,30.6,1001.0,Storm
27.1,66.0,0.0,41.0,1012.0,Storm
23.25,73.5,28.2,27.5,1016.15,HeavyRain
33.3,56.0,0.0,14.0,1001.0,Normal
41.2,14.0,0.0,3.6,1004.0,Heatwave
29.5,56.0,0.01,32.0,1008.0,Storm
15.0,72.0,0.0,36.0,1011.0,Storm
17.2,63.0,1.33,34.9,1010.0,Storm
40.6,16.0,0.0,18.0,1001.0,Heatwave
20.65,63.0,20.2,14.0,1017.6,HeavyRain
42.1,29.0,0.0,31.0,994.0,Storm
13.7,85.5,26.8,8.5,1006.95,HeavyRain
25.2,41.0,0.0,7.6,1016.0,Normal
20.4,49.0,0.02,38.5,1017.0,Normal
23.3,47.0,0.0,41.8,1016.0,Normal
29.1,48.0,0.0,9.0,1009.0,Normal
29.2,84.0,0.48,31.7,1010.0,Storm
41.0,6.0,0.0,6.1,1007.0,Heatwave
16.2,64.0,25.4,19.5,1009.0,HeavyRain
24.950000000000003,93.5,52.4,17.0,1011.5,HeavyRain
27.95,78.0,50.0,21.5,1004.7,HeavyRain
30.2,70.0,0.0,9.0,1013.0,Normal
24.5,89.5,79.4,37.0,1019.5,HeavyRain
24.3,89.0,0.11,32.8,1012.0,Storm
28.5,75.0,0.26,33.8,1011.0,Storm
22.2,41.0,0.0,12.6,1011.0,Normal
30.1,59.0,0.0,18.0,1015.0,Normal
25.1,69.0,0.0,7.6,1017.0,Normal
29.4,79.0,0.16,30.6,1004.0,Storm
9.2,73.5,25.0,6.5,998.2,HeavyRain
31.1,33.0,0.0,13.0,1015.0,Normal
22.1,61.0,0.0,23.4,1016.0,Normal
16.85,79.0,36.8,38.0,1016.8,HeavyRain
23.1,59.5,20.8,10.5,1016.25,HeavyRain
19.0,71.5,27.8,12.0,1018.0,HeavyRain
25.35,83.5,23.6,24.0,1013.0,HeavyRain
28.3,70.0,0.02,15.1,1013.0,Normal
23.1,36.0,0.0,3.6,1019.0,Normal
27.8,69.0,0.0,30.6,1011.0,Normal
20.0,60.0,0.0,12.6,1021.0,Normal
29.0,62.0,0.0,38.9,1006.0,Storm
22.0,65.0,0.0,6.5,1013.0,Normal
22.1,43.0,0.0,4.7,1010.0,Normal
21.0,46.0,0.0,5.0,1020.0,Normal
13.3,94.0,0.12,37.4,1007.0,Storm
22.85,84.0,26.6,18.5,1008.45,HeavyRain
30.0,33.0,0.0,11.2,1017.0,Normal
41.2,19.0,0.0,23.4,1001.0,Heatwave
8.1,81.0,4.53,47.2,1011.0,Storm
27.2,17.0,0.03,31.3,1010.0,Storm
27.25,67.0,105.0,17.5,1010.0,HeavyRain
3.3,60.0,0.25,76.7,987.0,Storm
30.4,33.0,0.0,9.0,1014.0,Normal
30.4,49.0,0.0,8.3,1011.0,Normal
23.3,88.0,91.6,3.0,1012.2,HeavyRain
20.4,35.0,0.0,26.3,1014.0,Normal
17.65,66.5,24.0,27.5,1020.4,HeavyRain
23.950000000000003,93.0,168.4,4.0,1007.15,HeavyRain
43.1,12.0,0.0,22.0,1004.0,Heatwave
28.1,89.0,0.32,31.0,1011.0,Storm
29.05,71.5,22.0,20.5,1006.25,HeavyRain
13.3,82.0,0.05,31.7,1003.0,Storm
22.8,88.5,39.0,14.5,1007.7,HeavyRain
22.5,45.0,0.0,24.1,1015.0,Normal
34.6,30.0,0.0,7.2,1009.0,Normal
27.55,78.5,38.4,12.0,1007.15,HeavyRain
28.200000000000003,77.5,91.0,14.0,1006.35,HeavyRain
18.65,96.0,31.6,14.0,1005.45,HeavyRain
26.9,81.0,1.04,39.6,1007.0,Storm
32.2,41.0,0.0,16.9,1015.0,Normal
30.1,70.0,0.05,13.3,1011.0,Normal
28.0,80.0,0.04,37.1,1010.0,Storm
14.3,94.0,0.52,47.2,1005.0,Storm
27.4,62.0,0.09,9.7,1019.0,Normal
24.0,41.0,0.0,5.8,1018.0,Normal
33.0,17.0,0.0,42.8,1011.0,Storm
12.15,72.0,21.4,23.0,1023.75,HeavyRain
20.2,56.0,0.0,13.0,1014.0,Normal
11.35,81.0,27.4,15.0,1008.35,HeavyRain
24.8,79.0,23.6,13.0,1010.1,HeavyRain
33.4,30.0,0.0,20.5,1019.0,Normal
25.3,50.5,23.8,17.5,1003.85,HeavyRain
48.8,6.0,0.0,36.0,995.0,Heatwave
5.9,28.0,0.0,34.6,1011.0,Storm
25.1,50.0,0.0,6.5,1014.0,Normal
11.95,98.5,29.0,9.5,1006.5,HeavyRain
18.4,64.0,0.0,32.4,1012.0,Storm
18.05,83.5,47.6,11.0,1005.6,HeavyRain
25.9,55.0,0.01,14.4,1016.0,Normal
43.4,19.0,0.0,11.5,998.0,Heatwave
15.45,81.0,20.0,7.5,1006.25,HeavyRain
28.1,84.0,0.27,37.4,1006.0,Storm
21.4,88.0,0.0,32.8,1009.0,Storm
27.1,94.0,0.43,31.0,1011.0,Storm
24.8,96.0,21.67,45.7,991.0,Storm
14.15,72.5,24.8,17.0,1019.2,HeavyRain
19.3,76.5,35.8,8.0,1017.55,HeavyRain
33.9,39.0,0.0,4.3,1008.0,Normal
22.2,43.0,0.0,12.6,1026.0,Normal
15.7,93.0,26.4,8.5,1016.6,HeavyRain
24.3,65.0,0.0,28.8,1018.0,Normal
27.1,66.0,0.0,21.6,1011.0,Normal
24.8,61.0,0.05,3.6,1016.0,Normal
24.4,46.0,0.0,10.8,1015.0,Normal
25.2,44.0,0.0,23.8,1013.0,Normal
31.5,46.0,0.0,15.8,1010.0,Normal
28.2,30.0,0.0,4.7,1014.0,Normal
19.15,82.5,29.8,6.5,1005.6,HeavyRain
28.0,62.0,0.0,16.9,1011.0,Normal
29.450000000000003,35.5,26.4,23.0,1005.05,HeavyRain
30.4,36.0,0.0,10.4,1007.0,Normal
26.1,84.0,0.16,46.1,1010.0,Storm
26.4,84.0,0.06,37.1,1011.0,Storm
25.35,92.0,124.8,6.5,1008.75,HeavyRain
27.2,48.0,0.0,6.1,1010.0,Normal
29.1,66.0,0.0,34.9,1012.0,Storm
44.2,6.0,0.0,21.2,997.0,Heatwave
28.1,37.0,0.0,11.9,1015.0,Normal
21.0,45.0,0.0,8.6,1019.0,Normal
26.6,70.0,23.0,11.0,1010.05,HeavyRain
29.0,45.0,0.0,7.9,1019.0,Normal
29.1,66.0,0.0,32.0,1010.0,Storm
16.15,51.0,82.2,15.5,1025.1,HeavyRain
20.4,65.0,43.6,17.0,1007.9,HeavyRain
27.2,68.0,0.0,31.0,1009.0,Storm
17.6,82.5,70.8,12.0,1011.05,HeavyRain
30.3,75.0,0.0,30.6,1011.0,Storm
18.85,52.5,20.0,24.5,999.65,HeavyRain
25.3,54.0,0.0,19.1,1020.0,Normal
21.95,91.5,36.2,11.0,1013.7,HeavyRain
28.1,35.0,0.0,29.9,1014.0,Normal
20.3,83.0,0.0,38.2,1012.0,Storm
43.3,5.0,0.0,6.5,1006.0,Heatwave
25.0,51.0,0.0,4.7,1019.0,Normal
10.5,94.5,22.8,20.5,1001.3,HeavyRain
27.6,80.5,22.6,17.0,1005.85,HeavyRain
13.3,100.0,1.09,40.7,1003.0,Storm
28.75,72.5,20.0,12.0,1012.4,HeavyRain
-3.0,80.0,0.14,32.4,981.0,Storm
28.2,62.0,0.04,24.5,1015.0,Normal
22.85,72.5,32.0,26.0,1003.3,HeavyRain
21.0,43.0,0.0,31.3,1007.0,Storm
24.3,57.0,0.05,37.8,1010.0,Storm
17.1,72.0,0.0,42.8,1006.0,Storm
15.55,71.0,41.6,28.0,1019.55,HeavyRain
34.4,18.0,0.0,49.7,1009.0,Storm
26.3,60.0,0.0,17.3,1015.0,Normal
16.1,82.0,0.03,37.4,1005.0,Storm
26.8,69.0,0.02,38.5,1012.0,Storm
26.2,34.0,0.0,16.6,1018.0,Normal
29.3,84.0,0.0,35.6,1012.0,Storm
46.0,11.0,0.0,15.1,998.0,Heatwave
22.1,50.0,0.0,28.1,1005.0,Normal
19.15,72.0,51.8,27.5,1018.2,HeavyRain
11.1,43.0,0.06,34.2,1012.0,Storm
25.3,74.0,1.36,53.3,1012.0,Storm
41.5,25.0,0.0,13.7,997.0,Heatwave
33.1,53.0,0.0,12.2,1014.0,Normal
25.1,33.0,0.0,10.1,1020.0,Normal
26.1,70.0,0.0,19.1,1012.0,Normal
26.1,84.0,0.02,33.1,1012.0,Storm
3.2,93.0,0.34,31.0,1003.0,Storm
7.0,81.0,0.2,61.9,978.0,Storm
25.2,94.0,4.8,33.1,1010.0,Storm
27.4,63.0,0.0,21.6,1012.0,Normal
15.35,79.0,22.6,16.0,1013.35,HeavyRain
29.1,69.0,0.0,8.3,1010.0,Normal
14.2,63.0,0.0,40.7,1004.0,Storm
35.0,47.0,0.0,16.9,1000.0,Normal
14.1,82.0,0.0,30.6,1011.0,Storm
43.2,19.0,0.0,13.0,996.0,Heatwave
25.0,61.0,0.05,6.8,1018.0,Normal
34.3,53.0,0.0,7.9,1001.0,Normal
27.4,84.0,1.75,33.1,1005.0,Storm
41.1,10.0,0.0,38.5,999.0,Storm
20.1,40.0,0.13,23.8,1009.0,Normal
26.35,90.0,64.8,16.5,1003.65,HeavyRain
22.0,35.0,0.0,13.7,1022.0,Normal
41.0,27.0,0.0,8.3,997.0,Heatwave
28.0,58.0,0.0,31.0,1012.0,Normal
42.2,7.0,0.0,8.6,1009.0,Heatwave
14.3,72.0,0.0,32.4,1008.0,Storm
29.4,79.0,0.01,30.6,1007.0,Storm
8.0,61.0,0.0,33.8,1009.0,Storm
37.4,39.0,0.0,34.2,1004.0,Storm
39.0,9.0,0.0,38.2,1006.0,Storm
14.4,83.0,35.2,12.5,1017.15,HeavyRain
27.700000000000003,60.0,28.6,27.5,1010.1,HeavyRain
9.1,57.0,0.0,32.4,1009.0,Storm
25.6,60.0,0.94,17.6,1008.0,Normal
12.1,58.0,0.0,34.9,1010.0,Storm
9.6,87.0,28.6,9.0,1001.25,HeavyRain
25.65,95.5,122.8,32.5,1000.3,HeavyRain
26.5,72.5,49.8,22.0,1012.7,HeavyRain
45.3,26.0,0.0,17.6,1002.0,Heatwave
15.55,83.5,75.8,69.0,1021.95,HeavyRain
11.25,99.5,46.0,37.0,993.3,HeavyRain
30.4,66.0,0.0,24.5,1014.0,Normal
17.3,83.0,0.16,31.3,1009.0,Storm
21.5,72.5,23.6,7.5,1016.0,HeavyRain
45.3,10.0,0.0,15.5,1000.0,Heatwave
14.85,85.5,20.6,24.0,1026.35,HeavyRain
22.0,44.0,0.0,19.8,1011.0,Normal
25.9,73.0,0.06,38.5,1012.0,Storm
31.1,55.0,0.0,9.7,1013.0,Normal
24.700000000000003,88.0,21.6,17.5,1007.45,HeavyRain
21.0,53.0,0.0,16.9,1032.0,Normal
28.1,48.0,0.0,22.0,1014.0,Normal
17.35,93.5,21.4,10.0,1009.2,HeavyRain
22.25,52.5,21.8,22.5,1002.6,HeavyRain
28.5,14.0,0.0,31.3,1011.0,Storm
24.2,31.0,0.0,8.6,1023.0,Normal
27.0,74.0,0.08,30.6,1012.0,Storm
21.0,83.5,66.4,30.5,1004.0,HeavyRain
32.4,36.0,0.0,34.9,1008.0,Storm
-0.7,74.0,0.16,65.5,989.0,Storm
28.1,80.0,0.02,31.0,1011.0,Storm
29.5,13.0,0.0,40.3,998.0,Storm
10.2,94.0,0.0,37.4,1001.0,Storm
23.25,76.0,33.0,10.5,1003.25,HeavyRain
28.1,62.0,0.0,10.8,1008.0,Normal
26.85,78.0,41.8,20.0,1006.75,HeavyRain
33.2,32.0,0.0,7.6,1010.0,Normal
45.4,18.0,0.0,38.9,994.0,Heatwave
9.5,90.0,23.9,46.0,984.2,HeavyRain
-2.9,63.0,0.0,40.3,1003.0,Storm
26.2,89.0,1.33,38.5,1012.0,Storm
33.0,39.0,0.0,35.6,1005.0,Storm
21.2,62.0,0.01,7.2,1018.0,Normal
18.1,89.5,95.6,55.5,999.45,HeavyRain
14.65,78.0,50.4,22.0,1021.6,HeavyRain
9.1,74.0,21.2,37.0,1001.95,HeavyRain
30.4,70.0,0.0,35.3,1012.0,Storm
18.8,95.0,24.2,15.5,1013.7,HeavyRain
29.4,84.0,0.0,30.6,1006.0,Storm
43.0,6.0,0.0,6.8,1007.0,Heatwave
41.2,30.0,0.0,23.4,1004.0,Heatwave
1.1,86.0,0.0,36.0,1010.0,Storm
18.8,83.5,27.8,21.5,1009.15,HeavyRain
28.5,27.0,0.0,32.4,1011.0,Storm
12.3,68.5,20.0,16.5,1012.45,HeavyRain
42.9,15.0,0.0,7.2,1003.0,Heatwave
15.35,65.0,33.4,20.0,1007.6,HeavyRain
29.2,40.0,0.0,20.2,1013.0,Normal
32.1,32.0,0.0,20.2,1006.0,Normal
27.7,87.5,21.4,16.5,1003.9,HeavyRain
20.65,80.0,21.0,25.0,1019.6,HeavyRain
16.9,73.0,40.0,16.5,1015.7,HeavyRain
11.6,63.5,21.0,28.5,1012.1,HeavyRain
13.1,82.0,0.15,41.8,1009.0,Storm
15.4,60.5,20.2,24.0,1006.05,HeavyRain
17.8,83.5,27.4,21.0,1021.3,HeavyRain
12.3,87.0,43.2,21.5,1018.85,HeavyRain
26.1,70.0,0.1,38.5,1011.0,Storm
17.0,72.0,80.8,33.0,1018.25,HeavyRain
23.35,66.5,21.2,13.0,1011.1,HeavyRain
22.3,88.0,49.4,7.5,1014.1,HeavyRain
21.5,43.0,0.0,16.6,1010.0,Normal
25.9,94.5,88.6,29.5,1005.2,HeavyRain
18.1,62.0,26.6,29.5,1014.8,HeavyRain
15.05,89.0,20.0,16.0,1009.4,HeavyRain
27.1,51.0,0.0,8.6,1016.0,Normal
42.5,24.0,0.0,4.7,992.0,Heatwave
24.3,69.0,0.0,38.9,1011.0,Storm
16.6,65.0,30.2,10.0,1017.45,HeavyRain
16.25,76.0,31.6,13.0,1016.55,HeavyRain
8.2,52.0,21.2,23.0,1014.15,HeavyRain
24.2,68.0,0.01,8.3,1019.0,Normal
32.3,36.0,0.01,15.1,1006.0,Normal
11.2,100.0,21.0,3.0,1017.75,HeavyRain
25.1,51.0,0.0,10.8,1015.0,Normal
18.0,74.5,21.2,34.5,1022.25,HeavyRain
26.8,62.0,29.8,9.0,1015.65,HeavyRain
26.3,18.0,0.07,41.0,1008.0,Storm
21.1,53.0,0.0,16.2,1021.0,Normal
41.5,10.0,0.0,31.7,1002.0,Storm
42.0,30.0,0.0,23.0,1002.0,Heatwave
22.1,65.0,0.0,3.6,1018.0,Normal
20.2,43.0,0.0,6.5,1017.0,Normal
22.2,72.5,29.0,29.5,1013.35,HeavyRain
23.3,61.0,0.0,11.9,1019.0,Normal
13.5,78.5,20.8,6.5,1020.65,HeavyRain
15.75,60.0,26.2,6.5,1008.8,HeavyRain
38.3,31.0,0.0,35.6,997.0,Storm
22.1,57.0,0.0,14.4,1012.0,Normal
10.55,84.5,20.2,20.5,1010.75,HeavyRain
12.8,88.5,31.8,34.0,1009.55,HeavyRain
31.0,55.0,0.0,6.1,1015.0,Normal
38.8,19.0,0.0,31.0,1003.0,Storm
11.0,87.0,0.02,32.8,985.0,Storm
18.65,81.0,34.2,4.5,1016.0,HeavyRain
15.95,93.5,70.0,8.0,1023.85,HeavyRain
18.35,79.0,23.8,17.0,1030.6,HeavyRain
27.4,11.0,0.0,34.6,1011.0,Storm
29.6,43.0,0.0,11.9,1010.0,Normal
25.0,79.0,41.0,9.0,1015.4,HeavyRain
12.4,51.5,25.0,19.5,982.05,HeavyRain
4.3,79.0,0.2,34.6,1004.0,Storm
15.2,82.0,0.13,40.3,1008.0,Storm
44.2,26.0,0.0,16.9,994.0,Heatwave
9.2,81.0,0.03,43.2,1007.0,Storm
24.7,33.0,0.0,10.4,1014.0,Normal
11.25,79.0,22.0,28.5,1010.3,HeavyRain
24.6,56.0,0.0,5.0,1007.0,Normal
5.2,56.0,0.01,49.3,1006.0,Storm
29.4,67.0,0.0,17.6,1008.0,Normal
26.25,85.0,48.6,17.0,1011.35,HeavyRain
27.0,34.0,0.0,5.8,1016.0,Normal
42.1,13.0,0.0,13.0,997.0,Heatwave
19.35,52.5,32.6,17.0,1016.1,HeavyRain
25.3,34.0,0.0,25.2,1016.0,Normal
27.4,39.0,0.0,13.0,1012.0,Normal
15.5,80.5,38.2,37.0,1025.3,HeavyRain
27.8,45.0,0.08,4.7,1007.0,Normal
13.25,90.5,40.8,24.0,1013.45,HeavyRain
43.4,19.0,0.0,27.0,992.0,Heatwave
23.200000000000003,82.0,116.0,10.0,1002.95,HeavyRain
19.0,87.0,50.2,19.5,1013.65,HeavyRain
8.1,93.0,0.12,31.0,1003.0,Storm
32.4,63.0,0.0,32.8,1009.0,Storm
32.4,59.0,0.0,13.7,1010.0,Normal
20.1,68.0,0.0,15.8,1013.0,Normal
21.3,33.0,0.0,18.7,1017.0,Normal
14.1,55.0,0.18,51.5,1006.0,Storm
21.2,49.0,0.0,16.9,1014.0,Normal
23.35,97.0,40.2,21.5,1007.25,HeavyRain
13.75,77.5,20.2,23.0,1023.95,HeavyRain
45.7,11.0,0.0,9.0,996.0,Heatwave
21.35,82.0,20.0,30.5,1019.5,HeavyRain
40.8,13.0,0.0,6.5,1006.0,Heatwave
14.95,77.0,72.0,30.0,1012.8,HeavyRain
25.3,57.0,0.31,3.6,1017.0,Normal
13.2,77.0,0.02,51.8,1002.0,Storm
27.1,70.0,0.0,16.9,1017.0,Normal
28.8,79.0,0.4,32.0,1010.0,Storm
16.9,87.0,27.6,48.0,1003.1,HeavyRain
11.8,84.0,22.6,32.5,1004.4,HeavyRain
11.2,92.0,56.8,23.0,1027.65,HeavyRain
24.4,47.0,0.0,19.1,1020.0,Normal
41.0,25.0,0.0,3.6,1010.0,Heatwave
27.1,59.0,0.0,16.6,1012.0,Normal
43.2,25.0,0.0,13.3,1000.0,Heatwave
28.0,29.0,0.0,31.3,1003.0,Storm
27.5,69.0,0.37,11.2,1010.0,Normal
15.95,93.0,114.4,16.0,1010.95,HeavyRain
32.1,63.0,0.0,16.9,1004.0,Normal
29.6,66.0,0.01,4.0,1013.0,Normal
17.0,86.0,23.0,17.5,1017.05,HeavyRain
23.2,65.0,0.05,17.6,1015.0,Normal
28.4,62.0,0.0,13.7,1011.0,Normal
20.85,91.0,45.2,17.5,1015.25,HeavyRain
18.05,77.5,28.0,23.0,1008.55,HeavyRain
20.1,56.0,0.0,3.6,1015.0,Normal
17.6,87.0,26.0,23.5,1013.75,HeavyRain
31.2,62.0,1.09,12.2,1000.0,Normal
20.3,53.0,0.0,11.2,1023.0,Normal
41.0,8.0,0.0,14.8,1001.0,Heatwave
14.25,60.5,44.0,20.5,1005.85,HeavyRain
19.45,84.5,30.2,26.0,1021.7,HeavyRain
24.0,69.0,0.54,13.0,1016.0,Normal
14.1,67.0,0.0,32.8,1010.0,Storm
32.3,67.0,0.48,9.4,1007.0,Normal
27.1,58.0,0.25,19.4,1017.0,Normal
41.2,10.0,0.0,11.2,997.0,Heatwave
23.65,88.0,37.2,16.0,1009.35,HeavyRain
25.2,69.0,0.0,5.0,1012.0,Normal
32.3,46.0,0.21,35.3,998.0,Storm
24.1,62.0,0.0,11.2,1010.0,Normal
21.3,60.0,0.22,7.2,1014.0,Normal
22.1,31.0,0.0,16.9,1014.0,Normal
16.5,79.0,0.26,30.2,1008.0,Storm
23.0,29.0,3.64,32.8,1009.0,Storm
19.3,95.5,62.0,29.0,1004.0,HeavyRain
23.3,61.0,0.0,6.5,1013.0,Normal
26.2,70.0,0.16,13.7,1017.0,Normal
43.1,17.0,0.0,5.0,1000.0,Heatwave
26.1,54.0,0.12,6.8,1012.0,Normal
23.2,53.0,0.0,12.2,1014.0,Normal
15.1,93.0,30.0,32.5,1021.75,HeavyRain
23.0,85.0,43.8,8.5,1008.2,HeavyRain
43.3,8.0,0.0,19.4,1006.0,Heatwave
16.45,88.0,57.4,8.5,1024.3,HeavyRain
19.4,81.0,25.4,15.0,1014.85,HeavyRain
29.0,66.0,0.0,7.2,1010.0,Normal
17.6,65.5,43.0,21.0,1002.9,HeavyRain
17.85,84.0,21.0,15.5,1017.6,HeavyRain
37.0,26.0,0.0,30.6,1003.0,Storm
5.1,87.0,0.01,36.7,1008.0,Storm
31.2,66.0,0.2,9.4,1009.0,Normal
26.3,65.0,0.0,31.7,1011.0,Storm
8.45,86.0,27.6,11.0,1016.8,HeavyRain
22.2,63.0,0.0,14.8,1021.0,Normal
29.6,17.0,0.0,31.0,1012.0,Storm
40.0,17.0,0.0,9.0,1000.0,Heatwave
21.0,60.0,0.0,4.3,1016.0,Normal
9.95,87.0,27.4,19.5,1007.6,HeavyRain
28.8,71.5,84.0,12.0,1007.55,HeavyRain
25.0,65.0,0.0,34.2,1017.0,Normal
19.0,60.0,0.02,41.0,1010.0,Storm
24.55,82.5,31.0,14.0,1009.5,HeavyRain
42.1,13.0,0.0,36.7,997.0,Heatwave
26.3,44.0,0.0,3.6,1013.0,Normal
33.1,36.0,0.0,23.4,1002.0,Normal
15.3,87.5,22.4,28.5,1019.8,HeavyRain
16.1,72.0,33.6,13.0,1017.8,HeavyRain
26.05,85.5,102.0,16.5,1009.0,HeavyRain
25.0,54.0,0.0,34.9,1007.0,Storm
21.5,79.5,118.6,15.5,1015.85,HeavyRain
23.0,65.0,0.0,6.1,1011.0,Normal
12.55,92.0,28.4,10.0,1014.65,HeavyRain
28.1,81.0,0.23,33.1,1012.0,Storm
11.3,82.0,2.16,66.2,1002.0,Storm
22.2,53.0,0.0,18.4,1024.0,Normal
26.0,48.0,0.54,24.1,1007.0,Normal
4.1,65.0,1.17,61.2,967.0,Storm
18.65,44.5,51.6,10.0,1008.95,HeavyRain
20.15,62.5,23.6,6.5,1018.1,HeavyRain
34.3,39.0,0.0,33.1,1010.0,Storm
29.1,55.0,0.01,3.6,1012.0,Normal
26.9,80.0,23.8,28.0,1011.55,HeavyRain
23.0,79.0,23.6,29.5,1005.45,HeavyRain
29.2,70.0,0.04,34.9,1009.0,Storm
30.5,31.0,0.0,4.0,1009.0,Normal
34.3,63.0,0.0,9.0,994.0,Normal
31.6,57.0,0.0,31.3,1005.0,Storm
21.75,66.0,59.8,30.0,1021.7,HeavyRain
21.6,86.5,27.6,19.5,1014.15,HeavyRain
30.0,46.0,0.0,31.0,1009.0,Storm
27.5,80.0,0.15,38.2,1008.0,Storm
13.3,58.0,0.0,42.5,1010.0,Storm
18.4,100.0,0.0,30.2,1011.0,Storm
21.7,29.0,0.0,39.6,1008.0,Storm
25.9,77.5,28.2,18.5,1011.55,HeavyRain
18.35,85.5,32.6,17.0,1011.05,HeavyRain
16.3,88.0,0.0,50.0,1007.0,Storm
25.4,54.0,0.0,14.4,1005.0,Normal
43.1,27.0,0.0,9.7,1002.0,Heatwave
24.200000000000003,93.0,25.8,18.5,1010.6,HeavyRain
1.1,86.0,0.0,38.5,1006.0,Storm
22.75,71.0,24.4,10.0,1011.25,HeavyRain
29.3,61.0,0.0,30.2,1010.0,Storm
41.0,19.0,0.0,19.1,1003.0,Heatwave
17.200000000000003,61.0,21.4,12.0,1019.65,HeavyRain
28.0,89.0,0.01,30.2,1008.0,Storm
26.1,48.0,0.0,24.5,1008.0,Normal
42.1,29.0,0.0,31.0,994.0,Heatwave
22.4,91.5,26.6,17.5,1017.55,HeavyRain
24.05,94.0,33.8,27.5,1012.85,HeavyRain
33.3,44.0,0.0,9.4,1006.0,Normal
26.4,81.5,52.0,20.5,1008.95,HeavyRain
21.1,60.0,0.06,15.1,1015.0,Normal
24.2,57.0,0.0,11.5,1015.0,Normal
22.25,82.5,32.0,11.5,1008.65,HeavyRain
30.4,46.0,0.0,13.0,1009.0,Normal
31.3,59.0,0.0,11.2,1007.0,Normal
34.2,53.0,0.0,19.1,1008.0,Normal
26.2,61.0,0.0,4.3,1020.0,Normal
43.9,7.0,0.0,9.7,998.0,Heatwave
26.1,100.0,0.32,30.2,1004.0,Storm
42.1,27.0,0.0,11.9,1000.0,Heatwave
27.0,62.0,0.0,7.6,1016.0,Normal
32.0,43.0,0.0,31.3,1012.0,Storm
29.3,45.0,0.0,3.6,1016.0,Normal
24.2,65.0,0.0,27.4,1015.0,Normal
29.0,69.0,0.0,22.0,1011.0,Normal
27.3,66.0,0.0,11.2,1016.0,Normal
32.4,36.0,0.0,3.6,1018.0,Normal
43.2,7.0,0.0,11.2,1008.0,Heatwave
-5.6,86.0,0.39,30.6,1009.0,Storm
24.1,61.0,0.0,4.3,1020.0,Normal
27.2,35.0,0.15,5.0,1020.0,Normal
42.4,7.0,0.0,23.0,1002.0,Heatwave
14.55,80.5,24.0,16.5,1027.4,HeavyRain
21.1,60.0,0.0,22.3,1023.0,Normal
13.5,89.5,93.2,29.5,1022.7,HeavyRain
11.95,61.0,22.4,11.0,1027.9,HeavyRain
27.4,89.0,0.03,32.4,1012.0,Storm
34.6,53.0,0.0,11.5,997.0,Normal
28.3,69.0,0.0,19.4,1014.0,Normal
34.0,47.0,0.0,9.0,1015.0,Normal
22.9,91.0,57.4,18.5,1011.0,HeavyRain
21.85,78.5,22.8,11.0,1021.2,HeavyRain
14.35,75.0,20.6,19.5,998.1,HeavyRain
25.3,74.0,0.0,33.5,1011.0,Storm
27.1,79.0,0.0,36.0,1009.0,Storm
20.4,32.0,0.0,5.8,1026.0,Normal
25.950000000000003,83.0,145.0,25.0,998.25,HeavyRain
40.3,28.0,0.0,9.4,1000.0,Heatwave
1.2,80.0,0.1,32.4,977.0,Storm
22.4,78.0,0.0,30.6,1012.0,Storm
18.950000000000003,54.5,42.4,24.0,1016.0,HeavyRain
27.1,34.0,0.0,11.5,1009.0,Normal
25.75,94.5,115.8,23.5,1012.9,HeavyRain
26.2,37.0,0.0,6.1,1023.0,Normal
18.85,86.0,41.2,25.0,1014.45,HeavyRain
29.4,70.0,0.0,20.2,1009.0,Normal
25.3,93.0,25.4,18.5,1005.85,HeavyRain
46.0,6.0,0.0,16.9,1002.0,Heatwave
41.0,18.0,0.0,29.9,1007.0,Heatwave
40.4,19.0,0.0,20.2,1006.0,Heatwave
30.3,52.0,0.0,22.0,1012.0,Normal
16.1,72.0,0.0,31.0,1010.0,Storm
40.3,14.0,0.0,14.8,1011.0,Heatwave
7.399999999999999,77.5,27.4,43.5,1002.35,HeavyRain
22.75,68.5,27.8,15.0,1019.3,HeavyRain
22.5,87.0,142.8,9.5,1011.3,HeavyRain
28.7,77.0,3.4,32.0,1012.0,Storm
16.85,69.5,49.4,10.5,1021.8,HeavyRain
32.3,63.0,0.14,13.3,1005.0,Normal
29.5,61.0,0.07,19.4,1013.0,Normal
26.2,58.5,29.0,20.5,1012.65,HeavyRain
15.3,77.0,0.2,31.7,1011.0,Storm
5.2,70.0,0.0,39.6,1009.0,Storm
40.1,30.0,0.0,18.7,997.0,Heatwave
20.3,37.0,0.0,8.6,1014.0,Normal
26.1,94.0,1.17,57.2,1007.0,Storm
29.2,67.0,0.0,34.2,1012.0,Storm
10.05,71.0,21.0,6.5,1018.45,HeavyRain
25.1,65.0,0.0,11.9,1021.0,Normal
26.1,70.0,0.02,33.1,1016.0,Normal
29.4,55.0,0.0,11.2,1014.0,Normal
28.35,63.0,33.0,17.5,1009.2,HeavyRain
26.4,51.0,0.0,7.9,1016.0,Normal
28.4,48.0,0.0,24.1,1010.0,Normal
31.2,36.0,0.0,15.1,1014.0,Normal
23.5,89.0,39.8,35.0,1009.35,HeavyRain
17.55,62.5,31.2,30.5,1012.4,HeavyRain
31.2,33.0,0.0,5.8,1015.0,Normal
14.6,82.5,37.8,27.0,1007.15,HeavyRain
26.3,45.0,0.0,38.2,1017.0,Normal
25.5,73.0,48.4,16.0,1018.1,HeavyRain
4.2,93.0,0.0,31.0,1012.0,Storm
12.65,89.5,32.0,14.0,1028.75,HeavyRain
25.1,44.0,0.0,11.2,1009.0,Normal
29.9,35.0,0.0,19.4,999.0,Normal
41.3,30.0,0.0,3.6,1001.0,Heatwave
28.2,68.0,0.0,21.2,1015.0,Normal
14.75,86.5,26.2,9.0,1023.05,HeavyRain
28.0,70.0,0.14,32.0,1012.0,Storm
41.2,5.0,0.0,14.4,1007.0,Heatwave
12.15,83.5,54.6,20.5,1019.9,HeavyRain
28.0,79.0,0.77,32.0,1004.0,Storm
34.3,53.0,0.41,3.6,1010.0,Normal
6.2,81.0,0.0,39.2,1006.0,Storm
41.0,27.0,0.0,3.6,1006.0,Heatwave
15.8,64.5,37.4,28.5,1007.65,HeavyRain
10.75,91.5,56.2,13.0,1027.6,HeavyRain
24.1,65.0,0.0,5.4,1018.0,Normal
23.1,65.0,0.0,9.7,1023.0,Normal
13.05,89.5,29.8,12.5,1027.05,HeavyRain
25.4,53.0,0.0,16.6,1014.0,Normal
9.85,86.0,20.6,12.0,997.4,HeavyRain
47.8,5.0,0.0,32.4,1000.0,Storm
42.1,15.0,0.0,13.7,1001.0,Heatwave
29.2,33.0,0.0,31.3,1010.0,Storm
17.549999999999997,85.5,43.8,50.0,1017.5,HeavyRain
26.3,70.0,0.02,3.6,1014.0,Normal
9.5,82.5,25.0,10.5,997.85,HeavyRain
24.1,69.0,0.14,3.6,1020.0,Normal
23.3,51.0,0.0,15.8,1012.0,Normal
23.4,94.0,3.02,31.0,1011.0,Storm
28.0,81.0,0.66,30.2,1008.0,Storm
35.2,20.0,0.0,32.8,1007.0,Storm
15.95,84.5,30.0,20.5,1016.45,HeavyRain
43.0,12.0,0.0,19.8,1004.0,Heatwave
19.6,89.0,27.8,34.5,1013.7,HeavyRain
15.35,78.0,37.0,21.5,1008.65,HeavyRain
26.3,94.0,0.27,43.9,1000.0,Storm
32.4,43.0,0.0,36.0,1010.0,Storm
29.2,45.0,0.0,7.2,1015.0,Normal
44.4,9.0,0.0,33.5,998.0,Heatwave
30.0,40.0,0.0,10.4,1008.0,Normal
24.1,57.0,0.0,9.4,1018.0,Normal
27.85,75.5,43.4,14.5,1007.5,HeavyRain
21.1,73.0,40.0,14.0,1019.85,HeavyRain
22.0,57.0,0.0,3.6,1025.0,Normal
13.4,95.0,31.6,15.0,1023.45,HeavyRain
31.1,16.0,0.0,38.2,1011.0,Storm
26.35,85.0,25.6,11.0,1008.45,HeavyRain
41.1,27.0,0.0,6.5,1000.0,Heatwave
20.45,94.5,75.0,17.5,1008.65,HeavyRain
20.2,71.0,28.0,19.5,1010.3,HeavyRain
22.2,69.0,0.0,13.7,1021.0,Normal
27.6,55.0,0.0,23.8,1015.0,Normal
28.0,45.0,0.0,3.6,1016.0,Normal
25.0,47.0,0.13,15.1,1011.0,Normal
41.0,5.0,0.0,14.0,1006.0,Heatwave
6.1,81.0,0.08,43.9,964.0,Storm
20.4,78.0,0.0,30.2,1010.0,Storm
19.55,77.5,27.2,19.0,1005.95,HeavyRain
27.3,33.0,0.0,14.0,1014.0,Normal
31.2,55.0,0.0,20.2,1012.0,Normal
15.45,89.5,27.4,20.5,1014.35,HeavyRain
15.4,82.0,2.07,32.4,1003.0,Storm
28.6,82.0,1.6,37.1,1008.0,Storm
23.4,69.0,0.02,9.4,1018.0,Normal
28.3,79.0,0.05,33.5,1012.0,Storm
17.65,78.5,30.8,44.5,1025.85,HeavyRain
8.65,64.0,22.2,31.5,1006.7,HeavyRain
7.9,75.5,22.4,14.0,1010.25,HeavyRain
21.1,69.0,0.0,20.9,1026.0,Normal
41.2,17.0,0.0,14.4,1001.0,Heatwave
16.75,51.5,147.8,38.5,1020.25,HeavyRain
13.45,62.0,20.6,19.5,1022.5,HeavyRain
14.45,79.0,31.0,43.5,1014.35,HeavyRain
21.85,81.0,29.2,25.0,1017.25,HeavyRain
23.1,50.0,0.0,21.6,1015.0,Normal
30.3,66.0,0.03,12.2,1008.0,Normal
22.4,50.0,0.0,6.5,1019.0,Normal
4.4,93.0,0.2,49.3,982.0,Storm
20.75,64.5,182.6,6.5,1011.5,HeavyRain
26.2,89.0,0.34,38.5,1009.0,Storm
10.4,53.0,27.4,27.0,1008.4,HeavyRain
40.7,22.0,0.0,5.4,1007.0,Heatwave
33.1,53.0,0.08,10.8,1005.0,Normal
16.7,72.5,31.4,7.5,1006.9,HeavyRain
26.4,94.0,0.64,31.3,1011.0,Storm
32.2,34.0,0.0,3.6,1018.0,Normal
25.2,47.0,0.0,31.0,1003.0,Storm
30.1,66.0,0.24,13.3,1009.0,Normal
11.75,71.0,24.6,23.5,1024.65,HeavyRain
29.3,70.0,0.0,33.1,1012.0,Storm
27.9,67.0,0.96,28.8,1012.0,Normal
41.7,8.0,0.0,33.1,1005.0,Heatwave
28.0,78.5,32.0,16.0,1008.0,HeavyRain
24.2,39.0,0.0,11.5,1016.0,Normal
28.2,84.0,0.26,32.8,1004.0,Storm
29.1,66.0,0.07,32.4,1003.0,Storm
27.3,89.0,0.54,34.2,1006.0,Storm
44.2,8.0,0.0,33.5,995.0,Heatwave
24.0,44.0,0.0,7.6,1020.0,Normal
26.4,51.0,0.0,24.1,1017.0,Normal
9.2,92.0,1.21,34.2,985.0,Storm
29.2,75.0,0.11,30.2,1009.0,Storm
25.0,69.0,0.67,23.8,1004.0,Normal
28.3,79.0,0.0,33.1,1010.0,Storm
30.3,59.0,0.0,3.6,1017.0,Normal
26.1,34.0,0.0,14.0,1010.0,Normal
17.7,42.0,22.2,23.0,1007.7,HeavyRain
21.0,65.0,0.0,4.0,1015.0,Normal
29.3,70.0,0.0,15.1,1015.0,Normal
27.6,63.0,0.0,18.7,1013.0,Normal
30.2,70.0,0.0,30.6,1012.0,Storm
27.2,37.0,0.0,17.3,1018.0,Normal
34.5,33.0,0.0,19.8,1010.0,Normal
32.1,59.0,0.87,15.1,1008.0,Normal
27.8,77.5,175.2,22.5,1004.9,HeavyRain
20.3,81.5,73.6,19.5,1003.45,HeavyRain
21.2,44.0,0.0,24.1,1012.0,Normal
20.0,56.0,0.0,13.3,1012.0,Normal
12.0,79.0,55.0,28.0,1013.05,HeavyRain
22.6,90.5,77.4,17.0,1021.2,HeavyRain
45.1,13.0,0.0,4.0,999.0,Heatwave
3.1,70.0,0.07,49.3,995.0,Storm
23.4,55.0,25.0,18.5,1013.2,HeavyRain
25.8,52.0,0.01,15.8,1017.0,Normal
15.5,79.5,23.6,13.0,996.95,HeavyRain
21.0,77.5,32.4,18.5,1019.75,HeavyRain
17.25,88.5,23.4,26.0,1025.15,HeavyRain
17.4,39.5,22.2,19.5,1016.3,HeavyRain
10.0,82.0,0.24,37.1,1002.0,Storm
30.4,74.0,0.08,30.6,999.0,Storm
14.55,90.5,40.8,26.5,1009.45,HeavyRain
30.1,70.0,0.0,16.9,1010.0,Normal
45.1,9.0,0.0,32.8,1000.0,Storm
25.2,61.0,0.0,11.9,1009.0,Normal
24.1,89.0,0.72,35.3,1010.0,Storm
24.4,75.0,0.0,31.0,1011.0,Storm
27.35,82.5,72.2,24.0,1003.5,HeavyRain
23.5,79.0,136.6,25.5,1015.7,HeavyRain
14.1,66.5,34.6,18.0,1019.8,HeavyRain
32.9,50.0,0.0,3.6,1006.0,Normal
35.0,51.0,0.0,7.6,1003.0,Normal
27.25,76.5,41.6,14.5,1009.5,HeavyRain
17.15,82.0,31.2,28.0,1002.5,HeavyRain
22.3,55.0,0.0,16.9,1017.0,Normal
29.2,33.0,0.0,5.0,1021.0,Normal
28.5,75.0,0.0,33.1,1011.0,Storm
11.2,66.0,0.07,31.7,1009.0,Storm
26.8,83.0,33.4,13.0,1009.35,HeavyRain
27.3,51.0,3.24,33.1,1012.0,Normal
21.25,56.5,29.4,28.0,1014.45,HeavyRain
43.2,6.0,0.0,13.3,1000.0,Heatwave
17.1,63.5,21.2,20.5,1017.3,HeavyRain
20.8,36.0,0.0,18.4,1013.0,Normal
32.1,38.0,0.0,6.8,1010.0,Normal
27.8,39.0,0.0,32.0,1010.0,Storm
26.1,58.0,0.18,6.5,1018.0,Normal
21.3,56.0,0.0,21.6,1011.0,Normal
10.8,79.0,30.2,39.0,996.25,HeavyRain
13.2,86.5,26.2,11.0,1014.05,HeavyRain
15.1,77.0,0.0,30.2,1009.0,Storm
22.65,65.0,20.2,13.0,1015.4,HeavyRain
22.35,73.5,22.6,14.5,1022.9,HeavyRain
11.0,94.0,0.03,35.3,1008.0,Storm
20.2,68.0,0.0,27.0,1015.0,Normal
29.8,61.5,35.4,6.5,1007.35,HeavyRain
28.0,17.0,0.0,34.9,1009.0,Storm
42.0,11.0,0.0,43.6,998.0,Heatwave
10.2,76.0,0.15,33.1,989.0,Storm
25.0,61.0,0.11,4.0,1023.0,Normal
33.1,49.0,0.0,13.3,1008.0,Normal
21.2,56.0,0.0,3.6,1022.0,Normal
27.1,39.0,0.0,11.2,1017.0,Normal
41.1,11.0,0.0,15.1,1010.0,Heatwave
12.15,78.0,27.0,34.5,1019.65,HeavyRain
22.2,57.0,0.0,23.0,1018.0,Normal
24.1,100.0,0.0,31.7,1012.0,Storm
12.2,94.0,2.04,45.4,1001.0,Storm
28.2,55.0,0.0,16.2,1017.0,Normal
28.5,72.0,34.0,14.0,1008.8,HeavyRain
20.6,36.0,0.0,7.6,1021.0,Normal
17.55,91.5,51.8,26.0,1018.05,HeavyRain
21.1,46.0,0.0,15.5,1012.0,Normal
43.1,16.0,0.0,11.2,997.0,Heatwave
23.0,30.0,0.0,3.6,1019.0,Normal
20.450000000000003,79.5,23.6,11.0,1015.35,HeavyRain
15.75,62.0,27.6,28.0,1009.6,HeavyRain
42.3,5.0,0.0,15.1,1007.0,Heatwave
29.1,58.0,0.01,24.8,1008.0,Normal
20.3,53.0,0.0,15.8,1025.0,Normal
20.65,87.0,56.0,7.5,1017.95,HeavyRain
29.3,79.0,0.1,30.2,1004.0,Storm
13.4,76.0,47.0,15.0,1031.65,HeavyRain
26.2,96.0,30.0,24.0,997.4,HeavyRain
24.4,63.0,0.0,5.8,1010.0,Normal
27.6,74.5,54.2,23.5,1011.25,HeavyRain
42.0,18.0,0.0,26.6,998.0,Heatwave
-18.7,45.0,0.03,30.6,1012.0,Storm
9.45,69.0,24.8,21.5,1025.65,HeavyRain
20.3,66.5,42.2,9.0,1014.3,HeavyRain
1.4,80.0,0.0,47.2,976.0,Storm
9.85,79.0,22.0,13.0,1017.9,HeavyRain
14.0,94.0,3.16,45.0,995.0,Storm
24.8,74.5,32.4,22.5,1014.4,HeavyRain
26.5,60.5,56.4,23.5,1012.3,HeavyRain
4.2,93.0,0.46,32.4,1007.0,Storm
24.3,54.0,0.0,3.6,1012.0,Normal
26.85,51.0,40.2,16.5,1013.05,HeavyRain
6.2,28.0,0.0,31.7,1010.0,Storm
44.2,5.0,0.0,6.8,1006.0,Heatwave
4.2,60.0,0.0,39.2,1009.0,Storm
28.0,78.0,0.28,31.0,1012.0,Storm
28.3,78.0,1.05,34.9,1011.0,Storm
20.95,68.0,42.0,14.0,1004.85,HeavyRain
26.1,37.0,0.0,22.0,1014.0,Normal
18.4,69.5,33.8,21.5,1027.35,HeavyRain
26.0,74.0,0.0,30.6,1010.0,Storm
7.3,81.0,0.3,39.2,990.0,Storm
27.0,70.0,0.02,15.5,1005.0,Normal
9.1,87.0,0.4,34.9,995.0,Storm
24.1,61.0,0.0,6.5,1020.0,Normal
19.5,94.5,134.8,23.5,1012.15,HeavyRain
27.4,54.0,0.0,21.2,1010.0,Normal
42.6,12.0,0.0,27.7,999.0,Heatwave
16.7,89.5,42.6,21.0,1005.75,HeavyRain
27.95,68.0,55.8,16.5,1007.95,HeavyRain
26.2,77.0,0.0,31.7,1011.0,Storm
28.2,74.0,0.03,37.1,1011.0,Storm
25.0,57.0,0.0,36.0,1015.0,Normal
40.0,16.0,0.0,6.8,1001.0,Heatwave
26.0,65.0,0.0,6.8,1015.0,Normal
24.35,96.0,89.2,7.5,1005.5,HeavyRain
31.0,36.0,0.0,10.1,1008.0,Normal
22.3,65.0,0.0,3.6,1014.0,Normal
24.0,85.5,158.0,17.0,1015.05,HeavyRain
31.4,59.0,0.0,6.8,1007.0,Normal
31.3,63.0,0.0,9.7,1010.0,Normal
8.5,71.0,0.0,30.6,1002.0,Storm
21.15,87.0,65.8,30.5,1021.3,HeavyRain
17.3,100.0,84.2,4.5,1003.75,HeavyRain
28.2,84.0,0.0,32.8,1007.0,Storm
34.2,15.0,0.0,30.2,1012.0,Storm
18.25,74.5,25.2,23.0,1008.5,HeavyRain
16.2,77.0,0.14,33.1,1008.0,Storm
21.8,61.0,0.23,10.1,1017.0,Normal
43.3,6.0,0.0,6.1,1006.0,Heatwave
13.0,90.0,62.2,26.0,1013.95,HeavyRain
34.1,56.0,0.0,19.8,1003.0,Normal
27.4,82.5,68.8,15.0,1011.4,HeavyRain
22.3,38.0,0.0,11.2,1024.0,Normal
43.3,5.0,0.0,33.1,998.0,Heatwave
17.75,67.5,37.2,24.0,1006.2,HeavyRain
27.0,50.5,68.2,15.0,999.35,HeavyRain
28.2,84.0,0.48,43.9,1005.0,Storm
4.3,38.0,0.24,34.9,982.0,Storm
11.1,91.0,25.6,17.0,1005.45,HeavyRain
30.3,52.0,0.0,6.8,1016.0,Normal
22.45,91.0,34.3,7.0,1017.45,HeavyRain
28.0,62.0,0.0,23.8,1010.0,Normal
28.45,79.5,25.2,21.5,1005.15,HeavyRain
24.1,89.0,0.26,31.3,1012.0,Storm
20.3,78.0,0.01,53.3,1005.0,Storm
28.0,72.5,28.8,13.0,1004.85,HeavyRain
9.9,86.0,24.0,29.0,1018.15,HeavyRain
30.3,70.0,0.26,23.8,1012.0,Normal
14.0,77.0,29.6,8.0,1002.3,HeavyRain
15.4,59.5,40.4,14.0,1010.75,HeavyRain
22.65,74.5,22.6,31.0,1016.15,HeavyRain
30.2,59.0,0.0,37.1,1009.0,Storm
15.1,88.0,0.0,33.1,1001.0,Storm
26.8,22.0,0.0,32.4,1012.0,Storm
32.1,52.0,0.09,31.0,1012.0,Storm
44.2,11.0,0.0,16.6,1002.0,Heatwave
11.85,88.0,21.4,32.5,998.15,HeavyRain
25.4,65.0,0.0,5.8,1018.0,Normal
20.6,72.0,48.4,16.0,1006.85,HeavyRain
24.3,94.0,0.05,33.5,1010.0,Storm
29.0,79.0,0.11,35.3,1003.0,Storm
6.1,81.0,0.0,34.6,1005.0,Storm
27.1,90.5,58.2,14.0,1006.25,HeavyRain
30.1,59.0,0.02,22.7,1012.0,Normal
28.1,74.0,0.0,33.5,1009.0,Storm
31.4,59.0,0.39,10.4,1013.0,Normal
21.6,71.0,34.8,22.5,1012.3,HeavyRain
24.1,76.5,23.2,23.5,1002.85,HeavyRain
14.5,60.0,28.2,14.0,1019.55,HeavyRain
27.0,74.0,0.0,31.7,1007.0,Storm
25.1,75.0,20.0,22.5,1007.55,HeavyRain
15.7,75.0,1.35,30.2,1012.0,Storm
28.3,66.0,0.01,31.7,1013.0,Normal
32.1,34.0,0.0,19.4,1016.0,Normal
18.0,84.5,21.0,10.0,1014.5,HeavyRain
27.1,58.0,0.21,5.8,1015.0,Normal
32.2,63.0,0.0,20.5,1010.0,Normal
28.2,50.0,0.0,4.3,1012.0,Normal
25.1,41.0,0.01,16.9,1021.0,Normal
40.6,13.0,0.0,12.6,1006.0,Heatwave
26.2,89.0,0.04,38.5,1011.0,Storm
42.1,25.0,0.0,6.5,1003.0,Heatwave
26.2,48.0,0.0,16.9,1021.0,Normal
27.1,48.0,0.0,3.6,1018.0,Normal
31.1,66.0,0.06,10.8,1006.0,Normal
23.15,87.0,73.8,28.0,1002.6,HeavyRain
40.0,15.0,0.0,11.2,1003.0,Heatwave
14.1,75.0,31.0,19.5,1003.35,HeavyRain
15.7,76.5,22.4,10.0,1014.45,HeavyRain
15.2,77.0,0.4,46.8,1012.0,Storm
27.1,84.0,0.01,31.3,1012.0,Storm
22.5,53.0,0.0,9.0,1016.0,Normal
40.2,17.0,0.0,11.2,1006.0,Heatwave
20.7,99.0,36.6,20.5,1020.35,HeavyRain
41.3,11.0,0.0,29.2,998.0,Heatwave
32.1,38.0,0.0,38.9,1008.0,Storm
28.7,70.0,0.0,29.2,1013.0,Normal
25.35,73.5,29.2,32.0,1014.15,HeavyRain
18.85,66.5,20.2,9.0,1016.3,HeavyRain
12.3,77.0,0.05,47.9,1009.0,Storm
19.5,100.0,39.2,25.5,1012.9,HeavyRain
28.2,66.0,0.0,28.8,1014.0,Normal
43.2,8.0,0.0,15.1,1006.0,Heatwave
26.3,32.0,0.0,8.6,1024.0,Normal
10.2,73.5,41.6,18.0,1013.8,HeavyRain
33.4,47.0,0.0,30.2,1005.0,Storm
13.35,85.0,22.4,19.5,1013.45,HeavyRain
32.2,59.0,0.0,20.2,1013.0,Normal
17.85,86.5,42.4,24.0,1017.7,HeavyRain
10.6,71.0,24.8,28.5,1002.2,HeavyRain
6.1,87.0,0.93,38.5,983.0,Storm
28.4,66.0,0.01,10.8,1009.0,Normal
7.7,45.0,0.0,41.8,1011.0,Storm
15.9,77.0,29.8,26.5,1013.15,HeavyRain
18.85,78.5,52.6,27.0,1017.65,HeavyRain
11.1,96.5,22.4,11.0,1005.45,HeavyRain
21.0,82.0,24.6,28.0,1010.4,HeavyRain
42.8,13.0,0.0,9.0,1006.0,Heatwave
27.4,87.0,247.2,22.5,1012.8,HeavyRain
28.1,89.0,0.19,31.3,1007.0,Storm
16.2,93.0,72.8,36.0,1011.75,HeavyRain
8.25,90.0,25.4,21.0,1005.95,HeavyRain
34.3,53.0,0.0,5.4,1014.0,Normal
11.7,87.0,37.8,22.0,984.35,HeavyRain
24.8,75.0,121.4,10.0,1012.9,HeavyRain
26.1,91.5,36.6,11.0,1004.6,HeavyRain
32.7,7.0,0.0,34.9,1010.0,Storm
27.950000000000003,79.0,126.0,13.0,1008.65,HeavyRain
12.25,65.0,35.4,29.0,1020.25,HeavyRain
27.6,82.0,0.0,34.9,1011.0,Storm
10.3,71.0,0.08,44.6,1008.0,Storm
22.4,96.0,28.0,13.0,1015.55,HeavyRain
14.2,55.0,0.0,38.2,1003.0,Storm
17.75,76.0,22.6,5.5,1027.0500000000002,HeavyRain
20.9,79.5,49.4,22.5,1016.05,HeavyRain
13.4,56.0,20.0,20.0,1011.6,HeavyRain
30.1,49.0,0.0,15.1,1013.0,Normal
33.1,30.0,0.0,16.2,1014.0,Normal
23.55,73.5,36.4,25.0,1011.15,HeavyRain
28.1,88.0,21.4,15.0,1002.05,HeavyRain
12.75,57.5,28.2,23.5,1016.5,HeavyRain
20.2,73.0,0.0,34.2,1011.0,Storm
42.6,8.0,0.0,14.8,999.0,Heatwave
22.4,92.0,60.6,14.0,1009.35,HeavyRain
26.2,18.0,0.0,35.3,1012.0,Storm
28.3,79.0,0.01,33.1,1011.0,Storm
33.3,34.0,2.72,32.4,1003.0,Storm
20.8,50.0,0.0,5.0,1012.0,Normal
45.9,4.0,0.0,9.0,1002.0,Heatwave
26.4,51.0,0.0,19.1,1011.0,Normal
17.1,72.0,0.27,39.6,1011.0,Storm
21.4,57.0,0.0,14.8,1013.0,Normal
31.3,38.0,0.0,6.5,1022.0,Normal
27.45,74.0,25.2,27.0,1005.7,HeavyRain
27.1,84.0,7.58,30.2,1006.0,Storm
14.15,79.0,30.0,17.0,1012.8,HeavyRain
27.9,38.0,0.0,30.2,1012.0,Storm
41.4,13.0,0.0,30.2,1004.0,Heatwave
9.55,79.5,27.2,16.5,1014.0,HeavyRain
31.4,31.0,0.0,22.7,1011.0,Normal
24.1,93.0,60.2,4.5,1001.2,HeavyRain
8.2,100.0,1.0,43.9,978.0,Storm
16.25,76.0,127.6,27.0,1009.6,HeavyRain
42.0,9.0,0.0,16.9,1000.0,Heatwave
28.3,79.0,0.03,31.3,1009.0,Storm
14.2,88.0,51.0,10.0,1024.6,HeavyRain
45.4,22.0,0.0,15.8,996.0,Heatwave
9.2,81.0,0.26,30.6,1001.0,Storm
28.0,77.0,0.63,33.1,1010.0,Storm
9.9,61.5,33.4,11.5,1017.25,HeavyRain
24.8,15.0,0.0,32.0,1006.0,Storm
25.0,57.0,0.0,46.8,1012.0,Storm
41.0,10.0,0.0,6.8,998.0,Heatwave
8.0,87.0,0.81,34.6,985.0,Storm
32.0,63.0,0.0,10.4,1010.0,Normal
16.9,64.0,29.0,13.0,1017.55,HeavyRain
28.1,82.0,0.0,37.8,1010.0,Storm
25.4,97.0,50.6,7.5,1006.5,HeavyRain
15.2,88.0,0.43,31.7,999.0,Storm
20.0,64.0,0.0,6.5,1029.0,Normal
40.1,30.0,0.0,16.9,1008.0,Heatwave
25.9,78.0,0.02,30.2,1011.0,Storm
43.1,11.0,0.0,20.2,1008.0,Heatwave
42.4,6.0,0.0,32.8,999.0,Storm
20.5,86.0,36.0,43.5,1001.2,HeavyRain
24.2,36.0,0.04,5.0,1018.0,Normal
8.3,71.0,0.18,41.8,1004.0,Storm
11.4,85.5,22.6,14.0,1017.8,HeavyRain
27.1,83.0,1.1,38.9,1010.0,Storm
25.4,31.0,0.0,15.8,1014.0,Normal
30.2,43.0,0.0,33.1,1011.0,Storm
21.7,54.5,26.8,10.0,1017.5,HeavyRain
16.35,90.0,156.0,66.5,1012.95,HeavyRain
27.2,79.0,0.19,32.4,1012.0,Storm
25.0,39.0,0.0,18.4,1023.0,Normal
27.2,69.0,0.0,17.6,1010.0,Normal
41.4,13.0,0.0,30.2,1004.0,Storm
34.1,32.0,0.0,11.2,1010.0,Normal
13.9,71.5,27.0,13.0,1012.95,HeavyRain
46.4,10.0,0.0,6.8,1003.0,Heatwave
14.9,61.0,50.6,15.5,1015.1,HeavyRain
32.9,40.0,0.0,26.6,1011.0,Normal
10.1,92.5,22.2,15.0,1002.45,HeavyRain
16.35,80.5,36.2,22.0,1027.75,HeavyRain
28.6,80.0,77.8,17.5,1007.5,HeavyRain
41.1,13.0,0.0,9.7,994.0,Heatwave
19.7,56.5,23.4,29.0,1028.25,HeavyRain
7.2,76.0,0.01,56.2,996.0,Storm
19.55,86.0,22.4,17.5,1013.95,HeavyRain
21.1,64.0,0.0,10.4,1012.0,Normal
30.1,79.0,0.0,33.8,1010.0,Storm
26.7,86.0,39.6,21.5,1005.05,HeavyRain
22.0,44.0,0.0,12.2,1018.0,Normal
25.2,57.0,0.0,21.2,1015.0,Normal
11.3,82.5,20.2,30.5,1007.8,HeavyRain
44.9,8.0,0.0,3.6,996.0,Heatwave
29.2,72.5,28.6,14.5,1008.2,HeavyRain
22.65,76.5,52.2,11.0,1009.65,HeavyRain
32.1,12.0,0.0,35.6,1002.0,Storm
43.2,12.0,0.0,19.4,1005.0,Heatwave
25.2,59.0,0.0,9.4,1013.0,Normal
34.7,12.0,0.0,31.7,1006.0,Storm
3.2,81.0,0.0,31.3,989.0,Storm
26.3,94.0,0.04,31.3,1006.0,Storm
28.0,62.0,0.06,15.1,1013.0,Normal
29.0,81.0,0.0,32.8,1008.0,Storm
29.1,70.0,0.0,30.2,1006.0,Storm
31.3,19.0,0.0,34.6,1007.0,Storm
28.1,66.0,0.0,3.6,1020.0,Normal
29.3,48.0,0.0,7.2,1010.0,Normal
42.0,12.0,0.0,9.0,1004.0,Heatwave
41.6,11.0,0.0,3.6,1003.0,Heatwave
28.7,13.0,0.0,32.0,1012.0,Storm
19.1,82.5,33.0,18.5,1021.9,HeavyRain
30.1,62.0,0.08,14.4,1008.0,Normal
27.2,79.0,0.0,36.7,1012.0,Storm
29.3,70.0,0.08,3.6,1007.0,Normal
29.9,42.0,0.0,7.9,1014.0,Normal
40.4,20.0,0.0,28.1,1001.0,Heatwave
45.0,4.0,0.0,6.8,1002.0,Heatwave
18.05,89.5,26.6,18.0,1014.35,HeavyRain
29.6,52.0,0.0,32.0,1011.0,Storm
20.3,43.0,0.0,6.8,1015.0,Normal
34.3,53.0,0.0,13.0,1001.0,Normal
11.55,97.5,25.2,6.0,1017.75,HeavyRain
29.1,70.0,0.0,31.7,1012.0,Storm
28.3,48.0,0.0,20.2,1007.0,Normal
26.3,89.0,0.61,37.1,1010.0,Storm
15.15,98.5,24.4,7.5,1019.2,HeavyRain
32.3,28.0,0.0,37.1,1012.0,Storm
18.2,56.0,0.01,41.8,995.0,Storm
11.1,26.0,0.0,51.1,1005.0,Storm
11.55,75.0,24.4,12.0,1014.55,HeavyRain
28.3,79.0,0.0,35.3,1007.0,Storm
43.9,5.0,0.0,22.3,999.0,Heatwave
33.4,63.0,0.03,3.6,1007.0,Normal
21.9,92.0,35.2,19.5,1022.6,HeavyRain
43.0,6.0,0.0,11.2,1004.0,Heatwave
15.3,88.0,0.02,30.6,1009.0,Storm
22.3,94.5,30.2,9.0,1008.75,HeavyRain
21.7,85.0,34.8,22.0,1012.05,HeavyRain
27.2,83.0,0.02,32.8,1012.0,Storm
21.5,54.0,0.01,12.6,1018.0,Normal
-0.7,80.0,0.0,36.4,1008.0,Storm
11.25,83.0,32.6,34.5,1007.95,HeavyRain
23.4,39.0,0.08,3.6,1011.0,Normal
23.3,68.0,0.0,3.6,1011.0,Normal
12.2,94.0,2.44,32.4,1001.0,Storm
35.0,32.0,0.0,25.9,1001.0,Normal
32.0,41.0,0.0,40.3,1009.0,Storm
18.05,86.5,22.6,12.0,1020.1,HeavyRain
12.5,77.0,26.2,14.0,1014.6,HeavyRain
28.0,84.0,0.02,31.0,1008.0,Storm
32.9,62.0,0.0,4.3,998.0,Normal
17.25,85.0,33.0,8.0,1015.8,HeavyRain
10.2,87.0,0.05,31.3,1001.0,Storm
18.0,83.5,27.6,16.5,1017.6,HeavyRain
43.1,9.0,0.0,21.2,1002.0,Heatwave
30.3,52.0,0.0,8.3,1016.0,Normal
0.4,100.0,0.99,37.8,1006.0,Storm
29.3,75.0,0.01,38.9,1010.0,Storm
29.2,48.0,0.0,3.6,1013.0,Normal
3.2,75.0,0.0,31.7,1010.0,Storm
28.85,63.5,20.4,16.5,1008.05,HeavyRain
28.0,48.0,0.0,16.2,1008.0,Normal
41.0,9.0,0.0,11.9,1006.0,Heatwave
13.2,88.0,0.0,56.2,1006.0,Storm
4.3,93.0,0.01,63.7,977.0,Storm
14.25,60.0,21.6,15.0,1015.25,HeavyRain
15.45,84.5,28.6,13.0,1031.5,HeavyRain
21.2,43.0,0.0,6.5,1023.0,Normal
43.1,12.0,0.0,13.0,1003.0,Heatwave
20.0,73.0,0.0,35.3,1012.0,Storm
30.2,49.0,0.0,16.9,1010.0,Normal
29.1,45.0,0.0,11.5,1014.0,Normal
30.1,38.0,0.0,13.3,1016.0,Normal
29.7,51.0,0.0,14.4,1013.0,Normal
14.2,82.5,38.2,16.0,1014.75,HeavyRain
32.2,12.0,0.0,33.1,1001.0,Storm
19.3,94.0,0.1,40.3,1002.0,Storm
23.3,57.0,0.0,18.4,1012.0,Normal
22.3,83.0,0.0,33.8,1012.0,Storm
12.2,100.0,0.42,47.2,1002.0,Storm
17.7,87.5,20.2,15.0,1025.8,HeavyRain
42.3,30.0,0.0,31.0,1004.0,Heatwave
27.15,77.0,20.0,9.5,1006.0,HeavyRain
25.0,51.0,0.0,28.1,1013.0,Normal
43.1,7.0,0.0,19.8,1002.0,Heatwave
25.3,89.0,0.51,31.0,1009.0,Storm
21.35,100.0,27.0,8.0,1011.35,HeavyRain
22.3,96.0,39.8,12.0,1012.45,HeavyRain
40.5,13.0,0.0,33.8,1005.0,Storm
12.75,71.5,22.0,17.5,1016.7,HeavyRain
14.1,77.0,0.05,34.9,1012.0,Storm
30.0,43.0,0.0,5.8,1014.0,Normal
11.5,72.5,33.2,21.0,1016.15,HeavyRain
31.0,55.0,0.0,19.8,1009.0,Normal
25.2,54.0,0.01,3.6,1022.0,Normal
18.5,91.5,24.2,18.5,1012.9,HeavyRain
28.3,33.0,0.0,3.6,1016.0,Normal
8.0,100.0,0.05,31.0,1011.0,Storm
1.3,69.0,0.57,59.8,983.0,Storm
30.1,75.0,1.94,32.0,1006.0,Storm
14.55,88.0,20.0,13.0,1005.25,HeavyRain
16.55,76.0,47.2,22.0,1015.85,HeavyRain
18.4,87.5,31.2,9.0,1026.75,HeavyRain
23.55,83.0,25.2,9.5,1012.3,HeavyRain
9.1,93.0,0.33,36.0,1000.0,Storm
40.1,13.0,0.0,28.8,1006.0,Heatwave
21.3,91.0,105.6,31.0,998.7,HeavyRain
25.4,49.0,21.2,13.0,1010.1,HeavyRain
13.75,77.0,26.8,29.5,999.45,HeavyRain
19.5,85.0,43.0,16.0,1013.15,HeavyRain
21.45,69.0,29.0,11.0,1009.2,HeavyRain
40.5,17.0,0.0,23.8,998.0,Heatwave
32.0,67.0,0.08,24.1,1015.0,Normal
14.2,72.5,20.4,14.0,1018.0,HeavyRain
32.1,36.0,0.09,11.2,1012.0,Normal
29.2,70.0,0.0,30.6,1011.0,Storm
25.65,95.0,24.4,12.0,1006.9,HeavyRain
41.5,24.0,0.0,11.9,1002.0,Heatwave
45.3,9.0,0.0,13.0,996.0,Heatwave
17.0,95.5,45.6,29.5,1016.2,HeavyRain
22.1,69.0,0.41,10.4,1023.0,Normal
43.2,12.0,0.0,40.7,997.0,Heatwave
40.3,17.0,0.0,7.2,1011.0,Heatwave
14.2,80.0,20.0,18.5,1027.55,HeavyRain
25.2,56.5,62.8,18.5,1000.55,HeavyRain
28.4,42.0,0.0,19.1,1019.0,Normal
40.3,15.0,0.0,13.0,999.0,Heatwave
17.2,55.0,0.0,36.7,998.0,Storm
44.3,18.0,0.0,33.1,998.0,Storm
23.1,61.0,0.6,7.2,1024.0,Normal
25.0,94.0,0.02,31.7,1011.0,Storm
27.95,79.5,25.0,21.5,1012.55,HeavyRain
21.65,99.0,76.8,33.0,998.05,HeavyRain
19.5,84.0,28.4,30.5,1014.05,HeavyRain
35.3,19.0,0.0,33.1,1008.0,Storm
21.9,95.5,34.2,12.0,1020.05,HeavyRain
11.75,87.5,24.4,32.0,1018.25,HeavyRain
23.7,30.0,0.0,13.0,1014.0,Normal
27.7,62.0,33.0,13.0,1008.65,HeavyRain
22.7,77.0,93.0,16.0,1008.05,HeavyRain
12.3,72.0,20.4,28.0,1004.65,HeavyRain
12.25,67.5,31.2,12.0,1010.65,HeavyRain
29.3,62.0,0.01,4.3,1014.0,Normal
12.2,77.0,0.17,37.8,998.0,Storm
20.2,30.0,0.0,16.6,1021.0,Normal
17.65,81.0,21.2,28.5,1001.65,HeavyRain
17.299999999999997,86.5,23.6,18.0,1015.0,HeavyRain
13.2,88.0,3.12,33.5,982.0,Storm
23.3,61.0,0.0,8.3,1025.0,Normal
19.3,30.0,0.0,35.3,1008.0,Storm
27.2,70.0,0.0,29.2,1015.0,Normal
25.7,30.0,0.0,32.8,1003.0,Normal
22.65,66.5,21.0,18.5,1011.4,HeavyRain
24.3,50.0,0.0,16.2,1013.0,Normal
20.4,46.0,0.0,7.9,1030.0,Normal
13.2,100.0,0.78,38.2,1003.0,Storm
18.15,52.5,110.6,14.0,1009.1,HeavyRain
22.4,43.0,0.0,3.6,1019.0,Normal
16.25,93.5,28.4,17.0,1024.75,HeavyRain
37.1,9.0,0.0,36.0,1012.0,Storm
32.0,56.0,0.0,3.6,1014.0,Normal
15.05,74.5,25.4,13.5,1020.6,HeavyRain
21.1,60.0,0.0,14.4,1001.0,Normal
17.95,76.5,24.4,19.5,1013.3,HeavyRain
13.7,71.0,30.4,18.0,1015.4,HeavyRain
28.5,60.0,0.01,19.8,1013.0,Normal
25.05,88.5,55.2,14.0,1002.2,HeavyRain
29.4,66.0,0.41,6.1,1010.0,Normal
11.45,71.5,37.0,24.0,1020.4,HeavyRain
46.4,18.0,0.0,10.4,996.0,Heatwave
21.2,47.0,0.0,23.4,1025.0,Normal
25.15,67.5,21.2,6.5,1015.7,HeavyRain
32.1,41.0,0.0,5.0,1012.0,Normal
9.7,85.5,20.6,15.5,1002.4,HeavyRain
40.1,14.0,0.0,18.7,1004.0,Heatwave
28.1,84.0,0.0,34.2,1006.0,Storm
24.2,94.0,1.41,32.0,1012.0,Storm
43.2,9.0,0.0,38.5,996.0,Heatwave
13.2,72.0,0.1,32.4,1011.0,Storm
28.2,84.0,0.11,38.9,1006.0,Storm
45.2,17.0,0.0,35.6,998.0,Heatwave
27.55,81.5,22.6,19.5,1004.35,HeavyRain
13.2,82.0,0.07,31.3,1003.0,Storm
14.5,58.5,31.8,19.5,1017.95,HeavyRain
27.2,42.0,0.0,9.0,1020.0,Normal
11.5,92.0,22.6,8.5,1001.0,HeavyRain
27.450000000000003,83.0,85.0,27.0,1005.45,HeavyRain
28.3,57.0,0.0,10.8,1014.0,Normal
9.1,81.0,0.13,33.5,1003.0,Storm
-1.0,80.0,0.09,37.1,1010.0,Storm
11.15,83.0,29.0,26.0,1012.5,HeavyRain
32.9,51.0,0.0,17.3,1009.0,Normal
23.6,69.0,43.0,6.5,1007.05,HeavyRain
31.1,63.0,0.0,9.4,1008.0,Normal
11.1,100.0,1.06,35.3,1000.0,Storm
41.7,30.0,0.0,6.1,1003.0,Heatwave
40.3,19.0,0.0,32.0,1004.0,Storm
26.3,94.0,1.59,39.6,1009.0,Storm
29.5,70.0,0.0,21.2,1009.0,Normal
26.15,74.5,47.2,15.5,1014.35,HeavyRain
19.2,90.5,41.0,16.0,1006.45,HeavyRain
26.55,71.0,25.2,31.5,1011.3,HeavyRain
26.8,73.0,0.0,30.6,1009.0,Storm
40.3,22.0,0.0,21.6,1005.0,Heatwave
46.6,7.0,0.0,3.6,995.0,Heatwave
31.1,41.0,0.0,9.0,1014.0,Normal
28.3,79.0,0.1,31.3,1010.0,Storm
30.4,43.0,0.0,19.1,1013.0,Normal
40.0,15.0,0.0,25.6,1006.0,Heatwave
41.1,30.0,0.0,24.1,999.0,Heatwave
16.5,81.5,46.0,10.5,1002.05,HeavyRain
11.1,95.5,21.6,28.0,1010.65,HeavyRain
28.2,89.0,1.33,35.3,1009.0,Storm
16.4,60.5,22.6,24.0,1016.9,HeavyRain
26.6,33.0,0.31,25.2,1007.0,Normal
12.7,63.5,22.6,27.5,1010.45,HeavyRain
21.6,52.0,0.0,24.8,1017.0,Normal
17.0,91.0,90.0,16.5,1025.3,HeavyRain
22.75,94.0,42.4,31.5,1008.0,HeavyRain
29.1,62.0,0.0,24.5,1017.0,Normal
41.7,19.0,0.0,21.2,999.0,Heatwave
12.25,85.0,48.2,14.0,1002.5,HeavyRain
11.2,80.0,23.2,33.5,1019.55,HeavyRain
28.3,33.0,0.0,10.4,1011.0,Normal
25.3,53.0,0.0,4.0,1014.0,Normal
28.7,68.0,0.04,21.2,1010.0,Normal
6.1,81.0,0.05,43.6,989.0,Storm
31.4,36.0,0.0,8.3,1013.0,Normal
29.4,75.0,0.47,30.6,1009.0,Storm
24.2,50.0,0.0,4.3,1027.0,Normal
25.0,36.0,0.0,14.4,1018.0,Normal
18.700000000000003,89.5,41.4,38.0,1021.05,HeavyRain
28.4,42.0,0.0,23.0,1009.0,Normal
22.55,85.5,50.6,6.5,1013.65,HeavyRain
22.35,68.5,24.2,7.0,1013.45,HeavyRain
26.0,88.5,23.0,15.0,1008.25,HeavyRain
42.4,20.0,0.0,36.4,994.0,Heatwave
17.55,64.0,32.2,8.5,1024.45,HeavyRain
28.5,78.0,0.03,34.6,1007.0,Storm
19.65,100.0,34.6,19.5,1022.25,HeavyRain
31.1,66.0,0.0,8.3,1013.0,Normal
21.4,53.0,36.6,18.5,1011.1,HeavyRain
17.75,64.0,35.4,21.0,1018.7,HeavyRain
24.3,83.0,0.29,33.1,1012.0,Storm
22.55,72.0,23.0,45.0,1016.05,HeavyRain
32.5,57.0,0.0,34.9,1005.0,Storm
25.2,94.0,4.2,33.1,1011.0,Storm
31.2,84.0,0.02,32.8,1006.0,Storm
29.1,61.0,0.0,7.9,1008.0,Normal
41.6,17.0,0.0,22.7,1004.0,Heatwave
23.2,36.0,0.0,3.6,1016.0,Normal
31.1,63.0,0.04,15.1,1017.0,Normal
24.3,57.0,0.0,15.8,1022.0,Normal
32.1,56.0,0.0,5.4,1013.0,Normal
22.1,41.0,0.01,7.2,1019.0,Normal
24.0,47.0,0.0,33.1,1001.0,Storm
27.8,61.0,0.0,32.0,1014.0,Normal
20.15,82.0,35.2,18.5,1012.5,HeavyRain
1.1,59.0,0.45,55.8,997.0,Storm
35.8,49.0,0.0,34.9,996.0,Storm
31.3,46.0,0.0,13.0,1015.0,Normal
19.0,83.0,0.0,32.0,1011.0,Storm
10.8,73.5,23.8,14.0,1018.85,HeavyRain
41.1,11.0,0.0,20.2,1011.0,Heatwave
28.2,84.0,0.0,42.1,1008.0,Storm
19.15,80.0,141.8,19.5,1023.8,HeavyRain
22.0,97.0,27.6,17.5,1006.95,HeavyRain
3.1,100.0,0.33,31.3,1009.0,Storm
18.65,66.0,57.8,22.0,998.05,HeavyRain
20.35,70.5,50.8,11.0,1008.45,HeavyRain
16.0,70.0,22.0,20.5,1016.35,HeavyRain
37.0,31.0,0.0,32.0,1006.0,Storm
24.9,62.0,47.6,5.0,1004.35,HeavyRain
28.2,79.0,0.0,37.1,1009.0,Storm
-1.7,80.0,0.5,45.0,998.0,Storm
32.2,56.0,0.0,12.6,1009.0,Normal
42.2,8.0,0.0,9.7,1001.0,Heatwave
26.4,65.0,0.0,10.4,1011.0,Normal
14.0,77.0,0.0,36.0,1009.0,Storm
16.3,59.0,0.06,33.1,1006.0,Storm
7.1,81.0,0.22,43.9,1005.0,Storm
28.1,84.0,0.0,32.0,1010.0,Storm
30.5,8.0,0.0,32.4,1002.0,Storm
34.8,22.0,0.0,35.3,998.0,Storm
15.55,88.5,27.4,13.0,1014.7,HeavyRain
45.1,9.0,0.0,32.8,1000.0,Heatwave
23.0,50.0,0.0,6.8,1012.0,Normal
9.85,89.0,25.4,22.5,1010.6,HeavyRain
43.2,16.0,0.0,22.3,1001.0,Heatwave
17.5,72.5,20.6,10.0,1015.0,HeavyRain
18.1,77.0,0.0,31.7,1010.0,Storm
24.2,89.0,1.21,33.1,1012.0,Storm
26.9,66.0,0.0,27.0,1017.0,Normal
29.1,58.0,0.0,29.2,1008.0,Normal
19.05,92.5,36.0,26.0,1023.15,HeavyRain
27.1,80.5,49.0,15.0,1006.45,HeavyRain
31.3,36.0,0.0,31.0,1009.0,Storm
19.95,43.5,22.8,27.5,1003.3,HeavyRain
0.5,100.0,0.17,31.0,1011.0,Storm
24.1,65.0,0.0,4.0,1020.0,Normal
9.8,79.0,38.0,25.0,1010.75,HeavyRain
30.4,70.0,0.0,19.8,1007.0,Normal
14.45,72.5,30.8,21.0,1022.35,HeavyRain
25.3,47.0,0.0,6.8,1021.0,Normal
30.1,40.0,0.0,9.7,1009.0,Normal
11.65,96.5,22.8,19.5,1008.95,HeavyRain
28.1,84.0,0.71,32.4,1004.0,Storm
4.1,30.0,0.0,39.6,1001.0,Storm
18.7,73.0,41.0,24.0,1005.0,HeavyRain
27.3,89.0,0.09,38.2,1009.0,Storm
28.2,70.0,0.0,32.8,1009.0,Storm
34.1,30.0,0.0,33.1,1004.0,Storm
40.1,14.0,0.0,20.5,1008.0,Heatwave
26.2,93.5,39.4,8.5,1004.4,HeavyRain
40.0,19.0,0.0,16.9,1006.0,Heatwave
23.2,61.0,0.0,8.3,1015.0,Normal
26.0,73.5,27.2,25.0,1012.3,HeavyRain
16.9,86.5,219.6,14.0,996.1,HeavyRain
16.15,93.0,51.0,24.0,1023.55,HeavyRain
18.700000000000003,93.0,27.6,38.5,1005.3,HeavyRain
30.1,49.0,0.0,10.1,1010.0,Normal
30.3,66.0,0.0,24.5,1008.0,Normal
27.1,81.0,0.05,31.7,1012.0,Storm
44.9,9.0,0.0,36.0,1000.0,Storm
23.55,99.5,93.6,19.5,1017.05,HeavyRain
16.65,86.5,29.2,4.0,1014.0,HeavyRain
24.3,52.0,0.0,26.3,1017.0,Normal
23.9,81.0,23.8,40.5,995.15,HeavyRain
26.450000000000003,59.5,21.6,26.0,999.75,HeavyRain
43.0,6.0,0.0,9.0,998.0,Heatwave
1.2,69.0,0.0,31.7,1007.0,Storm
24.9,30.0,0.0,9.7,1014.0,Normal
25.65,96.0,85.4,17.5,1012.65,HeavyRain
26.25,86.5,72.8,14.5,1005.95,HeavyRain
14.3,88.5,83.6,25.0,1019.85,HeavyRain
32.2,46.0,0.0,20.2,1007.0,Normal
15.85,76.5,47.8,14.5,1021.2,HeavyRain
23.3,34.0,0.0,6.8,1006.0,Normal
10.65,95.5,20.8,12.0,1002.55,HeavyRain
28.5,79.0,0.04,33.5,1007.0,Storm
14.0,74.5,25.4,10.0,1016.2,HeavyRain
28.3,70.0,0.02,31.0,1013.0,Normal
15.8,93.5,21.4,11.5,1014.95,HeavyRain
28.1,84.0,0.11,33.1,1009.0,Storm
13.7,77.5,21.4,33.0,1025.9,HeavyRain
43.6,7.0,0.0,24.5,999.0,Heatwave
24.2,61.0,0.0,5.4,1014.0,Normal
44.0,11.0,0.0,11.2,1005.0,Heatwave
32.0,17.0,0.0,38.9,1010.0,Storm
20.1,56.0,0.0,9.4,1023.0,Normal
46.3,6.0,0.0,30.2,998.0,Storm
22.1,61.0,0.0,13.0,1020.0,Normal
19.6,77.5,21.0,18.5,1019.65,HeavyRain
29.2,79.0,0.0,34.9,1011.0,Storm
42.1,30.0,0.0,16.9,1000.0,Heatwave
19.15,89.0,24.4,18.0,1005.75,HeavyRain
27.1,74.0,1.26,38.2,1012.0,Storm
21.25,81.0,40.6,37.5,1002.55,HeavyRain
10.1,71.0,0.0,30.2,1011.0,Storm
28.0,40.0,0.0,3.6,1016.0,Normal
27.3,89.0,1.83,36.4,1011.0,Storm
29.3,75.0,0.0,32.8,1012.0,Storm
27.450000000000003,61.5,25.2,9.5,1012.2,HeavyRain
43.3,9.0,0.0,31.0,998.0,Storm
16.85,86.5,50.6,45.0,1019.55,HeavyRain
41.1,22.0,0.0,15.1,1008.0,Heatwave
16.8,93.5,53.8,21.5,1020.05,HeavyRain
14.45,87.0,20.6,15.0,1020.5,HeavyRain
28.9,67.5,23.6,18.0,1006.2,HeavyRain
11.0,65.0,21.0,13.5,1016.35,HeavyRain
27.05,82.5,33.8,12.0,1007.4,HeavyRain
26.1,89.0,0.02,34.6,1012.0,Storm
30.0,59.0,0.0,31.0,1012.0,Storm
28.2,12.0,0.0,31.7,1002.0,Storm
19.95,89.0,26.2,28.0,1017.85,HeavyRain
20.0,80.5,113.8,19.0,1012.75,HeavyRain
10.3,94.0,0.62,31.7,1004.0,Storm
13.95,85.0,43.4,13.0,1021.9,HeavyRain
36.3,17.0,0.0,31.0,1010.0,Storm
29.4,66.0,0.01,28.1,1007.0,Normal
28.2,79.0,0.0,32.4,1006.0,Storm
20.35,74.0,34.4,17.5,1012.6,HeavyRain
28.1,70.0,0.0,34.9,1012.0,Storm
27.3,45.0,0.0,3.6,1011.0,Normal
29.2,84.0,0.98,34.2,1010.0,Storm
30.3,70.0,0.01,22.7,1012.0,Normal
24.4,44.0,0.0,10.1,1021.0,Normal
40.0,22.0,0.0,17.3,1001.0,Heatwave
17.1,63.0,0.07,36.0,1011.0,Storm
13.7,100.0,31.6,6.5,1018.45,HeavyRain
19.4,92.5,27.2,20.5,1013.05,HeavyRain
34.8,33.0,0.0,8.6,1011.0,Normal
28.1,74.0,0.0,33.1,1012.0,Storm
27.15,81.5,23.4,20.0,1011.8,HeavyRain
23.1,50.0,0.0,21.2,1016.0,Normal
21.2,43.0,0.0,9.0,1022.0,Normal
28.8,62.0,0.0,23.4,1012.0,Normal
9.1,87.0,0.0,33.8,1010.0,Storm
30.8,16.0,0.0,31.0,1002.0,Storm
28.2,69.0,0.0,5.8,1008.0,Normal
15.0,88.0,0.0,32.4,998.0,Storm
13.25,88.5,33.8,16.0,1021.55,HeavyRain
26.1,74.0,0.0,30.6,1012.0,Storm
41.1,7.0,0.0,7.2,1011.0,Heatwave
7.3,61.0,0.04,45.0,1009.0,Storm
30.0,66.0,0.33,35.6,1008.0,Storm
14.45,85.0,57.4,21.5,1020.05,HeavyRain
14.2,54.0,0.0,32.0,1009.0,Storm
40.3,19.0,0.0,11.2,1001.0,Heatwave
19.95,61.0,32.2,15.0,1017.1,HeavyRain
28.1,79.0,0.04,37.4,1012.0,Storm
26.9,67.0,29.2,13.0,1008.7,HeavyRain
11.0,71.0,0.09,31.0,1001.0,Storm
0.1,100.0,0.04,30.2,985.0,Storm
11.0,91.5,65.6,29.0,1009.25,HeavyRain
9.3,76.0,0.0,30.2,997.0,Storm
17.9,90.0,89.0,16.0,1010.9,HeavyRain
13.0,88.0,0.05,34.9,1002.0,Storm
29.2,55.0,0.0,15.8,1011.0,Normal
16.0,67.5,31.6,13.0,1009.65,HeavyRain
23.2,38.0,0.08,6.8,1026.0,Normal
32.1,59.0,0.0,36.7,1012.0,Storm
22.6,39.0,0.0,9.7,1021.0,Normal
29.1,45.0,0.0,33.5,1012.0,Storm
42.5,5.0,0.0,30.6,999.0,Heatwave
12.2,93.5,23.0,24.0,1007.05,HeavyRain
15.25,90.0,21.0,46.5,1016.15,HeavyRain
27.8,75.5,35.0,8.5,1006.15,HeavyRain
20.9,83.0,52.6,15.0,1013.55,HeavyRain
17.55,56.5,62.6,27.0,1007.9,HeavyRain
20.0,74.5,27.2,22.0,1005.25,HeavyRain
28.1,81.0,0.34,31.0,1006.0,Storm
20.2,68.0,0.0,22.7,1012.0,Normal
27.3,58.0,0.0,8.3,1014.0,Normal
24.0,36.0,0.0,31.3,1009.0,Storm
42.3,30.0,0.0,18.7,998.0,Heatwave
21.2,89.0,21.56,31.3,1008.0,Storm
35.0,47.0,0.0,18.0,1000.0,Normal
33.2,56.0,0.21,4.3,1013.0,Normal
19.9,88.5,20.0,16.5,1006.15,HeavyRain
26.4,89.0,0.93,35.6,1011.0,Storm
17.2,63.0,0.03,41.0,1004.0,Storm
12.9,98.0,36.8,39.0,1015.45,HeavyRain
23.0,73.0,0.0,41.0,1010.0,Storm
27.4,54.0,0.0,33.1,1012.0,Storm
36.3,39.0,0.0,36.0,999.0,Storm
15.2,94.0,0.04,40.3,1008.0,Storm
10.5,100.0,22.4,0.0,1015.9,HeavyRain
34.4,47.0,0.0,14.8,1010.0,Normal
25.85,66.0,21.0,21.5,1012.1,HeavyRain
15.4,71.0,21.2,29.0,1009.9,HeavyRain
0.3,80.0,0.0,34.2,994.0,Storm
22.5,64.5,23.4,30.5,1018.35,HeavyRain
18.4,75.0,26.4,40.0,1023.4,HeavyRain
27.1,73.0,79.0,11.0,1007.05,HeavyRain
23.0,50.0,0.0,11.9,1021.0,Normal
21.5,77.5,30.6,24.0,1019.5,HeavyRain
26.55,81.0,80.6,9.0,1008.4,HeavyRain
31.1,59.0,0.0,6.8,1012.0,Normal
30.1,61.0,0.0,31.0,1012.0,Storm
13.3,78.0,31.2,10.5,1018.5,HeavyRain
41.3,27.0,0.0,11.2,1000.0,Heatwave
27.2,78.5,21.0,14.0,1009.15,HeavyRain
21.9,83.0,22.8,22.0,1001.25,HeavyRain
28.1,64.0,0.0,39.6,1011.0,Storm
29.3,70.0,0.0,33.1,1012.0,Storm
19.1,86.0,97.2,29.5,1020.05,HeavyRain
33.1,63.0,0.0,10.4,1005.0,Normal
20.9,95.5,25.4,27.0,1018.15,HeavyRain
36.9,30.0,0.0,37.1,1006.0,Storm
16.3,74.0,36.4,18.5,999.15,HeavyRain
30.1,46.0,0.0,7.9,1011.0,Normal
28.5,73.0,23.2,18.5,1008.35,HeavyRain
24.8,95.0,49.2,25.5,1009.35,HeavyRain
38.3,11.0,0.0,37.4,1003.0,Storm
26.6,70.0,0.02,6.5,1014.0,Normal
17.3,88.5,33.4,12.0,1009.95,HeavyRain
42.2,23.0,0.0,4.7,998.0,Heatwave
22.6,52.0,0.0,9.0,1013.0,Normal
19.45,74.5,27.2,28.5,1005.3,HeavyRain
28.1,42.0,0.0,31.3,1011.0,Storm
25.4,33.0,0.0,34.9,1009.0,Storm
25.3,57.0,0.0,10.1,1025.0,Normal
32.4,63.0,0.14,6.8,1008.0,Normal
46.1,13.0,0.0,10.1,996.0,Heatwave
26.3,89.0,4.28,41.8,1009.0,Storm
26.4,84.0,2.18,32.8,1008.0,Storm
24.3,66.0,0.0,30.2,1010.0,Storm
28.1,84.0,1.15,33.1,1008.0,Storm
25.4,34.0,0.0,3.6,1021.0,Normal
42.4,12.0,0.0,20.2,1006.0,Heatwave
46.2,4.0,0.0,19.1,993.0,Heatwave
12.55,86.5,39.0,30.5,988.45,HeavyRain
20.15,89.0,30.2,18.5,1018.0,HeavyRain
18.9,80.5,50.0,22.0,1011.85,HeavyRain
14.2,55.0,0.32,45.0,1011.0,Storm
26.4,61.0,0.0,37.1,1010.0,Storm
24.05,44.0,22.0,8.0,1008.6,HeavyRain
41.2,21.0,0.0,22.0,997.0,Heatwave
12.25,66.5,26.4,18.0,1020.8,HeavyRain
26.0,84.0,0.14,31.3,1012.0,Storm
21.15,72.5,35.2,21.0,1011.85,HeavyRain
22.1,43.0,0.0,8.3,1027.0,Normal
41.3,12.0,0.0,4.0,1008.0,Heatwave
14.2,88.0,0.0,34.2,1003.0,Storm
26.1,70.0,0.0,11.2,1019.0,Normal
27.8,50.0,0.0,19.1,1013.0,Normal
16.65,78.5,27.0,16.5,1007.8,HeavyRain
25.2,63.5,32.2,12.0,1009.1,HeavyRain
17.65,75.5,30.6,24.0,1019.9,HeavyRain
17.0,72.0,0.04,33.1,1008.0,Storm
22.1,50.0,0.0,25.2,1015.0,Normal
27.4,45.0,0.0,3.6,1014.0,Normal
12.3,87.5,21.4,10.0,1012.2,HeavyRain
27.2,78.5,29.6,26.5,1002.6,HeavyRain
15.8,91.0,47.4,46.0,1023.25,HeavyRain
21.3,93.0,35.4,11.0,1008.7,HeavyRain
25.200000000000003,68.5,36.2,7.5,1008.7,HeavyRain
13.7,63.0,29.2,14.0,1022.2,HeavyRain
12.95,85.0,24.8,35.5,1011.25,HeavyRain
32.1,63.0,0.0,17.6,1004.0,Normal
12.0,80.0,24.8,11.0,1033.85,HeavyRain
8.0,93.0,0.13,34.9,1010.0,Storm
11.9,75.0,23.2,24.0,1016.7,HeavyRain
31.1,46.0,0.0,16.9,1011.0,Normal
27.35,82.0,20.8,14.0,1004.65,HeavyRain
20.0,64.0,0.0,25.9,1020.0,Normal
27.0,96.5,20.8,17.0,1003.85,HeavyRain
27.6,35.0,0.0,12.2,1013.0,Normal
41.1,12.0,0.0,9.4,1004.0,Heatwave
16.55,90.0,24.4,14.0,1019.7,HeavyRain
7.5,53.0,0.0,44.3,1000.0,Storm
30.2,66.0,0.0,33.8,1012.0,Storm
44.8,7.0,0.0,15.1,1000.0,Heatwave
22.85,89.5,28.8,6.5,1009.05,HeavyRain
28.2,84.0,0.88,34.6,1008.0,Storm
19.1,100.0,0.61,36.0,1006.0,Storm
42.2,25.0,0.0,6.8,999.0,Heatwave
31.1,49.0,0.0,14.4,1016.0,Normal
12.7,83.0,21.2,26.0,1007.05,HeavyRain
28.1,48.0,0.0,21.2,1016.0,Normal
27.3,74.0,0.0,35.3,1012.0,Storm
26.4,74.0,0.03,31.0,1012.0,Storm
45.3,4.0,0.0,31.0,1003.0,Storm
24.2,31.0,0.0,14.0,1019.0,Normal
19.450000000000003,74.0,42.4,15.5,1009.25,HeavyRain
25.85,70.0,47.0,15.0,1006.05,HeavyRain
14.9,79.5,21.6,28.0,1002.05,HeavyRain
19.65,95.0,64.0,19.5,1014.2,HeavyRain
26.3,84.0,0.06,31.3,1012.0,Storm
40.3,18.0,0.0,27.7,998.0,Heatwave
19.15,53.5,25.6,11.0,1011.5,HeavyRain
13.05,68.0,28.8,28.0,1000.8,HeavyRain
22.15,68.0,28.8,14.0,1011.35,HeavyRain
40.2,17.0,0.0,11.2,1003.0,Heatwave
24.2,51.0,0.0,3.6,1012.0,Normal
9.35,98.5,28.8,3.5,1015.9,HeavyRain
41.8,11.0,0.0,11.5,1006.0,Heatwave
30.1,70.0,0.0,8.6,1007.0,Normal
29.3,58.0,0.0,25.2,1015.0,Normal
45.6,7.0,0.0,28.1,999.0,Heatwave
22.2,31.0,0.0,14.4,1012.0,Normal
25.0,83.0,0.0,30.6,1012.0,Storm
22.6,95.0,20.0,20.0,1016.0,HeavyRain
5.2,81.0,0.0,31.3,1001.0,Storm
22.2,38.0,0.0,11.5,1021.0,Normal
31.6,12.0,0.0,31.7,1005.0,Storm
22.3,43.0,0.0,11.2,1018.0,Normal
29.1,70.0,0.0,32.0,1012.0,Storm
29.1,70.0,1.07,42.1,1008.0,Storm
26.35,79.5,22.2,26.5,1004.2,HeavyRain
29.3,40.0,0.0,17.3,1013.0,Normal
21.2,60.0,0.01,13.3,1025.0,Normal
40.3,26.0,0.0,13.7,1000.0,Heatwave
34.1,22.0,0.0,30.6,1007.0,Storm
12.4,61.0,24.2,12.0,1023.3,HeavyRain
28.3,48.0,0.0,31.3,1010.0,Storm
28.05,78.0,36.2,19.5,1001.8,HeavyRain
28.6,57.0,0.0,34.9,1010.0,Storm
34.4,32.0,0.0,8.3,1011.0,Normal
18.3,64.0,0.36,35.3,1000.0,Storm
21.4,44.0,0.0,17.6,1017.0,Normal
39.1,26.0,0.0,34.9,1002.0,Storm
29.2,75.0,0.01,32.0,1009.0,Storm
25.2,89.0,4.42,34.2,1010.0,Storm
29.2,40.0,0.0,30.2,1009.0,Storm
27.4,48.0,0.0,16.9,1010.0,Normal
1.2,65.0,0.41,76.0,990.0,Storm
22.7,76.0,34.8,17.5,1017.2,HeavyRain
27.1,89.0,0.53,35.6,1008.0,Storm
15.2,77.0,0.0,57.2,1006.0,Storm
19.55,87.5,54.4,21.5,1020.8,HeavyRain
24.95,53.5,28.2,30.5,992.65,HeavyRain
33.1,49.0,0.0,11.2,1016.0,Normal
10.65,67.0,36.8,24.0,1010.25,HeavyRain
22.1,65.0,0.0,22.7,1017.0,Normal
24.4,39.0,0.0,37.1,1011.0,Storm
20.2,58.0,0.39,9.0,1014.0,Normal
28.0,70.5,25.0,21.5,1009.3,HeavyRain
12.0,88.0,1.18,31.0,988.0,Storm
26.1,70.0,0.0,11.5,1011.0,Normal
19.2,88.0,0.0,31.3,1012.0,Storm
27.6,71.5,22.6,12.0,1009.6,HeavyRain
16.75,92.0,25.8,13.0,1007.45,HeavyRain
16.799999999999997,78.5,33.0,17.5,1007.45,HeavyRain
0.1,86.0,0.01,31.3,985.0,Storm
28.35,58.0,20.0,3.0,1009.5,HeavyRain
19.6,76.0,110.8,15.0,1019.7,HeavyRain
16.2,77.0,0.0,32.0,1008.0,Storm
42.4,7.0,0.0,26.3,1008.0,Heatwave
36.3,42.0,0.0,35.3,1000.0,Storm
29.2,79.0,0.0,40.0,1003.0,Storm
44.0,10.0,0.0,13.0,1002.0,Heatwave
26.0,88.0,31.2,27.5,1002.05,HeavyRain
9.55,84.0,47.4,29.5,1017.85,HeavyRain
31.9,47.0,0.0,38.9,1010.0,Storm
28.1,79.0,0.0,38.5,1011.0,Storm
8.2,81.0,0.02,46.4,1011.0,Storm
38.3,38.0,0.0,33.1,995.0,Storm
45.7,10.0,0.0,30.2,992.0,Heatwave
16.2,59.5,54.4,21.0,1013.1,HeavyRain
18.05,55.5,33.0,22.0,1016.5,HeavyRain
26.2,86.0,25.4,25.0,1004.45,HeavyRain
15.05,85.5,29.4,20.5,1015.95,HeavyRain
30.2,27.0,0.01,31.0,1006.0,Storm
28.2,84.0,0.07,33.5,1010.0,Storm
42.2,6.0,0.0,12.2,1003.0,Heatwave
7.2,81.0,0.07,33.1,1002.0,Storm
40.7,13.0,0.0,15.1,1004.0,Heatwave
26.9,57.0,0.0,15.1,1008.0,Normal
30.1,66.0,0.0,30.2,1010.0,Storm
18.1,94.0,0.04,35.6,1003.0,Storm
27.1,34.0,0.0,24.5,1013.0,Normal
20.9,48.0,0.0,37.4,1010.0,Storm
2.4,64.0,0.0,30.6,976.0,Storm
23.8,66.5,79.4,8.5,1004.6,HeavyRain
22.35,70.5,22.0,25.0,1007.0,HeavyRain
30.4,33.0,0.0,12.2,1009.0,Normal
28.1,79.0,36.8,7.5,1003.35,HeavyRain
29.3,66.0,0.0,11.5,1014.0,Normal
25.3,90.5,98.2,17.5,1006.05,HeavyRain
25.65,84.5,42.4,21.0,1011.95,HeavyRain
29.3,66.0,0.0,30.2,1008.0,Storm
21.7,37.0,0.0,13.3,1022.0,Normal
31.9,69.0,0.43,3.6,999.0,Normal
41.2,19.0,0.0,40.3,996.0,Heatwave
18.8,63.0,29.6,21.0,1018.55,HeavyRain
31.8,38.0,0.0,14.8,1015.0,Normal
25.2,69.0,0.0,6.1,1018.0,Normal
29.0,68.5,22.8,32.5,1007.3,HeavyRain
25.4,61.0,0.0,5.4,1018.0,Normal
40.1,14.0,0.0,17.6,1001.0,Heatwave
16.45,73.0,26.6,18.5,1012.35,HeavyRain
28.0,42.0,0.09,13.0,1019.0,Normal
31.9,54.0,0.0,22.7,1012.0,Normal
28.7,67.0,0.26,8.6,1005.0,Normal
30.0,59.0,0.0,7.6,1010.0,Normal
14.0,79.0,31.2,8.5,1013.1,HeavyRain
43.6,7.0,0.0,15.5,999.0,Heatwave
26.3,70.0,0.26,13.0,1011.0,Normal
30.3,43.0,0.0,20.9,1014.0,Normal
23.4,94.0,100.4,3.0,1007.0,HeavyRain
4.3,78.0,0.2,63.4,1001.0,Storm
17.85,94.5,61.4,80.5,1014.05,HeavyRain
26.1,89.0,0.79,33.8,1012.0,Storm
9.9,73.5,43.0,17.5,1006.6,HeavyRain
18.65,91.5,27.6,24.5,1015.85,HeavyRain
40.1,14.0,0.0,36.7,1010.0,Heatwave
10.0,76.0,0.0,42.1,1009.0,Storm
22.950000000000003,99.5,33.4,46.5,1015.85,HeavyRain
25.2,62.0,0.0,24.8,1013.0,Normal
16.45,89.5,26.4,28.0,1017.1,HeavyRain
16.6,82.5,22.4,30.0,992.9,HeavyRain
10.1,79.5,28.6,21.5,999.8,HeavyRain
23.4,89.0,0.03,36.0,1010.0,Storm
39.2,30.0,0.0,31.0,997.0,Storm
42.1,6.0,0.0,25.9,1007.0,Heatwave
23.5,61.0,35.0,8.5,1012.3,HeavyRain
19.7,43.5,49.8,22.0,1016.9,HeavyRain
21.1,97.0,74.4,25.0,1005.2,HeavyRain
27.3,66.0,0.0,30.2,1009.0,Storm
17.4,52.0,0.0,32.4,1008.0,Storm
2.2,87.0,0.0,36.7,1007.0,Storm
23.2,41.0,0.0,12.6,1023.0,Normal
25.5,96.0,67.0,26.0,1002.3,HeavyRain
18.45,78.5,59.0,31.5,1016.3,HeavyRain
7.4,21.0,0.0,32.8,1011.0,Storm
19.9,52.0,62.2,29.5,999.2,HeavyRain
26.0,94.0,3.01,31.3,1008.0,Storm
31.1,49.0,0.0,41.0,1010.0,Storm
46.3,8.0,0.0,19.4,994.0,Heatwave
25.1,57.0,0.0,22.7,1011.0,Normal
26.3,94.0,0.3,31.0,1010.0,Storm
16.2,45.0,0.0,41.8,1006.0,Storm
27.8,77.0,0.12,30.2,1011.0,Storm
13.4,92.5,28.0,26.0,1015.5,HeavyRain
26.2,37.0,0.0,15.8,1022.0,Normal
6.2,93.0,0.12,34.6,1003.0,Storm
14.1,77.0,1.29,49.7,1011.0,Storm
22.700000000000003,82.0,38.4,3.0,1011.15,HeavyRain
15.6,72.0,20.4,13.0,1011.75,HeavyRain
17.7,65.0,25.6,24.0,1019.4,HeavyRain
12.45,78.0,24.8,21.0,1008.05,HeavyRain
25.700000000000003,76.0,90.6,9.0,1015.9,HeavyRain
31.2,49.0,0.0,6.8,1009.0,Normal
28.7,37.0,0.0,6.1,1011.0,Normal
23.0,50.0,0.0,10.1,1017.0,Normal
17.0,96.5,46.2,15.0,1014.45,HeavyRain
27.6,80.0,1.44,35.3,1012.0,Storm
26.2,54.0,0.0,16.9,1019.0,Normal
18.2,88.0,0.0,30.6,1011.0,Storm
28.7,80.0,1.05,36.0,1009.0,Storm
29.2,79.0,0.02,37.1,1012.0,Storm
42.4,25.0,0.0,10.1,1000.0,Heatwave
25.4,83.0,0.02,32.0,1010.0,Storm
42.4,20.0,0.0,3.6,993.0,Heatwave
40.2,26.0,0.0,30.6,1000.0,Heatwave
28.0,68.0,0.0,22.7,1014.0,Normal
30.3,70.0,0.0,4.3,1014.0,Normal
20.25,92.0,23.8,22.0,994.35,HeavyRain
22.2,63.0,0.0,10.8,1015.0,Normal
42.7,12.0,0.0,3.6,1006.0,Heatwave
7.6,94.5,26.6,18.5,1011.2,HeavyRain
33.2,59.0,0.0,15.1,1008.0,Normal
32.3,65.0,0.0,20.2,1004.0,Normal
23.1,61.0,0.02,23.8,1010.0,Normal
20.1,49.0,0.0,21.6,1016.0,Normal
28.3,79.0,0.26,34.9,1008.0,Storm
28.55,71.0,27.8,9.0,1008.15,HeavyRain
29.1,66.0,0.06,34.6,1012.0,Storm
28.5,70.0,0.01,15.1,1016.0,Normal
30.3,62.0,0.05,8.3,1013.0,Normal
42.0,11.0,0.0,43.6,998.0,Storm
22.4,89.0,0.0,39.2,1005.0,Storm
40.1,9.0,0.0,13.3,1002.0,Heatwave
18.1,77.0,0.01,35.3,997.0,Storm
26.3,80.0,0.02,31.3,1011.0,Storm
22.75,89.0,31.4,26.0,1015.3,HeavyRain
29.1,75.0,0.01,31.7,1010.0,Storm
23.65,76.0,43.0,13.0,1012.55,HeavyRain
34.2,41.0,0.0,32.0,1011.0,Storm
14.0,67.0,0.01,35.3,1010.0,Storm
46.4,9.0,0.0,3.6,992.0,Heatwave
40.2,17.0,0.0,36.0,1003.0,Heatwave
26.1,54.0,0.0,13.0,1019.0,Normal
31.0,59.0,0.0,11.9,1012.0,Normal
15.1,88.0,0.01,35.3,1003.0,Storm
15.0,92.0,44.0,28.0,1014.1,HeavyRain
12.3,88.0,0.24,41.0,1004.0,Storm
26.200000000000003,81.5,48.6,24.0,998.6,HeavyRain
28.0,89.0,0.54,34.2,1010.0,Storm
33.3,39.0,0.0,50.0,1011.0,Storm
22.8,50.0,0.0,3.6,1015.0,Normal
19.05,87.0,34.2,26.0,1015.55,HeavyRain
27.6,36.0,0.0,11.9,1014.0,Normal
32.4,41.0,0.0,15.5,1009.0,Normal
16.75,92.0,20.8,44.5,1017.3,HeavyRain
20.15,66.0,22.4,14.0,1026.15,HeavyRain
33.2,53.0,0.0,17.6,1008.0,Normal
42.2,16.0,0.0,36.7,995.0,Storm
42.7,15.0,0.0,6.5,1004.0,Heatwave
26.8,80.0,33.4,9.5,1002.85,HeavyRain
26.5,52.0,0.0,11.2,1020.0,Normal
28.4,70.0,0.0,15.1,1017.0,Normal
28.2,80.0,0.35,36.0,1006.0,Storm
42.2,19.0,0.0,16.2,995.0,Heatwave
12.85,98.0,22.6,24.0,1010.75,HeavyRain
8.4,81.0,0.01,33.1,988.0,Storm
45.0,11.0,0.0,20.2,999.0,Heatwave
9.95,90.0,30.2,24.0,1013.35,HeavyRain
7.4,100.0,0.04,31.0,975.0,Storm
30.9,37.0,0.02,14.4,1009.0,Normal
17.85,80.0,71.6,21.5,1009.85,HeavyRain
22.4,56.0,0.0,11.9,1015.0,Normal
42.7,11.0,0.0,16.9,1001.0,Heatwave
28.3,58.0,0.0,11.2,1011.0,Normal
28.1,89.0,0.02,31.0,1004.0,Storm
31.1,55.0,0.0,16.9,1017.0,Normal
28.1,84.0,0.54,36.4,1009.0,Storm
19.2,83.0,0.06,40.7,1008.0,Storm
12.1,82.0,0.01,59.0,996.0,Storm
22.2,46.0,0.01,14.4,1025.0,Normal
27.65,80.5,22.0,13.0,1006.2,HeavyRain
40.2,13.0,0.0,27.4,1003.0,Heatwave
29.2,75.0,0.01,32.4,1007.0,Storm
26.9,46.0,0.0,30.2,1011.0,Normal
18.7,81.0,33.2,22.0,1016.45,HeavyRain
26.5,64.0,0.01,12.2,1010.0,Normal
27.200000000000003,77.0,53.0,21.5,1006.95,HeavyRain
44.1,3.0,0.0,25.9,1003.0,Heatwave
3.2,60.0,0.02,42.1,968.0,Storm
25.55,78.5,58.0,7.5,1004.95,HeavyRain
46.3,6.0,0.0,20.2,1005.0,Heatwave
42.1,13.0,0.0,40.7,997.0,Storm
27.7,14.0,0.0,32.4,1010.0,Storm
11.8,97.5,45.0,3.5,1017.25,HeavyRain
23.1,69.0,0.0,6.1,1012.0,Normal
16.05,74.0,48.8,12.0,1031.8000000000002,HeavyRain
27.2,54.0,0.0,38.9,1012.0,Storm
40.3,13.0,0.0,16.6,1005.0,Heatwave
7.3,70.0,0.01,42.5,1007.0,Storm
29.3,70.0,0.0,15.1,1009.0,Normal
17.65,60.5,27.8,41.0,1011.6,HeavyRain
45.1,14.0,0.0,33.1,991.0,Heatwave
8.3,87.0,4.08,34.2,1007.0,Storm
29.1,37.0,0.0,9.7,1009.0,Normal
29.4,48.0,0.0,11.9,1015.0,Normal
13.9,66.0,28.4,28.0,1006.1,HeavyRain
20.2,34.0,0.0,7.6,1021.0,Normal
11.5,96.0,22.6,21.5,1019.15,HeavyRain
30.2,70.0,0.0,9.7,1010.0,Normal
28.2,48.0,0.0,11.2,1012.0,Normal
23.2,65.0,0.0,22.3,1012.0,Normal
32.4,19.0,0.0,33.8,1009.0,Storm
26.7,46.0,0.0,10.4,1011.0,Normal
18.15,100.0,69.6,37.0,998.7,HeavyRain
20.3,100.0,0.99,56.5,1012.0,Storm
24.2,89.0,2.14,35.3,1012.0,Storm
45.1,19.0,0.0,22.3,994.0,Heatwave
44.2,27.0,0.0,10.1,1004.0,Heatwave
14.6,76.5,39.2,14.5,1016.2,HeavyRain
40.6,10.0,0.0,6.1,1005.0,Heatwave
42.1,13.0,0.0,40.7,997.0,Heatwave
41.1,17.0,0.0,18.7,1003.0,Heatwave
42.0,18.0,0.0,39.6,995.0,Heatwave
22.6,53.0,0.19,13.3,1003.0,Normal
21.700000000000003,61.5,31.4,16.0,1010.5,HeavyRain
28.0,42.0,0.0,27.7,1011.0,Normal
22.2,57.0,0.0,7.6,1026.0,Normal
28.1,79.0,0.0,37.8,1008.0,Storm
14.55,90.5,25.0,11.0,1008.25,HeavyRain
43.2,24.0,0.0,22.0,997.0,Heatwave
28.7,58.0,0.0,7.6,1014.0,Normal
1.3,75.0,0.0,37.4,1012.0,Storm
20.7,48.0,0.0,14.8,1015.0,Normal
28.0,40.0,0.0,3.6,1016.0,Normal
40.6,18.0,0.09,4.0,1008.0,Heatwave
26.2,61.0,0.0,39.6,1009.0,Storm
25.2,84.0,104.2,29.0,1003.1,HeavyRain
17.05,74.0,22.2,23.5,1016.55,HeavyRain
13.6,92.5,20.0,15.0,1002.05,HeavyRain
18.45,88.5,100.4,7.0,1009.9,HeavyRain
22.85,83.0,50.6,8.5,1009.25,HeavyRain
40.0,25.0,0.0,22.0,1001.0,Heatwave
26.2,37.0,0.0,3.6,1019.0,Normal
25.2,47.0,0.0,11.9,1017.0,Normal
45.7,9.0,0.0,3.6,1002.0,Heatwave
5.3,87.0,4.02,47.9,1001.0,Storm
22.0,65.0,0.0,20.2,1004.0,Normal
41.0,17.0,0.0,19.8,996.0,Heatwave
14.75,76.0,68.0,21.5,1025.2,HeavyRain
30.2,66.0,0.0,30.6,1012.0,Storm
32.4,36.0,0.0,4.7,1016.0,Normal
28.2,84.0,0.84,33.5,1004.0,Storm
42.0,25.0,0.0,11.2,1006.0,Heatwave
25.6,41.0,25.0,17.5,1005.95,HeavyRain
16.0,68.0,0.01,32.8,1005.0,Storm
18.1,87.5,72.0,28.5,1003.2,HeavyRain
9.65,69.5,27.6,22.5,1009.65,HeavyRain
31.8,65.0,0.67,20.9,1001.0,Normal
21.1,48.0,22.4,10.5,1015.1,HeavyRain
26.0,84.0,184.6,25.5,1000.9,HeavyRain
20.4,64.0,0.0,5.0,1006.0,Normal
19.2,78.0,27.8,14.0,1012.75,HeavyRain
26.1,34.0,0.0,16.6,1015.0,Normal
41.6,11.0,0.0,17.3,997.0,Heatwave
40.1,7.0,0.0,25.9,1007.0,Heatwave
24.1,31.0,0.0,11.2,1013.0,Normal
24.8,82.0,40.8,16.0,1007.25,HeavyRain
31.3,66.0,0.0,20.2,1013.0,Normal
12.25,87.0,50.6,27.5,995.3,HeavyRain
28.4,79.0,6.95,45.4,1005.0,Storm
28.0,84.0,1.01,31.3,1003.0,Storm
24.8,85.5,22.8,18.0,1008.45,HeavyRain
27.15,82.0,20.4,13.5,1003.55,HeavyRain
14.15,87.0,20.2,19.5,1016.95,HeavyRain
27.3,66.0,0.01,25.9,1016.0,Normal
31.4,52.0,0.0,16.6,1011.0,Normal
15.35,67.0,23.0,27.5,1033.6,HeavyRain
42.0,27.0,0.0,24.1,1005.0,Heatwave
28.65,62.0,27.4,18.5,1009.5,HeavyRain
28.15,76.0,43.4,19.5,1012.25,HeavyRain
42.0,11.0,0.0,13.0,1003.0,Heatwave
31.3,71.0,0.07,32.8,1007.0,Storm
26.95,92.0,58.6,30.0,1001.55,HeavyRain
28.5,70.5,21.4,13.0,1007.4,HeavyRain
27.9,72.0,25.6,19.0,1008.4,HeavyRain
20.8,98.5,24.4,17.0,1015.2,HeavyRain
16.4,53.0,21.6,33.5,1000.3,HeavyRain
29.0,62.0,0.0,9.4,1011.0,Normal
22.3,30.0,0.0,22.3,1009.0,Normal
30.9,47.0,0.0,15.1,1018.0,Normal
40.6,26.0,0.0,13.7,998.0,Heatwave
16.95,84.0,53.4,22.0,1015.15,HeavyRain
30.1,49.0,0.0,19.1,1008.0,Normal
26.0,30.0,0.03,31.0,1010.0,Storm
8.2,87.0,0.02,36.0,1010.0,Storm
18.3,96.0,35.6,15.0,1009.85,HeavyRain
15.1,77.0,0.03,36.0,995.0,Storm
46.1,11.0,0.0,12.2,997.0,Heatwave
28.0,84.0,0.02,33.5,1011.0,Storm
24.0,47.0,0.07,19.1,1023.0,Normal
43.4,24.0,0.0,16.6,998.0,Heatwave
10.9,75.0,24.2,12.5,1008.8,HeavyRain
12.6,60.5,43.2,22.0,1010.55,HeavyRain
33.1,47.0,0.0,13.0,1013.0,Normal
25.0,65.0,0.21,17.3,1020.0,Normal
26.1,89.0,0.0,34.6,1012.0,Storm
26.0,90.5,206.8,14.0,1010.35,HeavyRain
22.2,100.0,1.03,44.3,1007.0,Storm
14.8,92.0,1.14,31.7,999.0,Storm
26.3,48.0,0.0,14.8,1020.0,Normal
22.2,57.0,0.0,15.8,1015.0,Normal
26.25,90.0,31.8,18.0,1008.05,HeavyRain
-8.7,79.0,0.04,44.3,1009.0,Storm
28.95,59.0,63.8,24.0,996.5,HeavyRain
41.2,16.0,0.0,12.2,1003.0,Heatwave
16.450000000000003,95.0,55.6,28.5,1005.6,HeavyRain
28.0,30.0,0.0,3.6,1020.0,Normal
26.3,61.0,0.41,16.9,1007.0,Normal
26.3,65.0,0.0,6.5,1013.0,Normal
44.2,14.0,0.0,6.8,1000.0,Heatwave
21.05,75.5,82.4,2.0,1017.75,HeavyRain
29.1,75.0,0.23,34.2,1010.0,Storm
31.8,50.0,0.0,12.6,1012.0,Normal
20.1,52.0,0.17,9.4,1001.0,Normal
15.2,72.0,0.0,32.0,1002.0,Storm
26.0,61.0,0.0,4.3,1011.0,Normal
44.3,26.0,0.0,23.4,1004.0,Heatwave
24.1,54.0,0.0,16.6,1022.0,Normal
24.1,30.0,0.13,6.1,1012.0,Normal
29.3,79.0,0.02,34.6,1012.0,Storm
22.0,65.0,0.0,21.2,1017.0,Normal
31.7,60.0,0.0,7.9,1013.0,Normal
30.1,46.0,0.44,22.7,1021.0,Normal
10.55,92.5,34.6,21.0,1008.6,HeavyRain
41.2,5.0,0.0,22.3,1004.0,Heatwave
22.3,69.0,0.0,15.1,1009.0,Normal
16.95,83.5,21.6,7.5,1007.5,HeavyRain
22.0,65.0,0.0,7.2,1021.0,Normal
41.0,16.0,0.0,10.4,1007.0,Heatwave
2.0,93.0,0.01,34.6,1002.0,Storm
14.5,71.5,24.0,17.5,1009.75,HeavyRain
17.15,69.0,47.4,18.0,996.0,HeavyRain
25.9,70.0,0.01,4.3,1009.0,Normal
15.8,66.0,37.8,10.0,1014.2,HeavyRain
24.85,89.0,49.0,13.0,995.95,HeavyRain
18.0,91.5,51.4,19.5,1011.95,HeavyRain
16.95,71.5,29.4,30.5,1005.05,HeavyRain
23.0,61.0,1.03,3.6,1011.0,Normal
6.0,81.0,0.03,37.1,1012.0,Storm
28.1,79.0,0.42,33.8,1011.0,Storm
10.4,84.0,43.8,23.0,1005.75,HeavyRain
7.5,64.0,0.0,38.5,1010.0,Storm
21.200000000000003,69.5,21.0,19.0,1015.8,HeavyRain
41.4,5.0,0.0,15.1,1008.0,Heatwave
35.1,17.0,0.0,33.1,1011.0,Storm
23.4,42.0,29.4,13.0,1007.5,HeavyRain
30.3,35.0,0.0,29.9,1014.0,Normal
29.4,75.0,0.42,35.3,1011.0,Storm
43.1,16.0,0.0,32.4,991.0,Storm
16.0,73.0,20.4,19.5,1021.0,HeavyRain
29.4,62.0,0.0,5.4,1014.0,Normal
13.0,71.0,25.4,20.5,1016.55,HeavyRain
24.700000000000003,81.0,24.0,13.0,1007.45,HeavyRain
12.4,77.5,20.0,27.0,1011.05,HeavyRain
42.0,5.0,0.0,16.2,1005.0,Heatwave
17.05,82.0,39.2,19.5,1010.6,HeavyRain
24.2,36.0,0.0,5.0,1010.0,Normal
13.6,78.0,21.6,15.5,1018.25,HeavyRain
16.2,94.0,1.01,41.0,1004.0,Storm
48.9,4.0,0.0,22.0,993.0,Heatwave
10.1,76.0,0.08,42.1,992.0,Storm
22.3,65.0,0.0,14.0,1024.0,Normal
40.4,19.0,0.0,11.2,1000.0,Heatwave
21.4,56.0,0.0,19.4,1023.0,Normal
29.1,70.0,0.0,32.4,1011.0,Storm
30.2,12.0,0.0,33.8,1011.0,Storm
45.9,11.0,0.0,6.5,995.0,Heatwave
35.2,17.0,0.0,30.6,999.0,Storm
25.7,69.5,67.8,24.0,1006.35,HeavyRain
25.8,59.0,0.0,11.5,1012.0,Normal
41.4,22.0,0.0,12.2,999.0,Heatwave
28.2,74.0,0.0,34.2,1010.0,Storm
45.3,9.0,0.0,11.2,995.0,Heatwave
11.05,81.5,21.2,19.0,998.05,HeavyRain
32.1,67.0,0.0,13.0,1003.0,Normal
30.1,62.0,0.0,5.0,1014.0,Normal
21.1,69.0,0.0,11.2,1013.0,Normal
19.450000000000003,67.5,28.0,23.0,1012.35,HeavyRain
30.1,62.0,0.0,12.6,1006.0,Normal
20.75,81.0,22.2,24.0,999.2,HeavyRain
6.0,90.0,0.36,32.0,1005.0,Storm
20.3,40.0,0.0,9.0,1018.0,Normal
17.7,80.0,20.6,19.5,1013.9,HeavyRain
40.2,8.0,0.0,20.2,1007.0,Heatwave
23.700000000000003,85.0,45.8,20.5,1007.8,HeavyRain
29.3,75.0,0.02,35.3,1006.0,Storm
26.7,70.0,0.0,16.2,1009.0,Normal
33.1,41.0,0.0,8.3,1008.0,Normal
30.2,70.0,0.01,31.0,1011.0,Storm
23.4,69.0,0.0,8.3,1020.0,Normal
43.3,21.0,0.0,29.5,993.0,Heatwave
15.1,77.0,0.24,57.6,1008.0,Storm
23.2,69.0,0.0,3.6,1025.0,Normal
26.0,37.0,0.0,16.9,1007.0,Normal
29.1,70.0,0.2,13.7,1018.0,Normal
24.5,50.0,0.01,3.6,1017.0,Normal
35.4,23.0,0.0,33.8,1003.0,Storm
16.2,68.0,0.04,30.6,1011.0,Storm
32.1,56.0,0.82,11.5,1008.0,Normal
31.3,52.0,0.0,14.8,1012.0,Normal
32.3,30.0,0.0,31.7,1009.0,Storm
28.2,62.0,0.0,17.3,1013.0,Normal
14.45,100.0,42.4,21.0,1021.75,HeavyRain
30.3,38.0,0.0,11.2,1010.0,Normal
20.1,64.0,0.0,3.6,1020.0,Normal
42.2,6.0,0.0,16.9,1006.0,Heatwave
10.4,94.0,1.27,41.0,1007.0,Storm
14.2,94.0,0.17,37.1,1009.0,Storm
21.1,53.0,0.0,4.0,1019.0,Normal
13.35,95.5,25.2,17.5,1011.25,HeavyRain
25.2,54.0,0.0,13.3,1019.0,Normal
21.1,81.0,94.4,11.5,1021.4,HeavyRain
12.6,76.5,23.4,27.5,1000.35,HeavyRain
7.2,93.0,3.71,33.8,994.0,Storm
27.2,48.0,0.01,4.7,1010.0,Normal
27.2,84.0,0.21,33.1,1010.0,Storm
28.4,51.0,0.04,17.6,1015.0,Normal
45.3,7.0,0.0,29.9,996.0,Heatwave
25.4,83.0,0.09,35.6,1008.0,Storm
20.35,67.0,22.8,9.5,1008.7,HeavyRain
41.4,12.0,0.0,11.2,1004.0,Heatwave
16.6,66.5,36.4,21.5,1023.95,HeavyRain
1.0,66.0,0.0,34.9,1002.0,Storm
28.2,65.5,57.6,17.5,1010.6,HeavyRain
18.1,97.5,84.0,8.0,1006.5,HeavyRain
25.25,80.5,31.8,24.0,1007.65,HeavyRain
26.0,37.0,0.0,18.0,1011.0,Normal
27.4,44.0,0.0,6.8,1012.0,Normal
30.1,66.0,0.0,9.4,1014.0,Normal
32.2,67.0,0.0,21.6,1007.0,Normal
29.1,52.0,0.0,31.0,1010.0,Storm
41.3,4.0,0.0,30.2,1004.0,Heatwave
26.6,66.0,0.0,30.2,1012.0,Storm
27.5,80.0,0.93,33.5,1008.0,Storm
18.700000000000003,85.5,29.9,20.5,1017.75,HeavyRain
15.25,74.5,38.4,27.0,1015.95,HeavyRain
10.6,81.5,22.4,9.5,1021.1,HeavyRain
22.6,69.5,39.2,13.0,1011.15,HeavyRain
22.4,65.0,0.0,16.9,1015.0,Normal
22.7,82.5,29.6,17.0,1016.3,HeavyRain
33.4,39.0,0.0,10.4,1006.0,Normal
21.3,64.0,1.46,3.6,1012.0,Normal
45.3,7.0,0.0,4.0,998.0,Heatwave
22.3,27.0,0.0,31.0,1011.0,Storm
22.65,53.5,26.4,21.5,1023.4,HeavyRain
30.1,52.0,0.0,26.6,1014.0,Normal
26.3,58.0,0.0,16.6,1016.0,Normal
11.1,82.0,0.05,30.2,997.0,Storm
42.3,27.0,0.0,12.6,999.0,Heatwave
28.9,63.0,0.0,6.5,1013.0,Normal
41.7,10.0,0.0,15.8,997.0,Heatwave
27.6,72.0,0.0,32.0,1012.0,Storm
26.4,61.0,0.0,6.8,1010.0,Normal
25.3,54.0,0.0,15.5,1012.0,Normal
16.55,70.5,32.4,12.0,1016.75,HeavyRain
27.0,89.0,0.03,41.0,1008.0,Storm
20.25,83.5,29.0,8.0,1019.65,HeavyRain
27.2,84.0,0.4,34.2,1010.0,Storm
22.55,91.5,29.0,9.0,1021.5,HeavyRain
30.0,46.0,0.0,19.8,1011.0,Normal
19.9,62.5,22.4,19.5,1016.85,HeavyRain
23.65,70.0,29.2,21.5,1007.9,HeavyRain
41.2,23.0,0.0,9.4,1001.0,Heatwave
44.1,8.0,0.0,34.2,999.0,Storm
25.9,93.5,35.4,21.0,1009.5,HeavyRain
26.5,78.0,36.2,10.0,1009.15,HeavyRain
6.75,70.0,24.6,19.5,1008.15,HeavyRain
21.2,96.5,63.6,36.0,1011.25,HeavyRain
18.450000000000003,94.5,47.4,11.5,1013.7,HeavyRain
20.1,64.0,0.0,33.1,1011.0,Storm
26.0,34.0,0.0,11.2,1018.0,Normal
26.55,84.0,35.8,14.0,1006.8,HeavyRain
16.55,87.0,36.2,26.5,1003.75,HeavyRain
17.55,89.0,37.6,27.5,1007.65,HeavyRain
15.75,93.5,72.2,30.0,1024.4,HeavyRain
28.3,79.0,0.0,34.9,1010.0,Storm
41.0,8.0,0.0,13.0,1009.0,Heatwave
27.6,83.0,0.01,34.2,1009.0,Storm
30.2,70.0,0.85,24.1,1010.0,Normal
16.5,63.5,24.6,22.0,1011.2,HeavyRain
41.2,4.0,0.0,5.4,1009.0,Heatwave
32.4,52.0,0.0,20.5,1007.0,Normal
34.0,36.0,0.0,15.1,1004.0,Normal
25.0,61.0,0.0,43.9,1009.0,Storm
27.3,58.0,0.0,13.0,1018.0,Normal
17.8,71.0,20.2,11.0,1024.0,HeavyRain
26.4,92.0,109.6,18.0,1007.85,HeavyRain
26.3,89.0,0.15,34.6,1012.0,Storm
29.3,27.0,0.0,31.0,1008.0,Storm
26.1,82.0,27.2,25.5,1015.25,HeavyRain
32.1,59.0,0.0,13.0,1012.0,Normal
24.3,57.0,0.0,14.0,1017.0,Normal
45.1,10.0,0.0,24.1,993.0,Heatwave
15.2,52.0,20.0,22.5,1017.55,HeavyRain
34.8,50.0,0.0,5.8,999.0,Normal
15.35,79.0,24.0,14.0,1014.15,HeavyRain
12.05,59.0,25.3,16.5,1004.8,HeavyRain
22.2,69.0,0.0,25.2,1023.0,Normal
47.9,4.0,0.0,32.0,998.0,Storm
43.7,8.0,0.0,31.3,1001.0,Heatwave
29.3,66.0,0.0,20.5,1015.0,Normal
23.4,95.5,25.2,17.0,1005.2,HeavyRain
18.9,91.5,32.8,8.5,1017.2,HeavyRain
21.9,82.5,44.4,11.0,1015.75,HeavyRain
27.2,85.5,43.2,24.5,1005.95,HeavyRain
12.7,84.5,26.2,15.0,1016.75,HeavyRain
40.2,7.0,0.0,10.8,1006.0,Heatwave
28.65,82.0,28.0,11.5,1004.1,HeavyRain
10.4,87.0,0.25,40.0,1009.0,Storm
11.3,96.0,21.6,23.5,1014.4,HeavyRain
17.200000000000003,86.5,64.4,21.5,1012.45,HeavyRain
19.3,52.0,0.0,37.4,1008.0,Storm
24.0,47.0,0.12,31.0,1012.0,Storm
30.3,70.0,0.07,3.6,1009.0,Normal
40.0,8.0,0.0,9.0,1010.0,Heatwave
18.0,56.5,24.0,25.0,1013.05,HeavyRain
20.4,61.0,0.0,6.1,1023.0,Normal
26.9,14.0,0.0,36.0,1009.0,Storm
28.1,48.0,0.0,15.5,1013.0,Normal
18.6,95.0,56.2,11.0,1013.35,HeavyRain
25.6,66.5,48.8,24.0,1015.6,HeavyRain
27.3,84.0,0.22,31.3,1010.0,Storm
44.1,11.0,0.0,5.8,1005.0,Heatwave
27.15,73.5,30.2,14.0,1008.1,HeavyRain
33.1,55.0,0.05,8.6,1004.0,Normal
34.3,28.0,0.0,33.1,1003.0,Storm
25.4,57.0,0.0,34.2,1023.0,Normal
21.55,91.5,63.0,20.5,998.75,HeavyRain
24.4,37.0,0.0,16.9,1011.0,Normal
6.2,93.0,0.96,42.5,989.0,Storm
26.0,58.0,0.0,6.8,1011.0,Normal
9.3,32.0,0.0,36.4,1007.0,Storm
28.4,70.0,0.0,5.0,1012.0,Normal
17.9,87.0,27.8,19.5,1015.4,HeavyRain
26.3,35.0,0.0,5.4,1013.0,Normal
26.75,94.0,69.8,9.0,1004.05,HeavyRain
25.3,95.0,9.14,52.6,984.0,Storm
15.65,83.5,32.6,12.5,1019.0,HeavyRain
18.7,68.0,44.8,11.0,1005.05,HeavyRain
23.4,38.0,0.0,31.0,1010.0,Storm
40.2,26.0,0.09,6.8,1012.0,Heatwave
28.35,87.5,80.6,20.5,1004.6,HeavyRain
19.4,100.0,0.07,31.3,1001.0,Storm
13.2,82.0,0.35,33.5,1012.0,Storm
14.1,77.0,36.8,42.5,1026.0,HeavyRain
10.1,94.0,0.76,48.2,1007.0,Storm
19.75,96.0,31.0,36.0,1017.25,HeavyRain
14.45,75.0,61.0,17.0,1024.6999999999998,HeavyRain
22.8,64.0,24.4,11.0,1011.0,HeavyRain
28.65,76.0,24.4,16.0,1012.1,HeavyRain
24.1,30.0,0.0,8.3,1020.0,Normal
10.45,63.0,33.6,18.5,1010.45,HeavyRain
26.3,84.0,3.77,35.6,1008.0,Storm
28.1,74.0,0.0,37.8,1010.0,Storm
26.950000000000003,91.0,142.2,30.5,1004.2,HeavyRain
28.2,30.0,0.0,34.6,1011.0,Storm
33.3,56.0,0.0,7.6,1011.0,Normal
26.9,78.0,0.0,30.6,1012.0,Storm
32.6,51.0,0.0,10.1,1010.0,Normal
19.3,55.5,30.0,21.0,1001.95,HeavyRain
10.05,83.5,23.8,9.0,1020.55,HeavyRain
40.1,30.0,0.0,19.1,998.0,Heatwave
23.45,72.5,25.4,4.0,1011.75,HeavyRain
29.6,33.0,0.0,19.1,1009.0,Normal
10.55,86.0,39.0,38.0,995.55,HeavyRain
21.8,84.0,34.4,25.0,1001.15,HeavyRain
31.4,64.0,0.0,10.8,1000.0,Normal
42.3,5.0,0.0,24.1,1001.0,Heatwave
12.4,77.5,27.4,26.5,990.9,HeavyRain
29.4,40.0,0.02,11.9,1009.0,Normal
28.2,89.0,0.66,34.9,1005.0,Storm
29.1,70.0,0.23,15.1,1015.0,Normal
25.4,51.0,0.0,12.2,1017.0,Normal
17.2,77.0,0.11,36.7,1008.0,Storm
25.0,79.0,0.13,34.2,1012.0,Storm
34.0,14.0,0.0,41.0,1010.0,Storm
22.2,70.0,0.01,18.7,1011.0,Normal
17.85,72.0,20.8,35.0,1016.55,HeavyRain
26.0,32.0,0.0,41.0,1005.0,Storm
13.4,66.0,21.0,13.0,1013.4,HeavyRain
16.55,76.0,26.4,44.5,1027.3000000000002,HeavyRain
31.1,45.0,0.0,38.5,1009.0,Storm
27.2,32.0,0.0,3.6,1009.0,Normal
11.05,58.0,27.8,26.0,1015.2,HeavyRain
41.8,4.0,0.0,11.5,1005.0,Heatwave
31.4,41.0,0.0,37.1,1007.0,Normal
27.4,48.0,0.0,42.1,1012.0,Storm
6.3,70.0,0.0,34.9,991.0,Storm
26.1,34.0,0.0,6.5,1023.0,Normal
27.3,34.0,0.0,20.5,1017.0,Normal
23.0,38.0,0.0,15.5,1011.0,Normal
22.15,71.5,59.6,25.0,1014.15,HeavyRain
43.5,11.0,0.0,13.0,1004.0,Heatwave
41.6,9.0,0.0,13.3,1001.0,Heatwave
26.1,94.0,0.0,32.0,1009.0,Storm
17.8,76.5,64.8,27.5,1024.65,HeavyRain
27.2,89.0,0.31,35.3,1009.0,Storm
33.1,56.0,0.03,11.5,1008.0,Normal
12.8,77.5,27.2,11.0,1002.45,HeavyRain
23.7,60.5,20.8,20.5,1011.4,HeavyRain
26.55,63.5,112.0,27.0,1010.25,HeavyRain
18.65,93.0,34.0,26.0,992.75,HeavyRain
45.4,18.0,0.0,38.9,994.0,Storm
12.2,82.0,0.22,34.2,1001.0,Storm
29.8,55.0,0.0,17.6,1011.0,Normal
-1.7,63.0,0.0,43.6,994.0,Storm
27.5,59.0,0.0,23.0,1017.0,Normal
24.1,54.0,0.0,4.7,1023.0,Normal
16.45,61.0,22.8,24.5,1019.7,HeavyRain
22.7,62.0,40.6,17.5,1015.4,HeavyRain
26.9,80.0,20.0,6.0,1007.85,HeavyRain
15.7,76.5,25.4,22.5,1007.65,HeavyRain
23.45,95.0,28.0,18.5,1007.95,HeavyRain
11.95,63.0,32.2,28.0,1008.3,HeavyRain
28.0,58.0,0.0,13.3,1013.0,Normal
19.2,85.5,43.2,26.0,1013.4,HeavyRain
26.0,37.0,0.0,15.1,1021.0,Normal
27.05,81.0,73.2,21.5,1003.9,HeavyRain
9.2,66.0,0.28,46.1,1005.0,Storm
27.8,70.0,0.0,16.9,1011.0,Normal
21.3,64.0,0.0,32.0,1012.0,Normal
42.4,15.0,0.0,36.7,1003.0,Storm
26.3,38.0,0.0,8.6,1011.0,Normal
27.45,78.5,40.6,31.5,1011.45,HeavyRain
27.0,62.0,0.0,11.2,1018.0,Normal
14.6,81.0,42.6,14.5,1014.8,HeavyRain
26.05,70.5,23.2,29.5,1019.95,HeavyRain
35.0,56.0,0.0,26.3,1005.0,Normal
24.1,67.0,0.43,11.2,1008.0,Normal
15.2,65.0,21.0,13.0,1014.2,HeavyRain
29.4,45.0,0.0,33.5,1006.0,Storm
8.35,69.5,31.2,21.0,1008.8,HeavyRain
34.0,41.0,0.0,34.9,1003.0,Storm
40.2,9.0,0.0,19.4,1010.0,Heatwave
16.950000000000003,64.0,34.8,16.0,1014.0,HeavyRain
25.3,56.0,0.0,11.2,1017.0,Normal
43.2,6.0,0.0,13.0,1005.0,Heatwave
17.35,88.0,21.8,14.5,1021.65,HeavyRain
26.0,30.0,0.0,25.2,1015.0,Normal
7.7,72.0,0.0,38.9,1007.0,Storm
24.4,24.0,0.0,34.2,1011.0,Storm
30.3,13.0,0.0,38.9,1009.0,Storm
16.049999999999997,51.0,68.4,28.0,999.1,HeavyRain
29.2,70.0,0.0,32.0,1012.0,Storm
12.85,74.5,29.6,17.5,1009.55,HeavyRain
42.0,11.0,0.0,25.9,1000.0,Heatwave
26.6,84.0,29.4,27.5,1003.9,HeavyRain
22.3,94.5,88.6,11.0,1004.2,HeavyRain
10.15,81.0,20.0,24.0,1016.0,HeavyRain
26.2,34.0,0.01,10.8,1024.0,Normal
34.1,41.0,0.0,19.1,1014.0,Normal
27.3,70.0,0.0,7.6,1014.0,Normal
41.4,14.0,0.0,30.6,1007.0,Storm
17.25,76.5,41.0,12.0,1012.95,HeavyRain
26.2,51.0,0.0,15.1,1014.0,Normal
21.25,81.0,30.2,14.0,1017.3,HeavyRain
28.1,78.0,31.8,19.5,1000.85,HeavyRain
33.1,30.0,0.0,9.7,1011.0,Normal
24.4,54.0,0.0,14.4,1014.0,Normal
34.2,60.0,0.0,18.4,1004.0,Normal
30.0,59.0,0.0,7.2,1009.0,Normal
24.8,23.0,0.0,33.5,1010.0,Storm
29.0,79.0,0.0,37.1,1009.0,Storm
14.75,96.5,23.2,11.0,994.75,HeavyRain
20.6,69.0,0.0,8.3,1018.0,Normal
25.0,32.0,0.0,10.1,1022.0,Normal
22.7,69.0,0.04,23.8,1018.0,Normal
28.950000000000003,69.5,49.2,10.0,1007.95,HeavyRain
22.65,76.5,27.0,8.0,1016.1,HeavyRain
11.0,66.0,0.0,32.0,1010.0,Storm
29.4,70.0,0.0,17.3,1013.0,Normal
43.2,13.0,0.0,11.2,1005.0,Heatwave
25.4,44.0,0.0,3.6,1017.0,Normal
14.6,89.5,22.2,9.5,1010.6,HeavyRain
16.1,90.0,0.56,34.9,1001.0,Storm
17.0,60.5,26.2,19.0,1011.6,HeavyRain
27.1,89.0,0.0,49.0,1004.0,Storm
21.3,46.0,0.0,10.8,1019.0,Normal
20.4,73.0,0.3,31.3,1002.0,Storm
12.3,94.0,0.86,33.8,999.0,Storm
17.8,92.5,164.2,54.5,1000.7,HeavyRain
28.0,40.0,0.03,28.1,1017.0,Normal
29.2,48.0,0.0,13.0,1013.0,Normal
20.65,54.5,31.4,28.0,1003.05,HeavyRain
20.1,56.0,0.0,9.0,1014.0,Normal
29.4,35.0,0.0,6.8,1013.0,Normal
30.0,75.0,0.0,31.0,1012.0,Storm
25.9,38.0,0.0,13.7,1014.0,Normal
19.950000000000003,88.5,35.0,19.5,1004.6,HeavyRain
29.4,75.0,0.03,37.1,1012.0,Storm
30.0,70.0,0.4,31.0,1006.0,Storm
43.0,27.0,0.0,26.6,997.0,Heatwave
47.2,5.0,0.0,32.4,998.0,Heatwave
1.2,93.0,0.15,43.6,974.0,Storm
24.2,89.0,1.1,30.6,1007.0,Storm
17.35,83.0,27.4,29.0,1024.35,HeavyRain
28.1,79.0,0.06,31.3,1012.0,Storm
29.0,39.0,0.0,37.4,1004.0,Storm
21.3,31.0,0.0,15.1,1029.0,Normal
26.6,74.0,31.8,14.0,1011.25,HeavyRain
27.1,86.0,0.35,38.9,1009.0,Storm
18.65,74.5,43.6,18.5,994.05,HeavyRain
19.700000000000003,54.5,23.2,25.0,1012.35,HeavyRain
26.5,47.0,0.29,15.1,1012.0,Normal
27.1,70.0,0.03,15.1,1014.0,Normal
17.0,86.0,38.2,38.5,1017.9,HeavyRain
30.1,79.0,0.0,32.4,1012.0,Storm
2.3,64.0,0.01,33.8,977.0,Storm
26.2,61.0,0.0,6.8,1012.0,Normal
20.1,49.0,0.0,7.2,1017.0,Normal
26.2,32.0,0.0,33.8,1003.0,Storm
22.85,84.5,27.0,14.0,1011.2,HeavyRain
14.1,77.0,0.0,47.2,1012.0,Storm
43.3,25.0,0.0,19.1,995.0,Heatwave
23.4,31.0,0.0,8.6,1015.0,Normal
20.0,69.5,32.2,23.0,1018.6,HeavyRain
43.0,20.0,0.0,13.0,1006.0,Heatwave
27.4,70.0,0.0,13.0,1010.0,Normal
9.1,87.0,0.99,44.6,993.0,Storm
25.2,47.0,0.0,18.0,1016.0,Normal
23.1,65.0,0.0,35.3,1012.0,Storm
21.15,91.0,24.6,6.5,1009.15,HeavyRain
27.9,65.0,0.0,16.2,1002.0,Normal
41.4,5.0,0.0,43.2,1000.0,Storm
28.8,79.0,0.29,36.7,1010.0,Storm
8.899999999999999,73.0,27.2,37.0,1007.3,HeavyRain
28.4,79.0,0.0,32.0,1010.0,Storm
26.2,88.0,30.0,16.0,1006.8,HeavyRain
10.2,82.0,0.24,34.9,990.0,Storm
25.2,83.0,0.0,33.1,1012.0,Storm
5.4,87.0,0.21,59.4,1005.0,Storm
40.4,28.0,0.0,20.2,998.0,Heatwave
22.1,57.0,0.02,15.1,1011.0,Normal
14.65,78.0,26.8,3.5,1012.8,HeavyRain
27.1,79.0,0.15,32.8,1012.0,Storm
14.6,58.5,31.4,28.0,1013.55,HeavyRain
26.5,88.0,58.4,16.0,1006.65,HeavyRain
30.9,30.0,0.0,31.3,1007.0,Storm
29.3,70.0,0.0,18.4,1013.0,Normal
27.2,34.0,0.0,16.9,1018.0,Normal
18.85,79.0,32.4,10.0,1010.65,HeavyRain
47.3,10.0,0.0,11.9,996.0,Heatwave
21.450000000000003,62.0,53.4,13.0,1015.45,HeavyRain
31.3,52.0,0.0,22.7,1009.0,Normal
12.65,83.0,36.4,20.0,993.4,HeavyRain
29.1,40.0,0.0,20.2,1016.0,Normal
20.0,46.0,0.37,31.0,997.0,Storm
8.2,76.0,0.01,46.1,1007.0,Storm
3.1,98.0,0.99,37.1,989.0,Storm
24.5,65.0,25.2,13.0,1005.15,HeavyRain
34.2,39.0,0.0,11.2,1012.0,Normal
28.0,27.0,0.0,31.0,1012.0,Storm
41.3,21.0,0.0,17.6,1005.0,Heatwave
27.4,37.0,0.0,17.3,1014.0,Normal
14.1,82.0,0.0,30.2,1005.0,Storm
45.0,18.0,0.0,19.8,997.0,Heatwave
16.85,66.0,20.4,18.5,1017.3,HeavyRain
32.2,67.0,0.01,5.0,1007.0,Normal
28.2,10.0,0.0,31.0,1006.0,Storm
12.3,74.5,39.4,36.0,1017.0,HeavyRain
27.1,74.0,0.0,32.4,1008.0,Storm
14.2,59.0,0.0,30.2,998.0,Storm
24.4,65.0,0.1,3.6,1018.0,Normal
24.3,87.0,1.49,31.0,1009.0,Storm
31.6,58.0,2.76,6.1,1008.0,Normal
33.5,60.0,0.0,12.6,1003.0,Normal
29.1,75.0,0.01,32.4,1008.0,Storm
28.4,35.0,26.2,23.0,1014.1,HeavyRain
28.4,84.0,1.24,41.4,1005.0,Storm
32.0,56.0,0.0,11.2,1003.0,Normal
29.1,79.0,0.29,31.3,1010.0,Storm
17.700000000000003,95.5,21.8,19.5,1017.35,HeavyRain
29.8,63.0,29.4,1.0,1007.3,HeavyRain
18.3,97.5,61.2,20.5,1015.4,HeavyRain
14.35,96.0,27.8,11.0,1026.15,HeavyRain
22.2,80.0,32.6,18.5,1014.9,HeavyRain
22.1,46.0,0.0,19.1,1013.0,Normal
43.0,10.0,0.0,14.8,999.0,Heatwave
17.95,81.5,23.4,12.0,1019.1,HeavyRain
21.3,80.5,54.8,27.0,1001.75,HeavyRain
26.0,94.0,1.63,33.1,1005.0,Storm
13.2,62.0,0.09,35.3,985.0,Storm
25.3,65.0,0.0,13.0,1015.0,Normal
15.6,64.0,21.4,20.5,1016.95,HeavyRain
23.5,87.0,38.2,17.5,1013.7,HeavyRain
22.0,40.0,0.0,31.0,1012.0,Storm
24.1,44.0,0.0,8.6,1019.0,Normal
-2.6,63.0,0.0,33.1,1001.0,Storm
27.4,84.0,2.81,40.0,1001.0,Storm
27.5,81.0,1.3,35.6,1007.0,Storm
28.9,58.0,0.0,21.2,1008.0,Normal
30.4,70.0,0.0,10.4,1013.0,Normal
19.45,89.5,27.0,13.0,1012.95,HeavyRain
23.2,61.0,0.01,11.5,1021.0,Normal
34.2,41.0,0.0,16.9,1011.0,Normal
24.85,97.0,278.4,14.0,1001.55,HeavyRain
20.4,60.0,0.0,24.1,1010.0,Normal
20.1,56.0,0.02,14.8,1015.0,Normal
30.4,59.0,0.01,5.8,1009.0,Normal
9.35,76.5,22.2,29.5,1005.4,HeavyRain
34.4,41.0,0.0,22.0,1009.0,Normal
27.2,66.0,0.0,7.9,1011.0,Normal
21.0,62.0,0.02,3.6,1014.0,Normal
24.2,69.0,0.0,36.0,1011.0,Storm
10.2,91.5,25.8,12.0,1016.35,HeavyRain
27.2,84.0,0.33,38.5,1008.0,Storm
41.4,14.0,0.0,33.5,998.0,Storm
17.8,98.5,36.2,4.5,1010.4,HeavyRain
11.5,61.5,24.2,49.5,1008.15,HeavyRain
40.0,19.0,0.0,25.9,1008.0,Heatwave
37.1,8.0,0.0,31.3,1010.0,Storm
32.3,43.0,0.0,15.5,1018.0,Normal
48.3,6.0,0.0,34.9,995.0,Storm
4.2,52.0,0.07,36.4,1004.0,Storm
25.3,40.0,0.0,3.6,1018.0,Normal
40.3,16.0,0.0,17.6,998.0,Heatwave
23.4,65.5,31.0,20.0,1022.2,HeavyRain
42.4,14.0,0.0,22.0,1001.0,Heatwave
15.25,87.5,42.2,37.5,1017.75,HeavyRain
28.4,45.0,0.0,10.4,1019.0,Normal
19.5,95.0,25.0,20.5,1021.35,HeavyRain
43.0,20.0,0.0,7.6,999.0,Heatwave
46.7,7.0,0.0,17.6,1000.0,Heatwave
40.3,34.0,0.0,32.0,996.0,Storm
28.2,79.0,0.22,31.7,1010.0,Storm
34.7,55.0,0.04,16.6,1000.0,Normal
43.3,4.0,0.0,3.6,1008.0,Heatwave
21.2,53.0,0.0,45.0,1001.0,Storm
21.3,69.0,0.0,6.5,1017.0,Normal
41.4,13.0,0.0,14.4,1005.0,Heatwave
26.0,28.0,0.0,43.9,1010.0,Storm
28.3,35.0,0.0,24.1,1015.0,Normal
27.1,65.0,0.0,16.9,1012.0,Normal
21.3,53.0,0.0,20.9,1006.0,Normal
11.7,50.0,39.6,13.0,1019.05,HeavyRain
20.4,52.0,0.13,12.2,1016.0,Normal
24.9,88.5,25.2,19.5,1007.35,HeavyRain
11.2,71.0,0.19,36.0,1011.0,Storm
20.1,77.5,25.8,16.5,1014.05,HeavyRain
10.75,69.5,21.0,28.5,1003.65,HeavyRain
28.1,62.0,0.0,31.7,1009.0,Storm
21.3,38.0,0.0,9.0,1015.0,Normal
26.0,75.0,0.01,33.8,1011.0,Storm
21.4,64.0,0.0,7.9,1019.0,Normal
26.4,54.0,0.0,35.3,1014.0,Normal
1.3,80.0,0.0,30.2,983.0,Storm
32.3,63.0,0.0,16.6,1009.0,Normal
45.0,9.0,0.0,15.8,999.0,Heatwave
40.1,26.0,0.0,9.4,999.0,Heatwave
23.3,53.0,0.0,7.2,1019.0,Normal
42.0,9.0,0.0,11.9,997.0,Heatwave
40.4,20.0,0.0,18.7,997.0,Heatwave
24.75,94.5,55.6,17.5,1010.55,HeavyRain
20.45,85.5,113.0,5.5,1019.8,HeavyRain
28.3,74.0,0.0,35.3,1012.0,Storm
31.8,8.0,0.0,30.6,1010.0,Storm
19.2,37.0,0.0,41.0,1009.0,Storm
21.5,71.5,104.8,37.0,1010.15,HeavyRain
28.3,74.0,0.02,33.5,1011.0,Storm
21.15,86.5,99.4,30.5,1011.25,HeavyRain
30.0,40.0,0.0,19.8,1021.0,Normal
33.3,32.0,0.0,30.6,1010.0,Storm
23.35,75.5,40.4,12.0,1005.4,HeavyRain
35.0,60.0,0.0,15.1,1003.0,Normal
22.1,57.0,0.0,6.1,1025.0,Normal
30.1,70.0,1.36,24.8,1011.0,Normal
23.3,47.0,0.0,18.0,1025.0,Normal
26.2,32.0,0.0,12.2,1015.0,Normal
22.3,69.0,0.0,21.6,1017.0,Normal
22.8,70.0,0.0,11.2,1007.0,Normal
22.3,69.0,0.0,3.6,1013.0,Normal
17.6,74.0,52.2,10.0,1011.55,HeavyRain
25.0,41.0,0.0,11.2,1023.0,Normal
27.8,81.0,0.04,33.8,1007.0,Storm
1.1,97.0,1.77,33.1,1006.0,Storm
40.1,7.0,0.0,30.2,1007.0,Storm
26.1,94.0,0.32,30.6,1009.0,Storm
11.55,85.5,23.2,35.5,1019.4,HeavyRain
1.1,93.0,2.61,37.8,1012.0,Storm
24.8,96.0,73.4,11.0,1011.1,HeavyRain
29.1,35.0,0.0,3.6,1011.0,Normal
44.9,11.0,0.0,27.0,1002.0,Heatwave
42.4,7.0,0.0,28.4,1003.0,Heatwave
12.0,67.0,0.0,46.1,1007.0,Storm
18.4,85.5,55.0,12.0,1018.05,HeavyRain
43.7,5.0,0.0,11.2,1004.0,Heatwave
19.75,87.0,61.2,29.0,1018.45,HeavyRain
26.1,34.0,0.0,15.8,1024.0,Normal
28.3,84.0,0.43,31.0,1010.0,Storm
27.45,82.5,34.2,11.0,1008.15,HeavyRain
11.9,79.5,35.6,12.0,1014.75,HeavyRain
26.9,87.0,2.07,33.5,1006.0,Storm
24.35,81.0,20.4,13.0,1011.05,HeavyRain
11.55,67.0,21.4,17.5,1030.55,HeavyRain
20.45,78.5,39.8,21.0,1017.75,HeavyRain
29.1,16.0,0.0,31.0,1012.0,Storm
3.2,65.0,0.0,65.2,987.0,Storm
24.3,54.0,0.52,7.6,1021.0,Normal
28.4,84.0,0.78,37.4,1008.0,Storm
27.2,54.0,0.0,23.8,1010.0,Normal
25.3,96.0,129.4,12.0,1006.4,HeavyRain
14.65,95.0,27.4,13.0,1012.6,HeavyRain
29.2,70.0,0.0,20.9,1014.0,Normal
27.4,74.0,0.0,31.3,1008.0,Storm
22.0,37.0,0.0,8.3,1011.0,Normal
16.2,47.0,23.0,41.0,1000.15,HeavyRain
20.1,39.0,0.0,11.2,1024.0,Normal
43.7,5.0,0.0,22.0,1001.0,Heatwave
21.4,56.0,0.0,23.0,1020.0,Normal
23.35,91.0,26.6,8.0,1012.6,HeavyRain
25.75,70.0,40.0,15.0,1010.1,HeavyRain
31.2,66.0,0.01,14.4,1009.0,Normal
24.6,41.0,0.0,9.7,1015.0,Normal
28.2,66.0,2.77,5.4,1008.0,Normal
22.3,61.5,25.0,21.5,1010.7,HeavyRain
25.4,34.0,0.0,11.5,1020.0,Normal
15.25,91.0,59.4,29.0,1011.65,HeavyRain
25.1,57.0,0.0,5.8,1011.0,Normal
0.3,93.0,0.6,31.0,1005.0,Storm
34.6,42.0,0.0,24.1,1009.0,Normal
28.700000000000003,75.5,34.8,15.0,1006.25,HeavyRain
28.0,70.0,0.0,9.0,1016.0,Normal
28.1,81.5,38.2,13.0,1004.3,HeavyRain
29.2,75.0,0.0,32.8,1012.0,Storm
40.2,11.0,0.0,14.8,1005.0,Heatwave
18.65,88.5,33.2,12.0,1011.4,HeavyRain
21.5,60.5,21.2,23.5,1013.6,HeavyRain
25.3,62.0,0.02,15.1,1019.0,Normal
32.8,61.0,0.26,38.5,993.0,Normal
10.4,76.0,0.01,40.7,997.0,Storm
10.0,87.0,0.0,31.0,1009.0,Storm
30.2,70.0,0.02,17.3,1012.0,Normal
31.1,61.0,0.0,15.1,1006.0,Normal
26.7,81.5,76.8,7.5,1008.65,HeavyRain
42.2,13.0,0.0,35.3,1003.0,Storm
13.6,56.5,53.4,25.0,1010.15,HeavyRain
14.2,67.0,0.0,34.2,1009.0,Storm
8.0,61.0,0.05,42.8,1010.0,Storm
40.0,28.0,0.0,13.0,1000.0,Heatwave
18.45,77.0,20.4,23.0,1008.95,HeavyRain
20.450000000000003,75.0,76.4,6.0,1014.95,HeavyRain
10.3,71.0,0.01,33.1,995.0,Storm
14.35,74.5,42.2,6.5,1019.35,HeavyRain
41.4,14.0,0.0,33.5,998.0,Heatwave
15.3,63.0,0.44,38.9,1002.0,Storm
3.4,70.0,0.16,54.0,996.0,Storm
34.2,34.0,0.0,15.1,1009.0,Normal
41.1,15.0,0.0,37.4,1002.0,Heatwave
12.35,89.0,76.2,11.0,996.95,HeavyRain
34.7,12.0,0.0,31.7,1011.0,Storm
13.3,65.5,70.8,27.0,1012.55,HeavyRain
18.45,77.0,45.8,19.5,1011.35,HeavyRain
27.4,61.0,27.2,14.0,1008.7,HeavyRain
40.0,19.0,0.0,20.2,1008.0,Heatwave
28.1,84.0,0.03,33.1,1009.0,Storm
22.8,89.0,30.8,31.5,998.6,HeavyRain
16.2,59.0,0.01,37.1,998.0,Storm
42.2,10.0,0.0,13.7,1006.0,Heatwave
30.2,59.0,0.0,3.6,1016.0,Normal
22.3,77.0,24.8,23.0,1011.3,HeavyRain
23.15,83.0,22.4,5.0,1017.45,HeavyRain
20.0,68.0,0.0,6.8,1013.0,Normal
27.3,66.0,0.42,3.6,1019.0,Normal
27.1,89.0,0.4,30.6,1009.0,Storm
25.3,94.0,0.1,35.6,1008.0,Storm
12.2,71.0,0.02,31.0,992.0,Storm
24.1,57.0,0.0,15.8,1018.0,Normal
22.3,61.0,0.0,13.0,1011.0,Normal
14.75,71.0,47.0,18.5,1015.0,HeavyRain
27.3,77.0,21.0,16.0,1007.25,HeavyRain
20.3,56.0,0.01,13.0,1011.0,Normal
9.55,83.5,32.4,35.0,993.65,HeavyRain
25.2,51.0,0.0,3.6,1016.0,Normal
28.2,62.0,0.01,31.7,1011.0,Storm
30.1,66.0,0.0,9.0,1010.0,Normal
25.4,68.0,0.01,41.0,1016.0,Normal
29.0,79.0,0.17,30.6,1007.0,Storm
1.1,69.0,0.0,30.2,1010.0,Storm
18.15,84.5,27.0,13.0,1009.0,HeavyRain
23.35,97.5,178.2,26.0,1007.45,HeavyRain
26.0,54.0,0.03,37.1,1007.0,Storm
12.4,71.0,0.05,50.0,978.0,Storm
23.3,84.5,22.4,3.0,1013.1,HeavyRain
41.0,23.0,0.0,20.2,1007.0,Heatwave
18.9,74.0,41.8,25.0,1021.3,HeavyRain
22.8,79.0,20.2,21.5,1019.6,HeavyRain
26.85,93.0,45.8,16.0,1006.75,HeavyRain
45.4,16.0,0.0,31.3,994.0,Storm
21.1,53.0,0.0,21.2,1021.0,Normal
26.3,82.0,0.0,31.3,1007.0,Storm
32.1,51.0,0.21,31.0,1009.0,Storm
43.7,13.0,0.0,3.6,1000.0,Heatwave
16.05,72.0,34.0,30.0,1023.75,HeavyRain
34.1,53.0,0.0,32.8,1003.0,Storm
20.4,41.0,0.0,3.6,1014.0,Normal
34.3,60.0,0.62,8.6,1006.0,Normal
12.65,70.5,21.8,19.5,1008.6,HeavyRain
30.95,59.5,20.6,25.5,1007.6,HeavyRain
29.8,7.0,0.0,32.8,1012.0,Storm
20.1,81.0,29.0,26.0,1019.3,HeavyRain
20.3,68.0,0.0,6.1,1016.0,Normal
11.3,83.5,26.2,11.5,1013.8,HeavyRain
8.0,81.0,0.0,34.6,1012.0,Storm
12.9,66.0,20.8,29.5,1020.15,HeavyRain
15.55,93.0,26.8,18.5,1022.35,HeavyRain
26.3,70.0,0.0,7.2,1015.0,Normal
16.65,68.0,30.6,26.0,1018.5,HeavyRain
12.35,80.0,41.2,19.5,1014.35,HeavyRain
33.1,47.0,0.0,33.1,1009.0,Storm
10.2,58.0,0.0,45.0,973.0,Storm
33.2,59.0,0.0,14.0,1007.0,Normal
44.4,9.0,0.0,17.6,996.0,Heatwave
21.0,50.0,0.0,11.9,1023.0,Normal
30.0,70.0,0.0,32.0,1009.0,Storm
32.2,18.0,0.0,32.8,1009.0,Storm
26.5,72.0,0.0,31.3,1010.0,Storm
7.0,87.0,0.13,37.4,984.0,Storm
40.0,30.0,0.0,22.0,994.0,Heatwave
29.1,70.0,0.0,27.0,1014.0,Normal
19.25,74.5,23.6,7.5,1013.65,HeavyRain
20.6,89.5,30.0,24.5,1015.5,HeavyRain
41.0,15.0,0.0,6.1,994.0,Heatwave
40.0,14.0,0.0,15.1,1005.0,Heatwave
42.3,12.0,0.0,15.1,995.0,Heatwave
37.0,22.0,0.0,33.1,1006.0,Storm
27.5,65.0,0.0,13.3,1010.0,Normal
25.2,100.0,4.63,33.1,1011.0,Storm
29.0,66.0,0.39,19.1,1014.0,Normal
30.2,59.0,0.0,4.7,1012.0,Normal
22.0,69.0,0.2,23.0,1006.0,Normal
9.3,87.0,0.0,30.6,1003.0,Storm
4.1,93.0,0.66,32.4,994.0,Storm
14.05,62.0,49.8,36.0,1011.4,HeavyRain
23.5,18.0,0.0,31.3,1012.0,Storm
34.1,11.0,0.0,31.3,1010.0,Storm
21.25,61.0,21.0,15.0,1006.8,HeavyRain
21.3,48.0,0.0,28.8,1018.0,Normal
28.3,55.0,0.0,6.1,1015.0,Normal
42.4,26.0,0.0,9.7,997.0,Heatwave
26.2,94.0,0.0,51.8,1001.0,Storm
19.0,88.0,0.0,30.6,1011.0,Storm
19.0,88.0,0.0,30.6,1012.0,Storm
30.2,43.0,0.0,28.8,1011.0,Normal
12.15,65.0,29.8,18.5,1013.0,HeavyRain
26.0,84.0,0.09,33.8,1011.0,Storm
11.05,75.0,23.4,19.0,1016.45,HeavyRain
16.1,88.0,40.6,23.0,1006.4,HeavyRain
14.85,75.5,63.2,29.0,1013.35,HeavyRain
30.1,66.0,0.0,36.4,1007.0,Storm
44.1,10.0,0.0,13.3,1003.0,Heatwave
29.5,77.0,0.41,32.8,1010.0,Storm
40.3,20.0,0.0,7.2,1008.0,Heatwave
29.0,34.0,0.0,10.8,1010.0,Normal
26.6,57.0,0.06,4.3,1015.0,Normal
17.450000000000003,80.0,22.4,25.0,1018.85,HeavyRain
15.45,82.5,28.8,12.0,1003.15,HeavyRain
22.4,81.0,31.8,15.0,1020.35,HeavyRain
15.95,59.0,23.4,19.5,1018.25,HeavyRain
32.2,56.0,0.0,37.8,1005.0,Storm
30.1,38.0,0.0,38.9,1004.0,Storm
27.3,76.0,0.02,31.7,1010.0,Storm
24.950000000000003,80.5,26.8,26.0,995.35,HeavyRain
16.5,82.0,28.4,8.5,1024.95,HeavyRain
42.7,4.0,0.0,29.2,1005.0,Heatwave
26.4,89.0,0.3,37.8,1010.0,Storm
23.2,53.0,0.0,13.3,1017.0,Normal
31.4,63.0,0.13,19.8,1004.0,Normal
28.0,37.0,0.0,33.1,1009.0,Storm
12.1,88.0,0.18,50.0,1003.0,Storm
26.3,79.0,0.28,31.0,1011.0,Storm
17.700000000000003,91.5,36.0,23.0,1010.3,HeavyRain
29.1,40.0,0.0,11.2,1017.0,Normal
10.1,82.0,0.48,36.0,998.0,Storm
23.3,44.0,0.0,6.1,1024.0,Normal
31.3,63.0,0.0,15.1,999.0,Normal
28.0,71.0,0.0,30.2,1007.0,Storm
27.0,37.0,0.0,22.0,1008.0,Normal
14.3,82.0,0.27,30.2,1007.0,Storm
42.0,6.0,0.0,13.0,1007.0,Heatwave
26.1,84.0,0.04,33.5,1011.0,Storm
29.8,66.0,0.0,31.0,1012.0,Storm
28.4,43.0,0.0,8.6,1012.0,Normal
26.4,70.5,29.0,22.5,1005.8,HeavyRain
28.0,61.0,0.0,10.4,1001.0,Normal
25.2,54.0,0.0,31.7,1007.0,Storm
26.9,87.0,0.54,52.9,1009.0,Storm
28.2,79.0,0.14,37.8,1008.0,Storm
10.1,79.0,36.0,18.5,1011.45,HeavyRain
19.6,80.0,22.4,22.0,1027.45,HeavyRain
28.7,85.0,0.0,33.8,1009.0,Storm
22.7,60.0,0.54,14.4,1014.0,Normal
21.3,40.0,0.0,33.8,1002.0,Storm
25.4,93.5,34.0,18.0,1007.8,HeavyRain
19.3,78.0,0.03,42.8,1000.0,Storm
24.95,87.5,30.8,0.0,1005.45,HeavyRain
32.3,30.0,0.0,39.6,1012.0,Storm
25.15,80.5,53.4,24.0,1016.0,HeavyRain
27.35,85.5,58.6,15.0,1013.85,HeavyRain
16.4,88.0,0.0,37.8,1004.0,Storm
30.2,34.0,0.0,33.1,1004.0,Storm
28.0,74.0,0.05,33.1,1012.0,Storm
28.3,79.0,0.05,31.3,1006.0,Storm
24.2,65.0,0.0,11.9,1017.0,Normal
28.2,70.0,0.0,7.2,1011.0,Normal
22.0,61.0,0.0,19.1,1012.0,Normal
42.3,18.0,0.0,31.7,999.0,Storm
26.4,94.0,4.59,37.8,1009.0,Storm
10.75,80.5,20.4,14.0,1011.45,HeavyRain
26.2,58.0,0.0,33.1,1007.0,Storm
18.2,71.5,22.8,23.0,1011.8,HeavyRain
23.85,57.0,48.4,26.0,992.35,HeavyRain
14.6,79.5,23.8,21.0,1000.6,HeavyRain
44.4,8.0,0.0,3.6,1006.0,Heatwave
8.0,100.0,0.36,31.0,988.0,Storm
40.4,17.0,0.0,16.2,1003.0,Heatwave
10.55,76.5,20.2,7.5,1008.45,HeavyRain
45.4,4.0,0.0,31.0,1001.0,Heatwave
28.6,39.0,21.2,17.0,1006.3,HeavyRain
32.7,19.0,0.0,31.7,1012.0,Storm
30.1,66.0,0.0,13.0,1010.0,Normal
7.9,75.5,25.4,24.0,1016.0,HeavyRain
9.5,86.0,0.0,30.2,998.0,Storm
24.3,79.0,0.18,37.4,1012.0,Storm
5.3,70.0,0.05,32.4,996.0,Storm
17.1,96.0,29.2,36.0,998.85,HeavyRain
42.1,18.0,0.0,17.6,1002.0,Heatwave
21.05,76.5,20.8,15.5,995.3,HeavyRain
24.3,46.0,0.0,8.6,1013.0,Normal
28.2,78.0,0.9,32.8,1009.0,Storm
29.2,75.0,0.01,32.4,1008.0,Storm
23.4,73.0,0.0,36.0,1012.0,Storm
31.0,52.0,0.04,20.9,1013.0,Normal
33.1,41.0,0.0,35.6,1006.0,Storm
14.3,53.0,30.6,21.5,1005.3,HeavyRain
27.1,12.0,0.0,31.3,1009.0,Storm
19.3,94.0,0.0,30.2,1001.0,Storm
29.4,43.0,0.0,3.6,1012.0,Normal
32.3,67.0,0.39,31.3,1006.0,Storm
24.5,74.0,22.6,18.5,1009.45,HeavyRain
22.0,53.0,0.0,28.1,1018.0,Normal
14.7,50.5,34.4,18.5,1019.7,HeavyRain
43.4,8.0,0.0,15.5,999.0,Heatwave
43.2,22.0,0.0,16.9,997.0,Heatwave
11.7,49.5,22.4,10.5,1022.95,HeavyRain
14.85,74.5,23.2,26.0,996.65,HeavyRain
29.9,34.0,0.0,8.3,1009.0,Normal
10.0,83.5,23.2,27.5,1008.3,HeavyRain
27.1,9.0,0.0,33.8,1012.0,Storm
14.0,87.5,26.8,27.0,1004.15,HeavyRain
25.2,74.0,0.0,34.9,1012.0,Storm
29.0,40.0,0.02,15.5,1013.0,Normal
22.2,65.0,0.0,3.6,1020.0,Normal
22.9,74.0,28.6,11.5,1013.7,HeavyRain
25.0,80.5,61.4,27.5,997.1,HeavyRain
31.2,59.0,0.0,4.0,1013.0,Normal
11.95,80.0,28.6,21.5,1014.75,HeavyRain
45.2,22.0,0.0,14.0,995.0,Heatwave
2.3,80.0,0.33,47.5,985.0,Storm
21.450000000000003,84.5,48.2,8.0,1010.7,HeavyRain
11.85,89.5,28.4,16.5,1019.2,HeavyRain
9.7,88.5,52.8,15.5,1023.65,HeavyRain
21.2,56.0,0.0,28.8,1018.0,Normal
43.0,15.0,0.0,4.0,1007.0,Heatwave
18.0,98.5,34.0,16.0,1008.55,HeavyRain
21.0,43.0,0.0,7.2,1015.0,Normal
29.4,79.0,0.0,32.8,1011.0,Storm
42.2,11.0,0.0,20.2,998.0,Heatwave
2.3,87.0,0.0,31.3,1010.0,Storm
28.1,84.0,0.05,31.7,1011.0,Storm
32.8,30.0,0.0,4.3,1016.0,Normal
16.3,50.5,23.6,25.0,1006.15,HeavyRain
20.2,46.0,0.0,5.8,1014.0,Normal
44.2,14.0,0.0,13.3,997.0,Heatwave
28.2,69.0,0.0,7.6,1006.0,Normal
21.0,91.0,107.4,19.5,1005.0,HeavyRain
28.2,84.0,2.99,30.2,1008.0,Storm
28.0,78.0,0.17,34.6,1010.0,Storm
26.6,78.0,0.18,33.5,1010.0,Storm
19.2,100.0,1.49,37.4,1005.0,Storm
44.8,6.0,0.0,40.7,997.0,Storm
24.2,54.0,0.0,20.9,1013.0,Normal
24.3,94.0,0.0,31.0,1007.0,Storm
29.2,79.0,0.01,30.6,1009.0,Storm
43.5,9.0,0.0,11.9,1000.0,Heatwave
26.0,71.5,37.0,17.5,1008.55,HeavyRain
26.1,50.0,0.0,6.1,1014.0,Normal
24.7,69.0,0.05,19.4,1018.0,Normal
16.0,77.0,0.79,32.8,1001.0,Storm
21.35,49.5,22.0,17.0,1020.85,HeavyRain
29.2,43.0,14.41,31.0,1011.0,Storm
41.1,14.0,0.0,17.6,1007.0,Heatwave
15.15,62.5,21.6,32.5,1018.8,HeavyRain
16.150000000000002,56.0,34.2,16.5,1017.65,HeavyRain
18.4,88.0,0.0,32.0,1012.0,Storm
24.4,39.0,0.0,13.0,1016.0,Normal
16.3,55.0,0.0,31.7,998.0,Storm
25.8,98.0,136.4,15.0,1004.6,HeavyRain
20.35,85.5,71.6,16.0,1012.1,HeavyRain
28.5,60.0,0.62,3.6,1008.0,Normal
30.1,59.0,0.0,19.4,1013.0,Normal
19.2,57.0,21.8,24.0,1017.75,HeavyRain
27.05,80.0,115.0,5.5,1009.3,HeavyRain
20.1,35.0,0.0,15.1,1013.0,Normal
17.2,67.5,25.6,31.5,1008.4,HeavyRain
28.1,79.0,0.29,34.6,1012.0,Storm
23.2,57.0,0.14,6.1,1018.0,Normal
21.1,46.0,0.0,16.6,1014.0,Normal
30.2,84.0,0.62,31.7,1004.0,Storm
26.15,88.0,44.4,21.0,1011.05,HeavyRain
2.1,93.0,0.01,44.6,1007.0,Storm
22.1,50.0,0.0,6.1,1020.0,Normal
30.3,59.0,0.0,31.3,1011.0,Storm
34.2,47.0,0.0,23.8,1011.0,Normal
28.1,84.0,0.29,42.5,1010.0,Storm
28.25,71.0,20.6,15.0,1010.25,HeavyRain
27.2,51.0,0.0,17.3,1013.0,Normal
43.0,10.0,0.0,19.1,1002.0,Heatwave
5.2,87.0,0.0,39.2,1005.0,Storm
45.2,7.0,0.0,7.2,997.0,Heatwave
46.0,11.0,0.0,18.7,996.0,Heatwave
17.95,77.0,34.2,17.5,1021.2,HeavyRain
20.3,68.0,0.0,10.1,1020.0,Normal
29.3,31.0,0.0,11.5,1022.0,Normal
42.8,23.0,0.0,5.0,999.0,Heatwave
21.0,81.0,23.2,15.0,1014.4,HeavyRain
32.1,59.0,0.12,32.4,1007.0,Storm
31.3,47.0,0.0,10.4,1011.0,Normal
14.8,74.5,36.4,13.0,1007.95,HeavyRain
26.0,93.0,77.6,27.0,1003.75,HeavyRain
24.1,80.5,62.8,10.0,1003.3,HeavyRain
14.6,82.5,45.4,25.0,1015.2,HeavyRain
9.0,76.0,0.0,33.8,1001.0,Storm
18.95,63.0,76.2,7.0,1007.65,HeavyRain
28.3,70.0,0.02,11.5,1016.0,Normal
14.1,72.0,38.2,17.0,1018.6,HeavyRain
13.3,72.0,0.09,35.6,996.0,Storm
27.0,70.0,0.0,41.0,1010.0,Storm
30.0,62.0,0.13,33.1,1012.0,Storm
26.25,92.5,42.0,29.5,1003.9,HeavyRain
15.85,99.5,20.6,31.5,1016.0,HeavyRain
24.0,31.0,0.0,38.9,1009.0,Storm
29.4,75.0,0.03,41.0,1011.0,Storm
23.1,53.0,0.0,11.2,1018.0,Normal
22.1,61.0,0.0,34.9,1010.0,Storm
23.1,38.0,0.0,4.7,1018.0,Normal
30.1,44.0,0.0,18.0,1005.0,Normal
23.15,75.5,48.6,12.0,1011.3,HeavyRain
27.2,37.0,0.0,3.6,1020.0,Normal
10.25,84.0,44.4,33.0,1002.85,HeavyRain
19.450000000000003,78.5,29.2,1.0,1018.85,HeavyRain
25.3,39.0,0.0,19.4,1005.0,Normal
44.6,8.0,0.0,31.3,996.0,Storm
20.7,85.5,28.8,10.0,1013.9,HeavyRain
20.950000000000003,83.0,118.0,21.5,1018.35,HeavyRain
25.3,85.5,53.0,22.5,1010.75,HeavyRain
14.05,85.5,192.0,33.0,1012.3,HeavyRain
16.65,65.5,38.6,14.0,1019.9,HeavyRain
14.35,67.0,36.0,20.0,1022.85,HeavyRain
22.75,65.5,22.0,26.5,1018.4,HeavyRain
33.2,63.0,0.56,30.2,1010.0,Storm
25.2,100.0,1.13,36.4,999.0,Storm
21.1,60.0,0.02,15.5,1016.0,Normal
27.45,82.0,69.2,10.0,1008.1,HeavyRain
24.0,31.0,0.0,15.1,1027.0,Normal
28.15,71.5,30.8,8.5,1008.05,HeavyRain
18.0,94.0,4.13,31.7,994.0,Storm
33.0,47.0,0.0,15.1,1013.0,Normal
28.1,70.0,0.0,35.3,1011.0,Storm
31.4,50.0,0.01,15.5,1007.0,Normal
28.9,74.0,0.0,31.0,1007.0,Storm
26.8,66.0,0.0,3.6,1012.0,Normal
44.4,5.0,0.0,3.6,1006.0,Heatwave
24.3,83.0,0.01,31.3,1012.0,Storm
15.2,100.0,0.34,36.4,996.0,Storm
16.1,88.0,0.01,31.3,990.0,Storm
0.1,74.0,0.0,41.0,1009.0,Storm
20.15,91.0,58.4,17.5,1020.75,HeavyRain
33.2,67.0,0.0,31.0,998.0,Storm
22.4,85.0,20.2,8.0,1016.45,HeavyRain
27.1,82.0,0.01,31.0,1009.0,Storm
24.55,67.5,20.6,8.0,1009.5,HeavyRain
23.1,63.5,22.4,9.0,1011.5,HeavyRain
38.2,42.0,0.0,31.0,1000.0,Storm
3.0,81.0,0.08,30.2,999.0,Storm
27.0,73.0,0.0,33.8,1009.0,Storm
12.3,74.0,0.04,30.6,996.0,Storm
19.25,100.0,82.8,48.0,1009.45,HeavyRain
21.0,49.0,0.0,6.1,1026.0,Normal
42.4,12.0,0.0,20.9,1002.0,Heatwave
40.0,7.0,0.0,19.1,1010.0,Heatwave
27.6,68.0,0.0,14.8,1015.0,Normal
19.15,51.5,49.4,20.5,1002.5,HeavyRain
14.1,94.0,1.52,44.3,1004.0,Storm
26.2,61.0,0.0,35.6,1002.0,Storm
30.3,35.0,0.0,33.1,1008.0,Storm
17.2,83.0,0.3,38.5,999.0,Storm
9.2,81.0,0.13,42.1,994.0,Storm
15.2,72.0,28.8,37.0,1024.5,HeavyRain
26.45,68.5,31.2,7.5,1003.75,HeavyRain
11.7,72.0,0.0,30.2,1009.0,Storm
26.5,51.0,0.0,3.6,1014.0,Normal
40.1,8.0,0.0,23.0,1007.0,Heatwave
9.75,87.0,21.0,4.0,1015.95,HeavyRain
23.3,61.0,0.01,9.7,1014.0,Normal
27.1,51.0,0.09,31.0,1010.0,Storm
31.5,69.0,0.0,19.4,999.0,Normal
25.8,50.0,26.2,17.5,1006.2,HeavyRain
27.8,82.5,45.0,20.5,1003.25,HeavyRain
44.3,16.0,0.0,35.3,993.0,Heatwave
19.1,73.0,0.0,40.3,1007.0,Storm
28.1,61.0,30.6,12.0,1008.45,HeavyRain
27.2,48.0,0.0,35.6,1005.0,Storm
22.0,69.0,0.0,20.2,1005.0,Normal
13.75,57.5,35.8,16.0,1022.2,HeavyRain
21.75,59.5,24.8,22.5,1004.15,HeavyRain
30.2,79.0,0.32,30.2,1008.0,Storm
-2.7,68.0,0.01,47.2,1010.0,Storm
28.4,48.0,0.0,34.2,1015.0,Normal
27.3,85.0,0.04,36.7,1012.0,Storm
23.4,68.0,0.01,13.7,1013.0,Normal
34.6,38.0,0.0,20.5,1008.0,Normal
11.5,80.0,27.2,15.0,1018.45,HeavyRain
19.3,73.0,0.0,41.4,985.0,Storm
27.35,70.5,70.4,23.5,1010.35,HeavyRain
20.2,64.0,0.0,31.7,1014.0,Normal
30.2,66.0,0.0,31.3,1010.0,Storm
29.4,84.0,0.02,40.3,1007.0,Storm
30.2,66.0,0.0,14.0,1012.0,Normal
32.1,67.0,0.63,6.5,1005.0,Normal
42.1,11.0,0.0,6.1,1001.0,Heatwave
30.0,38.0,0.0,22.0,1009.0,Normal
29.1,45.0,0.0,10.4,1008.0,Normal
33.3,59.0,0.0,14.4,1007.0,Normal
15.4,77.0,0.01,36.4,997.0,Storm
8.65,80.5,22.2,20.5,994.95,HeavyRain
26.7,12.0,0.0,39.6,1012.0,Storm
42.1,14.0,0.0,22.0,998.0,Heatwave
23.200000000000003,84.5,112.0,17.5,1014.0,HeavyRain
17.35,75.0,34.4,8.0,1019.15,HeavyRain
42.9,21.0,0.0,9.7,991.0,Heatwave
21.35,68.5,32.6,30.5,1024.55,HeavyRain
32.8,11.0,0.0,35.6,1009.0,Storm
18.75,79.5,22.2,17.0,1025.1999999999998,HeavyRain
46.0,9.0,0.0,13.0,997.0,Heatwave
29.7,38.0,0.0,15.8,1009.0,Normal
25.0,61.0,0.0,3.6,1017.0,Normal
16.1,81.5,20.4,7.5,1015.55,HeavyRain
14.05,92.0,50.4,23.5,1021.45,HeavyRain
42.9,20.0,0.0,28.8,993.0,Heatwave
26.35,89.5,72.2,22.5,1002.5,HeavyRain
29.4,62.0,0.08,31.3,1012.0,Storm
11.25,79.5,40.6,17.5,1026.0,HeavyRain
31.3,66.0,0.02,3.6,1008.0,Normal
12.15,69.0,25.0,13.0,1017.75,HeavyRain
21.4,64.0,0.02,28.8,1017.0,Normal
22.3,50.0,0.0,35.3,1011.0,Storm
22.5,36.0,0.0,9.4,1021.0,Normal
36.1,11.0,0.0,37.1,1003.0,Storm
22.95,58.0,30.0,14.0,1006.5,HeavyRain
43.3,8.0,0.0,9.4,1006.0,Heatwave
30.0,31.0,0.0,19.8,1012.0,Normal
28.2,78.0,0.02,39.6,1012.0,Storm
19.950000000000003,84.0,37.4,12.0,1007.15,HeavyRain
12.1,94.0,1.97,42.1,1010.0,Storm
-1.9,74.0,0.13,31.0,1007.0,Storm
20.0,68.0,0.0,4.0,1021.0,Normal
24.2,94.0,0.98,38.5,1011.0,Storm
28.3,62.0,0.0,28.8,1016.0,Normal
23.6,85.0,98.0,33.5,1006.7,HeavyRain
20.3,53.0,0.0,22.0,1024.0,Normal
13.2,82.0,0.08,46.8,996.0,Storm
13.1,55.5,44.4,10.5,1017.25,HeavyRain
32.2,63.0,0.0,12.6,1007.0,Normal
43.4,5.0,0.0,31.0,999.0,Heatwave
26.6,69.0,0.01,32.8,1011.0,Storm
23.85,96.0,22.0,25.0,999.65,HeavyRain
21.2,64.0,0.0,31.0,1010.0,Storm
15.05,71.5,21.2,18.5,1028.1,HeavyRain
21.0,59.0,0.01,15.8,1017.0,Normal
42.0,10.0,0.0,30.6,999.0,Storm
25.9,90.5,61.0,18.5,1009.4,HeavyRain
13.6,89.5,20.6,27.0,995.0,HeavyRain
26.5,80.0,170.4,29.0,1011.55,HeavyRain
33.3,56.0,0.0,4.3,1012.0,Normal
14.3,59.0,0.73,43.2,999.0,Storm
20.25,87.5,32.0,19.5,1021.65,HeavyRain
24.3,41.0,0.04,24.8,1020.0,Normal
6.2,100.0,1.58,34.6,1003.0,Storm
15.3,49.0,0.0,36.0,1011.0,Storm
13.65,65.0,24.0,16.0,1014.3,HeavyRain
28.0,78.0,0.0,31.3,1008.0,Storm
11.2,77.5,35.4,26.5,998.55,HeavyRain
17.5,89.0,67.8,22.0,1006.5,HeavyRain
25.3,94.0,32.4,15.5,1010.1,HeavyRain
26.1,94.0,0.01,32.8,1011.0,Storm
30.4,66.0,0.13,11.5,1013.0,Normal
25.0,100.0,0.03,32.0,1012.0,Storm
34.4,56.0,0.0,15.5,1008.0,Normal
5.8,66.0,0.37,40.3,1002.0,Storm
27.35,72.0,30.0,21.0,1002.25,HeavyRain
22.0,58.0,0.0,8.6,1012.0,Normal
27.4,89.0,0.63,34.6,1008.0,Storm
23.4,61.0,0.0,15.5,1024.0,Normal
27.4,70.0,0.01,36.4,1016.0,Normal
28.6,82.0,0.15,36.0,1009.0,Storm
21.7,53.0,0.12,20.2,1008.0,Normal
14.85,68.0,32.6,27.5,1012.3,HeavyRain
25.2,83.0,0.26,35.3,1012.0,Storm
43.3,15.0,0.0,16.9,1004.0,Heatwave
22.55,92.0,22.8,32.0,1010.85,HeavyRain
30.2,45.0,0.0,27.0,1011.0,Normal
26.1,61.0,0.0,11.9,1019.0,Normal
21.0,77.0,22.0,8.5,1005.2,HeavyRain
26.0,48.0,0.0,11.5,1020.0,Normal
40.5,11.0,0.0,22.3,1004.0,Heatwave
29.2,70.0,0.0,34.2,1011.0,Storm
12.4,77.5,23.4,33.5,1023.85,HeavyRain
45.1,6.0,0.0,27.7,997.0,Heatwave
43.2,20.0,0.0,9.7,1002.0,Heatwave
23.3,65.0,0.0,5.4,1021.0,Normal
11.55,82.0,31.4,26.0,1016.0,HeavyRain
28.0,55.0,0.0,33.1,1014.0,Normal
14.8,56.0,26.0,19.5,997.7,HeavyRain
42.1,13.0,0.0,3.6,1002.0,Heatwave
22.1,69.0,0.0,15.1,1011.0,Normal
24.1,57.0,0.0,62.3,1009.0,Storm
12.2,73.0,21.0,28.0,1032.3,HeavyRain
21.0,94.5,66.4,19.5,1006.55,HeavyRain
27.75,75.5,21.4,11.0,1006.25,HeavyRain
28.0,77.0,0.02,36.0,1010.0,Storm
48.6,4.0,0.0,13.0,996.0,Heatwave
17.85,84.0,21.2,38.0,1021.2,HeavyRain
32.3,32.0,0.0,31.0,1011.0,Storm
28.8,66.5,21.8,16.5,1010.0,HeavyRain
20.75,94.0,42.4,22.5,999.55,HeavyRain
40.5,14.0,0.0,13.7,1011.0,Heatwave
36.4,53.0,0.0,33.1,994.0,Storm
-0.6,80.0,0.04,31.7,1009.0,Storm
24.1,76.5,21.0,21.0,1003.3,HeavyRain
7.4,89.0,0.02,34.2,1003.0,Storm
-1.7,69.0,0.0,31.7,1001.0,Storm
31.2,36.0,0.0,16.9,1011.0,Normal
6.3,81.0,0.04,32.0,1004.0,Storm
17.1,57.0,37.8,20.0,1014.25,HeavyRain
41.1,5.0,0.0,11.2,1006.0,Heatwave
21.1,29.0,0.0,35.6,1008.0,Storm
29.1,75.0,0.0,40.7,1012.0,Storm
28.1,79.0,0.0,37.8,1012.0,Storm
42.0,5.0,0.0,22.0,1006.0,Heatwave
27.2,62.0,0.0,25.9,1012.0,Normal
35.2,8.0,0.0,30.2,1010.0,Storm
23.2,65.0,0.02,11.2,1016.0,Normal
28.0,64.0,0.0,19.1,1010.0,Normal
25.2,61.0,0.0,9.4,1015.0,Normal
11.1,82.0,0.0,46.1,984.0,Storm
20.5,95.5,39.8,16.5,1016.55,HeavyRain
20.55,86.5,30.0,16.5,1015.2,HeavyRain
12.4,71.0,0.41,42.5,986.0,Storm
29.2,84.0,0.0,31.3,1007.0,Storm
41.7,13.0,0.0,3.6,1000.0,Heatwave
41.2,19.0,0.0,27.0,1000.0,Heatwave
33.1,46.0,0.12,16.2,1005.0,Normal
27.4,58.0,0.0,25.2,1017.0,Normal
41.3,23.0,0.0,20.5,999.0,Heatwave
22.75,75.5,21.0,21.5,1003.05,HeavyRain
24.2,61.0,0.0,36.0,1012.0,Storm
22.6,65.0,43.4,12.0,1018.3,HeavyRain
7.3,93.0,0.3,32.4,995.0,Storm
28.4,79.0,0.61,33.1,1009.0,Storm
14.3,63.5,36.0,21.0,1011.05,HeavyRain
12.2,94.0,0.36,50.0,1008.0,Storm
15.95,66.5,20.0,18.5,1022.9,HeavyRain
25.3,100.0,0.29,31.0,1006.0,Storm
24.3,68.0,0.0,14.0,1014.0,Normal
32.1,46.0,0.0,41.0,1012.0,Storm
22.15,87.0,23.6,17.5,1016.0,HeavyRain
33.0,56.0,0.0,20.2,1011.0,Normal
26.8,81.0,0.0,30.6,1011.0,Storm
26.3,79.0,0.0,32.0,1011.0,Storm
21.9,91.5,49.0,22.0,1017.55,HeavyRain
27.3,48.0,0.0,24.1,1008.0,Normal
7.2,76.0,0.07,48.6,1006.0,Storm
43.2,15.0,0.0,19.1,1003.0,Heatwave
28.7,66.0,0.0,20.2,1012.0,Normal
23.1,27.0,0.0,34.9,1011.0,Storm
20.2,78.0,0.0,31.0,1012.0,Storm
30.0,71.0,0.03,31.7,1005.0,Storm
21.7,96.0,99.2,7.5,1007.95,HeavyRain
21.9,94.0,48.0,21.5,1018.7,HeavyRain
18.9,79.0,22.8,16.5,1023.0,HeavyRain
44.7,6.0,0.0,15.5,998.0,Heatwave
32.3,41.0,0.0,14.0,1015.0,Normal
41.0,9.0,0.0,4.0,1008.0,Heatwave
20.700000000000003,87.0,35.4,6.5,1013.55,HeavyRain
28.0,70.0,0.0,5.0,1015.0,Normal
33.5,43.0,0.0,9.7,1008.0,Normal
21.9,45.0,0.0,11.2,1015.0,Normal
12.1,73.5,38.0,18.0,1017.8,HeavyRain
29.0,55.0,0.0,13.7,1011.0,Normal
28.2,62.0,0.31,9.0,1008.0,Normal
32.1,63.0,0.06,17.3,1009.0,Normal
28.1,78.0,0.01,37.4,1010.0,Storm
40.6,22.0,0.0,15.8,1001.0,Heatwave
-1.7,63.0,0.0,31.7,1011.0,Storm
24.3,100.0,0.07,61.6,1000.0,Storm
31.0,52.0,0.0,10.8,1011.0,Normal
9.75,65.0,20.2,11.0,1021.7,HeavyRain
13.75,90.5,59.2,14.0,1024.65,HeavyRain
27.3,66.0,0.01,9.4,1010.0,Normal
24.2,47.0,0.19,11.2,1012.0,Normal
28.9,94.5,53.4,7.5,1006.3,HeavyRain
36.3,18.0,0.0,37.1,1001.0,Storm
32.1,52.0,0.0,19.8,1014.0,Normal
45.3,7.0,0.0,36.7,996.0,Heatwave
40.3,18.0,0.0,16.9,1011.0,Heatwave
23.05,78.0,22.2,8.5,1014.65,HeavyRain
15.1,77.0,0.11,50.8,1010.0,Storm
41.0,23.0,0.0,29.2,1002.0,Heatwave
27.65,77.0,62.2,11.0,1005.15,HeavyRain
40.4,10.0,0.0,4.7,1006.0,Heatwave
46.1,19.0,0.0,24.1,1000.0,Heatwave
31.4,63.0,0.0,6.1,1014.0,Normal
26.8,95.0,37.6,16.0,1005.2,HeavyRain
42.3,8.0,0.0,27.0,1006.0,Heatwave
24.2,54.0,0.0,28.1,1016.0,Normal
44.3,9.0,0.0,3.6,1008.0,Heatwave
29.0,35.0,0.0,8.3,1020.0,Normal
27.85,74.5,26.6,18.0,1011.1,HeavyRain
16.25,72.5,50.8,19.5,1011.65,HeavyRain
17.9,90.5,28.4,16.0,1026.35,HeavyRain
21.2,80.0,51.4,14.0,1007.35,HeavyRain
39.3,40.0,0.0,33.1,1003.0,Storm
22.55,91.0,34.2,14.0,1015.75,HeavyRain
13.5,77.5,28.0,31.5,1014.55,HeavyRain
19.65,96.0,26.4,18.0,1013.3,HeavyRain
17.0,72.0,0.09,30.6,1007.0,Storm
12.8,76.0,25.8,39.0,1005.7,HeavyRain
20.9,43.0,0.14,33.1,1009.0,Storm
25.3,94.0,0.1,41.8,1010.0,Storm
44.0,5.0,0.0,9.0,1007.0,Heatwave
27.4,62.0,0.1,3.6,1012.0,Normal
39.9,14.0,0.0,39.2,1004.0,Storm
6.9,90.0,23.6,14.0,1006.25,HeavyRain
20.1,37.0,0.0,23.0,1018.0,Normal
25.2,65.0,0.01,19.4,1022.0,Normal
29.0,79.0,0.08,31.7,1010.0,Storm
46.2,17.0,0.0,13.0,996.0,Heatwave
25.3,39.0,0.0,8.3,1014.0,Normal
27.15,53.0,21.4,17.0,1009.65,HeavyRain
10.75,75.0,49.8,28.5,1005.55,HeavyRain
27.85,89.0,46.6,11.0,1006.9,HeavyRain
31.8,59.0,0.0,30.2,1001.0,Storm
28.2,74.0,0.0,31.0,1012.0,Storm
34.1,47.0,0.0,6.1,1011.0,Normal
35.2,39.0,0.0,40.3,1000.0,Storm
24.5,83.5,23.0,18.0,1013.15,HeavyRain
24.1,69.0,0.0,4.3,1022.0,Normal
28.2,78.0,0.0,32.8,1009.0,Storm
26.55,72.5,36.2,9.0,1005.25,HeavyRain
33.0,39.0,0.0,37.1,1007.0,Storm
31.2,71.0,0.0,31.0,1007.0,Storm
20.1,83.0,0.0,37.1,1012.0,Storm
20.5,62.5,29.2,21.5,1018.75,HeavyRain
44.9,15.0,0.0,20.9,997.0,Heatwave
25.3,41.0,0.0,9.7,1014.0,Normal
39.1,21.0,0.0,31.0,1002.0,Storm
0.3,100.0,0.59,42.8,1005.0,Storm
20.1,64.0,0.0,20.5,1013.0,Normal
30.2,40.0,0.0,26.3,1011.0,Normal
41.0,17.0,0.0,13.0,1011.0,Heatwave
29.6,68.0,20.6,15.0,1005.35,HeavyRain
31.4,52.0,0.81,9.0,1007.0,Normal
12.25,72.0,34.2,32.0,1006.7,HeavyRain
29.1,80.0,0.92,37.8,1009.0,Storm
19.1,97.5,35.8,8.5,1017.8,HeavyRain
27.3,85.0,0.1,33.5,1012.0,Storm
25.9,49.0,0.0,14.4,1015.0,Normal
24.0,93.0,55.4,21.5,1012.9,HeavyRain
33.8,39.0,0.0,31.0,1010.0,Storm
26.2,89.0,0.05,30.2,1011.0,Storm
21.3,60.0,0.28,31.0,1012.0,Storm
41.8,13.0,0.0,16.6,1006.0,Heatwave
29.4,45.0,0.0,24.5,1010.0,Normal
25.6,90.5,30.4,17.0,1007.15,HeavyRain
30.3,43.0,0.0,13.3,1011.0,Normal
15.6,61.5,33.8,26.0,1012.7,HeavyRain
16.75,84.0,36.8,30.5,1007.7,HeavyRain
23.1,57.0,0.0,32.0,1007.0,Storm
30.1,70.0,0.02,19.1,1007.0,Normal
31.2,37.0,0.0,36.0,1003.0,Storm
30.3,79.0,0.43,34.2,1004.0,Storm
21.2,64.0,0.23,6.1,1008.0,Normal
11.35,85.5,22.6,29.5,997.85,HeavyRain
10.65,95.0,20.8,15.0,1002.8,HeavyRain
26.35,93.5,78.4,13.0,999.7,HeavyRain
44.3,9.0,0.0,30.6,996.0,Heatwave
29.2,70.0,0.01,13.0,1010.0,Normal
29.7,63.0,0.0,34.9,1011.0,Storm
26.7,74.0,0.03,35.6,1012.0,Storm
21.45,95.0,31.2,27.5,1015.95,HeavyRain
24.8,74.0,27.6,17.0,1004.55,HeavyRain
29.5,67.0,0.08,19.4,1005.0,Normal
27.3,84.0,10.39,33.1,1008.0,Storm
26.0,63.0,0.04,21.6,1017.0,Normal
2.3,80.0,0.0,41.4,1011.0,Storm
26.3,94.0,0.34,31.3,1003.0,Storm
21.7,30.0,0.0,8.6,1011.0,Normal
28.4,58.0,0.0,22.0,1010.0,Normal
20.3,94.0,52.6,20.0,1013.8,HeavyRain
25.3,47.0,0.0,26.6,1014.0,Normal
30.2,70.0,0.0,20.5,1002.0,Normal
26.3,51.0,0.0,6.8,1002.0,Normal
25.6,61.0,27.6,16.5,1006.35,HeavyRain
29.1,70.0,0.45,15.8,1008.0,Normal
26.65,72.0,21.0,22.5,1011.05,HeavyRain
28.1,84.0,0.11,30.2,1008.0,Storm
6.0,87.0,3.07,43.2,985.0,Storm
28.9,70.0,0.3,6.8,1008.0,Normal
40.3,14.0,0.0,19.8,1006.0,Heatwave
7.199999999999999,88.5,28.8,33.5,997.5,HeavyRain
30.1,55.0,0.0,16.2,1009.0,Normal
31.2,75.0,0.0,33.1,1012.0,Storm
25.0,91.0,21.6,11.0,1009.15,HeavyRain
10.25,69.0,22.4,15.0,1017.85,HeavyRain
27.2,100.0,0.0,34.2,1004.0,Storm
33.2,56.0,0.0,11.5,1007.0,Normal
20.0,56.0,0.0,30.2,1006.0,Storm
43.3,11.0,0.0,3.6,995.0,Heatwave
14.45,83.0,69.2,40.5,1022.45,HeavyRain
28.4,68.0,0.0,3.6,1014.0,Normal
16.950000000000003,63.5,28.4,25.0,1020.5,HeavyRain
34.1,39.0,0.0,16.9,1009.0,Normal
27.3,51.0,3.24,33.1,1012.0,Storm
21.1,71.0,34.2,15.5,1013.85,HeavyRain
26.0,39.0,0.0,38.9,1006.0,Storm
42.4,17.0,0.0,16.9,1005.0,Heatwave
34.3,46.0,0.0,16.6,1004.0,Normal
28.8,77.0,0.02,32.0,1011.0,Storm
28.3,84.0,0.16,40.0,1011.0,Storm
11.8,67.5,30.8,17.5,1021.1,HeavyRain
20.0,56.0,0.0,41.4,1011.0,Storm
26.6,39.0,0.0,8.6,1017.0,Normal
8.2,89.0,2.65,61.9,1008.0,Storm
28.3,64.0,0.0,36.4,1010.0,Storm
18.1,83.0,0.51,40.7,1001.0,Storm
28.3,73.0,31.6,13.0,1008.65,HeavyRain
31.1,21.0,0.0,32.8,1008.0,Storm
15.5,68.5,49.4,23.0,1019.5,HeavyRain
41.0,10.0,0.0,29.5,1001.0,Heatwave
29.1,70.0,0.01,33.1,1012.0,Storm
10.4,74.0,26.4,19.5,1016.5,HeavyRain
40.0,12.0,0.0,9.0,1012.0,Heatwave
28.3,70.0,0.0,3.6,1010.0,Normal
33.3,48.0,0.05,8.3,1007.0,Normal
29.4,89.0,0.04,34.9,1008.0,Storm
23.05,75.0,26.8,20.5,1012.85,HeavyRain
20.2,68.0,0.0,7.6,1025.0,Normal
29.0,55.0,0.0,12.6,1010.0,Normal
17.2,68.0,0.0,49.0,1001.0,Storm
25.3,65.0,0.0,4.7,1020.0,Normal
29.2,70.0,0.0,37.4,1012.0,Storm
26.1,70.0,0.0,5.0,1019.0,Normal
22.4,70.0,0.01,26.6,1021.0,Normal
20.3,60.0,0.0,5.8,1023.0,Normal
20.85,96.0,39.9,24.0,1013.4,HeavyRain
20.1,64.0,0.22,19.1,1016.0,Normal
42.3,7.0,0.0,5.4,1005.0,Heatwave
30.1,52.0,0.0,4.3,1014.0,Normal
32.2,34.0,0.0,37.1,1011.0,Storm
28.0,74.0,0.05,38.5,1011.0,Storm
24.2,89.0,0.0,35.3,1011.0,Storm
8.8,98.5,54.0,33.5,1003.8,HeavyRain
17.5,88.0,71.2,11.0,1018.6,HeavyRain
27.95,77.5,31.8,20.5,1009.15,HeavyRain
17.4,72.0,0.0,50.0,1010.0,Storm
27.3,89.0,0.13,36.4,1007.0,Storm
21.3,64.0,0.0,4.0,1022.0,Normal
22.85,83.0,25.6,8.5,1021.15,HeavyRain
11.95,87.5,23.6,20.5,1016.35,HeavyRain
24.2,94.0,0.02,34.2,1012.0,Storm
22.5,48.5,26.0,20.5,1015.45,HeavyRain
20.85,84.5,37.6,22.0,1020.75,HeavyRain
25.1,51.0,0.27,9.4,1019.0,Normal
28.2,74.0,0.0,35.3,1011.0,Storm
27.4,84.0,50.8,10.0,1007.4,HeavyRain
27.4,88.5,32.2,15.0,1004.3,HeavyRain
34.4,56.0,0.0,10.1,1007.0,Normal
30.4,46.0,0.0,9.0,1020.0,Normal
27.15,77.0,22.2,17.5,1010.3,HeavyRain
28.9,79.0,0.01,33.5,1008.0,Storm
33.9,54.0,0.35,7.2,1003.0,Normal
20.95,76.5,34.0,14.5,1007.1,HeavyRain
28.1,79.0,0.0,33.5,1011.0,Storm
41.3,14.0,0.0,31.3,1003.0,Heatwave
26.5,71.0,0.0,31.7,1011.0,Storm
24.0,54.0,0.0,14.8,1008.0,Normal
29.2,57.0,1.56,23.4,1010.0,Normal
-16.7,77.0,0.02,36.4,1007.0,Storm
24.9,94.0,0.0,38.2,1007.0,Storm
16.549999999999997,66.0,25.0,16.0,1018.45,HeavyRain
29.2,40.0,0.0,9.7,1018.0,Normal
11.2,94.0,1.2,34.2,1006.0,Storm
28.1,84.0,0.89,40.3,1009.0,Storm
8.65,55.5,33.0,28.0,1011.4,HeavyRain
15.55,80.5,32.8,13.0,1025.65,HeavyRain
30.8,67.0,0.0,18.0,1009.0,Normal
41.2,4.0,0.0,3.6,1006.0,Heatwave
18.75,96.0,39.8,26.0,1021.45,HeavyRain
29.4,66.0,0.0,21.2,1015.0,Normal
23.9,28.0,0.0,43.9,1011.0,Storm
28.35,49.0,44.8,23.0,1008.05,HeavyRain
16.2,68.0,0.15,36.7,1010.0,Storm
4.4,65.0,0.0,43.6,983.0,Storm
43.2,5.0,0.0,31.0,1003.0,Heatwave
31.4,29.0,0.0,34.6,1006.0,Storm
1.2,93.0,0.0,34.2,1005.0,Storm
13.0,71.5,34.6,17.0,1029.65,HeavyRain
28.4,74.0,0.0,30.2,1012.0,Storm
44.0,9.0,0.0,13.7,1000.0,Heatwave
16.35,93.0,21.2,17.0,1021.75,HeavyRain
44.1,23.0,0.0,16.9,995.0,Heatwave
31.3,34.0,0.0,27.0,1004.0,Normal
21.55,83.0,46.0,29.0,1021.05,HeavyRain
5.3,81.0,0.0,32.0,1008.0,Storm
19.05,90.5,21.6,26.0,1022.25,HeavyRain
18.85,89.0,49.8,12.0,1005.7,HeavyRain
31.0,59.0,0.4,8.3,1007.0,Normal
11.8,94.0,28.0,30.5,1011.6,HeavyRain
23.3,50.0,0.0,13.0,1010.0,Normal
20.2,78.0,0.0,31.7,1007.0,Storm
20.1,32.0,0.0,14.4,1012.0,Normal
22.200000000000003,55.0,110.8,15.5,1008.9,HeavyRain
29.4,79.0,0.05,37.4,1010.0,Storm
26.4,48.0,0.0,4.0,1021.0,Normal
26.4,100.0,0.23,31.3,1006.0,Storm
19.3,60.5,35.4,10.0,1003.4,HeavyRain
21.1,56.0,0.0,6.8,1028.0,Normal
17.2,100.0,10.19,38.5,1008.0,Storm
40.0,30.0,0.0,11.2,1013.0,Heatwave
2.2,37.0,0.0,43.2,998.0,Storm
20.2,68.0,0.0,48.6,1009.0,Storm
28.1,84.0,0.05,32.0,1009.0,Storm
23.5,96.5,32.0,28.0,1011.25,HeavyRain
27.9,69.0,0.0,9.4,1010.0,Normal
28.3,40.0,0.0,7.6,1012.0,Normal
27.2,84.0,0.01,31.7,1006.0,Storm
23.1,65.0,0.01,5.0,1022.0,Normal
18.65,91.5,27.6,17.0,1014.65,HeavyRain
42.0,9.0,0.0,20.2,1004.0,Heatwave
23.1,65.0,0.0,15.5,1027.0,Normal
29.1,75.0,0.01,36.0,1011.0,Storm
22.5,65.0,0.0,30.6,1009.0,Storm
18.55,69.5,32.2,22.5,1017.0,HeavyRain
22.75,96.0,31.4,19.0,1012.0,HeavyRain
28.3,84.0,0.03,32.4,1012.0,Storm
13.3,77.0,1.32,38.9,994.0,Storm
29.4,76.0,0.08,31.7,1012.0,Storm
24.1,75.0,66.2,11.0,1016.5,HeavyRain
45.7,5.0,0.0,20.5,995.0,Heatwave
15.3,81.5,21.8,33.0,1014.4,HeavyRain
18.25,80.0,24.6,16.0,1008.25,HeavyRain
9.1,87.0,0.03,31.7,996.0,Storm
21.1,74.0,40.0,29.5,1017.8,HeavyRain
27.2,84.0,0.14,31.3,1012.0,Storm
17.45,74.5,37.2,13.5,997.7,HeavyRain
43.2,15.0,0.0,11.9,996.0,Heatwave
27.5,76.5,38.6,8.5,1003.5,HeavyRain
18.85,92.0,75.0,15.5,1023.4,HeavyRain
45.1,22.0,0.0,23.8,1002.0,Heatwave
22.950000000000003,53.5,62.4,19.5,1002.1,HeavyRain
35.2,30.0,0.0,34.9,1007.0,Storm
45.4,6.0,0.0,21.2,997.0,Heatwave
16.1,77.0,0.07,45.4,1010.0,Storm
15.1,72.0,0.06,31.7,1002.0,Storm
21.9,93.0,21.0,15.0,1022.3,HeavyRain
24.2,85.5,20.8,31.0,1008.85,HeavyRain
25.8,53.0,0.01,14.4,1011.0,Normal
42.1,16.0,0.0,28.4,998.0,Heatwave
30.4,70.0,0.0,25.9,1005.0,Normal
21.95,93.0,40.4,16.5,1014.95,HeavyRain
33.8,50.0,0.0,15.1,1006.0,Normal
20.3,68.0,0.0,11.9,1020.0,Normal
11.85,93.0,33.8,14.0,1016.05,HeavyRain
21.3,60.0,0.01,27.4,1000.0,Normal
19.05,68.5,25.4,19.5,1016.5,HeavyRain
43.0,21.0,0.0,19.8,1002.0,Heatwave
28.0,83.0,31.8,7.5,1005.3,HeavyRain
25.85,61.5,34.2,55.0,1014.85,HeavyRain
17.2,88.0,0.0,33.8,1012.0,Storm
26.1,89.0,0.01,49.0,1009.0,Storm
26.1,84.0,0.03,32.4,1012.0,Storm
26.05,86.5,49.8,16.5,1011.15,HeavyRain
10.2,71.0,0.05,58.7,1005.0,Storm
27.3,51.0,0.0,4.7,1020.0,Normal
22.1,90.0,58.6,19.5,1008.85,HeavyRain
19.05,72.0,30.6,32.5,994.35,HeavyRain
23.15,66.0,29.6,18.5,1008.95,HeavyRain
16.0,68.5,36.6,28.0,999.2,HeavyRain
25.95,90.0,162.2,20.0,1006.6,HeavyRain
15.8,86.0,30.6,9.0,1015.45,HeavyRain
28.85,75.5,36.2,13.0,1005.65,HeavyRain
28.2,79.0,0.01,36.4,1011.0,Storm
9.75,92.0,26.6,11.0,1019.45,HeavyRain
27.0,69.0,0.0,22.7,1018.0,Normal
20.9,44.0,0.0,22.3,1015.0,Normal
32.6,39.0,0.0,6.8,1011.0,Normal
32.2,38.0,0.0,5.8,1009.0,Normal
17.15,93.0,27.2,13.0,1016.15,HeavyRain
30.3,62.0,0.37,10.4,1009.0,Normal
31.2,29.0,0.0,37.1,1009.0,Storm
33.4,59.0,1.35,8.3,1006.0,Normal
25.0,44.0,0.0,13.0,1020.0,Normal
45.4,6.0,0.0,16.9,999.0,Heatwave
19.6,80.5,28.6,18.0,1009.0,HeavyRain
16.35,93.0,48.2,13.0,1002.85,HeavyRain
25.4,36.0,0.59,3.6,1011.0,Normal
23.0,53.0,0.01,5.0,1013.0,Normal
17.1,92.0,76.2,16.5,1010.7,HeavyRain
22.2,37.0,0.0,4.0,1011.0,Normal
18.3,93.5,24.4,6.0,1017.95,HeavyRain
20.1,81.0,31.8,21.0,1021.1,HeavyRain
8.1,76.0,0.02,45.7,991.0,Storm
20.1,53.0,0.04,9.7,1015.0,Normal
42.4,23.0,0.0,33.8,996.0,Storm
30.4,66.0,0.0,15.1,1008.0,Normal
10.1,66.0,0.0,34.2,1004.0,Storm
29.4,79.0,0.02,32.8,1007.0,Storm
8.0,87.0,0.37,46.4,989.0,Storm
27.4,53.0,0.0,6.5,1015.0,Normal
28.1,70.0,0.0,30.2,1010.0,Storm
27.9,70.5,34.6,14.0,1010.3,HeavyRain
40.3,18.0,0.0,43.6,1001.0,Heatwave
31.3,55.0,0.0,6.5,1012.0,Normal
17.85,77.0,80.4,29.5,1015.45,HeavyRain
-1.6,93.0,0.85,31.3,999.0,Storm
25.0,39.0,0.0,34.9,1007.0,Storm
42.4,19.0,0.0,10.8,996.0,Heatwave
25.3,79.0,0.01,30.2,1009.0,Storm
28.4,28.0,0.0,43.2,1006.0,Storm
7.5,53.0,0.0,44.3,1000.0,Storm
8.3,71.0,0.01,34.6,990.0,Storm
44.8,6.0,0.0,40.7,997.0,Heatwave
39.2,21.0,0.0,40.3,1003.0,Storm
