elevation,latitude,longitude,rainfall,pressure,soil_moisture,temperature,wind_speed,humidity,month,disaster_label
109.1929732,26.24925128,68,0.016561615,100881.3274,0.121050657,15.01658176,2.390465819,60.27172789,1,Flood
109.1929732,26.24925128,68,0.004602942,100752.3197,0.114194167,15.42699373,3.202759287,56.80185597,1,Flood
109.1929732,26.24925128,68,0.102402041,100545.9193,0.10837922,16.14407123,2.545168685,57.42233765,1,Flood
109.1929732,26.24925128,68,1.417323401,100431.6104,0.164241712,15.17651288,1.857984559,70.49700142,1,Flood
109.1929732,26.24925128,68,0.058505169,100229.5068,0.327211159,15.07810892,0.579040764,84.9490918,1,Flood
109.1929732,26.24925128,68,0.495588062,100190.6497,0.316230618,15.42683273,1.405642878,85.01278245,1,Flood
109.1929732,26.24925128,68,0.015212917,100223.1072,0.338370361,12.67137206,2.341025464,80.08952867,1,Flood
109.1929732,26.24925128,68,1.12e-05,100339.8561,0.296742214,13.39201547,0.09345925,72.19065931,1,Flood
109.1929732,26.24925128,68,0.000423504,100535.9482,0.274042716,13.10042072,0.666544361,75.05791648,1,Flood
109.1929732,26.24925128,68,0.0,100623.8689,0.25690644,14.01680974,0.624185753,70.5207182,1,Flood
109.1929732,26.24925128,68,0.0,100726.3533,0.241917055,13.52768821,1.521418111,71.99833843,1,Flood
109.1929732,26.24925128,68,0.0,100591.5283,0.228841604,14.12038805,0.121034112,66.30391018,1,Flood
109.1929732,26.24925128,68,0.0,100529.8843,0.216699737,14.17468706,0.769752708,64.15002873,1,Flood
109.1929732,26.24925128,68,0.0,100654.5598,0.204971739,13.85334201,2.003695935,69.77053687,1,Flood
109.1929732,26.24925128,68,0.0,100716.1579,0.194141249,14.01354019,2.367293348,71.54299491,1,Flood
109.1929732,26.24925128,68,0.043264987,100736.8615,0.183944348,14.61533684,2.608556805,68.27094184,1,Flood
109.1929732,26.24925128,68,0.000762498,100790.9514,0.173974278,15.46386834,2.158797998,67.9051537,1,Flood
109.1929732,26.24925128,68,0.036378569,100647.2887,0.165145641,15.7419097,1.376305658,68.50646909,1,Flood
109.1929732,26.24925128,68,0.054655982,100111.1798,0.157809546,17.17088456,0.776090092,67.68778123,1,Flood
109.1929732,26.24925128,68,0.00011288,99840.22143,0.150780897,17.66232875,0.327933903,73.60692335,1,Flood
109.1929732,26.24925128,68,0.0,99457.25048,0.144313117,17.97101129,1.522657904,70.51644462,1,Flood
109.1929732,26.24925128,68,0.0,99677.62485,0.13803634,13.89352635,2.835171436,46.96014667,1,Flood
109.1929732,26.24925128,68,0.0,99967.90337,0.132088217,13.2445385,0.741281658,47.08595271,1,Flood
109.1929732,26.24925128,68,0.0,100240.2425,0.127240261,13.6400604,0.984074316,51.56963432,1,Flood
109.1929732,26.24925128,68,0.0,100289.2392,0.123224376,14.23514845,0.510319861,52.60262508,1,Flood
109.1929732,26.24925128,68,6.04e-05,100396.6454,0.119498307,14.65701954,0.555800223,54.96182642,1,Flood
109.1929732,26.24925128,68,0.000178819,100484.1798,0.116035942,15.48296722,0.742452627,49.22845901,1,Flood
109.1929732,26.24925128,68,0.0,100391.9776,0.112493939,16.38484772,1.809475618,45.46632931,1,Flood
109.1929732,26.24925128,68,0.0,100356.7131,0.109463374,16.38124896,1.381831241,63.00700925,1,Flood
109.1929732,26.24925128,68,1.12e-05,100022.0693,0.107028296,17.66974511,0.660720648,66.25865285,1,Flood
109.1929732,26.24925128,68,0.00013635,99903.33796,0.104953383,19.06328082,1.026593833,70.90971884,1,Flood
109.1929732,26.24925128,68,0.000122904,99972.31066,0.102718745,19.87442438,0.122853295,54.72435753,2,Flood
109.1929732,26.24925128,68,0.0,99641.24612,0.100089493,21.64211554,2.777228017,39.01257814,2,Flood
109.1929732,26.24925128,68,0.0,99791.4373,0.097490142,18.68880295,1.246173063,31.10501875,2,Flood
109.1929732,26.24925128,68,0.0,99684.22373,0.095766116,18.17740939,1.075409617,31.37500577,2,Flood
109.1929732,26.24925128,68,0.0,99844.13356,0.094671913,17.63573196,0.67134616,50.71372322,2,Flood
109.1929732,26.24925128,68,8.72e-05,100074.4023,0.094103758,18.07238893,1.41977776,61.46536714,2,Flood
109.1929732,26.24925128,68,0.001249776,100222.0027,0.093637095,18.36700261,1.502280884,65.29335806,2,Flood
109.1929732,26.24925128,68,0.008768254,100180.4218,0.095255205,17.51421292,1.374391074,68.15092615,2,Flood
109.1929732,26.24925128,68,0.0,100395.6196,0.094819504,18.46724915,0.707308652,54.28249053,2,Flood
109.1929732,26.24925128,68,0.0,100559.9237,0.09323958,18.51344987,0.678643228,45.05811124,2,Flood
109.1929732,26.24925128,68,0.0,100416.8968,0.091962474,18.59903659,0.866763365,41.42189416,2,Flood
109.1929732,26.24925128,68,0.00092791,100077.7395,0.090936559,19.1545125,1.660957636,39.29235459,2,Flood
109.1929732,26.24925128,68,0.0,99838.34922,0.090242093,18.80281538,0.899384226,50.45173244,2,Flood
109.1929732,26.24925128,68,0.000476343,99964.7899,0.089804723,19.21168479,1.722772274,53.3007335,2,Flood
109.1929732,26.24925128,68,0.0,100014.4744,0.089347799,20.02332737,1.831475101,48.95886914,2,Flood
109.1929732,26.24925128,68,0.001690961,99784.23672,0.08880325,20.64061354,0.16894238,47.37140509,2,Flood
109.1929732,26.24925128,68,0.0,99715.52465,0.088316504,20.32431394,0.695103766,47.37035233,2,Flood
109.1929732,26.24925128,68,0.0,100018.277,0.087993803,20.25523974,2.037607347,50.29022715,2,Flood
109.1929732,26.24925128,68,0.000170996,100252.6728,0.087680051,20.91329016,0.439625379,46.48795286,2,Flood
109.1929732,26.24925128,68,0.004066313,99837.85097,0.087209078,23.12155522,1.307652976,34.80593279,2,Flood
109.1929732,26.24925128,68,0.000724232,99354.4265,0.086751399,24.68847592,3.820241094,34.9550286,2,Flood
109.1929732,26.24925128,68,0.000346988,99496.35176,0.086494169,23.77568083,3.523836188,39.97661967,2,Flood
109.1929732,26.24925128,68,0.000221289,100149.6453,0.086380941,20.91834485,1.830621926,47.3106816,2,Flood
109.1929732,26.24925128,68,0.000165408,100261.8323,0.086183609,22.41679546,1.222182564,39.16409163,2,Flood
109.1929732,26.24925128,68,0.000110325,100033.021,0.085943484,22.43054394,0.622419525,40.67440778,2,Flood
109.1929732,26.24925128,68,0.000195264,100352.2054,0.08591745,20.6845731,3.108514271,52.27808786,2,Flood
109.1929732,26.24925128,68,0.0,100668.4233,0.085943622,19.72963892,3.301014379,49.7420177,2,Flood
109.1929732,26.24925128,68,0.000279405,100431.3158,0.085837394,20.70097639,0.500843555,48.55506399,2,Flood
109.1929732,26.24925128,68,0.105220587,100317.0987,0.085890935,22.30750625,0.955451172,49.59283225,3,Flood
109.1929732,26.24925128,68,0.015818572,100391.2962,0.097795869,21.14096033,2.750710881,60.63478619,3,Flood
109.1929732,26.24925128,68,5.53e-05,100460.8674,0.096559886,21.34368575,0.849525535,56.82059988,3,Flood
109.1929732,26.24925128,68,0.0,100434.7455,0.093705554,22.82625129,0.775611687,48.53994566,3,Flood
109.1929732,26.24925128,68,0.008485755,100164.2771,0.091656774,23.84343844,1.502590029,37.7844746,3,Flood
109.1929732,26.24925128,68,0.00483251,99834.85387,0.090210293,23.93683711,2.136259625,34.26873278,3,Flood
109.1929732,26.24925128,68,0.003478904,100108.7326,0.089200562,23.40194955,2.96825798,48.69169224,3,Flood
109.1929732,26.24925128,68,0.0,100180.1322,0.088455892,23.15014296,3.071019471,54.67600406,3,Flood
109.1929732,26.24925128,68,0.000747934,100099.2558,0.087784974,24.45376797,1.086349092,50.68483798,3,Flood
109.1929732,26.24925128,68,0.000210691,100118.5849,0.087749784,25.20603128,1.790681997,48.93686901,3,Flood
109.1929732,26.24925128,68,0.000272252,100082.5067,0.087128479,26.65184278,0.147840253,42.13516802,3,Flood
109.1929732,26.24925128,68,0.000438778,99845.40251,0.086225276,28.46330999,1.861396458,29.65387258,3,Flood
109.1929732,26.24925128,68,0.0,99848.18917,0.085701363,28.9806869,1.700327739,25.92573445,3,Flood
109.1929732,26.24925128,68,0.0,99766.15512,0.085372251,29.50744614,2.374574671,27.29027446,3,Flood
109.1929732,26.24925128,68,0.0,99583.96211,0.085147827,29.41126495,1.987965499,35.88223771,3,Flood
109.1929732,26.24925128,68,0.0,99427.72758,0.084972115,29.99163526,2.025999248,37.99862741,3,Flood
109.1929732,26.24925128,68,0.001540218,99346.02304,0.084857669,29.90141054,2.814513462,31.36432634,3,Flood
109.1929732,26.24925128,68,0.0,99183.794,0.084767181,29.97739542,3.008371255,31.871163,3,Flood
109.1929732,26.24925128,68,0.0,99102.43612,0.084694858,29.62911915,1.810470146,30.34518478,3,Flood
109.1929732,26.24925128,68,0.0,99315.041,0.084726342,28.97404227,0.852937749,34.83977443,3,Flood
109.1929732,26.24925128,68,0.0,99556.12576,0.084741032,28.23668815,2.133169824,27.30237283,3,Flood
109.1929732,26.24925128,68,0.0,99538.10746,0.084725966,25.92332997,3.210001157,42.52972779,3,Flood
109.1929732,26.24925128,68,0.0,99381.20269,0.084709567,28.37394179,3.464761687,34.1441003,3,Flood
109.1929732,26.24925128,68,0.0,99364.38833,0.084621739,29.47890467,0.562484104,22.7906732,3,Flood
109.1929732,26.24925128,68,0.0,99560.1173,0.084547583,29.66894947,0.271221819,22.46275336,3,Flood
109.1929732,26.24925128,68,0.0,99704.39255,0.084465279,30.65784458,1.526251392,16.20691778,3,Flood
109.1929732,26.24925128,68,0.0,99542.90733,0.084413446,31.81583427,3.278793662,14.75308261,3,Flood
109.1929732,26.24925128,68,0.0,99388.57182,0.084390205,31.87709963,3.340304455,20.26397292,3,Flood
109.1929732,26.24925128,68,0.0,99308.99244,0.084348833,31.08891576,1.061002425,24.66063309,3,Flood
109.1929732,26.24925128,68,0.0,99447.53096,0.084320199,30.27828386,1.740012593,17.09925939,3,Flood
109.1929732,26.24925128,68,0.0,99639.68593,0.084298049,29.68778051,1.858514614,17.3357322,3,Flood
109.1929732,26.24925128,68,0.000141483,99551.06593,0.084243417,30.96419282,0.930858265,16.80402636,4,Flood
109.1929732,26.24925128,68,0.0,99547.016,0.084173914,31.76139237,1.565574713,11.61961123,4,Flood
109.1929732,26.24925128,68,0.0,99583.6852,0.084126212,30.90366426,1.031021916,14.58836107,4,Flood
109.1929732,26.24925128,68,0.0,99605.51797,0.084077432,30.83063382,1.230667458,18.77055364,4,Flood
109.1929732,26.24925128,68,0.0,99716.31482,0.084034232,31.66245381,1.125865824,23.38360074,4,Flood
109.1929732,26.24925128,68,7.54e-05,99716.79909,0.083970187,33.36717644,1.977902342,18.14316884,4,Flood
109.1929732,26.24925128,68,0.0,99595.77803,0.083912462,34.30542245,2.91807247,17.17578833,4,Flood
109.1929732,26.24925128,68,0.0,99294.35436,0.083823174,33.71703115,1.949878152,17.76030555,4,Flood
109.1929732,26.24925128,68,0.0,99213.19699,0.083735127,33.35217831,0.617545716,20.76475387,4,Flood
109.1929732,26.24925128,68,0.000122781,99180.27153,0.083641486,33.72176706,1.660877083,20.67441604,4,Flood
109.1929732,26.24925128,68,0.00044743,99025.55372,0.08361675,31.91667991,3.377897458,27.77653464,4,Flood
109.1929732,26.24925128,68,0.000859389,98891.96385,0.084513334,31.23294829,3.107225693,38.01384111,4,Flood
109.1929732,26.24925128,68,0.000215762,99048.29943,0.089428121,31.32740361,1.505379868,36.01445601,4,Flood
109.1929732,26.24925128,68,0.000251381,99075.79426,0.088980253,32.07476495,1.491236019,25.54492312,4,Flood
109.1929732,26.24925128,68,0.000124398,98983.64918,0.086283273,33.74449102,2.021469885,16.32530388,4,Flood
109.1929732,26.24925128,68,0.000206295,98867.95614,0.086531637,33.43118897,2.686520355,26.74031774,4,Flood
109.1929732,26.24925128,68,0.001689133,99020.12405,0.087927563,32.73125006,3.564590449,36.80646375,4,Flood
109.1929732,26.24925128,68,0.001536611,99370.71972,0.088102612,32.69056226,4.084531224,34.37748934,4,Flood
109.1929732,26.24925128,68,0.0,99617.89804,0.088200346,32.23758179,3.29773818,37.76847399,4,Flood
109.1929732,26.24925128,68,0.011930153,99461.90453,0.087528073,32.27819014,3.808853058,31.33363537,4,Flood
109.1929732,26.24925128,68,0.000661079,99321.58869,0.085974281,32.15965158,2.87034057,25.64116547,4,Flood
109.1929732,26.24925128,68,0.003828873,99402.03728,0.085774266,31.78825469,1.129300621,29.01699221,4,Flood
109.1929732,26.24925128,68,0.0,99493.60674,0.08527263,32.28399187,1.040428269,28.62506467,4,Flood
109.1929732,26.24925128,68,1.23e-05,99350.10449,0.084587214,33.46314604,1.872476918,25.10763116,4,Flood
109.1929732,26.24925128,68,8.48e-05,99170.47881,0.08431241,33.9611711,2.661451128,26.84482628,4,Flood
109.1929732,26.24925128,68,0.000373285,99188.07533,0.084683307,34.32789563,2.063474062,29.03172152,4,Flood
109.1929732,26.24925128,68,1.25e-05,99174.78138,0.08438853,34.45129377,3.247390708,26.87980006,4,Flood
109.1929732,26.24925128,68,0.000765549,99169.92632,0.084091315,34.08495137,3.350289385,30.28442051,4,Flood
109.1929732,26.24925128,68,0.015834608,99085.67708,0.086501343,35.1168583,1.414498547,27.97478036,4,Flood
109.1929732,26.24925128,68,2.02e-05,98804.40458,0.086836979,36.20805727,1.808882669,23.59976788,4,Flood
109.1929732,26.24925128,68,0.000949835,98606.07032,0.08540441,36.83148501,3.776098548,19.99652929,5,Flood
109.1929732,26.24925128,68,0.0,98622.11792,0.084723892,32.76879807,6.998411321,27.51176105,5,Flood
109.1929732,26.24925128,68,0.0,98800.11198,0.084420487,32.45678323,5.113486819,38.79323505,5,Flood
109.1929732,26.24925128,68,0.0,99164.72583,0.0841108,32.6466576,1.845589887,37.27508694,5,Flood
109.1929732,26.24925128,68,0.045435867,99288.718,0.084176893,33.47671463,1.118540504,32.01534125,5,Flood
109.1929732,26.24925128,68,0.000425814,99225.53503,0.084167383,34.29565405,2.492680791,24.30139816,5,Flood
109.1929732,26.24925128,68,0.0,99174.59397,0.08374046,34.2121008,2.789249686,28.534157,5,Flood
109.1929732,26.24925128,68,0.0,98932.51452,0.083494527,33.9395408,3.24273109,35.262142,5,Flood
109.1929732,26.24925128,68,0.0,98815.35611,0.083335801,33.73133016,2.565253669,41.39463525,5,Flood
109.1929732,26.24925128,68,6.15e-05,98875.651,0.083346611,34.25765697,1.783672291,40.81092944,5,Flood
109.1929732,26.24925128,68,0.0,98847.83667,0.08315496,35.40847034,1.707842679,33.11003298,5,Flood
109.1929732,26.24925128,68,6.52e-05,98698.33612,0.082815371,36.54716463,1.776989838,28.82198381,5,Flood
109.1929732,26.24925128,68,0.0,98503.67769,0.082505816,37.28993253,1.188374899,20.6468447,5,Flood
109.1929732,26.24925128,68,9.05e-05,98527.5496,0.082240215,37.4073567,5.028112043,15.68743599,5,Flood
109.1929732,26.24925128,68,0.0,98664.08457,0.082110346,34.3466225,5.792034138,31.87982407,5,Flood
109.1929732,26.24925128,68,0.0,98592.93941,0.081995873,34.53370099,4.192158247,20.02615183,5,Flood
109.1929732,26.24925128,68,0.000142354,98567.34299,0.08177205,35.56133966,1.041443025,20.04437245,5,Flood
109.1929732,26.24925128,68,0.0,98804.97723,0.08150011,35.58216764,1.48736261,25.74166883,5,Flood
109.1929732,26.24925128,68,0.000339757,98806.55193,0.081280767,36.01895905,3.917770766,27.87686022,5,Flood
109.1929732,26.24925128,68,0.0,98598.49861,0.081187028,34.77675062,4.469255944,40.59169305,5,Flood
109.1929732,26.24925128,68,0.0,98441.2825,0.08112359,35.65876665,4.25592522,28.22329251,5,Flood
109.1929732,26.24925128,68,0.0,98173.52298,0.08098353,35.64509163,4.112153921,32.09923797,5,Flood
109.1929732,26.24925128,68,0.0,98224.53627,0.080801372,35.50223843,2.324674139,15.70885912,5,Flood
109.1929732,26.24925128,68,0.0,98852.05627,0.080609426,33.82935243,1.246231143,28.71564149,5,Flood
109.1929732,26.24925128,68,8.87e-05,99074.92842,0.080438955,34.209061,2.582973625,35.62771299,5,Flood
109.1929732,26.24925128,68,0.000121045,98770.23159,0.080355476,33.62433695,4.465752293,49.07561188,5,Flood
109.1929732,26.24925128,68,0.000651849,98573.15587,0.081028547,34.46282278,4.420731442,45.40680454,5,Flood
109.1929732,26.24925128,68,0.0,98549.7237,0.082479167,35.2857166,3.570209812,38.86443552,5,Flood
109.1929732,26.24925128,68,0.000168585,98636.62612,0.082433513,35.33566081,3.958953079,33.27744393,5,Flood
109.1929732,26.24925128,68,0.000133733,98685.5821,0.081810249,34.95821556,3.926057274,33.29352389,5,Flood
109.1929732,26.24925128,68,0.001122166,98728.82095,0.08164951,34.30213447,4.216963758,37.58337184,5,Flood
109.1929732,26.24925128,68,0.004059284,98756.81732,0.081501925,35.32106303,3.118401936,29.09895249,6,Flood
109.1929732,26.24925128,68,0.000195584,98772.36519,0.08122339,35.65454343,2.43780086,19.78508219,6,Flood
109.1929732,26.24925128,68,0.0,98665.13149,0.080968825,35.27916794,3.598761014,20.16854666,6,Flood
109.1929732,26.24925128,68,0.0,98629.88727,0.080787276,34.34248119,3.512420415,28.94144207,6,Flood
109.1929732,26.24925128,68,0.0,98664.8732,0.080644286,34.10922265,3.900817492,33.64060988,6,Flood
109.1929732,26.24925128,68,0.0,98714.63057,0.080498315,34.14044776,5.053678802,30.49668141,6,Flood
109.1929732,26.24925128,68,0.0,98700.76765,0.080410422,33.12497007,5.779179488,36.5636048,6,Flood
109.1929732,26.24925128,68,0.0,98600.47099,0.080352801,33.14445669,5.419578583,41.38497703,6,Flood
109.1929732,26.24925128,68,0.0,98454.44415,0.080324273,32.91677719,6.039046749,48.69715125,6,Flood
109.1929732,26.24925128,68,0.000203306,98550.06834,0.080326202,32.5716247,6.108351476,52.52047729,6,Flood
109.1929732,26.24925128,68,0.000435044,98621.22798,0.080322827,32.55469195,6.030028292,52.39646574,6,Flood
109.1929732,26.24925128,68,0.011592925,98718.73583,0.080555957,33.4817451,5.107912596,50.55162729,6,Flood
109.1929732,26.24925128,68,0.000262702,98935.63816,0.080764328,33.85293928,3.923839158,47.03776131,6,Flood
109.1929732,26.24925128,68,0.001485318,98877.09825,0.080575022,34.08538461,3.707267011,45.36500941,6,Flood
109.1929732,26.24925128,68,0.0,98614.94862,0.080403579,34.02001645,5.44631582,48.41506738,6,Flood
109.1929732,26.24925128,68,0.0,98508.21168,0.080324634,32.96928327,6.754557022,52.59636922,6,Flood
109.1929732,26.24925128,68,0.00307529,98464.11465,0.080294347,32.99982649,6.514676188,52.97308981,6,Flood
109.1929732,26.24925128,68,0.021860677,98623.45759,0.080377079,33.3919034,4.374595459,51.75991921,6,Flood
109.1929732,26.24925128,68,0.002180479,98609.75899,0.080338964,33.54860958,4.284186653,49.747734,6,Flood
109.1929732,26.24925128,68,5.81e-05,98332.53538,0.080281016,32.6041034,5.417299161,53.65783738,6,Flood
109.1929732,26.24925128,68,0.004789278,98224.88199,0.080402992,33.15069183,0.57807674,45.84542703,6,Flood
109.1929732,26.24925128,68,0.001393275,99022.11491,0.08076423,32.38363036,3.098380241,48.81911448,6,Flood
109.1929732,26.24925128,68,0.00014082,99253.01181,0.080841108,33.84643418,1.845099038,39.51021548,6,Flood
109.1929732,26.24925128,68,0.00011916,98771.77957,0.080470157,36.22320697,1.905683612,30.61842655,6,Flood
109.1929732,26.24925128,68,0.000328936,98402.82741,0.080183223,36.18219961,3.046330088,34.06634047,6,Flood
109.1929732,26.24925128,68,0.013626925,98478.21516,0.079970442,36.82709436,1.311797654,33.87421982,6,Flood
109.1929732,26.24925128,68,0.002350747,98576.25174,0.079702203,37.03175578,0.678750154,30.47703308,6,Flood
109.1929732,26.24925128,68,0.00421319,98520.34279,0.079473168,35.63842117,4.691849326,42.49155856,6,Flood
109.1929732,26.24925128,68,0.00304287,98207.30585,0.079364324,34.2739529,6.425586087,48.841879,6,Flood
109.1929732,26.24925128,68,0.005143064,98171.69573,0.079309273,34.02893534,6.597300124,51.93554313,6,Flood
109.1929732,26.24925128,68,0.053567556,98260.6952,0.079456638,34.94097156,4.670540602,50.80568457,7,Flood
109.1929732,26.24925128,68,0.06996203,98256.56496,0.080098715,33.9757721,3.565248024,54.14719313,7,Flood
109.1929732,26.24925128,68,0.118403118,98350.42429,0.082418228,34.42421356,2.804640398,53.96208607,7,Flood
109.1929732,26.24925128,68,1.284957676,98465.0288,0.179764519,30.93899448,0.64050661,72.16601424,7,Flood
109.1929732,26.24925128,68,0.085870555,98429.1808,0.232710777,31.59203859,1.064207193,72.0646719,7,Flood
109.1929732,26.24925128,68,1.241188541,98656.24292,0.337454144,29.8730667,1.746214125,81.56434271,7,Flood
109.1929732,26.24925128,68,1.575591473,98945.94718,0.38345587,28.42963173,2.056592015,85.82708316,7,Flood
109.1929732,26.24925128,68,0.989026067,98652.94722,0.395293434,28.79795124,0.830254331,84.83111149,7,Flood
109.1929732,26.24925128,68,0.105686164,98465.06196,0.395439649,28.93489315,1.602109583,82.81829102,7,Flood
109.1929732,26.24925128,68,0.173483359,98628.68134,0.376538094,28.95370836,1.413453801,81.05172615,7,Flood
109.1929732,26.24925128,68,0.054553266,98740.58852,0.36857493,29.69993274,1.136332912,80.01814647,7,Flood
109.1929732,26.24925128,68,0.033064968,98649.33339,0.341025697,30.57282477,0.847636955,75.23433206,7,Flood
109.1929732,26.24925128,68,0.00551876,98371.62837,0.309976233,30.8066336,1.535834724,73.80268034,7,Flood
109.1929732,26.24925128,68,0.186326257,98366.15156,0.288146749,30.77886716,1.5485724,73.00066274,7,Flood
109.1929732,26.24925128,68,1.749751206,98600.18983,0.381694127,27.61977035,4.47498583,85.98219565,7,Flood
109.1929732,26.24925128,68,0.850102285,98561.55076,0.41414522,27.90415959,4.458608908,86.20880668,7,Flood
109.1929732,26.24925128,68,0.675104451,98770.49358,0.416937835,27.50825284,3.229620038,88.89352942,7,Flood
109.1929732,26.24925128,68,0.35779318,98908.75949,0.410432771,28.13762572,0.219979206,86.6510302,7,Flood
109.1929732,26.24925128,68,0.033260635,98757.00963,0.37242864,30.11213582,3.272475,74.64463221,7,Flood
109.1929732,26.24925128,68,0.018709787,98575.36983,0.339711771,30.30034365,5.789019902,73.11299377,7,Flood
109.1929732,26.24925128,68,0.169876829,98639.67621,0.31267816,30.15089336,5.645487959,73.31908632,7,Flood
109.1929732,26.24925128,68,0.569034399,98852.96997,0.29345024,30.10717197,3.469567437,74.3220687,7,Flood
109.1929732,26.24925128,68,0.789410709,98774.99528,0.309607558,29.31345982,1.233482335,80.16702044,7,Flood
109.1929732,26.24925128,68,1.360695654,98641.71099,0.403141211,27.26624902,2.80944389,89.97199377,7,Flood
109.1929732,26.24925128,68,0.590814079,98792.39984,0.408806131,27.23436425,0.344280905,88.70148255,7,Flood
109.1929732,26.24925128,68,0.808487452,99151.51068,0.403356429,27.81938562,1.727208739,85.03880174,7,Flood
109.1929732,26.24925128,68,0.401580566,99149.62826,0.400527108,27.97878566,2.514610829,83.47845213,7,Flood
109.1929732,26.24925128,68,0.097211598,99200.04128,0.372075469,28.71758585,3.826565699,76.50509135,7,Flood
109.1929732,26.24925128,68,0.075406642,99091.04977,0.345101581,29.04410958,4.504697594,74.00755786,7,Flood
109.1929732,26.24925128,68,0.091344382,98870.96247,0.32083737,29.61329259,4.313749833,73.48757865,7,Flood
109.1929732,26.24925128,68,0.086466519,98613.60224,0.298893679,29.77048514,4.633784207,74.17922855,7,Flood
109.1929732,26.24925128,68,0.02534217,98688.87271,0.280638834,30.09450932,3.840108506,75.33495797,8,Flood
109.1929732,26.24925128,68,0.022796905,98714.30991,0.264463258,30.49106047,2.64095212,75.52565872,8,Flood
109.1929732,26.24925128,68,0.006477043,98832.63349,0.246524753,30.52968706,1.649557399,74.5383712,8,Flood
109.1929732,26.24925128,68,0.045276529,98818.88938,0.229172866,31.01183357,1.32593538,72.11798231,8,Flood
109.1929732,26.24925128,68,0.21343895,98663.0323,0.216401738,30.99782397,1.459892551,73.30193257,8,Flood
109.1929732,26.24925128,68,0.513186287,98568.08675,0.231642269,29.83823056,0.277566331,79.52088768,8,Flood
109.1929732,26.24925128,68,0.283698454,98512.66584,0.227433546,31.3525592,0.718626678,72.23978294,8,Flood
109.1929732,26.24925128,68,0.414422456,98499.22277,0.216862114,31.47630911,0.637762456,72.77315643,8,Flood
109.1929732,26.24925128,68,0.44022301,98454.67059,0.212636372,31.74476651,2.207090768,69.99748674,8,Flood
109.1929732,26.24925128,68,0.845007451,98306.72218,0.246720194,31.30910691,3.243738759,73.01188227,8,Flood
109.1929732,26.24925128,68,0.110940175,98282.52228,0.2505207,32.02418514,3.492086225,68.17778438,8,Flood
109.1929732,26.24925128,68,0.64473215,98481.05416,0.334101046,28.58804263,3.409361682,82.96154817,8,Flood
109.1929732,26.24925128,68,0.928131857,98551.09466,0.393165918,27.51136321,0.108314063,86.21508752,8,Flood
109.1929732,26.24925128,68,0.144574898,98624.03926,0.401047471,26.76971025,2.012704662,86.2218355,8,Flood
109.1929732,26.24925128,68,0.873241859,98888.89902,0.40997642,27.25366068,2.090945997,88.08548678,8,Flood
109.1929732,26.24925128,68,1.132310884,98837.2425,0.40922409,27.904294,2.768939896,85.67815629,8,Flood
109.1929732,26.24925128,68,1.298447823,98541.68933,0.414274551,28.10693938,2.098993804,83.27262544,8,Flood
109.1929732,26.24925128,68,5.351311374,98496.22469,0.425487947,26.36983993,3.733270148,90.31079719,8,Flood
109.1929732,26.24925128,68,2.384503981,98664.63409,0.414713127,27.31925917,5.092830602,85.56571992,8,Flood
109.1929732,26.24925128,68,0.313731658,98814.31617,0.408739536,27.21582876,3.804615579,85.18202942,8,Flood
109.1929732,26.24925128,68,1.68058599,98804.13966,0.414017055,26.62417597,2.383184401,88.20932634,8,Flood
109.1929732,26.24925128,68,0.464151692,98800.57639,0.395207547,26.75287923,0.669218016,86.91607029,8,Flood
109.1929732,26.24925128,68,1.937244771,98796.77449,0.397627393,27.70857829,2.07625372,84.38448588,8,Flood
109.1929732,26.24925128,68,3.542125772,98746.85343,0.423587506,25.65579607,2.641920657,89.93887296,8,Flood
109.1929732,26.24925128,68,0.357713637,98870.98324,0.404218292,26.2726852,2.696586749,81.98444839,8,Flood
109.1929732,26.24925128,68,0.511424345,99128.60878,0.383661765,27.21919917,2.802950027,79.83595249,8,Flood
109.1929732,26.24925128,68,0.17181724,99125.19547,0.367370519,27.50873009,2.623998389,77.89946389,8,Flood
109.1929732,26.24925128,68,0.286557058,99062.648,0.348971843,28.2061127,1.99728184,75.99801106,8,Flood
109.1929732,26.24925128,68,0.191753942,99371.2455,0.333723024,28.3158658,1.064216315,78.78918003,8,Flood
109.1929732,26.24925128,68,0.143969033,99522.7948,0.322540234,28.33212981,1.636401073,78.16787307,8,Flood
109.1929732,26.24925128,68,0.4943778,99312.6305,0.306786631,28.53507944,2.880009073,75.53804613,8,Flood
109.1929732,26.24925128,68,0.042800296,99247.90083,0.290483825,28.76964472,2.515799269,76.85865233,9,Flood
109.1929732,26.24925128,68,0.061819249,99370.91359,0.276320747,28.65663991,2.120112857,76.02900141,9,Flood
109.1929732,26.24925128,68,0.018607496,99097.79853,0.261236018,28.41042249,3.95738559,74.65126675,9,Flood
109.1929732,26.24925128,68,0.001490731,98858.06129,0.245904137,27.86552155,4.218481409,73.86710286,9,Flood
109.1929732,26.24925128,68,0.017654696,99064.31805,0.232914255,28.43817865,2.503227529,75.00671569,9,Flood
109.1929732,26.24925128,68,0.02206304,99319.33373,0.223562583,28.98839362,0.866005916,74.57250169,9,Flood
109.1929732,26.24925128,68,0.046361139,99504.95449,0.214657641,29.1171829,0.834719246,70.88220847,9,Flood
109.1929732,26.24925128,68,0.012323179,99509.11118,0.203324852,29.76654628,0.663719462,65.52865527,9,Flood
109.1929732,26.24925128,68,0.074674174,99345.97515,0.189943364,30.6638863,1.512703307,61.83601348,9,Flood
109.1929732,26.24925128,68,0.063354225,99176.68779,0.1761403,31.70038547,1.166454469,60.96609633,9,Flood
109.1929732,26.24925128,68,0.055236246,98946.94643,0.165080883,31.84864211,1.01067997,61.30766588,9,Flood
109.1929732,26.24925128,68,0.291599028,98923.33092,0.172750224,30.7521712,1.81911187,68.89419509,9,Flood
109.1929732,26.24925128,68,0.040132794,99027.66811,0.16936868,31.20288029,2.25442184,64.75446702,9,Flood
109.1929732,26.24925128,68,0.017784305,99080.33007,0.155007818,31.30393952,1.748408866,62.73267572,9,Flood
109.1929732,26.24925128,68,0.007352202,98946.39791,0.143188711,30.70906779,2.28706356,61.45891823,9,Flood
109.1929732,26.24925128,68,0.001336386,98650.25364,0.134291461,29.20843283,3.658342547,65.96880714,9,Flood
109.1929732,26.24925128,68,0.001034391,98899.29858,0.127672263,28.92556403,3.693489875,66.59965045,9,Flood
109.1929732,26.24925128,68,0.000642943,99357.88942,0.121982241,28.7508514,1.906437361,66.73361002,9,Flood
109.1929732,26.24925128,68,0.001025262,99329.19105,0.116533415,29.26028989,3.08301089,57.18624858,9,Flood
109.1929732,26.24925128,68,0.001821196,99247.44298,0.11227922,28.93069053,2.585383997,62.77370174,9,Flood
109.1929732,26.24925128,68,0.000860108,99253.89827,0.108967467,29.0293512,2.188837375,61.45736778,9,Flood
109.1929732,26.24925128,68,0.003327127,99223.58259,0.106215766,29.4434604,2.14967824,64.05261083,9,Flood
109.1929732,26.24925128,68,0.001609905,99080.6223,0.10405788,29.55618502,3.106365606,62.9478383,9,Flood
109.1929732,26.24925128,68,0.00035944,98987.88463,0.102222933,29.07783583,3.102978379,63.52484839,9,Flood
109.1929732,26.24925128,68,0.000720866,99147.04365,0.100884008,28.81054266,3.640564335,63.02680588,9,Flood
109.1929732,26.24925128,68,0.003601742,99554.52583,0.099612053,28.41472012,1.808743376,63.17226325,9,Flood
109.1929732,26.24925128,68,0.001419694,99404.69327,0.098065781,28.86948804,2.522038656,58.08658696,9,Flood
109.1929732,26.24925128,68,0.004550352,99302.26857,0.09693963,28.65557671,3.033720276,59.52994954,9,Flood
109.1929732,26.24925128,68,0.00213836,99353.35697,0.095987245,28.89807943,2.652495842,59.29853013,9,Flood
109.1929732,26.24925128,68,0.00307071,99392.71568,0.095095377,29.07113062,2.638427062,57.01132906,9,Flood
109.1929732,26.24925128,68,0.002878999,99278.61363,0.094384819,28.76909552,3.329222912,58.08053227,10,Flood
109.1929732,26.24925128,68,0.005964744,99334.76844,0.093604421,28.73532729,2.976987642,58.73171317,10,Flood
109.1929732,26.24925128,68,0.001599377,99557.02778,0.092725158,28.80880979,1.647076437,58.12200835,10,Flood
109.1929732,26.24925128,68,4.01e-05,99675.82889,0.09180774,28.92525893,0.938640168,56.32098634,10,Flood
109.1929732,26.24925128,68,4.35e-05,99528.76741,0.09112089,29.03500142,1.81248523,50.88072786,10,Flood
109.1929732,26.24925128,68,0.0,99389.80572,0.090507424,29.06311782,1.668462018,46.60384791,10,Flood
109.1929732,26.24925128,68,0.0,99477.92201,0.090069686,29.33401432,2.280220913,43.00236848,10,Flood
109.1929732,26.24925128,68,0.0,99610.22074,0.089660872,28.78345424,3.462985605,44.86602,10,Flood
109.1929732,26.24925128,68,2.24e-06,99677.0386,0.089383794,28.64574529,0.844578214,47.48751494,10,Flood
109.1929732,26.24925128,68,7.6e-05,99738.16787,0.089054913,28.65645436,0.272797228,44.90017993,10,Flood
109.1929732,26.24925128,68,0.0,99606.58906,0.088672378,27.78918411,0.713817607,36.63771035,10,Flood
109.1929732,26.24925128,68,0.0,99756.65319,0.088373971,27.00711875,1.016425478,34.17825224,10,Flood
109.1929732,26.24925128,68,0.0,99903.21466,0.088264797,26.96847876,0.834673561,32.87124405,10,Flood
109.1929732,26.24925128,68,1.12e-06,99924.52338,0.088065535,27.07862064,0.883106215,35.50678002,10,Flood
109.1929732,26.24925128,68,0.000361224,99853.8817,0.087935918,26.90867635,0.727051971,37.45994562,10,Flood
109.1929732,26.24925128,68,0.0,100035.3089,0.087828046,26.92166918,0.65804385,40.85407222,10,Flood
109.1929732,26.24925128,68,1.34e-05,99995.17167,0.087723133,27.20039923,1.150374383,36.80016463,10,Flood
109.1929732,26.24925128,68,0.0,99763.33979,0.087533123,27.30164819,1.336213984,39.61790528,10,Flood
109.1929732,26.24925128,68,0.0,99744.67973,0.087665747,26.76758465,1.665633977,52.09263207,10,Flood
109.1929732,26.24925128,68,4.47e-06,99884.99206,0.087752387,26.92282102,1.206890567,52.66244482,10,Flood
109.1929732,26.24925128,68,0.000104294,100389.3371,0.087899203,26.00042251,2.757464794,56.65494428,10,Flood
109.1929732,26.24925128,68,4.81e-05,100418.5172,0.087786492,26.56237487,0.368609779,49.04294199,10,Flood
109.1929732,26.24925128,68,4.01e-05,100227.8804,0.087486313,26.68492701,0.486251956,43.41313949,10,Flood
109.1929732,26.24925128,68,3.02e-05,99852.4587,0.087280777,26.11158967,1.194706815,46.97995406,10,Flood
109.1929732,26.24925128,68,0.0,99700.25502,0.087326617,26.67635132,1.60679222,52.49408621,10,Flood
109.1929732,26.24925128,68,0.0,99960.02498,0.087364626,26.86818769,1.208539254,57.61009389,10,Flood
109.1929732,26.24925128,68,1.68e-05,100002.8957,0.087346308,26.61026515,1.501745243,57.18462457,10,Flood
109.1929732,26.24925128,68,0.000196399,100075.5552,0.08725971,26.30640382,1.823190472,48.06418574,10,Flood
109.1929732,26.24925128,68,0.0,100102.8827,0.087050022,26.34729326,1.742163608,42.15647697,10,Flood
109.1929732,26.24925128,68,0.0,100126.2257,0.086858682,26.19419145,1.358837002,40.97882996,10,Flood
109.1929732,26.24925128,68,9.61e-05,100027.4949,0.086785205,26.89452808,1.922577041,43.78222097,10,Flood
109.1929732,26.24925128,68,4.58e-05,100072.661,0.086845481,27.25878251,1.333149522,56.64556407,11,Flood
109.1929732,26.24925128,68,0.000240289,100013.5965,0.086895866,26.964054,1.395917891,57.95351417,11,Flood
109.1929732,26.24925128,68,0.0,99890.11573,0.086785783,27.02651409,1.938933737,49.70015171,11,Flood
109.1929732,26.24925128,68,4.8e-05,99966.24483,0.08667407,26.87210199,1.952531283,43.56019929,11,Flood
109.1929732,26.24925128,68,0.001637398,100075.4665,0.086544173,27.32373744,2.527704396,32.78011285,11,Flood
109.1929732,26.24925128,68,0.003485225,100163.2367,0.08653925,25.56613189,1.822956083,39.92228151,11,Flood
109.1929732,26.24925128,68,0.050452495,100258.8504,0.087120419,23.4838203,2.393361985,60.94441951,11,Flood
109.1929732,26.24925128,68,0.003393619,100312.7196,0.088534425,23.31784494,2.700505467,60.0558566,11,Flood
109.1929732,26.24925128,68,0.000343631,100310.0034,0.088107217,23.91470779,0.522404797,58.25501743,11,Flood
109.1929732,26.24925128,68,0.00087014,100479.9933,0.087804859,24.44730238,1.449102062,60.99216857,11,Flood
109.1929732,26.24925128,68,0.000176277,100546.2274,0.08760662,24.15609001,1.187292058,60.41862778,11,Flood
109.1929732,26.24925128,68,0.000375293,100406.4385,0.087373104,24.46599713,0.696069525,56.16277255,11,Flood
109.1929732,26.24925128,68,0.000821513,100043.3091,0.087127523,25.60626834,2.425762784,50.9926529,11,Flood
109.1929732,26.24925128,68,0.000903038,100154.309,0.0870714,25.00559801,1.598550925,56.58907387,11,Flood
109.1929732,26.24925128,68,0.000125195,100449.4934,0.087172008,21.49127113,2.705354485,58.51745079,11,Flood
109.1929732,26.24925128,68,0.000173231,100299.3708,0.087225425,22.80414541,0.464006339,58.82933533,11,Flood
109.1929732,26.24925128,68,6.37e-05,100289.5168,0.087247627,22.97340459,0.977342847,61.7086281,11,Flood
109.1929732,26.24925128,68,0.00047878,100206.2445,0.087250168,23.1498583,0.617127138,59.83069777,11,Flood
109.1929732,26.24925128,68,0.000644867,100253.6656,0.087244181,22.79927838,1.443643787,62.67086181,11,Flood
109.1929732,26.24925128,68,0.001115298,100316.902,0.087233869,22.25513763,2.736188402,54.65677942,11,Flood
109.1929732,26.24925128,68,0.000475283,100267.3585,0.087154232,22.19810836,1.341227374,54.24692181,11,Flood
109.1929732,26.24925128,68,0.000125336,100262.7291,0.087120753,22.13151018,1.504699322,50.88444381,11,Flood
109.1929732,26.24925128,68,0.0,100284.5247,0.08703535,21.28055226,0.659173667,40.32380217,11,Flood
109.1929732,26.24925128,68,0.0,100148.2695,0.086963021,21.05612506,1.158395081,41.53955738,11,Flood
109.1929732,26.24925128,68,3.56e-06,100309.3687,0.087037914,20.45342228,1.371289096,51.93764112,11,Flood
109.1929732,26.24925128,68,0.0,100090.5582,0.08703697,20.87584631,0.29997262,49.49169682,11,Flood
109.1929732,26.24925128,68,4.92e-05,99846.01911,0.087074238,20.71775917,0.830592035,54.05526673,11,Flood
109.1929732,26.24925128,68,0.0,100068.6186,0.087180483,20.13382714,1.896623009,54.57425457,11,Flood
109.1929732,26.24925128,68,0.0,100299.4597,0.087285247,19.69299831,2.415468451,52.97858593,11,Flood
109.1929732,26.24925128,68,0.0,100402.9988,0.087334703,19.69510712,1.914441335,52.04191134,11,Flood
109.1929732,26.24925128,68,2.29e-05,100224.233,0.087345852,19.59027482,0.827884864,51.32000531,12,Flood
109.1929732,26.24925128,68,3.63e-06,100026.0559,0.087308794,19.45826369,0.296654583,51.74717588,12,Flood
109.1929732,26.24925128,68,0.0,100241.4824,0.087348705,19.17768339,2.293818332,55.84650853,12,Flood
109.1929732,26.24925128,68,0.0,100386.3784,0.087422446,18.86303403,2.040689747,57.24643092,12,Flood
109.1929732,26.24925128,68,7.38e-05,100495.2551,0.087481405,19.01050285,1.280763512,59.83174405,12,Flood
109.1929732,26.24925128,68,0.0,100487.0943,0.087545486,19.10598296,1.564898641,61.4808434,12,Flood
109.1929732,26.24925128,68,0.0,100359.0081,0.087524186,19.96033581,0.248126995,55.6607145,12,Flood
109.1929732,26.24925128,68,0.000300723,100210.3067,0.087277476,20.6426404,0.556736419,49.58229637,12,Flood
109.1929732,26.24925128,68,0.000283876,100142.2929,0.087201037,19.83120798,2.213424449,58.28356831,12,Flood
109.1929732,26.24925128,68,0.000564802,100249.9239,0.087362097,20.01679934,3.332657223,61.07498073,12,Flood
109.1929732,26.24925128,68,0.000795746,100395.4422,0.087479272,19.41521774,3.945480893,56.01879567,12,Flood
109.1929732,26.24925128,68,0.000559858,100348.7755,0.087413714,19.13542726,2.721087707,54.58643359,12,Flood
109.1929732,26.24925128,68,0.000189996,100534.1003,0.087411992,19.10615887,3.698457473,50.6681079,12,Flood
109.1929732,26.24925128,68,0.0,100475.151,0.087287189,18.55237345,1.538890599,51.05960439,12,Flood
109.1929732,26.24925128,68,0.0,100233.4029,0.087258659,18.75706879,0.198532761,51.01333744,12,Flood
109.1929732,26.24925128,68,0.0,100085.157,0.087162477,18.86241161,0.845663014,51.24581577,12,Flood
109.1929732,26.24925128,68,1.01e-05,100262.9806,0.08710278,18.94090853,0.81560598,52.943834,12,Flood
109.1929732,26.24925128,68,0.000116233,100273.1916,0.087121101,18.74525071,1.164432245,57.01622753,12,Flood
109.1929732,26.24925128,68,0.001273084,100146.7356,0.087177459,18.54410266,1.160279252,59.29624955,12,Flood
109.1929732,26.24925128,68,0.000236563,100152.4182,0.087261541,17.82471126,2.017290503,54.49078049,12,Flood
109.1929732,26.24925128,68,0.0,100307.799,0.087227812,17.03954083,2.282302351,46.3947703,12,Flood
109.1929732,26.24925128,68,9.39e-05,100263.5065,0.087203328,16.64219991,1.378755447,50.34937336,12,Flood
109.1929732,26.24925128,68,5.59e-05,100196.1912,0.087201527,16.51226114,0.716521417,50.12945479,12,Flood
109.1929732,26.24925128,68,0.00244784,100455.355,0.087242973,16.07951354,1.792695773,52.75518866,12,Flood
109.1929732,26.24925128,68,0.006777723,100457.0116,0.087319608,15.5691955,1.337457486,58.73457005,12,Flood
109.1929732,26.24925128,68,0.002867894,100666.373,0.087503966,15.42991374,2.290615184,65.68444172,12,Flood
109.1929732,26.24925128,68,0.008064495,100692.5896,0.087669731,15.93245723,1.729684024,62.56481531,12,Flood
109.1929732,26.24925128,68,0.009299116,100554.3454,0.087901588,18.6607413,0.603914823,55.68259594,12,Flood
109.1929732,26.24925128,68,0.00086844,100428.2493,0.088400942,20.92873116,2.143574614,57.2266053,12,Flood
109.1929732,26.24925128,68,0.0,100960.1382,0.088068166,16.53783838,2.409585398,57.59311398,12,Flood
109.1929732,26.24925128,68,0.000341992,100858.512,0.087995441,15.86277021,0.499058,55.77120851,12,Flood
109.1929732,26.24925128,68,0.000134985,100639.5491,0.087775761,16.71212559,0.625040886,50.78715822,1,Flood
109.1929732,26.24925128,68,0.0,100800.068,0.087690737,16.07038112,2.556114788,54.97546344,1,Flood
109.1929732,26.24925128,68,0.0,101029.1779,0.087693518,15.40526141,2.904837447,49.24818335,1,Flood
109.1929732,26.24925128,68,0.0,101026.649,0.087631091,14.6357516,2.287332619,51.01206029,1,Flood
109.1929732,26.24925128,68,0.0,101050.6959,0.087680489,14.10070574,3.081612246,49.00887776,1,Flood
109.1929732,26.24925128,68,0.0,101019.8371,0.087655907,14.27301106,3.055811785,49.21468254,1,Flood
109.1929732,26.24925128,68,0.000131695,100885.9745,0.087628906,14.43227919,2.797650368,52.14113729,1,Flood
109.1929732,26.24925128,68,0.000137016,100687.9927,0.087546211,15.39872369,1.54395548,54.55744924,1,Flood
109.1929732,26.24925128,68,0.000449981,100790.8619,0.087459836,16.31356994,1.706833481,56.60477277,1,Flood
109.1929732,26.24925128,68,0.000447868,100607.6221,0.087374347,16.9765707,0.249085019,59.11077811,1,Flood
109.1929732,26.24925128,68,0.000349999,100064.4118,0.087254577,19.2073715,2.85264028,55.25205389,1,Flood
109.1929732,26.24925128,68,0.0,100099.7925,0.086969644,15.34078686,2.260081957,31.68308799,1,Flood
109.1929732,26.24925128,68,0.0,100456.9948,0.086872924,12.28469162,2.359397589,28.24177956,1,Flood
109.1929732,26.24925128,68,0.000268948,100690.8254,0.086933468,12.04357608,1.523957503,37.05896491,1,Flood
109.1929732,26.24925128,68,0.0,100396.994,0.086972094,12.81455681,0.784069173,42.9222503,1,Flood
109.1929732,26.24925128,68,7.57e-06,100470.6542,0.086988915,13.36061778,1.441613911,48.12258296,1,Flood
109.1929732,26.24925128,68,0.000514737,100521.6277,0.086997784,14.482067,0.879996504,49.28191669,1,Flood
109.1929732,26.24925128,68,0.000130762,100568.6874,0.086896849,15.24580164,1.850499772,45.37685015,1,Flood
109.1929732,26.24925128,68,0.028292923,100622.7805,0.094009802,13.33132981,3.972410192,64.34433494,1,Flood
109.1929732,26.24925128,68,0.0,100591.6877,0.101252673,13.35247492,2.66175881,68.24025915,1,Flood
109.1929732,26.24925128,68,3.35e-05,100600.8715,0.099459886,13.61804398,2.334164057,57.54529682,1,Flood
109.1929732,26.24925128,68,8.01e-05,100591.7882,0.097619718,12.92361174,2.540410478,43.40233312,1,Flood
109.1929732,26.24925128,68,0.000455818,100573.1272,0.095978718,12.77451548,2.824545771,39.49579646,1,Flood
109.1929732,26.24925128,68,0.000744033,100448.6172,0.094647609,12.58987273,1.419554837,40.92859339,1,Flood
109.1929732,26.24925128,68,0.000228052,100627.7943,0.093635225,12.04995127,1.943689676,42.35618537,1,Flood
109.1929732,26.24925128,68,0.0,100846.9283,0.092845799,12.48373897,3.079485669,39.42655544,1,Flood
109.1929732,26.24925128,68,0.003336975,100737.4347,0.09213238,13.33528711,2.966708923,38.97620035,1,Flood
109.1929732,26.24925128,68,0.006870608,100237.7829,0.091437851,13.94082662,2.356104925,40.37284888,1,Flood
109.1929732,26.24925128,68,0.00040713,99966.39859,0.091678765,15.00981109,0.82242318,42.48506729,1,Flood
109.1929732,26.24925128,68,0.0,100601.3541,0.091165981,15.0348888,2.401746183,50.39286438,1,Flood
109.1929732,26.24925128,68,0.000120703,100856.1941,0.090695484,15.31111318,2.652255304,52.59363776,1,Flood
109.1929732,26.24925128,68,0.000135773,100710.3044,0.090250507,16.00749612,1.411625066,54.3887886,2,Flood
109.1929732,26.24925128,68,6.04e-05,100512.2006,0.089762551,17.13332901,0.548015686,52.02415377,2,Flood
109.1929732,26.24925128,68,0.0,100382.8658,0.089211397,18.14847584,0.284495178,49.37514922,2,Flood
109.1929732,26.24925128,68,0.0,100188.5511,0.088674723,19.23392502,0.24237115,51.29603568,2,Flood
109.1929732,26.24925128,68,6.93e-05,99830.97685,0.088320294,20.54218961,2.319228856,57.21245481,2,Flood
109.1929732,26.24925128,68,9.25e-05,100087.4952,0.088031929,20.53139319,1.555009524,52.4522967,2,Flood
109.1929732,26.24925128,68,7.82e-06,100078.4467,0.087694978,20.28776901,1.219339175,46.40736853,2,Flood
109.1929732,26.24925128,68,0.000335142,99907.10937,0.08730536,20.96708776,1.920028512,43.31519513,2,Flood
109.1929732,26.24925128,68,0.000230629,99704.36991,0.087009302,22.82821568,4.170439531,49.37444864,2,Flood
109.1929732,26.24925128,68,0.00047182,99886.40888,0.086839794,21.86049759,1.609090595,61.43152258,2,Flood
109.1929732,26.24925128,68,0.0,100469.0587,0.086653591,20.4130107,2.546566332,35.15058209,2,Flood
109.1929732,26.24925128,68,0.0,100821.5122,0.086479461,18.26805785,2.339869899,36.39633652,2,Flood
109.1929732,26.24925128,68,0.0,100522.2495,0.086295045,19.4790407,1.34918892,33.35140601,2,Flood
109.1929732,26.24925128,68,0.0,100287.0911,0.086099311,20.99785922,0.610724469,45.77777557,2,Flood
109.1929732,26.24925128,68,7.34e-05,100138.6214,0.08599116,22.02770207,0.729987155,50.10449462,2,Flood
109.1929732,26.24925128,68,8.94e-06,100141.479,0.085835087,22.88684884,0.409946193,48.75239477,2,Flood
109.1929732,26.24925128,68,0.0001,100289.1816,0.085749186,23.44356755,1.389370046,55.9442841,2,Flood
109.1929732,26.24925128,68,0.0,100168.9892,0.085701632,23.38435948,0.618695115,53.57499032,2,Flood
109.1929732,26.24925128,68,0.0,99856.78854,0.085529402,24.51346957,1.860321177,37.97943532,2,Flood
109.1929732,26.24925128,68,5.72e-05,99753.51866,0.085397055,24.71538816,1.059425953,46.9881546,2,Flood
109.1929732,26.24925128,68,0.000672164,100001.3907,0.085404591,23.97708406,1.004744209,41.17027016,2,Flood
109.1929732,26.24925128,68,0.00015318,99881.80761,0.0854531,22.94592556,1.190322572,51.26526047,2,Flood
109.1929732,26.24925128,68,5.15e-05,100050.6544,0.085506346,23.03806883,2.390377716,52.19385701,2,Flood
109.1929732,26.24925128,68,1.07e-05,100152.9198,0.085428652,23.45789101,0.737046869,50.77072341,2,Flood
109.1929732,26.24925128,68,6.71e-06,100276.4528,0.085310627,24.01873728,0.8466021,50.17074287,2,Flood
109.1929732,26.24925128,68,7.26e-05,100422.7162,0.085237013,25.03212352,0.244946576,48.45467074,2,Flood
109.1929732,26.24925128,68,2.21e-05,100337.1147,0.085171062,25.42937507,0.241319688,44.98349087,2,Flood
109.1929732,26.24925128,68,3.35e-06,100257.5012,0.085092566,25.04644326,0.7086355,36.92689313,2,Flood
109.1929732,26.24925128,68,0.00385891,100584.5646,0.085236838,22.72633579,3.714471582,55.97107416,3,Flood
109.1929732,26.24925128,68,0.000569697,100716.8679,0.085339051,22.96104303,2.892163381,58.00452582,3,Flood
109.1929732,26.24925128,68,0.0,100744.5571,0.0853822,23.47163102,3.005863021,57.66314861,3,Flood
109.1929732,26.24925128,68,0.000125138,100654.1027,0.085326092,23.91291897,2.51549963,53.62036579,3,Flood
109.1929732,26.24925128,68,0.003147659,100562.7765,0.085213233,24.9568908,1.790820641,45.23130671,3,Flood
109.1929732,26.24925128,68,3.56e-06,100276.3582,0.085187565,25.35208371,0.772593734,41.56652428,3,Flood
109.1929732,26.24925128,68,0.001629645,100217.3901,0.085642566,25.31366193,1.497917543,39.57451286,3,Flood
109.1929732,26.24925128,68,0.0,100348.6703,0.085709894,25.52351565,1.41423706,39.81270965,3,Flood
109.1929732,26.24925128,68,0.0,100325.0122,0.085360717,26.29156862,0.813720185,35.17688292,3,Flood
109.1929732,26.24925128,68,0.0,100214.6598,0.085132603,26.98207654,1.04560213,29.93786789,3,Flood
109.1929732,26.24925128,68,0.022999764,100068.3806,0.085019079,27.60960441,2.203548482,21.56635691,3,Flood
109.1929732,26.24925128,68,0.009675118,100059.6707,0.084965358,26.77718561,1.124204083,26.56622637,3,Flood
109.1929732,26.24925128,68,0.000298405,100026.0521,0.08492584,26.73400732,0.706687379,31.59915496,3,Flood
109.1929732,26.24925128,68,0.00367554,99734.27346,0.084881893,27.24588385,1.131189283,31.13542614,3,Flood
109.1929732,26.24925128,68,0.01429507,99503.30996,0.085252968,26.89066644,2.535805193,34.75809275,3,Flood
109.1929732,26.24925128,68,0.142902244,99588.44144,0.095207554,25.84409167,1.2522789,53.37318608,3,Flood
109.1929732,26.24925128,68,0.007302672,99790.432,0.100336113,25.31046556,1.93659546,51.93055637,3,Flood
109.1929732,26.24925128,68,0.200960158,99849.69993,0.097022379,24.22128384,1.907182723,53.22918529,3,Flood
109.1929732,26.24925128,68,0.000433054,99699.72509,0.113542673,22.8336336,0.918748634,65.06703645,3,Flood
109.1929732,26.24925128,68,0.088375801,99493.92304,0.109690068,24.20919964,1.325143284,54.32357289,3,Flood
109.1929732,26.24925128,68,0.003621815,99492.89408,0.101975479,25.0634121,2.710364587,44.36925771,3,Flood
109.1929732,26.24925128,68,0.019804359,99573.27717,0.097526918,25.12859792,1.990696999,49.34236501,3,Flood
109.1929732,26.24925128,68,0.02739475,99510.45384,0.106243029,23.30729396,2.476770723,63.36990413,3,Flood
109.1929732,26.24925128,68,0.000106279,99516.49558,0.105906057,23.45714279,2.668618612,40.89119677,3,Flood
109.1929732,26.24925128,68,0.0,99878.29204,0.09765549,23.97066451,0.764744743,37.41284499,3,Flood
109.1929732,26.24925128,68,0.0,100023.0622,0.09333497,24.06033758,1.259892189,41.58886806,3,Flood
109.1929732,26.24925128,68,0.0,99795.93704,0.091039168,26.36728259,2.264542959,30.49509747,3,Flood
109.1929732,26.24925128,68,0.01427291,99620.61974,0.089311317,26.98770309,2.748491175,31.75776285,3,Flood
109.1929732,26.24925128,68,0.002403998,99587.76282,0.088347231,26.25635107,3.408506627,40.05507983,3,Flood
109.1929732,26.24925128,68,0.010183439,99604.22348,0.087959439,24.16510215,2.071910282,52.16450746,3,Flood
109.1929732,26.24925128,68,0.0,99507.54489,0.087613831,25.59477765,0.423619049,45.04367126,3,Flood
109.1929732,26.24925128,68,0.00025453,99519.81025,0.08678978,26.79816171,2.994048219,38.27187947,4,Flood
109.1929732,26.24925128,68,4.39e-05,99394.75734,0.086250087,27.21742282,3.35626958,43.61335625,4,Flood
109.1929732,26.24925128,68,7.97e-06,99359.02783,0.085891302,27.56215877,4.283544232,39.61909292,4,Flood
109.1929732,26.24925128,68,5.09e-05,99684.65108,0.085578615,26.83550564,1.392245708,40.49985569,4,Flood
109.1929732,26.24925128,68,0.0,99657.9657,0.085271037,27.17241236,0.762229525,32.58661244,4,Flood
109.1929732,26.24925128,68,0.0,99902.70957,0.08517516,27.32439927,2.225348133,32.63040959,4,Flood
109.1929732,26.24925128,68,0.001211716,100114.1824,0.08511993,28.10567829,2.95574524,28.50915038,4,Flood
109.1929732,26.24925128,68,0.0,100129.1619,0.084958309,28.70022727,2.339274307,24.1809506,4,Flood
109.1929732,26.24925128,68,0.002614019,100037.0296,0.084816045,29.94051399,1.101447024,22.43857443,4,Flood
109.1929732,26.24925128,68,0.008144254,99908.45915,0.084869595,29.91655031,0.403834576,24.75356042,4,Flood
109.1929732,26.24925128,68,0.030981735,99929.10342,0.087561369,29.17257451,0.946881093,31.36006282,4,Flood
109.1929732,26.24925128,68,7.38e-05,99898.69713,0.086024961,29.75893399,0.809893562,29.80332861,4,Flood
109.1929732,26.24925128,68,0.0,99770.48993,0.085148854,30.85175137,1.019574269,27.04381141,4,Flood
109.1929732,26.24925128,68,8.94e-05,99564.52484,0.084866417,31.47680831,1.438355045,27.91555897,4,Flood
109.1929732,26.24925128,68,0.010723784,99411.69972,0.084741167,31.51358649,2.272695261,34.21381619,4,Flood
109.1929732,26.24925128,68,0.001265103,99340.53891,0.088727885,30.83643933,2.15984934,40.6976832,4,Flood
109.1929732,26.24925128,68,0.006933252,99477.74856,0.089226735,31.14338539,3.199204718,31.9699621,4,Flood
109.1929732,26.24925128,68,0.066657755,99749.97048,0.089336065,29.82385748,3.458811515,37.57947947,4,Flood
109.1929732,26.24925128,68,0.002155803,99399.86823,0.088807669,29.48385398,2.836327822,28.84565566,4,Flood
109.1929732,26.24925128,68,0.000135237,99132.21998,0.087340128,29.37683299,2.455443051,19.8334709,4,Flood
109.1929732,26.24925128,68,0.0,99154.27108,0.086412993,29.58789904,1.517968273,19.41737628,4,Flood
109.1929732,26.24925128,68,0.001203757,99259.01954,0.085801402,29.83762985,0.32200894,24.08877901,4,Flood
109.1929732,26.24925128,68,1.81e-06,99463.35691,0.085388136,29.53268955,1.106697975,20.65313778,4,Flood
109.1929732,26.24925128,68,0.004810223,99576.21636,0.085092255,30.61320124,1.152988728,21.03852077,4,Flood
109.1929732,26.24925128,68,0.007401066,99562.03286,0.084909987,30.89038032,0.747588407,23.36877363,4,Flood
109.1929732,26.24925128,68,0.003747129,99377.81174,0.08551317,30.24012599,1.638439809,25.84799726,4,Flood
109.1929732,26.24925128,68,0.001782728,99380.83505,0.086919797,29.44893479,3.014599317,36.79318293,4,Flood
109.1929732,26.24925128,68,0.124165905,99525.00243,0.098340052,27.53751644,2.301190219,52.90584369,4,Flood
109.1929732,26.24925128,68,0.069333581,99528.89228,0.12357921,25.17086834,1.20732758,63.62039882,4,Flood
109.1929732,26.24925128,68,0.010434088,99360.76031,0.139949618,25.41886057,0.320799691,60.81794434,4,Flood
109.1929732,26.24925128,68,0.021737744,99283.96131,0.126334333,28.13332097,0.31716036,50.46793004,5,Flood
109.1929732,26.24925128,68,0.00047935,99417.73703,0.111239961,30.06035237,0.909958094,41.3183461,5,Flood
109.1929732,26.24925128,68,0.003574064,99560.64874,0.104099394,30.31678609,0.924676997,42.47853251,5,Flood
109.1929732,26.24925128,68,0.000176295,99473.94776,0.098642268,31.52144263,1.044565089,36.84313435,5,Flood
109.1929732,26.24925128,68,0.033124412,99404.18809,0.093198745,31.67782131,0.899314536,33.98901037,5,Flood
109.1929732,26.24925128,68,0.000243777,99367.83715,0.090187952,32.26625724,1.523911041,30.27136994,5,Flood
109.1929732,26.24925128,68,0.0,99244.75885,0.088233813,32.88695364,2.041921687,21.88662384,5,Flood
109.1929732,26.24925128,68,0.0,99211.62993,0.086880038,32.84599163,1.42770872,18.20274724,5,Flood
109.1929732,26.24925128,68,0.0,99413.03049,0.085976513,32.71208215,1.034742129,22.19546194,5,Flood
109.1929732,26.24925128,68,9.28e-05,99385.87325,0.085364471,33.63718935,1.244917322,22.27161451,5,Flood
109.1929732,26.24925128,68,8.94e-06,99262.91239,0.084947194,35.20799851,3.10727396,21.17440016,5,Flood
109.1929732,26.24925128,68,3.68e-05,99151.28007,0.084798103,35.35359965,2.773723951,25.14598458,5,Flood
109.1929732,26.24925128,68,0.001842208,99117.42419,0.089635932,35.10485116,2.268960469,28.69778718,5,Flood
109.1929732,26.24925128,68,0.008222895,98911.7574,0.093014351,33.93184853,3.912703119,36.6211566,5,Flood
109.1929732,26.24925128,68,0.002597386,98943.48562,0.099102107,32.88338423,4.694570061,46.54457347,5,Flood
109.1929732,26.24925128,68,0.014232663,99127.99167,0.098765906,32.94301576,4.909958091,48.82920911,5,Flood
109.1929732,26.24925128,68,0.000205673,99262.6257,0.093609591,32.50059159,5.400256446,47.59264233,5,Flood
109.1929732,26.24925128,68,0.009602052,99557.89161,0.09187486,33.59766214,1.136054412,42.87912055,5,Flood
109.1929732,26.24925128,68,0.00117483,99419.23637,0.09074553,34.62069955,2.886702957,35.1232147,5,Flood
109.1929732,26.24925128,68,0.000143055,99200.77968,0.088070613,34.42927467,4.382484672,32.4240327,5,Flood
109.1929732,26.24925128,68,0.000104368,99227.39522,0.087705309,33.5018371,5.069713641,45.91019972,5,Flood
109.1929732,26.24925128,68,0.001382396,99224.37076,0.089142912,33.83833077,4.71386717,49.88876849,5,Flood
109.1929732,26.24925128,68,0.12029558,99215.80035,0.092030838,34.01805461,3.81232525,52.53729169,5,Flood
109.1929732,26.24925128,68,0.001875039,98988.21901,0.101465769,34.01628038,5.191132526,48.07631549,5,Flood
109.1929732,26.24925128,68,0.000262864,98810.70733,0.098878423,34.5577289,5.001746617,40.45862634,5,Flood
109.1929732,26.24925128,68,0.0,98830.57267,0.092535021,34.92763312,4.788649476,35.33846055,5,Flood
109.1929732,26.24925128,68,0.089122069,98974.01265,0.090823755,34.19930693,1.701497267,46.03891275,5,Flood
109.1929732,26.24925128,68,0.036138908,99122.86227,0.110417864,33.28759874,1.730462182,48.78931023,5,Flood
109.1929732,26.24925128,68,0.109561483,99394.58113,0.121601429,31.36825392,0.919378084,56.00484276,5,Flood
109.1929732,26.24925128,68,0.088911913,99538.26851,0.117652591,30.32373904,0.962968572,57.63758978,5,Flood
109.1929732,26.24925128,68,0.006251911,99254.55036,0.107682537,31.23246393,3.833386953,54.13499916,5,Flood
109.1929732,26.24925128,68,0.006371292,99133.64198,0.100007131,32.57865969,2.171763409,52.0783599,6,Flood
109.1929732,26.24925128,68,0.007271006,99210.10191,0.095061774,32.92508635,0.771983587,51.34681173,6,Flood
109.1929732,26.24925128,68,0.186557683,99037.10426,0.092629185,34.62959753,2.717338979,46.82805949,6,Flood
109.1929732,26.24925128,68,0.001419401,99164.91946,0.090299273,33.98488831,1.179462899,46.95470778,6,Flood
109.1929732,26.24925128,68,0.006810138,99025.16298,0.088614484,34.3102144,2.258157975,45.22462581,6,Flood
109.1929732,26.24925128,68,8.38e-05,98870.67232,0.087753087,34.92243188,1.673116122,46.94793415,6,Flood
109.1929732,26.24925128,68,6.04e-05,98923.20731,0.086562465,34.26312933,2.094575521,51.49682936,6,Flood
109.1929732,26.24925128,68,0.003399922,98936.00159,0.085545825,34.36276843,3.993641523,49.2679764,6,Flood
109.1929732,26.24925128,68,0.004502886,98685.5978,0.085188609,33.68440201,5.038223395,52.40725448,6,Flood
109.1929732,26.24925128,68,0.004738363,98595.21447,0.084966752,33.75842962,5.200860594,50.90971844,6,Flood
109.1929732,26.24925128,68,0.002952255,98582.06365,0.084749012,34.80477976,4.098881917,43.04936904,6,Flood
109.1929732,26.24925128,68,0.000822876,98595.42043,0.084569715,35.30097264,4.533564306,39.41439948,6,Flood
109.1929732,26.24925128,68,0.010667456,98650.43872,0.085100603,33.26521823,3.869954276,51.70328364,6,Flood
109.1929732,26.24925128,68,0.00562699,98684.69762,0.085751833,32.07044128,4.169247113,53.00032994,6,Flood
109.1929732,26.24925128,68,0.048931036,98585.75186,0.100955912,30.47635069,3.851216481,61.6808455,6,Flood
109.1929732,26.24925128,68,0.037626041,98542.10463,0.187703107,30.52527258,2.381478167,68.7325462,6,Flood
109.1929732,26.24925128,68,0.130123523,98670.5001,0.162989242,33.8142053,2.154426863,54.02743863,6,Flood
109.1929732,26.24925128,68,0.00173734,98718.14002,0.138780624,33.59662154,4.391537619,52.63079097,6,Flood
109.1929732,26.24925128,68,0.004565429,98644.86582,0.119550328,33.61451975,4.568703019,52.31891229,6,Flood
109.1929732,26.24925128,68,0.004691234,98557.88584,0.105969311,33.66672921,5.310808257,52.38203745,6,Flood
109.1929732,26.24925128,68,2.12e-05,98636.31145,0.097451045,33.98942519,5.173670348,53.97890873,6,Flood
109.1929732,26.24925128,68,0.00145626,98667.39884,0.092674651,33.94274424,5.155309127,52.57212418,6,Flood
109.1929732,26.24925128,68,0.000148573,98615.00113,0.090088817,33.99718828,5.130568806,50.95328698,6,Flood
109.1929732,26.24925128,68,0.00219368,98509.57454,0.088529168,34.01262039,5.165310336,51.45968294,6,Flood
109.1929732,26.24925128,68,0.003528439,98491.35016,0.087496172,34.18904375,5.235653109,52.11346869,6,Flood
109.1929732,26.24925128,68,0.104552721,98571.3545,0.086911475,34.15931313,4.634467551,51.39408339,6,Flood
109.1929732,26.24925128,68,0.70315541,98694.43577,0.086533953,34.71492822,2.747478237,49.28628743,6,Flood
109.1929732,26.24925128,68,0.020876705,98764.29347,0.086317686,34.78412859,3.282504472,49.77851252,6,Flood
109.1929732,26.24925128,68,0.011909462,98632.00832,0.086880003,34.72360818,3.761056986,51.25117498,6,Flood
109.1929732,26.24925128,68,0.015125261,98453.5666,0.086818876,34.53382113,4.917386648,51.84372539,6,Flood
109.1929732,26.24925128,68,0.015356845,98611.39685,0.085904908,34.5594295,4.611642434,52.31480542,7,Flood
109.1929732,26.24925128,68,0.002990754,98721.17928,0.085406507,34.74594678,3.57609097,51.02933002,7,Flood
109.1929732,26.24925128,68,0.00569143,98628.41728,0.085085046,34.82630035,4.414758849,48.16856119,7,Flood
109.1929732,26.24925128,68,0.00193146,98285.61791,0.084935442,34.26713232,6.128810346,51.44976969,7,Flood
109.1929732,26.24925128,68,2.14e-05,98242.87592,0.084837945,34.05453025,4.832098491,53.16584028,7,Flood
109.1929732,26.24925128,68,0.052824687,98588.8691,0.085074231,34.24548551,1.746194136,53.4194863,7,Flood
109.1929732,26.24925128,68,0.293142302,98680.97563,0.095939478,33.89938967,0.94292403,56.35709951,7,Flood
109.1929732,26.24925128,68,0.009386272,98772.03313,0.107457531,32.40762867,0.284184402,62.73030991,7,Flood
109.1929732,26.24925128,68,0.005655649,98741.65775,0.10097921,34.26633017,1.036823781,52.92463136,7,Flood
109.1929732,26.24925128,68,0.000161928,98802.68317,0.094165701,34.34333774,2.652282282,48.96990917,7,Flood
109.1929732,26.24925128,68,0.001856092,98787.75827,0.090455212,34.29515342,3.96969389,46.47978275,7,Flood
109.1929732,26.24925128,68,0.0,98643.16228,0.088348587,33.8121306,4.492808771,50.05947346,7,Flood
109.1929732,26.24925128,68,3.02e-05,98616.92074,0.087127978,33.78363462,4.808100282,51.58865485,7,Flood
109.1929732,26.24925128,68,1.9e-05,98722.49423,0.086316443,33.9407189,4.68273659,51.22317996,7,Flood
109.1929732,26.24925128,68,0.000988503,98656.14638,0.085732596,33.49918785,5.719621045,51.80854048,7,Flood
109.1929732,26.24925128,68,0.004763989,98629.2313,0.085303549,33.67857423,4.17291014,51.6469188,7,Flood
109.1929732,26.24925128,68,0.018168302,98614.51722,0.08495713,34.02559536,2.905762361,52.41876618,7,Flood
109.1929732,26.24925128,68,0.000765676,98474.90015,0.084766973,34.26921654,3.552557858,51.71274071,7,Flood
109.1929732,26.24925128,68,0.062327372,98404.19134,0.084630423,34.35379044,2.621999026,51.79089874,7,Flood
109.1929732,26.24925128,68,0.110528229,98659.27835,0.10171739,32.0192667,1.125456819,64.2386047,7,Flood
109.1929732,26.24925128,68,0.536208373,98779.51154,0.10415119,34.00437296,1.454403194,58.98260006,7,Flood
109.1929732,26.24925128,68,0.743240926,98905.27082,0.104437575,32.80467312,1.371967244,64.28005054,7,Flood
109.1929732,26.24925128,68,3.441955949,98873.25008,0.288670509,29.23902839,3.853286348,84.29611092,7,Flood
109.1929732,26.24925128,68,1.226815531,98745.85758,0.410387573,27.99322201,2.47115592,89.77197454,7,Flood
109.1929732,26.24925128,68,0.339941534,98895.69326,0.40496808,28.42025189,0.222958934,86.3425207,7,Flood
109.1929732,26.24925128,68,0.034653716,99019.64447,0.376437517,29.65969828,1.572139806,79.36880187,7,Flood
109.1929732,26.24925128,68,0.04760818,98897.45255,0.343249556,30.55634834,3.415869243,73.97217827,7,Flood
109.1929732,26.24925128,68,0.065960947,98671.37947,0.332649656,30.11125474,4.8858047,74.04106694,7,Flood
109.1929732,26.24925128,68,0.121901618,98614.96871,0.29851603,29.93690021,5.065739001,72.12409339,7,Flood
109.1929732,26.24925128,68,0.012521909,98653.88274,0.273912,30.14674681,3.184154578,74.1574593,7,Flood
109.1929732,26.24925128,68,0.126584319,98609.60788,0.25014124,30.4885632,3.754795384,72.13272472,7,Flood
109.1929732,26.24925128,68,0.002386459,98511.99422,0.225797709,30.47916386,4.474231141,71.63662335,8,Flood
109.1929732,26.24925128,68,0.001224689,98451.47957,0.202826507,30.39998401,4.745426656,70.7411187,8,Flood
109.1929732,26.24925128,68,0.000259796,98491.39087,0.182355002,30.36954054,3.451474415,70.11072664,8,Flood
109.1929732,26.24925128,68,0.001630763,98688.82594,0.163905462,30.46991729,3.524996195,69.74133645,8,Flood
109.1929732,26.24925128,68,0.000391351,98843.13613,0.147490383,30.47398985,3.941124924,67.24670467,8,Flood
109.1929732,26.24925128,68,0.001420957,98525.11124,0.134008187,30.19624738,5.462267092,64.37026914,8,Flood
109.1929732,26.24925128,68,9.73e-05,98255.0623,0.123713021,30.33617614,6.004504503,64.26340368,8,Flood
109.1929732,26.24925128,68,0.000921516,98513.35652,0.11561736,30.61145855,4.913042959,64.24926619,8,Flood
109.1929732,26.24925128,68,0.000383743,98821.29919,0.109163058,30.69880489,4.51060135,64.10697505,8,Flood
109.1929732,26.24925128,68,0.000262413,98943.81928,0.104242118,30.74019564,4.082156002,63.7045586,8,Flood
109.1929732,26.24925128,68,0.000250347,98963.8364,0.100434186,30.81072758,3.909309324,63.12694035,8,Flood
109.1929732,26.24925128,68,0.000214268,98772.86878,0.09759264,30.8226611,4.863963926,61.63989807,8,Flood
109.1929732,26.24925128,68,0.000987837,98447.15171,0.095356008,31.41879176,4.249458582,60.15496767,8,Flood
109.1929732,26.24925128,68,0.001804717,98621.60793,0.093288764,31.9076276,2.35752295,61.7481195,8,Flood
109.1929732,26.24925128,68,0.000714094,98978.77215,0.091783104,31.42872849,1.609467236,64.55021001,8,Flood
109.1929732,26.24925128,68,6.04e-05,99076.62968,0.09092555,31.53675291,3.014839146,62.39932901,8,Flood
109.1929732,26.24925128,68,2.24e-06,98975.40043,0.090000206,30.72434244,3.872615534,57.15877831,8,Flood
109.1929732,26.24925128,68,0.0,98903.38643,0.088990766,30.91101757,2.445188125,57.68047657,8,Flood
109.1929732,26.24925128,68,2.24e-06,98964.14023,0.088068291,31.28339095,1.241404211,57.06568054,8,Flood
109.1929732,26.24925128,68,0.002589567,99028.54189,0.087638996,32.11299359,1.676280218,55.03197893,8,Flood
109.1929732,26.24925128,68,0.0,98910.24608,0.089374673,32.8163474,2.752367717,53.33111365,8,Flood
109.1929732,26.24925128,68,0.000274935,98742.02214,0.089115831,31.2557339,4.702592991,57.42503303,8,Flood
109.1929732,26.24925128,68,0.002158512,98476.97681,0.087761379,30.26291256,5.322693266,59.38057691,8,Flood
109.1929732,26.24925128,68,0.0023198,98400.68671,0.087169984,30.16880953,4.373788353,60.28537763,8,Flood
109.1929732,26.24925128,68,0.000860844,98553.18702,0.086834069,29.9063646,4.508990102,60.29615007,8,Flood
109.1929732,26.24925128,68,0.002537206,98820.67703,0.086678562,30.1089316,4.14867188,59.47998886,8,Flood
109.1929732,26.24925128,68,0.002065324,98852.21478,0.086433852,30.32082831,4.908124574,56.3883776,8,Flood
109.1929732,26.24925128,68,0.000281378,98702.95424,0.086202431,30.72646769,4.691085124,56.57362279,8,Flood
109.1929732,26.24925128,68,0.002001541,98988.64274,0.085970332,31.07920935,2.676635103,59.28551095,8,Flood
109.1929732,26.24925128,68,0.001064251,99234.78897,0.085667391,31.57701479,2.531366673,56.36422434,8,Flood
109.1929732,26.24925128,68,0.004771843,99291.34711,0.08553348,31.0441286,3.166894611,56.90216066,8,Flood
109.1929732,26.24925128,68,0.003821133,99302.99439,0.085533332,30.62831663,3.985809442,54.57219914,9,Flood
109.1929732,26.24925128,68,0.00433186,99171.26105,0.085562588,30.30922742,5.330936607,52.85346773,9,Flood
109.1929732,26.24925128,68,0.000657933,99032.66648,0.085593611,30.07843937,5.066206574,55.36523571,9,Flood
109.1929732,26.24925128,68,0.00053087,98964.39192,0.085534188,30.53836545,3.372272995,57.45020493,9,Flood
109.1929732,26.24925128,68,0.00188878,99077.38818,0.08537057,30.74895129,1.983492824,58.06474536,9,Flood
109.1929732,26.24925128,68,0.000414173,99164.04623,0.085194278,32.02013014,2.173509955,51.35777217,9,Flood
109.1929732,26.24925128,68,0.002053745,99075.0862,0.085049126,33.34822991,1.709749354,45.00358461,9,Flood
109.1929732,26.24925128,68,0.000600785,98986.54137,0.084961184,33.89366262,1.990510839,43.58286943,9,Flood
109.1929732,26.24925128,68,0.002021776,98863.25122,0.084939493,33.60495498,2.213775739,45.47243669,9,Flood
109.1929732,26.24925128,68,0.00015659,98713.91562,0.085002678,32.83345274,3.423399519,49.00702898,9,Flood
109.1929732,26.24925128,68,0.001366851,98786.55813,0.085095485,31.92209849,3.883274783,54.31453454,9,Flood
109.1929732,26.24925128,68,0.001435779,98849.42996,0.085129717,31.21882298,3.967862681,56.40256489,9,Flood
109.1929732,26.24925128,68,0.002578352,98883.23987,0.085103194,31.23195153,2.801387039,58.10717711,9,Flood
109.1929732,26.24925128,68,0.000215701,99018.92402,0.085056952,31.49312105,2.520278276,57.12297223,9,Flood
109.1929732,26.24925128,68,0.006844544,99093.03989,0.085529761,32.22808398,2.550442032,54.30027367,9,Flood
109.1929732,26.24925128,68,0.005178122,98997.47228,0.086202976,32.53376157,1.632390663,54.61813027,9,Flood
109.1929732,26.24925128,68,0.027557305,98814.5255,0.086495485,33.61502853,1.403337075,52.25124425,9,Flood
109.1929732,26.24925128,68,0.005972058,98870.15965,0.093959188,33.24127956,2.377004086,55.47611539,9,Flood
109.1929732,26.24925128,68,0.048709585,99112.2365,0.095779041,32.40572205,3.76577611,57.33984864,9,Flood
109.1929732,26.24925128,68,0.298626041,99198.66525,0.102486196,31.15988655,3.234565113,64.73070229,9,Flood
109.1929732,26.24925128,68,0.004308429,99203.09508,0.100063791,30.89857453,2.628515423,64.50013955,9,Flood
109.1929732,26.24925128,68,0.004435838,99170.73011,0.093994177,31.65559768,2.5136821,63.13077011,9,Flood
109.1929732,26.24925128,68,0.000571104,99183.37496,0.090348006,32.81829498,2.670387505,52.56004492,9,Flood
109.1929732,26.24925128,68,0.000184407,99154.64241,0.088346242,31.94148834,2.737754624,44.38697706,9,Flood
109.1929732,26.24925128,68,7.47e-05,99206.54853,0.087304625,30.9522709,1.940836364,44.58225644,9,Flood
109.1929732,26.24925128,68,0.000105056,99482.58697,0.08661271,31.13980262,0.751716898,45.47917472,9,Flood
109.1929732,26.24925128,68,0.00205754,99448.82641,0.086039178,32.44601612,0.109340083,40.16984333,9,Flood
109.1929732,26.24925128,68,0.0,99312.17208,0.085573686,32.87355739,1.461966743,31.44566421,9,Flood
109.1929732,26.24925128,68,0.0,99302.02874,0.08526997,32.15099941,0.749054515,29.69876731,9,Flood
109.1929732,26.24925128,68,0.0,99450.98996,0.085181753,30.04262025,2.958413058,38.10450152,9,Flood
109.1929732,26.24925128,68,0.0,99380.25606,0.085053497,29.93695937,0.800241324,28.06762896,10,Flood
109.1929732,26.24925128,68,0.0,99411.18477,0.084926102,30.03605035,0.468488088,24.26805399,10,Flood
109.1929732,26.24925128,68,2.38e-06,99532.96091,0.084901907,30.05413309,0.953246646,38.54670304,10,Flood
109.1929732,26.24925128,68,0.0,99524.72256,0.084891052,30.74811053,2.226166919,49.33794559,10,Flood
109.1929732,26.24925128,68,0.0,99389.88106,0.084891009,30.91782647,2.898285675,55.80218492,10,Flood
109.1929732,26.24925128,68,0.000166526,99271.04182,0.084959521,30.81133343,3.657521709,59.98428154,10,Flood
109.1929732,26.24925128,68,0.000981271,99405.41254,0.084982169,31.11563788,3.212887304,60.6900056,10,Flood
109.1929732,26.24925128,68,0.000111762,99552.43695,0.084952326,31.37828612,2.962023319,58.17184412,10,Flood
109.1929732,26.24925128,68,0.0,99591.82798,0.084912112,31.17854561,2.878216468,46.57525211,10,Flood
109.1929732,26.24925128,68,0.0,99714.73813,0.084837186,30.45799833,0.991989327,44.9380732,10,Flood
109.1929732,26.24925128,68,0.0,99825.24807,0.08479731,30.02532873,0.361731492,48.36220665,10,Flood
109.1929732,26.24925128,68,6.41e-05,99853.50396,0.084820834,30.5694032,3.048760619,50.44505437,10,Flood
109.1929732,26.24925128,68,0.000264876,99870.44077,0.084874968,29.89572315,3.568324109,51.98867028,10,Flood
109.1929732,26.24925128,68,0.000333923,99740.39873,0.084915278,29.99589564,3.695225417,57.6722564,10,Flood
109.1929732,26.24925128,68,0.076570462,99630.09209,0.087566595,29.7364395,1.917425317,61.50571691,10,Flood
109.1929732,26.24925128,68,0.016427785,99667.50844,0.100063617,28.89563612,3.392240479,64.7248055,10,Flood
109.1929732,26.24925128,68,0.0,100098.6193,0.105521123,27.23013295,2.941106351,62.38316712,10,Flood
109.1929732,26.24925128,68,0.006417095,100346.903,0.099423159,26.68272312,1.926117519,58.18472627,10,Flood
109.1929732,26.24925128,68,0.000271582,100130.7196,0.095978957,28.9757317,0.347983148,53.51424714,10,Flood
109.1929732,26.24925128,68,0.004041765,100103.0202,0.093270389,29.42559416,0.282697932,50.50025113,10,Flood
109.1929732,26.24925128,68,0.001661398,100168.306,0.094138165,28.99373709,0.670155569,47.89954906,10,Flood
109.1929732,26.24925128,68,9.91e-05,100184.7647,0.093474867,29.19986341,0.889188045,43.5076525,10,Flood
109.1929732,26.24925128,68,0.017731934,100125.8027,0.092451731,28.47308053,1.36414213,49.87912875,10,Flood
109.1929732,26.24925128,68,0.000351818,100052.5771,0.09115737,28.68893005,0.393656491,45.83196971,10,Flood
109.1929732,26.24925128,68,0.0,100222.2731,0.089263104,28.31686016,1.17318558,46.05158995,10,Flood
109.1929732,26.24925128,68,0.0,100089.6806,0.088153291,28.96662287,0.574097983,43.2765029,10,Flood
109.1929732,26.24925128,68,0.034844698,99922.63393,0.087521255,28.50919291,1.131231318,51.05021563,10,Flood
109.1929732,26.24925128,68,0.208087794,100023.0471,0.092760193,27.60683927,0.610453409,56.44016185,10,Flood
109.1929732,26.24925128,68,0.0,100075.3109,0.092930919,27.9537435,0.553963269,44.60951877,10,Flood
109.1929732,26.24925128,68,0.0,100113.3128,0.08949215,27.92422331,0.311040853,39.25803009,10,Flood
109.1929732,26.24925128,68,0.0,100224.0318,0.088041625,27.98081343,1.98617078,37.79575974,10,Flood
109.1929732,26.24925128,68,0.0,100270.6845,0.087331296,27.85138527,1.755946994,38.97472895,11,Flood
109.1929732,26.24925128,68,0.0,100118.8675,0.086786125,28.23370716,0.173523358,36.85178463,11,Flood
109.1929732,26.24925128,68,0.000130823,99851.18731,0.086342955,27.67568169,0.761140774,40.7947377,11,Flood
109.1929732,26.24925128,68,0.00045311,99917.99629,0.086238987,27.34236877,1.396443969,47.85837146,11,Flood
109.1929732,26.24925128,68,0.000726677,100103.5822,0.086533729,27.40098296,1.389962074,49.42173625,11,Flood
109.1929732,26.24925128,68,0.000372071,100196.623,0.086898321,27.43067699,0.886757823,46.15052844,11,Flood
109.1929732,26.24925128,68,6.71e-06,100221.7634,0.087422906,25.75770511,2.002025323,51.37169711,11,Flood
109.1929732,26.24925128,68,0.000785429,100149.7725,0.087472362,26.10432775,0.632519714,51.20644958,11,Flood
109.1929732,26.24925128,68,0.000484693,100140.8439,0.087084559,26.07426747,0.451188384,50.02725966,11,Flood
109.1929732,26.24925128,68,0.0,100380.8056,0.086539035,25.0963962,1.788791229,33.99290426,11,Flood
109.1929732,26.24925128,68,0.0,100659.4601,0.086205729,22.52882226,1.202993262,50.64480642,11,Flood
109.1929732,26.24925128,68,1.4e-07,100546.65,0.086028836,23.26267916,0.370685732,48.78426403,11,Flood
109.1929732,26.24925128,68,0.006306039,100456.9037,0.085896175,23.07111168,1.239678533,51.06351858,11,Flood
109.1929732,26.24925128,68,1.12e-05,100505.9856,0.085790878,22.50580316,2.727470438,49.01522275,11,Flood
109.1929732,26.24925128,68,0.0,100522.0154,0.085702046,22.1521986,2.397634038,52.48463046,11,Flood
109.1929732,26.24925128,68,0.0,100559.8418,0.085630491,22.15481458,2.107163507,49.32760631,11,Flood
109.1929732,26.24925128,68,0.002706304,100516.701,0.08559119,21.52155013,2.655456646,46.32982323,11,Flood
109.1929732,26.24925128,68,0.0,100373.0191,0.085533889,20.99247069,1.772743219,46.94932541,11,Flood
109.1929732,26.24925128,68,0.0,100433.8238,0.08547522,21.41069888,2.138383393,49.61835803,11,Flood
109.1929732,26.24925128,68,0.0,100525.0999,0.085461059,21.72315614,2.929769055,53.65724045,11,Flood
109.1929732,26.24925128,68,6.71e-06,100460.2793,0.085447274,21.57599697,2.08245793,55.00973464,11,Flood
109.1929732,26.24925128,68,1.68e-05,100141.9951,0.085373885,22.50433579,1.338268444,48.0112593,11,Flood
109.1929732,26.24925128,68,0.0,99917.99387,0.085279251,23.17338457,0.714348407,52.53008166,11,Flood
109.1929732,26.24925128,68,0.002052737,100277.6934,0.085322267,22.49444934,3.64076378,56.67697765,11,Flood
109.1929732,26.24925128,68,0.163738636,100346.2911,0.086115838,22.11170819,3.437960686,54.79510411,11,Flood
109.1929732,26.24925128,68,0.091574213,100313.3358,0.092313633,20.81820653,3.898885647,56.83253696,11,Flood
109.1929732,26.24925128,68,0.0,100311.0601,0.090271446,19.53893183,3.190248008,61.7492718,11,Flood
109.1929732,26.24925128,68,1.01e-05,100329.3242,0.088705981,19.63367232,2.74016401,55.91137978,11,Flood
109.1929732,26.24925128,68,0.0,100357.5129,0.087561235,20.13771134,2.0009025,52.93265246,11,Flood
109.1929732,26.24925128,68,0.0,100396.7013,0.086785427,20.86968734,1.168519936,52.95139384,11,Flood
109.1929732,26.24925128,68,0.0,100519.0843,0.086342184,20.70584729,2.501105613,56.90547304,12,Flood
109.1929732,26.24925128,68,0.0,100539.3439,0.086148424,19.93227427,2.750239617,63.31403229,12,Flood
109.1929732,26.24925128,68,5.34e-06,100548.1994,0.086016444,19.81561206,2.630704432,62.85386329,12,Flood
109.1929732,26.24925128,68,1.96e-05,100481.0434,0.085919809,19.90240028,2.189889828,58.51238421,12,Flood
109.1929732,26.24925128,68,0.0,100408.4906,0.085788063,19.6484257,2.017836586,51.18993065,12,Flood
109.1929732,26.24925128,68,0.0,100473.7874,0.085703808,18.84295262,2.36862691,51.73213005,12,Flood
109.1929732,26.24925128,68,0.0,100438.7864,0.085664585,18.74534268,1.656286809,53.51018056,12,Flood
109.1929732,26.24925128,68,0.0,100307.1455,0.085610008,19.10318879,0.919284048,50.55348161,12,Flood
109.1929732,26.24925128,68,0.0,100398.8354,0.085558281,19.55673974,1.052246905,55.7051247,12,Flood
109.1929732,26.24925128,68,0.0,100278.5168,0.085527315,19.24857805,0.271227673,56.42738696,12,Flood
109.1929732,26.24925128,68,4.47e-06,100135.5121,0.085495577,19.82925198,0.373747941,56.26010456,12,Flood
109.1929732,26.24925128,68,2.57e-05,100137.194,0.085495737,19.37264717,1.525365211,59.02162425,12,Flood
109.1929732,26.24925128,68,0.000230147,100382.8883,0.085527564,18.49817648,1.976249706,62.74378305,12,Flood
109.1929732,26.24925128,68,1.12e-05,100454.1145,0.085553904,18.04438224,1.797391809,59.84599407,12,Flood
109.1929732,26.24925128,68,0.0,100483.9715,0.085569151,18.03793409,1.413394173,59.97763343,12,Flood
109.1929732,26.24925128,68,1.45e-05,100485.91,0.085575911,18.49226646,1.159784306,64.59224401,12,Flood
109.1929732,26.24925128,68,0.0,100655.0441,0.085565079,17.80831399,2.572024618,53.78349855,12,Flood
109.1929732,26.24925128,68,0.000166232,100886.9715,0.085543761,17.00279903,2.938543495,56.0996836,12,Flood
109.1929732,26.24925128,68,0.001042315,100852.9292,0.085559142,16.72564664,1.751395427,57.93754719,12,Flood
109.1929732,26.24925128,68,6.71e-05,100697.9454,0.085538447,16.75421339,1.420159371,51.51518246,12,Flood
109.1929732,26.24925128,68,0.001240735,100494.9946,0.085473708,17.48212449,1.697099199,47.29452322,12,Flood
109.1929732,26.24925128,68,0.002090263,100411.6444,0.085421401,17.70079531,2.426362276,49.66487273,12,Flood
109.1929732,26.24925128,68,0.00015982,100683.3759,0.085442507,17.61077553,3.732735336,52.39823935,12,Flood
109.1929732,26.24925128,68,0.0,100867.327,0.085454577,17.99130321,3.460079232,52.1413118,12,Flood
109.1929732,26.24925128,68,0.0,100674.8938,0.085428809,18.20122996,1.821947522,51.44987283,12,Flood
109.1929732,26.24925128,68,0.000362263,100552.8274,0.085387528,18.78290243,0.63462241,51.11595318,12,Flood
109.1929732,26.24925128,68,0.000230734,100765.584,0.085382966,18.4138975,3.039419993,57.3948101,12,Flood
109.1929732,26.24925128,68,0.0,100556.5468,0.085412921,18.12755514,2.064826543,58.73717794,12,Flood
109.1929732,26.24925128,68,0.0,100505.6155,0.085414864,18.17344277,2.567840205,56.91740807,12,Flood
109.1929732,26.24925128,68,0.000217936,100537.761,0.085439998,16.91265921,2.672150941,60.92137936,12,Flood
109.1929732,26.24925128,68,0.000224642,100570.9849,0.085492634,16.28825128,2.516608157,63.32057517,12,Flood
109.1929732,26.24925128,68,0.000786805,100591.9424,0.085532777,16.00680665,1.989654466,65.6363241,1,Flood
109.1929732,26.24925128,68,0.001418984,100463.4945,0.08557104,16.0003384,1.556830705,66.81836742,1,Flood
109.1929732,26.24925128,68,0.001526377,100457.3916,0.085594287,15.53192661,2.225122135,66.5683973,1,Flood
109.1929732,26.24925128,68,0.003941078,100555.746,0.085642236,14.66609822,2.179618972,67.35364175,1,Flood
109.1929732,26.24925128,68,0.011280303,100591.9825,0.087740492,14.76423331,2.27533791,71.62417009,1,Flood
109.1929732,26.24925128,68,0.000176571,100721.7328,0.088050788,15.11463424,2.673252563,70.41653172,1,Flood
109.1929732,26.24925128,68,3.35e-05,100736.7199,0.08772585,14.53504158,2.556336604,68.14312723,1,Flood
109.1929732,26.24925128,68,0.000214583,100738.1779,0.087467772,14.47939703,2.266668044,68.11639542,1,Flood
109.1929732,26.24925128,68,0.0,100883.8306,0.087232709,14.29943079,2.76046498,70.49955827,1,Flood
109.1929732,26.24925128,68,0.0,100710.0037,0.0869561,14.72969969,1.181351043,59.36326853,1,Flood
109.1929732,26.24925128,68,0.000160937,100584.4815,0.086665903,15.77333689,0.689869311,52.75590826,1,Flood
109.1929732,26.24925128,68,8.27e-05,100451.9921,0.086421232,16.07814122,0.964873533,54.52695604,1,Flood
109.1929732,26.24925128,68,9.08e-05,100372.1852,0.086230406,16.78459898,0.46895777,57.52567918,1,Flood
109.1929732,26.24925128,68,0.0,100550.8202,0.086100333,16.70322359,1.537694553,64.29428074,1,Flood
109.1929732,26.24925128,68,0.000208995,100298.0886,0.086030363,17.71090417,0.875392758,65.70588505,1,Flood
109.1929732,26.24925128,68,0.0,99997.43939,0.085952364,17.74846595,1.129975943,68.99631119,1,Flood
109.1929732,26.24925128,68,6.26e-05,100242.8166,0.085897142,16.43846972,2.384170649,65.37873544,1,Flood
109.1929732,26.24925128,68,0.00064442,100470.5815,0.085850456,16.49238116,1.553566416,61.83058377,1,Flood
109.1929732,26.24925128,68,0.002808783,100478.3637,0.085759133,17.39801771,1.007933852,61.74003775,1,Flood
109.1929732,26.24925128,68,0.001259638,100545.1554,0.08607536,18.21995612,0.984958254,59.98296097,1,Flood
109.1929732,26.24925128,68,0.0,100562.6283,0.08631151,17.61385689,0.760520458,61.79936058,1,Flood
109.1929732,26.24925128,68,0.0,100458.4958,0.085930488,18.52001527,0.259688114,61.95779921,1,Flood
109.1929732,26.24925128,68,0.0,100562.6153,0.085724081,16.8557528,1.348574868,65.90596123,1,Flood
109.1929732,26.24925128,68,6.88e-05,100545.9154,0.085621992,16.292251,1.229495586,64.23053343,1,Flood
109.1929732,26.24925128,68,0.000433716,100595.1645,0.085520289,16.5040048,0.857572273,65.12490122,1,Flood
109.1929732,26.24925128,68,0.008079055,100871.8585,0.085504433,16.01067653,2.337847894,70.00642769,1,Flood
109.1929732,26.24925128,68,0.010827131,100723.3713,0.085494028,16.29047089,1.272501817,66.02892807,1,Flood
109.1929732,26.24925128,68,0.000325166,100359.0572,0.08545457,18.40275868,1.413096216,64.96969039,1,Flood
109.1929732,26.24925128,68,0.010026884,100481.1864,0.085384319,19.04680414,1.807571868,67.79631534,1,Flood
109.1929732,26.24925128,68,0.010997549,100303.2666,0.085348725,19.73143076,0.36467406,66.12696689,1,Flood
109.1929732,26.24925128,68,0.000696401,100111.6916,0.085234711,20.36365899,0.566185885,66.40501772,1,Flood
109.1929732,26.24925128,68,7.43e-05,100240.3015,0.08510089,20.7833761,0.355342727,40.20398321,2,Flood
109.1929732,26.24925128,68,0.138994116,100412.327,0.088324734,19.65507821,1.760579117,49.78655251,2,Flood
109.1929732,26.24925128,68,0.597465744,100310.8669,0.113971472,18.57736124,0.859512393,71.83928661,2,Flood
109.1929732,26.24925128,68,0.008910196,100407.3618,0.150639907,16.77027926,1.258372835,78.82584632,2,Flood
109.1929732,26.24925128,68,0.001613608,100472.1496,0.144200605,17.81220248,0.885858455,73.44240289,2,Flood
109.1929732,26.24925128,68,0.007037598,100575.885,0.135877201,17.31958064,2.503303336,70.21092877,2,Flood
109.1929732,26.24925128,68,0.00631576,100934.0471,0.126805547,17.08691296,3.393652561,63.76062899,2,Flood
109.1929732,26.24925128,68,0.013109046,100828.9379,0.118404496,17.16174777,0.235036443,55.01912726,2,Flood
109.1929732,26.24925128,68,0.0,100528.6053,0.110878888,18.76491286,0.837797945,46.39682492,2,Flood
109.1929732,26.24925128,68,8.54e-05,100797.1159,0.104871327,18.62940519,2.139301234,47.13149333,2,Flood
109.1929732,26.24925128,68,0.001509371,100824.5083,0.100307553,18.60064161,1.968341905,45.1346433,2,Flood
109.1929732,26.24925128,68,0.025676265,100681.7171,0.097117146,19.00457005,1.611920887,42.82730432,2,Flood
109.1929732,26.24925128,68,0.018274783,100720.5637,0.095043391,18.44740874,0.809663988,47.13114814,2,Flood
109.1929732,26.24925128,68,0.0,100731.4208,0.093430971,19.06665413,1.164003449,48.20279345,2,Flood
109.1929732,26.24925128,68,0.0,100654.7003,0.091900699,19.96096228,0.606887024,44.50264156,2,Flood
109.1929732,26.24925128,68,0.0,100582.4485,0.090665827,20.65378353,0.531642416,39.61641937,2,Flood
109.1929732,26.24925128,68,0.0,100057.754,0.089644928,22.27037472,2.065271258,32.70732791,2,Flood
109.1929732,26.24925128,68,0.000331789,99472.83116,0.088785317,23.36719509,5.309771472,48.25318207,2,Flood
109.1929732,26.24925128,68,0.000124691,99568.01474,0.088165585,24.18286477,4.258182782,48.67054221,2,Flood
109.1929732,26.24925128,68,0.0,99830.16997,0.087574751,21.2311656,0.665424907,46.37974218,2,Flood
109.1929732,26.24925128,68,0.000219282,99886.41612,0.087108838,20.92064148,1.346889809,40.15333936,2,Flood
109.1929732,26.24925128,68,0.0,100268.1355,0.086718176,19.94068609,1.863740935,25.76192591,2,Flood
109.1929732,26.24925128,68,0.000148157,100297.1917,0.086410724,19.51661184,0.458125498,27.80217515,2,Flood
109.1929732,26.24925128,68,2.99e-05,100294.3594,0.086133407,19.79784159,0.962518241,30.89742457,2,Flood
109.1929732,26.24925128,68,0.077209166,100398.8217,0.087728409,19.75155198,2.07908528,35.0051042,2,Flood
109.1929732,26.24925128,68,0.092094021,100437.8353,0.096457185,18.34328885,4.390757584,50.65397169,2,Flood
109.1929732,26.24925128,68,0.000156783,100628.5064,0.093925614,17.61591178,4.094668803,60.59431362,2,Flood
109.1929732,26.24925128,68,3.46e-05,100385.7393,0.091909363,19.44286624,2.236781328,54.56772596,2,Flood
109.1929732,26.24925128,68,0.012191826,100049.4236,0.090315748,21.53781528,1.307432549,50.7413329,2,Flood
109.1929732,26.24925128,68,0.167595888,99811.02004,0.09104373,20.37856538,1.627606271,64.41769795,3,Flood
109.1929732,26.24925128,68,4.47e-05,99863.6033,0.091460895,16.83208176,3.833361182,28.06711106,3,Flood
109.1929732,26.24925128,68,0.000284993,100155.2292,0.089619825,15.49763972,0.729168063,28.27343972,3,Flood
109.1929732,26.24925128,68,0.0,100533.694,0.088582702,15.96996228,1.919075319,35.20189468,3,Flood
109.1929732,26.24925128,68,0.008915026,100588.8036,0.08807779,16.41367986,2.225757904,38.01463376,3,Flood
109.1929732,26.24925128,68,0.008780552,100245.656,0.087496016,19.50363044,1.216067433,37.5903773,3,Flood
109.1929732,26.24925128,68,5.7e-05,100318.3981,0.086962171,19.58590096,2.125603094,42.10014678,3,Flood
109.1929732,26.24925128,68,6.04e-05,100448.4466,0.086530791,20.33120168,1.437730385,38.54063062,3,Flood
109.1929732,26.24925128,68,0.01618218,100394.4409,0.086176544,21.66231779,0.840808273,36.91330401,3,Flood
109.1929732,26.24925128,68,0.126367321,100324.0121,0.088970673,21.50030853,0.829263753,42.37784308,3,Flood
109.1929732,26.24925128,68,0.0,100319.4987,0.088525438,23.51558226,1.150420896,45.80882821,3,Flood
109.1929732,26.24925128,68,0.015238807,100208.2828,0.087514733,24.51171904,0.645912987,44.76424393,3,Flood
109.1929732,26.24925128,68,0.0,100048.06,0.087082651,23.68134269,2.84720475,29.33167865,3,Flood
109.1929732,26.24925128,68,0.0,100331.2041,0.086510081,21.96648384,3.160332484,29.12345892,3,Flood
109.1929732,26.24925128,68,0.002899964,100266.976,0.08611338,23.11641758,1.81451552,34.23431601,3,Flood
109.1929732,26.24925128,68,0.004809321,100214.6793,0.085774393,24.32914809,0.994455969,33.62892711,3,Flood
109.1929732,26.24925128,68,0.000303537,100234.5709,0.085463456,25.0351098,1.352705469,31.99475167,3,Flood
109.1929732,26.24925128,68,6.71e-06,100093.0054,0.085212831,26.38015741,0.719421307,26.68734854,3,Flood
109.1929732,26.24925128,68,5.81e-05,99988.79026,0.084988897,28.43660091,1.046371448,24.47889688,3,Flood
109.1929732,26.24925128,68,0.00075485,100001.8985,0.084850884,28.09358606,0.641959103,28.99496855,3,Flood
109.1929732,26.24925128,68,0.0,99612.10578,0.084721128,29.06770406,2.769690968,24.86553392,3,Flood
109.1929732,26.24925128,68,0.0,99521.87968,0.084658367,28.10416903,1.398402427,37.33151938,3,Flood
109.1929732,26.24925128,68,0.002732351,99521.11731,0.084600692,29.1137503,1.588507832,37.50245849,3,Flood
109.1929732,26.24925128,68,0.000690405,99690.59581,0.084524122,29.61115238,0.743861001,38.79144351,3,Flood
109.1929732,26.24925128,68,0.008913992,99908.22729,0.084505183,29.8858885,1.696702096,40.93369128,3,Flood
109.1929732,26.24925128,68,0.001812698,99693.18379,0.084440764,31.69062934,2.635386981,30.41385809,3,Flood
109.1929732,26.24925128,68,0.000596415,99822.9531,0.084412926,30.71067212,2.38333232,35.26997731,3,Flood
109.1929732,26.24925128,68,0.001336986,99898.01449,0.084452581,27.69131425,3.038088313,48.77353775,3,Flood
109.1929732,26.24925128,68,1.12e-05,99726.50384,0.084447691,26.9189817,2.538063459,35.33241793,3,Flood
109.1929732,26.24925128,68,0.0,99821.32121,0.084423526,27.34440208,1.934171376,39.19541711,3,Flood
109.1929732,26.24925128,68,2.63e-05,100079.6935,0.084409226,27.43034082,2.312699435,19.36834333,3,Flood
109.1929732,26.24925128,68,0.000841595,99704.21114,0.084359044,27.6170542,0.753312266,23.79653591,4,Flood
109.1929732,26.24925128,68,0.000493046,99406.49439,0.084340507,28.58999042,1.951496626,30.94617859,4,Flood
109.1929732,26.24925128,68,5.76e-05,99501.76915,0.084321882,28.81518026,0.812598429,34.47214867,4,Flood
109.1929732,26.24925128,68,0.001260045,99655.41619,0.084283513,29.04539356,1.244061205,25.63238194,4,Flood
109.1929732,26.24925128,68,0.00337689,99626.04458,0.084505427,29.1535713,0.585297044,29.58311684,4,Flood
109.1929732,26.24925128,68,0.009565263,99587.19691,0.084562769,29.38611415,0.183043792,28.27386534,4,Flood
109.1929732,26.24925128,68,0.0,99534.7968,0.084415832,30.5067458,0.880500864,23.21842045,4,Flood
109.1929732,26.24925128,68,7.57e-05,99543.42556,0.08429694,31.96642137,2.65259825,16.8456732,4,Flood
109.1929732,26.24925128,68,0.010413283,99531.62063,0.084202725,32.14807251,2.156927751,16.25122184,4,Flood
109.1929732,26.24925128,68,0.000699964,99509.56442,0.084129406,30.95235359,1.599603304,25.18585347,4,Flood
109.1929732,26.24925128,68,0.000128895,99564.09308,0.084120956,31.30284553,1.18881825,30.29658143,4,Flood
109.1929732,26.24925128,68,0.015785385,99429.92774,0.084099824,31.65967513,2.604142939,29.74968382,4,Flood
109.1929732,26.24925128,68,0.143878733,99573.58856,0.093625055,29.07080753,1.995548216,49.5352906,4,Flood
109.1929732,26.24925128,68,0.208020969,99970.98891,0.108603586,24.57154652,0.187121883,66.8651559,4,Flood
109.1929732,26.24925128,68,0.013327811,99949.33,0.105339434,27.81702862,2.550268707,57.22477791,4,Flood
109.1929732,26.24925128,68,0.022473536,99937.37411,0.09728051,29.02778796,2.13623545,48.17728797,4,Flood
109.1929732,26.24925128,68,0.064778289,99683.73637,0.094293746,28.59895348,0.173182076,44.50539911,4,Flood
109.1929732,26.24925128,68,0.010726585,99416.53892,0.097414069,28.0465432,4.267527511,52.60126789,4,Flood
109.1929732,26.24925128,68,4.47e-06,99212.54639,0.095012771,28.14138745,4.713159393,42.75633904,4,Flood
109.1929732,26.24925128,68,0.001028794,99372.49897,0.091072584,28.99781179,1.072060832,35.43823019,4,Flood
109.1929732,26.24925128,68,0.0,99404.20504,0.089168989,29.29871675,0.780003856,35.18067621,4,Flood
109.1929732,26.24925128,68,0.0,99414.26731,0.087857219,30.5001949,1.734684658,28.03237172,4,Flood
109.1929732,26.24925128,68,0.0,99311.43,0.086661066,30.72241503,1.396832935,30.48214668,4,Flood
109.1929732,26.24925128,68,0.001371623,99294.19237,0.085812913,31.38314316,1.722275576,30.50214254,4,Flood
109.1929732,26.24925128,68,0.004121234,99249.01459,0.085263402,31.65152068,1.995961876,31.40158663,4,Flood
109.1929732,26.24925128,68,0.000550185,99269.37011,0.085061004,30.79336088,3.427626142,32.62880166,4,Flood
109.1929732,26.24925128,68,0.0,99417.716,0.084831162,30.69721794,3.183051441,31.70233865,4,Flood
109.1929732,26.24925128,68,0.00063732,99497.35055,0.084609942,31.34195081,2.039506016,27.39821959,4,Flood
109.1929732,26.24925128,68,9.21e-05,99618.6582,0.084449499,30.5178907,2.685065804,13.58794661,4,Flood
109.1929732,26.24925128,68,0.0,99487.92599,0.084325128,29.97981194,3.005364421,10.33721231,4,Flood
109.1929732,26.24925128,68,1.79e-05,99346.88857,0.084218411,28.57801856,0.382521055,13.48107163,5,Flood
109.1929732,26.24925128,68,0.01931705,99259.72862,0.08412113,31.4938635,2.35772175,14.97482197,5,Flood
109.1929732,26.24925128,68,0.028103716,99209.17717,0.084094461,32.43176443,3.995950631,33.78314592,5,Flood
109.1929732,26.24925128,68,0.001366693,99346.21569,0.084093459,32.1197667,3.614380976,33.66524719,5,Flood
109.1929732,26.24925128,68,2.57e-05,99180.1579,0.084017538,32.79835072,1.956622732,33.45086273,5,Flood
109.1929732,26.24925128,68,0.002009088,99161.13832,0.083911338,34.38315944,1.240892775,31.08689492,5,Flood
109.1929732,26.24925128,68,8.54e-05,99220.1393,0.083754653,35.80341504,2.654077061,23.9577563,5,Flood
109.1929732,26.24925128,68,6.71e-05,99156.5453,0.083564525,36.48333921,2.846189883,22.83299288,5,Flood
109.1929732,26.24925128,68,0.0,99096.35786,0.08342238,35.98906947,3.698752252,25.51716846,5,Flood
109.1929732,26.24925128,68,0.000215701,99258.91106,0.083326515,33.97720974,3.881213389,30.74794863,5,Flood
109.1929732,26.24925128,68,0.000537269,99479.70859,0.083236693,32.07161291,1.837712434,42.51251089,5,Flood
109.1929732,26.24925128,68,0.0,99452.55214,0.083119578,33.98239007,1.68256839,35.71031216,5,Flood
109.1929732,26.24925128,68,0.001316729,99484.0435,0.082986239,34.39274753,1.700218051,31.85415273,5,Flood
109.1929732,26.24925128,68,0.000333853,99582.59374,0.082855647,34.844332,2.383228007,27.9960231,5,Flood
109.1929732,26.24925128,68,0.0,99559.03927,0.082724172,35.26541707,2.666733652,24.06622954,5,Flood
109.1929732,26.24925128,68,0.0,99474.78474,0.082584053,35.70466479,2.954682936,19.97955053,5,Flood
109.1929732,26.24925128,68,3.58e-05,99251.97995,0.08240874,36.5444447,3.287052625,18.69167068,5,Flood
109.1929732,26.24925128,68,4.69e-05,99062.23032,0.082247532,36.32421358,3.934695854,20.2405108,5,Flood
109.1929732,26.24925128,68,0.000214583,98879.86672,0.082138137,35.24190198,3.949703253,26.55692806,5,Flood
109.1929732,26.24925128,68,0.005538369,98886.25615,0.082224729,35.74811765,2.705503473,34.29761734,5,Flood
109.1929732,26.24925128,68,0.002810479,98881.08035,0.082208838,37.57882561,1.06234063,25.17883205,5,Flood
109.1929732,26.24925128,68,0.000995253,98797.8976,0.081961356,38.10768882,1.615539091,24.80875807,5,Flood
109.1929732,26.24925128,68,0.000876276,98633.80497,0.081699826,38.26435145,2.195083842,24.22767445,5,Flood
109.1929732,26.24925128,68,0.002880811,98606.20542,0.081442724,38.07067735,1.520194644,26.19009969,5,Flood
109.1929732,26.24925128,68,0.00183399,98673.07316,0.081179308,38.4518308,1.785719866,27.49905973,5,Flood
109.1929732,26.24925128,68,0.0,98604.29262,0.080984816,39.16009573,3.542119696,25.71584767,5,Flood
109.1929732,26.24925128,68,0.0,98440.86473,0.080846489,38.86718671,3.154148448,25.77616421,5,Flood
109.1929732,26.24925128,68,0.0,98258.51279,0.080735388,38.20758676,3.684420294,22.83534347,5,Flood
109.1929732,26.24925128,68,0.005554953,98318.70192,0.080507624,38.19744678,1.606921988,15.73441843,5,Flood
109.1929732,26.24925128,68,6.71e-06,98579.59295,0.080259559,37.69404692,1.16702964,18.3857314,5,Flood
109.1929732,26.24925128,68,3.56e-05,98638.24819,0.080090345,35.89945872,3.537672319,32.9406218,5,Flood
109.1929732,26.24925128,68,3.35e-05,98726.78218,0.079968086,35.29882781,2.431151604,39.2972024,6,Flood
109.1929732,26.24925128,68,3.03e-05,98942.48222,0.079871587,34.8311746,3.269309433,44.37678001,6,Flood
109.1929732,26.24925128,68,6.83e-05,98915.85711,0.079835988,34.38149179,4.332931299,43.17088515,6,Flood
109.1929732,26.24925128,68,0.000940147,98835.13359,0.07987131,33.43851905,5.658520049,49.57228356,6,Flood
109.1929732,26.24925128,68,0.007750781,98850.24532,0.079919138,33.72344022,5.397387235,51.68066197,6,Flood
109.1929732,26.24925128,68,0.182578828,99052.63293,0.079962515,34.81764151,2.40702413,50.36747585,6,Flood
109.1929732,26.24925128,68,0.199533854,98977.20948,0.088750649,34.11324992,2.490065274,49.30175934,6,Flood
109.1929732,26.24925128,68,0.009645262,98881.58117,0.096145631,33.79645702,2.615176042,48.21142498,6,Flood
109.1929732,26.24925128,68,0.063314941,98943.16487,0.095165292,34.3341696,2.383283059,44.79837868,6,Flood
109.1929732,26.24925128,68,0.002115608,98908.42918,0.091829538,34.70286868,2.538125567,43.06560787,6,Flood
109.1929732,26.24925128,68,2.24e-05,98833.6614,0.08847815,34.51812253,3.372399713,44.7912035,6,Flood
109.1929732,26.24925128,68,4.51e-05,98826.95413,0.086855842,34.1355705,4.221262043,47.64699534,6,Flood
109.1929732,26.24925128,68,0.002691985,98734.14551,0.085942979,33.95932616,5.085168698,50.42155361,6,Flood
109.1929732,26.24925128,68,0.002384811,98661.11103,0.085803303,34.32334599,4.92201125,50.33781667,6,Flood
109.1929732,26.24925128,68,0.000169217,98698.71543,0.085745468,34.97934914,3.948865523,49.16382913,6,Flood
109.1929732,26.24925128,68,0.0,98737.04044,0.085197381,35.21250343,3.792975013,48.19901283,6,Flood
109.1929732,26.24925128,68,0.0,98748.56637,0.084735493,34.63387824,4.53986112,49.95177088,6,Flood
109.1929732,26.24925128,68,6.63e-05,98496.37257,0.084444099,34.47649032,5.554940024,51.88674761,6,Flood
109.1929732,26.24925128,68,0.0,98093.79867,0.084217297,35.44685204,3.894918768,43.17797202,6,Flood
109.1929732,26.24925128,68,0.001600021,98068.43797,0.08403483,35.18567286,4.00076363,45.62216532,6,Flood
109.1929732,26.24925128,68,0.004450196,98463.88236,0.08763817,34.20850981,0.467942899,52.23455188,6,Flood
109.1929732,26.24925128,68,0.006211974,98611.17666,0.090718285,35.6551061,0.346815894,42.48194098,6,Flood
109.1929732,26.24925128,68,0.001151807,98593.5734,0.087782025,36.8429398,0.279767452,35.06088842,6,Flood
109.1929732,26.24925128,68,0.00027717,98368.20081,0.086105778,37.90676559,1.02914577,27.8410458,6,Flood
109.1929732,26.24925128,68,0.001974056,98173.04749,0.084941626,38.10179029,0.556937794,30.97894397,6,Flood
109.1929732,26.24925128,68,0.024981635,98272.85471,0.084209382,37.58997723,1.251824172,38.01220244,6,Flood
109.1929732,26.24925128,68,0.1245289,98396.87477,0.085181451,37.5368801,1.213019631,39.29819656,6,Flood
109.1929732,26.24925128,68,0.007159555,98490.66958,0.09350341,32.13548642,1.979953137,64.45252654,6,Flood
109.1929732,26.24925128,68,0.002941912,98419.81913,0.093612005,34.55202286,2.897594222,55.61976419,6,Flood
109.1929732,26.24925128,68,1.27e-05,98286.14515,0.089313409,35.87083536,3.85143708,52.80203686,6,Flood
109.1929732,26.24925128,68,0.0,97979.07009,0.087183419,36.24913993,3.393627269,49.26497296,7,Flood
109.1929732,26.24925128,68,0.000475217,97896.66529,0.085941021,36.09571984,4.283153778,49.87211598,7,Flood
109.1929732,26.24925128,68,1.92e-05,98115.79365,0.085156221,36.03085043,4.005309203,52.85320201,7,Flood
109.1929732,26.24925128,68,0.001097495,98320.78542,0.084649478,35.38047398,4.494091903,52.80600402,7,Flood
109.1929732,26.24925128,68,0.001452587,98098.1226,0.08432708,34.64602421,5.266516804,53.80035784,7,Flood
109.1929732,26.24925128,68,0.00027717,97838.91613,0.084144083,34.43954291,5.572943084,54.4114237,7,Flood
109.1929732,26.24925128,68,0.020824181,98235.06704,0.084253107,35.38717131,0.82636865,53.45618105,7,Flood
109.1929732,26.24925128,68,0.24902644,98647.42071,0.089587426,34.80427258,1.460211024,56.57906286,7,Flood
109.1929732,26.24925128,68,0.074902537,98787.51673,0.097977864,35.0813174,1.138445506,56.35653501,7,Flood
109.1929732,26.24925128,68,0.003412084,98808.29851,0.091261581,35.60496188,3.29477071,51.50075268,7,Flood
109.1929732,26.24925128,68,0.000140483,98438.29038,0.08801074,34.73425938,6.051648109,52.84709847,7,Flood
109.1929732,26.24925128,68,0.002243065,98060.09978,0.086611325,34.16663579,6.407603695,53.3616391,7,Flood
109.1929732,26.24925128,68,0.002253124,98235.49858,0.085804245,34.35690389,3.589777965,53.20393305,7,Flood
109.1929732,26.24925128,68,0.04541671,98305.03588,0.085191204,35.03118312,3.000822951,51.02710757,7,Flood
109.1929732,26.24925128,68,0.016542702,98539.7901,0.084897921,35.78504521,1.513844048,47.71901539,7,Flood
109.1929732,26.24925128,68,0.0002433,98486.16686,0.084531389,37.60829389,1.463084936,39.14895485,7,Flood
109.1929732,26.24925128,68,0.119997604,98491.53876,0.085037782,36.27205992,1.523477596,47.90334745,7,Flood
109.1929732,26.24925128,68,0.063026578,98337.07849,0.086873981,35.898282,3.123809641,52.98681391,7,Flood
109.1929732,26.24925128,68,0.039632091,98261.78346,0.085690884,35.44964145,2.159619597,52.49200642,7,Flood
109.1929732,26.24925128,68,0.158203506,98415.61965,0.09097717,35.69590853,1.28852675,53.21661468,7,Flood
109.1929732,26.24925128,68,0.030370817,98432.25674,0.097169858,36.11290584,1.421810887,51.67830132,7,Flood
109.1929732,26.24925128,68,0.058569601,98382.31432,0.08923824,36.77842217,2.928881428,48.61850689,7,Flood
109.1929732,26.24925128,68,0.040493484,98223.65832,0.086704877,34.89390404,3.134854401,55.66369604,7,Flood
109.1929732,26.24925128,68,1.01e-05,97969.68571,0.085718784,34.47807381,4.018801802,55.53290604,7,Flood
109.1929732,26.24925128,68,0.007920787,97958.73039,0.085150822,34.67326474,3.662842774,54.87831957,7,Flood
109.1929732,26.24925128,68,0.00219975,98077.27757,0.084698776,35.15686178,3.625103556,54.68030289,7,Flood
109.1929732,26.24925128,68,0.00284041,98212.35344,0.084372219,35.30922334,3.777050663,51.54563315,7,Flood
109.1929732,26.24925128,68,0.012342327,98261.01593,0.084131553,35.039682,2.89897127,53.34070855,7,Flood
109.1929732,26.24925128,68,0.402723166,98289.26266,0.093014025,34.24379283,2.235663989,57.18122967,7,Flood
109.1929732,26.24925128,68,0.420533514,98568.92252,0.204366144,31.62476346,1.158424061,75.1861958,7,Flood
109.1929732,26.24925128,68,0.005690948,98585.49002,0.278920525,31.28669234,3.606402132,75.16846933,7,Flood
109.1929732,26.24925128,68,0.0113861,98297.49066,0.22967558,31.55378174,5.670374647,71.56018816,8,Flood
109.1929732,26.24925128,68,0.448852272,98354.60152,0.24959917,30.2645434,3.323718991,76.15679343,8,Flood
109.1929732,26.24925128,68,1.176308626,98503.0965,0.303973002,28.93276377,1.6001627,84.71895628,8,Flood
109.1929732,26.24925128,68,0.894180859,98471.4604,0.386085757,27.41467635,1.521901401,86.93117962,8,Flood
109.1929732,26.24925128,68,0.481811048,98848.7194,0.35245312,29.23101195,1.525985067,78.87311484,8,Flood
109.1929732,26.24925128,68,0.396243632,98692.19383,0.339956464,28.66191648,4.398035482,79.38627084,8,Flood
109.1929732,26.24925128,68,0.011749476,98638.9817,0.310002337,29.91632479,4.874160537,73.39129646,8,Flood
109.1929732,26.24925128,68,0.005024114,98831.91993,0.279307622,30.43843972,3.559512646,72.49824743,8,Flood
109.1929732,26.24925128,68,0.005935256,98943.76374,0.252058273,30.82951312,3.209404238,71.82947832,8,Flood
109.1929732,26.24925128,68,0.004987154,98786.51993,0.225274297,30.90725732,4.581872689,69.31814811,8,Flood
109.1929732,26.24925128,68,0.001716868,98552.78905,0.200611983,30.83906449,4.451201905,68.49482433,8,Flood
109.1929732,26.24925128,68,0.001723503,98796.91268,0.183685488,31.0480469,2.150151982,70.64711895,8,Flood
109.1929732,26.24925128,68,0.036140897,98976.38633,0.172545379,31.75386082,1.819935277,68.45941307,8,Flood
109.1929732,26.24925128,68,0.019421326,98972.63836,0.159693152,32.03749861,2.720323699,65.24316118,8,Flood
109.1929732,26.24925128,68,0.067840088,98791.08171,0.145326425,31.95856068,3.602316818,63.71848982,8,Flood
109.1929732,26.24925128,68,0.254276368,98738.33165,0.141196052,30.83328804,1.973536018,68.4830566,8,Flood
109.1929732,26.24925128,68,1.004874503,98928.86939,0.3029169,28.04758641,2.185812804,85.08608265,8,Flood
109.1929732,26.24925128,68,0.55633329,99086.17373,0.359236197,27.46521391,2.835988207,87.03527014,8,Flood
109.1929732,26.24925128,68,0.024092456,99034.18682,0.337704986,28.46385363,3.158678074,79.18589569,8,Flood
109.1929732,26.24925128,68,0.010243768,98961.79806,0.301427556,29.781246,3.801498117,72.80974883,8,Flood
109.1929732,26.24925128,68,0.012238161,99056.47984,0.278052223,30.12000354,2.2875647,75.38645373,8,Flood
109.1929732,26.24925128,68,0.052329686,99022.20217,0.271240583,30.25719954,1.620242307,75.90652209,8,Flood
109.1929732,26.24925128,68,0.032354472,99007.54786,0.244734435,30.99434624,1.819290307,72.05092303,8,Flood
109.1929732,26.24925128,68,0.159869265,99014.56092,0.229349216,31.03249716,0.875000986,73.48138646,8,Flood
109.1929732,26.24925128,68,0.073475892,98799.11219,0.215131262,31.7374447,1.0003882,68.69950276,8,Flood
109.1929732,26.24925128,68,0.415778448,98657.40942,0.255091181,31.15492435,2.804056019,72.10974518,8,Flood
109.1929732,26.24925128,68,0.646129563,98699.43281,0.370398022,28.11128808,5.82224447,82.64392032,8,Flood
109.1929732,26.24925128,68,1.534917984,98801.13969,0.401084738,26.38814287,5.442430286,89.68602492,8,Flood
109.1929732,26.24925128,68,0.472762787,98723.34033,0.397576021,27.64629274,4.901880037,84.09923346,8,Flood
109.1929732,26.24925128,68,0.079189258,99021.22684,0.391809185,26.4494533,4.273974337,83.79720851,8,Flood
109.1929732,26.24925128,68,0.015294982,99342.42782,0.371740248,27.3593041,1.373874713,81.04862656,8,Flood
109.1929732,26.24925128,68,0.014481739,99241.69017,0.3427398,28.61354661,1.97908489,74.99995227,9,Flood
109.1929732,26.24925128,68,0.016111257,99108.1986,0.316565508,29.22153768,2.047941545,74.44230017,9,Flood
109.1929732,26.24925128,68,0.098348671,99187.39026,0.295685951,29.7787349,1.098746843,72.88700082,9,Flood
109.1929732,26.24925128,68,0.011370247,99015.92687,0.300959375,29.52504566,1.307212973,77.0567169,9,Flood
109.1929732,26.24925128,68,0.002487824,98777.39481,0.284286624,29.80324412,2.546041825,73.9598008,9,Flood
109.1929732,26.24925128,68,9.39e-05,98977.56171,0.260749414,29.70396343,2.413616345,74.19437804,9,Flood
109.1929732,26.24925128,68,0.004473109,99115.93483,0.241401661,29.71691659,2.069206853,72.595193,9,Flood
109.1929732,26.24925128,68,0.009878731,99114.47126,0.223188813,30.25477274,2.529981604,70.71075428,9,Flood
109.1929732,26.24925128,68,0.007356957,98838.72867,0.206126768,29.84662716,2.76775803,71.75514821,9,Flood
109.1929732,26.24925128,68,0.00670485,98816.17685,0.191419489,29.41080341,2.184077673,71.59996948,9,Flood
109.1929732,26.24925128,68,0.004837704,98931.1391,0.178087298,30.04211632,1.861664916,68.50955007,9,Flood
109.1929732,26.24925128,68,0.000971213,98845.90297,0.164017237,30.29558287,3.813554456,62.50987243,9,Flood
109.1929732,26.24925128,68,0.000379605,98747.17559,0.151431541,29.02426023,4.750668162,63.80562486,9,Flood
109.1929732,26.24925128,68,0.0007611,98807.94172,0.14161123,29.01713979,3.594257948,64.63457958,9,Flood
109.1929732,26.24925128,68,0.0,99076.78493,0.133619885,29.21723467,2.451698107,66.30718747,9,Flood
109.1929732,26.24925128,68,0.016649586,99243.42494,0.126591442,29.85795391,2.656555872,65.33461192,9,Flood
109.1929732,26.24925128,68,0.003658784,99303.88527,0.120439663,30.47335635,1.954299276,65.05847091,9,Flood
109.1929732,26.24925128,68,0.003811088,99204.67212,0.114909844,30.61895776,1.746973052,60.14116527,9,Flood
109.1929732,26.24925128,68,0.00695489,99298.06238,0.110143433,31.36039247,0.936737449,57.41434295,9,Flood
109.1929732,26.24925128,68,0.002473295,99209.38492,0.105900222,31.98369156,1.89333828,52.80195007,9,Flood
109.1929732,26.24925128,68,0.000732042,99271.55959,0.102528316,31.59218261,2.102241291,56.55607314,9,Flood
109.1929732,26.24925128,68,0.003285845,99244.12282,0.099887453,32.02004072,2.168805821,56.7493888,9,Flood
109.1929732,26.24925128,68,0.002431851,99233.58736,0.097671277,32.21740067,2.00664223,58.07989098,9,Flood
109.1929732,26.24925128,68,0.002072854,99049.45413,0.09588153,31.9979246,2.426120729,58.94148687,9,Flood
109.1929732,26.24925128,68,0.001187387,98995.07785,0.094438725,31.73476781,2.059749729,56.69334751,9,Flood
109.1929732,26.24925128,68,0.001593877,98895.67161,0.093094461,32.43319351,1.739352791,54.68466077,9,Flood
109.1929732,26.24925128,68,0.000818778,98869.56402,0.091917256,32.61831933,1.924840516,55.01563025,9,Flood
109.1929732,26.24925128,68,0.003453011,99147.60979,0.091126809,32.1248701,2.168469521,58.4789177,9,Flood
109.1929732,26.24925128,68,0.001991009,99504.34465,0.094608898,31.84410563,1.360910638,59.97252798,9,Flood
109.1929732,26.24925128,68,0.000358756,99566.79015,0.098618099,32.27126116,1.704002183,56.06425558,9,Flood
109.1929732,26.24925128,68,0.000196601,99341.98213,0.095445466,32.1485013,2.260191875,52.13881597,10,Flood
109.1929732,26.24925128,68,0.000998202,99276.77279,0.09331459,32.24846153,2.787820354,55.9613384,10,Flood
109.1929732,26.24925128,68,0.00107179,99080.29137,0.091832793,32.30407105,3.49560125,53.86019335,10,Flood
109.1929732,26.24925128,68,3.74e-05,99105.61456,0.090805398,31.11762018,2.961937038,56.62359401,10,Flood
109.1929732,26.24925128,68,0.0,99363.78385,0.0900679,30.70559797,2.003259694,63.29715232,10,Flood
109.1929732,26.24925128,68,0.00246918,99799.98429,0.089609686,30.21003584,1.401319322,62.29193104,10,Flood
109.1929732,26.24925128,68,0.0,100002.9796,0.089001704,30.66004619,0.12593003,48.79501285,10,Flood
109.1929732,26.24925128,68,0.001188522,99933.66145,0.088401154,30.70857621,0.559041407,46.61742226,10,Flood
109.1929732,26.24925128,68,0.000563259,99741.95049,0.088386285,30.4939773,0.295782015,47.93958426,10,Flood
109.1929732,26.24925128,68,0.000775322,99654.62074,0.088188292,30.12679276,1.301026825,48.28238139,10,Flood
109.1929732,26.24925128,68,1.12e-05,99658.80889,0.087767116,29.77051525,1.499127762,47.69032979,10,Flood
109.1929732,26.24925128,68,0.0,99661.0311,0.087431447,29.83526137,0.474021405,45.95785138,10,Flood
109.1929732,26.24925128,68,3.24e-05,99718.51034,0.087193706,29.78302358,1.973040384,49.52008022,10,Flood
109.1929732,26.24925128,68,0.062747461,99842.25199,0.087255944,29.52641283,0.981176806,50.28231668,10,Flood
109.1929732,26.24925128,68,0.015181037,99817.91462,0.087393833,29.16957956,0.502785604,45.46781035,10,Flood
109.1929732,26.24925128,68,0.009457809,99581.10347,0.087173057,29.75732941,1.145064658,41.9041777,10,Flood
109.1929732,26.24925128,68,0.00011281,99581.02305,0.087028541,28.9327279,0.62186764,48.51699051,10,Flood
109.1929732,26.24925128,68,0.000222407,99671.28089,0.086821007,29.39262293,0.184471379,49.5015262,10,Flood
109.1929732,26.24925128,68,7.38e-05,99737.20368,0.086516907,30.08369599,0.121351563,46.79304437,10,Flood
109.1929732,26.24925128,68,0.0,99756.62238,0.086281124,30.18469358,0.558273469,41.65036823,10,Flood
109.1929732,26.24925128,68,0.0,99832.67629,0.086200953,29.42152842,0.280191458,44.77198695,10,Flood
109.1929732,26.24925128,68,0.0,99934.32011,0.086160883,29.43391035,0.279273139,44.15527484,10,Flood
109.1929732,26.24925128,68,0.0,100001.9648,0.086073296,29.56029832,0.244695291,41.62019177,10,Flood
109.1929732,26.24925128,68,0.0,99970.50356,0.085946947,29.67807373,0.688944066,37.99389061,10,Flood
109.1929732,26.24925128,68,8.05e-05,99841.07427,0.085832795,30.40353992,0.86037231,36.32111288,10,Flood
109.1929732,26.24925128,68,8.16e-05,99738.68832,0.085823548,30.43961871,0.618621607,45.10268265,10,Flood
109.1929732,26.24925128,68,2.46e-05,99525.80376,0.08577037,30.89716251,0.850947041,41.97684205,10,Flood
109.1929732,26.24925128,68,0.0,99394.53318,0.085714926,29.97094658,0.719421854,43.1917098,10,Flood
109.1929732,26.24925128,68,0.0,99504.88592,0.085746175,29.31790135,1.202099322,45.70825627,10,Flood
109.1929732,26.24925128,68,0.0,99761.86216,0.085748443,29.04590131,0.994323167,46.74689718,10,Flood
109.1929732,26.24925128,68,0.0,100004.5692,0.085790716,28.72708368,1.296338743,52.83116446,10,Flood
109.1929732,26.24925128,68,0.0,99988.5028,0.085761061,29.20171883,1.525320485,41.60696911,11,Flood
109.1929732,26.24925128,68,0.000662749,99925.83223,0.085696197,28.83504369,0.759044846,45.75183132,11,Flood
109.1929732,26.24925128,68,0.0,100025.23,0.085745664,28.32301584,1.001060921,51.09692658,11,Flood
109.1929732,26.24925128,68,0.0,99939.55513,0.085714236,28.66745278,1.789359314,45.43758614,11,Flood
109.1929732,26.24925128,68,0.0,100051.194,0.085662559,28.52562309,2.051755231,44.35053354,11,Flood
109.1929732,26.24925128,68,0.0,100159.2786,0.085641554,28.32662495,0.867588896,49.45453243,11,Flood
109.1929732,26.24925128,68,0.0,100003.7109,0.085623879,28.91117638,1.741835673,51.46124186,11,Flood
109.1929732,26.24925128,68,0.0,99995.04693,0.085695181,28.14166478,1.235433963,58.67532538,11,Flood
109.1929732,26.24925128,68,0.001534494,100071.3728,0.085738439,27.83888544,0.964281486,57.63701003,11,Flood
109.1929732,26.24925128,68,0.0,100105.7218,0.085710305,27.92482142,1.290938244,56.50255547,11,Flood
109.1929732,26.24925128,68,0.0,100042.4244,0.085683136,27.8408078,1.549201083,56.21589515,11,Flood
109.1929732,26.24925128,68,0.0,100029.5807,0.085720434,26.93864293,0.628370833,58.76028967,11,Flood
109.1929732,26.24925128,68,0.0,99957.5941,0.085715825,26.27850932,0.648940187,53.68746901,11,Flood
109.1929732,26.24925128,68,0.0,100063.6881,0.085690018,25.97991735,1.056256741,46.73530422,11,Flood
109.1929732,26.24925128,68,0.0,100109.1957,0.085663546,25.53329946,0.833344336,47.02914359,11,Flood
109.1929732,26.24925128,68,0.0,100086.1135,0.085726469,24.99819339,1.092578001,54.86916948,11,Flood
109.1929732,26.24925128,68,0.000115115,100179.8083,0.085818255,24.67582799,1.652512526,53.09799005,11,Flood
109.1929732,26.24925128,68,0.001175737,100307.8556,0.085815817,24.2824095,1.40532654,47.64522619,11,Flood
109.1929732,26.24925128,68,0.0,100324.3099,0.085779583,24.43811843,0.907865309,50.1580319,11,Flood
109.1929732,26.24925128,68,0.0,100222.0825,0.085776757,24.2650532,0.264512157,51.82883577,11,Flood
109.1929732,26.24925128,68,0.0,100132.1865,0.085766075,24.32295992,1.131855196,48.55509982,11,Flood
109.1929732,26.24925128,68,0.0,100065.8152,0.08578764,23.99586359,0.875923616,54.20316065,11,Flood
109.1929732,26.24925128,68,0.000444813,100110.8685,0.085835567,24.45819966,0.479257321,58.21499475,11,Flood
109.1929732,26.24925128,68,0.001967013,100248.3235,0.085915245,24.26726714,1.01667126,59.77429796,11,Flood
109.1929732,26.24925128,68,0.001736783,100318.371,0.08592278,23.95279407,0.427125704,57.66380061,11,Flood
109.1929732,26.24925128,68,0.0,100195.5339,0.085876005,24.57994359,0.72275904,55.69208942,11,Flood
109.1929732,26.24925128,68,0.000181055,100101.793,0.085874087,24.02650013,0.918761279,62.51026952,11,Flood
109.1929732,26.24925128,68,0.001319946,100186.6774,0.085904507,24.18382633,1.303061004,61.37402847,11,Flood
109.1929732,26.24925128,68,0.000430284,100262.9674,0.085901386,24.2135217,1.537468032,58.03392412,11,Flood
109.1929732,26.24925128,68,0.000754394,100246.1652,0.085971611,22.34771021,2.523828394,59.34907959,11,Flood
109.1929732,26.24925128,68,2.46e-05,100019.7568,0.086041405,22.47193517,1.67396737,56.74069948,12,Flood
109.1929732,26.24925128,68,0.0,100116.1918,0.086167764,21.83473193,2.955139331,63.56450511,12,Flood
109.1929732,26.24925128,68,0.0,100396.0378,0.08631184,22.03098129,3.763162016,59.64308486,12,Flood
109.1929732,26.24925128,68,0.000154232,100428.7674,0.086308147,21.14893065,2.031816472,60.2619921,12,Flood
109.1929732,26.24925128,68,3.13e-05,100253.085,0.086265254,21.27017002,0.482158417,55.24621689,12,Flood
109.1929732,26.24925128,68,0.000341992,100134.206,0.086154426,20.84780536,0.790108143,52.4757404,12,Flood
109.1929732,26.24925128,68,0.0,100042.2825,0.086097186,19.54137446,0.960481185,45.56006155,12,Flood
109.1929732,26.24925128,68,0.0,100260.2194,0.086029558,18.04674305,2.2223748,28.37890462,12,Flood
109.1929732,26.24925128,68,6.37e-05,100518.4795,0.086042158,16.71074795,1.863433991,32.09120279,12,Flood
109.1929732,26.24925128,68,0.0,100548.4733,0.086136245,16.25895211,1.092956535,42.48063723,12,Flood
109.1929732,26.24925128,68,0.0,100517.2011,0.086219392,16.42065696,2.041498733,46.726335,12,Flood
109.1929732,26.24925128,68,8.38e-05,100600.4506,0.086234735,15.66075635,2.847677185,34.83203582,12,Flood
109.1929732,26.24925128,68,0.0,100759.8156,0.086298586,15.25048696,3.047162316,43.27832306,12,Flood
109.1929732,26.24925128,68,0.000107292,100662.9897,0.086353444,15.22173477,1.816256262,46.79139129,12,Flood
109.1929732,26.24925128,68,0.0,100606.5397,0.08635199,15.74837003,1.427971858,45.70444579,12,Flood
109.1929732,26.24925128,68,0.000311816,100463.1814,0.086339353,16.33794078,1.923113817,47.06311871,12,Flood
109.1929732,26.24925128,68,7.37e-05,100419.7937,0.08635025,16.34100627,2.620187634,46.82062782,12,Flood
109.1929732,26.24925128,68,0.0,100301.4069,0.086383757,15.92923507,2.614814628,49.25964954,12,Flood
109.1929732,26.24925128,68,0.0,100270.285,0.086421881,15.83761643,2.527978561,47.00104331,12,Flood
109.1929732,26.24925128,68,1.16e-05,100441.6452,0.086439323,15.40493957,2.887899753,46.67533106,12,Flood
109.1929732,26.24925128,68,3.69e-05,100339.4849,0.086483088,14.80294538,2.467943432,50.0767983,12,Flood
109.1929732,26.24925128,68,0.000158702,100152.052,0.086528567,14.93784582,2.328898436,53.50147223,12,Flood
109.1929732,26.24925128,68,0.0,100353.1533,0.086537076,15.30510843,1.996573313,53.7789415,12,Flood
109.1929732,26.24925128,68,0.0,100670.2922,0.086634601,14.8173267,3.050616911,62.65673762,12,Flood
109.1929732,26.24925128,68,0.0,100779.0959,0.086746204,14.80666252,3.008027181,59.56217135,12,Flood
109.1929732,26.24925128,68,0.0,100814.6995,0.086749549,14.95515142,3.143633525,54.60810762,12,Flood
109.1929732,26.24925128,68,4.47e-05,100768.8546,0.086662718,15.1580179,2.11934969,45.79678662,12,Flood
109.1929732,26.24925128,68,0.0,100717.0874,0.086454401,16.35550128,0.594419423,36.26540931,12,Flood
109.1929732,26.24925128,68,0.000128526,100873.2552,0.086329721,15.41403552,1.646473753,47.92386948,12,Flood
109.1929732,26.24925128,68,0.000128408,100723.4567,0.086350854,15.48944516,1.088150294,57.12748652,12,Flood
