country,location_name,latitude,longitude,timezone,last_updated_epoch,last_updated,temperature,temperature_fahrenheit,condition_text,wind_mph,wind_speed,wind_degree,wind_direction,pressure,pressure_in,rainfall,precip_in,humidity,cloud,feels_like_celsius,feels_like_fahrenheit,visibility_km,visibility_miles,uv_index,gust_mph,gust_kph,air_quality_Carbon_Monoxide,air_quality_Ozone,air_quality_Nitrogen_dioxide,air_quality_Sulphur_dioxide,air_quality_PM2.5,air_quality_PM10,air_quality_us-epa-index,air_quality_gb-defra-index,sunrise,sunset,moonrise,moonset,moon_phase,moon_illumination,disaster_type
Kenya,Nairobi,-1.2833,36.8167,Africa/Nairobi,1769583600,2026-01-28 10:00,21.2,70.2,Partly cloudy,12.8,20.5,45,NE,1026.0,30.3,0.0,0.0,64,75,21.2,70.2,10.0,6.0,7.6,14.7,23.6,293.85,52.0,5.85,4.25,17.75,19.65,2,2,06:40 AM,06:51 PM,02:29 PM,01:52 AM,Waxing Gibbous,69,Normal
Indonesia,Laos,-8.1826,114.3188,Asia/Jakarta,1759559400,2025-10-04 13:30,30.4,86.8,Patchy rain nearby,6.9,11.2,163,SSE,1011.0,29.86,0.06,0.0,55,78,33.0,91.3,10.0,6.0,11.2,8.0,12.9,421.85,53.0,8.95,2.65,32.15,34.05,2,3,05:06 AM,05:18 PM,02:46 PM,02:36 AM,Waxing Gibbous,85,Normal
Madagascar,Ivory,-24.3667,46.45,Indian/Antananarivo,1749026700,2025-06-04 11:45,24.3,75.7,Sunny,2.2,3.6,237,WSW,1019.0,30.1,0.0,0.0,48,5,25.3,77.5,10.0,6.0,4.8,6.7,10.8,181.3,36.0,5.18,0.555,14.06,14.8,1,2,06:31 AM,05:14 PM,12:56 PM,12:27 AM,Waxing Gibbous,57,Normal
Azerbaijan,Baku,40.4,49.88,Asia/Baku,1716216300,2024-05-20 18:45,21.0,69.8,Partly cloudy,11.9,19.1,180,S,1017.0,30.03,0.0,0.0,38,25,21.0,69.8,10.0,6.0,5.0,16.3,26.3,217.0,93.0,8.1,1.3,1.5,1.8,1,1,05:20 AM,07:55 PM,04:55 PM,03:29 AM,Waxing Gibbous,88,Normal
Malawi,Lilongwe,-13.9833,33.7833,Africa/Blantyre,1728639900,2024-10-11 11:45,25.2,77.4,Sunny,10.7,17.3,69,ENE,1019.0,30.08,0.0,0.0,39,13,25.4,77.8,10.0,6.0,9.4,12.3,19.9,327.45,73.0,0.74,0.74,9.25,14.245,1,1,05:21 AM,05:43 PM,11:53 AM,12:22 AM,Waxing Gibbous,52,Normal
Italy,Rome,41.9,12.4833,Europe/Rome,1756196100,2025-08-26 10:15,26.3,79.3,Partly Cloudy,4.5,7.2,187,S,1015.0,29.97,0.0,0.0,70,25,26.9,80.4,10.0,6.0,2.5,5.1,8.3,351.5,67.0,35.89,2.775,22.385,35.89,2,2,06:29 AM,07:53 PM,09:41 AM,09:10 PM,Waxing Crescent,7,Normal
Burundi,Bujumbura,-3.3761,29.36,Africa/Bujumbura,1738836900,2025-02-06 12:15,30.0,86.0,Partly cloudy,2.2,3.6,279,W,1012.0,29.88,0.08,0.0,55,75,32.6,90.8,10.0,6.0,12.2,6.7,10.8,690.05,85.0,2.035,2.96,43.475,48.285,3,5,06:09 AM,06:24 PM,01:00 PM,12:17 AM,Waxing Gibbous,57,Normal
Madagascar,Ivory,-24.3667,46.45,Indian/Antananarivo,1742809500,2025-03-24 12:45,29.3,84.7,Sunny,4.0,6.5,193,SSW,1015.0,29.97,0.0,0.0,56,8,31.2,88.1,10.0,6.0,11.2,4.6,7.5,183.15,46.0,0.925,0.37,6.29,6.66,1,1,06:00 AM,06:01 PM,12:26 AM,02:37 PM,Waning Crescent,36,Normal
Monaco,Monaco,43.7333,7.4167,Europe/Paris,1753518600,2025-07-26 10:30,26.4,79.5,Sunny,5.1,8.3,163,SSE,1010.0,29.83,0.0,0.0,42,0,27.6,81.6,10.0,6.0,3.2,7.8,12.6,281.2,75.0,7.955,1.11,8.14,10.36,1,1,06:13 AM,09:00 PM,07:48 AM,10:12 PM,Waxing Crescent,2,Normal
Kenya,Nairobi,-1.2833,36.8167,Africa/Nairobi,1728726300,2024-10-12 12:45,23.1,73.6,Partly cloudy,8.7,14.0,121,ESE,1026.0,30.3,0.0,0.0,41,75,24.1,75.4,10.0,6.0,14.3,10.0,16.2,484.7,81.0,4.625,6.105,15.91,23.125,2,2,06:15 AM,06:23 PM,02:02 PM,01:38 AM,Waxing Gibbous,63,Normal
Morocco,Rabat,34.0253,-6.8361,Africa/Casablanca,1730970000,2024-11-07 10:00,25.0,77.1,Partly Cloudy,2.5,4.0,136,SE,1018.0,30.06,0.0,0.0,42,34,25.5,77.9,10.0,6.0,0.7,4.5,7.2,273.8,29.0,18.87,18.13,30.34,69.005,2,3,07:53 AM,06:29 PM,01:25 PM,11:15 PM,Waxing Crescent,27,Normal
Germany,Berlin,52.52,13.4,Europe/Berlin,1722428100,2024-07-31 14:15,29.4,84.8,Sunny,4.3,6.8,267,W,1013.0,29.91,0.0,0.0,35,25,28.7,83.7,10.0,6.0,7.0,4.9,7.9,207.0,134.5,5.0,5.1,8.7,10.2,1,1,05:25 AM,08:59 PM,12:33 AM,06:58 PM,Waning Crescent,20,Normal
Slovenia,Ljubljana,46.06,14.51,Europe/Ljubljana,1719580500,2024-06-28 15:15,30.3,86.5,Partly cloudy,4.3,6.8,140,SE,1016.0,30.0,0.0,0.0,52,25,30.5,87.0,10.0,6.0,8.0,8.7,14.0,171.9,108.7,1.3,0.4,2.3,2.6,1,1,05:14 AM,08:57 PM,12:32 AM,12:36 PM,Last Quarter,60,Normal
Mali,Bamako,12.65,-8.0,Africa/Bamako,1768202100,2026-01-12 07:15,20.3,68.5,Sunny,5.4,8.6,21,NNE,1014.0,29.94,0.0,0.0,37,0,20.3,68.5,8.0,4.0,0.0,11.3,18.1,130.85,41.0,2.65,1.15,44.15,116.55,3,5,06:57 AM,06:24 PM,01:37 AM,01:21 PM,Waning Crescent,37,Normal
Malawi,Lilongwe,-13.9833,33.7833,Africa/Blantyre,1729157400,2024-10-17 11:30,21.2,70.2,Patchy rain nearby,4.5,7.2,111,ESE,1018.0,30.07,0.01,0.0,62,80,21.2,70.2,10.0,6.0,11.6,5.1,8.3,347.8,69.0,1.295,0.37,8.88,12.95,1,1,05:17 AM,05:43 PM,05:50 PM,05:00 AM,Full Moon,100,Normal
India,New Delhi,28.6,77.2,Asia/Kolkata,1760429700,2025-10-14 13:45,30.1,86.2,Mist,3.6,5.8,330,NNW,1012.0,29.88,0.0,0.0,35,0,27.9,82.2,4.5,2.0,5.3,4.1,6.6,1561.85,49.0,72.85,44.65,100.05,202.95,4,10,06:21 AM,05:53 PM,No moonrise,01:52 PM,Waning Crescent,50,Normal
India,New Delhi,28.6,77.2,Asia/Kolkata,1771310700,2026-02-17 12:15,26.1,79.0,Mist,6.5,10.4,149,SSE,1017.0,30.03,0.0,0.0,30,0,25.0,76.9,5.0,3.0,5.7,7.5,12.0,1576.85,23.0,50.95,32.95,115.65,122.35,4,10,06:58 AM,06:13 PM,06:51 AM,06:09 PM,New Moon,1,Normal
Cyprus,Nicosia,35.1667,33.3667,Asia/Nicosia,1763968500,2025-11-24 09:15,20.3,68.5,Sunny,3.8,6.1,86,E,1016.0,30.0,0.0,0.0,68,0,20.3,68.5,10.0,6.0,1.1,4.7,7.6,127.85,45.0,3.25,4.85,19.35,35.85,2,2,06:30 AM,04:36 PM,10:11 AM,07:47 PM,Waxing Crescent,12,Normal
Paraguay,Aurora,-23.43,-61.33,America/Argentina/Cordoba,1722514500,2024-08-01 09:15,25.5,77.8,Sunny,15.0,24.1,23,NNE,1006.0,29.71,0.0,0.0,37,2,25.5,77.9,10.0,6.0,8.0,21.2,34.1,687.6,65.1,1.1,0.8,60.2,60.5,3,8,07:40 AM,06:44 PM,05:32 AM,04:06 PM,Waning Crescent,12,Normal
India,New Delhi,28.6,77.2,Asia/Kolkata,1735209000,2024-12-26 16:00,23.0,73.4,Sunny,2.2,3.6,25,NNE,1019.0,30.08,0.0,0.0,30,9,23.7,74.6,10.0,6.0,0.3,2.7,4.3,2902.65,152.0,61.605,101.01,226.625,228.29,5,10,07:12 AM,05:32 PM,02:52 AM,01:51 PM,Waning Crescent,25,Normal
Greece,Athens,37.9795,23.7162,Europe/Athens,1741859100,2025-03-13 11:45,21.3,70.3,Partly cloudy,13.4,21.6,169,S,1011.0,29.85,0.0,0.0,56,25,21.3,70.3,10.0,6.0,4.0,15.4,24.8,331.15,72.0,28.305,5.92,32.19,65.305,2,3,06:39 AM,06:30 PM,05:51 PM,06:19 AM,Waxing Gibbous,98,Normal
Bosnia and Herzegovina,Sarajevo,43.85,18.38,Europe/Sarajevo,1718545500,2024-06-16 15:45,27.2,80.9,Sunny,4.0,6.5,237,WSW,1011.0,29.85,0.0,0.0,39,20,27.0,80.6,10.0,6.0,7.0,4.6,7.5,163.6,100.1,1.2,9.9,3.5,4.8,1,1,05:04 AM,08:31 PM,02:58 PM,01:38 AM,Waxing Gibbous,67,Normal
Eritrea,Asmara,15.3333,38.9333,Africa/Asmara,1760946300,2025-10-20 10:45,20.4,68.7,Patchy rain nearby,7.6,12.2,68,ENE,1016.0,30.0,0.13,0.01,52,75,20.4,68.7,10.0,6.0,4.5,8.7,14.1,155.85,101.0,3.25,2.15,29.75,40.55,2,3,06:17 AM,06:01 PM,05:15 AM,05:16 PM,Waning Crescent,3,Normal
Croatia,Zagreb,45.8,16.0,Europe/Zagreb,1720529100,2024-07-09 14:45,33.1,91.6,Partly cloudy,6.9,11.2,10,N,1016.0,30.0,0.0,0.0,49,25,33.1,91.6,10.0,6.0,8.0,11.4,18.4,191.9,98.7,1.5,0.8,8.1,10.2,1,1,05:16 AM,08:46 PM,08:36 AM,11:04 PM,Waxing Crescent,9,Normal
Central African Republic,Bangui,4.37,18.58,Africa/Bangui,1720011600,2024-07-03 14:00,33.4,92.1,Partly cloudy,2.2,3.6,99,E,1010.0,29.83,0.0,0.0,59,75,33.7,92.7,10.0,6.0,8.0,2.6,4.1,534.1,17.5,0.1,0.0,0.5,0.5,1,1,05:39 AM,06:01 PM,03:04 AM,03:50 PM,Waning Crescent,10,Normal
Seychelles Islands,Victoria,-4.6167,55.45,Indian/Mahe,1765524600,2025-12-12 11:30,30.1,86.2,Partly cloudy,8.3,13.3,242,WSW,1011.0,29.85,0.05,0.0,70,50,36.1,97.1,10.0,6.0,11.6,11.1,17.8,88.85,32.0,2.25,2.25,3.95,5.55,1,1,06:00 AM,06:23 PM,12:18 AM,12:36 PM,Last Quarter,50,Normal
Central African Republic,Bangui,4.3667,18.5833,Africa/Bangui,1729071000,2024-10-16 10:30,28.4,83.2,Sunny,2.2,3.6,196,SSW,1014.0,29.95,0.0,0.0,68,24,31.4,88.5,10.0,6.0,8.8,2.3,3.7,340.4,27.0,0.185,0.185,5.365,7.585,1,1,05:31 AM,05:32 PM,04:46 PM,04:21 AM,Waxing Gibbous,97,Normal
Cyprus,Nicosia,35.1667,33.3667,Asia/Famagusta,1742204700,2025-03-17 11:45,25.3,77.5,Sunny,2.5,4.0,340,NNW,1012.0,29.88,0.0,0.0,39,0,24.9,76.9,10.0,6.0,4.6,3.2,5.1,247.9,78.0,6.66,7.03,23.31,34.965,2,2,05:55 AM,05:56 PM,09:02 PM,07:10 AM,Waning Gibbous,94,Normal
Kenya,Nairobi,-1.28,36.82,Africa/Nairobi,1716732900,2024-05-26 17:15,25.0,77.0,Partly cloudy,2.2,3.6,10,N,1022.0,30.18,0.41,0.02,51,75,26.4,79.6,10.0,6.0,6.0,9.1,14.7,1535.4,52.9,20.2,5.4,51.5,81.5,3,6,06:28 AM,06:31 PM,09:19 PM,08:54 AM,Waning Gibbous,93,Normal
Djibouti,Djibouti,11.595,43.1481,Africa/Djibouti,1738491300,2025-02-02 13:15,26.3,79.3,Sunny,10.7,17.3,91,E,1015.0,29.96,0.0,0.0,60,3,27.5,81.5,10.0,6.0,7.8,12.3,19.9,320.05,99.0,1.85,3.515,82.51,447.885,4,10,06:31 AM,06:11 PM,09:27 AM,09:56 PM,Waxing Crescent,14,Normal
Mozambique,Maputo,-25.97,32.59,Africa/Maputo,1719236700,2024-06-24 15:45,24.3,75.7,Partly cloudy,8.1,13.0,120,ESE,1017.0,30.03,0.0,0.0,65,50,25.8,78.4,10.0,6.0,7.0,9.9,15.9,554.1,80.1,1.4,3.4,10.0,21.9,1,1,06:37 AM,05:08 PM,07:39 PM,08:50 AM,Waning Gibbous,95,Normal
Somalia,Mogadishu,2.0667,45.3667,Africa/Mogadishu,1766559600,2025-12-24 10:00,29.1,84.4,Sunny,19.9,32.0,60,ENE,1012.0,29.88,0.0,0.0,70,25,31.5,88.6,10.0,6.0,8.1,23.3,37.5,155.85,71.0,1.25,1.05,10.75,14.75,1,1,05:58 AM,05:58 PM,09:22 AM,09:39 PM,Waxing Crescent,13,Normal
Japan,Tokyo,35.6895,139.6917,Asia/Tokyo,1749717900,2025-06-12 17:45,27.2,81.0,Partly cloudy,11.0,17.6,152,SSE,1014.0,29.94,0.0,0.0,48,50,28.5,83.2,10.0,6.0,0.5,13.7,22.1,717.8,49.0,86.95,51.245,56.795,58.09,3,7,04:25 AM,06:58 PM,08:10 PM,04:32 AM,Waning Gibbous,100,Normal
Burundi,Bujumbura,-3.3761,29.36,Africa/Bujumbura,1752827400,2025-07-18 10:30,21.8,71.3,Patchy rain nearby,2.2,3.6,285,WNW,1018.0,30.05,0.04,0.0,54,77,21.8,71.3,10.0,6.0,6.6,6.7,10.8,814.0,66.0,7.585,2.59,70.855,71.225,4,9,06:10 AM,06:07 PM,No moonrise,12:04 PM,Last Quarter,51,Normal
Mauritius,Port Louis,-20.1619,57.4989,Indian/Mauritius,1756454400,2025-08-29 12:00,24.0,75.2,Partly cloudy,8.7,14.0,107,ESE,1023.0,30.21,0.0,0.0,61,50,25.3,77.6,10.0,6.0,8.7,10.0,16.2,305.25,68.0,6.845,2.96,15.355,21.83,1,2,06:21 AM,06:01 PM,09:50 AM,11:19 PM,Waxing Crescent,28,Normal
Bahamas,Nassau,25.0833,-77.35,America/Nassau,1766559600,2025-12-24 02:00,22.2,72.0,Overcast,15.7,25.2,56,ENE,1023.0,30.21,0.0,0.0,69,25,24.6,76.4,10.0,6.0,0.0,20.6,33.1,126.85,94.0,1.75,1.25,8.95,13.95,1,1,06:52 AM,05:27 PM,10:14 AM,09:43 PM,Waxing Crescent,16,Normal
Vietnam,Hanoi,21.0333,105.85,Asia/Bangkok,1729244700,2024-10-18 16:45,32.3,90.1,Sunny,6.7,10.8,148,SSE,1009.0,29.8,0.0,0.0,59,0,38.2,100.8,10.0,6.0,0.5,9.7,15.6,697.45,51.0,36.075,79.735,36.26,55.5,2,4,05:53 AM,05:30 PM,06:04 PM,06:27 AM,Waning Gibbous,100,Normal
Lesotho,Maseru,-29.3167,27.4833,Africa/Johannesburg,1741945500,2025-03-14 11:45,22.2,72.0,Partly cloudy,4.7,7.6,244,WSW,1024.0,30.24,0.05,0.0,43,50,24.1,75.3,10.0,6.0,9.7,5.4,8.7,316.35,71.0,3.33,1.295,12.395,12.395,1,2,06:10 AM,06:28 PM,06:36 PM,06:07 AM,Full Moon,100,Normal
India,New Delhi,28.6,77.2,Asia/Kolkata,1723378500,2024-08-11 17:45,31.1,88.0,Cloudy,7.2,11.5,169,S,998.0,29.47,0.0,0.0,66,78,36.6,97.9,10.0,6.0,7.0,8.5,13.6,594.1,41.5,20.1,10.7,13.3,17.2,1,2,05:49 AM,07:04 PM,11:37 AM,10:43 PM,Waxing Crescent,34,Normal
Sudan,Juba,12.15,24.45,Africa/Khartoum,1760255100,2025-10-12 09:45,28.3,82.9,Sunny,6.5,10.4,36,NE,1011.0,29.84,0.0,0.0,33,2,27.5,81.5,10.0,6.0,3.1,8.8,14.2,155.85,34.0,6.25,1.55,22.25,56.95,2,2,06:12 AM,06:05 PM,11:08 PM,11:32 AM,Waning Gibbous,70,Normal
Netherlands,Amsterdam,52.37,4.89,Europe/Amsterdam,1722688200,2024-08-03 14:30,22.2,72.0,Patchy rain nearby,11.6,18.7,250,WSW,1011.0,29.85,0.01,0.0,70,68,24.7,76.4,10.0,6.0,5.0,14.2,22.9,227.0,72.2,6.4,1.5,2.4,4.0,1,1,06:04 AM,09:28 PM,04:10 AM,09:38 PM,Waning Crescent,2,Normal
Malta,Valletta,35.8997,14.5147,Europe/Malta,1757406600,2025-09-09 10:30,28.2,82.8,Sunny,8.5,13.7,211,SSW,1016.0,30.0,0.0,0.0,70,25,31.0,87.7,10.0,6.0,3.2,10.7,17.3,201.65,80.0,14.8,1.665,9.805,21.645,1,1,06:40 AM,07:18 PM,08:12 PM,08:23 AM,Waning Gibbous,98,Normal
Oman,Muscat,23.6133,58.5933,Asia/Muscat,1768547700,2026-01-16 11:15,25.1,77.2,Partly cloudy,7.2,11.5,319,NW,1018.0,30.06,0.0,0.0,54,50,26.2,79.1,10.0,6.0,4.7,8.5,13.6,192.85,92.0,14.45,15.35,20.35,39.25,2,2,06:50 AM,05:41 PM,04:54 AM,03:26 PM,Waning Crescent,9,Normal
Greece,Athens,37.98,23.72,Europe/Athens,1726656300,2024-09-18 13:45,28.3,82.9,Partly cloudy,6.0,9.7,217,SW,1014.0,29.94,0.0,0.0,48,50,28.3,82.9,10.0,6.0,7.0,7.0,11.2,412.55,82.0,34.04,7.955,18.315,28.305,2,2,07:10 AM,07:28 PM,07:46 PM,07:17 AM,Full Moon,100,Normal
Turkey,Yaren,39.55,27.62,Europe/Istanbul,1719408600,2024-06-26 16:30,30.4,86.7,Sunny,25.5,41.0,360,N,1012.0,29.88,0.0,0.0,40,0,29.3,84.8,10.0,6.0,7.0,27.9,45.0,168.6,115.9,0.8,2.8,6.3,7.1,1,1,05:44 AM,08:41 PM,No moonrise,10:16 AM,Waning Gibbous,81,Normal
Qatar,Doha,25.2867,51.5333,Asia/Qatar,1763019000,2025-11-13 10:30,29.1,84.4,Sunny,2.2,3.6,292,WNW,1020.0,30.12,0.0,0.0,40,25,29.1,84.4,10.0,6.0,3.8,2.6,4.2,550.85,50.0,54.95,25.15,46.85,54.25,3,5,05:50 AM,04:46 PM,No moonrise,12:52 PM,Waning Crescent,43,Normal
Seychelles Islands,Victoria,-4.6167,55.45,Indian/Mahe,1763968500,2025-11-24 11:15,30.0,86.0,Partly cloudy,5.8,9.4,123,ESE,1014.0,29.94,0.01,0.0,70,50,36.3,97.4,10.0,6.0,11.5,7.8,12.6,91.85,39.0,2.15,1.95,3.65,5.35,1,1,05:54 AM,06:15 PM,09:04 AM,09:47 PM,Waxing Crescent,11,Normal
Mozambique,Maputo,-25.9653,32.5892,Africa/Maputo,1760774400,2025-10-18 10:00,25.3,77.5,Partly cloudy,12.8,20.5,352,N,1018.0,30.06,0.0,0.0,54,75,26.1,78.9,10.0,6.0,7.0,14.7,23.6,119.85,61.0,1.35,1.35,7.55,9.55,1,1,05:12 AM,05:58 PM,03:24 AM,03:27 PM,Waning Crescent,12,Normal
Malaysia,Kuala Lumpur,3.1667,101.7,Asia/Kuala_Lumpur,1742549400,2025-03-21 17:30,32.4,90.3,Partly cloudy,3.8,6.1,52,NE,1010.0,29.83,0.05,0.0,56,25,40.7,105.2,10.0,6.0,0.5,5.2,8.3,2634.4,67.0,109.89,46.435,111.185,112.48,4,10,07:17 AM,07:24 PM,No moonrise,12:07 PM,Waning Gibbous,67,Normal
Indonesia,Laos,-8.1826,114.3188,Asia/Jakarta,1753260300,2025-07-23 15:45,28.0,82.3,Patchy rain nearby,5.1,8.3,141,SE,1008.0,29.75,0.01,0.0,65,83,30.2,86.4,10.0,6.0,2.3,5.9,9.5,549.45,57.0,10.175,3.145,19.61,22.385,2,2,05:38 AM,05:21 PM,04:01 AM,03:54 PM,Waning Crescent,6,Normal
Mauritius,Port Louis,-20.1619,57.4989,Indian/Mauritius,1767338100,2026-01-02 11:15,27.3,81.1,Partly cloudy,9.4,15.1,138,SE,1015.0,29.97,0.0,0.0,62,75,28.0,82.3,10.0,6.0,13.5,10.8,17.4,80.85,45.0,2.95,2.15,6.55,9.55,1,1,05:34 AM,06:54 PM,06:10 PM,04:00 AM,Waxing Gibbous,96,Normal
Rwanda,Kigali,-1.9536,30.0606,Africa/Kigali,1738146600,2025-01-29 12:30,24.2,75.6,Partly cloudy,2.2,3.6,145,SE,1021.0,30.15,0.0,0.0,61,50,24.9,76.8,7.0,4.0,10.4,6.7,10.8,808.45,96.0,2.035,4.07,47.545,54.575,3,5,06:07 AM,06:19 PM,05:55 AM,06:28 PM,New Moon,1,Normal
Sierra Leone,Freetown,8.49,-13.2342,Africa/Freetown,1735467300,2024-12-29 10:15,27.6,81.7,Sunny,4.3,6.8,59,ENE,1013.0,29.91,0.0,0.0,55,0,28.8,83.8,10.0,6.0,3.4,4.9,7.9,545.75,82.0,2.22,2.035,41.44,87.69,3,4,07:06 AM,06:44 PM,05:44 AM,05:32 PM,Waning Crescent,4,Normal
South Africa,Pretoria,-25.75,28.19,Africa/Johannesburg,1716216300,2024-05-20 16:45,24.0,75.2,Sunny,9.4,15.1,310,NW,1027.0,30.33,0.0,0.0,31,0,23.2,73.7,10.0,6.0,8.0,13.9,22.3,567.4,85.8,8.5,19.3,42.8,57.9,3,5,06:40 AM,05:27 PM,03:25 PM,03:41 AM,Waxing Gibbous,88,Normal
Congo,Brazzaville,-4.2592,15.2847,Africa/Brazzaville,1750410000,2025-06-20 10:00,28.4,83.1,Sunny,3.8,6.1,238,WSW,1016.0,30.01,0.0,0.0,56,6,29.8,85.7,10.0,6.0,4.2,4.4,7.1,521.7,74.0,4.255,0.925,34.965,35.89,2,3,06:04 AM,05:57 PM,12:58 AM,01:16 PM,Waning Crescent,37,Normal
Eritrea,Asmara,15.33,38.93,Africa/Asmara,1724587200,2024-08-25 15:00,20.2,68.3,Light rain shower,5.6,9.0,331,NNW,1012.0,29.89,1.34,0.05,65,71,20.2,68.3,10.0,6.0,5.0,9.6,15.4,290.4,50.8,0.3,0.2,9.0,20.2,1,1,06:11 AM,06:41 PM,11:11 PM,11:35 AM,Waning Gibbous,65,Normal
Senegal,Dakar,14.67,-17.44,Africa/Dakar,1723810500,2024-08-16 12:15,32.1,89.8,Partly cloudy,16.1,25.9,130,SE,1011.0,29.85,0.23,0.01,67,75,43.7,110.7,10.0,6.0,6.0,30.1,48.5,195.3,49.4,0.4,0.4,1.6,2.3,1,1,06:56 AM,07:32 PM,04:59 PM,03:21 AM,Waxing Gibbous,82,Normal
Netherlands,Amsterdam,52.374,4.8897,Europe/Amsterdam,1753691400,2025-07-28 10:30,20.1,68.2,Moderate rain,11.9,19.1,300,WNW,1016.0,30.0,0.22,0.01,64,25,20.1,68.2,10.0,6.0,2.3,14.5,23.3,364.45,46.0,50.135,4.625,12.58,19.425,1,2,05:55 AM,09:38 PM,10:12 AM,11:02 PM,Waxing Crescent,11,Normal
Lebanon,Beirut,33.8719,35.5097,Asia/Beirut,1746002700,2025-04-30 11:45,25.0,77.0,Partly Cloudy,16.1,25.9,351,N,1010.0,29.83,0.0,0.0,32,25,26.2,79.2,8.0,4.0,3.8,20.0,32.2,427.35,71.0,27.195,89.91,39.405,64.01,2,4,05:50 AM,07:21 PM,07:30 AM,10:55 PM,Waxing Crescent,7,Normal
Algeria,Algiers,36.7631,3.0506,Africa/Algiers,1750842000,2025-06-25 10:00,29.2,84.6,Sunny,11.4,18.4,281,WNW,1014.0,29.94,0.0,0.0,62,0,32.9,91.2,10.0,6.0,5.7,13.9,22.4,307.1,106.0,16.28,6.66,36.815,51.245,2,4,05:31 AM,08:11 PM,05:00 AM,08:47 PM,New Moon,1,Normal
Thailand,Nan,18.7833,100.7833,Asia/Bangkok,1730020500,2024-10-27 16:15,32.1,89.8,Sunny,4.0,6.5,166,SSE,1004.0,29.65,0.33,0.01,52,0,42.6,108.6,10.0,6.0,1.4,6.0,9.6,560.55,69.0,7.03,4.995,33.855,49.025,2,3,06:15 AM,05:46 PM,01:55 AM,02:49 PM,Waning Crescent,25,Normal
Greece,Athens,37.9795,23.7162,Europe/Athens,1761723900,2025-10-29 09:45,20.1,68.2,Partly cloudy,5.8,9.4,32,NNE,1023.0,30.21,0.0,0.0,56,50,20.1,68.2,10.0,6.0,0.8,6.7,10.8,186.85,39.0,29.95,3.75,9.25,14.15,1,1,06:48 AM,05:30 PM,01:39 PM,11:31 PM,First Quarter,42,Normal
Malaysia,Kuala Lumpur,3.1667,101.7,Asia/Kuala_Lumpur,1761293700,2025-10-24 16:15,30.1,86.2,Patchy rain nearby,6.5,10.4,298,WNW,1008.0,29.77,0.02,0.0,66,25,37.2,98.9,10.0,6.0,2.5,7.7,12.4,1443.85,27.0,35.05,27.25,23.55,23.75,2,2,06:57 AM,06:58 PM,08:48 AM,08:59 PM,Waxing Crescent,4,Normal
Burkina Faso,Ouagadougou,12.37,-1.52,Africa/Ouagadougou,1723724100,2024-08-15 12:15,29.4,84.9,Partly cloudy,12.5,20.2,220,SW,1014.0,29.94,0.01,0.0,70,50,36.2,97.1,10.0,6.0,5.0,21.5,34.6,363.8,26.1,0.8,0.5,1.6,4.1,1,1,05:55 AM,06:26 PM,02:48 PM,01:22 AM,Waxing Gibbous,73,Normal
Luxembourg,Luxembourg,49.6117,6.13,Europe/Luxembourg,1752137100,2025-07-10 10:45,20.0,68.0,Sunny,4.9,7.9,5,N,1023.0,30.21,0.0,0.0,60,0,20.0,68.0,10.0,6.0,3.4,5.7,9.1,284.9,52.0,19.98,3.7,20.72,23.68,2,2,05:40 AM,09:42 PM,10:08 PM,04:28 AM,Full Moon,99,Normal
Lebanon,Beirut,33.8719,35.5097,Asia/Beirut,1743155100,2025-03-28 11:45,25.3,77.5,Mist,2.2,3.6,23,NNE,1009.0,29.8,0.0,0.0,57,0,25.7,78.3,5.0,3.0,5.4,4.2,6.8,444.0,70.0,30.155,82.14,27.195,69.375,2,3,05:31 AM,05:56 PM,04:50 AM,04:55 PM,Waning Crescent,3,Normal
Cape Verde,Praia,14.9315,-23.5125,Atlantic/Cape_Verde,1767856500,2026-01-08 06:15,21.4,70.5,Partly cloudy,17.9,28.8,31,NNE,1017.0,30.03,0.02,0.0,64,50,21.4,70.5,10.0,6.0,0.0,24.7,39.7,125.85,82.0,1.15,1.15,32.25,113.75,2,3,07:02 AM,06:19 PM,11:20 PM,10:57 AM,Waning Gibbous,75,Normal
Iran,Tehran,35.7261,51.3304,Asia/Tehran,1759388400,2025-10-02 10:30,22.0,71.6,Sunny,7.4,11.9,164,SSE,1019.0,30.08,0.0,0.0,31,0,23.9,75.0,7.0,4.0,5.6,8.5,13.7,1677.85,10.0,49.75,21.05,66.75,68.85,4,9,06:00 AM,05:47 PM,03:13 PM,12:21 AM,Waxing Gibbous,68,Normal
Greece,Athens,37.9795,23.7162,Europe/Athens,1762847100,2025-11-11 09:45,20.1,68.2,Sunny,5.6,9.0,294,WNW,1014.0,29.94,0.0,0.0,56,25,20.1,68.2,10.0,6.0,0.6,6.6,10.6,203.85,21.0,44.35,6.75,7.75,14.75,1,1,07:02 AM,05:17 PM,11:15 PM,01:02 PM,Waning Gibbous,64,Normal
Saint Kitts and Nevis,Basseterre,17.3,-62.7167,America/St_Kitts,1739614500,2025-02-15 06:15,25.2,77.4,Partly cloudy,25.9,41.8,76,ENE,1017.0,30.03,0.01,0.0,69,25,26.7,80.0,10.0,6.0,0.0,36.0,58.0,222.0,90.0,0.555,0.555,14.43,22.755,1,2,06:37 AM,06:13 PM,08:53 PM,08:27 AM,Waning Gibbous,94,Normal
Thailand,Nan,18.7833,100.7833,Asia/Bangkok,1767942900,2026-01-09 14:15,25.4,77.7,Sunny,2.2,3.6,198,SSW,1017.0,30.03,0.0,0.0,44,0,25.5,77.9,10.0,6.0,5.7,6.7,10.8,366.85,11.0,20.55,2.85,23.25,23.35,2,2,06:52 AM,05:56 PM,11:36 PM,11:03 AM,Waning Gibbous,69,Normal
Netherlands,Amsterdam,52.37,4.89,Europe/Amsterdam,1721048400,2024-07-15 15:00,23.3,73.9,Partly cloudy,8.1,13.0,180,S,1010.0,29.83,0.0,0.0,50,25,24.9,76.9,10.0,6.0,6.0,12.5,20.2,171.9,117.3,10.5,2.0,5.9,7.0,1,1,05:37 AM,09:55 PM,04:19 PM,12:50 AM,Waxing Gibbous,60,Normal
Hungary,Budapest,47.5,19.08,Europe/Budapest,1724070600,2024-08-19 14:30,30.2,86.4,Sunny,8.1,13.0,350,N,1010.0,29.83,0.0,0.0,55,0,29.0,84.1,10.0,6.0,8.0,12.5,20.2,227.0,82.3,3.3,1.7,3.2,3.6,1,1,05:46 AM,07:48 PM,08:03 PM,04:46 AM,Full Moon,99,Normal
Mauritius,Port Louis,-20.16,57.5,Indian/Mauritius,1726656300,2024-09-18 14:45,25.0,77.0,Partly cloudy,10.1,16.2,101,ESE,1019.0,30.09,0.02,0.0,65,50,26.3,79.3,10.0,6.0,6.0,11.6,18.6,188.7,70.0,1.665,3.145,17.575,32.005,2,2,06:03 AM,06:05 PM,06:32 PM,06:08 AM,Full Moon,100,Normal
Portugal,Lisbon,38.72,-9.13,Europe/Lisbon,1727688600,2024-09-30 10:30,22.0,71.6,Sunny,4.5,7.2,28,NNE,1021.0,30.15,0.0,0.0,65,0,24.6,76.2,10.0,6.0,6.0,5.9,9.5,318.2,49.0,33.485,4.255,16.835,26.085,2,2,07:32 AM,07:20 PM,05:13 AM,06:30 PM,Waning Crescent,7,Normal
Qatar,Doha,25.2867,51.5333,Asia/Qatar,1765696500,2025-12-14 10:15,22.1,71.8,Partly cloudy,14.1,22.7,9,N,1017.0,30.03,0.0,0.0,65,50,24.4,75.8,10.0,6.0,3.4,16.7,26.8,367.85,65.0,22.85,6.95,19.15,41.25,2,2,06:11 AM,04:46 PM,01:11 AM,12:52 PM,Waning Crescent,31,Normal
Uzbekistan,Tashkent,41.3167,69.25,Asia/Tashkent,1745226900,2025-04-21 14:15,22.3,72.1,Sunny,3.8,6.1,249,WSW,1020.0,30.12,0.0,0.0,31,0,22.8,73.1,10.0,6.0,5.2,4.4,7.1,445.85,73.0,17.39,6.845,25.16,30.525,2,3,05:35 AM,07:10 PM,02:10 AM,11:23 AM,Last Quarter,53,Normal
Turkey,Ankara,39.9272,32.8644,Europe/Istanbul,1746867600,2025-05-10 12:00,24.3,75.7,Partly cloudy,15.9,25.6,241,WSW,1015.0,29.97,0.0,0.0,50,75,24.3,75.7,10.0,6.0,6.5,18.3,29.4,225.7,70.0,7.4,7.585,16.465,43.105,2,2,05:39 AM,07:52 PM,05:58 PM,04:14 AM,Waxing Gibbous,93,Normal
Japan,Tokyo,35.6895,139.6917,Asia/Tokyo,1756454400,2025-08-29 17:00,32.2,90.0,Partly cloudy,12.5,20.2,178,S,1013.0,29.91,0.0,0.0,59,25,36.3,97.4,10.0,6.0,0.4,14.8,23.8,523.55,32.0,93.425,59.385,33.855,39.775,2,3,05:11 AM,06:13 PM,10:43 AM,08:57 PM,Waxing Crescent,26,Normal
Mozambique,Maputo,-25.9653,32.5892,Africa/Maputo,1749805200,2025-06-13 11:00,21.3,70.3,Patchy rain nearby,5.4,8.6,163,SSE,1031.0,30.45,0.02,0.0,64,25,21.3,70.3,10.0,6.0,4.2,6.2,9.9,251.6,51.0,7.03,4.44,15.54,17.39,2,2,06:34 AM,05:06 PM,06:57 PM,08:26 AM,Waning Gibbous,97,Normal
Benin,Porto-Novo,6.4833,2.6167,Africa/Porto-Novo,1734000300,2024-12-12 11:45,32.4,90.3,Partly cloudy,5.6,9.0,178,S,1011.0,29.85,0.0,0.0,67,50,36.8,98.3,8.0,4.0,6.1,6.4,10.4,573.5,97.0,2.22,1.85,61.42,135.235,3,8,06:51 AM,06:36 PM,03:56 PM,03:45 AM,Waxing Gibbous,85,Normal
Malaysia,Kuala Lumpur,3.1667,101.7,Asia/Kuala_Lumpur,1748161800,2025-05-25 16:30,33.4,92.1,Partly cloudy,5.1,8.3,247,WSW,1006.0,29.71,1.35,0.05,59,50,42.9,109.3,10.0,6.0,4.5,7.1,11.5,3779.55,42.0,123.395,45.14,94.72,96.2,4,10,07:02 AM,07:19 PM,04:55 AM,05:30 PM,Waning Crescent,9,Normal
Kenya,Nairobi,-1.2833,36.8167,Africa/Nairobi,1742894100,2025-03-25 12:15,23.4,74.1,Partly cloudy,9.6,15.5,77,ENE,1024.0,30.24,0.0,0.0,61,75,24.8,76.7,10.0,6.0,15.6,11.1,17.8,899.1,81.0,6.105,10.545,17.02,17.575,2,2,06:35 AM,06:42 PM,02:53 AM,03:23 PM,Waning Crescent,26,Normal
Malawi,Lilongwe,-13.9833,33.7833,Africa/Blantyre,1728467100,2024-10-09 11:45,26.3,79.3,Partly cloudy,5.1,8.3,61,ENE,1024.0,30.24,0.0,0.0,30,25,25.4,77.8,10.0,6.0,12.8,5.9,9.5,283.05,67.0,0.555,1.11,7.4,11.285,1,1,05:22 AM,05:42 PM,09:56 AM,11:28 PM,Waxing Crescent,32,Normal
Tanzania,Dodoma,-6.1833,35.75,Africa/Dar_es_Salaam,1737196200,2025-01-18 13:30,29.4,84.9,Partly cloudy,3.6,5.8,134,SE,1017.0,30.03,0.0,0.0,48,50,30.3,86.5,10.0,6.0,13.7,4.8,7.7,283.05,65.0,1.665,1.11,17.76,19.24,2,2,06:34 AM,07:00 PM,10:30 PM,10:06 AM,Waning Gibbous,84,Normal
Germany,Berlin,52.52,13.4,Europe/Berlin,1722514500,2024-08-01 14:15,29.5,85.0,Partly Cloudy,2.2,3.6,357,N,1011.0,29.85,0.0,0.0,37,44,29.1,84.3,10.0,6.0,7.0,2.3,3.7,196.9,110.2,2.5,1.9,6.0,8.6,1,1,05:27 AM,08:58 PM,01:18 AM,07:56 PM,Waning Crescent,12,Normal
Tanzania,Dodoma,-6.1833,35.75,Africa/Dar_es_Salaam,1736937000,2025-01-15 13:30,27.2,81.0,Partly cloudy,6.0,9.7,66,ENE,1017.0,30.03,0.0,0.0,51,25,27.1,80.9,10.0,6.0,13.0,7.0,11.2,275.65,71.0,0.74,1.295,13.32,15.54,1,2,06:33 AM,07:00 PM,08:29 PM,07:45 AM,Waning Gibbous,99,Normal
Lebanon,Beirut,33.8719,35.5097,Asia/Beirut,1733481900,2024-12-06 12:45,22.0,71.6,Sunny,3.1,5.0,305,NW,1021.0,30.15,0.0,0.0,50,0,23.8,74.9,8.0,4.0,2.3,4.1,6.6,384.8,66.0,25.16,74.0,40.885,92.87,3,4,06:29 AM,04:29 PM,10:50 AM,09:26 PM,Waxing Crescent,22,Normal
Zambia,Lusaka,-15.4167,28.2833,Africa/Lusaka,1736855100,2025-01-14 13:45,29.3,84.7,Patchy rain nearby,6.7,10.8,357,N,1005.0,29.67,0.02,0.0,43,79,29.5,85.1,10.0,6.0,7.8,8.5,13.7,421.8,67.0,0.74,3.515,18.87,19.24,2,2,05:48 AM,06:44 PM,07:29 PM,06:01 AM,Waning Gibbous,100,Normal
Congo,Brazzaville,-4.26,15.28,Africa/Brazzaville,1725537600,2024-09-05 13:00,26.0,78.8,Partly cloudy,4.3,6.8,190,S,1015.0,29.97,0.0,0.0,65,75,25.8,78.4,7.0,4.0,9.0,8.7,14.0,434.0,71.0,0.8,0.2,16.2,23.5,2,2,05:56 AM,05:59 PM,07:25 AM,07:46 PM,Waxing Crescent,3,Normal
Portugal,Lisbon,38.7167,-9.1333,Europe/Lisbon,1753346700,2025-07-24 09:45,20.1,68.2,Sunny,9.8,15.8,356,N,1013.0,29.91,0.0,0.0,68,25,20.1,68.2,10.0,6.0,1.7,12.9,20.7,277.5,54.0,13.32,2.035,14.43,34.595,1,2,06:31 AM,08:54 PM,05:45 AM,09:09 PM,New Moon,1,Normal
Croatia,Zagreb,45.8,16.0,Europe/Zagreb,1750323600,2025-06-19 11:00,27.3,81.1,Sunny,2.9,4.7,125,SE,1020.0,30.12,0.0,0.0,51,0,26.5,79.7,10.0,6.0,7.1,3.4,5.4,364.45,105.0,6.105,1.11,15.54,18.5,2,2,05:06 AM,08:49 PM,01:03 AM,01:45 PM,Waning Crescent,49,Normal
Congo,Brazzaville,-4.2592,15.2847,Africa/Brazzaville,1758182400,2025-09-18 09:00,29.6,85.2,Sunny,5.4,8.6,246,WSW,1013.0,29.92,0.0,0.0,45,11,30.2,86.4,10.0,6.0,2.8,6.2,9.9,686.35,58.0,5.365,1.11,37.925,39.59,2,4,05:50 AM,05:56 PM,03:17 AM,03:28 PM,Waning Crescent,15,Normal
Benin,Porto-Novo,6.4833,2.6167,Africa/Porto-Novo,1735037100,2024-12-24 11:45,31.3,88.3,Sunny,3.6,5.8,222,SW,1013.0,29.9,0.0,0.0,50,2,33.5,92.4,10.0,6.0,5.3,4.1,6.6,658.6,100.0,4.07,2.405,147.815,316.165,4,10,06:57 AM,06:42 PM,01:33 AM,01:44 PM,Waning Crescent,40,Normal
Montenegro,Podgorica,42.4411,19.2636,Europe/Podgorica,1757492100,2025-09-10 10:15,26.4,79.5,Partly Cloudy,4.9,7.9,177,S,1016.0,30.0,0.0,0.0,51,25,26.5,79.7,10.0,6.0,3.4,5.7,9.1,292.3,71.0,19.055,1.11,15.355,23.125,1,2,06:17 AM,07:01 PM,08:12 PM,09:25 AM,Waning Gibbous,94,Normal
Singapore,Singapore,1.2931,103.8558,Asia/Singapore,1766041200,2025-12-18 15:00,30.4,86.7,Partly cloudy,13.6,22.0,349,N,1009.0,29.8,0.01,0.0,66,75,38.0,100.4,10.0,6.0,6.9,18.0,28.9,315.85,35.0,24.15,7.95,5.15,5.65,1,1,07:00 AM,07:03 PM,05:17 AM,05:36 PM,Waning Crescent,5,Normal
United Kingdom,London,51.52,-0.11,Europe/London,1724415300,2024-08-23 13:15,21.2,70.2,Partly cloudy,16.1,25.9,250,WSW,1005.0,29.68,0.0,0.0,46,25,21.2,70.2,10.0,6.0,6.0,20.6,33.1,217.0,85.1,3.4,2.7,1.6,3.5,1,1,05:59 AM,08:05 PM,09:27 PM,10:57 AM,Waning Gibbous,85,Normal
Mauritania,Nouakchott,18.09,-15.98,Africa/Nouakchott,1722341700,2024-07-30 12:15,27.1,80.8,Sunny,10.5,16.9,277,W,1012.0,29.87,0.0,0.0,65,2,29.0,84.1,10.0,6.0,7.0,12.7,20.4,220.3,52.9,0.3,0.7,9.7,67.7,1,1,06:42 AM,07:39 PM,01:55 AM,03:37 PM,Waning Crescent,30,Normal
Iran,Chi Chi Khvar,36.2625,46.59,Asia/Tehran,1751965200,2025-07-08 12:30,23.3,73.9,Sunny,4.3,6.8,12,NNE,1006.0,29.69,0.0,0.0,34,12,24.1,75.3,10.0,6.0,12.1,6.1,9.8,307.1,96.0,3.145,0.74,24.235,65.305,2,3,05:14 AM,07:44 PM,06:07 PM,02:31 AM,Waxing Gibbous,91,Normal
Russia,Moscow,55.7522,37.6156,Europe/Moscow,1753518600,2025-07-26 11:30,23.2,73.8,Sunny,7.6,12.2,134,SE,1014.0,29.94,0.0,0.0,53,0,24.3,75.7,10.0,6.0,5.6,8.7,14.1,577.2,52.0,37.555,70.855,35.89,45.51,2,3,04:24 AM,08:47 PM,06:00 AM,09:39 PM,Waxing Crescent,1,Normal
Seychelles Islands,Victoria,-4.6167,55.45,Indian/Mahe,1750410000,2025-06-20 13:00,30.2,86.4,Patchy rain nearby,10.7,17.3,171,S,1012.0,29.88,0.02,0.0,70,25,38.5,101.3,10.0,6.0,8.8,14.4,23.1,164.65,38.0,2.22,2.59,10.36,16.28,1,1,06:24 AM,06:15 PM,01:12 AM,01:30 PM,Waning Crescent,38,Normal
Jordan,Amman,31.95,35.9333,Asia/Amman,1759996800,2025-10-09 11:00,24.3,75.7,Mist,15.4,24.8,268,W,1020.0,30.12,0.04,0.0,41,75,25.4,77.6,4.0,2.0,5.4,17.8,28.6,128.85,80.0,7.75,14.15,16.55,39.35,2,2,06:35 AM,06:11 PM,07:36 PM,09:05 AM,Waning Gibbous,96,Normal
Bangladesh,Dhaka,23.7231,90.4086,Asia/Dhaka,1750927500,2025-06-26 14:45,32.6,90.7,Patchy rain nearby,17.4,28.1,154,SSE,1002.0,29.58,0.09,0.0,64,55,39.8,103.6,10.0,6.0,4.9,20.1,32.3,468.05,49.0,22.2,17.205,16.65,17.39,2,2,05:14 AM,06:49 PM,05:43 AM,08:00 PM,Waxing Crescent,0,Normal
Cyprus,Nicosia,35.1667,33.3667,Asia/Nicosia,1760169600,2025-10-11 11:00,24.0,75.2,Sunny,2.2,3.6,10,N,1017.0,30.03,0.0,0.0,57,25,24.7,76.4,10.0,6.0,4.4,6.7,10.8,136.85,72.0,2.45,1.95,4.75,6.45,1,1,06:49 AM,06:16 PM,09:22 PM,11:54 AM,Waning Gibbous,81,Normal
Thailand,Bangkok,13.75,100.52,Asia/Bangkok,1721737800,2024-07-23 19:30,27.9,82.3,Partly Cloudy,12.3,19.8,231,SW,1006.0,29.71,0.0,0.0,68,52,30.5,86.9,10.0,6.0,1.0,18.5,29.7,1401.9,0.0,27.8,20.7,19.9,43.1,2,2,06:00 AM,06:48 PM,08:39 PM,07:38 AM,Waning Gibbous,97,Normal
Trinidad and Tobago,Port Of Spain,10.65,-61.52,America/Port_of_Spain,1717768800,2024-06-07 10:00,30.1,86.2,Patchy rain possible,15.0,24.1,110,ESE,1015.0,29.97,0.0,0.0,66,50,33.1,91.5,7.0,4.0,8.0,15.4,24.7,212.0,34.7,1.2,0.8,1.8,6.1,1,1,05:43 AM,06:27 PM,06:32 AM,07:50 PM,Waxing Crescent,0,Normal
Argentina,Buenos Aires,-34.5875,-58.6725,America/Argentina/Buenos_Aires,1761119100,2025-10-22 04:45,20.1,68.2,Moderate or heavy rain with thunder,9.2,14.8,357,N,1015.0,29.97,0.02,0.0,56,75,20.1,68.2,10.0,6.0,0.0,14.1,22.6,170.85,53.0,5.55,2.95,4.75,4.85,1,1,06:04 AM,07:15 PM,06:18 AM,08:36 PM,Waxing Crescent,0,Normal
Cape Verde,Praia,14.9315,-23.5125,Atlantic/Cape_Verde,1766559600,2025-12-24 06:00,22.3,72.1,Partly cloudy,12.1,19.4,31,NNE,1013.0,29.91,0.0,0.0,69,75,24.7,76.4,10.0,6.0,0.0,15.3,24.7,134.85,74.0,1.35,1.45,20.55,56.25,2,2,06:56 AM,06:11 PM,10:21 AM,10:10 PM,Waxing Crescent,15,Normal
Angola,Luanda,-8.84,13.23,Africa/Luanda,1719665100,2024-06-29 13:45,26.1,79.0,Partly cloudy,6.9,11.2,290,WNW,1011.0,29.85,0.0,0.0,70,75,27.9,82.2,9.0,5.0,8.0,14.5,23.3,1602.2,297.6,11.1,16.2,157.3,234.2,5,10,06:22 AM,05:59 PM,12:10 AM,12:27 PM,Waning Crescent,49,Normal
Botswana,Gaborone,-24.6464,25.9119,Africa/Gaborone,1758268800,2025-09-19 10:00,26.8,80.3,Sunny,12.8,20.5,51,NE,1019.0,30.1,0.0,0.0,33,0,26.2,79.2,10.0,6.0,5.5,14.7,23.6,610.5,75.0,6.66,7.4,28.12,28.305,2,3,06:09 AM,06:11 PM,04:44 AM,04:11 PM,Waning Crescent,9,Normal
Burundi,Bujumbura,-3.3761,29.36,Africa/Bujumbura,1745743500,2025-04-27 10:45,21.0,69.9,Patchy rain nearby,2.2,3.6,66,ENE,1014.0,29.94,0.02,0.0,62,81,21.0,69.9,10.0,6.0,9.0,3.2,5.2,423.65,69.0,3.33,1.665,22.2,23.125,2,2,06:00 AM,06:00 PM,05:23 AM,05:43 PM,New Moon,1,Normal
Vanuatu,Port Vila,-17.7333,168.3167,Pacific/Efate,1766300400,2025-12-21 18:00,30.4,86.7,Partly Cloudy,11.6,18.7,117,ESE,1008.0,29.77,0.0,0.0,70,25,37.8,100.0,10.0,6.0,0.0,15.8,25.4,84.85,23.0,0.95,2.05,5.45,8.35,1,1,05:09 AM,06:20 PM,05:42 AM,07:26 PM,Waxing Crescent,0,Normal
Jamaica,Port Royal,17.93,-76.85,America/Jamaica,1722170700,2024-07-28 07:45,27.3,81.2,Sunny,4.5,7.2,20,NNE,1016.0,30.01,0.0,0.0,70,8,29.7,85.4,10.0,6.0,7.0,6.0,9.6,547.4,3.2,12.5,3.3,9.2,14.4,1,1,05:45 AM,06:43 PM,No moonrise,12:48 PM,Last Quarter,51,Normal
Montenegro,Podgorica,42.4411,19.2636,Europe/Podgorica,1754555400,2025-08-07 10:30,30.0,86.0,Sunny,2.2,3.6,241,WSW,1017.0,30.03,0.0,0.0,33,0,29.3,84.7,10.0,6.0,4.7,6.7,10.8,279.35,74.0,4.81,0.555,10.36,11.1,1,1,05:42 AM,07:55 PM,07:13 PM,03:04 AM,Waxing Gibbous,93,Normal
Mozambique,Maputo,-25.9653,32.5892,Africa/Maputo,1740391200,2025-02-24 12:00,30.1,86.2,Partly cloudy,15.4,24.8,176,S,1011.0,29.85,1.36,0.05,70,50,35.0,94.9,10.0,6.0,9.1,18.9,30.3,197.95,50.0,1.295,1.665,3.885,4.07,1,1,05:41 AM,06:24 PM,01:34 AM,04:01 PM,Waning Crescent,20,Normal
Madagascar,Antananarivo,-18.92,47.52,Indian/Antananarivo,1724932800,2024-08-29 15:00,20.3,68.5,Partly cloudy,13.6,22.0,130,SE,1024.0,30.24,0.0,0.0,53,75,20.3,68.5,10.0,6.0,7.0,18.1,29.2,283.7,63.7,0.7,1.1,2.2,5.4,1,1,06:00 AM,05:42 PM,02:39 AM,01:38 PM,Waning Crescent,24,Normal
Indonesia,Laos,-8.1826,114.3188,Asia/Jakarta,1756714500,2025-09-01 15:15,29.0,84.2,Sunny,4.7,7.6,96,E,1009.0,29.81,0.0,0.0,54,5,30.6,87.0,10.0,6.0,3.2,5.4,8.7,640.1,77.0,8.88,5.365,29.045,35.15,2,3,05:24 AM,05:22 PM,11:35 AM,No moonset,Waxing Gibbous,54,Normal
Madagascar,Antananarivo,-18.9167,47.5167,Indian/Antananarivo,1742723100,2025-03-23 12:45,26.2,79.2,Partly cloudy,6.0,9.7,27,NNE,1018.0,30.06,0.77,0.03,65,75,27.5,81.5,10.0,6.0,13.4,7.0,11.3,449.55,56.0,2.775,1.665,16.835,17.02,2,2,05:55 AM,05:58 PM,No moonrise,01:31 PM,Waning Crescent,46,Normal
France,Paris,48.87,2.33,Europe/Paris,1722861000,2024-08-05 14:30,28.6,83.5,Sunny,4.9,7.9,182,S,1013.0,29.92,0.0,0.0,31,2,27.6,81.7,10.0,6.0,7.0,5.7,9.1,283.7,174.5,5.8,4.6,21.9,27.6,2,2,06:30 AM,09:23 PM,07:11 AM,10:11 PM,Waxing Crescent,0,Normal
Vatican City,Vatican City,41.904,12.453,Europe/Rome,1749373200,2025-06-08 11:00,27.2,81.0,Sunny,10.7,17.3,189,S,1015.0,29.97,0.0,0.0,42,0,27.4,81.3,10.0,6.0,6.5,12.3,19.9,222.0,77.0,6.29,1.295,28.12,88.245,2,3,05:35 AM,08:44 PM,06:24 PM,03:23 AM,Waxing Gibbous,89,Normal
Syria,Damascus,33.5,36.3,Asia/Damascus,1754295300,2025-08-04 11:15,29.2,84.6,Sunny,12.5,20.2,193,SSW,1013.0,29.91,0.0,0.0,40,25,27.1,80.7,10.0,6.0,9.4,14.4,23.2,231.25,65.0,14.8,56.795,21.275,31.82,2,2,05:50 AM,07:32 PM,03:59 PM,12:46 AM,Waxing Gibbous,72,Normal
Brunei Darussalam,Bandar Seri Begawan,4.8833,114.9333,Asia/Brunei,1746953100,2025-05-11 16:45,31.3,88.3,Partly cloudy,3.8,6.1,326,NNW,1006.0,29.71,1.18,0.05,63,75,40.8,105.5,10.0,6.0,1.7,5.8,9.3,699.3,43.0,4.81,4.625,16.28,16.835,2,2,06:07 AM,06:26 PM,05:22 PM,04:48 AM,Waxing Gibbous,96,Normal
Thailand,Nan,18.7833,100.7833,Asia/Bangkok,1734604200,2024-12-19 17:30,26.5,79.8,Sunny,2.2,3.6,117,ESE,1011.0,29.86,0.0,0.0,52,14,27.3,81.1,10.0,6.0,0.2,3.5,5.6,647.5,109.0,3.145,18.685,51.8,51.985,3,6,06:44 AM,05:44 PM,09:37 PM,10:06 AM,Waning Gibbous,87,Normal
Morocco,Rabat,34.03,-6.84,Africa/Casablanca,1727084700,2024-09-23 10:45,24.1,75.4,Partly cloudy,3.4,5.4,344,NNW,1018.0,30.06,0.0,0.0,65,50,25.6,78.1,6.0,3.0,6.0,4.0,6.4,251.6,62.0,8.14,15.725,18.13,30.525,2,2,07:17 AM,07:22 PM,11:08 PM,01:31 PM,Waning Gibbous,69,Normal
Italy,Rome,41.9,12.48,Europe/Rome,1715868000,2024-05-16 16:00,22.0,71.6,Partly cloudy,12.5,20.2,230,SW,1005.0,29.68,0.0,0.0,69,25,24.5,76.0,10.0,6.0,6.0,17.0,27.4,227.0,98.7,2.8,2.6,63.0,78.8,3,8,05:49 AM,08:25 PM,01:28 PM,02:45 AM,Waxing Gibbous,55,Normal
Uganda,Kampala,0.32,32.57,Africa/Kampala,1716302700,2024-05-21 17:45,26.0,78.8,Partly cloudy,13.6,22.0,200,SSW,1016.0,30.0,0.0,0.0,70,25,27.1,80.8,10.0,6.0,7.0,18.1,29.2,280.4,28.3,0.6,0.2,1.5,2.9,1,1,06:42 AM,06:50 PM,05:11 PM,04:48 AM,Waxing Gibbous,93,Normal
Antigua and Barbuda,Saint John's,17.12,-61.85,America/Antigua,1717768800,2024-06-07 10:00,30.1,86.2,Partly cloudy,10.5,16.9,120,ESE,1017.0,30.03,0.05,0.0,70,50,37.3,99.1,10.0,6.0,6.0,22.3,35.8,181.9,26.1,0.5,0.7,1.5,5.8,1,1,05:33 AM,06:40 PM,06:18 AM,08:06 PM,Waxing Crescent,0,Normal
Rwanda,Kigali,-1.9536,30.0606,Africa/Kigali,1753260300,2025-07-23 10:45,24.3,75.7,Partly Cloudy,2.2,3.6,172,S,1023.0,30.21,0.0,0.0,47,25,25.5,78.0,10.0,6.0,6.1,6.7,10.8,862.1,72.0,11.84,3.885,68.45,69.005,4,9,06:06 AM,06:07 PM,04:38 AM,04:59 PM,Waning Crescent,5,Normal
Mauritania,Nouakchott,18.09,-15.98,Africa/Nouakchott,1718287200,2024-06-13 14:00,29.4,85.0,Sunny,15.2,24.5,319,NW,1010.0,29.83,0.0,0.0,45,0,30.0,86.0,10.0,6.0,7.0,31.9,51.4,217.0,85.8,0.6,0.7,33.4,183.7,2,3,06:28 AM,07:41 PM,12:34 PM,12:38 AM,Waxing Crescent,38,Normal
Georgia,Tbilisi,41.73,44.79,Asia/Tbilisi,1718460000,2024-06-15 18:00,30.4,86.7,Sunny,6.5,10.4,160,SSE,1007.0,29.73,0.0,0.0,36,14,30.1,86.2,10.0,6.0,8.0,7.5,12.0,180.2,79.4,1.2,0.4,3.0,5.7,1,1,05:26 AM,08:37 PM,02:04 PM,01:34 AM,Waxing Gibbous,57,Normal
Zambia,Lusaka,-15.4167,28.2833,Africa/Lusaka,1735296300,2024-12-27 12:45,30.5,87.0,Patchy rain nearby,7.8,12.6,54,NE,1011.0,29.86,0.04,0.0,38,76,30.5,87.0,10.0,6.0,13.0,9.0,14.5,299.7,59.0,0.37,1.48,8.88,9.435,1,1,05:37 AM,06:39 PM,02:25 AM,03:42 PM,Waning Crescent,16,Normal
Djibouti,Djibouti,11.6,43.15,Africa/Djibouti,1721048400,2024-07-15 16:00,34.7,94.4,Sunny,9.6,15.5,34,NE,999.0,29.51,0.0,0.0,54,20,41.8,107.3,10.0,6.0,8.0,20.2,32.5,267.0,65.1,0.3,0.2,19.5,71.5,2,2,05:51 AM,06:35 PM,01:14 PM,12:23 AM,Waxing Gibbous,60,Normal
Namibia,Windhoek,-22.5717,17.0822,Africa/Windhoek,1735983900,2025-01-04 11:45,23.4,74.2,Light rain shower,7.2,11.5,66,ENE,1010.0,29.82,0.71,0.03,59,76,25.1,77.2,10.0,6.0,11.0,11.3,18.1,271.95,54.0,0.185,0.185,2.405,2.405,1,1,06:12 AM,07:41 PM,10:28 AM,11:18 PM,Waxing Crescent,18,Normal
Estonia,Tallinn,59.4339,24.7281,Europe/Tallinn,1755159300,2025-08-14 11:15,20.2,68.4,Sunny,4.7,7.6,283,WNW,1025.0,30.27,0.0,0.0,68,25,20.2,68.4,10.0,6.0,3.4,5.7,9.3,305.25,67.0,14.985,0.925,8.695,13.69,1,1,05:36 AM,09:14 PM,09:51 PM,01:06 PM,Waning Gibbous,76,Normal
Guinea-Bissau,Bissau,11.85,-15.5833,Africa/Bissau,1741599900,2025-03-10 09:45,23.2,73.8,Sunny,10.3,16.6,21,NNE,1011.0,29.85,0.0,0.0,61,0,24.1,75.3,8.0,4.0,1.6,13.1,21.1,344.1,54.0,2.22,1.295,56.795,120.99,3,7,07:13 AM,07:13 PM,04:20 PM,04:36 AM,Waxing Gibbous,83,Normal
Chad,N'djamena,12.1131,15.0492,Africa/Ndjamena,1751795100,2025-07-06 10:45,32.1,89.8,Sunny,7.2,11.5,259,W,1013.0,29.91,0.0,0.0,56,25,34.1,93.4,8.0,4.0,4.8,8.2,13.2,462.5,84.0,2.775,0.555,14.985,27.935,1,2,05:41 AM,06:29 PM,02:52 PM,01:45 AM,Waxing Gibbous,78,Normal
Seychelles Islands,Victoria,-4.6167,55.45,Indian/Mahe,1759645800,2025-10-05 10:30,29.3,84.7,Sunny,7.8,12.6,117,ESE,1015.0,29.97,0.0,0.0,70,25,34.2,93.5,10.0,6.0,7.8,10.9,17.6,102.85,40.0,2.05,1.85,7.95,11.45,1,1,06:02 AM,06:11 PM,04:44 PM,04:22 AM,Waxing Gibbous,93,Normal
Thailand,Bangkok,13.75,100.5167,Asia/Bangkok,1734517800,2024-12-18 17:30,30.1,86.2,Partly cloudy,6.3,10.1,29,NNE,1010.0,29.83,0.0,0.0,49,25,29.7,85.5,10.0,6.0,0.4,7.7,12.5,1931.4,93.0,40.885,35.89,46.065,46.435,3,5,06:35 AM,05:54 PM,08:50 PM,09:13 AM,Waning Gibbous,93,Normal
Philippines,Manila,14.6042,120.9822,Asia/Manila,1757319300,2025-09-08 16:15,29.2,84.6,Moderate or heavy rain with thunder,7.2,11.5,116,ESE,1011.0,29.85,0.06,0.0,70,75,33.0,91.4,9.0,5.0,1.5,9.9,15.9,1524.4,45.0,45.695,66.23,43.29,43.475,3,5,05:45 AM,06:03 PM,06:28 PM,05:56 AM,Full Moon,100,Normal
Costa Rica,San Ignacio,9.8,-84.17,America/Costa_Rica,1717336800,2024-06-02 08:00,25.0,77.0,Sunny,6.9,11.2,110,ESE,1017.0,30.04,0.01,0.0,65,0,27.1,80.7,10.0,6.0,5.0,11.4,18.4,600.8,3.1,5.8,4.9,7.9,10.7,1,1,05:15 AM,05:55 PM,01:49 AM,02:25 PM,Waning Crescent,25,Normal
Azerbaijan,Baku,40.4,49.88,Asia/Baku,1720011600,2024-07-03 17:00,31.0,87.8,Partly cloudy,13.6,22.0,40,NE,1004.0,29.65,0.0,0.0,41,25,31.0,87.8,10.0,6.0,7.0,18.1,29.2,163.6,98.7,2.9,0.6,10.6,57.0,1,1,05:15 AM,08:14 PM,02:26 AM,06:15 PM,Waning Crescent,10,Normal
Tajikistan,Dushanbe,38.56,68.77,Asia/Dushanbe,1717510500,2024-06-04 19:15,21.0,69.8,Patchy light rain with thunder,16.1,25.9,100,E,1014.0,29.94,0.71,0.03,53,75,21.0,69.8,10.0,6.0,3.0,29.6,47.6,220.3,70.1,1.4,3.7,5.6,13.8,1,1,05:01 AM,07:46 PM,03:04 AM,05:38 PM,Waning Crescent,8,Normal
Eritrea,Asmara,15.33,38.93,Africa/Asmara,1726056000,2024-09-11 15:00,24.4,75.9,Sunny,10.5,16.9,28,NNE,1011.0,29.85,0.0,0.0,37,6,24.9,76.7,10.0,6.0,6.0,16.8,27.0,288.6,77.0,0.37,1.85,16.65,79.18,2,2,06:12 AM,06:29 PM,12:54 PM,No moonset,First Quarter,47,Normal
Oman,Muscat,23.6133,58.5933,Asia/Muscat,1732006800,2024-11-19 13:00,30.1,86.2,Sunny,8.3,13.3,78,ENE,1016.0,30.0,0.0,0.0,38,0,31.6,89.0,10.0,6.0,5.4,9.5,15.3,303.4,89.0,16.095,17.945,27.01,47.175,2,3,06:23 AM,05:19 PM,08:40 PM,09:59 AM,Waning Gibbous,88,Normal
San Marino,San Marino,43.93,12.45,Europe/Rome,1717856100,2024-06-08 16:15,28.2,82.8,Sunny,6.9,11.2,100,E,1012.0,29.88,0.0,0.0,48,0,29.4,84.8,10.0,6.0,7.0,10.0,16.1,201.9,145.9,0.7,1.4,18.4,20.0,2,2,05:28 AM,08:51 PM,06:39 AM,11:19 PM,Waxing Crescent,3,Normal
Malawi,Lilongwe,-13.9833,33.7833,Africa/Blantyre,1763277300,2025-11-16 09:15,25.1,77.2,Partly cloudy,7.4,11.9,46,NE,1021.0,30.15,0.0,0.0,65,50,25.9,78.6,10.0,6.0,7.4,8.5,13.7,139.85,39.0,4.35,1.45,5.75,5.85,1,1,05:07 AM,05:53 PM,02:23 AM,02:55 PM,Waning Crescent,16,Normal
Egypt,Cairo,30.05,31.25,Africa/Cairo,1744879500,2025-04-17 10:45,24.1,75.4,Sunny,19.2,31.0,46,NE,1017.0,30.03,0.0,0.0,34,0,23.9,75.1,10.0,6.0,7.1,22.1,35.6,397.75,83.0,32.56,46.435,28.12,39.775,2,3,05:26 AM,06:23 PM,10:43 PM,07:48 AM,Waning Gibbous,87,Normal
Bulgaria,Sofia,42.68,23.32,Europe/Sofia,1721909700,2024-07-25 15:15,26.9,80.4,Partly Cloudy,9.6,15.5,304,NW,1008.0,29.76,0.0,0.0,30,46,26.0,78.9,10.0,6.0,7.0,11.1,17.8,210.3,88.7,0.5,0.6,1.2,1.3,1,1,06:12 AM,08:54 PM,11:21 PM,10:48 AM,Waning Gibbous,83,Normal
San Marino,San Marino,43.93,12.45,Europe/Rome,1726916400,2024-09-21 13:00,22.0,71.6,Partly cloudy,7.4,11.9,345,NNW,1021.0,30.15,0.0,0.0,69,25,24.6,76.2,10.0,6.0,6.0,8.6,13.8,308.585,77.0,4.017,1.826,18.26,24.833,2,2,06:57 AM,07:09 PM,08:46 PM,11:11 AM,Waning Gibbous,88,Normal
Spain,Madrid,40.4,-3.68,Europe/Madrid,1725624900,2024-09-06 14:15,24.1,75.4,Partly cloudy,15.0,24.1,240,WSW,1007.0,29.74,0.0,0.0,31,25,23.8,74.8,10.0,6.0,7.0,16.5,26.5,303.4,83.0,8.325,1.48,7.03,11.285,1,1,07:47 AM,08:38 PM,10:54 AM,10:00 PM,Waxing Crescent,7,Normal
Belarus,Minsk,53.9,27.57,Europe/Minsk,1716820200,2024-05-27 17:30,26.0,78.8,Sunny,6.9,11.2,50,NE,1023.0,30.21,0.24,0.01,34,0,27.2,81.0,10.0,6.0,5.0,15.1,24.2,195.3,104.4,3.6,5.5,3.8,4.1,1,1,04:50 AM,09:25 PM,01:10 AM,07:24 AM,Waning Gibbous,87,Normal
Congo,Brazzaville,-4.26,15.28,Africa/Brazzaville,1720962900,2024-07-14 14:15,29.4,84.9,Partly cloudy,6.9,11.2,270,W,1014.0,29.94,0.0,0.0,55,50,28.4,83.2,7.0,4.0,10.0,11.4,18.4,594.1,76.5,1.0,0.4,21.5,30.1,2,2,06:08 AM,06:02 PM,12:07 PM,No moonset,Waxing Gibbous,50,Normal
Macedonia,Skopje,42.0,21.4333,Europe/Skopje,1754814600,2025-08-10 10:30,28.3,82.9,Sunny,5.8,9.4,95,E,1021.0,30.15,0.0,0.0,42,0,26.8,80.3,10.0,6.0,5.7,6.7,10.8,320.05,65.0,22.755,15.17,21.275,25.53,2,2,05:37 AM,07:42 PM,08:29 PM,06:33 AM,Waning Gibbous,100,Normal
Chad,N'djamena,12.1131,15.0492,Africa/Ndjamena,1752569100,2025-07-15 09:45,30.3,86.5,Sunny,8.9,14.4,228,SW,1013.0,29.91,0.0,0.0,66,25,32.8,91.0,8.0,4.0,4.0,10.6,17.0,518.0,67.0,5.365,0.925,27.195,73.075,2,3,05:43 AM,06:29 PM,10:09 PM,09:40 AM,Waning Gibbous,82,Normal
Belgium,'S Gravenjansdijk,51.25,3.63,Europe/Brussels,1724156100,2024-08-20 14:15,23.2,73.8,Overcast,10.5,16.9,210,SSW,1010.0,29.83,1.36,0.05,61,100,25.4,77.7,10.0,6.0,4.0,13.2,21.3,343.8,103.0,5.7,2.0,3.9,4.5,1,1,06:40 AM,08:56 PM,09:32 PM,07:10 AM,Waning Gibbous,100,Normal
Ireland,Dublin,53.33,-6.25,Europe/Dublin,1719236700,2024-06-24 14:45,23.2,73.8,Partly cloudy,6.9,11.2,130,SE,1016.0,30.0,0.02,0.0,65,75,25.1,77.1,10.0,6.0,5.0,11.4,18.4,180.2,95.8,5.9,5.8,6.2,10.6,1,1,04:58 AM,09:57 PM,No moonrise,07:02 AM,Waning Gibbous,95,Normal
Singapore,Singapore,1.29,103.86,Asia/Singapore,1726317000,2024-09-14 20:30,30.1,86.2,Partly cloudy,10.1,16.2,158,SSE,1009.0,29.8,0.0,0.0,55,75,36.1,97.0,10.0,6.0,1.0,14.6,23.5,573.5,75.0,41.81,22.755,25.16,38.11,2,3,06:57 AM,07:04 PM,03:45 PM,03:10 AM,Waxing Gibbous,78,Normal
Sudan,Juba,12.15,24.45,Africa/Khartoum,1726485300,2024-09-16 13:15,31.6,88.8,Sunny,4.7,7.6,184,S,1011.0,29.85,0.0,0.0,45,14,33.1,91.7,10.0,6.0,8.0,5.4,8.7,325.6,73.0,3.145,1.295,24.42,66.6,2,3,06:11 AM,06:22 PM,05:16 PM,04:21 AM,Waxing Gibbous,93,Normal
Oman,Muscat,23.6133,58.5933,Asia/Muscat,1765524600,2025-12-12 11:30,28.3,82.9,Sunny,2.2,3.6,89,E,1016.0,30.0,0.0,0.0,33,25,27.9,82.2,10.0,6.0,5.1,6.7,10.8,183.85,57.0,20.65,19.15,12.45,16.35,1,2,06:38 AM,05:21 PM,No moonrise,12:24 PM,Last Quarter,50,Normal
Guinea,Conakry,9.5092,-13.7122,Africa/Conakry,1734776100,2024-12-21 10:15,24.4,75.9,Sunny,6.7,10.8,101,ESE,1015.0,29.96,0.0,0.0,46,0,25.3,77.5,10.0,6.0,3.1,10.7,17.3,564.25,100.0,4.07,4.625,116.735,234.395,4,10,07:06 AM,06:40 PM,No moonrise,12:02 PM,Waning Gibbous,68,Normal
Malta,Valletta,35.8997,14.5147,Europe/Malta,1756023300,2025-08-24 10:15,27.2,81.0,Sunny,8.1,13.0,320,NW,1016.0,30.0,0.0,0.0,70,25,29.3,84.8,10.0,6.0,3.8,10.0,16.0,284.9,100.0,8.14,1.11,11.655,22.385,1,1,06:27 AM,07:41 PM,07:29 AM,08:21 PM,Waxing Crescent,0,Normal
Zambia,Lusaka,-15.4167,28.2833,Africa/Lusaka,1748336400,2025-05-27 11:00,22.5,72.4,Partly Cloudy,5.8,9.4,85,E,1021.0,30.16,0.0,0.0,36,31,23.9,75.1,10.0,6.0,7.1,6.7,10.8,318.2,55.0,1.11,2.035,6.29,7.585,1,1,06:25 AM,05:43 PM,06:36 AM,06:00 PM,New Moon,0,Normal
Cyprus,Nicosia,35.1667,33.3667,Asia/Famagusta,1728639900,2024-10-11 12:45,29.4,84.9,Partly cloudy,2.2,3.6,35,NE,1012.0,29.88,0.0,0.0,43,50,30.5,86.9,10.0,6.0,5.5,2.3,3.7,223.85,83.0,8.695,2.59,13.875,26.455,1,2,06:49 AM,06:16 PM,02:45 PM,No moonset,Waxing Gibbous,52,Normal
Burundi,Bujumbura,-3.3761,29.36,Africa/Bujumbura,1751795100,2025-07-06 11:45,26.6,79.9,Patchy rain nearby,2.7,4.3,198,SSW,1015.0,29.97,0.06,0.0,57,82,27.7,81.8,10.0,6.0,8.7,3.2,5.1,706.7,83.0,4.81,3.515,75.85,78.81,4,10,06:09 AM,06:05 PM,02:24 PM,02:12 AM,Waxing Gibbous,78,Normal
Vatican City,Vatican City,41.904,12.453,Europe/Vatican,1753346700,2025-07-24 10:45,28.1,82.6,Partly Cloudy,5.8,9.4,160,SSE,1012.0,29.88,0.0,0.0,62,0,27.4,81.3,10.0,6.0,4.2,6.7,10.8,283.05,64.0,23.68,2.405,14.985,32.005,1,2,05:56 AM,08:37 PM,05:02 AM,08:50 PM,New Moon,1,Normal
Congo,Brazzaville,-4.26,15.28,Africa/Brazzaville,1726829100,2024-09-20 11:45,29.4,84.9,Partly cloudy,6.5,10.4,260,W,1014.0,29.94,0.0,0.0,58,75,30.7,87.3,10.0,6.0,8.0,7.5,12.0,493.95,54.0,3.515,0.555,22.755,33.115,2,2,05:49 AM,05:55 PM,08:16 PM,07:39 AM,Waning Gibbous,95,Normal
Bulgaria,Sofia,42.6833,23.3167,Europe/Sofia,1755332100,2025-08-16 11:15,27.2,81.0,Sunny,10.5,16.9,57,ENE,1018.0,30.06,0.0,0.0,34,0,26.1,79.0,10.0,6.0,5.4,12.1,19.5,445.85,55.0,11.1,6.29,14.8,22.015,1,2,06:34 AM,08:27 PM,11:59 PM,03:01 PM,Last Quarter,54,Normal
Maldives,Dhidhdhoo,6.8833,73.1,Indian/Maldives,1759824000,2025-10-07 13:00,28.2,82.8,Sunny,15.7,25.2,338,NNW,1011.0,29.87,0.0,0.0,69,24,31.2,88.1,10.0,6.0,9.9,21.1,33.9,106.7,51.0,1.0,1.2,10.1,27.0,1,1,05:55 AM,05:56 PM,06:07 PM,05:49 AM,Full Moon,100,Normal
Kenya,Nairobi,-1.2833,36.8167,Africa/Nairobi,1741081500,2025-03-04 12:45,25.0,77.0,Partly cloudy,11.4,18.4,82,E,1023.0,30.21,0.0,0.0,39,50,24.5,76.2,10.0,6.0,15.2,13.1,21.1,684.5,88.0,5.55,9.99,27.01,28.86,2,3,06:40 AM,06:48 PM,10:21 AM,10:44 PM,Waxing Crescent,20,Normal
Jordan,Amman,31.95,35.9333,Asia/Amman,1749027600,2025-06-04 12:00,25.2,77.4,Sunny,14.8,23.8,303,WNW,1016.0,30.0,0.0,0.0,32,0,25.1,77.2,6.0,3.0,11.4,17.0,27.3,220.15,101.0,4.255,10.175,20.535,29.23,2,2,05:31 AM,07:39 PM,01:38 PM,01:25 AM,Waxing Gibbous,57,Normal
Guinea-Bissau,Bissau,11.85,-15.5833,Africa/Bissau,1739960100,2025-02-19 10:15,26.0,78.8,Sunny,11.2,18.0,39,NE,1011.0,29.85,0.0,0.0,37,0,24.7,76.5,8.0,4.0,3.7,15.1,24.4,340.4,59.0,1.85,1.48,52.725,171.495,3,6,07:22 AM,07:10 PM,No moonrise,11:40 AM,Waning Gibbous,66,Normal
San Marino,San Marino,43.93,12.45,Europe/Rome,1717252200,2024-06-01 16:30,24.2,75.6,Sunny,2.2,3.6,153,SSE,1012.0,29.89,0.0,0.0,51,0,25.4,77.6,10.0,6.0,6.0,11.9,19.2,185.3,120.2,0.8,1.5,6.1,13.1,1,1,05:31 AM,08:46 PM,02:34 AM,02:55 PM,Waning Crescent,35,Normal
Brunei Darussalam,Bandar Seri Begawan,4.8833,114.9333,Asia/Brunei,1751795100,2025-07-06 17:45,30.1,86.2,Partly cloudy,3.6,5.8,342,NNW,1008.0,29.77,0.0,0.0,70,75,36.2,97.2,10.0,6.0,0.3,5.0,8.0,508.75,47.0,3.33,4.255,20.535,23.495,2,2,06:13 AM,06:37 PM,02:46 PM,02:05 AM,Waxing Gibbous,76,Normal
Azerbaijan,Baku,40.3953,49.8822,Asia/Baku,1748161800,2025-05-25 12:30,24.3,75.7,Sunny,30.9,49.7,347,NNW,1015.0,29.97,0.0,0.0,44,0,25.2,77.4,10.0,6.0,8.6,39.1,62.9,281.2,103.0,4.07,0.555,32.375,129.685,2,3,05:16 AM,07:59 PM,03:36 AM,06:12 PM,Waning Crescent,8,Normal
Chad,N'djamena,12.1131,15.0492,Africa/Ndjamena,1751531400,2025-07-03 09:30,29.4,84.9,Sunny,10.7,17.3,180,S,1013.0,29.91,0.0,0.0,70,0,30.3,86.5,6.0,3.0,3.7,12.3,19.9,521.7,74.0,5.18,0.74,23.865,58.275,2,2,05:40 AM,06:28 PM,12:28 PM,No moonset,Waxing Gibbous,51,Normal
Timor-Leste,Dili,-8.5586,125.5736,Asia/Dili,1758268800,2025-09-19 17:00,27.0,80.6,Sunny,4.3,6.8,49,NE,1011.0,29.85,0.0,0.0,57,5,28.2,82.7,10.0,6.0,1.7,4.9,7.9,220.15,57.0,3.33,0.925,13.135,16.835,1,2,06:29 AM,06:34 PM,04:33 AM,04:36 PM,Waning Crescent,10,Normal
Algeria,Algiers,36.76,3.05,Africa/Algiers,1725797700,2024-09-08 13:15,29.1,84.4,Partly cloudy,5.6,9.0,360,N,1012.0,29.88,0.37,0.01,62,75,32.8,91.0,10.0,6.0,6.0,9.0,14.5,277.5,56.0,22.385,8.88,29.6,41.81,2,3,06:24 AM,07:05 PM,11:21 AM,09:31 PM,Waxing Crescent,20,Normal
Turkmenistan,Ashgabat,37.95,58.3833,Asia/Ashgabat,1728639900,2024-10-11 14:45,25.2,77.4,Sunny,5.8,9.4,345,NNW,1013.0,29.91,0.0,0.0,41,0,25.0,77.0,10.0,6.0,4.5,6.7,10.8,360.75,46.0,25.345,7.4,15.355,42.365,1,2,07:12 AM,06:34 PM,03:12 PM,No moonset,Waxing Gibbous,52,Normal
Hungary,Budapest,47.5,19.0833,Europe/Budapest,1757664900,2025-09-12 10:15,22.2,72.0,Sunny,2.9,4.7,54,NE,1018.0,30.06,0.0,0.0,61,0,24.2,75.6,10.0,6.0,2.7,3.4,5.4,303.4,68.0,16.65,1.48,15.355,21.275,1,2,06:17 AM,07:02 PM,08:56 PM,12:26 PM,Waning Gibbous,78,Normal
India,New Delhi,28.6,77.2,Asia/Kolkata,1757319300,2025-09-08 13:45,33.2,91.8,Mist,7.2,11.5,191,SSW,1007.0,29.74,0.0,0.0,56,50,36.1,97.0,5.0,3.0,9.2,8.2,13.2,1000.85,70.0,44.585,36.26,65.86,66.415,4,9,06:03 AM,06:34 PM,06:59 PM,06:23 AM,Waning Gibbous,100,Normal
Madagascar,Ivory,-24.3667,46.45,Indian/Antananarivo,1755245700,2025-08-15 11:15,25.2,77.4,Patchy rain nearby,3.4,5.4,341,NNW,1017.0,30.04,0.04,0.0,54,81,26.2,79.1,10.0,6.0,6.5,3.9,6.2,197.95,45.0,2.96,0.185,3.33,3.7,1,1,06:21 AM,05:37 PM,11:58 PM,10:09 AM,Waning Gibbous,65,Normal
Georgia,Tbilisi,41.73,44.79,Asia/Tbilisi,1723032000,2024-08-07 16:00,32.8,91.0,Sunny,4.3,6.8,9,N,1005.0,29.68,0.0,0.0,34,16,32.9,91.2,10.0,6.0,8.0,6.0,9.7,191.9,73.7,0.5,0.0,1.9,2.6,1,1,06:01 AM,08:11 PM,08:40 AM,09:42 PM,Waxing Crescent,6,Normal
Vietnam,Ban Lom,21.1333,104.7,Asia/Bangkok,1736156700,2025-01-06 16:45,25.1,77.2,Sunny,2.5,4.0,102,ESE,1013.0,29.91,0.0,0.0,41,7,25.5,77.9,10.0,6.0,0.8,2.8,4.6,1080.4,155.0,8.51,45.325,106.375,107.67,4,10,06:40 AM,05:35 PM,11:13 AM,11:49 PM,Waxing Crescent,36,Normal
Cambodia,Phnom Penh,11.55,104.9167,Asia/Phnom_Penh,1759910400,2025-10-08 15:00,33.3,91.9,Patchy rain nearby,5.1,8.3,18,NNE,1007.0,29.72,0.05,0.0,48,68,36.9,98.4,10.0,6.0,4.0,6.4,10.3,288.85,49.0,5.05,3.65,11.25,11.75,1,1,05:50 AM,05:46 PM,06:39 PM,06:36 AM,Waning Gibbous,99,Normal
Brazil,Bras,-2.08,-58.17,America/Manaus,1722255300,2024-07-29 08:15,28.2,82.7,Sunny,6.3,10.1,92,E,1016.0,29.99,0.0,0.0,50,7,28.9,84.0,10.0,6.0,8.0,8.0,12.8,190.3,22.9,0.2,0.2,4.9,6.0,1,1,05:59 AM,06:00 PM,12:35 AM,12:54 PM,Waning Crescent,40,Normal
Central African Republic,Bangui,4.3667,18.5833,Africa/Bangui,1742635800,2025-03-22 10:30,31.1,88.0,Sunny,6.0,9.7,188,S,1013.0,29.91,0.0,0.0,55,0,31.9,89.4,10.0,6.0,9.1,7.0,11.2,523.55,34.0,0.925,0.185,31.82,34.225,2,3,05:49 AM,05:56 PM,No moonrise,11:42 AM,Last Quarter,55,Normal
Denmark,Copenhagen,55.6667,12.5833,Europe/Copenhagen,1750495500,2025-06-21 10:45,20.2,68.4,Sunny,13.4,21.6,265,W,1021.0,30.15,0.0,0.0,56,0,20.2,68.4,10.0,6.0,3.8,18.7,30.2,340.4,61.0,11.47,0.925,9.25,14.43,1,1,04:25 AM,09:58 PM,01:31 AM,05:18 PM,Waning Crescent,27,Normal
Bolivia,National,-11.18,-67.08,America/La_Paz,1724156100,2024-08-20 08:15,26.5,79.7,Sunny,2.2,3.6,26,NNE,1014.0,29.94,0.0,0.0,51,6,27.2,80.9,10.0,6.0,8.0,3.2,5.1,201.9,5.7,0.1,0.0,15.0,15.1,1,2,06:38 AM,06:25 PM,07:33 PM,07:21 AM,Waning Gibbous,100,Normal
Kiribati,Tarawa,-0.88,169.53,Pacific/Tarawa,1720098000,2024-07-05 01:00,28.2,82.7,Partly Cloudy,3.6,5.8,78,ENE,1008.0,29.75,0.0,0.0,69,46,31.1,88.0,10.0,6.0,1.0,4.8,7.8,191.9,19.9,0.0,0.0,0.6,1.4,1,1,06:44 AM,06:48 PM,04:44 AM,05:09 PM,Waning Crescent,5,Normal
Latvia,Riga,56.95,24.1,Europe/Riga,1719665100,2024-06-29 15:45,24.1,75.4,Partly cloudy,2.2,3.6,309,NW,1016.0,30.0,0.0,0.0,54,50,25.1,77.2,10.0,6.0,6.0,9.5,15.3,173.6,94.4,1.1,0.9,4.8,5.3,1,1,04:33 AM,10:21 PM,01:07 AM,02:27 PM,Waning Crescent,49,Normal
Burundi,Bujumbura,-3.3761,29.36,Africa/Bujumbura,1753863300,2025-07-30 10:15,25.3,77.5,Sunny,4.3,6.8,167,SSE,1021.0,30.15,0.0,0.0,47,0,25.7,78.2,6.0,3.0,7.9,6.6,10.7,715.95,95.0,4.44,2.22,37.74,37.925,2,4,06:10 AM,06:08 PM,10:14 AM,10:38 PM,Waxing Crescent,26,Normal
Italy,Rome,41.9,12.48,Europe/Rome,1724242500,2024-08-21 14:15,34.2,93.6,Partly cloudy,9.4,15.1,330,NNW,1009.0,29.8,0.0,0.0,34,25,36.4,97.5,10.0,6.0,8.0,13.9,22.3,247.0,104.4,1.3,0.2,5.4,5.9,1,1,06:24 AM,08:01 PM,09:07 PM,08:12 AM,Waning Gibbous,98,Normal
Madagascar,Ivory,-24.3667,46.45,Indian/Antananarivo,1743412500,2025-03-31 12:15,31.8,89.2,Sunny,9.2,14.8,45,NE,1015.0,29.97,0.0,0.0,38,9,32.2,89.9,10.0,6.0,10.6,10.6,17.0,136.9,45.0,0.74,0.185,5.365,7.215,1,1,06:02 AM,05:54 PM,07:58 AM,07:16 PM,Waxing Crescent,3,Normal
France,Paris,48.87,2.33,Europe/Paris,1721479500,2024-07-20 14:45,31.1,88.0,Partly cloudy,2.2,3.6,210,SSW,1008.0,29.77,0.0,0.0,41,37,31.1,87.9,10.0,6.0,8.0,9.0,14.5,175.2,91.6,2.1,1.2,5.7,6.8,1,1,06:09 AM,09:44 PM,09:49 PM,04:12 AM,Waxing Gibbous,97,Normal
Singapore,Singapore,1.29,103.86,Asia/Singapore,1727517600,2024-09-28 18:00,28.3,82.9,Partly cloudy,8.7,14.0,137,SE,1008.0,29.77,0.01,0.0,70,50,31.1,88.0,10.0,6.0,6.0,13.2,21.3,519.85,42.0,34.78,16.095,18.5,29.045,2,2,06:52 AM,06:58 PM,03:33 AM,03:59 PM,Waning Crescent,20,Normal
Bahrain,Manama,26.24,50.58,Asia/Bahrain,1723119300,2024-08-08 15:15,34.6,94.3,Sunny,11.4,18.4,15,NNE,997.0,29.45,0.0,0.0,63,8,45.1,113.2,10.0,6.0,8.0,18.9,30.5,347.1,429.2,5.3,66.8,90.6,191.8,4,10,05:07 AM,06:19 PM,08:20 AM,08:39 PM,Waxing Crescent,11,Normal
Sri Lanka,Colombo,6.9319,79.8478,Asia/Colombo,1767770100,2026-01-07 12:45,29.1,84.4,Mist,17.4,28.1,11,NNE,1013.0,29.9,0.0,0.0,62,0,31.3,88.4,4.0,2.0,10.3,22.5,36.2,426.85,83.0,10.95,4.25,33.45,35.15,2,3,06:24 AM,06:09 PM,09:56 PM,09:41 AM,Waning Gibbous,86,Normal
Tanzania,Dodoma,-6.1833,35.75,Africa/Dar_es_Salaam,1732177800,2024-11-21 11:30,26.0,78.8,Partly cloudy,8.3,13.3,94,E,1019.0,30.09,0.0,0.0,58,50,26.1,79.0,10.0,6.0,11.1,9.5,15.3,238.65,46.0,1.665,0.185,3.885,4.07,1,1,06:10 AM,06:35 PM,No moonrise,11:18 AM,Waning Gibbous,71,Normal
Russia,Moscow,55.75,37.62,Europe/Moscow,1717856100,2024-06-08 17:15,22.3,72.1,Sunny,9.4,15.1,290,WNW,1009.0,29.8,0.0,0.0,33,0,23.5,74.3,10.0,6.0,6.0,9.6,15.4,198.6,90.1,12.5,8.8,1.9,2.7,1,1,03:47 AM,09:11 PM,04:27 AM,11:54 PM,Waxing Crescent,3,Normal
Albania,Tirana,41.33,19.82,Europe/Tirane,1719408600,2024-06-26 15:30,31.1,88.0,Partly cloudy,6.9,11.2,350,N,1010.0,29.83,0.0,0.0,49,50,32.5,90.5,10.0,6.0,8.0,9.5,15.3,181.9,86.6,1.2,0.3,7.7,21.7,1,1,05:09 AM,08:18 PM,11:45 PM,09:46 AM,Waning Gibbous,81,Normal
Democratic Republic of Congo,Kinshasa,-4.3,15.3,Africa/Brazzaville,1720098000,2024-07-04 14:00,28.1,82.6,Partly cloudy,4.3,6.8,240,WSW,1013.0,29.91,0.0,0.0,62,75,26.6,79.9,10.0,6.0,10.0,8.7,14.0,393.9,75.1,1.1,0.5,8.0,18.1,1,1,06:07 AM,06:00 PM,04:34 AM,04:43 PM,Waning Crescent,5,Normal
Mongolia,Ulaanbaatar,47.92,106.92,Asia/Ulaanbaatar,1723638600,2024-08-14 20:30,20.0,68.0,Partly cloudy,11.9,19.1,230,SW,1015.0,29.97,0.0,0.0,60,50,20.0,68.0,10.0,6.0,4.0,16.3,26.3,333.8,17.4,28.8,37.2,15.4,17.9,1,2,05:46 AM,08:07 PM,04:14 PM,11:53 PM,Waxing Gibbous,63,Normal
Malawi,Lilongwe,-13.9833,33.7833,Africa/Blantyre,1748941200,2025-06-03 11:00,22.0,71.6,Sunny,5.8,9.4,51,NE,1025.0,30.27,0.0,0.0,53,25,24.0,75.2,10.0,6.0,8.3,6.7,10.8,333.0,58.0,1.48,1.665,13.505,15.355,1,2,06:03 AM,05:24 PM,12:13 PM,No moonset,First Quarter,48,Normal
Israel,Jerusalem,31.78,35.23,Asia/Jerusalem,1760516100,2025-10-15 11:15,25.3,77.5,Sunny,3.1,5.0,353,N,1016.0,30.0,0.0,0.0,51,25,25.6,78.0,10.0,6.0,5.2,4.3,6.9,158.85,65.0,15.95,9.15,6.05,10.45,1,1,06:42 AM,06:07 PM,12:44 AM,03:01 PM,Waning Crescent,38,Normal
Algeria,Algiers,36.7631,3.0506,Africa/Algiers,1746435600,2025-05-05 10:00,21.1,70.0,Sunny,9.6,15.5,278,W,1012.0,29.88,0.0,0.0,46,0,21.1,70.0,10.0,6.0,3.6,12.9,20.7,251.6,79.0,11.84,4.625,8.695,13.135,1,1,05:50 AM,07:40 PM,01:04 PM,02:24 AM,Waxing Gibbous,54,Normal
Timor-Leste,Dili,-8.5586,125.5736,Asia/Dili,1757577600,2025-09-11 17:00,26.7,80.0,Sunny,10.1,16.2,70,ENE,1009.0,29.79,0.0,0.0,70,10,28.7,83.7,10.0,6.0,1.5,11.6,18.6,214.6,42.0,3.7,0.925,14.985,18.315,1,2,06:34 AM,06:35 PM,09:53 PM,09:02 AM,Waning Gibbous,89,Normal
Iran,Tehran,35.7261,51.3304,Asia/Tehran,1728120600,2024-10-05 13:00,22.1,71.8,Partly cloudy,7.4,11.9,198,SSW,1017.0,30.04,0.01,0.0,38,25,24.0,75.2,10.0,6.0,5.0,8.5,13.7,1483.7,61.0,104.525,23.865,29.045,61.79,2,3,06:03 AM,05:43 PM,08:20 AM,06:49 PM,Waxing Crescent,4,Normal
Spain,Madrid,40.4,-3.6833,Europe/Madrid,1754382600,2025-08-05 10:30,28.4,83.1,Sunny,3.8,6.1,91,E,1023.0,30.21,0.0,0.0,35,0,26.8,80.2,10.0,6.0,2.1,4.4,7.1,368.15,33.0,57.165,6.105,22.57,26.085,2,2,07:16 AM,09:25 PM,07:08 PM,02:51 AM,Waxing Gibbous,80,Normal
Congo,Brazzaville,-4.2592,15.2847,Africa/Brazzaville,1733828400,2024-12-10 12:00,31.6,88.8,Moderate rain at times,3.8,6.1,178,S,1008.0,29.78,2.76,0.11,58,73,35.9,96.6,8.0,4.0,11.9,5.0,8.1,651.2,89.0,1.48,1.665,39.96,41.625,2,4,05:41 AM,06:03 PM,01:31 PM,01:03 AM,Waxing Gibbous,65,Normal
Mali,Bamako,12.65,-8.0,Africa/Bamako,1718028900,2024-06-10 14:15,34.1,93.4,Partly cloudy,11.9,19.1,250,WSW,1014.0,29.94,0.0,0.0,41,25,32.9,91.2,10.0,6.0,9.0,16.3,26.3,243.7,27.9,0.1,0.2,18.4,90.2,2,2,06:06 AM,06:57 PM,09:39 AM,10:44 PM,Waxing Crescent,13,Normal
India,New Delhi,28.6,77.2,Asia/Kolkata,1754900100,2025-08-11 13:45,32.1,89.8,Mist,11.0,17.6,293,WNW,1004.0,29.65,0.0,0.0,63,75,32.2,89.9,5.0,3.0,8.9,12.6,20.3,1189.55,77.0,90.28,68.08,172.235,299.885,5,10,05:49 AM,07:04 PM,08:28 PM,07:35 AM,Waning Gibbous,97,Normal
Central African Republic,Bangui,4.3667,18.5833,Africa/Bangui,1747817100,2025-05-21 09:45,30.0,86.0,Light rain,3.4,5.4,194,SSW,1016.0,30.0,2.19,0.09,66,25,42.7,108.9,10.0,6.0,0.5,4.7,7.6,407.0,24.0,0.925,0.0,18.315,20.165,2,2,05:33 AM,05:53 PM,12:28 AM,12:45 PM,Waning Crescent,45,Normal
Hungary,Budapest,47.5,19.0833,Europe/Budapest,1748941200,2025-06-03 11:00,25.1,77.2,Cloudy,11.9,19.1,288,WNW,1016.0,30.0,0.0,0.0,54,0,26.0,78.8,10.0,6.0,6.3,13.6,22.0,244.2,84.0,5.735,0.74,8.51,9.62,1,1,04:49 AM,08:35 PM,12:40 PM,01:25 AM,First Quarter,48,Normal
San Marino,San Marino,43.9333,12.45,Europe/Rome,1749373200,2025-06-08 11:00,28.4,83.1,Sunny,8.5,13.7,212,SSW,1012.0,29.88,0.0,0.0,45,0,29.1,84.4,10.0,6.0,6.6,9.8,15.7,205.35,72.0,1.85,0.74,25.16,71.225,2,3,05:28 AM,08:51 PM,06:31 PM,03:17 AM,Waxing Gibbous,89,Normal
Serbia,Belgrade,44.804,20.4651,Europe/Belgrade,1755333000,2025-08-16 10:30,30.1,86.2,Sunny,2.7,4.3,97,E,1015.0,29.97,0.0,0.0,33,0,27.9,82.2,10.0,6.0,4.7,3.1,5.0,318.2,60.0,9.99,7.03,19.24,26.455,2,2,05:42 AM,07:43 PM,11:02 PM,02:21 PM,Last Quarter,53,Normal
Kenya,Nairobi,-1.2833,36.8167,Africa/Nairobi,1763536500,2025-11-19 10:15,21.1,70.0,Partly cloudy,13.9,22.3,54,NE,1023.0,30.21,0.0,0.0,60,75,21.1,70.0,10.0,6.0,7.7,15.9,25.7,285.85,45.0,8.15,4.05,16.25,16.75,2,2,06:13 AM,06:23 PM,05:19 AM,05:45 PM,Waning Crescent,2,Normal
Tajikistan,Dushanbe,38.56,68.7739,Asia/Dushanbe,1746867600,2025-05-10 14:00,29.1,84.4,Sunny,2.2,3.6,179,S,1016.0,30.0,0.0,0.0,31,25,28.3,83.0,8.0,4.0,8.0,6.7,10.8,394.05,70.0,8.88,5.735,15.54,32.56,2,2,05:18 AM,07:26 PM,05:26 PM,03:51 AM,Waxing Gibbous,93,Normal
Russia,Moscow,55.75,37.62,Europe/Moscow,1719236700,2024-06-24 16:45,21.4,70.5,Sunny,11.9,19.1,10,N,1010.0,29.83,0.02,0.0,49,0,21.4,70.5,10.0,6.0,4.0,16.3,26.3,203.6,53.6,29.8,10.0,0.9,1.8,1,1,03:46 AM,09:19 PM,11:38 PM,05:37 AM,Waning Gibbous,95,Normal
Lebanon,Beirut,33.8719,35.5097,Asia/Beirut,1761552000,2025-10-27 10:00,25.1,77.2,Sunny,5.8,9.4,241,WSW,1018.0,30.06,0.0,0.0,61,25,26.4,79.5,10.0,6.0,3.8,6.7,10.8,307.85,69.0,10.55,25.85,15.45,25.45,1,2,05:53 AM,04:50 PM,11:16 AM,08:49 PM,Waxing Crescent,24,Normal
Vietnam,S. Manian,11.2667,108.2333,Asia/Ho_Chi_Minh,1771310700,2026-02-17 13:45,31.3,88.3,Sunny,23.0,37.1,95,E,1010.0,29.81,0.0,0.0,48,18,33.3,91.9,10.0,6.0,11.6,26.5,42.7,211.85,51.0,5.25,2.35,9.35,11.95,1,1,06:07 AM,05:55 PM,05:51 AM,05:49 PM,New Moon,1,Normal
Kenya,Nairobi,-1.2833,36.8167,Africa/Nairobi,1766646000,2025-12-25 10:00,23.4,74.1,Partly cloudy,10.5,16.9,51,NE,1023.0,30.21,0.0,0.0,57,75,24.9,76.9,10.0,6.0,7.8,12.1,19.5,336.85,51.0,6.75,4.55,17.75,19.15,2,2,06:27 AM,06:39 PM,10:38 AM,11:01 PM,Waxing Crescent,21,Normal
Azerbaijan,Baku,40.3953,49.8822,Asia/Baku,1754986500,2025-08-12 12:15,31.3,88.3,Sunny,4.0,6.5,67,ENE,1012.0,29.88,0.0,0.0,55,25,32.6,90.7,10.0,6.0,8.2,4.7,7.6,364.45,106.0,3.515,0.74,21.46,22.94,2,2,05:49 AM,07:42 PM,09:18 PM,09:01 AM,Waning Gibbous,92,Normal
Romania,Bucharest,44.4333,26.1,Europe/Bucharest,1750581900,2025-06-22 11:45,25.1,77.2,Sunny,5.4,8.6,235,SW,1021.0,30.15,0.0,0.0,39,0,25.3,77.6,10.0,6.0,5.8,6.2,9.9,314.5,59.0,5.735,2.96,8.695,11.1,1,1,05:32 AM,09:04 PM,02:31 AM,06:03 PM,Waning Crescent,17,Normal
Bahrain,Manama,26.2361,50.5831,Asia/Bahrain,1742981400,2025-03-26 12:30,23.1,73.6,Sunny,16.1,25.9,327,NNW,1015.0,29.97,0.0,0.0,47,0,24.9,76.8,10.0,6.0,8.3,24.1,38.8,686.35,101.0,27.38,25.9,97.125,293.78,4,10,05:35 AM,05:52 PM,03:30 AM,02:43 PM,Waning Crescent,17,Normal
Croatia,Zagreb,45.8,16.0,Europe/Zagreb,1723206600,2024-08-09 14:30,32.8,91.0,Sunny,2.7,4.3,217,SW,1016.0,30.0,0.0,0.0,30,15,32.2,89.9,10.0,6.0,8.0,3.1,5.0,220.3,95.8,3.0,0.1,2.7,3.0,1,1,05:49 AM,08:13 PM,10:44 AM,10:10 PM,Waxing Crescent,18,Normal
Slovakia,Bratislava,48.15,17.1167,Europe/Bratislava,1758441600,2025-09-21 10:00,22.1,71.8,Sunny,14.5,23.4,151,SSE,1016.0,30.0,0.0,0.0,61,0,24.4,75.8,10.0,6.0,2.2,16.7,26.9,262.7,60.0,9.435,5.55,14.43,19.055,1,2,06:37 AM,06:51 PM,06:02 AM,06:38 PM,New Moon,1,Normal
Chad,N'djamena,12.11,15.05,Africa/Douala,1720357200,2024-07-07 14:00,33.1,91.6,Partly cloudy,10.5,16.9,250,WSW,1010.0,29.83,0.0,0.0,63,50,34.3,93.8,8.0,4.0,8.0,15.0,24.1,440.6,32.5,0.2,0.2,7.3,21.8,1,1,05:41 AM,06:29 PM,06:53 AM,08:01 PM,Waxing Crescent,1,Normal
Georgia,Tbilisi,41.73,44.79,Asia/Tbilisi,1726484400,2024-09-16 15:00,24.2,75.6,Partly cloudy,12.5,20.2,135,SE,1014.0,29.94,0.0,0.0,34,25,24.0,75.2,10.0,6.0,6.0,14.4,23.2,297.85,63.0,3.33,3.885,67.525,428.46,4,9,06:42 AM,07:08 PM,06:29 PM,04:06 AM,Waxing Gibbous,93,Normal
Egypt,Cairo,30.05,31.25,Africa/Cairo,1725710400,2024-09-07 15:00,34.1,93.4,Sunny,6.9,11.2,260,W,1010.0,29.83,0.0,0.0,32,0,32.6,90.6,10.0,6.0,9.0,11.4,18.4,382.95,116.0,27.38,79.735,53.835,75.295,3,6,06:35 AM,07:10 PM,10:13 AM,09:19 PM,Waxing Crescent,13,Normal
Sudan,Khartoum,15.5881,32.5342,Africa/Khartoum,1762760700,2025-11-10 09:45,30.1,86.1,Sunny,7.6,12.2,28,NNE,1012.0,29.87,0.0,0.0,30,2,29.0,84.1,10.0,6.0,3.7,8.9,14.3,233.85,46.0,3.05,2.45,23.45,47.15,2,2,05:50 AM,05:18 PM,10:20 PM,10:51 AM,Waning Gibbous,74,Normal
Ukraine,Kyiv,50.4333,30.5167,Europe/Kiev,1758440700,2025-09-21 10:45,21.9,71.3,Sunny,9.2,14.8,218,SW,1023.0,30.21,0.0,0.0,55,6,21.9,71.3,10.0,6.0,2.0,10.9,17.6,297.85,38.0,19.61,2.59,14.06,16.835,1,2,06:43 AM,06:58 PM,06:04 AM,06:44 PM,New Moon,1,Normal
Thailand,Bangkok,13.75,100.5167,Asia/Bangkok,1759824000,2025-10-07 15:00,33.1,91.6,Partly cloudy,7.2,11.5,216,SW,1008.0,29.77,0.03,0.0,56,50,38.1,100.6,10.0,6.0,2.9,9.2,14.9,1275.85,45.0,14.15,9.15,10.85,11.35,1,1,06:08 AM,06:03 PM,06:08 PM,05:58 AM,Full Moon,100,Normal
Vanuatu,Port Vila,-17.7333,168.3167,Pacific/Efate,1765178100,2025-12-08 18:15,27.0,80.6,Partly cloudy,9.6,15.5,145,SE,1005.0,29.68,0.02,0.0,70,50,29.3,84.7,10.0,6.0,0.0,13.4,21.5,67.85,58.0,0.95,6.05,6.65,9.95,1,1,05:04 AM,06:13 PM,09:39 PM,08:02 AM,Waning Gibbous,90,Normal
Iraq,Baghdad,33.3386,44.3939,Asia/Baghdad,1762932600,2025-11-12 10:30,20.4,68.7,Mist,2.7,4.3,145,SE,1019.0,30.1,0.0,0.0,37,0,20.4,68.7,5.0,3.0,2.3,3.4,5.5,2892.85,4.0,124.55,91.95,48.15,74.35,3,6,06:31 AM,05:02 PM,No moonrise,01:00 PM,Last Quarter,54,Normal
Slovenia,Ljubljana,46.06,14.51,Europe/Ljubljana,1724761800,2024-08-27 14:30,24.1,75.4,Partly cloudy,2.2,3.6,102,ESE,1020.0,30.12,0.14,0.01,69,75,25.2,77.4,10.0,6.0,6.0,8.0,12.9,240.3,97.3,1.7,1.1,1.3,1.6,1,1,06:17 AM,07:49 PM,11:53 PM,04:03 PM,Waning Crescent,43,Normal
Seychelles Islands,Victoria,-4.62,55.45,Indian/Mahe,1723982400,2024-08-18 16:00,30.1,86.2,Partly cloudy,8.1,13.0,120,ESE,1009.0,29.8,0.0,0.0,66,50,38.3,101.0,10.0,6.0,7.0,14.2,22.9,220.3,48.6,0.4,0.7,3.8,6.3,1,1,06:23 AM,06:21 PM,05:14 PM,05:00 AM,Waxing Gibbous,95,Normal
Gambia,Banjul,13.4531,-16.5775,Africa/Banjul,1741080600,2025-03-04 09:30,20.2,68.4,Sunny,14.1,22.7,6,N,1012.0,29.88,0.0,0.0,68,0,20.2,68.4,10.0,6.0,1.2,20.1,32.3,268.25,73.0,2.035,1.11,8.51,20.535,1,1,07:21 AM,07:16 PM,10:41 AM,11:52 PM,Waxing Crescent,21,Normal
Ethiopia,Addis Ababa,9.0333,38.7,Africa/Addis_Ababa,1747645200,2025-05-19 12:00,21.1,70.0,Partly cloudy,3.4,5.4,181,S,1025.0,30.27,0.0,0.0,53,75,21.1,70.0,10.0,6.0,5.5,3.9,6.2,455.1,97.0,1.85,3.885,43.105,143.005,3,5,06:05 AM,06:38 PM,No moonrise,11:35 AM,Waning Gibbous,67,Normal
China,Beijing,39.9289,116.3883,Asia/Shanghai,1756713600,2025-09-01 16:00,33.4,92.1,Sunny,6.5,10.4,177,S,1006.0,29.71,0.0,0.0,39,0,35.8,96.4,10.0,6.0,1.8,8.0,12.9,3391.05,14.0,152.255,97.865,176.12,187.775,5,10,05:42 AM,06:46 PM,02:36 PM,11:17 PM,Waxing Gibbous,54,Normal
Nigeria,Abuja,9.1758,7.1808,Africa/Lagos,1728467100,2024-10-09 10:45,28.4,83.1,Partly cloudy,3.4,5.4,203,SSW,1017.0,30.03,0.0,0.0,70,25,33.3,91.9,10.0,6.0,3.0,3.9,6.2,1074.85,60.0,12.95,2.405,39.59,65.675,2,4,06:19 AM,06:17 PM,11:41 AM,11:25 PM,Waxing Crescent,32,Normal
Somalia,Mogadishu,2.0667,45.3667,Africa/Mogadishu,1763622900,2025-11-20 10:15,29.1,84.4,Partly cloudy,16.8,27.0,65,ENE,1014.0,29.94,0.0,0.0,70,75,31.5,88.6,10.0,6.0,8.0,19.8,31.8,153.85,82.0,1.25,1.15,15.65,21.95,2,2,05:44 AM,05:45 PM,05:36 AM,05:51 PM,New Moon,0,Normal
Madagascar,Antananarivo,-18.9167,47.5167,Indian/Antananarivo,1733136300,2024-12-02 13:45,22.3,72.1,Light rain shower,6.5,10.4,42,NE,1011.0,29.86,0.48,0.02,65,62,24.7,76.4,10.0,6.0,9.6,8.7,13.9,242.35,58.0,2.22,1.295,7.03,7.215,1,1,05:04 AM,06:15 PM,05:39 AM,07:33 PM,Waxing Crescent,1,Normal
Cameroon,Ngaoundere,7.32,13.58,Africa/Douala,1727776800,2024-10-01 11:00,26.1,79.0,Patchy rain nearby,6.5,10.4,35,NE,1011.0,29.84,0.04,0.0,58,87,27.2,80.9,10.0,6.0,6.0,8.8,14.1,323.75,60.0,0.185,0.37,17.76,52.725,2,2,05:54 AM,05:57 PM,04:51 AM,05:13 PM,Waning Crescent,3,Normal
Kenya,Nairobi,-1.2833,36.8167,Africa/Nairobi,1740909600,2025-03-02 13:00,26.2,79.2,Partly cloudy,13.4,21.6,67,ENE,1023.0,30.21,0.0,0.0,42,50,25.2,77.3,10.0,6.0,15.5,15.4,24.8,703.0,95.0,4.07,8.14,34.965,37.74,2,3,06:41 AM,06:49 PM,08:35 AM,08:58 PM,Waxing Crescent,5,Normal
Vietnam,Hanoi,21.0333,105.85,Asia/Bangkok,1765783800,2025-12-15 14:30,23.0,73.4,Partly Cloudy,6.3,10.1,139,SE,1017.0,30.03,0.0,0.0,50,0,24.8,76.7,10.0,6.0,3.1,7.2,11.7,1655.85,8.0,46.15,46.45,100.05,101.65,4,10,06:25 AM,05:18 PM,02:13 AM,01:47 PM,Waning Crescent,24,Normal
Morocco,Rabat,34.0253,-6.8361,Africa/Casablanca,1732524300,2024-11-25 09:45,20.4,68.7,Sunny,5.4,8.6,152,SSE,1021.0,30.15,0.0,0.0,64,0,20.4,68.7,6.0,3.0,0.1,8.3,13.4,240.5,36.0,14.43,15.17,23.68,43.845,2,2,08:09 AM,06:19 PM,02:47 AM,03:12 PM,Waning Crescent,32,Normal
Saudi Arabia,Riyadh,24.6408,46.7728,Asia/Riyadh,1741686300,2025-03-11 12:45,24.2,75.6,Sunny,8.7,14.0,108,ESE,1019.0,30.09,0.0,0.0,31,0,24.4,75.8,10.0,6.0,8.3,10.0,16.2,436.6,49.0,51.06,122.1,195.175,1984.86,5,10,06:06 AM,06:00 PM,03:36 PM,04:25 AM,Waxing Gibbous,89,Normal
Jordan,Amman,31.95,35.9333,Asia/Amman,1756196100,2025-08-26 11:15,25.4,77.7,Mist,12.8,20.5,261,W,1014.0,29.94,0.0,0.0,54,25,25.4,77.6,5.0,3.0,8.1,14.7,23.6,262.7,93.0,8.51,16.65,18.685,34.225,2,2,06:08 AM,07:08 PM,08:57 AM,08:43 PM,Waxing Crescent,7,Normal
Yemen,Sanaa,15.35,44.21,Asia/Aden,1722341700,2024-07-30 15:15,21.3,70.4,Patchy light drizzle,3.4,5.4,35,NE,1009.0,29.81,0.42,0.02,49,76,21.3,70.4,5.0,3.0,5.0,3.9,6.2,200.3,85.8,2.2,6.7,26.3,105.1,2,3,05:45 AM,06:34 PM,12:52 AM,02:20 PM,Waning Crescent,30,Normal
Cambodia,Phnom Penh,11.55,104.9167,Asia/Phnom_Penh,1736937000,2025-01-15 17:30,31.2,88.2,Partly cloudy,8.9,14.4,329,NNW,1009.0,29.8,0.01,0.0,66,50,35.2,95.4,10.0,6.0,0.0,14.8,23.9,619.75,93.0,3.515,5.55,17.945,18.13,2,2,06:24 AM,05:56 PM,07:17 PM,07:28 AM,Waning Gibbous,99,Normal
Nepal,Kathmandu,27.7167,85.3167,Asia/Kathmandu,1753346700,2025-07-24 14:30,30.4,86.7,Light rain,2.5,4.0,254,WSW,1004.0,29.65,0.98,0.04,62,75,34.6,94.3,8.0,4.0,2.3,4.3,7.0,902.8,153.0,6.105,10.36,45.88,47.545,3,5,05:23 AM,06:58 PM,04:27 AM,06:55 PM,New Moon,2,Normal
Lebanon,Beirut,33.87,35.51,Asia/Beirut,1719236700,2024-06-24 16:45,30.4,86.7,Partly cloudy,9.4,15.1,220,SW,1008.0,29.77,0.0,0.0,66,25,36.5,97.7,7.0,4.0,7.0,10.3,16.6,166.9,101.6,0.4,1.9,14.4,34.2,1,2,05:29 AM,07:53 PM,10:21 PM,07:31 AM,Waning Gibbous,95,Normal
North Korea,Pyongyang,39.02,125.75,Asia/Pyongyang,1727171100,2024-09-24 18:45,21.0,69.9,Sunny,2.5,4.0,181,S,1015.0,29.98,0.0,0.0,65,0,21.0,69.9,10.0,6.0,6.0,4.5,7.2,479.15,60.0,12.58,21.83,14.06,21.83,1,2,06:26 AM,06:31 PM,10:34 PM,01:41 PM,Last Quarter,58,Normal
Botswana,Gaborone,-24.6464,25.9119,Africa/Gaborone,1732697100,2024-11-27 10:45,30.2,86.4,Partly cloudy,17.9,28.8,304,NW,1011.0,29.85,0.0,0.0,43,50,28.6,83.5,10.0,6.0,9.2,20.6,33.1,401.45,77.0,2.59,0.555,14.06,14.06,1,2,05:19 AM,06:49 PM,02:42 AM,03:38 PM,Waning Crescent,17,Normal
Zambia,Lusaka,-15.4167,28.2833,Africa/Lusaka,1746262800,2025-05-03 11:00,25.8,78.5,Patchy rain nearby,8.1,13.0,129,SE,1015.0,29.97,0.04,0.0,50,81,26.5,79.7,10.0,6.0,8.8,9.4,15.0,360.75,59.0,1.295,1.665,12.025,12.765,1,2,06:18 AM,05:50 PM,11:59 AM,11:27 PM,Waxing Crescent,33,Normal
Mauritius,Port Louis,-20.1619,57.4989,Indian/Mauritius,1740045600,2025-02-20 14:00,30.2,86.4,Partly cloudy,7.4,11.9,91,E,1010.0,29.83,0.05,0.0,70,50,34.7,94.4,10.0,6.0,10.1,8.5,13.8,159.1,55.0,2.035,3.145,10.73,15.91,1,1,06:04 AM,06:43 PM,11:28 PM,12:22 PM,Last Quarter,59,Normal
Mali,Bamako,12.65,-8.0,Africa/Bamako,1744879500,2025-04-17 08:45,30.1,86.2,Partly cloudy,5.8,9.4,196,SSW,1014.0,29.94,0.0,0.0,66,25,29.6,85.2,10.0,6.0,1.1,6.7,10.8,514.3,63.0,2.22,0.925,54.945,163.725,3,7,06:18 AM,06:45 PM,10:39 PM,09:15 AM,Waning Gibbous,86,Normal
Guinea,Conakry,9.51,-13.71,Africa/Conakry,1717596900,2024-06-05 14:15,32.0,89.6,Partly cloudy,2.2,3.6,227,SW,1012.0,29.88,0.07,0.0,67,50,42.3,108.1,10.0,6.0,6.0,11.7,18.8,300.4,41.1,0.5,0.4,1.7,7.9,1,1,06:34 AM,07:13 PM,05:23 AM,06:26 PM,Waning Crescent,3,Normal
Georgia,Tbilisi,41.725,44.7908,Asia/Tbilisi,1750754700,2025-06-24 12:45,23.4,74.1,Sunny,20.8,33.5,305,NW,1015.0,29.97,0.0,0.0,41,0,24.0,75.2,10.0,6.0,8.7,23.9,38.5,259.0,70.0,2.96,1.665,4.81,7.585,1,1,05:27 AM,08:39 PM,03:46 AM,08:10 PM,Waning Crescent,4,Normal
United Arab Emirates,Abu Dhabi,24.4667,54.3667,Asia/Dubai,1729502100,2024-10-21 13:15,31.7,89.0,Sunny,10.1,16.2,289,WNW,1009.0,29.81,0.0,0.0,60,4,36.4,97.6,10.0,6.0,7.1,13.6,22.0,444.0,97.0,58.275,24.79,64.195,130.425,3,8,06:23 AM,05:51 PM,09:09 PM,10:35 AM,Waning Gibbous,83,Normal
Sweden,Stockholm,59.3333,18.05,Europe/Stockholm,1757059200,2025-09-05 10:00,22.6,72.7,Partly cloudy,5.8,9.4,188,S,1015.0,29.97,0.0,0.0,62,75,24.8,76.6,10.0,6.0,2.1,6.8,10.9,458.8,26.0,44.4,1.295,19.61,35.89,2,2,05:54 AM,07:38 PM,07:27 PM,01:41 AM,Waxing Gibbous,90,Normal
Malaysia,Kuala Lumpur,3.1667,101.7,Asia/Kuala_Lumpur,1755682200,2025-08-20 17:30,33.1,91.6,Patchy rain nearby,2.2,3.6,218,SW,1007.0,29.74,0.27,0.01,59,25,42.3,108.2,9.0,5.0,2.0,6.7,10.8,2782.4,64.0,82.14,36.63,103.97,104.525,4,10,07:11 AM,07:23 PM,04:19 AM,05:01 PM,Waning Crescent,15,Normal
Mauritania,Nouakchott,18.0864,-15.9753,Africa/Nouakchott,1763968500,2025-11-24 07:15,24.3,75.7,Partly Cloudy,16.3,26.3,40,NE,1017.0,30.02,0.0,0.0,52,49,25.5,77.8,10.0,6.0,0.0,25.7,41.4,136.85,64.0,1.25,1.05,55.95,408.75,3,7,07:15 AM,06:26 PM,10:48 AM,09:57 PM,Waxing Crescent,12,Normal
Georgia,Tbilisi,41.725,44.7908,Asia/Tbilisi,1751619600,2025-07-04 13:00,20.3,68.5,Partly cloudy,3.8,6.1,331,NNW,1015.0,29.97,0.02,0.0,68,50,20.3,68.5,10.0,6.0,8.2,4.4,7.1,251.6,56.0,9.25,2.96,7.03,8.325,1,1,05:32 AM,08:39 PM,02:54 PM,12:52 AM,Waxing Gibbous,60,Normal
India,New Delhi,28.6,77.2,Asia/Kolkata,1741080600,2025-03-04 15:00,26.2,79.2,Mist,14.1,22.7,295,WNW,1013.0,29.91,0.0,0.0,34,25,24.6,76.3,5.0,3.0,2.1,16.2,26.1,856.55,90.0,25.16,31.265,121.545,668.59,4,10,06:43 AM,06:23 PM,09:19 AM,11:20 PM,Waxing Crescent,19,Normal
Albania,Tirana,41.33,19.82,Europe/Tirane,1724070600,2024-08-19 14:30,28.2,82.8,Partly cloudy,5.6,9.0,340,NNW,1008.0,29.77,0.31,0.01,62,75,32.1,89.8,10.0,6.0,5.0,10.1,16.2,227.0,90.1,2.5,1.5,9.6,13.8,1,1,05:54 AM,07:34 PM,07:46 PM,05:02 AM,Full Moon,99,Normal
Cyprus,Nicosia,35.17,33.37,Asia/Famagusta,1726829100,2024-09-20 13:45,30.4,86.7,Partly cloudy,2.7,4.3,28,NNE,1010.0,29.83,0.0,0.0,38,75,30.1,86.3,10.0,6.0,8.0,3.1,5.0,268.25,98.0,2.59,3.7,12.21,20.165,1,2,06:33 AM,06:46 PM,08:09 PM,09:05 AM,Waning Gibbous,95,Normal
Vietnam,Hanoi,21.0333,105.85,Asia/Bangkok,1766128500,2025-12-19 14:15,25.2,77.4,Partly cloudy,5.8,9.4,155,SSE,1013.0,29.91,0.0,0.0,57,75,25.9,78.7,8.0,4.0,3.2,6.7,10.8,2264.85,18.0,60.35,59.55,139.65,139.65,4,10,06:28 AM,05:20 PM,05:45 AM,04:32 PM,Waning Crescent,2,Normal
Antigua and Barbuda,Saint John's,17.1167,-61.85,America/Antigua,1735554600,2024-12-30 06:30,24.2,75.6,Partly cloudy,13.0,20.9,40,NE,1013.0,29.91,0.0,0.0,54,75,25.5,77.9,10.0,6.0,0.0,17.8,28.7,247.824,98.0,0.181,0.362,11.215,18.813,1,1,06:36 AM,05:44 PM,06:23 AM,05:32 PM,New Moon,1,Normal
Philippines,Manila,14.6042,120.9822,Asia/Manila,1740218400,2025-02-22 18:00,30.1,86.2,Partly cloudy,13.4,21.6,75,ENE,1014.0,29.94,0.0,0.0,59,75,34.0,93.2,10.0,6.0,0.0,18.3,29.4,647.5,94.0,6.66,10.545,20.905,27.01,2,2,06:17 AM,06:02 PM,01:10 AM,12:29 PM,Waning Crescent,41,Normal
Austria,Vienna,48.2,16.37,Europe/Vienna,1721737800,2024-07-23 14:30,28.6,83.4,Partly Cloudy,8.1,13.0,312,NW,1016.0,30.01,0.0,0.0,39,50,28.3,83.0,10.0,6.0,7.0,9.3,14.9,185.3,88.0,0.8,0.3,1.5,1.7,1,1,05:19 AM,08:42 PM,10:14 PM,07:25 AM,Waning Gibbous,97,Normal
Cape Verde,Praia,14.9315,-23.5125,Atlantic/Cape_Verde,1735901100,2025-01-03 09:45,24.2,75.6,Partly cloudy,14.5,23.4,46,NE,1015.0,29.97,0.0,0.0,61,25,25.7,78.2,10.0,6.0,1.6,17.1,27.5,270.1,82.0,0.925,1.48,37.0,87.135,2,4,07:01 AM,06:17 PM,10:00 AM,09:54 PM,Waxing Crescent,11,Normal
Serbia,Belgrade,44.804,20.4651,Europe/Belgrade,1750842000,2025-06-25 11:00,32.1,89.8,Sunny,2.2,3.6,20,NNE,1016.0,30.0,0.0,0.0,36,0,31.2,88.2,10.0,6.0,7.6,2.3,3.7,355.2,108.0,11.655,7.955,22.755,30.525,2,2,04:53 AM,08:28 PM,04:11 AM,09:09 PM,New Moon,1,Normal
Belgium,Brussels,50.83,4.33,Europe/Brussels,1726915500,2024-09-21 12:45,21.1,70.0,Sunny,5.4,8.6,124,SE,1019.0,30.09,0.0,0.0,64,0,21.1,70.0,10.0,6.0,6.0,6.2,10.0,405.15,55.0,26.455,2.22,28.12,34.225,2,3,07:28 AM,07:43 PM,08:52 PM,12:10 PM,Waning Gibbous,88,Normal
France,Paris,48.87,2.33,Europe/Paris,1717682400,2024-06-06 16:00,20.0,68.0,Sunny,10.5,16.9,330,NNW,1018.0,30.06,0.01,0.0,46,0,20.0,68.0,10.0,6.0,4.0,15.0,24.1,185.3,104.4,2.5,2.1,3.4,5.4,1,1,05:49 AM,09:51 PM,05:08 AM,10:33 PM,New Moon,0,Normal
Malaysia,Kuala Lumpur,3.1667,101.7,Asia/Kuala_Lumpur,1771828200,2026-02-23 14:30,33.1,91.6,Light rain shower,4.9,7.9,281,WNW,1008.0,29.77,0.84,0.03,49,25,41.8,107.2,10.0,6.0,11.4,7.0,11.3,650.85,9.0,67.65,23.35,47.55,47.85,3,5,07:26 AM,07:28 PM,11:47 AM,No moonset,Waxing Crescent,29,Normal
Jordan,Amman,31.95,35.9333,Asia/Amman,1750064400,2025-06-16 12:00,27.3,81.1,Sunny,11.0,17.6,280,W,1012.0,29.88,0.0,0.0,34,0,25.6,78.0,7.0,4.0,11.6,12.6,20.3,259.0,106.0,5.735,14.245,21.46,34.225,2,2,05:30 AM,07:44 PM,11:44 PM,10:04 AM,Waning Gibbous,80,Normal
Eritrea,Asmara,15.3333,38.9333,Africa/Asmara,1740995100,2025-03-03 12:45,22.2,72.0,Sunny,2.5,4.0,166,SSE,1011.0,29.84,0.0,0.0,37,1,23.9,75.0,10.0,6.0,10.8,3.8,6.2,371.85,88.0,1.11,0.37,11.285,19.055,1,1,06:40 AM,06:32 PM,09:02 AM,10:02 PM,Waxing Crescent,11,Normal
Tanzania,Dodoma,-6.1833,35.75,Africa/Dar_es_Salaam,1734000300,2024-12-12 13:45,28.0,82.4,Partly cloudy,6.3,10.1,92,E,1016.0,30.0,0.0,0.0,45,50,27.9,82.1,10.0,6.0,13.8,7.2,11.6,312.65,66.0,0.555,0.555,12.21,17.205,1,2,06:16 AM,06:45 PM,03:56 PM,03:12 AM,Waxing Gibbous,84,Normal
Yemen,Sanaa,15.35,44.21,Asia/Aden,1721479500,2024-07-20 15:45,24.7,76.4,Patchy rain nearby,5.8,9.4,294,WNW,1008.0,29.77,0.01,0.0,33,53,24.7,76.5,10.0,6.0,5.0,6.7,10.8,171.9,101.6,2.0,4.8,32.4,114.5,2,3,05:42 AM,06:37 PM,06:00 PM,04:19 AM,Waxing Gibbous,97,Normal
Costa Rica,San Ignacio,9.8,-84.1667,America/Costa_Rica,1739614500,2025-02-15 04:15,21.3,70.3,Clear,5.6,9.0,68,ENE,1015.0,29.98,0.0,0.0,64,0,21.3,70.3,10.0,6.0,0.0,11.7,18.9,373.7,78.0,5.365,4.995,6.845,7.955,1,1,05:56 AM,05:46 PM,08:20 PM,07:56 AM,Waning Gibbous,93,Normal
Austria,Vienna,48.2,16.3667,Europe/Vienna,1749199500,2025-06-06 10:45,24.1,75.4,Sunny,3.8,6.1,127,SE,1016.0,30.0,0.0,0.0,54,0,25.2,77.3,10.0,6.0,4.8,4.4,7.1,288.6,72.0,13.32,1.295,10.73,12.765,1,1,04:56 AM,08:51 PM,04:13 PM,02:16 AM,Waxing Gibbous,75,Normal
New Zealand,Wellington,-41.3,174.7833,Pacific/Auckland,1764055800,2025-11-25 20:30,20.0,68.0,Partly Cloudy,8.9,14.4,17,NNE,1014.0,29.94,0.0,0.0,64,0,20.0,68.0,10.0,6.0,0.1,14.7,23.7,81.85,35.0,2.85,1.75,7.05,9.65,1,1,05:45 AM,08:31 PM,09:08 AM,12:10 AM,Waxing Crescent,15,Normal
Israel,Jerusalem,31.78,35.23,Asia/Jerusalem,1760600700,2025-10-16 10:45,25.2,77.4,Sunny,2.2,3.6,9,N,1016.0,30.0,0.0,0.0,51,25,25.9,78.6,10.0,6.0,3.0,2.3,3.6,152.85,57.0,17.25,6.85,8.25,13.25,1,1,06:43 AM,06:06 PM,01:49 AM,03:34 PM,Waning Crescent,28,Normal
Thailand,Nan,18.7833,100.7833,Asia/Bangkok,1730883600,2024-11-06 16:00,27.1,80.8,Partly cloudy,2.2,3.6,209,SSW,1014.0,29.94,0.64,0.03,70,75,31.1,88.0,10.0,6.0,1.5,3.6,5.8,630.85,58.0,4.625,3.515,16.835,24.235,2,2,06:19 AM,05:42 PM,10:26 AM,09:25 PM,Waxing Crescent,18,Normal
Thailand,Bangkok,13.75,100.5167,Asia/Bangkok,1752570000,2025-07-15 16:00,34.0,93.2,Partly cloudy,8.1,13.0,193,SSW,1003.0,29.62,0.0,0.0,56,50,38.3,100.9,10.0,6.0,2.0,9.4,15.2,1418.95,58.0,14.985,9.99,14.615,19.98,1,2,05:58 AM,06:50 PM,10:18 PM,09:45 AM,Waning Gibbous,84,Normal
Tunisia,Tunis,36.8028,10.1797,Africa/Tunis,1758009600,2025-09-16 09:00,28.1,82.6,Sunny,2.2,3.6,43,NE,1020.0,30.12,0.0,0.0,66,25,28.6,83.5,10.0,6.0,2.6,6.7,10.8,440.3,44.0,26.825,30.895,34.225,66.415,2,3,06:02 AM,06:25 PM,12:06 AM,03:38 PM,Waning Crescent,33,Normal
Latvia,Riga,56.95,24.1,Europe/Riga,1724932800,2024-08-29 15:00,25.4,77.7,Sunny,8.1,13.0,150,SSE,1024.0,30.24,0.0,0.0,54,0,25.7,78.3,10.0,6.0,7.0,12.5,20.2,283.7,94.4,4.7,2.2,4.4,5.3,1,1,06:20 AM,08:27 PM,No moonrise,07:37 PM,Waning Crescent,24,Normal
Morocco,Rabat,34.0253,-6.8361,Africa/Casablanca,1745485200,2025-04-24 10:00,22.3,72.1,Mist,6.9,11.2,348,NNW,1014.0,29.94,0.0,0.0,61,0,24.6,76.2,4.0,2.0,2.9,10.8,17.3,301.55,62.0,14.06,19.055,25.345,32.93,2,3,06:45 AM,08:06 PM,04:39 AM,04:28 PM,Waning Crescent,20,Normal
Malawi,Lilongwe,-13.9833,33.7833,Africa/Blantyre,1761723900,2025-10-29 09:45,30.0,86.0,Sunny,12.3,19.8,73,ENE,1021.0,30.15,0.0,0.0,40,25,30.3,86.5,10.0,6.0,6.3,14.2,22.8,145.85,72.0,1.55,1.35,10.25,10.85,1,1,05:11 AM,05:46 PM,11:13 AM,No moonset,First Quarter,42,Normal
Turkey,Ankara,39.9272,32.8644,Europe/Istanbul,1750064400,2025-06-16 12:00,20.1,68.2,Sunny,7.6,12.2,354,N,1016.0,30.0,0.0,0.0,37,0,20.1,68.2,10.0,6.0,8.9,8.7,14.1,286.75,68.0,11.655,6.29,12.95,15.725,1,2,05:20 AM,08:19 PM,No moonrise,10:01 AM,Waning Gibbous,80,Normal
North Korea,Pyongyang,39.0194,125.7547,Asia/Pyongyang,1754727300,2025-08-09 17:15,25.7,78.3,Patchy rain nearby,2.2,3.6,183,S,1003.0,29.62,0.1,0.0,69,55,27.3,81.2,10.0,6.0,1.4,2.3,3.7,588.3,35.0,27.565,8.695,36.445,37.0,2,4,05:45 AM,07:40 PM,07:53 PM,05:09 AM,Full Moon,99,Normal
Bangladesh,Dhaka,23.7231,90.4086,Asia/Dhaka,1750409100,2025-06-20 14:45,31.8,89.3,Light drizzle,13.0,20.9,174,S,1001.0,29.56,0.67,0.03,65,100,38.3,100.9,2.0,1.0,5.6,16.1,25.8,436.6,64.0,22.94,21.46,22.94,23.495,2,2,05:12 AM,06:48 PM,12:34 AM,01:26 PM,Waning Crescent,39,Normal
Oman,Muscat,23.6133,58.5933,Asia/Muscat,1763709300,2025-11-21 11:15,31.2,88.2,Sunny,4.0,6.5,76,ENE,1019.0,30.09,0.0,0.0,31,0,30.9,87.6,10.0,6.0,5.6,4.7,7.6,219.85,71.0,22.65,21.55,22.55,51.85,2,2,06:24 AM,05:19 PM,07:18 AM,05:56 PM,Waxing Crescent,0,Normal
South Africa,Pretoria,-25.7469,28.188,Africa/Johannesburg,1737887400,2025-01-26 12:30,29.1,84.4,Sunny,6.5,10.4,135,SE,1019.0,30.09,0.0,0.0,31,0,27.4,81.4,10.0,6.0,13.9,7.5,12.0,296.0,92.0,17.945,81.585,23.68,24.235,2,2,05:39 AM,07:01 PM,02:12 AM,04:45 PM,Waning Crescent,15,Normal
Maldives,Dhidhdhoo,6.8833,73.1,Indian/Maldives,1740305700,2025-02-23 15:15,27.8,82.0,Partly Cloudy,10.5,16.9,41,NE,1011.0,29.85,0.0,0.0,70,43,30.5,86.9,10.0,6.0,5.2,14.1,22.7,287.331,115.0,0.17,2.89,29.753,41.314,2,3,06:22 AM,06:19 PM,02:06 AM,02:02 PM,Waning Crescent,30,Normal
Swaziland,Mbabane,-26.3167,31.1333,Africa/Mbabane,1738665000,2025-02-04 12:30,28.5,83.3,Patchy rain nearby,4.7,7.6,56,ENE,1014.0,29.95,0.07,0.0,55,72,29.9,85.9,10.0,6.0,13.1,5.4,8.7,218.3,66.0,1.85,2.405,8.695,9.435,1,1,05:33 AM,06:46 PM,11:30 AM,10:43 PM,Waxing Crescent,34,Normal
Afghanistan,Kabul,34.52,69.18,Asia/Kabul,1724156100,2024-08-20 16:45,28.8,83.8,Thundery outbreaks in nearby,14.8,23.8,65,ENE,1002.0,29.58,0.02,0.0,36,81,28.2,82.8,9.0,5.0,6.0,17.0,27.3,680.9,121.6,2.5,0.3,10.6,20.2,1,1,05:18 AM,06:35 PM,07:14 PM,05:36 AM,Waning Gibbous,100,Normal
Timor-Leste,Dili,-8.5586,125.5736,Asia/Dili,1755333000,2025-08-16 17:30,26.9,80.5,Sunny,7.2,11.5,55,NE,1010.0,29.82,0.0,0.0,63,21,28.5,83.3,10.0,6.0,1.1,8.2,13.2,181.3,66.0,2.59,0.925,12.765,15.725,1,2,06:47 AM,06:37 PM,No moonrise,11:58 AM,Last Quarter,57,Normal
Latvia,Riga,56.95,24.1,Europe/Riga,1720529100,2024-07-09 15:45,25.0,77.0,Sunny,6.9,11.2,330,NNW,1023.0,30.21,0.0,0.0,41,0,25.2,77.3,10.0,6.0,6.0,11.4,18.4,161.9,101.6,1.1,0.9,3.1,3.5,1,1,04:44 AM,10:13 PM,08:24 AM,11:59 PM,Waxing Crescent,9,Normal
Thailand,Nan,18.7833,100.7833,Asia/Bangkok,1765610100,2025-12-13 14:15,26.3,79.3,Partly cloudy,2.2,3.6,192,SSW,1014.0,29.94,0.02,0.0,70,75,27.2,80.9,10.0,6.0,5.9,2.3,3.7,299.85,17.0,19.35,1.95,18.15,18.35,2,2,06:40 AM,05:42 PM,12:54 AM,01:04 PM,Waning Crescent,42,Normal
Belgium,Brussels,50.8333,4.3333,Europe/Brussels,1749891600,2025-06-14 11:00,26.3,79.3,Partly Cloudy,10.3,16.6,241,WSW,1016.0,30.0,0.0,0.0,58,0,28.2,82.7,10.0,6.0,4.1,14.1,22.8,345.95,78.0,14.06,1.295,20.905,26.64,2,2,05:29 AM,09:58 PM,12:22 AM,07:53 AM,Waning Gibbous,93,Normal
Bulgaria,Sofia,42.68,23.32,Europe/Sofia,1720443600,2024-07-08 16:00,32.2,90.0,Sunny,8.1,13.0,50,NE,1016.0,30.0,0.0,0.0,30,0,30.5,86.8,10.0,6.0,8.0,9.0,14.5,176.9,103.0,0.5,0.8,6.0,6.5,1,1,05:57 AM,09:07 PM,08:06 AM,11:06 PM,Waxing Crescent,5,Normal
Myanmar,Rangoon,16.7833,96.1667,Asia/Yangon,1768289400,2026-01-13 14:00,31.2,88.2,Partly cloudy,2.5,4.0,152,SSE,1013.0,29.91,0.0,0.0,59,50,31.8,89.2,7.0,4.0,4.4,2.8,4.6,661.85,112.0,9.05,12.85,58.05,58.25,3,7,06:37 AM,05:51 PM,01:52 AM,01:16 PM,Waning Crescent,31,Normal
Thailand,Bangkok,13.75,100.5167,Asia/Bangkok,1770792300,2026-02-11 13:45,34.0,93.2,Sunny,4.5,7.2,81,E,1013.0,29.91,0.0,0.0,34,25,33.5,92.2,10.0,6.0,8.8,5.1,8.3,2251.85,15.0,81.75,26.95,45.25,45.35,3,5,06:43 AM,06:22 PM,01:34 AM,12:58 PM,Waning Crescent,39,Normal
Georgia,Tbilisi,41.73,44.79,Asia/Tbilisi,1716216300,2024-05-20 18:45,21.0,69.8,Partly cloudy,8.1,13.0,180,S,1016.0,30.0,0.0,0.0,46,37,21.0,69.8,10.0,6.0,5.0,11.3,18.2,190.3,80.1,1.3,0.5,1.8,2.2,1,1,05:37 AM,08:19 PM,05:18 PM,03:48 AM,Waxing Gibbous,88,Normal
Indonesia,Jakarta,-6.2146,106.8451,Asia/Jakarta,1743584400,2025-04-02 16:00,30.4,86.7,Partly cloudy,12.3,19.8,296,WNW,1007.0,29.74,0.0,0.0,70,50,32.0,89.7,9.0,5.0,1.5,14.1,22.7,6478.7,25.0,75.48,84.915,103.6,104.525,4,10,05:55 AM,05:57 PM,09:25 AM,09:29 PM,Waxing Crescent,15,Normal
Slovakia,Bratislava,48.15,17.1167,Europe/Bratislava,1755245700,2025-08-15 10:15,28.2,82.8,Sunny,2.5,4.0,92,E,1020.0,30.12,0.0,0.0,45,0,26.4,79.6,10.0,6.0,4.0,2.8,4.6,321.9,66.0,21.645,8.51,19.055,23.31,2,2,05:46 AM,08:05 PM,10:27 PM,01:26 PM,Waning Gibbous,65,Normal
Sri Lanka,Colombo,6.9319,79.8478,Asia/Colombo,1737886500,2025-01-26 15:45,30.4,86.7,Partly cloudy,7.2,11.5,359,N,1006.0,29.71,1.08,0.04,70,50,38.0,100.4,7.0,4.0,2.3,11.2,18.1,1034.15,129.0,22.015,10.915,49.95,54.575,3,6,06:29 AM,06:17 PM,03:26 AM,03:22 PM,Waning Crescent,16,Normal
Montenegro,Podgorica,42.4411,19.2636,Europe/Podgorica,1747127700,2025-05-13 11:15,21.3,70.3,Partly cloudy,3.4,5.4,190,S,1012.0,29.88,0.51,0.02,40,50,21.3,70.3,10.0,6.0,5.7,4.2,6.8,292.3,76.0,4.995,0.925,10.915,11.285,1,1,05:24 AM,07:56 PM,09:12 PM,05:18 AM,Waning Gibbous,100,Normal
Indonesia,Jakarta,-6.2146,106.8451,Asia/Jakarta,1758615300,2025-09-23 15:15,32.4,90.3,Sunny,8.7,14.0,356,N,1007.0,29.74,0.0,0.0,67,25,36.6,97.9,9.0,5.0,4.9,10.0,16.2,8373.1,42.0,202.575,134.125,327.45,327.45,6,10,05:42 AM,05:49 PM,06:26 AM,06:54 PM,Waxing Crescent,1,Normal
Tunisia,Tunis,36.8028,10.1797,Africa/Tunis,1744534800,2025-04-13 10:00,21.0,69.8,Partly cloudy,13.0,20.9,151,SSE,1014.0,29.94,0.0,0.0,69,25,21.0,69.8,10.0,6.0,2.6,16.7,26.9,305.25,70.0,7.955,10.175,34.04,67.895,2,3,05:48 AM,06:52 PM,07:34 PM,05:46 AM,Full Moon,100,Normal
Mali,Bamako,12.65,-8.0,Africa/Bamako,1730710800,2024-11-04 09:00,27.0,80.6,Sunny,4.7,7.6,98,E,1016.0,30.0,0.0,0.0,62,0,26.2,79.2,6.0,3.0,2.2,5.4,8.7,471.75,57.0,1.11,1.11,44.955,85.655,3,5,06:26 AM,06:05 PM,08:51 AM,08:21 PM,Waxing Crescent,6,Normal
Barbados,Bridgetown,13.1,-59.6167,America/Barbados,1754295300,2025-08-04 04:15,28.4,83.1,Partly cloudy,13.9,22.3,75,ENE,1014.0,29.94,0.08,0.0,70,50,33.0,91.4,10.0,6.0,0.0,20.3,32.7,216.474,43.0,1.61,0.895,19.143,59.933,2,2,05:45 AM,06:24 PM,02:41 PM,01:16 AM,Waxing Gibbous,74,Normal
Cyprus,Nicosia,35.1667,33.3667,Asia/Nicosia,1754208900,2025-08-03 11:15,32.2,90.0,Partly cloudy,4.3,6.8,114,ESE,1009.0,29.8,0.0,0.0,49,75,33.3,91.9,10.0,6.0,8.4,4.9,7.9,238.65,91.0,2.035,3.515,23.125,39.22,2,2,05:57 AM,07:48 PM,03:17 PM,12:15 AM,Waxing Gibbous,63,Normal
Niger,Niamey,13.52,2.12,Africa/Niamey,1724500800,2024-08-24 13:00,30.3,86.5,Partly cloudy,13.6,22.0,180,S,1015.0,29.97,0.01,0.0,66,50,33.1,91.5,10.0,6.0,7.0,17.8,28.6,427.3,29.7,0.5,0.5,1.8,2.9,1,1,06:40 AM,07:08 PM,10:57 PM,11:05 AM,Waning Gibbous,76,Normal
Kazakhstan,Astana,51.1811,71.4278,Asia/Almaty,1751099400,2025-06-28 13:30,23.2,73.8,Partly cloudy,8.7,14.0,213,SSW,1003.0,29.62,0.0,0.0,61,37,24.8,76.6,10.0,6.0,5.7,10.2,16.5,416.25,50.0,14.43,24.975,24.605,25.16,2,3,04:01 AM,08:33 PM,06:58 AM,10:49 PM,Waxing Crescent,7,Normal
Eritrea,Asmara,15.33,38.93,Africa/Asmara,1716042600,2024-05-18 17:30,23.2,73.7,Sunny,11.6,18.7,52,NE,1011.0,29.84,0.0,0.0,48,4,24.7,76.5,10.0,6.0,6.0,18.8,30.2,175.2,72.2,0.3,1.1,21.0,82.2,2,2,05:55 AM,06:47 PM,02:41 PM,02:26 AM,Waxing Gibbous,73,Normal
Mozambique,Maputo,-25.9653,32.5892,Africa/Maputo,1749717900,2025-06-12 10:45,22.1,71.8,Partly Cloudy,11.4,18.4,186,S,1029.0,30.39,0.0,0.0,50,25,24.5,76.1,10.0,6.0,3.2,13.1,21.1,212.75,49.0,6.29,7.955,8.51,9.62,1,1,06:33 AM,05:06 PM,05:58 PM,07:35 AM,Waning Gibbous,99,Normal
Madagascar,Antananarivo,-18.9167,47.5167,Indian/Antananarivo,1745226900,2025-04-21 12:15,28.0,82.4,Partly cloudy,4.0,6.5,10,N,1018.0,30.06,0.0,0.0,58,62,28.4,83.2,10.0,6.0,10.7,4.6,7.5,412.55,71.0,2.035,3.515,17.39,17.945,2,2,06:02 AM,05:36 PM,No moonrise,01:00 PM,Last Quarter,52,Normal
Malaysia,Kuala Lumpur,3.17,101.7,Asia/Kuala_Lumpur,1726401600,2024-09-15 20:00,31.1,88.0,Partly cloudy,2.2,3.6,271,W,1007.0,29.74,0.0,0.0,63,25,41.4,106.5,10.0,6.0,1.0,3.9,6.3,939.8,115.0,47.175,49.58,50.505,73.445,3,6,07:05 AM,07:12 PM,04:54 PM,04:14 AM,Waxing Gibbous,86,Normal
Uganda,Kampala,0.3156,32.5656,Africa/Kampala,1732611600,2024-11-26 12:00,26.1,79.0,Partly cloudy,4.5,7.2,21,NNE,1017.0,30.03,0.17,0.01,65,25,27.1,80.8,10.0,6.0,12.1,5.2,8.4,580.9,57.0,5.92,2.035,34.595,34.965,2,3,06:34 AM,06:40 PM,02:51 AM,03:09 PM,Waning Crescent,25,Normal
Mali,Bamako,12.65,-8.0,Africa/Bamako,1718891100,2024-06-20 13:45,34.1,93.4,Sunny,3.8,6.1,340,NNW,1011.0,29.85,0.0,0.0,47,0,34.6,94.3,10.0,6.0,9.0,8.3,13.3,327.1,20.2,0.2,0.1,7.0,34.5,1,1,06:07 AM,07:00 PM,05:48 PM,04:26 AM,Waxing Gibbous,95,Normal
South Africa,Pretoria,-25.7469,28.188,Africa/Johannesburg,1729157400,2024-10-17 11:30,21.0,69.8,Sunny,6.3,10.1,8,N,1023.0,30.21,0.0,0.0,46,0,21.0,69.8,10.0,6.0,10.4,7.2,11.6,334.85,82.0,5.18,15.355,17.205,26.085,2,2,05:31 AM,06:15 PM,06:26 PM,05:15 AM,Full Moon,100,Normal
Congo,Brazzaville,-4.26,15.28,Africa/Brazzaville,1724932800,2024-08-29 13:00,30.3,86.5,Partly cloudy,6.9,11.2,250,WSW,1014.0,29.94,0.0,0.0,52,25,29.8,85.7,8.0,4.0,10.0,11.4,18.4,534.1,63.7,1.5,0.3,6.3,14.6,1,1,05:59 AM,06:00 PM,02:18 AM,02:26 PM,Waning Crescent,24,Normal
Slovenia,Ljubljana,46.0553,14.5144,Europe/Ljubljana,1754987400,2025-08-12 10:30,24.2,75.6,Sunny,4.5,7.2,102,ESE,1022.0,30.18,0.0,0.0,61,0,25.1,77.2,10.0,6.0,4.2,5.1,8.3,301.55,56.0,18.315,1.11,17.575,21.09,2,2,05:58 AM,08:15 PM,09:40 PM,09:30 AM,Waning Gibbous,92,Normal
Vietnam,S. Manian,11.2667,108.2333,Asia/Ho_Chi_Minh,1769238900,2026-01-24 14:15,28.3,82.9,Sunny,12.5,20.2,104,ESE,1013.0,29.91,0.0,0.0,54,17,29.5,85.1,10.0,6.0,6.8,14.4,23.2,434.85,68.0,6.55,2.65,10.45,12.75,1,1,06:11 AM,05:47 PM,09:54 AM,10:27 PM,Waxing Crescent,24,Normal
Madagascar,Antananarivo,-18.9167,47.5167,Indian/Antananarivo,1739097000,2025-02-09 13:30,29.2,84.6,Partly cloudy,2.2,3.6,2,N,1017.0,30.03,0.03,0.0,48,37,30.1,86.3,10.0,6.0,15.0,6.7,10.8,273.8,41.0,0.37,2.22,6.29,6.66,1,1,05:40 AM,06:28 PM,04:18 PM,02:20 AM,Waxing Gibbous,85,Normal
Nigeria,Abuja,9.1758,7.1808,Africa/Lagos,1769842800,2026-01-31 08:00,22.4,72.3,Mist,2.2,3.6,89,E,1014.0,29.94,0.0,0.0,65,0,22.7,72.9,4.0,2.0,0.6,2.3,3.7,647.85,58.0,18.35,4.25,114.25,332.45,4,10,06:53 AM,06:37 PM,05:24 PM,05:29 AM,Waxing Gibbous,95,Normal
Kyrghyzstan,Bishkek,42.8731,74.6003,Asia/Bishkek,1750410000,2025-06-20 15:00,29.0,84.2,Patchy rain nearby,8.3,13.3,309,NW,1009.0,29.79,0.16,0.01,34,85,28.3,83.0,9.0,5.0,3.3,10.6,17.0,270.1,111.0,2.775,9.25,29.785,43.66,2,3,05:23 AM,08:44 PM,01:27 AM,02:52 PM,Waning Crescent,39,Normal
Paraguay,Aurora,-23.4333,-61.3333,America/Asuncion,1755590400,2025-08-19 05:00,29.9,85.7,Clear,12.1,19.4,350,N,999.0,29.49,0.0,0.0,35,16,29.3,84.7,10.0,6.0,0.0,19.8,31.9,308.792,74.0,1.678,0.503,18.46,18.46,2,2,07:28 AM,06:50 PM,04:41 AM,03:20 PM,Waning Crescent,19,Normal
Bolivia,National,-11.18,-67.08,America/La_Paz,1717252200,2024-06-01 10:30,27.5,81.6,Sunny,2.2,3.6,274,W,1017.0,30.04,0.0,0.0,51,0,28.2,82.8,10.0,6.0,8.0,6.7,10.8,143.5,1.9,0.0,0.0,4.5,4.7,1,1,06:41 AM,06:11 PM,01:55 AM,02:15 PM,Waning Crescent,35,Normal
Armenia,Yerevan,40.1811,44.5136,Asia/Yerevan,1758786300,2025-09-25 11:45,20.3,68.5,Sunny,4.0,6.5,222,SW,1016.0,30.0,0.0,0.0,35,0,20.3,68.5,10.0,6.0,4.2,4.6,7.5,246.05,48.0,22.2,1.11,8.695,12.58,1,1,06:52 AM,06:54 PM,10:20 AM,08:14 PM,Waxing Crescent,8,Normal
Mauritania,Nouakchott,18.09,-15.98,Africa/Nouakchott,1717424100,2024-06-03 14:15,25.2,77.3,Sunny,15.4,24.8,299,WNW,1013.0,29.91,0.0,0.0,62,0,26.4,79.6,10.0,6.0,7.0,32.4,52.2,198.6,55.8,0.2,0.4,15.9,81.6,2,2,06:27 AM,07:37 PM,03:45 AM,04:47 PM,Waning Crescent,16,Normal
Armenia,Yerevan,40.1811,44.5136,Asia/Yerevan,1759046400,2025-09-28 12:00,20.3,68.5,Sunny,5.6,9.0,201,SSW,1018.0,30.06,0.0,0.0,40,0,20.3,68.5,10.0,6.0,5.1,6.4,10.4,251.6,45.0,12.025,0.925,11.84,21.09,1,1,06:55 AM,06:49 PM,01:25 PM,10:05 PM,Waxing Crescent,30,Normal
Netherlands,Amsterdam,52.37,4.89,Europe/Amsterdam,1725279300,2024-09-02 14:15,28.3,82.9,Partly cloudy,6.9,11.2,230,SW,1011.0,29.85,0.0,0.0,58,25,29.1,84.4,10.0,6.0,7.0,8.5,13.7,343.8,46.5,50.0,5.8,20.6,24.1,2,2,06:54 AM,08:25 PM,05:50 AM,08:29 PM,New Moon,1,Normal
Cambodia,Phnom Penh,11.55,104.9167,Asia/Phnom_Penh,1737368100,2025-01-20 17:15,30.0,86.0,Partly cloudy,6.5,10.4,356,N,1008.0,29.77,0.0,0.0,40,25,28.8,83.8,10.0,6.0,0.3,9.4,15.2,749.25,107.0,4.255,6.105,29.23,30.155,2,3,06:25 AM,05:58 PM,11:11 PM,10:38 AM,Waning Gibbous,70,Normal
Thailand,Nan,18.7833,100.7833,Asia/Bangkok,1738319400,2025-01-31 17:30,31.0,87.8,Sunny,6.3,10.1,251,WSW,1008.0,29.77,0.0,0.0,36,0,29.4,84.9,10.0,6.0,0.4,7.2,11.6,843.6,123.0,4.81,8.14,36.445,36.63,2,4,06:51 AM,06:10 PM,08:10 AM,08:01 PM,Waxing Crescent,2,Normal
Lebanon,Beirut,33.8719,35.5097,Asia/Beirut,1749199500,2025-06-06 11:45,26.0,78.8,Sunny,3.8,6.1,276,W,1014.0,29.94,0.0,0.0,70,0,26.2,79.1,8.0,4.0,9.0,4.4,7.1,519.85,87.0,28.305,116.55,44.4,56.24,3,5,05:27 AM,07:47 PM,03:31 PM,02:14 AM,Waxing Gibbous,75,Normal
Slovenia,Ljubljana,46.0553,14.5144,Europe/Ljubljana,1747299600,2025-05-15 11:00,21.3,70.3,Partly Cloudy,11.4,18.4,252,WSW,1008.0,29.77,0.0,0.0,49,25,21.3,70.3,10.0,6.0,5.1,13.1,21.1,279.35,83.0,6.105,1.295,19.055,20.35,2,2,05:30 AM,08:28 PM,11:49 PM,06:37 AM,Waning Gibbous,95,Normal
Antigua and Barbuda,Saint John's,17.1167,-61.85,America/Antigua,1734517800,2024-12-18 06:30,26.1,79.0,Partly cloudy,20.6,33.1,73,ENE,1016.0,30.0,0.02,0.0,70,50,28.4,83.2,10.0,6.0,0.0,28.5,45.9,224.308,77.0,0.181,0.543,11.215,18.813,1,1,06:31 AM,05:38 PM,08:59 PM,09:30 AM,Waning Gibbous,90,Normal
Zimbabwe,Harare,-17.8178,31.0447,Africa/Harare,1764141300,2025-11-26 09:15,23.5,74.3,Patchy rain nearby,9.4,15.1,45,NE,1017.0,30.03,0.46,0.02,57,76,25.1,77.2,9.0,5.0,7.3,11.3,18.2,202.85,61.0,2.85,1.25,8.95,9.05,1,1,05:11 AM,06:15 PM,10:05 AM,11:20 PM,Waxing Crescent,27,Normal
Sudan,Khartoum,15.5881,32.5342,Africa/Khartoum,1758268800,2025-09-19 10:00,33.2,91.7,Sunny,8.9,14.4,242,WSW,1009.0,29.81,0.0,0.0,42,19,35.1,95.2,10.0,6.0,6.7,10.3,16.6,475.45,77.0,2.96,2.035,41.07,117.66,3,4,05:39 AM,05:49 PM,03:29 AM,04:23 PM,Waning Crescent,9,Normal
Micronesia,Palikir,6.9167,158.15,Pacific/Pohnpei,1729675800,2024-10-23 20:30,29.4,85.0,Partly Cloudy,12.5,20.2,131,SE,1009.0,29.79,0.0,0.0,70,34,33.7,92.7,10.0,6.0,0.0,17.0,27.3,207.2,23.0,0.0,0.185,18.87,34.78,2,2,06:14 AM,06:09 PM,11:39 PM,11:39 AM,Waning Gibbous,64,Normal
Jordan,Amman,31.95,35.93,Asia/Amman,1726484400,2024-09-16 14:00,26.4,79.5,Overcast,21.9,35.3,280,W,1014.0,29.94,0.0,0.0,54,75,26.1,79.0,5.0,3.0,7.0,25.2,40.6,229.4,91.0,4.81,9.62,13.135,31.82,1,2,06:21 AM,06:40 PM,05:51 PM,04:03 AM,Waxing Gibbous,93,Normal
Philippines,Manila,14.6042,120.9822,Asia/Manila,1763451000,2025-11-18 15:30,32.3,90.1,Partly cloudy,11.6,18.7,66,ENE,1009.0,29.8,0.0,0.0,63,75,37.7,99.9,10.0,6.0,3.3,14.8,23.9,408.85,29.0,15.05,18.05,15.35,16.25,1,2,05:58 AM,05:24 PM,04:07 AM,03:53 PM,Waning Crescent,6,Normal
Dominican Republic,Santo Domingo,18.47,-69.9,America/Santo_Domingo,1718373600,2024-06-14 10:00,29.6,85.3,Sunny,6.3,10.1,64,ENE,1015.0,29.96,0.0,0.0,63,20,32.9,91.1,10.0,6.0,7.0,7.2,11.6,303.8,40.8,3.6,4.8,3.9,11.3,1,1,06:03 AM,07:17 PM,01:04 PM,12:51 AM,First Quarter,48,Normal
Bangladesh,Dhaka,23.7231,90.4086,Asia/Dhaka,1747127700,2025-05-13 15:15,35.0,95.0,Sunny,11.2,18.0,141,SE,1000.0,29.54,0.0,0.0,47,22,40.2,104.4,10.0,6.0,2.7,14.1,22.7,564.25,102.0,17.02,20.535,48.1,55.315,3,6,05:17 AM,06:32 PM,07:18 PM,05:18 AM,Full Moon,100,Normal
Zimbabwe,Harare,-17.8178,31.0447,Africa/Harare,1736937000,2025-01-15 12:30,25.6,78.1,Patchy rain nearby,11.0,17.6,332,NNW,1008.0,29.77,0.94,0.04,60,72,26.8,80.2,9.0,5.0,16.0,14.8,23.9,327.45,74.0,1.295,1.85,17.575,17.76,2,2,05:33 AM,06:37 PM,08:05 PM,06:44 AM,Waning Gibbous,99,Normal
Macedonia,Skopje,42.0,21.43,Europe/Skopje,1726143300,2024-09-12 14:15,29.1,84.4,Sunny,2.2,3.6,96,E,1011.0,29.85,0.0,0.0,35,0,29.4,84.9,10.0,6.0,7.0,7.7,12.4,342.25,95.0,12.21,11.84,18.87,20.905,2,2,06:11 AM,06:48 PM,03:32 PM,11:56 PM,Waxing Gibbous,58,Normal
Guinea-Bissau,Bissau,11.85,-15.5833,Africa/Bissau,1739268900,2025-02-11 10:15,25.1,77.2,Sunny,8.1,13.0,31,NNE,1009.0,29.8,0.0,0.0,39,0,24.7,76.5,6.0,3.0,3.2,10.6,17.0,425.5,48.0,2.405,1.295,87.875,218.3,4,10,07:25 AM,07:08 PM,06:26 PM,06:39 AM,Waxing Gibbous,97,Normal
Zambia,Lusaka,-15.4167,28.2833,Africa/Lusaka,1736937000,2025-01-15 12:30,28.0,82.4,Partly Cloudy,10.1,16.2,311,NW,1008.0,29.76,0.0,0.0,48,44,28.6,83.4,10.0,6.0,14.1,11.6,18.6,564.25,67.0,0.925,1.85,15.355,15.355,1,2,05:48 AM,06:44 PM,08:13 PM,07:00 AM,Waning Gibbous,99,Normal
Singapore,Singapore,1.29,103.86,Asia/Singapore,1723032000,2024-08-07 20:00,28.7,83.6,Partly Cloudy,14.8,23.8,145,SE,1009.0,29.8,0.0,0.0,70,51,32.1,89.8,10.0,6.0,1.0,20.9,33.7,1495.4,0.0,47.3,45.8,15.4,20.5,1,2,07:05 AM,07:15 PM,09:04 AM,09:24 PM,Waxing Crescent,6,Normal
Mozambique,Maputo,-25.9653,32.5892,Africa/Maputo,1735553700,2024-12-30 12:15,31.3,88.3,Partly cloudy,9.4,15.1,91,E,1013.0,29.91,0.0,0.0,66,50,35.2,95.4,10.0,6.0,13.2,10.8,17.4,197.95,61.0,0.37,0.925,12.395,14.8,1,2,05:00 AM,06:44 PM,04:07 AM,06:41 PM,New Moon,1,Normal
Tanzania,Dodoma,-6.1833,35.75,Africa/Dar_es_Salaam,1750064400,2025-06-16 12:00,23.3,73.9,Partly cloudy,7.8,12.6,113,ESE,1025.0,30.27,0.0,0.0,57,50,24.6,76.2,10.0,6.0,10.2,9.0,14.5,190.55,58.0,1.48,0.74,7.955,9.065,1,1,06:45 AM,06:31 PM,11:06 PM,10:54 AM,Waning Gibbous,80,Normal
Bulgaria,Sofia,42.68,23.32,Europe/Sofia,1717251300,2024-06-01 17:15,29.0,84.2,Partly cloudy,11.9,19.1,220,SW,1016.0,30.0,0.05,0.0,35,50,30.1,86.1,10.0,6.0,6.0,16.3,26.3,175.2,81.5,0.6,1.3,3.5,3.9,1,1,05:51 AM,08:58 PM,02:50 AM,03:09 PM,Waning Crescent,35,Normal
Malawi,Lilongwe,-13.9833,33.7833,Africa/Blantyre,1753517700,2025-07-26 10:15,21.1,70.0,Sunny,5.8,9.4,87,E,1026.0,30.3,0.0,0.0,53,25,21.1,70.0,10.0,6.0,6.5,6.7,10.8,442.15,56.0,2.405,1.665,20.165,21.645,2,2,06:08 AM,05:35 PM,07:25 AM,07:15 PM,Waxing Crescent,2,Normal
Sri Lanka,Colombo,6.9319,79.8478,Asia/Colombo,1731229200,2024-11-10 14:30,29.9,85.8,Sunny,16.3,26.3,330,NNW,1007.0,29.74,0.0,0.0,65,7,33.8,92.9,10.0,6.0,6.0,20.8,33.5,1652.05,100.0,24.235,10.175,27.935,42.55,2,3,06:00 AM,05:50 PM,01:19 PM,12:37 AM,Waxing Gibbous,58,Normal
Thailand,Bangkok,13.75,100.52,Asia/Bangkok,1723119300,2024-08-08 19:15,31.1,88.0,Partly Cloudy,9.4,15.1,169,S,1006.0,29.71,0.0,0.0,61,35,35.6,96.0,10.0,6.0,1.0,12.8,20.6,1081.5,16.3,45.2,23.4,21.7,48.4,2,2,06:04 AM,06:43 PM,08:56 AM,09:16 PM,Waxing Crescent,11,Normal
El Salvador,San Salvador,13.7086,-89.2031,America/El_Salvador,1762847100,2025-11-11 01:45,27.1,80.8,Mist,4.0,6.5,341,NNW,1012.0,29.89,0.0,0.0,66,0,32.7,90.9,10.0,6.0,0.0,7.4,12.0,185.85,55.0,4.85,2.35,3.85,3.95,1,1,05:55 AM,05:27 PM,11:48 PM,12:00 PM,Last Quarter,60,Normal
Mauritania,Nouakchott,18.0864,-15.9753,Africa/Nouakchott,1730625300,2024-11-03 09:15,24.6,76.2,Sunny,15.0,24.1,357,N,1014.0,29.93,0.0,0.0,60,0,25.9,78.5,10.0,6.0,1.1,21.1,33.9,266.4,47.0,1.48,1.48,57.35,217.005,3,7,07:04 AM,06:30 PM,08:41 AM,07:52 PM,Waxing Crescent,2,Normal
Vietnam,Ban Lom,21.1333,104.7,Asia/Bangkok,1754295300,2025-08-04 15:15,33.2,91.8,Patchy rain nearby,5.4,8.6,270,W,1001.0,29.54,0.01,0.0,64,75,41.4,106.6,10.0,6.0,4.7,6.2,9.9,284.9,50.0,2.775,3.515,20.72,34.225,2,2,05:36 AM,06:38 PM,02:38 PM,12:38 AM,Waxing Gibbous,70,Normal
San Marino,San Marino,43.93,12.45,Europe/Rome,1723293000,2024-08-10 14:30,30.9,87.6,Sunny,9.4,15.1,64,ENE,1018.0,30.07,0.0,0.0,47,4,32.4,90.4,10.0,6.0,8.0,10.8,17.4,230.3,153.1,0.7,2.0,12.4,12.9,1,2,06:09 AM,08:21 PM,12:01 PM,10:44 PM,Waxing Crescent,26,Normal
Montenegro,Podgorica,42.4411,19.2636,Europe/Podgorica,1750842000,2025-06-25 11:00,32.4,90.3,Sunny,4.7,7.6,190,S,1015.0,29.97,0.0,0.0,36,0,33.9,93.0,10.0,6.0,8.3,5.4,8.7,345.95,99.0,8.14,1.48,20.905,25.345,2,2,05:07 AM,08:24 PM,04:28 AM,09:03 PM,New Moon,1,Normal
Guinea,Conakry,9.51,-13.71,Africa/Conakry,1716042600,2024-05-18 14:30,32.0,89.6,Partly cloudy,9.4,15.1,280,W,1011.0,29.85,0.0,0.0,67,25,43.1,109.6,10.0,6.0,7.0,15.3,24.6,547.4,73.7,1.3,1.5,12.9,36.3,1,2,06:34 AM,07:09 PM,03:19 PM,03:00 AM,Waxing Gibbous,73,Normal
Saint Kitts and Nevis,Basseterre,17.3,-62.72,America/St_Kitts,1717424100,2024-06-03 10:15,32.0,89.6,Partly cloudy,9.4,15.1,110,ESE,1015.0,29.97,0.19,0.01,67,75,44.2,111.6,10.0,6.0,6.0,26.8,43.2,250.3,28.3,0.8,0.3,1.2,3.0,1,1,05:36 AM,06:42 PM,02:58 AM,04:01 PM,Waning Crescent,16,Normal
Costa Rica,San Jose,9.9333,-84.0833,America/Costa_Rica,1767856500,2026-01-08 01:15,21.2,70.2,Mist,5.1,8.3,71,ENE,1016.0,30.0,0.0,0.0,69,0,21.2,70.2,10.0,6.0,0.0,10.8,17.4,214.85,37.0,9.95,3.65,8.25,8.45,1,1,05:56 AM,05:31 PM,10:29 PM,10:05 AM,Waning Gibbous,73,Normal
Somalia,Mogadishu,2.07,45.37,Africa/Mogadishu,1725192000,2024-09-01 15:00,29.2,84.6,Partly cloudy,19.2,31.0,210,SSW,1013.0,29.91,0.0,0.0,70,75,33.1,91.7,10.0,6.0,7.0,23.2,37.3,210.3,60.8,0.0,0.1,1.1,4.9,1,1,05:54 AM,06:03 PM,04:35 AM,05:02 PM,Waning Crescent,4,Normal
Denmark,Copenhagen,55.67,12.58,Europe/Copenhagen,1723119300,2024-08-08 14:15,21.4,70.5,Partly Cloudy,9.2,14.8,273,W,1013.0,29.9,0.0,0.0,57,54,21.4,70.5,10.0,6.0,6.0,11.9,19.1,195.3,88.0,1.5,0.5,1.2,2.6,1,1,05:29 AM,09:00 PM,09:54 AM,10:06 PM,Waxing Crescent,11,Normal
Kuwait,Kuwait City,29.3667,47.96,Asia/Kuwait,1736418600,2025-01-09 13:30,20.2,68.4,Sunny,13.0,20.9,307,NW,1017.0,30.04,0.0,0.0,44,0,20.2,68.4,10.0,6.0,3.2,18.0,29.0,432.9,40.0,42.55,40.885,121.915,544.455,4,10,06:44 AM,05:07 PM,12:50 PM,02:03 AM,Waxing Gibbous,71,Normal
El Salvador,San Salvador,13.7086,-89.2031,America/El_Salvador,1762932600,2025-11-12 01:30,24.2,75.6,Clear,6.3,10.1,348,NNW,1013.0,29.91,0.0,0.0,61,0,26.3,79.3,10.0,6.0,0.0,10.9,17.5,212.85,64.0,4.05,2.25,5.05,5.25,1,1,05:55 AM,05:27 PM,No moonrise,12:42 PM,Waning Crescent,50,Normal
Kenya,Nairobi,-1.2833,36.8167,Africa/Nairobi,1762932600,2025-11-12 10:30,21.1,70.0,Patchy rain nearby,10.3,16.6,65,ENE,1016.0,30.01,0.01,0.0,58,87,21.1,70.1,10.0,6.0,7.6,11.8,19.0,250.85,39.0,8.65,4.55,14.35,15.55,1,2,06:12 AM,06:22 PM,12:26 AM,12:45 PM,Last Quarter,54,Normal
Jordan,Amman,31.95,35.9333,Asia/Amman,1731142800,2024-11-09 12:00,20.9,69.7,Sunny,13.9,22.3,116,ESE,1015.0,29.98,0.0,0.0,44,14,20.9,69.7,10.0,6.0,3.9,15.9,25.7,257.15,63.0,10.915,34.78,66.23,171.68,4,9,07:00 AM,05:40 PM,01:43 PM,No moonset,First Quarter,47,Normal
Bulgaria,Sofia,42.68,23.32,Europe/Sofia,1718719200,2024-06-18 17:00,31.2,88.2,Partly cloudy,2.2,3.6,22,NNE,1019.0,30.09,0.0,0.0,33,25,32.6,90.7,10.0,6.0,7.0,8.7,14.0,165.2,94.4,0.7,0.8,5.7,6.5,1,1,05:49 AM,09:08 PM,05:47 PM,02:58 AM,Waxing Gibbous,83,Normal
Thailand,Bangkok,13.75,100.5167,Asia/Bangkok,1738924200,2025-02-07 17:30,34.1,93.4,Partly cloudy,10.5,16.9,195,SSW,1009.0,29.8,0.0,0.0,39,25,35.0,95.0,10.0,6.0,0.4,12.1,19.5,1964.7,109.0,34.965,22.015,50.135,52.355,3,6,06:44 AM,06:20 PM,01:25 PM,01:54 AM,Waxing Gibbous,65,Normal
Montenegro,Podgorica,42.4411,19.2636,Europe/Podgorica,1753086600,2025-07-21 10:30,32.1,89.8,Sunny,6.9,11.2,189,S,1010.0,29.83,0.0,0.0,34,0,31.3,88.3,10.0,6.0,5.7,8.0,12.9,314.5,84.0,11.1,0.925,17.39,23.31,2,2,05:25 AM,08:14 PM,01:20 AM,05:44 PM,Waning Crescent,19,Normal
Malawi,Lilongwe,-13.98,33.78,Africa/Blantyre,1717252200,2024-06-01 16:30,25.0,77.0,Partly cloudy,8.1,13.0,120,ESE,1020.0,30.12,0.0,0.0,44,25,24.5,76.0,10.0,6.0,8.0,12.5,20.2,257.0,57.9,0.4,0.5,5.3,7.4,1,1,06:02 AM,05:23 PM,12:55 AM,01:20 PM,Waning Crescent,35,Normal
San Marino,San Marino,43.93,12.45,Europe/Rome,1720962900,2024-07-14 15:15,31.1,88.0,Partly cloudy,10.5,16.9,70,ENE,1011.0,29.85,0.0,0.0,46,25,35.0,95.0,10.0,6.0,7.0,11.3,18.2,208.6,137.3,0.6,1.0,12.0,17.4,1,2,05:41 AM,08:51 PM,02:13 PM,12:22 AM,Waxing Gibbous,50,Normal
Egypt,Cairo,30.05,31.25,Africa/Cairo,1761724800,2025-10-29 11:00,23.3,73.9,Sunny,12.1,19.4,25,NNE,1018.0,30.06,0.0,0.0,69,25,24.6,76.2,10.0,6.0,3.9,13.9,22.4,254.85,37.0,28.25,41.85,19.35,30.25,2,2,07:07 AM,06:10 PM,01:47 PM,No moonset,First Quarter,42,Normal
Indonesia,Jakarta,-6.2146,106.8451,Asia/Jakarta,1728553500,2024-10-10 16:45,32.1,89.8,Partly cloudy,11.2,18.0,13,NNE,1007.0,29.74,0.1,0.0,59,50,36.2,97.2,9.0,5.0,1.6,12.9,20.7,3548.3,120.0,117.29,131.165,206.83,301.55,5,10,05:34 AM,05:46 PM,11:08 AM,No moonset,First Quarter,42,Normal
Belarus,Minsk,53.9,27.57,Europe/Minsk,1716042600,2024-05-18 17:30,21.0,69.8,Partly cloudy,9.4,15.1,110,ESE,1016.0,30.0,0.1,0.0,49,62,21.0,69.8,10.0,6.0,4.0,9.7,15.6,196.9,93.0,2.8,3.2,2.2,2.4,1,1,05:02 AM,09:12 PM,03:26 PM,03:29 AM,Waxing Gibbous,73,Normal
Turkey,Ankara,39.9272,32.8644,Europe/Istanbul,1749027600,2025-06-04 12:00,23.0,73.4,Sunny,5.1,8.3,355,N,1021.0,30.15,0.0,0.0,41,25,23.9,75.0,10.0,6.0,9.1,5.9,9.5,344.1,62.0,35.89,21.09,24.79,28.86,2,3,05:21 AM,08:13 PM,01:50 PM,01:41 AM,Waxing Gibbous,57,Normal
Thailand,Bangkok,13.75,100.5167,Asia/Bangkok,1753691400,2025-07-28 15:30,32.1,89.8,Partly cloudy,8.1,13.0,232,SW,1003.0,29.62,0.0,0.0,67,50,38.3,101.0,10.0,6.0,1.8,10.6,17.0,1690.9,36.0,17.76,10.175,12.025,13.505,1,2,06:02 AM,06:47 PM,08:56 AM,09:25 PM,Waxing Crescent,9,Normal
Montenegro,Podgorica,42.4411,19.2636,Europe/Podgorica,1751100300,2025-06-28 10:45,32.1,89.8,Sunny,12.1,19.4,51,NE,1016.0,30.0,0.0,0.0,34,25,33.2,91.7,10.0,6.0,6.0,13.9,22.4,225.7,77.0,1.48,0.37,6.66,7.215,1,1,05:08 AM,08:24 PM,08:09 AM,10:57 PM,Waxing Crescent,8,Normal
Mozambique,Maputo,-25.97,32.59,Africa/Maputo,1718804700,2024-06-19 15:45,26.1,79.0,Sunny,9.4,15.1,140,SE,1014.0,29.94,0.0,0.0,61,0,26.9,80.4,10.0,6.0,8.0,10.3,16.6,694.3,98.7,2.2,9.5,49.9,62.5,3,6,06:35 AM,05:07 PM,02:48 PM,03:58 AM,Waxing Gibbous,90,Normal
Cape Verde,Praia,14.9315,-23.5125,Atlantic/Cape_Verde,1736677800,2025-01-12 09:30,24.1,75.4,Sunny,13.0,20.9,36,NE,1015.0,29.97,0.0,0.0,69,0,25.6,78.1,10.0,6.0,1.7,16.6,26.7,255.3,60.0,1.11,1.665,76.22,180.005,4,10,07:03 AM,06:22 PM,05:08 PM,05:45 AM,Waxing Gibbous,95,Normal
North Korea,Pyongyang,39.0194,125.7547,Asia/Pyongyang,1755245700,2025-08-15 17:15,30.4,86.8,Patchy rain nearby,7.2,11.5,216,SW,1013.0,29.92,0.13,0.0,66,76,35.2,95.3,10.0,6.0,1.6,9.5,15.3,727.05,37.0,23.865,2.22,77.33,78.995,4,10,05:50 AM,07:33 PM,10:33 PM,12:20 PM,Waning Gibbous,68,Normal
Madagascar,Ivory,-24.3667,46.45,Indian/Antananarivo,1746089100,2025-05-01 11:45,28.2,82.7,Sunny,11.9,19.1,38,NE,1016.0,30.0,0.0,0.0,47,5,28.7,83.6,10.0,6.0,6.8,13.6,22.0,129.5,48.0,1.295,0.185,4.44,6.105,1,1,06:15 AM,05:27 PM,10:13 AM,08:45 PM,Waxing Crescent,14,Normal
Andorra,Andorra La Vella,42.5,1.5167,Europe/Andorra,1756196100,2025-08-26 10:15,22.0,71.6,Sunny,5.8,9.4,202,SSW,1017.0,30.03,0.0,0.0,44,11,24.2,75.6,10.0,6.0,2.0,6.7,10.8,199.8,70.0,1.11,0.37,14.8,43.105,1,2,07:13 AM,08:38 PM,10:27 AM,09:54 PM,Waxing Crescent,7,Normal
Tonga,Nuku`Aloia,-21.1333,-175.2,Pacific/Tongatapu,1759824000,2025-10-07 21:00,21.2,70.2,Partly cloudy,18.3,29.5,144,SE,1017.0,30.03,0.0,0.0,64,50,21.2,70.2,10.0,6.0,0.0,24.0,38.6,87.85,62.0,0.95,1.25,10.45,15.75,1,1,06:17 AM,06:41 PM,06:42 PM,05:55 AM,Full Moon,99,Normal
Cameroon,Ngaoundere,7.3167,13.5833,Africa/Douala,1742894100,2025-03-25 10:15,30.3,86.5,Partly cloudy,6.9,11.2,20,NNE,1019.0,30.09,0.0,0.0,40,50,28.6,83.4,10.0,6.0,5.5,8.0,12.9,503.2,71.0,3.515,0.925,60.68,129.685,3,8,06:07 AM,06:16 PM,02:44 AM,02:45 PM,Waning Crescent,25,Normal
Bolivia,National,-11.18,-67.08,America/La_Paz,1721825100,2024-07-24 08:45,21.9,71.4,Sunny,2.2,3.6,40,NE,1017.0,30.03,0.0,0.0,51,3,21.9,71.4,10.0,6.0,7.0,6.7,10.8,181.9,4.5,0.1,0.0,15.8,16.0,2,2,06:47 AM,06:22 PM,09:46 PM,09:30 AM,Waning Gibbous,91,Normal
United Arab Emirates,Abu Dhabi,24.4667,54.3667,Asia/Dubai,1735641000,2024-12-31 14:30,27.0,80.6,Sunny,3.6,5.8,263,W,1016.0,30.0,0.0,0.0,34,0,28.0,82.4,10.0,6.0,3.0,5.9,9.5,1135.9,62.0,72.705,49.58,65.86,87.135,4,9,07:06 AM,05:45 PM,07:35 AM,06:09 PM,New Moon,0,Normal
Kenya,Nairobi,-1.2833,36.8167,Africa/Nairobi,1762156800,2025-11-03 11:00,21.2,70.2,Partly cloudy,9.2,14.8,80,E,1027.0,30.33,0.06,0.0,64,75,21.2,70.2,10.0,6.0,11.8,10.6,17.0,362.85,59.0,6.85,5.75,9.85,10.15,1,1,06:11 AM,06:21 PM,04:27 PM,04:00 AM,Waxing Gibbous,90,Normal
South Africa,Pretoria,-25.7469,28.188,Africa/Johannesburg,1736506800,2025-01-10 13:00,27.3,81.1,Sunny,4.3,6.8,353,N,1016.0,30.0,0.27,0.01,62,0,27.5,81.5,9.0,5.0,14.4,4.9,8.0,336.7,89.0,3.7,6.66,13.875,13.875,1,2,05:26 AM,07:04 PM,04:01 PM,01:41 AM,Waxing Gibbous,81,Normal
Georgia,Tbilisi,41.725,44.7908,Asia/Tbilisi,1750323600,2025-06-19 13:00,25.3,77.5,Sunny,15.7,25.2,316,NW,1016.0,30.0,0.0,0.0,34,0,24.9,76.9,10.0,6.0,9.1,18.0,29.0,268.25,73.0,3.145,2.59,9.805,10.36,1,1,05:26 AM,08:38 PM,01:07 AM,01:42 PM,Waning Crescent,50,Normal
Papua New Guinea,Port Moresby,-9.4647,147.1925,Pacific/Port_Moresby,1732524300,2024-11-25 18:45,29.4,84.9,Mist,13.4,21.6,151,SSE,1006.0,29.71,0.59,0.02,70,75,37.0,98.7,10.0,6.0,0.2,19.8,31.8,259.0,27.0,1.665,0.37,6.66,8.14,1,1,05:40 AM,06:16 PM,01:25 AM,01:38 PM,Waning Crescent,36,Normal
Cyprus,Nicosia,35.1667,33.3667,Asia/Famagusta,1728811800,2024-10-13 12:30,29.1,84.4,Partly cloudy,3.1,5.0,330,NNW,1013.0,29.91,0.0,0.0,48,25,29.8,85.6,10.0,6.0,5.2,3.6,5.8,207.2,70.0,3.7,3.885,20.165,43.29,2,2,06:51 AM,06:14 PM,04:01 PM,01:45 AM,Waxing Gibbous,73,Normal
Congo,Brazzaville,-4.2592,15.2847,Africa/Brazzaville,1759303800,2025-10-01 08:30,25.3,77.5,Partly cloudy,9.2,14.8,244,WSW,1018.0,30.06,0.0,0.0,69,50,26.6,79.9,8.0,4.0,1.8,10.6,17.0,227.85,48.0,3.75,1.45,11.45,11.95,1,1,05:44 AM,05:53 PM,01:04 PM,12:54 AM,Waxing Gibbous,59,Normal
Thailand,Nan,18.7833,100.7833,Asia/Bangkok,1763795700,2025-11-22 14:15,28.1,82.6,Sunny,2.2,3.6,228,SW,1015.0,29.97,0.0,0.0,48,0,29.6,85.2,10.0,6.0,6.1,6.7,10.8,374.85,22.0,11.85,2.75,11.65,11.75,1,1,06:28 AM,05:38 PM,08:05 AM,07:03 PM,Waxing Crescent,2,Normal
Sierra Leone,Freetown,8.49,-13.2342,Africa/Freetown,1734861600,2024-12-22 10:00,28.3,83.0,Sunny,6.7,10.8,333,NNW,1014.0,29.94,0.0,0.0,57,16,29.9,85.9,10.0,6.0,3.1,7.7,12.4,636.4,114.0,2.405,2.405,120.99,224.035,4,10,07:03 AM,06:41 PM,12:13 AM,12:36 PM,Last Quarter,59,Normal
Djibouti,Djibouti,11.595,43.1481,Africa/Djibouti,1739441700,2025-02-13 13:15,30.1,86.2,Partly cloudy,11.2,18.0,72,ENE,1015.0,29.97,0.0,0.0,59,25,34.8,94.7,10.0,6.0,9.7,13.0,20.9,310.8,98.0,1.665,1.295,37.37,50.32,2,4,06:29 AM,06:14 PM,07:04 PM,07:02 AM,Waning Gibbous,100,Normal
Burundi,Bujumbura,-3.3761,29.36,Africa/Bujumbura,1730020500,2024-10-27 11:15,27.2,81.0,Patchy rain nearby,3.6,5.8,191,SSW,1012.0,29.88,0.56,0.02,64,75,29.0,84.2,9.0,5.0,10.8,5.3,8.6,534.65,56.0,0.925,0.925,25.345,36.815,2,3,05:40 AM,05:53 PM,02:11 AM,02:25 PM,Waning Crescent,25,Normal
Mauritius,Port Louis,-20.1619,57.4989,Indian/Mauritius,1744534800,2025-04-13 13:00,30.0,86.0,Partly cloudy,13.2,21.2,99,E,1018.0,30.06,0.04,0.0,70,75,34.8,94.7,10.0,6.0,9.7,15.2,24.4,162.8,40.0,3.515,1.85,10.175,15.91,1,1,06:20 AM,06:00 PM,06:09 PM,06:27 AM,Full Moon,100,Normal
Rwanda,Kigali,-1.9536,30.0606,Africa/Kigali,1732962600,2024-11-30 12:30,24.4,75.9,Partly cloudy,3.8,6.1,46,NE,1021.0,30.15,0.3,0.01,65,50,25.7,78.2,9.0,5.0,13.5,5.3,8.5,727.05,81.0,1.295,1.48,21.83,21.83,2,2,05:42 AM,05:55 PM,04:47 AM,05:18 PM,Waning Crescent,2,Normal
Brazil,Bras,-2.08,-58.17,America/Manaus,1721133900,2024-07-16 08:45,27.9,82.3,Sunny,2.5,4.0,167,SSE,1015.0,29.99,0.0,0.0,60,16,29.6,85.2,10.0,6.0,8.0,2.9,4.7,136.9,3.6,0.1,0.1,1.0,1.0,1,1,05:59 AM,05:59 PM,01:40 PM,01:22 AM,Waxing Gibbous,69,Normal
Greece,Athens,37.9795,23.7162,Europe/Athens,1744794000,2025-04-16 12:00,21.1,70.0,Partly cloudy,6.0,9.7,210,SSW,1023.0,30.21,0.0,0.0,49,25,21.1,70.0,10.0,6.0,6.5,7.0,11.2,586.45,73.0,69.005,10.73,33.67,43.29,2,3,06:48 AM,08:02 PM,11:44 PM,08:13 AM,Waning Gibbous,93,Normal
Austria,Vienna,48.2,16.37,Europe/Vienna,1717596900,2024-06-05 16:15,26.0,78.8,Partly cloudy,2.2,3.6,186,S,1013.0,29.91,0.06,0.0,45,75,26.9,80.3,10.0,6.0,5.0,2.9,4.6,190.3,120.2,1.5,1.1,3.5,4.3,1,1,04:56 AM,08:51 PM,03:40 AM,08:13 PM,Waning Crescent,3,Normal
Mauritius,Port Louis,-20.1619,57.4989,Indian/Mauritius,1731919500,2024-11-18 12:45,28.3,82.9,Partly cloudy,15.9,25.6,116,ESE,1015.0,29.97,0.0,0.0,58,50,29.7,85.5,10.0,6.0,13.8,18.3,29.4,205.35,52.0,2.405,2.035,13.505,20.72,1,2,05:22 AM,06:29 PM,09:27 PM,07:18 AM,Waning Gibbous,95,Normal
Austria,Vienna,48.2,16.3667,Europe/Vienna,1754382600,2025-08-05 10:30,20.1,68.2,Sunny,2.2,3.6,217,SW,1020.0,30.12,0.0,0.0,64,25,20.1,68.2,10.0,6.0,4.3,2.6,4.1,320.05,60.0,9.99,0.925,9.99,14.245,1,1,05:36 AM,08:25 PM,06:26 PM,12:48 AM,Waxing Gibbous,80,Normal
Jamaica,Port Royal,17.9333,-76.85,America/Jamaica,1745398800,2025-04-23 04:00,25.3,77.5,Partly Cloudy,3.8,6.1,16,NNE,1011.0,29.85,0.0,0.0,61,25,27.8,82.1,10.0,6.0,0.0,8.0,12.9,754.8,80.0,6.105,3.33,19.61,29.045,2,2,05:46 AM,06:26 PM,02:36 AM,02:28 PM,Waning Crescent,28,Normal
Croatia,Zagreb,45.8,16.0,Europe/Zagreb,1750238100,2025-06-18 11:15,25.2,77.4,Sunny,3.8,6.1,100,E,1023.0,30.21,0.0,0.0,47,0,25.2,77.4,10.0,6.0,6.9,4.4,7.1,334.85,92.0,3.7,0.925,10.545,12.95,1,1,05:06 AM,08:49 PM,12:45 AM,12:29 PM,Last Quarter,60,Normal
Eritrea,Asmara,15.3333,38.9333,Africa/Asmara,1746089100,2025-05-01 11:45,23.6,74.4,Sunny,5.6,9.0,70,ENE,1012.0,29.88,0.0,0.0,37,2,24.4,75.9,10.0,6.0,11.9,8.8,14.2,329.3,76.0,2.405,0.37,21.46,46.25,2,2,06:01 AM,06:42 PM,09:09 AM,10:51 PM,Waxing Crescent,14,Normal
Dominican Republic,Santo Domingo,18.47,-69.9,America/Santo_Domingo,1718632800,2024-06-17 10:00,29.4,85.0,Sunny,3.4,5.4,176,S,1014.0,29.93,0.0,0.0,62,12,32.4,90.4,10.0,6.0,7.0,3.9,6.2,547.4,6.2,26.7,34.3,31.0,35.0,2,3,06:03 AM,07:18 PM,03:30 PM,02:26 AM,Waxing Gibbous,75,Normal
Cambodia,Phnom Penh,11.55,104.9167,Asia/Phnom_Penh,1731833100,2024-11-17 15:45,33.4,92.1,Partly cloudy,7.8,12.6,46,NE,1006.0,29.71,0.0,0.0,56,50,38.6,101.5,10.0,6.0,3.7,10.3,16.5,841.75,85.0,36.075,20.35,80.845,81.4,4,10,05:58 AM,05:33 PM,06:52 PM,07:09 AM,Waning Gibbous,99,Normal
Algeria,Algiers,36.7631,3.0506,Africa/Algiers,1729071000,2024-10-16 10:30,29.4,84.9,Partly cloudy,6.3,10.1,174,S,1013.0,29.91,0.0,0.0,52,25,29.8,85.6,10.0,6.0,2.0,10.0,16.1,357.05,23.0,47.36,15.355,34.225,81.03,2,3,06:56 AM,06:09 PM,05:35 PM,05:31 AM,Waxing Gibbous,97,Normal
Madagascar,Ivory,-24.3667,46.45,Indian/Antananarivo,1740391200,2025-02-24 13:00,27.5,81.4,Overcast,8.3,13.3,55,NE,1010.0,29.81,0.0,0.0,65,90,29.5,85.0,10.0,6.0,8.9,11.0,17.7,153.55,38.0,0.555,0.185,0.555,0.555,1,1,05:47 AM,06:28 PM,01:41 AM,04:00 PM,Waning Crescent,21,Normal
Djibouti,Djibouti,11.595,43.1481,Africa/Djibouti,1769238900,2026-01-24 10:15,25.0,77.1,Patchy rain nearby,15.0,24.1,101,ESE,1018.0,30.07,0.05,0.0,65,83,26.4,79.6,10.0,6.0,3.8,17.2,27.8,170.85,90.0,1.85,2.35,48.25,167.05,3,6,06:32 AM,06:07 PM,10:21 AM,10:57 PM,Waxing Crescent,25,Normal
Romania,Bucharest,44.4333,26.1,Europe/Bucharest,1752309900,2025-07-12 11:45,26.3,79.3,Sunny,2.2,3.6,262,W,1016.0,30.0,0.0,0.0,51,0,26.1,78.9,10.0,6.0,6.3,2.6,4.1,296.0,65.0,8.88,3.7,9.25,10.73,1,1,05:43 AM,08:59 PM,10:24 PM,06:55 AM,Waning Gibbous,99,Normal
Madagascar,Antananarivo,-18.92,47.52,Indian/Antananarivo,1727343000,2024-09-26 12:30,26.2,79.2,Partly cloudy,9.8,15.8,94,E,1022.0,30.18,0.0,0.0,37,25,25.5,77.8,10.0,6.0,8.0,11.3,18.2,275.65,76.0,0.74,0.74,5.735,9.065,1,1,05:36 AM,05:47 PM,01:29 AM,12:30 PM,Waning Crescent,37,Normal
Kyrghyzstan,Bishkek,42.87,74.6,Asia/Bishkek,1718632800,2024-06-17 20:00,27.2,81.0,Sunny,2.2,3.6,53,NE,1009.0,29.79,0.0,0.0,32,6,26.5,79.7,10.0,6.0,7.0,3.0,4.9,183.6,79.4,4.0,1.7,3.0,7.5,1,1,05:23 AM,08:43 PM,04:06 PM,02:09 AM,Waxing Gibbous,75,Normal
Bangladesh,Dhaka,23.7231,90.4086,Asia/Dhaka,1763277300,2025-11-16 13:15,28.7,83.7,Sunny,4.7,7.6,348,NNW,1015.0,29.97,0.0,0.0,37,0,28.3,83.0,10.0,6.0,5.6,5.4,8.7,953.85,46.0,35.95,16.75,99.85,100.95,4,10,06:13 AM,05:13 PM,02:42 AM,02:42 PM,Waning Crescent,18,Normal
Indonesia,Jakarta,-6.2146,106.8451,Asia/Jakarta,1733743800,2024-12-09 18:30,29.5,85.0,Patchy rain nearby,12.1,19.4,250,WSW,1005.0,29.67,0.08,0.0,67,76,33.2,91.8,10.0,6.0,0.0,18.1,29.2,2516.0,40.0,79.18,115.44,45.88,46.065,3,5,05:31 AM,05:59 PM,12:21 PM,12:01 AM,Waxing Gibbous,51,Normal
Luxembourg,Luxembourg,49.61,6.13,Europe/Luxembourg,1723724100,2024-08-15 14:15,25.3,77.5,Partly cloudy,9.4,15.1,200,SSW,1019.0,30.09,0.07,0.0,61,25,26.5,79.6,10.0,6.0,5.0,13.9,22.3,217.0,114.4,2.7,0.8,8.5,10.5,1,1,06:27 AM,08:52 PM,06:34 PM,12:37 AM,Waxing Gibbous,73,Normal
France,Paris,48.87,2.33,Europe/Paris,1722514500,2024-08-01 14:15,31.5,88.6,Sunny,9.8,15.8,274,W,1010.0,29.84,0.0,0.0,46,22,33.1,91.5,10.0,6.0,8.0,11.3,18.2,233.7,150.2,2.4,1.0,6.1,6.7,1,1,06:24 AM,09:29 PM,02:31 AM,08:15 PM,Waning Crescent,12,Normal
Tajikistan,Dushanbe,38.56,68.7739,Asia/Dushanbe,1758182400,2025-09-18 13:00,26.3,79.3,Partly cloudy,4.0,6.5,231,SW,1018.0,30.06,0.0,0.0,30,50,25.1,77.2,10.0,6.0,6.2,4.6,7.5,505.05,59.0,27.75,13.505,19.795,28.49,2,2,06:09 AM,06:28 PM,02:13 AM,04:56 PM,Waning Crescent,16,Normal
Tanzania,Dodoma,-6.1833,35.75,Africa/Dar_es_Salaam,1761897600,2025-10-31 11:00,28.0,82.4,Sunny,11.2,18.0,106,ESE,1013.0,29.93,0.0,0.0,34,4,27.3,81.2,10.0,6.0,11.6,12.9,20.7,136.85,64.0,1.85,1.05,4.05,4.25,1,1,06:11 AM,06:30 PM,02:01 PM,01:49 AM,Waxing Gibbous,62,Normal
Bulgaria,Bogot,43.3167,24.7,Europe/Sofia,1728984600,2024-10-15 12:30,20.9,69.6,Sunny,9.4,15.1,294,WNW,1020.0,30.13,0.0,0.0,34,4,20.9,69.6,10.0,6.0,2.7,10.8,17.4,290.45,43.0,14.985,4.44,11.1,15.17,1,1,07:36 AM,06:37 PM,05:40 PM,04:39 AM,Waxing Gibbous,91,Normal
Austria,Vienna,48.2,16.37,Europe/Vienna,1727343000,2024-09-26 11:30,21.4,70.5,Sunny,4.0,6.5,156,SSE,1004.0,29.65,0.0,0.0,60,0,21.4,70.5,10.0,6.0,5.0,4.8,7.7,345.95,53.0,26.64,1.665,9.25,16.65,1,1,06:47 AM,06:43 PM,No moonrise,04:36 PM,Waning Crescent,37,Normal
Kenya,Nairobi,-1.2833,36.8167,Africa/Nairobi,1770619500,2026-02-09 09:45,20.3,68.5,Partly cloudy,9.2,14.8,50,NE,1024.0,30.24,0.0,0.0,68,75,20.3,68.5,10.0,6.0,3.9,10.6,17.0,211.85,41.0,5.75,3.25,11.25,12.05,1,1,06:42 AM,06:52 PM,No moonrise,12:17 PM,Last Quarter,56,Normal
Saint Vincent and the Grenadines,Kingstown,13.1333,-61.2167,America/St_Vincent,1751273100,2025-06-30 04:45,27.4,81.3,Patchy rain nearby,22.6,36.4,87,E,1016.0,29.99,0.01,0.0,70,58,30.1,86.1,10.0,6.0,0.0,31.1,50.1,178.233,45.0,0.9,0.72,21.784,61.571,2,2,05:42 AM,06:35 PM,10:26 AM,10:56 PM,Waxing Crescent,25,Normal
Indonesia,Jakarta,-6.2146,106.8451,Asia/Jakarta,1753086600,2025-07-21 15:30,30.1,86.2,Partly Cloudy,7.8,12.6,25,NNE,1006.0,29.71,0.0,0.0,62,25,31.5,88.8,9.0,5.0,2.8,9.0,14.5,9431.3,29.0,177.23,107.855,261.035,261.96,6,10,06:05 AM,05:54 PM,02:20 AM,02:23 PM,Waning Crescent,21,Normal
Kazakhstan,Astana,51.18,71.43,Asia/Almaty,1725365700,2024-09-03 17:15,22.1,71.8,Partly cloudy,13.6,22.0,270,W,1015.0,29.97,0.0,0.0,41,50,24.1,75.4,10.0,6.0,6.0,21.7,34.9,243.7,75.1,3.0,6.7,2.9,3.2,1,1,05:31 AM,06:55 PM,05:26 AM,07:10 PM,Waxing Crescent,0,Normal
Egypt,Cairo,30.05,31.25,Africa/Cairo,1760169600,2025-10-11 11:00,25.2,77.4,Sunny,11.2,18.0,15,NNE,1016.0,30.0,0.0,0.0,47,25,25.5,77.8,10.0,6.0,5.0,12.9,20.7,199.85,43.0,25.05,58.65,15.45,25.95,1,2,06:54 AM,06:28 PM,09:48 PM,11:46 AM,Waning Gibbous,81,Normal
Swaziland,Mbabane,-26.3167,31.1333,Africa/Mbabane,1747817100,2025-05-21 10:45,21.2,70.2,Sunny,7.8,12.6,247,WSW,1014.0,29.94,0.0,0.0,31,25,21.2,70.2,10.0,6.0,3.5,9.0,14.5,133.2,79.0,4.255,7.215,2.22,2.775,1,1,06:30 AM,05:14 PM,12:10 AM,01:11 PM,Waning Crescent,45,Normal
Rwanda,Kigali,-1.9536,30.0606,Africa/Kigali,1748508300,2025-05-29 10:45,23.0,73.4,Partly cloudy,3.6,5.8,180,S,1026.0,30.3,0.43,0.02,65,50,25.0,77.1,10.0,6.0,5.8,4.5,7.3,510.6,52.0,2.775,1.295,17.945,22.755,2,2,05:57 AM,05:58 PM,08:11 AM,08:32 PM,Waxing Crescent,5,Normal
Egypt,Cairo,30.05,31.25,Africa/Cairo,1749199500,2025-06-06 11:45,29.3,84.7,Sunny,10.7,17.3,25,NNE,1013.0,29.91,0.0,0.0,40,0,27.2,80.9,10.0,6.0,8.6,12.3,19.9,307.1,76.0,46.99,119.14,38.665,51.06,2,4,05:54 AM,07:54 PM,03:44 PM,02:35 AM,Waxing Gibbous,75,Normal
Thailand,Bangkok,13.75,100.5167,Asia/Bangkok,1734776100,2024-12-21 17:15,30.5,86.9,Sunny,2.5,4.0,29,NNE,1009.0,29.79,0.0,0.0,31,17,29.6,85.3,10.0,6.0,0.4,3.0,4.9,2534.5,101.0,46.62,41.44,46.435,46.805,3,5,06:36 AM,05:56 PM,11:22 PM,11:17 AM,Waning Gibbous,71,Normal
Zambia,Lusaka,-15.4167,28.2833,Africa/Lusaka,1742809500,2025-03-24 11:45,25.3,77.6,Sunny,6.9,11.2,82,E,1017.0,30.02,0.0,0.0,56,17,26.4,79.4,10.0,6.0,12.2,8.0,12.9,270.1,44.0,0.555,1.295,6.29,6.845,1,1,06:11 AM,06:14 PM,01:03 AM,02:33 PM,Waning Crescent,36,Normal
Lebanon,Beirut,33.8719,35.5097,Asia/Beirut,1761293700,2025-10-24 11:15,28.3,82.9,Partly cloudy,6.9,11.2,344,NNW,1016.0,30.0,0.0,0.0,66,50,30.1,86.2,8.0,4.0,3.7,8.0,12.9,346.85,52.0,23.65,55.05,35.05,59.65,2,3,06:50 AM,05:54 PM,09:32 AM,07:19 PM,Waxing Crescent,5,Normal
Kenya,Nairobi,-1.28,36.82,Africa/Nairobi,1726484400,2024-09-16 14:00,26.2,79.2,Partly cloudy,6.7,10.8,93,E,1024.0,30.24,0.01,0.0,34,25,25.8,78.5,10.0,6.0,7.0,7.7,12.4,577.2,122.0,2.59,10.915,21.275,32.005,2,2,06:24 AM,06:30 PM,05:11 PM,04:46 AM,Waxing Gibbous,93,Normal
Mauritius,Port Louis,-20.1619,57.4989,Indian/Mauritius,1735382700,2024-12-28 14:45,30.1,86.2,Partly cloudy,11.4,18.4,98,E,1015.0,29.97,0.03,0.0,66,75,33.0,91.3,10.0,6.0,10.5,13.1,21.1,164.65,42.0,1.85,2.775,9.065,13.32,1,1,05:32 AM,06:52 PM,02:58 AM,04:46 PM,Waning Crescent,10,Normal
Ethiopia,Addis Ababa,9.0333,38.7,Africa/Addis_Ababa,1747817100,2025-05-21 11:45,21.2,70.2,Partly cloudy,3.8,6.1,90,E,1027.0,30.33,0.0,0.0,53,50,21.2,70.2,10.0,6.0,11.6,4.4,7.1,532.8,74.0,7.585,2.405,61.605,157.62,3,8,06:05 AM,06:39 PM,01:09 AM,01:19 PM,Waning Crescent,46,Normal
North Korea,Pyongyang,39.0194,125.7547,Asia/Pyongyang,1758873600,2025-09-26 17:00,24.7,76.5,Sunny,6.7,10.8,326,NNW,1018.0,30.07,0.0,0.0,60,3,26.0,78.7,10.0,6.0,0.7,10.2,16.5,912.05,69.0,10.36,16.28,88.245,111.925,4,10,06:28 AM,06:28 PM,10:40 AM,08:16 PM,Waxing Crescent,13,Normal
Lebanon,Beirut,33.8719,35.5097,Asia/Beirut,1758527100,2025-09-22 10:45,29.1,84.4,Sunny,5.6,9.0,266,W,1013.0,29.91,0.0,0.0,62,0,29.5,85.2,10.0,6.0,3.7,6.4,10.4,530.95,50.0,38.295,61.605,26.64,36.075,2,3,06:26 AM,06:34 PM,06:49 AM,06:47 PM,Waxing Crescent,0,Normal
Lebanon,Beirut,33.8719,35.5097,Asia/Beirut,1730538000,2024-11-02 11:00,25.3,77.5,Partly cloudy,4.3,6.8,304,NW,1016.0,30.0,0.0,0.0,65,50,25.8,78.5,8.0,4.0,3.4,5.1,8.2,388.5,65.0,24.975,37.185,65.12,118.585,3,9,05:58 AM,04:44 PM,06:45 AM,05:02 PM,Waxing Crescent,0,Normal
Thailand,Bangkok,13.75,100.52,Asia/Bangkok,1727171100,2024-09-24 16:45,30.3,86.5,Partly cloudy,3.8,6.1,167,SSE,1007.0,29.74,0.4,0.02,66,50,34.8,94.7,10.0,6.0,7.0,5.7,9.2,382.95,42.0,14.8,7.215,8.14,12.395,1,1,06:07 AM,06:12 PM,11:37 PM,12:09 PM,Last Quarter,58,Normal
Sri Lanka,Colombo,6.9319,79.8478,Asia/Colombo,1755681300,2025-08-20 14:45,31.3,88.3,Partly Cloudy,10.5,16.9,267,W,1009.0,29.78,0.0,0.0,66,25,38.6,101.5,10.0,6.0,8.1,12.8,20.6,553.15,54.0,23.68,20.905,30.71,40.885,2,3,06:04 AM,06:23 PM,03:12 AM,04:09 PM,Waning Crescent,14,Normal
Tunisia,Tunis,36.8,10.18,Africa/Tunis,1718545500,2024-06-16 14:45,28.8,83.9,Patchy rain nearby,4.7,7.6,168,SSE,1014.0,29.94,0.04,0.0,39,71,28.6,83.5,10.0,6.0,6.0,7.1,11.5,185.3,108.7,0.8,1.0,6.1,7.9,1,1,05:00 AM,07:41 PM,02:24 PM,01:16 AM,Waxing Gibbous,67,Normal
Cyprus,Nicosia,35.1667,33.3667,Asia/Famagusta,1746002700,2025-04-30 11:45,23.1,73.6,Partly cloudy,14.8,23.8,66,ENE,1010.0,29.83,0.02,0.0,61,50,24.8,76.7,10.0,6.0,6.0,17.0,27.3,212.75,72.0,4.44,1.11,8.88,16.095,1,1,05:57 AM,07:32 PM,07:35 AM,11:08 PM,Waxing Crescent,7,Normal
Mali,Bamako,12.65,-8.0,Africa/Bamako,1731661200,2024-11-15 09:00,29.3,84.7,Sunny,4.7,7.6,74,ENE,1013.0,29.91,0.0,0.0,37,0,28.2,82.8,8.0,4.0,2.0,5.4,8.7,444.0,91.0,2.59,1.48,33.3,52.17,2,3,06:30 AM,06:03 PM,05:44 PM,05:54 AM,Full Moon,99,Normal
Vatican City,Vatican City,41.904,12.453,Europe/Vatican,1750669200,2025-06-23 11:00,31.0,87.8,Sunny,5.1,8.3,206,SSW,1018.0,30.06,0.0,0.0,41,0,30.7,87.2,10.0,6.0,6.9,5.9,9.5,353.35,95.0,11.655,1.295,16.465,21.275,2,2,05:36 AM,08:49 PM,03:11 AM,07:13 PM,Waning Crescent,9,Normal
India,New Delhi,28.6,77.2,Asia/Kolkata,1746522000,2025-05-06 14:30,34.3,93.7,Mist,8.5,13.7,161,SSE,1006.0,29.71,0.11,0.0,30,50,32.8,91.1,5.0,3.0,5.5,9.8,15.7,1406.0,139.0,41.44,67.895,168.35,713.36,5,10,05:37 AM,07:00 PM,01:36 PM,02:08 AM,Waxing Gibbous,62,Normal
Mauritius,Port Louis,-20.1619,57.4989,Indian/Mauritius,1767683700,2026-01-06 11:15,30.2,86.4,Partly cloudy,15.9,25.6,76,ENE,1015.0,29.97,0.0,0.0,70,50,35.3,95.5,10.0,6.0,13.3,18.3,29.4,79.85,31.0,1.85,1.65,7.05,10.35,1,1,05:37 AM,06:55 PM,09:35 PM,08:26 AM,Waning Gibbous,92,Normal
France,Paris,48.8667,2.3333,Europe/Paris,1746089100,2025-05-01 10:45,23.1,73.6,Sunny,6.9,11.2,158,SSE,1018.0,30.06,0.0,0.0,53,0,24.8,76.6,10.0,6.0,2.3,8.0,12.9,512.45,47.0,53.65,4.44,28.12,35.705,2,3,06:30 AM,09:07 PM,08:37 AM,01:25 AM,Waxing Crescent,14,Normal
Bangladesh,Dhaka,23.7231,90.4086,Asia/Dhaka,1759303800,2025-10-01 13:30,33.3,91.9,Light rain shower,12.1,19.4,173,S,1003.0,29.61,0.92,0.04,57,79,39.6,103.3,10.0,6.0,7.6,15.0,24.1,369.85,68.0,14.95,11.55,15.95,16.05,2,2,05:50 AM,05:46 PM,01:52 PM,No moonset,Waxing Gibbous,57,Normal
Malawi,Lilongwe,-13.9833,33.7833,Africa/Blantyre,1740822300,2025-03-01 11:45,25.2,77.4,Partly cloudy,7.2,11.5,297,WNW,1018.0,30.06,0.02,0.0,69,50,27.1,80.8,10.0,6.0,13.8,8.7,14.1,382.95,59.0,2.96,1.11,35.15,37.185,2,3,05:46 AM,06:08 PM,06:56 AM,07:19 PM,Waxing Crescent,1,Normal
Hungary,Budapest,47.5,19.0833,Europe/Budapest,1754900100,2025-08-11 10:15,24.3,75.7,Sunny,2.9,4.7,323,NW,1024.0,30.24,0.0,0.0,47,0,24.9,76.7,10.0,6.0,4.4,3.4,5.4,321.9,77.0,11.47,1.665,18.13,22.94,2,2,05:35 AM,08:02 PM,09:04 PM,07:51 AM,Waning Gibbous,97,Normal
Slovenia,Ljubljana,46.06,14.51,Europe/Ljubljana,1725451200,2024-09-04 14:00,29.1,84.4,Partly cloudy,2.2,3.6,149,SSE,1016.0,30.0,0.84,0.03,43,25,28.7,83.7,10.0,6.0,7.0,3.1,5.0,217.0,108.7,1.1,0.5,4.9,5.9,1,1,06:26 AM,07:34 PM,07:37 AM,08:08 PM,Waxing Crescent,1,Normal
Nigeria,Abuja,9.1758,7.1808,Africa/Lagos,1743843600,2025-04-05 10:00,30.1,86.2,Partly cloudy,5.6,9.0,245,WSW,1013.0,29.91,0.0,0.0,70,25,31.2,88.1,10.0,6.0,6.3,6.4,10.4,623.45,74.0,6.475,1.85,44.955,103.785,3,5,06:26 AM,06:41 PM,12:51 PM,01:00 AM,First Quarter,49,Normal
Bulgaria,Sofia,42.6833,23.3167,Europe/Sofia,1751014800,2025-06-27 12:00,31.1,88.0,Sunny,3.4,5.4,342,NNW,1017.0,30.03,0.0,0.0,36,0,29.7,85.4,10.0,6.0,8.7,3.9,6.2,336.7,93.0,19.24,21.09,27.935,37.74,2,3,05:51 AM,09:09 PM,07:36 AM,11:13 PM,Waxing Crescent,3,Normal
Indonesia,Laos,-8.1826,114.3188,Asia/Jakarta,1755418500,2025-08-17 15:15,27.0,80.6,Partly Cloudy,7.4,11.9,140,SE,1011.0,29.84,0.0,0.0,66,31,28.9,84.0,10.0,6.0,2.7,8.5,13.7,545.75,73.0,9.62,4.995,24.79,30.525,2,3,05:32 AM,05:23 PM,No moonrise,11:41 AM,Waning Crescent,44,Normal
Malawi,Lilongwe,-13.9833,33.7833,Africa/Blantyre,1744276500,2025-04-10 11:15,26.2,79.2,Partly cloudy,2.7,4.3,65,ENE,1020.0,30.12,0.0,0.0,61,25,26.5,79.7,10.0,6.0,11.8,3.1,5.0,281.2,49.0,3.33,0.37,11.1,11.655,1,1,05:51 AM,05:42 PM,04:12 PM,03:43 AM,Waxing Gibbous,91,Normal
Italy,Rome,41.9,12.4833,Europe/Rome,1750581900,2025-06-22 10:45,28.3,82.9,Partly Cloudy,2.2,3.6,218,SW,1020.0,30.12,0.0,0.0,48,0,28.1,82.6,10.0,6.0,4.5,2.6,4.1,308.95,79.0,7.03,0.925,17.205,23.125,2,2,05:35 AM,08:49 PM,02:34 AM,05:52 PM,Waning Crescent,17,Normal
Italy,Rome,41.9,12.48,Europe/Rome,1722861000,2024-08-05 14:30,34.4,94.0,Sunny,13.6,22.0,223,SW,1009.0,29.8,0.0,0.0,41,12,37.1,98.8,10.0,6.0,8.0,15.7,25.3,237.0,123.0,2.0,0.6,10.2,14.6,1,1,06:08 AM,08:23 PM,06:48 AM,09:14 PM,Waxing Crescent,0,Normal
Nepal,Kathmandu,27.7167,85.3167,Asia/Kathmandu,1750495500,2025-06-21 14:30,28.2,82.8,Partly cloudy,3.4,5.4,219,SW,1008.0,29.77,2.77,0.11,66,75,31.9,89.4,10.0,6.0,4.6,6.9,11.2,895.4,127.0,7.585,7.215,27.75,29.045,2,3,05:09 AM,07:03 PM,01:13 AM,02:42 PM,Waning Crescent,28,Normal
Georgia,Tbilisi,41.725,44.7908,Asia/Tbilisi,1745743500,2025-04-27 12:45,20.4,68.7,Sunny,13.9,22.3,330,NNW,1012.0,29.88,0.0,0.0,46,0,20.4,68.7,10.0,6.0,6.7,15.9,25.7,225.7,61.0,4.995,2.405,8.325,9.805,1,1,06:03 AM,07:55 PM,05:29 AM,07:45 PM,New Moon,2,Normal
Vietnam,Hanoi,21.0333,105.85,Asia/Bangkok,1750842000,2025-06-25 16:00,34.2,93.6,Partly Cloudy,8.9,14.4,152,SSE,1004.0,29.65,0.0,0.0,60,25,41.5,106.7,10.0,6.0,2.6,12.5,20.1,621.6,95.0,32.93,31.08,54.575,58.09,3,7,05:17 AM,06:41 PM,04:39 AM,06:50 PM,New Moon,1,Normal
Finland,Helsinki,60.18,24.93,Europe/Helsinki,1719063900,2024-06-22 16:45,21.2,70.2,Sunny,12.5,20.2,190,S,1011.0,29.85,0.0,0.0,40,0,21.2,70.2,10.0,6.0,5.0,17.0,27.4,163.6,82.3,2.3,1.2,1.1,2.3,1,1,03:54 AM,10:50 PM,No moonrise,02:34 AM,Full Moon,100,Normal
Mozambique,Maputo,-25.9653,32.5892,Africa/Maputo,1771483500,2026-02-19 08:45,26.1,79.0,Partly cloudy,6.7,10.8,350,N,1011.0,29.85,0.0,0.0,70,50,27.1,80.7,10.0,6.0,3.1,8.5,13.6,115.85,37.0,4.95,1.75,6.95,7.85,1,1,05:38 AM,06:29 PM,07:18 AM,07:41 PM,Waxing Crescent,2,Normal
Tunisia,Tunis,36.8028,10.1797,Africa/Tunis,1755418500,2025-08-17 09:15,29.4,84.9,Sunny,12.8,20.5,301,WNW,1012.0,29.88,0.0,0.0,58,25,31.0,87.8,10.0,6.0,3.4,14.7,23.6,321.9,91.0,3.7,4.07,23.865,42.365,2,2,05:38 AM,07:08 PM,No moonrise,02:48 PM,Waning Crescent,42,Normal
Djibouti,Djibouti,11.595,43.1481,Africa/Djibouti,1763191800,2025-11-15 10:30,27.6,81.7,Partly Cloudy,14.8,23.8,106,ESE,1015.0,29.99,0.0,0.0,55,34,28.7,83.7,10.0,6.0,4.6,19.0,30.6,149.85,87.0,1.95,1.85,19.85,71.85,2,2,06:04 AM,05:40 PM,02:09 AM,02:27 PM,Waning Crescent,24,Normal
Madagascar,Ivory,-24.3667,46.45,Indian/Antananarivo,1751704200,2025-07-05 11:30,23.2,73.7,Sunny,7.8,12.6,29,NNE,1023.0,30.21,0.0,0.0,41,0,24.5,76.0,10.0,6.0,4.8,9.2,14.8,136.9,49.0,1.85,0.37,5.18,6.475,1,1,06:38 AM,05:19 PM,12:57 PM,01:45 AM,Waxing Gibbous,69,Normal
Uganda,Kampala,0.3156,32.5656,Africa/Kampala,1764746100,2025-12-03 10:15,24.3,75.7,Sunny,4.9,7.9,102,ESE,1015.0,29.97,0.0,0.0,61,0,24.9,76.7,9.0,5.0,4.6,5.7,9.1,306.85,51.0,5.95,2.65,23.35,23.75,2,2,06:36 AM,06:43 PM,05:12 PM,04:42 AM,Waxing Gibbous,93,Normal
North Korea,Pyongyang,39.0194,125.7547,Asia/Pyongyang,1754208900,2025-08-03 17:15,31.2,88.2,Patchy light rain,7.6,12.2,259,W,1000.0,29.54,1.09,0.04,62,82,36.0,96.9,9.0,5.0,0.9,10.1,16.3,449.55,57.0,24.235,17.205,46.25,47.73,3,5,05:40 AM,07:47 PM,03:05 PM,No moonset,Waxing Gibbous,60,Normal
Tunisia,Tunis,36.8028,10.1797,Africa/Tunis,1753001100,2025-07-20 09:45,33.0,91.4,Sunny,2.5,4.0,157,SSE,1010.0,29.83,0.0,0.0,49,0,34.9,94.8,10.0,6.0,4.3,2.8,4.6,273.8,61.0,6.66,8.14,15.54,32.375,2,2,05:16 AM,07:36 PM,12:33 AM,03:46 PM,Waning Crescent,28,Normal
Indonesia,Laos,-8.1826,114.3188,Asia/Jakarta,1745485200,2025-04-24 16:00,28.6,83.5,Patchy rain nearby,6.3,10.1,170,S,1008.0,29.78,0.03,0.0,62,82,31.0,87.8,10.0,6.0,0.9,7.2,11.6,943.5,51.0,13.505,4.44,20.165,24.05,2,2,05:25 AM,05:17 PM,01:50 AM,02:23 PM,Waning Crescent,23,Normal
Cyprus,Nicosia,35.1667,33.3667,Asia/Nicosia,1757750400,2025-09-13 11:00,32.2,90.0,Sunny,2.2,3.6,39,NE,1013.0,29.91,0.0,0.0,32,0,31.3,88.3,10.0,6.0,6.1,2.3,3.7,216.45,74.0,3.885,2.59,18.685,24.42,2,2,06:28 AM,06:56 PM,10:32 PM,12:56 PM,Waning Gibbous,68,Normal
South Africa,Pretoria,-25.7469,28.188,Africa/Johannesburg,1770792300,2026-02-11 08:45,20.2,68.4,Sunny,6.7,10.8,31,NNE,1026.0,30.3,0.0,0.0,64,0,20.2,68.4,10.0,6.0,3.0,7.7,12.4,119.85,51.0,5.35,6.25,5.15,5.55,1,1,05:50 AM,06:53 PM,12:06 AM,02:28 PM,Waning Crescent,37,Normal
United Arab Emirates,Abu Dhabi,24.4667,54.3667,Asia/Dubai,1761119100,2025-10-22 11:45,33.3,91.9,Sunny,6.7,10.8,338,NNW,1014.0,29.94,0.0,0.0,53,0,40.0,104.0,10.0,6.0,5.9,9.0,14.4,178.85,53.0,33.15,12.55,41.85,56.25,3,4,06:24 AM,05:50 PM,07:00 AM,06:10 PM,Waxing Crescent,0,Normal
Thailand,Nan,18.7833,100.7833,Asia/Bangkok,1770274800,2026-02-05 14:00,30.0,86.0,Sunny,3.6,5.8,145,SE,1014.0,29.94,0.0,0.0,43,25,28.3,83.0,10.0,6.0,6.8,4.1,6.6,405.85,43.0,20.35,2.15,15.45,15.95,1,2,06:49 AM,06:12 PM,09:25 PM,08:58 AM,Waning Gibbous,91,Normal
Turkey,Yaren,39.55,27.6167,Europe/Istanbul,1753518600,2025-07-26 11:30,32.3,90.1,Sunny,19.7,31.7,27,NNE,1009.0,29.8,0.0,0.0,30,0,30.1,86.2,10.0,6.0,7.6,22.6,36.4,244.2,77.0,6.105,4.07,14.615,18.13,1,2,06:04 AM,08:28 PM,07:33 AM,09:42 PM,Waxing Crescent,1,Normal
Russia,Moscow,55.75,37.62,Europe/Moscow,1724674500,2024-08-26 15:15,28.0,82.4,Sunny,6.9,11.2,180,S,1021.0,30.15,0.0,0.0,42,0,27.4,81.3,10.0,6.0,7.0,11.4,18.4,323.8,121.6,41.1,29.1,17.8,20.6,2,2,05:24 AM,07:38 PM,09:28 PM,03:15 PM,Last Quarter,54,Normal
Philippines,Manila,14.6042,120.9822,Asia/Manila,1759303800,2025-10-01 15:30,33.4,92.1,Partly cloudy,2.2,3.6,91,E,1007.0,29.74,0.03,0.0,63,50,42.7,108.9,10.0,6.0,2.7,3.0,4.8,437.85,31.0,19.95,23.15,23.95,25.25,2,2,05:46 AM,05:46 PM,01:25 PM,No moonset,Waxing Gibbous,57,Normal
South Korea,Seoul,37.57,127.0,Asia/Seoul,1727688600,2024-09-30 18:30,24.1,75.4,Clear,8.5,13.7,284,WNW,1013.0,29.91,0.0,0.0,65,0,25.4,77.7,10.0,6.0,6.0,11.1,17.9,678.95,20.0,50.69,23.125,31.265,46.065,2,3,06:26 AM,06:16 PM,03:47 AM,05:17 PM,Waning Crescent,7,Normal
India,New Delhi,28.6,77.2,Asia/Kolkata,1719839700,2024-07-01 18:45,34.3,93.7,Mist,5.6,9.0,240,WSW,994.0,29.35,0.0,0.0,63,50,37.2,99.0,4.0,2.0,9.0,10.1,16.2,540.7,25.8,20.4,11.2,9.1,15.5,1,1,05:27 AM,07:23 PM,01:17 AM,02:58 PM,Waning Crescent,27,Normal
Lebanon,Beirut,33.8719,35.5097,Asia/Beirut,1729934100,2024-10-26 12:15,25.0,77.0,Sunny,8.9,14.4,1,N,1018.0,30.06,0.0,0.0,36,0,24.8,76.7,10.0,6.0,6.0,11.6,18.7,453.25,47.0,57.535,66.785,30.895,42.735,2,3,06:52 AM,05:51 PM,01:08 AM,03:04 PM,Waning Crescent,34,Normal
Malaysia,Kuala Lumpur,3.1667,101.7,Asia/Kuala_Lumpur,1739268900,2025-02-11 18:15,30.4,86.7,Partly cloudy,3.4,5.4,272,W,1008.0,29.77,2.17,0.09,62,25,38.5,101.4,10.0,6.0,0.4,4.9,8.0,1228.4,102.0,59.57,26.085,60.31,67.155,3,8,07:27 AM,07:28 PM,06:34 PM,06:18 AM,Waxing Gibbous,96,Normal
Eritrea,Asmara,15.3333,38.9333,Africa/Asmara,1742204700,2025-03-17 12:45,22.9,73.1,Sunny,2.2,3.6,200,SSW,1012.0,29.87,0.0,0.0,32,0,23.7,74.7,10.0,6.0,13.1,3.4,5.4,334.85,96.0,0.925,0.74,23.125,43.29,2,2,06:30 AM,06:35 PM,09:08 PM,08:11 AM,Waning Gibbous,94,Normal
Cape Verde,Praia,14.9315,-23.5125,Atlantic/Cape_Verde,1769929200,2026-02-01 06:00,20.3,68.5,Partly cloudy,14.8,23.8,13,NNE,1015.0,29.97,0.0,0.0,68,50,20.3,68.5,10.0,6.0,0.0,20.2,32.4,125.85,66.0,1.25,1.15,38.55,150.35,2,4,07:03 AM,06:32 PM,06:23 PM,06:42 AM,Full Moon,99,Normal
Cambodia,Phnom Penh,11.55,104.9167,Asia/Phnom_Penh,1754382600,2025-08-05 15:30,35.0,95.0,Partly cloudy,16.3,26.3,220,SW,1005.0,29.68,0.0,0.0,56,50,35.9,96.7,10.0,6.0,3.3,18.8,30.2,588.3,54.0,10.175,6.29,20.165,21.275,2,2,05:49 AM,06:24 PM,03:09 PM,01:49 AM,Waxing Gibbous,79,Normal
Brazil,Bras,-2.08,-58.17,America/Manaus,1720271700,2024-07-06 09:15,29.9,85.8,Sunny,4.7,7.6,86,E,1015.0,29.97,0.0,0.0,56,13,32.3,90.2,10.0,6.0,8.0,5.4,8.7,200.3,10.5,0.1,0.1,0.5,0.5,1,1,05:57 AM,05:58 PM,06:30 AM,06:48 PM,Waxing Crescent,0,Normal
Mozambique,Maputo,-25.9653,32.5892,Africa/Maputo,1730710800,2024-11-04 11:00,30.1,86.2,Partly cloudy,9.4,15.1,35,NE,1013.0,29.91,0.0,0.0,49,25,30.4,86.7,10.0,6.0,11.8,10.8,17.4,234.95,53.0,0.925,1.295,7.585,11.285,1,1,04:58 AM,06:08 PM,06:36 AM,09:03 PM,Waxing Crescent,6,Normal
Zimbabwe,Harare,-17.8178,31.0447,Africa/Harare,1765610100,2025-12-13 09:15,22.4,72.2,Sunny,7.4,11.9,29,NNE,1015.0,29.97,0.0,0.0,56,14,24.6,76.3,10.0,6.0,7.4,8.5,13.7,184.85,55.0,2.95,1.65,8.45,9.05,1,1,05:15 AM,06:25 PM,12:34 AM,01:05 PM,Waning Crescent,40,Normal
Malta,Valletta,35.9,14.51,Europe/Malta,1722514500,2024-08-01 14:15,28.9,84.0,Sunny,4.0,6.5,164,SSE,1013.0,29.91,0.0,0.0,63,0,31.6,88.8,10.0,6.0,7.0,5.0,8.1,230.3,124.5,2.7,0.6,19.6,32.7,2,2,06:10 AM,08:06 PM,02:43 AM,06:22 PM,Waning Crescent,12,Normal
Austria,Vienna,48.2,16.37,Europe/Vienna,1721048400,2024-07-15 15:00,31.2,88.2,Partly cloudy,4.3,6.8,180,S,1014.0,29.94,0.0,0.0,43,25,30.5,86.9,10.0,6.0,8.0,8.0,12.9,201.9,137.3,2.9,3.4,3.5,4.2,1,1,05:10 AM,08:50 PM,03:16 PM,12:15 AM,Waxing Gibbous,60,Normal
Lesotho,Maseru,-29.3167,27.4833,Africa/Maseru,1762502400,2025-11-07 10:00,22.0,71.7,Thundery outbreaks in nearby,7.6,12.2,4,N,1018.0,30.05,0.0,0.0,44,42,24.2,75.6,9.0,5.0,8.0,8.7,14.1,140.85,87.0,2.25,5.35,4.85,4.85,1,1,05:12 AM,06:36 PM,09:15 PM,06:19 AM,Waning Gibbous,97,Normal
Singapore,Singapore,1.2931,103.8558,Asia/Singapore,1761463800,2025-10-26 15:30,32.2,90.0,Partly Cloudy,10.3,16.6,244,WSW,1007.0,29.74,0.0,0.0,56,25,39.7,103.5,10.0,6.0,6.9,13.6,21.8,393.85,10.0,48.65,36.45,20.75,22.55,2,2,06:46 AM,06:51 PM,10:16 AM,10:35 PM,Waxing Crescent,15,Normal
Azerbaijan,Baku,40.3953,49.8822,Asia/Baku,1760946300,2025-10-20 11:45,22.3,72.1,Partly Cloudy,8.1,13.0,200,SSW,1011.0,29.85,0.0,0.0,61,25,24.7,76.4,10.0,6.0,2.6,9.9,16.0,196.85,72.0,6.65,3.75,16.45,23.55,2,2,06:57 AM,05:53 PM,05:45 AM,05:10 PM,Waning Crescent,3,Normal
Tunisia,Tunis,36.8028,10.1797,Africa/Tunis,1756540800,2025-08-30 09:00,28.0,82.4,Sunny,11.6,18.7,294,WNW,1013.0,29.91,0.0,0.0,58,25,29.3,84.8,10.0,6.0,2.8,13.4,21.5,257.15,71.0,4.44,3.515,18.5,29.6,2,2,05:49 AM,06:50 PM,12:47 PM,10:18 PM,Waxing Crescent,38,Normal
Lebanon,Beirut,33.8719,35.5097,Asia/Beirut,1749459600,2025-06-09 12:00,26.4,79.5,Mist,6.5,10.4,252,WSW,1011.0,29.85,0.0,0.0,65,25,28.4,83.1,5.0,3.0,9.9,8.1,13.0,407.0,90.0,18.87,75.11,46.435,74.0,3,5,05:27 AM,07:48 PM,06:25 PM,03:39 AM,Waxing Gibbous,94,Normal
Albania,Tirana,41.3275,19.8189,Europe/Tirane,1748681100,2025-05-31 10:45,25.3,77.5,Sunny,3.6,5.8,12,NNE,1018.0,30.06,0.0,0.0,32,0,25.8,78.4,10.0,6.0,5.4,4.1,6.6,242.35,70.0,5.92,5.18,9.99,12.025,1,1,05:10 AM,08:07 PM,09:19 AM,No moonset,Waxing Crescent,19,Normal
Benin,Porto-Novo,6.4833,2.6167,Africa/Porto-Novo,1737455400,2025-01-21 11:30,30.2,86.4,Partly cloudy,5.6,9.0,213,SSW,1013.0,29.91,0.0,0.0,70,50,32.8,91.1,10.0,6.0,5.8,6.4,10.4,499.5,84.0,2.405,1.85,38.48,75.11,2,4,07:07 AM,06:55 PM,12:09 AM,12:17 PM,Last Quarter,58,Normal
Lesotho,Maseru,-29.3167,27.4833,Africa/Johannesburg,1741427100,2025-03-08 11:45,21.2,70.2,Partly cloudy,10.3,16.6,341,NNW,1027.0,30.33,0.0,0.0,69,75,21.2,70.2,10.0,6.0,8.5,11.8,19.0,355.2,85.0,2.035,2.405,13.69,13.875,1,2,06:06 AM,06:35 PM,03:07 PM,12:09 AM,Waxing Gibbous,63,Normal
Haiti,Port-Au-Prince,18.54,-72.34,America/Port-au-Prince,1721048400,2024-07-15 09:00,29.1,84.4,Partly cloudy,6.9,11.2,90,E,1015.0,29.98,0.0,0.0,70,75,32.2,90.0,8.0,4.0,7.0,11.4,18.4,460.6,85.8,6.2,6.1,8.0,17.1,1,1,06:21 AM,07:30 PM,02:22 PM,01:09 AM,Waxing Gibbous,60,Normal
Indonesia,Jakarta,-6.2146,106.8451,Asia/Jakarta,1740477600,2025-02-25 17:00,30.2,86.4,Partly cloudy,9.8,15.8,350,N,1009.0,29.8,0.39,0.02,66,50,34.3,93.8,10.0,6.0,0.1,12.2,19.7,4156.95,80.0,107.67,118.03,90.835,90.835,4,10,05:58 AM,06:13 PM,03:11 AM,04:02 PM,Waning Crescent,14,Normal
Macedonia,Skopje,42.0,21.43,Europe/Skopje,1724156100,2024-08-20 14:15,29.0,84.2,Moderate or heavy rain with thunder,6.9,11.2,180,S,1010.0,29.83,0.0,0.0,48,100,28.1,82.6,10.0,6.0,7.0,11.4,18.4,217.0,85.1,1.3,4.4,6.6,8.1,1,1,05:48 AM,07:27 PM,08:07 PM,06:14 AM,Waning Gibbous,100,Normal
Botswana,Gaborone,-24.65,25.91,Africa/Gaborone,1718632800,2024-06-17 16:00,22.5,72.4,Partly Cloudy,7.4,11.9,19,NNE,1018.0,30.05,0.0,0.0,31,37,23.6,74.4,10.0,6.0,7.0,8.5,13.7,333.8,50.1,6.1,1.6,8.6,11.7,1,1,06:59 AM,05:36 PM,02:05 PM,02:32 AM,Waxing Gibbous,75,Normal
Malta,Valletta,35.8997,14.5147,Europe/Malta,1746522000,2025-05-06 11:00,22.1,71.8,Sunny,9.2,14.8,1,N,1010.0,29.83,0.0,0.0,69,0,24.6,76.2,10.0,6.0,5.4,14.5,23.4,231.25,75.0,15.91,2.59,20.35,48.47,2,2,06:04 AM,07:53 PM,02:18 PM,03:03 AM,Waxing Gibbous,63,Normal
Nepal,Kathmandu,27.7167,85.3167,Asia/Kathmandu,1762760700,2025-11-10 13:30,23.1,73.6,Sunny,2.9,4.7,300,WNW,1018.0,30.06,0.0,0.0,38,25,24.8,76.7,8.0,4.0,4.5,3.4,5.4,848.85,123.0,8.65,9.15,26.75,28.95,2,3,06:21 AM,05:14 PM,09:59 PM,11:25 AM,Waning Gibbous,76,Normal
Indonesia,Laos,-8.1826,114.3188,Asia/Jakarta,1766733300,2025-12-26 14:15,31.6,88.8,Patchy rain nearby,6.3,10.1,195,SSW,1005.0,29.68,0.32,0.01,59,74,36.2,97.1,9.0,5.0,7.4,7.4,11.9,391.85,69.0,8.15,3.75,35.35,36.95,2,3,05:05 AM,05:42 PM,10:01 AM,10:27 PM,Waxing Crescent,28,Normal
Thailand,Nan,18.7833,100.7833,Asia/Bangkok,1765437300,2025-12-11 14:15,24.2,75.6,Partly cloudy,2.2,3.6,157,SSE,1015.0,29.97,0.0,0.0,65,75,25.9,78.6,10.0,6.0,0.8,3.7,6.0,354.85,21.0,18.05,2.75,20.05,20.25,2,2,06:39 AM,05:41 PM,No moonrise,11:58 AM,Waning Gibbous,62,Normal
Central African Republic,Bangui,4.3667,18.5833,Africa/Bangui,1736849700,2025-01-14 11:15,30.4,86.7,Sunny,7.8,12.6,28,NNE,1011.0,29.85,0.0,0.0,33,0,28.2,82.7,10.0,6.0,7.6,9.0,14.5,660.45,130.0,2.035,2.96,75.11,143.005,4,10,05:58 AM,05:52 PM,06:33 PM,06:21 AM,Waning Gibbous,100,Normal
Uganda,Kampala,0.3156,32.5656,Africa/Kampala,1734000300,2024-12-12 13:45,29.4,84.9,Patchy rain nearby,7.4,11.9,159,SSE,1009.0,29.79,0.02,0.0,40,77,29.4,84.8,10.0,6.0,10.5,8.5,13.7,410.7,77.0,1.85,1.295,17.945,22.94,2,2,06:40 AM,06:47 PM,04:00 PM,03:33 AM,Waxing Gibbous,84,Normal
Philippines,Manila,14.6042,120.9822,Asia/Manila,1743327000,2025-03-30 17:30,32.2,90.0,Partly cloudy,12.8,20.5,92,E,1010.0,29.83,0.0,0.0,63,75,37.7,99.8,10.0,6.0,0.6,16.3,26.2,736.3,53.0,10.175,16.28,14.985,18.13,1,2,05:53 AM,06:08 PM,06:15 AM,07:01 PM,Waxing Crescent,0,Normal
Philippines,Manila,14.6042,120.9822,Asia/Manila,1755681300,2025-08-20 17:15,32.3,90.1,Overcast,2.2,3.6,137,SE,1008.0,29.77,0.0,0.0,63,50,40.0,103.9,10.0,6.0,0.3,3.0,4.8,1150.7,74.0,23.865,35.705,36.26,38.295,2,4,05:43 AM,06:16 PM,02:33 AM,04:04 PM,Waning Crescent,15,Normal
Madagascar,Antananarivo,-18.9167,47.5167,Indian/Antananarivo,1769670000,2026-01-29 10:00,25.2,77.4,Partly cloudy,2.2,3.6,10,N,1019.0,30.09,0.02,0.0,57,50,26.9,80.5,10.0,6.0,11.8,6.7,10.8,119.85,24.0,5.35,2.05,7.05,7.65,1,1,05:34 AM,06:32 PM,03:31 PM,01:29 AM,Waxing Gibbous,79,Normal
Vatican City,Vatican City,41.904,12.453,Europe/Vatican,1751530500,2025-07-03 10:15,32.3,90.1,Sunny,4.7,7.6,215,SW,1018.0,30.06,0.0,0.0,41,0,31.7,89.1,10.0,6.0,4.9,5.4,8.7,336.7,80.0,17.02,1.11,17.02,25.715,2,2,05:40 AM,08:49 PM,02:07 PM,12:44 AM,Waxing Gibbous,51,Normal
Mali,Bamako,12.65,-8.0,Africa/Bamako,1745053200,2025-04-19 09:00,31.0,87.8,Sunny,6.7,10.8,224,SW,1011.0,29.85,0.0,0.0,52,25,29.7,85.5,10.0,6.0,0.9,7.7,12.4,536.5,73.0,2.035,1.11,52.355,167.61,3,6,06:17 AM,06:45 PM,No moonrise,11:01 AM,Waning Gibbous,70,Normal
Tanzania,Dodoma,-6.1833,35.75,Africa/Dar_es_Salaam,1754469000,2025-08-06 11:30,22.2,72.0,Sunny,9.6,15.5,94,E,1023.0,30.21,0.0,0.0,53,25,24.3,75.7,10.0,6.0,8.8,11.1,17.8,210.9,59.0,1.85,0.37,10.36,11.47,1,1,06:47 AM,06:39 PM,04:11 PM,04:09 AM,Waxing Gibbous,87,Normal
Croatia,Zagreb,45.8,16.0,Europe/Zagreb,1725537600,2024-09-05 14:00,30.1,86.2,Sunny,8.1,13.0,60,ENE,1011.0,29.85,0.0,0.0,38,0,28.1,82.5,10.0,6.0,8.0,12.5,20.2,174.0,86.0,2.2,0.7,16.8,34.0,2,2,06:22 AM,07:26 PM,08:35 AM,08:17 PM,Waxing Crescent,3,Normal
Swaziland,Mbabane,-26.3167,31.1333,Africa/Mbabane,1731833100,2024-11-17 10:45,25.8,78.5,Sunny,4.9,7.9,91,E,1015.0,29.96,0.0,0.0,44,6,26.2,79.1,10.0,6.0,9.1,5.7,9.1,283.05,85.0,11.1,35.89,38.295,38.48,2,4,04:57 AM,06:24 PM,08:30 PM,05:52 AM,Waning Gibbous,98,Normal
Ethiopia,Addis Ababa,9.0333,38.7,Africa/Addis_Ababa,1729502100,2024-10-21 12:15,20.7,69.3,Sunny,9.2,14.8,112,ESE,1015.0,29.98,0.0,0.0,48,5,20.7,69.3,10.0,6.0,12.9,10.6,17.0,310.8,87.0,1.295,1.11,23.125,60.495,2,2,06:13 AM,06:06 PM,09:53 PM,10:02 AM,Waning Gibbous,83,Normal
Bolivia,National,-11.1833,-67.0833,America/La_Paz,1753346700,2025-07-24 04:45,20.7,69.3,Clear,2.2,3.6,274,W,1013.0,29.92,0.0,0.0,61,20,20.7,69.3,10.0,6.0,0.0,3.8,6.0,370.0,21.0,3.33,0.185,16.65,17.02,2,2,06:47 AM,06:22 PM,06:41 AM,06:26 PM,New Moon,1,Normal
United Kingdom,London,51.52,-0.11,Europe/London,1720962900,2024-07-14 14:15,20.3,68.5,Partly cloudy,8.1,13.0,260,W,1011.0,29.85,0.01,0.0,56,75,20.3,68.5,10.0,6.0,5.0,8.7,14.0,160.2,78.7,4.5,3.2,1.5,1.7,1,1,05:00 AM,09:12 PM,02:22 PM,12:01 AM,Waxing Gibbous,50,Normal
Samoa,Apia,-13.83,-171.73,Pacific/Apia,1722170700,2024-07-29 01:45,25.0,77.1,Partly Cloudy,22.4,36.0,152,SSE,1015.0,29.97,0.0,0.0,57,28,26.2,79.1,10.0,6.0,1.0,27.1,43.7,217.0,60.1,0.4,0.3,1.7,6.5,1,1,06:49 AM,06:18 PM,No moonrise,11:48 AM,Last Quarter,51,Normal
Dominica,Roseau,15.3,-61.4,America/Dominica,1743670800,2025-04-03 05:00,25.4,77.7,Patchy rain nearby,25.5,41.0,73,ENE,1016.0,29.99,0.01,0.0,68,71,27.0,80.6,10.0,6.0,0.0,32.6,52.4,236.8,94.0,0.37,0.185,17.02,28.12,2,2,05:59 AM,06:18 PM,10:21 AM,No moonset,Waxing Crescent,29,Normal
Madagascar,Antananarivo,-18.9167,47.5167,Indian/Antananarivo,1743584400,2025-04-02 12:00,27.2,81.0,Partly cloudy,6.9,11.2,102,ESE,1020.0,30.12,0.0,0.0,58,75,27.5,81.5,10.0,6.0,12.6,8.0,12.9,197.95,50.0,1.11,0.925,2.59,2.96,1,1,05:57 AM,05:50 PM,10:00 AM,09:07 PM,Waxing Crescent,17,Normal
Timor-Leste,Dili,-8.5586,125.5736,Asia/Dili,1745743500,2025-04-27 17:45,26.5,79.8,Sunny,2.7,4.3,286,WNW,1008.0,29.77,0.0,0.0,63,9,28.0,82.4,10.0,6.0,1.3,3.1,5.0,185.0,49.0,1.48,2.035,9.62,11.47,1,1,06:40 AM,06:30 PM,05:48 AM,05:57 PM,Waning Crescent,2,Normal
Madagascar,Antananarivo,-18.9167,47.5167,Indian/Antananarivo,1742635800,2025-03-22 12:30,26.2,79.2,Partly cloudy,2.7,4.3,353,N,1019.0,30.09,0.06,0.0,61,75,29.4,84.9,10.0,6.0,10.1,3.5,5.6,431.05,45.0,1.665,2.22,5.365,5.365,1,1,05:54 AM,05:59 PM,11:37 PM,12:37 PM,Last Quarter,56,Normal
Philippines,Manila,14.6042,120.9822,Asia/Manila,1766991600,2025-12-29 15:00,31.3,88.3,Patchy rain nearby,2.2,3.6,215,SW,1008.0,29.77,0.02,0.0,66,25,36.8,98.2,10.0,6.0,2.6,6.7,10.8,524.85,37.0,20.15,18.55,18.95,19.95,2,2,06:20 AM,05:37 PM,12:41 PM,12:40 AM,Waxing Gibbous,60,Normal
South Africa,Pretoria,-25.7469,28.188,Africa/Johannesburg,1734172200,2024-12-14 12:30,33.4,92.1,Sunny,12.8,20.5,26,NNE,1019.0,30.09,0.0,0.0,30,0,32.3,90.2,10.0,6.0,13.0,14.7,23.6,268.25,115.0,3.145,9.62,14.8,14.985,1,2,05:10 AM,06:54 PM,06:17 PM,03:50 AM,Waxing Gibbous,97,Normal
Singapore,Singapore,1.29,103.86,Asia/Singapore,1725451200,2024-09-04 20:00,29.3,84.7,Partly cloudy,2.5,4.0,170,S,1009.0,29.8,0.0,0.0,62,75,33.6,92.5,10.0,6.0,1.0,8.3,13.4,2403.3,0.0,68.6,77.3,24.9,29.5,2,3,07:00 AM,07:08 PM,07:43 AM,08:01 PM,Waxing Crescent,1,Normal
Spain,Madrid,40.4,-3.68,Europe/Madrid,1725192000,2024-09-01 14:00,28.3,82.9,Partly cloudy,11.9,19.1,240,WSW,1016.0,30.0,0.0,0.0,48,50,28.0,82.4,10.0,6.0,7.0,16.3,26.3,220.3,108.7,3.4,0.1,3.2,5.8,1,1,07:43 AM,08:46 PM,05:50 AM,08:21 PM,Waning Crescent,4,Normal
Portugal,Lisbon,38.72,-9.13,Europe/Lisbon,1718460000,2024-06-15 15:00,21.3,70.3,Sunny,17.9,28.8,328,NNW,1018.0,30.07,0.0,0.0,48,0,21.3,70.3,10.0,6.0,6.0,20.6,33.1,161.9,88.7,0.7,0.9,1.7,6.1,1,1,06:11 AM,09:03 PM,02:47 PM,02:12 AM,Waxing Gibbous,57,Normal
Cambodia,Phnom Penh,11.55,104.9167,Asia/Phnom_Penh,1767338100,2026-01-02 14:15,30.7,87.3,Sunny,14.8,23.8,43,NE,1010.0,29.82,0.0,0.0,38,3,30.8,87.5,10.0,6.0,5.9,17.0,27.3,403.85,59.0,8.45,3.45,14.05,14.35,1,2,06:20 AM,05:48 PM,04:37 PM,04:55 AM,Waxing Gibbous,96,Normal
Tunisia,Tunis,36.8028,10.1797,Africa/Tunis,1730538900,2024-11-02 10:15,24.2,75.6,Partly cloudy,11.0,17.6,145,SE,1020.0,30.12,0.0,0.0,69,50,25.6,78.1,10.0,6.0,1.8,12.6,20.3,347.8,71.0,12.21,12.395,34.225,49.21,2,3,06:44 AM,05:21 PM,07:38 AM,05:38 PM,Waxing Crescent,0,Normal
Madagascar,Ivory,-24.3667,46.45,Indian/Antananarivo,1754814600,2025-08-10 11:30,24.8,76.6,Sunny,5.8,9.4,61,ENE,1021.0,30.15,0.0,0.0,39,3,25.2,77.3,10.0,6.0,6.2,6.7,10.8,188.7,46.0,2.96,0.37,6.475,6.845,1,1,06:24 AM,05:35 PM,06:47 PM,07:08 AM,Waning Gibbous,100,Normal
Indonesia,Laos,-8.1826,114.3188,Asia/Jakarta,1728380700,2024-10-08 16:45,28.4,83.2,Patchy rain nearby,6.0,9.7,159,SSE,1011.0,29.85,0.01,0.0,65,80,31.0,87.8,10.0,6.0,7.0,7.0,11.2,360.75,71.0,2.405,4.07,17.205,27.195,2,2,05:04 AM,05:17 PM,08:42 AM,09:44 PM,Waxing Crescent,23,Normal
Lithuania,Vilnius,54.68,25.32,Europe/Vilnius,1723119300,2024-08-08 15:15,24.5,76.1,Partly Cloudy,3.4,5.4,278,W,1013.0,29.92,0.0,0.0,48,59,25.4,77.7,10.0,6.0,6.0,3.9,6.3,190.3,76.5,1.2,0.4,1.7,2.0,1,1,05:42 AM,09:05 PM,10:00 AM,10:15 PM,Waxing Crescent,11,Normal
Pakistan,Islamabad,33.7,73.1667,Asia/Karachi,1750668300,2025-06-23 13:45,33.6,92.6,Patchy rain nearby,3.1,5.0,147,SSE,998.0,29.47,1.17,0.05,55,72,39.6,103.3,9.0,5.0,9.4,5.1,8.2,1017.5,122.0,34.965,25.16,83.435,168.35,4,10,04:58 AM,07:22 PM,02:27 AM,05:27 PM,Waning Crescent,10,Normal
Timor-Leste,Dili,-8.5586,125.5736,Asia/Dili,1750927500,2025-06-26 17:45,27.3,81.2,Patchy rain nearby,2.2,3.6,154,SSE,1011.0,29.85,0.02,0.0,67,70,29.4,84.9,10.0,6.0,0.8,6.7,10.8,160.95,42.0,2.59,0.555,6.66,8.51,1,1,06:52 AM,06:29 PM,07:31 AM,07:23 PM,Waxing Crescent,0,Normal
Nepal,Kathmandu,27.7167,85.3167,Asia/Kathmandu,1771742700,2026-02-22 12:30,21.3,70.3,Sunny,5.6,9.0,210,SSW,1015.0,29.97,0.0,0.0,38,25,21.3,70.3,7.0,4.0,6.6,6.4,10.4,925.85,120.0,13.15,10.95,66.55,67.65,4,9,06:35 AM,06:00 PM,09:16 AM,11:01 PM,Waxing Crescent,21,Normal
Cameroon,Yaounde,3.87,11.52,Africa/Douala,1716732000,2024-05-26 15:00,31.0,87.8,Partly cloudy,3.8,6.1,210,SSW,1015.0,29.97,0.0,0.0,55,75,34.7,94.4,8.0,4.0,7.0,8.3,13.3,363.8,21.6,0.8,0.3,2.5,4.2,1,1,06:01 AM,06:20 PM,09:16 PM,08:27 AM,Waning Gibbous,93,Normal
Belgium,'S Gravenjansdijk,51.25,3.63,Europe/Brussels,1725797700,2024-09-08 14:15,21.0,69.8,Partly Cloudy,17.2,27.7,190,S,1007.0,29.74,0.0,0.0,52,62,21.0,69.9,10.0,6.0,6.0,20.2,32.5,416.25,74.0,10.36,3.515,7.4,9.25,1,1,07:10 AM,08:15 PM,01:03 PM,09:40 PM,Waxing Crescent,20,Normal
Slovakia,Bratislava,48.15,17.1167,Europe/Bratislava,1751617800,2025-07-04 10:30,24.1,75.4,Partly Cloudy,13.9,22.3,344,NNW,1022.0,30.18,0.0,0.0,57,0,25.6,78.1,10.0,6.0,1.3,15.9,25.7,251.6,76.0,11.285,3.145,7.215,8.325,1,1,04:57 AM,08:54 PM,03:05 PM,12:33 AM,Waxing Gibbous,60,Normal
Guinea-Bissau,Bissau,11.85,-15.5833,Africa/Bissau,1772433900,2026-03-02 06:45,21.5,70.7,Clear,10.3,16.6,10,N,1010.0,29.81,0.0,0.0,43,17,21.5,70.6,10.0,6.0,0.0,19.0,30.6,159.85,47.0,2.85,1.65,53.15,115.45,3,6,07:17 AM,07:12 PM,06:33 PM,06:30 AM,Waxing Gibbous,97,Normal
Qatar,Doha,25.2867,51.5333,Asia/Qatar,1732523400,2024-11-25 11:30,28.3,82.9,Sunny,4.0,6.5,101,ESE,1014.0,29.94,0.0,0.0,58,0,27.7,81.9,10.0,6.0,4.9,5.1,8.2,793.65,67.0,74.37,20.535,40.33,68.08,2,4,05:58 AM,04:43 PM,12:47 AM,01:14 PM,Waning Crescent,33,Normal
North Korea,Pyongyang,39.0194,125.7547,Asia/Pyongyang,1749891600,2025-06-14 18:00,27.3,81.1,Sunny,9.8,15.8,303,WNW,1000.0,29.53,0.0,0.0,57,4,28.4,83.1,10.0,6.0,0.9,11.7,18.8,362.6,55.0,17.945,16.835,17.02,18.315,2,2,05:11 AM,08:04 PM,10:47 PM,07:18 AM,Waning Gibbous,95,Normal
Mauritius,Port Louis,-20.1619,57.4989,Indian/Mauritius,1739700900,2025-02-16 14:15,30.1,86.2,Partly cloudy,8.3,13.3,114,ESE,1009.0,29.8,0.24,0.01,66,50,38.4,101.2,10.0,6.0,7.1,13.7,22.1,194.25,41.0,2.96,2.775,4.625,6.29,1,1,06:02 AM,06:46 PM,09:04 PM,09:00 AM,Waning Gibbous,90,Normal
Myanmar,Rangoon,16.7833,96.1667,Asia/Yangon,1765005300,2025-12-06 13:45,31.1,88.0,Partly cloudy,5.1,8.3,27,NNE,1013.0,29.91,0.0,0.0,66,50,32.4,90.4,7.0,4.0,6.6,5.9,9.5,548.85,56.0,7.45,8.55,17.85,18.05,2,2,06:21 AM,05:32 PM,06:57 PM,07:39 AM,Waning Gibbous,99,Normal
Iraq,Baghdad,33.3386,44.3939,Asia/Baghdad,1741945500,2025-03-14 12:45,25.2,77.4,Sunny,10.7,17.3,315,NW,1019.0,30.09,0.0,0.0,39,0,24.5,76.1,10.0,6.0,6.7,12.3,19.9,925.0,61.0,74.185,52.355,34.04,43.66,2,3,06:14 AM,06:09 PM,06:24 PM,06:15 AM,Full Moon,100,Normal
Bulgaria,Bogot,43.3167,24.7,Europe/Sofia,1745398800,2025-04-23 12:00,22.6,72.6,Sunny,5.6,9.0,40,NE,1013.0,29.92,0.0,0.0,52,10,24.6,76.3,10.0,6.0,5.8,6.4,10.4,286.75,60.0,8.88,3.7,31.635,43.66,2,3,06:26 AM,08:14 PM,04:17 AM,02:53 PM,Waning Crescent,31,Normal
Thailand,Bangkok,13.75,100.5167,Asia/Bangkok,1763968500,2025-11-24 14:15,31.2,88.2,Partly Cloudy,7.4,11.9,16,NNE,1010.0,29.83,0.0,0.0,52,25,33.9,92.9,10.0,6.0,6.9,8.5,13.7,742.85,46.0,34.05,24.35,24.35,24.45,2,3,06:22 AM,05:47 PM,09:37 AM,09:03 PM,Waxing Crescent,10,Normal
Slovenia,Ljubljana,46.0553,14.5144,Europe/Ljubljana,1753345800,2025-07-24 10:30,29.0,84.2,Sunny,2.2,3.6,118,ESE,1010.0,29.83,0.0,0.0,45,0,30.1,86.1,10.0,6.0,4.5,6.7,10.8,294.15,64.0,16.095,1.11,21.83,27.01,2,2,05:35 AM,08:41 PM,04:34 AM,08:57 PM,New Moon,1,Normal
Comoros,Moroni,-11.7042,43.2403,Indian/Comoro,1756972800,2025-09-04 11:00,25.9,78.6,Sunny,13.2,21.2,172,S,1018.0,30.06,0.0,0.0,62,14,27.2,81.0,10.0,6.0,10.4,15.2,24.4,229.4,75.0,0.74,0.555,9.25,13.32,1,1,06:08 AM,06:04 PM,03:07 PM,03:25 AM,Waxing Gibbous,83,Normal
Brunei Darussalam,Bandar Seri Begawan,4.8833,114.9333,Asia/Brunei,1768633200,2026-01-17 15:00,30.3,86.5,Partly cloudy,7.6,12.2,320,NW,1008.0,29.77,0.03,0.0,66,75,36.1,97.0,10.0,6.0,4.9,9.9,15.9,328.85,37.0,3.15,2.15,2.65,3.05,1,1,06:34 AM,06:26 PM,05:08 AM,05:11 PM,Waning Crescent,5,Normal
Belgium,'S Gravenjansdijk,51.25,3.63,Europe/Brussels,1723379400,2024-08-11 14:30,26.5,79.7,Sunny,6.9,11.2,56,ENE,1020.0,30.12,0.0,0.0,52,8,27.2,81.0,10.0,6.0,7.0,8.0,12.9,223.6,131.6,4.3,6.3,10.9,17.4,1,1,06:26 AM,09:14 PM,02:03 PM,11:18 PM,Waxing Crescent,34,Normal
Sudan,Khartoum,15.5881,32.5342,Africa/Khartoum,1764141300,2025-11-26 09:15,26.1,78.9,Sunny,13.6,22.0,359,N,1014.0,29.93,0.0,0.0,37,0,25.9,78.6,10.0,6.0,3.5,16.2,26.0,207.85,53.0,2.55,3.65,38.55,79.75,2,4,05:58 AM,05:17 PM,10:51 AM,10:28 PM,Waxing Crescent,27,Normal
Nepal,Kathmandu,27.7167,85.3167,Asia/Kathmandu,1771483500,2026-02-19 12:30,21.2,70.2,Mist,4.0,6.5,274,W,1023.0,30.21,0.0,0.0,43,75,21.2,70.2,5.0,3.0,5.3,4.6,7.5,1211.85,99.0,26.25,17.25,85.65,89.75,4,10,06:38 AM,05:58 PM,07:36 AM,07:51 PM,Waxing Crescent,2,Normal
Palau,Airai,7.3575,134.5578,Pacific/Palau,1746607500,2025-05-07 17:45,30.1,86.2,Partly cloudy,11.9,19.1,63,ENE,1007.0,29.74,0.02,0.0,70,75,35.6,96.1,23.0,14.0,2.6,15.8,25.4,222.0,44.0,1.11,0.555,4.625,7.4,1,1,05:46 AM,06:11 PM,02:12 PM,01:58 AM,Waxing Gibbous,70,Normal
Cambodia,Phnom Penh,11.55,104.9167,Asia/Phnom_Penh,1728811800,2024-10-13 16:30,33.3,91.9,Partly cloudy,2.9,4.7,17,NNE,1006.0,29.71,0.01,0.0,63,50,40.8,105.4,10.0,6.0,0.9,4.0,6.4,558.7,86.0,6.845,15.355,29.785,43.29,2,3,05:50 AM,05:44 PM,02:31 PM,01:30 AM,Waxing Gibbous,73,Normal
Myanmar,Yangon,16.7833,96.1667,Asia/Yangon,1736852400,2025-01-14 17:30,30.2,86.4,Partly cloudy,2.9,4.7,321,NW,1012.0,29.88,0.0,0.0,59,50,30.3,86.5,7.0,4.0,0.0,5.1,8.2,830.65,154.0,5.365,17.205,28.12,28.305,2,3,06:37 AM,05:52 PM,06:17 PM,06:55 AM,Full Moon,100,Normal
Bosnia and Herzegovina,Sarajevo,43.85,18.3833,Europe/Sarajevo,1751531400,2025-07-03 10:30,25.4,77.7,Sunny,2.2,3.6,15,NNE,1021.0,30.15,0.0,0.0,34,0,24.3,75.7,10.0,6.0,6.1,6.7,10.8,257.15,71.0,9.25,10.915,13.135,18.5,1,2,05:09 AM,08:32 PM,01:45 PM,12:18 AM,Waxing Gibbous,51,Normal
Austria,Vienna,48.2,16.3667,Europe/Vienna,1751794200,2025-07-06 11:30,30.0,86.0,Sunny,6.3,10.1,141,SE,1011.0,29.85,0.0,0.0,35,0,29.3,84.8,10.0,6.0,6.3,7.2,11.6,370.0,79.0,13.875,2.96,15.17,23.125,1,2,05:02 AM,08:57 PM,05:28 PM,01:12 AM,Waxing Gibbous,78,Normal
Mauritius,Port Louis,-20.1619,57.4989,Indian/Mauritius,1759910400,2025-10-08 12:00,25.2,77.4,Partly cloudy,12.1,19.4,87,E,1022.0,30.18,0.01,0.0,65,50,26.2,79.1,10.0,6.0,11.8,13.9,22.4,94.85,60.0,2.65,1.75,7.95,11.75,1,1,05:46 AM,06:10 PM,07:38 PM,06:20 AM,Waning Gibbous,99,Normal
Azerbaijan,Baku,40.3953,49.8822,Asia/Baku,1752914700,2025-07-19 12:45,30.0,86.0,Partly Cloudy,4.7,7.6,101,ESE,1010.0,29.83,0.0,0.0,59,25,30.8,87.4,10.0,6.0,8.6,6.4,10.3,299.7,103.0,7.585,1.295,22.94,25.53,2,2,05:27 AM,08:07 PM,12:06 AM,02:53 PM,Waning Crescent,41,Normal
El Salvador,San Salvador,13.7086,-89.2031,America/El_Salvador,1738062000,2025-01-28 05:00,26.4,79.5,Clear,4.3,6.8,347,NNW,1010.0,29.82,0.0,0.0,61,0,30.5,86.8,10.0,6.0,0.0,8.1,13.0,314.5,86.0,2.405,3.515,4.625,4.995,1,1,06:24 AM,05:56 PM,05:46 AM,05:20 PM,Waning Crescent,2,Normal
Tanzania,Dodoma,-6.1833,35.75,Africa/Dar_es_Salaam,1734087600,2024-12-13 14:00,30.7,87.3,Partly Cloudy,2.5,4.0,108,ESE,1008.0,29.77,0.0,0.0,36,39,30.6,87.0,10.0,6.0,11.8,2.8,4.6,307.1,71.0,0.37,0.37,8.88,11.47,1,1,06:17 AM,06:46 PM,04:56 PM,04:04 AM,Waxing Gibbous,92,Normal
Mongolia,Ulaanbaatar,47.92,106.92,Asia/Ulaanbaatar,1724674500,2024-08-26 20:15,21.1,70.0,Clear,9.4,15.1,170,S,1015.0,29.97,0.06,0.0,60,0,21.1,70.0,10.0,6.0,1.0,13.9,22.3,217.0,27.2,11.3,9.3,8.3,20.8,1,1,06:02 AM,07:45 PM,10:38 PM,02:30 PM,Last Quarter,54,Normal
Seychelles Islands,Victoria,-4.6167,55.45,Indian/Mahe,1753778700,2025-07-29 12:45,27.2,81.0,Partly cloudy,18.1,29.2,158,SSE,1015.0,29.97,0.0,0.0,70,50,30.4,86.7,10.0,6.0,10.4,24.3,39.2,157.25,66.0,1.295,1.48,19.795,31.635,2,2,06:27 AM,06:22 PM,09:49 AM,10:09 PM,Waxing Crescent,17,Normal
Philippines,Manila,14.6042,120.9822,Asia/Manila,1738491300,2025-02-02 18:15,31.1,88.0,Partly cloudy,5.8,9.4,158,SSE,1008.0,29.77,0.0,0.0,63,25,35.6,96.2,10.0,6.0,0.0,8.8,14.2,1150.7,85.0,15.355,28.305,29.23,33.855,2,3,06:24 AM,05:56 PM,09:06 AM,09:34 PM,Waxing Crescent,13,Normal
Tanzania,Dodoma,-6.1833,35.75,Africa/Dar_es_Salaam,1733050800,2024-12-01 14:00,23.3,73.9,Partly Cloudy,2.2,3.6,89,E,1011.0,29.86,0.0,0.0,68,49,25.1,77.3,10.0,6.0,10.7,6.7,10.8,360.75,74.0,1.295,0.185,6.845,6.845,1,1,06:12 AM,06:40 PM,06:04 AM,06:56 PM,New Moon,0,Normal
Cambodia,Phnom Penh,11.55,104.9167,Asia/Phnom_Penh,1769756400,2026-01-30 14:00,32.4,90.3,Sunny,2.2,3.6,352,N,1011.0,29.86,0.0,0.0,37,14,32.9,91.3,10.0,6.0,6.7,6.7,10.8,468.85,36.0,18.75,12.45,27.25,29.45,2,3,06:25 AM,06:02 PM,03:25 PM,03:44 AM,Waxing Gibbous,86,Normal
Mauritius,Port Louis,-20.1619,57.4989,Indian/Mauritius,1772174700,2026-02-27 10:45,30.3,86.5,Partly cloudy,3.8,6.1,38,NE,1012.0,29.88,0.0,0.0,66,50,33.2,91.8,10.0,6.0,9.0,4.4,7.1,168.85,21.0,7.75,3.45,8.15,9.85,1,1,06:07 AM,06:38 PM,03:44 PM,01:42 AM,Waxing Gibbous,75,Normal
Egypt,Cairo,30.05,31.25,Africa/Cairo,1731488400,2024-11-13 11:00,23.4,74.1,Partly cloudy,14.1,22.7,19,NNE,1021.0,30.15,0.0,0.0,65,50,25.0,77.0,6.0,3.0,3.0,16.2,26.1,575.35,44.0,63.455,76.405,33.115,49.58,2,3,06:19 AM,05:00 PM,03:11 PM,03:17 AM,Waxing Gibbous,87,Normal
Switzerland,Bern,46.92,7.47,Europe/Zurich,1725279300,2024-09-02 14:15,25.2,77.4,Partly cloudy,2.5,4.0,340,NNW,1015.0,29.97,0.17,0.01,61,25,26.1,79.0,10.0,6.0,6.0,3.1,5.0,223.6,115.9,1.8,1.3,3.5,3.8,1,1,06:51 AM,08:07 PM,05:53 AM,08:08 PM,New Moon,1,Normal
Thailand,Nan,18.7833,100.7833,Asia/Bangkok,1733481000,2024-12-06 17:30,30.4,86.7,Sunny,3.6,5.8,244,WSW,1009.0,29.8,0.01,0.0,59,0,35.9,96.6,10.0,6.0,0.2,5.9,9.5,510.6,98.0,3.7,7.4,19.98,20.35,2,2,06:36 AM,05:40 PM,10:52 AM,10:19 PM,Waxing Crescent,20,Normal
Mauritius,Port Louis,-20.1619,57.4989,Indian/Mauritius,1751705100,2025-07-05 12:45,25.4,77.7,Overcast,21.3,34.2,106,ESE,1023.0,30.21,0.0,0.0,57,50,26.6,80.0,10.0,6.0,6.3,24.4,39.3,164.65,65.0,2.96,2.96,11.285,17.76,1,1,06:46 AM,05:43 PM,01:19 PM,01:52 AM,Waxing Gibbous,69,Normal
Mauritania,Nouakchott,18.0864,-15.9753,Africa/Nouakchott,1737455400,2025-01-21 10:30,20.9,69.7,Partly Cloudy,9.6,15.5,72,ENE,1017.0,30.02,0.0,0.0,31,28,20.9,69.7,10.0,6.0,2.7,15.7,25.2,386.65,50.0,1.295,0.74,43.29,294.705,3,5,07:39 AM,06:52 PM,12:35 AM,12:22 PM,Last Quarter,58,Normal
Comoros,Moroni,-11.7042,43.2403,Indian/Comoro,1751795100,2025-07-06 12:45,25.3,77.6,Patchy rain nearby,9.4,15.1,182,S,1019.0,30.08,0.02,0.0,62,80,26.6,79.9,10.0,6.0,8.0,10.8,17.4,194.25,73.0,0.74,0.74,9.99,14.615,1,1,06:28 AM,05:56 PM,02:12 PM,02:28 AM,Waxing Gibbous,77,Normal
Somalia,Mogadishu,2.0667,45.3667,Africa/Mogadishu,1733568300,2024-12-07 13:45,30.1,86.2,Partly cloudy,17.2,27.7,85,E,1010.0,29.83,0.0,0.0,70,25,33.5,92.3,10.0,6.0,9.9,20.1,32.4,334.85,83.0,0.185,0.555,20.72,26.64,2,2,05:50 AM,05:51 PM,11:04 AM,11:23 PM,Waxing Crescent,31,Normal
Bulgaria,Bogot,43.32,24.7,Europe/Sofia,1717164900,2024-05-31 17:15,27.3,81.2,Patchy rain nearby,2.2,3.6,235,SW,1010.0,29.83,0.01,0.0,44,72,27.5,81.5,10.0,6.0,6.0,2.3,3.8,185.3,103.0,1.0,0.9,2.5,2.7,1,1,05:44 AM,08:54 PM,02:23 AM,01:48 PM,Waning Crescent,47,Normal
Mozambique,Maputo,-25.9653,32.5892,Africa/Maputo,1773210600,2026-03-11 08:30,22.0,71.6,Partly cloudy,13.4,21.6,196,SSW,1022.0,30.18,0.41,0.02,69,75,24.5,76.1,10.0,6.0,1.6,21.7,35.0,66.85,46.0,1.85,1.55,4.85,6.35,1,1,05:49 AM,06:10 PM,11:16 PM,12:55 PM,Last Quarter,55,Normal
Georgia,Tbilisi,41.73,44.79,Asia/Tbilisi,1723378500,2024-08-11 16:15,29.4,84.8,Patchy rain nearby,2.9,4.7,27,NNE,1011.0,29.85,0.05,0.0,45,81,30.0,85.9,10.0,6.0,6.0,3.6,5.7,220.3,55.1,1.9,0.3,4.0,5.4,1,1,06:05 AM,08:06 PM,12:45 PM,10:59 PM,Waxing Crescent,34,Normal
Andorra,Andorra La Vella,42.5,1.52,Europe/Andorra,1723206600,2024-08-09 14:30,27.2,81.0,Patchy rain nearby,3.1,5.0,233,SW,1020.0,30.12,0.15,0.01,35,77,26.8,80.2,10.0,6.0,6.0,3.6,5.8,158.6,70.1,0.4,0.1,5.1,6.7,1,1,06:55 AM,09:03 PM,11:43 AM,11:13 PM,Waxing Crescent,18,Normal
Qatar,Doha,25.2867,51.5333,Asia/Qatar,1765610100,2025-12-13 10:15,26.3,79.3,Partly Cloudy,12.1,19.4,17,NNE,1015.0,29.97,0.0,0.0,61,0,27.5,81.5,10.0,6.0,3.6,14.3,23.0,222.85,74.0,16.35,7.65,25.25,51.85,2,3,06:10 AM,04:45 PM,12:19 AM,12:22 PM,Waning Crescent,40,Normal
Jordan,Amman,31.95,35.93,Asia/Amman,1727001000,2024-09-22 13:30,26.3,79.3,Partly cloudy,15.7,25.2,256,WSW,1015.0,29.97,0.02,0.0,42,25,26.8,80.2,7.0,4.0,5.0,18.0,29.0,236.8,85.0,5.735,13.875,19.98,29.415,2,2,06:24 AM,06:32 PM,09:27 PM,11:15 AM,Waning Gibbous,79,Normal
Congo,Brazzaville,-4.2592,15.2847,Africa/Brazzaville,1743155100,2025-03-28 10:45,29.0,84.2,Partly cloudy,2.7,4.3,192,SSW,1013.0,29.91,0.36,0.01,70,25,31.2,88.1,8.0,4.0,5.8,3.3,5.3,686.35,51.0,8.325,1.85,18.685,19.055,2,2,06:02 AM,06:06 PM,04:58 AM,05:24 PM,Waning Crescent,3,Normal
Rwanda,Kigali,-1.9536,30.0606,Africa/Kigali,1767423600,2026-01-03 09:00,22.2,72.0,Patchy rain nearby,2.2,3.6,43,NE,1021.0,30.15,0.04,0.0,69,25,24.6,76.3,8.0,4.0,5.5,6.7,10.8,308.85,43.0,9.25,2.15,38.45,38.95,2,4,05:57 AM,06:11 PM,06:27 PM,05:45 AM,Full Moon,99,Normal
Niger,Niamey,13.52,2.12,Africa/Niamey,1722514500,2024-08-01 13:15,31.3,88.3,Partly Cloudy,14.1,22.7,218,SW,1009.0,29.8,0.0,0.0,52,61,33.9,93.0,10.0,6.0,8.0,21.8,35.1,377.2,27.5,0.4,0.4,1.1,2.3,1,1,06:36 AM,07:19 PM,03:40 AM,05:09 PM,Waning Crescent,12,Normal
Ghana,Accra,5.55,-0.2167,Africa/Accra,1737800100,2025-01-25 10:15,30.2,86.4,Partly cloudy,7.6,12.2,232,SW,1013.0,29.91,0.0,0.0,70,75,35.0,95.0,8.0,4.0,5.8,9.9,15.9,512.45,87.0,3.885,9.25,27.935,69.56,2,3,06:17 AM,06:09 PM,02:30 AM,02:32 PM,Waning Crescent,22,Normal
Thailand,Bangkok,13.75,100.5167,Asia/Bangkok,1771056000,2026-02-14 15:00,34.4,93.9,Partly Cloudy,9.2,14.8,180,S,1010.0,29.83,0.0,0.0,47,25,35.4,95.8,10.0,6.0,7.0,10.6,17.0,1780.85,80.0,14.35,7.85,22.65,23.95,2,2,06:41 AM,06:22 PM,04:10 AM,03:36 PM,Waning Crescent,14,Normal
Azerbaijan,Baku,40.3953,49.8822,Asia/Baku,1746522000,2025-05-06 13:00,21.0,69.8,Sunny,24.8,40.0,353,N,1011.0,29.85,0.0,0.0,64,0,21.0,69.8,10.0,6.0,7.9,30.8,49.6,299.7,83.0,5.92,0.925,28.49,82.325,2,3,05:34 AM,07:41 PM,01:46 PM,02:46 AM,Waxing Gibbous,63,Normal
Switzerland,Bern,46.92,7.47,Europe/Zurich,1722428100,2024-07-31 14:15,32.6,90.6,Sunny,4.3,6.8,246,WSW,1011.0,29.85,0.0,0.0,39,4,33.6,92.4,10.0,6.0,8.0,4.9,7.9,195.3,98.7,1.3,1.1,4.5,7.8,1,1,06:09 AM,09:03 PM,01:33 AM,06:43 PM,Waning Crescent,20,Normal
Indonesia,Jakarta,-6.2146,106.8451,Asia/Jakarta,1754814600,2025-08-10 15:30,31.1,88.0,Patchy rain nearby,7.2,11.5,9,N,1008.0,29.77,0.01,0.0,63,25,34.2,93.5,7.0,4.0,3.7,8.2,13.2,11608.8,20.0,165.575,88.8,221.445,222.185,5,10,06:02 AM,05:55 PM,06:52 PM,06:39 AM,Waning Gibbous,100,Normal
Nigeria,Abuja,9.1758,7.1808,Africa/Lagos,1767338100,2026-01-02 08:15,22.1,71.8,Sunny,2.2,3.6,175,S,1012.0,29.88,0.0,0.0,69,0,23.5,74.3,10.0,6.0,0.7,2.7,4.4,490.85,24.0,19.15,3.45,86.75,258.85,4,10,06:47 AM,06:23 PM,05:33 PM,05:39 AM,Waxing Gibbous,97,Normal
Vietnam,Hanoi,21.03,105.85,Asia/Bangkok,1719665100,2024-06-29 19:45,31.2,88.2,Partly cloudy,8.1,13.0,180,S,1003.0,29.62,0.0,0.0,66,50,37.4,99.2,10.0,6.0,1.0,20.4,32.8,827.8,52.9,29.1,25.5,22.8,28.1,2,2,05:18 AM,06:42 PM,No moonrise,12:16 PM,Waning Crescent,49,Normal
Montenegro,Podgorica,42.44,19.26,Europe/Podgorica,1718460000,2024-06-15 16:00,28.3,82.9,Partly cloudy,5.6,9.0,190,S,1012.0,29.88,0.0,0.0,45,25,30.8,87.4,10.0,6.0,6.0,6.2,9.9,175.2,75.1,1.1,0.9,5.2,5.5,1,1,05:05 AM,08:22 PM,01:51 PM,01:18 AM,Waxing Gibbous,57,Normal
Yemen,Sanaa,15.35,44.21,Asia/Aden,1724070600,2024-08-19 15:30,26.6,79.9,Patchy light drizzle,15.7,25.2,15,NNE,1007.0,29.73,0.31,0.01,33,83,26.0,78.9,5.0,3.0,6.0,18.0,29.0,200.3,83.7,1.5,4.9,25.9,82.7,2,3,05:49 AM,06:24 PM,06:23 PM,05:12 AM,Full Moon,99,Normal
Turkey,Yaren,39.55,27.6167,Europe/Istanbul,1749977100,2025-06-15 11:45,24.0,75.2,Sunny,18.6,29.9,20,NNE,1017.0,30.03,0.0,0.0,44,25,24.2,75.6,10.0,6.0,6.7,21.4,34.4,271.95,76.0,2.96,1.85,10.915,13.875,1,1,05:42 AM,08:39 PM,No moonrise,09:15 AM,Waning Gibbous,87,Normal
Egypt,Cairo,30.05,31.25,Africa/Cairo,1761379200,2025-10-25 11:00,28.3,82.9,Sunny,5.6,9.0,333,NNW,1016.0,30.0,0.0,0.0,40,0,27.2,81.0,6.0,3.0,4.0,6.4,10.4,238.85,25.0,30.05,69.75,28.55,46.75,2,3,07:04 AM,06:14 PM,10:35 AM,08:32 PM,Waxing Crescent,10,Normal
Croatia,Zagreb,45.8,16.0,Europe/Zagreb,1717336800,2024-06-02 16:00,26.0,78.8,Sunny,2.2,3.6,241,WSW,1014.0,29.94,0.0,0.0,48,0,26.1,79.1,10.0,6.0,6.0,9.8,15.7,183.6,104.4,2.7,0.1,1.4,2.5,1,1,05:09 AM,08:40 PM,02:39 AM,03:59 PM,Waning Crescent,25,Normal
Swaziland,Mbabane,-26.3167,31.1333,Africa/Mbabane,1746002700,2025-04-30 10:45,20.4,68.6,Sunny,4.7,7.6,301,WNW,1012.0,29.89,0.0,0.0,62,16,20.4,68.6,10.0,6.0,4.6,5.4,8.7,255.3,48.0,2.405,1.665,2.405,2.59,1,1,06:19 AM,05:26 PM,09:16 AM,07:40 PM,Waxing Crescent,7,Normal
Madagascar,Ivory,-24.3667,46.45,Indian/Antananarivo,1747557900,2025-05-18 11:45,28.0,82.4,Sunny,2.7,4.3,10,N,1016.0,30.0,0.0,0.0,47,6,28.4,83.2,10.0,6.0,5.7,3.1,5.0,159.1,37.0,1.85,0.185,4.255,4.625,1,1,06:24 AM,05:17 PM,10:08 PM,11:13 AM,Waning Gibbous,76,Normal
Romania,Bucharest,44.4333,26.1,Europe/Bucharest,1753001100,2025-07-20 11:45,28.3,82.9,Sunny,3.6,5.8,218,SW,1010.0,29.83,0.0,0.0,42,0,27.3,81.1,10.0,6.0,6.0,4.1,6.6,397.75,56.0,18.5,7.215,17.02,25.715,2,2,05:50 AM,08:53 PM,01:03 AM,05:08 PM,Waning Crescent,29,Normal
Uganda,Kampala,0.32,32.57,Africa/Kampala,1725451200,2024-09-04 15:00,25.8,78.5,Patchy rain nearby,8.9,14.4,163,SSE,1011.0,29.86,0.01,0.0,53,88,26.6,80.0,10.0,6.0,6.0,10.3,16.6,747.7,47.2,2.6,2.1,17.3,23.8,2,2,06:45 AM,06:52 PM,07:36 AM,07:54 PM,Waxing Crescent,1,Normal
Oman,Muscat,23.61,58.59,Asia/Muscat,1725710400,2024-09-07 16:00,32.4,90.2,Sunny,11.4,18.4,101,ESE,1003.0,29.61,0.0,0.0,59,0,37.7,99.8,10.0,6.0,8.0,13.9,22.4,345.95,136.0,17.39,35.15,44.955,96.755,3,5,05:50 AM,06:17 PM,09:11 AM,08:37 PM,Waxing Crescent,13,Normal
Lebanon,Beirut,33.8719,35.5097,Asia/Beirut,1729157400,2024-10-17 12:30,24.4,76.0,Sunny,7.8,12.6,236,WSW,1013.0,29.92,0.0,0.0,66,2,25.9,78.7,10.0,6.0,4.5,9.0,14.5,353.35,90.0,11.84,25.345,22.2,36.075,2,2,06:45 AM,06:01 PM,05:56 PM,06:26 AM,Full Moon,100,Normal
Spain,Madrid,40.4,-3.68,Europe/Madrid,1719236700,2024-06-24 15:45,30.2,86.4,Partly cloudy,4.3,6.8,360,N,1013.0,29.91,0.0,0.0,35,25,28.7,83.6,10.0,6.0,8.0,8.7,14.0,205.3,148.8,3.5,0.2,3.0,3.8,1,1,06:46 AM,09:49 PM,No moonrise,08:54 AM,Waning Gibbous,95,Normal
Djibouti,Djibouti,11.595,43.1481,Africa/Djibouti,1759824000,2025-10-07 11:00,31.8,89.2,Sunny,7.8,12.6,68,ENE,1012.0,29.87,0.0,0.0,50,3,34.6,94.2,10.0,6.0,9.9,9.0,14.5,167.85,82.0,3.15,5.35,24.05,80.95,2,3,05:57 AM,05:54 PM,06:07 PM,05:55 AM,Full Moon,100,Normal
Pakistan,Islamabad,33.7,73.1667,Asia/Karachi,1741686300,2025-03-11 14:45,26.0,78.9,Partly Cloudy,3.4,5.4,240,WSW,1015.0,29.97,0.0,0.0,31,26,25.4,77.8,10.0,6.0,3.1,3.9,6.2,1750.1,60.0,65.305,10.545,50.69,60.31,3,6,06:23 AM,06:12 PM,03:29 PM,04:56 AM,Waxing Gibbous,88,Normal
Botswana,Gaborone,-24.6464,25.9119,Africa/Gaborone,1729071000,2024-10-16 11:30,23.5,74.3,Sunny,13.9,22.3,34,NE,1021.0,30.14,0.0,0.0,36,11,24.4,75.8,10.0,6.0,6.2,15.9,25.7,264.55,64.0,2.22,3.145,9.25,14.06,1,1,05:42 AM,06:22 PM,05:27 PM,04:47 AM,Waxing Gibbous,97,Normal
Mauritius,Port Louis,-20.1619,57.4989,Indian/Mauritius,1749459600,2025-06-09 13:00,26.2,79.2,Partly cloudy,19.0,30.6,104,ESE,1025.0,30.27,0.01,0.0,58,50,27.2,81.0,10.0,6.0,5.8,23.4,37.7,148.0,65.0,2.22,1.295,10.915,17.575,1,1,06:41 AM,05:38 PM,04:01 PM,04:51 AM,Waxing Gibbous,94,Normal
Mauritius,Port Louis,-20.16,57.5,Indian/Mauritius,1720098000,2024-07-04 17:00,24.1,75.4,Partly cloudy,12.5,20.2,100,E,1019.0,30.09,0.0,0.0,54,50,25.7,78.2,10.0,6.0,7.0,21.2,34.1,237.0,60.1,1.7,1.7,2.3,10.5,1,1,06:46 AM,05:43 PM,05:15 AM,04:10 PM,Waning Crescent,5,Normal
Slovenia,Ljubljana,46.06,14.51,Europe/Ljubljana,1716992100,2024-05-29 16:15,21.0,69.8,Partly cloudy,4.3,6.8,110,ESE,1013.0,29.91,0.0,0.0,56,75,21.0,69.8,10.0,6.0,6.0,8.7,14.0,185.3,93.0,1.9,0.7,1.2,1.5,1,1,05:16 AM,08:43 PM,01:23 AM,10:49 AM,Waning Gibbous,69,Normal
Tajikistan,Dushanbe,38.56,68.7739,Asia/Dushanbe,1747645200,2025-05-19 14:00,30.0,86.0,Sunny,2.7,4.3,144,SE,1015.0,29.97,0.0,0.0,31,25,28.4,83.1,7.0,4.0,9.0,3.1,5.0,358.9,83.0,8.51,5.365,37.185,145.225,2,4,05:10 AM,07:34 PM,12:38 AM,10:33 AM,Waning Gibbous,68,Normal
Belarus,Minsk,53.9,27.57,Europe/Minsk,1724587200,2024-08-25 15:00,28.4,83.1,Sunny,11.9,19.1,200,SSW,1019.0,30.09,0.0,0.0,42,0,27.9,82.2,10.0,6.0,7.0,12.9,20.7,227.0,95.8,1.3,1.7,7.0,7.4,1,1,06:06 AM,08:16 PM,09:59 PM,02:11 PM,Waning Gibbous,65,Normal
United Arab Emirates,Abu Dhabi,24.4667,54.3667,Asia/Dubai,1729416600,2024-10-20 13:30,32.1,89.7,Sunny,7.8,12.6,312,NW,1010.0,29.82,0.0,0.0,60,5,37.4,99.3,10.0,6.0,7.4,10.5,16.9,390.35,78.0,41.07,14.06,37.185,74.925,2,4,06:23 AM,05:52 PM,08:11 PM,09:27 AM,Waning Gibbous,91,Normal
Democratic Republic of Congo,Kinshasa,-4.3,15.3,Africa/Kinshasa,1751877900,2025-07-07 09:45,27.0,80.6,Partly Cloudy,3.6,5.8,240,WSW,1016.0,30.0,0.0,0.0,57,49,28.1,82.6,10.0,6.0,2.0,4.1,6.6,754.8,61.0,9.065,1.665,40.515,42.92,3,4,06:07 AM,06:00 PM,03:09 PM,03:00 AM,Waxing Gibbous,85,Normal
Bangladesh,Dhaka,23.7231,90.4086,Asia/Dhaka,1753432200,2025-07-25 14:30,32.8,91.1,Light drizzle,23.9,38.5,96,E,993.0,29.33,0.26,0.01,61,100,39.5,103.0,2.0,1.0,5.6,27.5,44.3,534.65,54.0,20.905,17.575,14.43,14.8,1,2,05:25 AM,06:45 PM,05:37 AM,07:24 PM,Waxing Crescent,0,Normal
Armenia,Yerevan,40.1811,44.5136,Asia/Yerevan,1754469000,2025-08-06 12:30,32.1,89.8,Sunny,6.0,9.7,206,SSW,1012.0,29.88,0.0,0.0,30,25,29.9,85.8,10.0,6.0,9.3,7.0,11.2,271.95,54.0,13.69,1.665,19.425,42.92,2,2,06:05 AM,08:10 PM,06:38 PM,02:26 AM,Waxing Gibbous,87,Normal
Rwanda,Kigali,-1.95,30.06,Africa/Kigali,1727001000,2024-09-22 12:30,25.2,77.4,Partly cloudy,7.2,11.5,118,ESE,1020.0,30.12,0.09,0.0,51,50,25.6,78.2,10.0,6.0,7.0,8.2,13.2,601.25,86.0,1.11,1.665,31.82,47.36,2,3,05:49 AM,05:56 PM,10:07 PM,09:29 AM,Waning Gibbous,79,Normal
Kenya,Nairobi,-1.28,36.82,Africa/Nairobi,1719408600,2024-06-26 16:30,22.1,71.8,Partly cloudy,2.2,3.6,10,N,1023.0,30.21,0.0,0.0,43,75,24.5,76.1,10.0,6.0,7.0,8.4,13.5,547.4,59.4,5.9,4.5,9.7,24.0,1,1,06:34 AM,06:37 PM,10:54 PM,10:30 AM,Waning Gibbous,81,Normal
Mauritius,Port Louis,-20.1619,57.4989,Indian/Mauritius,1761033600,2025-10-21 12:00,25.3,77.5,Partly cloudy,15.7,25.2,95,E,1016.0,30.0,0.01,0.0,69,50,26.3,79.3,10.0,6.0,11.6,18.0,29.0,100.85,65.0,2.15,1.75,6.65,9.65,1,1,05:35 AM,06:14 PM,05:14 AM,06:13 PM,New Moon,0,Normal
Bangladesh,Dhaka,23.72,90.41,Asia/Dhaka,1719321300,2024-06-25 19:15,32.0,89.7,Partly Cloudy,7.8,12.6,175,S,999.0,29.49,0.0,0.0,64,39,38.5,101.4,10.0,6.0,1.0,12.3,19.7,587.5,24.3,25.0,10.4,10.5,15.0,1,1,05:13 AM,06:49 PM,09:56 PM,08:13 AM,Waning Gibbous,89,Normal
Eritrea,Asmara,15.3333,38.9333,Africa/Asmara,1738837800,2025-02-06 13:30,21.7,71.0,Sunny,5.4,8.6,49,NE,1011.0,29.85,0.0,0.0,30,0,21.7,71.0,10.0,6.0,10.1,8.2,13.1,333.0,106.0,0.555,4.255,30.525,136.16,2,3,06:52 AM,06:24 PM,12:42 PM,01:12 AM,Waxing Gibbous,56,Normal
Niger,Niamey,13.6667,1.7833,Africa/Niamey,1765869300,2025-12-16 08:15,22.1,71.8,Overcast,10.5,16.9,78,ENE,1014.0,29.94,0.0,0.0,31,0,22.2,71.9,6.0,3.0,0.2,21.8,35.0,102.85,30.0,2.25,1.25,35.05,99.55,2,3,07:09 AM,06:28 PM,04:03 AM,03:42 PM,Waning Crescent,15,Normal
Uganda,Kampala,0.3156,32.5656,Africa/Kampala,1739614500,2025-02-15 13:15,27.4,81.3,Partly cloudy,6.5,10.4,162,SSE,1018.0,30.06,0.0,0.0,62,25,26.6,79.9,10.0,6.0,13.4,7.5,12.0,690.05,71.0,3.515,2.775,33.485,33.855,2,3,07:01 AM,07:07 PM,09:18 PM,08:57 AM,Waning Gibbous,95,Normal
Thailand,Nan,18.7833,100.7833,Asia/Bangkok,1734777900,2024-12-21 17:45,26.2,79.1,Sunny,2.2,3.6,356,N,1010.0,29.82,0.0,0.0,54,12,27.0,80.6,10.0,6.0,0.3,6.7,10.8,686.35,113.0,3.33,14.8,40.145,40.515,2,4,06:45 AM,05:45 PM,11:19 PM,11:20 AM,Waning Gibbous,71,Normal
Spain,Madrid,40.4,-3.68,Europe/Madrid,1717942500,2024-06-09 16:15,22.1,71.8,Partly cloudy,9.4,15.1,300,WNW,1011.0,29.85,0.02,0.0,57,50,24.2,75.6,10.0,6.0,5.0,13.9,22.3,170.2,82.3,2.1,0.0,0.5,0.7,1,1,06:44 AM,09:44 PM,09:08 AM,12:09 AM,Waxing Crescent,7,Normal
Djibouti,Djibouti,11.595,43.1481,Africa/Djibouti,1733221800,2024-12-03 13:30,32.1,89.8,Partly cloudy,12.3,19.8,97,E,1014.0,29.94,0.0,0.0,52,25,37.7,99.9,10.0,6.0,7.7,14.2,22.8,271.95,90.0,1.48,2.035,47.73,162.8,3,5,06:13 AM,05:42 PM,08:03 AM,07:37 PM,Waxing Crescent,3,Normal
Malta,Valletta,35.9,14.51,Europe/Malta,1726484400,2024-09-16 13:00,26.1,79.0,Partly cloudy,15.2,24.5,292,WNW,1013.0,29.91,0.04,0.0,48,25,27.5,81.6,10.0,6.0,5.0,19.2,30.9,290.45,101.0,4.625,2.22,7.77,21.83,1,1,06:45 AM,07:07 PM,06:24 PM,04:26 AM,Waxing Gibbous,93,Normal
Macedonia,Skopje,42.0,21.4333,Europe/Skopje,1747645200,2025-05-19 11:00,22.1,71.8,Patchy rain nearby,4.5,7.2,90,E,1019.0,30.09,0.01,0.0,41,0,24.5,76.0,10.0,6.0,7.0,5.1,8.3,273.8,71.0,23.125,16.095,17.575,20.165,2,2,05:10 AM,07:52 PM,01:02 AM,10:42 AM,Waning Gibbous,67,Normal
China,Beijing,39.9289,116.3883,Asia/Shanghai,1748767500,2025-06-01 16:45,23.4,74.1,Light rain,6.7,10.8,155,SSE,1007.0,29.74,0.0,0.0,69,0,23.9,75.0,6.0,3.0,1.9,7.7,12.4,1198.8,81.0,82.325,98.235,159.84,175.38,5,10,04:48 AM,07:37 PM,09:49 AM,No moonset,Waxing Crescent,26,Normal
Nicaragua,Managua,12.15,-86.27,America/Managua,1717252200,2024-06-01 08:30,30.0,86.0,Partly cloudy,6.9,11.2,50,NE,1010.0,29.83,0.0,0.0,66,50,34.1,93.3,10.0,6.0,7.0,11.1,17.8,337.1,32.9,1.9,2.8,1.1,1.9,1,1,05:19 AM,06:07 PM,01:14 AM,01:40 PM,Waning Crescent,35,Normal
Bhutan,Thimphu,27.4833,89.6,Asia/Thimphu,1749458700,2025-06-09 14:45,23.6,74.5,Patchy rain nearby,8.1,13.0,129,SE,1003.0,29.62,0.11,0.0,41,71,24.6,76.4,10.0,6.0,10.3,9.3,14.9,370.0,100.0,2.59,0.925,15.725,37.0,2,2,05:06 AM,06:56 PM,05:24 PM,03:12 AM,Waxing Gibbous,94,Normal
Sudan,Juba,12.15,24.45,Africa/Khartoum,1724156100,2024-08-20 14:15,31.8,89.2,Sunny,16.8,27.0,256,WSW,1012.0,29.87,0.0,0.0,42,20,33.0,91.4,10.0,6.0,8.0,19.3,31.1,520.7,32.5,0.1,0.0,0.5,1.5,1,1,06:11 AM,06:39 PM,07:28 PM,06:40 AM,Waning Gibbous,100,Normal
Mozambique,Maputo,-25.9653,32.5892,Africa/Maputo,1752309000,2025-07-12 10:30,22.3,72.1,Partly cloudy,13.4,21.6,191,SSW,1024.0,30.24,0.0,0.0,65,50,24.6,76.3,10.0,6.0,2.9,16.1,25.8,468.05,48.0,16.28,28.12,34.965,36.445,2,3,06:36 AM,05:15 PM,06:51 PM,07:53 AM,Waning Gibbous,99,Normal
Comoros,Moroni,-11.7042,43.2403,Indian/Comoro,1759731300,2025-10-06 09:15,24.2,75.6,Patchy rain nearby,5.1,8.3,268,W,1019.0,30.08,0.01,0.0,68,78,25.8,78.4,10.0,6.0,5.3,6.7,10.7,152.85,49.0,1.05,1.25,6.55,9.15,1,1,05:48 AM,06:03 PM,05:28 PM,04:59 AM,Waxing Gibbous,98,Normal
Czech Republic,Prague,50.08,14.47,Europe/Prague,1718545500,2024-06-16 15:45,23.4,74.2,Sunny,7.8,12.6,265,W,1011.0,29.84,0.0,0.0,41,19,24.6,76.2,10.0,6.0,6.0,9.0,14.5,171.9,81.5,2.5,1.3,1.1,1.5,1,1,04:52 AM,09:14 PM,03:24 PM,01:48 AM,Waxing Gibbous,67,Normal
Uganda,Kampala,0.3156,32.5656,Africa/Kampala,1768547700,2026-01-16 10:15,24.3,75.7,Sunny,2.2,3.6,88,E,1017.0,30.03,0.0,0.0,57,25,24.2,75.5,10.0,6.0,5.9,2.6,4.1,421.85,47.0,6.75,2.55,25.75,26.25,2,3,06:56 AM,07:03 PM,04:46 AM,05:10 PM,Waning Crescent,8,Normal
Turkey,Ankara,39.9272,32.8644,Europe/Istanbul,1756800900,2025-09-02 11:15,24.2,75.6,Sunny,6.0,9.7,316,NW,1012.0,29.88,0.0,0.0,44,0,24.0,75.2,10.0,6.0,6.5,7.0,11.2,358.9,52.0,33.67,22.94,44.03,64.195,3,5,06:17 AM,07:19 PM,04:16 PM,12:03 AM,Waxing Gibbous,65,Normal
Qatar,Doha,25.2867,51.5333,Asia/Qatar,1741427100,2025-03-08 12:45,26.0,78.8,Sunny,10.5,16.9,135,SE,1007.0,29.74,0.0,0.0,37,0,25.7,78.2,10.0,6.0,7.0,15.9,25.7,477.3,62.0,32.56,7.585,24.235,98.42,2,3,05:50 AM,05:40 PM,12:12 PM,01:46 AM,Waxing Gibbous,63,Normal
Finland,Helsinki,60.1756,24.9342,Europe/Helsinki,1752655500,2025-07-16 11:45,25.1,77.2,Sunny,9.6,15.5,92,E,1009.0,29.8,0.0,0.0,57,25,26.3,79.3,10.0,6.0,4.7,14.9,24.0,292.3,45.0,18.685,3.885,11.1,12.765,1,1,04:24 AM,10:27 PM,11:36 PM,12:04 PM,Waning Gibbous,73,Normal
Greece,Athens,37.9795,23.7162,Europe/Athens,1754036100,2025-08-01 11:15,27.4,81.3,Sunny,13.2,21.2,5,N,1010.0,29.83,0.0,0.0,54,25,27.8,82.0,10.0,6.0,6.3,15.2,24.4,401.45,76.0,36.26,3.515,12.765,20.535,1,2,06:28 AM,08:34 PM,02:04 PM,No moonset,First Quarter,44,Normal
Croatia,Zagreb,45.8,16.0,Europe/Zagreb,1719408600,2024-06-26 15:30,27.4,81.3,Partly cloudy,3.8,6.1,220,SW,1012.0,29.88,0.0,0.0,54,25,27.9,82.3,10.0,6.0,7.0,5.9,9.5,190.3,77.3,4.7,0.1,2.5,3.0,1,1,05:08 AM,08:50 PM,No moonrise,09:52 AM,Waning Gibbous,81,Normal
Niger,Niamey,13.5167,2.1167,Africa/Niamey,1747214100,2025-05-14 10:15,34.4,93.9,Sunny,14.3,23.0,235,SW,1009.0,29.8,0.0,0.0,36,0,34.5,94.2,10.0,6.0,5.5,16.5,26.5,370.0,83.0,1.85,1.295,44.585,236.985,3,5,06:25 AM,07:10 PM,08:55 PM,07:29 AM,Waning Gibbous,98,Normal
Singapore,Singapore,1.2931,103.8558,Asia/Singapore,1758786300,2025-09-25 15:45,31.0,87.8,Partly cloudy,7.2,11.5,223,SW,1008.0,29.77,0.0,0.0,63,75,35.9,96.6,10.0,6.0,9.7,9.1,14.6,717.8,64.0,46.99,11.655,24.79,25.715,2,3,06:53 AM,06:59 PM,09:07 AM,09:25 PM,Waxing Crescent,8,Normal
Zimbabwe,Harare,-17.8178,31.0447,Africa/Harare,1771056000,2026-02-14 10:00,22.6,72.6,Sunny,5.4,8.6,15,NNE,1012.0,29.88,0.0,0.0,65,17,24.8,76.6,10.0,6.0,7.2,6.2,9.9,252.85,64.0,4.15,1.75,13.65,13.85,1,2,05:50 AM,06:30 PM,02:49 AM,04:29 PM,Waning Crescent,13,Normal
United Arab Emirates,Abu Dhabi,24.4667,54.3667,Asia/Dubai,1769410800,2026-01-26 11:00,21.1,70.0,Partly cloudy,16.1,25.9,285,WNW,1018.0,30.06,0.05,0.0,69,50,21.1,70.0,10.0,6.0,4.7,21.7,34.9,190.85,58.0,13.65,11.95,75.15,185.75,4,10,07:07 AM,06:04 PM,11:42 AM,12:21 AM,First Quarter,46,Normal
Gambia,Banjul,13.4531,-16.5775,Africa/Banjul,1743758100,2025-04-04 09:15,21.0,69.8,Sunny,11.0,17.6,19,NNE,1012.0,29.88,0.0,0.0,64,0,21.0,69.8,10.0,6.0,1.8,12.9,20.7,288.6,67.0,1.665,1.665,19.24,94.72,2,2,07:00 AM,07:19 PM,12:20 PM,12:50 AM,Waxing Crescent,38,Normal
Ethiopia,Addis Ababa,9.0333,38.7,Africa/Addis_Ababa,1730883600,2024-11-06 12:00,20.1,68.2,Partly cloudy,10.3,16.6,105,ESE,1027.0,30.33,0.0,0.0,43,25,20.1,68.2,10.0,6.0,11.9,11.8,19.0,649.35,92.0,1.11,2.22,18.13,51.06,2,2,06:16 AM,06:02 PM,10:20 AM,10:06 PM,Waxing Crescent,18,Normal
Malawi,Lilongwe,-13.9833,33.7833,Africa/Blantyre,1751185800,2025-06-29 10:30,21.0,69.8,Partly cloudy,10.5,16.9,91,E,1026.0,30.3,0.0,0.0,49,75,21.0,69.8,10.0,6.0,6.1,12.1,19.5,342.25,64.0,1.48,2.22,13.69,13.875,1,2,06:09 AM,05:28 PM,09:32 AM,09:27 PM,Waxing Crescent,15,Normal
Niger,Niamey,13.52,2.12,Africa/Niamey,1722428100,2024-07-31 13:15,34.6,94.4,Partly Cloudy,15.0,24.1,240,WSW,1009.0,29.79,0.0,0.0,42,47,37.9,100.2,10.0,6.0,8.0,17.2,27.8,377.2,35.1,0.2,0.4,1.9,4.5,1,1,06:36 AM,07:20 PM,02:43 AM,04:11 PM,Waning Crescent,20,Normal
Burundi,Bujumbura,-3.3761,29.36,Africa/Bujumbura,1761552000,2025-10-27 10:00,29.2,84.6,Patchy rain nearby,2.2,3.6,200,SSW,1016.0,30.0,0.05,0.0,58,25,30.4,86.7,9.0,5.0,8.9,6.7,10.8,324.85,78.0,2.35,1.95,22.95,22.95,2,2,05:40 AM,05:53 PM,10:07 AM,10:46 PM,Waxing Crescent,24,Normal
Vietnam,Ban Lom,21.1333,104.7,Asia/Bangkok,1745226900,2025-04-21 16:15,33.1,91.6,Patchy rain nearby,10.1,16.2,208,SSW,1005.0,29.69,0.12,0.0,46,88,36.0,96.8,10.0,6.0,1.8,11.6,18.6,464.35,94.0,5.365,5.18,25.715,26.64,2,3,05:38 AM,06:22 PM,12:47 AM,11:49 AM,Last Quarter,54,Normal
Cape Verde,Praia,14.9315,-23.5125,Atlantic/Cape_Verde,1772262000,2026-02-28 06:00,20.2,68.4,Partly cloudy,19.7,31.7,25,NNE,1014.0,29.94,0.0,0.0,64,75,20.2,68.4,10.0,6.0,0.0,25.8,41.5,134.85,86.0,1.15,1.15,29.75,119.55,2,3,06:52 AM,06:42 PM,04:09 PM,04:33 AM,Waxing Gibbous,86,Normal
South Korea,Seoul,37.5664,126.9997,Asia/Seoul,1758439800,2025-09-21 16:30,27.4,81.3,Sunny,6.0,9.7,70,ENE,1016.0,30.0,0.0,0.0,51,0,27.4,81.2,10.0,6.0,2.0,7.0,11.2,540.2,30.0,52.355,21.275,22.755,25.53,2,2,06:19 AM,06:31 PM,05:29 AM,06:11 PM,Waning Crescent,1,Normal
Niger,Niamey,13.5167,2.1167,Africa/Niamey,1748681100,2025-05-31 09:45,33.4,92.1,Sunny,13.2,21.2,258,WSW,1012.0,29.88,0.0,0.0,49,0,34.0,93.2,10.0,6.0,2.2,15.2,24.4,397.75,72.0,2.59,0.74,34.965,149.11,2,3,06:23 AM,07:16 PM,10:37 AM,11:45 PM,Waxing Crescent,19,Normal
Ethiopia,Addis Ababa,9.0333,38.7,Africa/Addis_Ababa,1761984000,2025-11-01 11:00,21.1,70.0,Sunny,7.2,11.5,106,ESE,1028.0,30.36,0.0,0.0,33,25,21.1,70.0,10.0,6.0,10.6,8.2,13.2,426.85,80.0,4.45,2.65,20.55,28.65,2,2,06:15 AM,06:03 PM,02:46 PM,02:10 AM,Waxing Gibbous,72,Normal
Japan,Tokyo,35.6895,139.6917,Asia/Tokyo,1758182400,2025-09-18 17:00,30.1,86.2,Partly cloudy,11.2,18.0,43,NE,1007.0,29.74,6.13,0.24,59,50,34.7,94.5,10.0,6.0,0.2,14.8,23.8,950.9,57.0,101.195,69.375,68.45,69.745,4,9,05:26 AM,05:45 PM,01:24 AM,03:59 PM,Waning Crescent,18,Normal
Mauritius,Port Louis,-20.1619,57.4989,Indian/Mauritius,1736591400,2025-01-11 14:30,30.4,86.7,Partly cloudy,19.7,31.7,91,E,1015.0,29.97,0.04,0.0,70,75,36.1,96.9,10.0,6.0,10.3,22.9,36.8,164.65,31.0,1.11,2.035,14.615,21.46,1,2,05:41 AM,06:56 PM,04:50 PM,02:45 AM,Waxing Gibbous,88,Normal
Malta,Valletta,35.8997,14.5147,Europe/Malta,1747214100,2025-05-14 11:15,22.1,71.8,Sunny,7.4,11.9,185,S,1015.0,29.97,0.0,0.0,69,25,24.6,76.3,10.0,6.0,6.3,10.3,16.6,231.25,76.0,21.645,2.035,11.84,26.64,1,1,05:57 AM,08:00 PM,10:07 PM,06:37 AM,Waning Gibbous,98,Normal
Singapore,Singapore,1.2931,103.8558,Asia/Singapore,1750928400,2025-06-26 17:00,33.1,91.6,Partly cloudy,12.1,19.4,170,S,1008.0,29.77,0.0,0.0,53,75,43.0,109.4,10.0,6.0,2.2,16.2,26.1,440.3,61.0,29.045,9.805,24.42,27.75,2,3,07:02 AM,07:14 PM,07:39 AM,08:14 PM,Waxing Crescent,0,Normal
Madagascar,Antananarivo,-18.9167,47.5167,Indian/Antananarivo,1741772700,2025-03-12 12:45,27.3,81.1,Partly cloudy,2.9,4.7,349,N,1017.0,30.03,0.01,0.0,54,75,28.3,83.0,10.0,6.0,13.3,3.4,5.4,395.9,46.0,1.11,1.48,5.92,6.29,1,1,05:52 AM,06:07 PM,05:10 PM,04:07 AM,Waxing Gibbous,94,Normal
Seychelles Islands,Victoria,-4.6167,55.45,Indian/Mahe,1759731300,2025-10-06 10:15,29.3,84.7,Sunny,9.4,15.1,124,SE,1015.0,29.97,0.0,0.0,70,25,35.4,95.7,10.0,6.0,8.4,12.7,20.5,94.85,28.0,1.75,1.65,8.15,12.75,1,1,06:01 AM,06:11 PM,05:35 PM,05:08 AM,Waxing Gibbous,98,Normal
Sudan,Khartoum,15.59,32.53,Africa/Khartoum,1724070600,2024-08-19 14:30,27.1,80.7,Partly Cloudy,13.0,20.9,221,SW,1012.0,29.88,0.0,0.0,69,41,29.2,84.6,10.0,6.0,7.0,14.9,24.0,410.6,10.9,0.5,0.3,3.5,23.8,1,1,05:36 AM,06:11 PM,06:12 PM,05:01 AM,Full Moon,99,Normal
Algeria,Algiers,36.7631,3.0506,Africa/Algiers,1728206100,2024-10-06 10:15,26.4,79.5,Sunny,2.9,4.7,250,WSW,1015.0,29.97,0.0,0.0,54,0,27.3,81.1,10.0,6.0,6.0,3.8,6.1,438.45,47.0,64.565,22.755,21.83,30.895,2,2,06:47 AM,06:23 PM,10:14 AM,08:04 PM,Waxing Crescent,9,Normal
Israel,Jerusalem,31.78,35.23,Asia/Jerusalem,1755763200,2025-08-21 11:00,30.4,86.7,Partly cloudy,8.5,13.7,265,W,1007.0,29.74,0.0,0.0,59,50,31.1,88.0,10.0,6.0,8.5,10.1,16.3,268.25,94.0,15.355,8.51,25.715,47.175,2,3,06:08 AM,07:16 PM,03:54 AM,06:23 PM,Waning Crescent,7,Normal
South Africa,Pretoria,-25.7469,28.188,Africa/Johannesburg,1737800100,2025-01-25 12:15,29.2,84.6,Sunny,6.0,9.7,92,E,1018.0,30.06,0.0,0.0,40,0,27.5,81.5,10.0,6.0,14.8,7.0,11.2,294.15,112.0,12.95,65.305,25.16,25.53,2,3,05:38 AM,07:01 PM,01:23 AM,03:48 PM,Waning Crescent,22,Normal
Uganda,Kampala,0.32,32.57,Africa/Kampala,1725192000,2024-09-01 15:00,26.7,80.1,Sunny,11.0,17.6,176,S,1011.0,29.84,0.0,0.0,46,15,27.0,80.6,10.0,6.0,7.0,12.6,20.3,447.3,35.4,0.6,0.3,2.4,4.0,1,1,06:46 AM,06:53 PM,05:31 AM,05:53 PM,Waning Crescent,4,Normal
Bahrain,Manama,26.2361,50.5831,Asia/Bahrain,1757836800,2025-09-14 11:00,35.0,95.0,Sunny,4.9,7.9,50,NE,1007.0,29.74,0.0,0.0,60,25,46.6,115.8,10.0,6.0,8.9,6.5,10.5,495.8,119.0,42.18,81.4,72.52,226.625,4,10,05:23 AM,05:43 PM,10:47 PM,12:24 PM,Last Quarter,56,Normal
Mauritius,Port Louis,-20.1619,57.4989,Indian/Mauritius,1734432300,2024-12-17 14:45,29.1,84.4,Partly cloudy,15.2,24.5,94,E,1017.0,30.03,0.0,0.0,62,50,30.9,87.6,10.0,6.0,10.9,17.5,28.2,164.65,53.0,1.295,1.85,12.765,19.425,1,2,05:26 AM,06:47 PM,09:01 PM,07:04 AM,Waning Gibbous,97,Normal
Philippines,Manila,14.6042,120.9822,Asia/Manila,1765090800,2025-12-07 15:00,28.1,82.6,Overcast,9.6,15.5,353,N,1008.0,29.77,2.55,0.1,70,100,34.3,93.7,10.0,6.0,0.5,13.3,21.4,457.85,64.0,8.85,7.75,10.45,11.75,1,1,06:08 AM,05:27 PM,07:55 PM,08:24 AM,Waning Gibbous,96,Normal
Egypt,Cairo,30.05,31.25,Africa/Cairo,1760083200,2025-10-10 11:00,24.2,75.6,Partly cloudy,10.3,16.6,29,NNE,1020.0,30.12,0.0,0.0,57,75,24.8,76.7,10.0,6.0,5.0,11.8,19.0,257.85,33.0,33.45,82.45,22.75,44.35,2,2,06:54 AM,06:29 PM,08:50 PM,10:34 AM,Waning Gibbous,89,Normal
Sudan,Juba,12.15,24.45,Africa/Khartoum,1761033600,2025-10-21 10:00,26.3,79.3,Sunny,5.6,9.0,230,SW,1013.0,29.91,0.0,0.0,56,6,27.3,81.1,10.0,6.0,5.9,6.4,10.4,188.85,51.0,4.45,1.75,22.75,61.15,2,2,06:13 AM,06:01 PM,05:59 AM,05:54 PM,New Moon,0,Normal
New Zealand,Wellington,-41.3,174.7833,Pacific/Auckland,1772001900,2026-02-25 19:45,22.4,72.3,Sunny,17.2,27.7,355,N,1019.0,30.09,0.0,0.0,41,0,24.7,76.5,10.0,6.0,0.3,24.3,39.1,61.85,25.0,4.55,1.45,8.25,11.75,1,1,06:57 AM,08:11 PM,03:41 PM,No moonset,First Quarter,49,Normal
Malaysia,Kuala Lumpur,3.17,101.7,Asia/Kuala_Lumpur,1724587200,2024-08-25 20:00,30.4,86.7,Partly cloudy,6.9,11.2,280,W,1009.0,29.8,0.14,0.01,70,25,42.2,108.0,10.0,6.0,1.0,11.4,18.4,2643.6,0.0,75.4,31.0,46.4,58.8,3,5,07:10 AM,07:21 PM,No moonrise,11:54 AM,Waning Gibbous,65,Normal
Namibia,Windhoek,-22.57,17.08,Africa/Windhoek,1727001000,2024-09-22 12:30,26.1,79.0,Sunny,12.1,19.4,319,NW,1023.0,30.21,0.0,0.0,30,0,24.5,76.2,10.0,6.0,8.0,13.9,22.4,495.8,94.0,0.555,0.74,21.275,31.265,2,2,06:41 AM,06:48 PM,11:46 PM,09:43 AM,Waning Gibbous,79,Normal
Madagascar,Antananarivo,-18.9167,47.5167,Indian/Antananarivo,1745485200,2025-04-24 12:00,27.2,81.0,Partly cloudy,8.7,14.0,100,E,1021.0,30.15,0.0,0.0,58,50,28.1,82.5,10.0,6.0,10.0,10.0,16.2,209.05,42.0,1.295,1.11,4.44,5.18,1,1,06:02 AM,05:34 PM,02:20 AM,03:04 PM,Waning Crescent,21,Normal
Burkina Faso,Ouagadougou,12.3703,-1.5247,Africa/Ouagadougou,1745484300,2025-04-24 08:45,31.4,88.5,Sunny,10.3,16.6,219,SW,1011.0,29.85,0.0,0.0,52,0,33.6,92.4,10.0,6.0,1.6,11.8,19.0,447.7,73.0,2.035,1.11,29.415,113.775,2,3,05:49 AM,06:19 PM,03:03 AM,03:15 PM,Waning Crescent,20,Normal
Botswana,Gaborone,-24.65,25.91,Africa/Gaborone,1719321300,2024-06-25 15:15,21.6,71.0,Sunny,6.5,10.4,123,ESE,1024.0,30.23,0.0,0.0,31,19,21.6,71.0,10.0,6.0,7.0,7.5,12.0,270.4,65.8,2.9,1.7,2.9,4.6,1,1,07:01 AM,05:38 PM,09:15 PM,10:00 AM,Waning Gibbous,89,Normal
Kenya,Nairobi,-1.28,36.82,Africa/Nairobi,1723553100,2024-08-13 15:45,24.6,76.3,Patchy rain nearby,4.0,6.5,150,SSE,1012.0,29.88,0.09,0.0,39,80,25.1,77.1,10.0,6.0,6.0,4.6,7.5,527.4,64.4,3.3,4.3,9.9,24.1,1,1,06:35 AM,06:39 PM,12:49 PM,12:27 AM,Waxing Gibbous,54,Normal
Vatican City,Vatican City,41.904,12.453,Europe/Vatican,1754986500,2025-08-12 10:15,33.4,92.1,Sunny,2.2,3.6,211,SSW,1014.0,29.94,0.0,0.0,32,0,32.2,90.0,10.0,6.0,3.9,2.6,4.1,327.45,59.0,18.5,1.48,22.94,27.01,2,2,06:15 AM,08:14 PM,09:50 PM,09:38 AM,Waning Gibbous,92,Normal
Nepal,Kathmandu,27.7167,85.3167,Asia/Kathmandu,1752309900,2025-07-12 14:30,29.4,84.9,Partly cloudy,3.8,6.1,241,WSW,1010.0,29.83,0.41,0.02,66,75,34.8,94.6,10.0,6.0,5.9,6.0,9.7,810.3,120.0,4.255,6.845,24.05,25.715,2,3,05:16 AM,07:02 PM,08:26 PM,06:20 AM,Waning Gibbous,99,Normal
Thailand,Nan,18.7833,100.7833,Asia/Bangkok,1759559400,2025-10-04 13:30,30.1,86.2,Patchy rain nearby,2.5,4.0,201,SSW,1011.0,29.85,0.05,0.0,70,25,34.3,93.7,10.0,6.0,10.4,2.8,4.6,299.85,13.0,12.55,1.55,8.55,8.55,1,1,06:08 AM,06:03 PM,04:05 PM,03:03 AM,Waxing Gibbous,85,Normal
Tunisia,Tunis,36.8028,10.1797,Africa/Tunis,1733568300,2024-12-07 11:45,20.4,68.7,Partly cloudy,23.9,38.5,311,NW,1017.0,30.03,0.02,0.0,49,75,20.4,68.7,10.0,6.0,1.9,27.6,44.5,242.35,78.0,3.145,4.625,7.03,24.79,1,1,07:19 AM,05:03 PM,12:10 PM,11:15 PM,Waxing Crescent,32,Normal
Venezuela,Caracas,10.5,-66.9167,America/Caracas,1736504100,2025-01-10 06:15,22.2,72.0,Clear,2.2,3.6,153,SSE,1012.0,29.88,0.0,0.0,65,0,24.6,76.3,10.0,6.0,0.0,4.2,6.8,1250.6,75.0,10.73,3.515,16.095,20.72,2,2,06:49 AM,06:22 PM,03:18 PM,03:30 AM,Waxing Gibbous,83,Normal
Belarus,Minsk,53.9,27.5667,Europe/Minsk,1749026700,2025-06-04 11:45,20.1,68.2,Partly cloudy,4.5,7.2,240,WSW,1017.0,30.03,0.0,0.0,49,75,20.1,68.2,10.0,6.0,4.7,5.1,8.3,310.8,64.0,19.61,4.255,13.32,18.315,1,2,04:42 AM,09:35 PM,02:12 PM,02:08 AM,Waxing Gibbous,57,Normal
Yemen,Sanaa,15.3547,44.2067,Asia/Aden,1756281600,2025-08-27 11:00,23.4,74.2,Patchy rain nearby,2.2,3.6,350,N,1011.0,29.86,0.08,0.0,39,84,24.5,76.1,10.0,6.0,12.2,2.6,4.1,331.15,76.0,4.44,4.07,33.115,134.31,2,3,05:50 AM,06:19 PM,09:03 AM,08:55 PM,Waxing Crescent,13,Normal
Cambodia,Phnom Penh,11.55,104.9167,Asia/Phnom_Penh,1771224300,2026-02-16 13:45,33.9,93.0,Sunny,2.7,4.3,219,SW,1008.0,29.77,0.0,0.0,39,23,35.8,96.3,10.0,6.0,9.4,3.1,5.0,377.85,48.0,12.45,9.15,20.95,21.65,2,2,06:21 AM,06:08 PM,05:22 AM,05:10 PM,Waning Crescent,4,Normal
Tonga,Nuku`Aloia,-21.1333,-175.2,Pacific/Tongatapu,1759219200,2025-09-30 21:00,20.0,68.0,Patchy rain nearby,12.8,20.5,140,SE,1018.0,30.06,0.02,0.0,64,25,20.0,68.0,10.0,6.0,0.0,16.6,26.7,88.85,71.0,0.95,1.15,8.05,12.45,1,1,06:23 AM,06:39 PM,11:47 AM,12:59 AM,First Quarter,45,Normal
Thailand,Nan,18.7833,100.7833,Asia/Bangkok,1770969600,2026-02-13 15:00,32.1,89.8,Sunny,3.1,5.0,139,SE,1012.0,29.88,0.0,0.0,41,25,30.0,85.9,10.0,6.0,7.5,3.6,5.8,433.85,22.0,16.05,1.95,14.85,14.95,1,2,06:46 AM,06:16 PM,03:30 AM,02:28 PM,Waning Crescent,22,Normal
Thailand,Bangkok,13.75,100.5167,Asia/Bangkok,1740304800,2025-02-23 17:00,34.2,93.6,Partly cloudy,10.7,17.3,203,SSW,1011.0,29.85,0.0,0.0,44,25,37.3,99.1,10.0,6.0,0.5,13.2,21.2,1807.45,88.0,43.66,29.6,35.705,36.075,2,3,06:37 AM,06:25 PM,02:28 AM,01:52 PM,Waning Crescent,31,Normal
Israel,Jerusalem,31.78,35.23,Asia/Jerusalem,1743758100,2025-04-04 12:15,21.1,70.0,Partly cloudy,10.3,16.6,272,W,1014.0,29.94,0.0,0.0,46,25,21.1,70.0,10.0,6.0,8.4,12.2,19.6,268.25,93.0,13.32,12.95,43.845,88.8,3,5,06:24 AM,07:01 PM,10:53 AM,01:06 AM,Waxing Crescent,37,Normal
Liechtenstein,Vaduz,47.1333,9.5167,Europe/Vaduz,1748681100,2025-05-31 10:45,20.0,68.0,Sunny,2.5,4.0,336,NNW,1021.0,30.15,0.0,0.0,68,0,20.0,68.0,10.0,6.0,4.1,2.8,4.6,183.15,61.0,2.22,0.185,4.255,5.92,1,1,05:31 AM,09:09 PM,09:41 AM,12:58 AM,Waxing Crescent,19,Normal
Mozambique,Maputo,-25.9653,32.5892,Africa/Maputo,1764227700,2025-11-27 09:15,30.2,86.4,Sunny,5.4,8.6,9,N,1013.0,29.91,0.0,0.0,62,25,33.0,91.3,10.0,6.0,6.7,6.5,10.5,158.85,48.0,2.35,1.55,10.65,10.95,1,1,04:50 AM,06:25 PM,10:42 AM,12:00 AM,Waxing Crescent,36,Normal
Paraguay,Carreria,-21.55,-58.12,America/Asuncion,1718114400,2024-06-11 10:00,30.6,87.2,Sunny,10.1,16.2,11,NNE,1016.0,29.99,0.0,0.0,30,10,29.6,85.3,10.0,6.0,9.0,11.6,18.6,427.3,50.1,0.4,0.2,31.0,31.2,2,3,06:35 AM,05:34 PM,10:54 AM,10:25 PM,Waxing Crescent,21,Normal
Bahrain,Manama,26.2361,50.5831,Asia/Bahrain,1741772700,2025-03-12 12:45,23.2,73.8,Sunny,16.6,26.6,339,NNW,1016.0,30.0,0.0,0.0,61,0,25.2,77.3,10.0,6.0,7.7,25.9,41.6,669.7,109.0,25.53,21.275,60.31,120.62,3,8,05:50 AM,05:45 PM,04:13 PM,04:48 AM,Waxing Gibbous,94,Normal
Lebanon,Beirut,33.8719,35.5097,Asia/Beirut,1751963400,2025-07-08 11:30,30.0,86.0,Sunny,16.1,25.9,223,SW,1008.0,29.77,0.0,0.0,66,0,34.5,94.2,8.0,4.0,9.5,18.5,29.8,362.6,105.0,14.245,41.81,30.34,42.365,2,3,05:34 AM,07:52 PM,06:14 PM,02:55 AM,Waxing Gibbous,91,Normal
Equatorial Guinea,Malabo,3.75,8.7833,Africa/Malabo,1740564000,2025-02-26 11:00,32.1,89.8,Partly cloudy,2.5,4.0,298,WNW,1013.0,29.91,0.0,0.0,67,50,40.4,104.8,10.0,6.0,7.2,2.8,4.6,468.05,71.0,1.665,1.665,13.875,28.12,1,2,06:36 AM,06:39 PM,05:12 AM,05:27 PM,Waning Crescent,6,Normal
Malawi,Lilongwe,-13.9833,33.7833,Africa/Blantyre,1736765100,2025-01-13 12:45,29.0,84.2,Partly cloudy,2.2,3.6,73,ENE,1015.0,29.97,0.0,0.0,40,75,28.5,83.3,10.0,6.0,11.3,6.7,10.8,314.5,79.0,0.185,1.295,6.29,6.29,1,1,05:28 AM,06:20 PM,06:12 PM,04:40 AM,Full Moon,99,Normal
Netherlands,Amsterdam,52.37,4.89,Europe/Amsterdam,1724932800,2024-08-29 14:00,22.0,71.6,Partly cloudy,10.5,16.9,300,WNW,1016.0,30.0,0.0,0.0,69,25,24.6,76.2,10.0,6.0,6.0,12.3,19.9,253.7,93.0,6.1,2.1,6.1,10.9,1,1,06:47 AM,08:34 PM,12:47 AM,07:13 PM,Waning Crescent,24,Normal
Cape Verde,Praia,14.9315,-23.5125,Atlantic/Cape_Verde,1767942900,2026-01-09 06:15,20.1,68.2,Clear,16.3,26.3,29,NNE,1016.0,30.0,0.0,0.0,68,25,20.1,68.2,10.0,6.0,0.0,21.5,34.6,130.85,73.0,1.25,1.15,24.35,72.75,2,3,07:02 AM,06:20 PM,No moonrise,11:33 AM,Waning Gibbous,66,Normal
Ghana,Accra,5.55,-0.2167,Africa/Accra,1729071000,2024-10-16 09:30,29.0,84.2,Partly cloudy,6.5,10.4,241,WSW,1015.0,29.97,0.01,0.0,70,50,33.5,92.2,10.0,6.0,4.5,8.2,13.2,351.5,64.0,3.7,4.81,12.765,19.795,1,2,05:47 AM,05:46 PM,05:03 PM,04:39 AM,Waxing Gibbous,97,Normal
Jordan,Amman,31.95,35.9333,Asia/Amman,1757059200,2025-09-05 11:00,28.3,82.9,Sunny,5.1,8.3,305,NW,1015.0,29.97,0.0,0.0,37,0,26.4,79.5,6.0,3.0,7.8,5.9,9.5,247.9,89.0,16.65,33.115,28.675,44.955,2,3,06:14 AM,06:55 PM,05:42 PM,03:25 AM,Waxing Gibbous,90,Normal
Sri Lanka,Colombo,6.9319,79.8478,Asia/Colombo,1728035100,2024-10-04 15:15,29.4,84.9,Sunny,11.0,17.6,230,SW,1008.0,29.76,0.0,0.0,67,12,33.1,91.6,10.0,6.0,7.0,13.8,22.2,525.4,48.0,14.06,16.465,18.5,32.745,2,2,05:58 AM,06:00 PM,06:54 AM,07:01 PM,Waxing Crescent,1,Normal
Algeria,Algiers,36.7631,3.0506,Africa/Algiers,1749891600,2025-06-14 10:00,31.1,88.0,Sunny,4.3,6.8,333,NNW,1017.0,30.03,0.0,0.0,55,0,33.0,91.4,10.0,6.0,5.3,7.2,11.6,299.7,55.0,32.93,22.2,33.485,79.365,2,3,05:29 AM,08:08 PM,11:03 PM,07:59 AM,Waning Gibbous,93,Normal
Niger,Niamey,13.52,2.12,Africa/Niamey,1726317000,2024-09-14 13:30,30.1,86.2,Partly cloudy,3.1,5.0,133,SE,1014.0,29.94,0.0,0.0,62,25,30.7,87.2,10.0,6.0,8.0,3.6,5.8,410.7,94.0,0.555,1.48,9.62,24.05,1,1,06:40 AM,06:53 PM,04:11 PM,02:48 AM,Waxing Gibbous,78,Normal
Netherlands,Amsterdam,52.37,4.89,Europe/Amsterdam,1723982400,2024-08-18 14:00,22.0,71.6,Partly cloudy,11.9,19.1,310,NW,1012.0,29.88,0.0,0.0,61,25,24.4,76.0,10.0,6.0,6.0,16.3,26.3,208.6,95.8,3.2,1.4,4.3,9.0,1,1,06:29 AM,08:58 PM,08:57 PM,03:53 AM,Waxing Gibbous,95,Normal
Angola,Luanda,-8.8383,13.2344,Africa/Luanda,1737628200,2025-01-23 11:30,29.4,84.9,Partly cloudy,3.8,6.1,303,WNW,1010.0,29.83,0.0,0.0,70,50,33.6,92.5,10.0,6.0,10.6,4.7,7.6,506.9,86.0,5.365,4.81,24.05,33.115,2,3,06:03 AM,06:35 PM,12:31 AM,01:22 PM,Waning Crescent,40,Normal
Maldives,Dhidhdhoo,6.8833,73.1,Indian/Maldives,1745658000,2025-04-26 14:00,29.8,85.7,Thundery outbreaks in nearby,11.0,17.6,285,WNW,1008.0,29.76,0.0,0.0,69,48,34.3,93.7,9.0,5.0,8.9,14.7,23.6,226.124,73.0,0.17,0.34,13.091,20.912,1,2,05:55 AM,06:15 PM,04:23 AM,04:55 PM,Waning Crescent,6,Normal
Belarus,Minsk,53.9,27.57,Europe/Minsk,1721737800,2024-07-23 15:30,25.0,76.9,Patchy rain nearby,2.9,4.7,67,ENE,1013.0,29.92,0.01,0.0,52,60,25.9,78.6,10.0,6.0,5.0,3.7,6.0,161.9,47.9,1.1,0.9,0.5,0.5,1,1,05:10 AM,09:22 PM,10:42 PM,07:18 AM,Waning Gibbous,97,Normal
Tunisia,Tunis,36.8028,10.1797,Africa/Tunis,1750841100,2025-06-25 09:45,33.0,91.4,Sunny,2.5,4.0,122,ESE,1015.0,29.97,0.0,0.0,34,0,32.3,90.2,10.0,6.0,4.7,2.9,4.6,405.15,60.0,18.685,27.195,24.05,44.77,2,3,05:02 AM,07:43 PM,04:30 AM,08:17 PM,New Moon,1,Normal
Macedonia,Skopje,42.0,21.43,Europe/Skopje,1720271700,2024-07-06 15:15,34.1,93.4,Sunny,6.9,11.2,40,NE,1014.0,29.94,0.0,0.0,32,0,33.8,92.8,10.0,6.0,8.0,11.4,18.4,175.2,117.3,1.2,5.5,7.7,7.9,1,1,05:06 AM,08:12 PM,05:01 AM,09:09 PM,Waxing Crescent,0,Normal
Ukraine,Kyiv,50.4333,30.5167,Europe/Kiev,1750323600,2025-06-19 12:00,21.2,70.2,Partly Cloudy,15.0,24.1,299,WNW,1012.0,29.87,0.0,0.0,44,31,21.2,70.2,10.0,6.0,7.5,17.2,27.8,351.5,65.0,12.21,3.33,17.39,22.2,2,2,04:46 AM,09:13 PM,01:04 AM,01:47 PM,Waning Crescent,49,Normal
Thailand,Bangkok,13.75,100.5167,Asia/Bangkok,1760255100,2025-10-12 14:45,32.1,89.8,Overcast,2.2,3.6,150,SSE,1005.0,29.68,1.13,0.04,63,50,37.2,98.9,10.0,6.0,7.4,2.8,4.4,1229.85,46.0,35.75,24.25,23.35,23.45,2,2,06:08 AM,06:00 PM,10:47 PM,11:18 AM,Waning Gibbous,72,Normal
Uganda,Kampala,0.3156,32.5656,Africa/Kampala,1741340700,2025-03-07 12:45,31.1,88.0,Partly cloudy,8.9,14.4,174,S,1016.0,30.0,0.0,0.0,49,25,30.8,87.4,10.0,6.0,13.9,10.3,16.6,691.9,74.0,7.03,4.625,53.65,55.13,3,6,06:58 AM,07:04 PM,01:33 PM,01:03 AM,Waxing Gibbous,52,Normal
Ukraine,Kyiv,50.43,30.52,Europe/Kiev,1717424100,2024-06-03 17:15,23.3,74.0,Overcast,11.4,18.4,254,WSW,1012.0,29.89,0.0,0.0,57,88,25.0,77.0,10.0,6.0,5.0,16.0,25.7,186.9,83.7,1.0,0.6,0.5,0.6,1,1,04:50 AM,09:03 PM,02:52 AM,05:31 PM,Waning Crescent,16,Normal
Venezuela,Caracas,10.5,-66.9167,America/Caracas,1766818800,2025-12-27 03:00,23.1,73.6,Clear,2.9,4.7,153,SSE,1013.0,29.91,0.0,0.0,65,0,25.2,77.4,10.0,6.0,0.0,6.1,9.8,1613.85,36.0,8.85,1.95,8.55,9.45,1,1,06:43 AM,06:14 PM,12:13 PM,No moonset,First Quarter,43,Normal
Malaysia,Kuala Lumpur,3.1667,101.7,Asia/Kuala_Lumpur,1757406600,2025-09-09 16:30,31.1,88.0,Partly Cloudy,2.2,3.6,251,WSW,1008.0,29.77,0.0,0.0,55,25,34.0,93.1,10.0,6.0,5.5,6.7,10.8,2873.05,19.0,77.885,34.78,38.295,38.85,2,4,07:06 AM,07:15 PM,08:34 PM,08:10 AM,Waning Gibbous,99,Normal
Sudan,Khartoum,15.5881,32.5342,Africa/Khartoum,1754382600,2025-08-05 10:30,32.7,90.8,Sunny,10.5,16.9,221,SW,1011.0,29.86,0.0,0.0,43,6,34.5,94.1,10.0,6.0,8.1,12.1,19.5,451.4,69.0,3.33,2.035,32.375,84.36,2,3,05:33 AM,06:19 PM,03:19 PM,01:39 AM,Waxing Gibbous,80,Normal
Thailand,Bangkok,13.75,100.5167,Asia/Bangkok,1741080600,2025-03-04 16:30,35.0,95.0,Partly cloudy,11.9,19.1,182,S,1005.0,29.68,0.0,0.0,39,25,37.9,100.3,10.0,6.0,2.6,13.6,22.0,969.4,102.0,12.395,7.585,36.075,40.33,2,4,06:32 AM,06:27 PM,09:37 AM,10:44 PM,Waxing Crescent,18,Normal
Ethiopia,Addis Ababa,9.0333,38.7,Africa/Addis_Ababa,1759824000,2025-10-07 11:00,20.4,68.7,Partly cloudy,6.0,9.7,130,SE,1028.0,30.36,0.01,0.0,49,50,20.4,68.7,10.0,6.0,11.5,7.0,11.2,288.85,73.0,4.85,2.55,31.25,66.75,2,3,06:13 AM,06:12 PM,06:27 PM,06:12 AM,Full Moon,100,Normal
Bolivia,National,-11.1833,-67.0833,America/La_Paz,1757836800,2025-09-14 04:00,24.9,76.9,Partly Cloudy,2.9,4.7,291,WNW,1009.0,29.78,0.0,0.0,65,31,26.3,79.4,10.0,6.0,0.0,6.1,9.8,669.7,26.0,1.85,0.37,34.41,34.78,2,3,06:23 AM,06:24 PM,12:26 AM,12:05 PM,Last Quarter,53,Normal
Mali,Bamako,12.65,-8.0,Africa/Bamako,1722170700,2024-07-28 12:45,31.4,88.6,Patchy rain nearby,6.5,10.4,237,WSW,1013.0,29.91,0.39,0.02,59,85,35.8,96.4,9.0,5.0,7.0,7.5,12.1,273.7,12.7,0.3,0.3,0.6,1.7,1,1,06:17 AM,07:00 PM,No moonrise,12:53 PM,Last Quarter,51,Normal
Singapore,Singapore,1.2931,103.8558,Asia/Singapore,1756369800,2025-08-28 16:30,28.1,82.6,Partly cloudy,11.2,18.0,245,WSW,1010.0,29.83,0.02,0.0,66,75,30.5,87.0,9.0,5.0,5.0,14.3,23.1,691.9,77.0,40.515,12.765,24.05,26.455,2,3,07:02 AM,07:10 PM,10:28 AM,10:45 PM,Waxing Crescent,18,Normal
Azerbaijan,Baku,40.3953,49.8822,Asia/Baku,1758614400,2025-09-23 12:00,24.0,75.2,Sunny,2.2,3.6,120,ESE,1025.0,30.27,0.0,0.0,47,0,25.1,77.2,10.0,6.0,4.4,2.8,4.6,414.4,67.0,19.425,2.59,34.225,41.44,2,3,06:29 AM,06:36 PM,07:54 AM,07:05 PM,Waxing Crescent,1,Normal
Mauritius,Port Louis,-20.1619,57.4989,Indian/Mauritius,1753346700,2025-07-24 12:45,25.1,77.2,Partly cloudy,15.4,24.8,99,E,1022.0,30.18,0.03,0.0,65,50,26.5,79.7,10.0,6.0,7.3,17.8,28.6,173.9,69.0,3.33,1.665,11.84,18.87,1,1,06:43 AM,05:50 PM,06:23 AM,05:29 PM,New Moon,1,Normal
Poland,Warsaw,52.25,21.0,Europe/Warsaw,1721133900,2024-07-16 14:45,31.2,88.2,Partly cloudy,12.5,20.2,160,SSE,1012.0,29.88,0.0,0.0,55,37,30.2,86.4,10.0,6.0,9.0,17.0,27.4,196.9,97.3,3.0,2.4,4.3,4.9,1,1,04:34 AM,08:49 PM,04:29 PM,No moonset,Waxing Gibbous,69,Normal
Bulgaria,Lom,43.81,23.24,Europe/Bucharest,1717682400,2024-06-06 17:00,28.0,82.4,Sunny,2.2,3.6,291,WNW,1016.0,30.0,0.0,0.0,40,0,27.7,81.8,10.0,6.0,7.0,6.1,9.9,178.6,105.9,0.6,0.5,2.4,2.5,1,1,05:46 AM,09:06 PM,05:07 AM,09:38 PM,New Moon,0,Normal
Mali,Bamako,12.65,-8.0,Africa/Bamako,1729761300,2024-10-24 09:15,28.4,83.0,Partly Cloudy,5.1,8.3,173,S,1014.0,29.93,0.0,0.0,65,33,30.9,87.5,10.0,6.0,2.1,6.3,10.1,436.6,47.0,0.555,0.555,17.76,31.635,2,2,06:23 AM,06:08 PM,No moonrise,01:11 PM,Last Quarter,53,Normal
Turkey,Yaren,39.55,27.62,Europe/Istanbul,1715868000,2024-05-16 17:00,21.0,69.8,Sunny,6.9,11.2,340,NNW,1020.0,30.12,0.0,0.0,46,0,21.0,69.8,10.0,6.0,5.0,12.5,20.1,203.6,110.2,1.2,1.4,8.7,9.6,1,1,05:54 AM,08:18 PM,01:28 PM,02:39 AM,Waxing Gibbous,55,Normal
Iraq,Baghdad,33.3386,44.3939,Asia/Baghdad,1731746700,2024-11-16 11:45,24.4,75.9,Mist,5.4,8.6,124,SE,1017.0,30.03,0.0,0.0,36,50,24.3,75.7,9.0,5.0,3.3,6.5,10.4,1465.2,19.0,110.815,110.445,46.805,75.295,3,5,06:35 AM,04:59 PM,05:12 PM,07:05 AM,Full Moon,100,Normal
Kenya,Nairobi,-1.2833,36.8167,Africa/Nairobi,1736505900,2025-01-10 13:45,24.1,75.4,Partly cloudy,9.8,15.8,65,ENE,1023.0,30.21,0.67,0.03,47,75,25.4,77.7,10.0,6.0,11.2,13.3,21.4,623.45,100.0,3.515,11.84,26.27,27.935,2,3,06:34 AM,06:46 PM,03:31 PM,02:55 AM,Waxing Gibbous,80,Normal
Tanzania,Dodoma,-6.1833,35.75,Africa/Dar_es_Salaam,1759219200,2025-09-30 11:00,27.3,81.2,Sunny,8.7,14.0,100,E,1014.0,29.95,0.0,0.0,33,4,26.6,79.9,10.0,6.0,9.7,10.0,16.2,172.85,68.0,2.15,1.15,8.55,9.45,1,1,06:22 AM,06:31 PM,12:41 PM,12:41 AM,First Quarter,49,Normal
Germany,Berlin,52.5167,13.4,Europe/Berlin,1750150800,2025-06-17 11:00,20.1,68.2,Sunny,7.4,11.9,284,WNW,1026.0,30.3,0.0,0.0,64,0,20.1,68.2,10.0,6.0,5.5,8.5,13.7,303.4,61.0,13.505,2.22,10.73,16.28,1,1,04:43 AM,09:33 PM,12:51 AM,11:13 AM,Waning Gibbous,70,Normal
Latvia,Riga,56.95,24.1,Europe/Riga,1720271700,2024-07-06 16:15,23.0,73.4,Sunny,12.5,20.2,210,SSW,1010.0,29.83,0.0,0.0,44,0,24.4,75.9,10.0,6.0,6.0,17.0,27.4,161.9,85.8,0.7,0.5,1.1,1.4,1,1,04:40 AM,10:16 PM,04:05 AM,11:28 PM,Waxing Crescent,0,Normal
Kenya,Nairobi,-1.2833,36.8167,Africa/Nairobi,1743584400,2025-04-02 12:00,24.1,75.4,Partly cloudy,9.6,15.5,72,ENE,1023.0,30.21,0.0,0.0,57,75,24.9,76.8,10.0,6.0,15.4,11.1,17.8,769.6,95.0,6.475,11.1,26.64,33.855,2,3,06:33 AM,06:39 PM,10:07 AM,10:31 PM,Waxing Crescent,17,Normal
Australia,Canberra,-35.2833,149.2167,Australia/Sydney,1771224300,2026-02-16 17:45,26.1,79.0,Sunny,10.3,16.6,62,ENE,1015.0,29.97,0.0,0.0,34,0,25.3,77.6,10.0,6.0,3.2,11.8,19.0,68.85,40.0,2.25,1.15,4.75,6.25,1,1,06:37 AM,07:57 PM,04:53 AM,07:21 PM,Waning Crescent,4,Normal
Macedonia,Skopje,42.0,21.43,Europe/Skopje,1727256600,2024-09-25 11:30,23.1,73.6,Partly cloudy,4.3,6.8,82,E,1018.0,30.06,0.0,0.0,53,75,24.8,76.6,10.0,6.0,6.0,4.9,7.9,312.65,46.0,29.415,25.53,28.12,36.63,2,3,06:25 AM,06:26 PM,11:38 PM,03:04 PM,Waning Crescent,48,Normal
Nepal,Kathmandu,27.7167,85.3167,Asia/Kathmandu,1756800900,2025-09-02 14:00,29.1,84.4,Partly cloudy,2.2,3.6,347,NNW,1012.0,29.88,0.01,0.0,55,75,33.3,92.0,10.0,6.0,3.4,6.7,10.8,727.05,113.0,4.625,9.435,21.09,21.645,2,2,05:43 AM,06:23 PM,02:40 PM,No moonset,Waxing Gibbous,64,Normal
Czech Republic,Prague,50.0833,14.4667,Europe/Prague,1753173000,2025-07-22 10:30,20.1,68.2,Partly cloudy,16.8,27.0,260,W,1010.0,29.83,0.0,0.0,68,75,20.1,68.2,10.0,6.0,4.0,19.3,31.1,247.9,58.0,6.845,0.925,4.995,6.475,1,1,05:18 AM,08:59 PM,01:49 AM,07:53 PM,Waning Crescent,11,Normal
Somalia,Mogadishu,2.0667,45.3667,Africa/Mogadishu,1734604200,2024-12-19 13:30,28.6,83.5,Patchy rain nearby,16.1,25.9,99,E,1011.0,29.86,0.01,0.0,66,80,31.6,88.8,10.0,6.0,10.2,19.0,30.6,270.1,75.0,0.37,0.37,36.26,63.085,2,4,05:56 AM,05:56 PM,09:48 PM,09:29 AM,Waning Gibbous,86,Normal
Algeria,Algiers,36.7631,3.0506,Africa/Algiers,1757492100,2025-09-10 09:15,24.4,75.9,Partly cloudy,5.4,8.6,296,WNW,1015.0,29.97,0.01,0.0,61,50,26.0,78.8,10.0,6.0,1.6,6.9,11.1,262.7,55.0,19.055,5.735,14.615,33.115,1,2,06:26 AM,07:03 PM,08:28 PM,09:25 AM,Waning Gibbous,93,Normal
Kenya,Nairobi,-1.2833,36.8167,Africa/Nairobi,1748594700,2025-05-30 11:45,21.1,70.0,Sunny,6.3,10.1,144,SE,1028.0,30.36,0.0,0.0,49,25,21.1,70.0,10.0,6.0,9.9,7.2,11.6,586.45,77.0,12.95,16.835,29.045,33.115,2,3,06:29 AM,06:32 PM,09:43 AM,10:05 PM,Waxing Crescent,11,Normal
Mongolia,Ulaanbaatar,47.92,106.92,Asia/Ulaanbaatar,1720357200,2024-07-07 21:00,25.1,77.2,Partly cloudy,6.9,11.2,320,NW,1009.0,29.8,0.0,0.0,44,25,27.3,81.2,10.0,6.0,1.0,9.7,15.6,263.7,44.4,7.5,6.7,5.6,6.2,1,1,05:02 AM,08:53 PM,05:43 AM,10:17 PM,Waxing Crescent,1,Normal
Madagascar,Antananarivo,-18.9167,47.5167,Indian/Antananarivo,1753518600,2025-07-26 11:30,20.2,68.4,Partly cloudy,3.8,6.1,110,ESE,1025.0,30.27,0.0,0.0,53,50,20.2,68.4,10.0,6.0,7.7,4.4,7.1,506.9,62.0,5.735,3.145,37.555,38.11,2,4,06:20 AM,05:33 PM,07:35 AM,07:12 PM,Waxing Crescent,1,Normal
Bangladesh,Dhaka,23.72,90.41,Asia/Dhaka,1727688600,2024-09-30 15:30,33.5,92.3,Patchy rain nearby,7.4,11.9,288,WNW,1003.0,29.62,0.01,0.0,57,58,39.9,103.9,10.0,6.0,7.0,10.3,16.6,658.6,69.0,38.11,39.405,62.715,92.13,3,8,05:50 AM,05:47 PM,03:37 AM,04:33 PM,Waning Crescent,7,Normal
Ethiopia,Addis Ababa,9.03,38.7,Africa/Addis_Ababa,1716042600,2024-05-18 17:30,24.0,75.2,Partly cloudy,11.9,19.1,100,E,1023.0,30.21,0.07,0.0,47,75,25.3,77.5,10.0,6.0,5.0,16.3,26.3,253.7,47.9,0.5,0.4,10.0,48.1,1,1,06:05 AM,06:38 PM,02:43 PM,02:25 AM,Waxing Gibbous,73,Normal
Malta,Valletta,35.8997,14.5147,Europe/Malta,1751795100,2025-07-06 11:45,33.1,91.6,Sunny,11.0,17.6,276,W,1015.0,29.97,0.0,0.0,53,25,43.0,109.4,10.0,6.0,7.8,13.7,22.0,242.35,86.0,11.285,2.22,22.94,35.335,2,2,05:52 AM,08:21 PM,04:49 PM,01:59 AM,Waxing Gibbous,78,Normal
Malawi,Lilongwe,-13.9833,33.7833,Africa/Blantyre,1736591400,2025-01-11 12:30,26.1,79.0,Partly cloudy,6.7,10.8,48,NE,1020.0,30.12,0.04,0.0,65,75,26.7,80.0,10.0,6.0,15.6,7.7,12.4,229.4,47.0,0.74,0.37,7.03,7.585,1,1,05:26 AM,06:19 PM,04:13 PM,02:39 AM,Waxing Gibbous,89,Normal
Singapore,Singapore,1.2931,103.8558,Asia/Singapore,1759047300,2025-09-28 16:15,32.1,89.8,Overcast,12.1,19.4,250,WSW,1009.0,29.8,0.02,0.0,59,50,39.9,103.9,10.0,6.0,4.3,15.5,25.0,1034.15,30.0,91.575,43.29,47.36,47.545,3,5,06:52 AM,06:58 PM,11:31 AM,11:49 PM,Waxing Crescent,28,Normal
Sudan,Juba,12.15,24.45,Africa/Khartoum,1756108800,2025-08-25 10:00,24.3,75.7,Partly Cloudy,8.7,14.0,257,WSW,1014.0,29.95,0.0,0.0,68,32,25.9,78.5,10.0,6.0,7.1,10.5,17.0,344.1,48.0,4.255,0.37,6.845,9.99,1,1,06:11 AM,06:37 PM,07:50 AM,08:08 PM,Waxing Crescent,3,Normal
Burkina Faso,Ouagadougou,12.3703,-1.5247,Africa/Ouagadougou,1764399600,2025-11-29 07:00,27.1,80.8,Sunny,7.2,11.5,39,NE,1009.0,29.8,0.0,0.0,34,0,26.0,78.8,10.0,6.0,0.2,13.6,22.0,323.85,40.0,5.05,1.65,37.75,196.85,2,4,06:10 AM,05:39 PM,01:07 PM,12:36 AM,Waxing Gibbous,58,Normal
Estonia,Tallinn,59.43,24.73,Europe/Tallinn,1724587200,2024-08-25 15:00,28.4,83.1,Sunny,19.2,31.0,180,S,1007.0,29.74,0.0,0.0,48,0,29.1,84.4,10.0,6.0,7.0,30.2,48.6,253.7,127.3,0.8,1.6,15.6,16.7,2,2,06:02 AM,08:42 PM,09:30 PM,03:03 PM,Waning Gibbous,65,Normal
Albania,Tirana,41.3275,19.8189,Europe/Tirane,1730192400,2024-10-29 10:00,20.2,68.4,Partly Cloudy,2.5,4.0,312,NW,1023.0,30.22,0.0,0.0,57,46,20.2,68.4,10.0,6.0,2.0,2.8,4.6,366.3,41.0,35.335,17.76,60.68,76.035,3,8,06:09 AM,04:39 PM,03:03 AM,03:18 PM,Waning Crescent,11,Normal
Niger,Niamey,13.52,2.12,Africa/Niamey,1722946500,2024-08-06 13:15,33.2,91.8,Thundery outbreaks in nearby,16.1,25.9,235,SW,1009.0,29.8,0.0,0.0,51,52,37.5,99.4,9.0,5.0,7.0,18.5,29.8,287.1,24.3,0.5,0.5,1.7,3.4,1,1,06:37 AM,07:17 PM,08:10 AM,08:51 PM,Waxing Crescent,2,Normal
Mauritius,Port Louis,-20.16,57.5,Indian/Mauritius,1726056900,2024-09-11 16:15,24.1,75.4,Sunny,9.8,15.8,88,E,1018.0,30.06,0.0,0.0,57,0,25.5,77.9,10.0,6.0,7.0,11.3,18.2,203.5,74.0,1.11,3.145,12.95,24.05,1,2,06:09 AM,06:04 PM,11:15 AM,12:19 AM,First Quarter,47,Normal
Bahrain,Manama,26.2361,50.5831,Asia/Bahrain,1741945500,2025-03-14 12:45,24.2,75.6,Sunny,17.4,28.1,333,NNW,1016.0,30.0,0.0,0.0,54,0,25.9,78.5,10.0,6.0,8.1,31.5,50.7,691.9,101.0,28.49,25.9,83.62,234.395,4,10,05:48 AM,05:46 PM,05:59 PM,05:48 AM,Full Moon,100,Normal
Burundi,Bujumbura,-3.3761,29.36,Africa/Bujumbura,1741427100,2025-03-08 11:45,22.9,73.2,Patchy rain nearby,2.2,3.6,196,SSW,1011.0,29.86,0.35,0.01,62,72,24.9,76.8,9.0,5.0,12.9,3.0,4.9,392.2,65.0,2.96,1.665,17.39,17.575,2,2,06:09 AM,06:17 PM,01:54 PM,01:08 AM,Waxing Gibbous,63,Normal
Qatar,Doha,25.2867,51.5333,Asia/Qatar,1737628200,2025-01-23 13:30,22.2,72.0,Sunny,9.6,15.5,59,ENE,1021.0,30.15,0.0,0.0,50,0,24.2,75.5,10.0,6.0,4.2,11.6,18.6,814.0,96.0,46.25,12.025,32.005,46.99,2,3,06:20 AM,05:12 PM,12:47 AM,11:44 AM,Waning Crescent,40,Normal
Sweden,Stockholm,59.33,18.05,Europe/Stockholm,1722861000,2024-08-05 14:30,22.6,72.7,Overcast,2.5,4.0,96,E,1011.0,29.86,0.0,0.0,51,100,24.6,76.3,10.0,6.0,5.0,2.8,4.6,213.6,44.4,8.7,10.4,1.6,2.6,1,1,04:43 AM,09:03 PM,05:17 AM,09:43 PM,Waxing Crescent,0,Normal
Thailand,Bangkok,13.75,100.5167,Asia/Bangkok,1762330500,2025-11-05 15:15,30.3,86.5,Partly cloudy,2.2,3.6,139,SE,1007.0,29.74,0.27,0.01,62,50,35.8,96.4,10.0,6.0,1.6,6.7,10.8,1737.85,37.0,51.45,33.75,32.55,32.55,2,3,06:14 AM,05:49 PM,05:31 PM,05:38 AM,Full Moon,99,Normal
Syria,Damascus,33.5,36.3,Asia/Damascus,1731056400,2024-11-08 12:00,20.3,68.5,Sunny,6.9,11.2,97,E,1023.0,30.21,0.0,0.0,53,0,20.3,68.5,10.0,6.0,4.0,8.0,12.9,277.5,59.0,27.01,51.245,53.28,82.325,3,6,07:00 AM,05:37 PM,01:08 PM,11:23 PM,Waxing Crescent,37,Normal
India,New Delhi,28.6,77.2,Asia/Kolkata,1769065200,2026-01-22 12:30,22.0,71.6,Overcast,3.1,5.0,202,SSW,1018.0,30.06,0.0,0.0,43,0,22.6,72.8,1.8,1.0,4.4,3.6,5.8,2437.85,17.0,64.25,67.85,164.75,170.35,5,10,07:14 AM,05:52 PM,09:23 AM,09:19 PM,Waxing Crescent,9,Normal
Tonga,Nuku`Aloia,-21.1333,-175.2,Pacific/Tongatapu,1759911300,2025-10-08 21:15,21.1,70.0,Partly Cloudy,22.1,35.6,138,SE,1021.0,30.15,0.0,0.0,69,25,21.1,70.0,10.0,6.0,0.0,28.9,46.4,76.85,74.0,0.95,3.25,9.45,13.95,1,1,06:16 AM,06:41 PM,07:47 PM,06:35 AM,Waning Gibbous,100,Normal
Montenegro,Podgorica,42.4411,19.2636,Europe/Podgorica,1742031900,2025-03-15 10:45,20.2,68.4,Partly cloudy,2.2,3.6,191,SSW,1012.0,29.88,0.0,0.0,53,25,20.2,68.4,10.0,6.0,1.1,6.7,10.8,307.1,62.0,7.215,2.405,33.3,54.575,2,3,05:55 AM,05:50 PM,07:11 PM,06:18 AM,Waning Gibbous,100,Normal
Cameroon,Ngaoundere,7.3167,13.5833,Africa/Douala,1742376600,2025-03-19 10:30,28.9,84.1,Sunny,4.3,6.8,189,S,1014.0,29.94,0.0,0.0,33,3,28.2,82.7,10.0,6.0,8.4,4.9,7.9,429.2,63.0,2.405,0.37,32.375,73.815,2,3,06:10 AM,06:16 PM,10:18 PM,09:26 AM,Waning Gibbous,81,Normal
Azerbaijan,Baku,40.4,49.88,Asia/Baku,1722688200,2024-08-03 16:30,30.1,86.2,Sunny,11.2,18.0,13,NNE,1005.0,29.67,0.0,0.0,44,10,30.8,87.5,10.0,6.0,8.0,14.2,22.9,210.3,98.7,2.6,0.9,7.6,19.9,1,1,05:40 AM,07:53 PM,04:02 AM,07:42 PM,Waning Crescent,2,Normal
Maldives,Dhidhdhoo,6.8833,73.1,Indian/Maldives,1730883600,2024-11-06 14:00,27.9,82.3,Sunny,5.8,9.4,297,WNW,1010.0,29.82,0.0,0.0,69,23,30.6,87.0,10.0,6.0,8.1,7.8,12.5,175.119,40.0,0.0,0.0,1.87,3.4,1,1,05:56 AM,05:47 PM,09:52 AM,09:48 PM,Waxing Crescent,18,Normal
Rwanda,Kigali,-1.9536,30.0606,Africa/Kigali,1764745200,2025-12-03 09:00,22.1,71.8,Partly cloudy,2.2,3.6,30,NNE,1018.0,30.06,0.0,0.0,65,50,24.6,76.3,10.0,6.0,2.5,6.7,10.8,452.85,56.0,5.95,2.35,25.15,25.35,2,3,05:43 AM,05:57 PM,04:26 PM,03:49 AM,Waxing Gibbous,93,Normal
Qatar,Doha,25.2867,51.5333,Asia/Qatar,1736159400,2025-01-06 13:30,21.1,70.0,Sunny,4.9,7.9,91,E,1019.0,30.09,0.0,0.0,53,0,21.1,70.0,10.0,6.0,4.1,6.1,9.8,904.65,71.0,79.55,33.485,64.38,96.2,3,8,06:20 AM,04:59 PM,10:50 AM,11:33 PM,Waxing Crescent,37,Normal
Tanzania,Dodoma,-6.1833,35.75,Africa/Dar_es_Salaam,1748421900,2025-05-28 11:45,24.4,75.9,Partly Cloudy,8.5,13.7,106,ESE,1020.0,30.12,0.0,0.0,52,30,25.5,77.9,10.0,6.0,5.6,9.8,15.7,177.6,48.0,1.665,0.185,5.18,6.105,1,1,06:40 AM,06:28 PM,07:52 AM,07:55 PM,Waxing Crescent,1,Normal
Austria,Vienna,48.2,16.3667,Europe/Vienna,1754813700,2025-08-10 10:15,28.4,83.1,Sunny,9.4,15.1,304,NW,1021.0,30.15,0.0,0.0,58,0,28.5,83.2,10.0,6.0,4.1,10.8,17.4,351.5,85.0,6.66,0.925,20.165,24.605,2,2,05:42 AM,08:16 PM,08:59 PM,06:41 AM,Waning Gibbous,100,Normal
Sudan,Khartoum,15.5881,32.5342,Africa/Khartoum,1734087600,2024-12-13 13:00,31.4,88.6,Sunny,14.1,22.7,21,NNE,1011.0,29.85,0.0,0.0,31,0,30.6,87.1,10.0,6.0,6.6,16.2,26.1,362.6,88.0,2.96,2.96,75.85,291.19,4,10,06:08 AM,05:21 PM,03:29 PM,03:54 AM,Waxing Gibbous,92,Normal
Thailand,Bangkok,13.75,100.5167,Asia/Bangkok,1763622900,2025-11-20 14:15,26.3,79.3,Overcast,10.3,16.6,13,NNE,1014.0,29.94,0.0,0.0,58,25,27.4,81.3,10.0,6.0,5.1,11.8,19.0,798.85,50.0,20.65,16.85,14.65,14.75,1,2,06:20 AM,05:47 PM,06:09 AM,05:40 PM,New Moon,0,Normal
San Marino,San Marino,43.9333,12.45,Europe/Rome,1747731600,2025-05-20 11:00,22.1,71.8,Sunny,7.2,11.5,205,SSW,1015.0,29.97,0.0,0.0,61,25,24.5,76.1,10.0,6.0,5.1,8.2,13.2,273.8,86.0,2.775,1.665,7.215,8.695,1,1,05:40 AM,08:35 PM,02:10 AM,12:27 PM,Last Quarter,56,Normal
Russia,Moscow,55.75,37.62,Europe/Moscow,1718545500,2024-06-16 16:45,23.0,73.4,Partly Cloudy,7.6,12.2,60,ENE,1015.0,29.96,0.0,0.0,58,39,24.9,76.8,10.0,6.0,6.0,11.6,18.6,190.3,90.8,15.8,7.8,3.6,4.5,1,1,03:45 AM,09:17 PM,02:57 PM,01:08 AM,Waxing Gibbous,67,Normal
Vatican City,Vatican City,41.904,12.453,Europe/Rome,1730278800,2024-10-30 10:00,20.4,68.7,Sunny,3.8,6.1,14,NNE,1023.0,30.22,0.0,0.0,61,2,20.4,68.7,10.0,6.0,1.5,4.4,7.1,362.6,31.0,27.75,1.295,35.52,42.735,2,3,06:40 AM,05:07 PM,04:33 AM,04:05 PM,Waning Crescent,6,Normal
Malaysia,Kuala Lumpur,3.1667,101.7,Asia/Kuala_Lumpur,1753863300,2025-07-30 16:15,33.1,91.6,Patchy light drizzle,2.7,4.3,223,SW,1007.0,29.74,0.37,0.01,59,25,39.8,103.7,10.0,6.0,3.3,3.1,5.0,1472.6,19.0,81.03,34.04,43.66,43.845,3,5,07:12 AM,07:28 PM,11:20 AM,11:36 PM,Waxing Crescent,24,Normal
Cyprus,Nicosia,35.17,33.37,Asia/Famagusta,1716042600,2024-05-18 17:30,28.0,82.4,Sunny,19.2,31.0,210,SSW,1012.0,29.88,0.0,0.0,58,0,28.0,82.4,10.0,6.0,7.0,23.7,38.2,198.6,93.0,0.4,0.7,13.4,52.3,1,2,05:41 AM,07:46 PM,03:03 PM,02:56 AM,Waxing Gibbous,73,Normal
Bahrain,Manama,26.2361,50.5831,Asia/Bahrain,1737628200,2025-01-23 13:30,21.2,70.2,Sunny,5.6,9.0,357,N,1022.0,30.18,0.0,0.0,43,0,21.2,70.2,10.0,6.0,3.9,7.8,12.5,691.9,94.0,51.8,14.06,50.32,73.26,3,6,06:25 AM,05:14 PM,12:53 AM,11:46 AM,Waning Crescent,40,Normal
India,New Delhi,28.6,77.2,Asia/Kolkata,1742204700,2025-03-17 15:15,28.4,83.1,Mist,9.4,15.1,305,NW,1013.0,29.91,0.0,0.0,37,50,26.4,79.4,5.0,3.0,2.8,10.8,17.4,917.6,119.0,24.05,45.14,85.84,363.525,4,10,06:28 AM,06:31 PM,09:19 PM,07:50 AM,Waning Gibbous,94,Normal
Burundi,Bujumbura,-3.38,29.36,Africa/Bujumbura,1725365700,2024-09-03 14:15,28.8,83.8,Sunny,7.8,12.6,199,SSW,1011.0,29.86,0.0,0.0,43,8,29.0,84.1,10.0,6.0,8.0,9.0,14.5,340.5,68.7,0.5,0.3,6.1,8.1,1,1,06:00 AM,06:03 PM,06:12 AM,06:27 PM,Waxing Crescent,0,Normal
Myanmar,Yangon,16.7833,96.1667,Asia/Yangon,1734862500,2024-12-22 16:45,29.3,84.7,Sunny,6.7,10.8,140,SE,1009.0,29.79,0.0,0.0,44,25,29.7,85.4,10.0,6.0,0.3,8.9,14.4,608.65,123.0,3.7,7.77,25.715,26.64,2,3,06:30 AM,05:38 PM,11:56 PM,11:40 AM,Waning Gibbous,61,Normal
Philippines,Manila,14.6042,120.9822,Asia/Manila,1732092300,2024-11-20 16:45,33.2,91.8,Partly cloudy,9.6,15.5,85,E,1008.0,29.77,0.0,0.0,56,25,40.8,105.5,10.0,6.0,1.2,12.8,20.7,1058.2,31.0,24.42,36.445,28.675,31.635,2,3,05:59 AM,05:24 PM,09:42 PM,10:12 AM,Waning Gibbous,82,Normal
Sri Lanka,Colombo,6.9319,79.8478,Asia/Colombo,1769324400,2026-01-25 12:30,31.3,88.3,Sunny,6.5,10.4,235,SW,1013.0,29.91,0.0,0.0,63,25,37.3,99.2,10.0,6.0,10.3,7.5,12.0,945.85,68.0,25.85,7.25,35.65,36.35,2,3,06:29 AM,06:17 PM,11:06 AM,11:44 PM,Waxing Crescent,34,Normal
Madagascar,Antananarivo,-18.9167,47.5167,Indian/Antananarivo,1743154200,2025-03-28 12:30,25.2,77.4,Partly cloudy,8.5,13.7,92,E,1020.0,30.12,0.0,0.0,61,75,26.1,78.9,10.0,6.0,13.2,9.8,15.7,192.4,43.0,1.11,0.925,4.255,4.995,1,1,05:56 AM,05:54 PM,04:38 AM,05:12 PM,Waning Crescent,4,Normal
Romania,Bucharest,44.4333,26.1,Europe/Bucharest,1753605900,2025-07-27 11:45,33.0,91.4,Sunny,13.2,21.2,125,SE,1007.0,29.74,0.0,0.0,30,0,30.9,87.5,10.0,6.0,6.0,15.2,24.4,275.65,77.0,7.215,4.625,14.985,24.42,1,2,05:57 AM,08:46 PM,08:40 AM,10:17 PM,Waxing Crescent,5,Normal
Mauritius,Port Louis,-20.16,57.5,Indian/Mauritius,1720529100,2024-07-09 16:45,22.3,72.1,Sunny,10.5,16.9,124,SE,1017.0,30.04,0.0,0.0,55,0,24.6,76.3,10.0,6.0,7.0,12.7,20.4,237.0,77.3,1.3,1.9,4.1,10.9,1,1,06:46 AM,05:45 PM,09:22 AM,08:55 PM,Waxing Crescent,9,Normal
Timor-Leste,Dili,-8.5586,125.5736,Asia/Dili,1728467100,2024-10-09 18:45,28.0,82.3,Sunny,11.9,19.1,66,ENE,1010.0,29.82,0.0,0.0,64,0,30.1,86.1,10.0,6.0,0.3,13.6,22.0,246.05,49.0,0.37,0.37,7.215,12.395,1,1,06:18 AM,06:32 PM,10:48 AM,11:54 PM,Waxing Crescent,32,Normal
Israel,Jerusalem,31.78,35.23,Asia/Jerusalem,1741513500,2025-03-09 11:45,20.1,68.2,Partly cloudy,2.2,3.6,276,W,1015.0,29.97,0.0,0.0,56,25,20.1,68.2,10.0,6.0,6.1,6.7,10.8,340.4,81.0,37.925,21.46,38.48,53.65,2,4,05:57 AM,05:43 PM,01:05 PM,03:06 AM,Waxing Gibbous,73,Normal
Madagascar,Ivory,-24.3667,46.45,Indian/Antananarivo,1748161800,2025-05-25 11:30,21.8,71.3,Sunny,4.3,6.8,90,E,1023.0,30.22,0.0,0.0,50,5,21.8,71.3,10.0,6.0,5.0,4.9,7.9,179.45,37.0,4.255,0.555,8.695,11.1,1,1,06:27 AM,05:15 PM,04:19 AM,03:38 PM,Waning Crescent,8,Normal
Jordan,Amman,31.95,35.9333,Asia/Amman,1756886400,2025-09-03 11:00,23.2,73.8,Sunny,13.6,22.0,270,W,1010.0,29.83,0.0,0.0,69,25,24.4,76.0,6.0,3.0,8.2,15.7,25.3,220.15,75.0,10.545,12.765,19.61,40.145,2,2,06:13 AM,06:58 PM,04:21 PM,01:17 AM,Waxing Gibbous,74,Normal
Tuvalu,Funafuti,-8.5167,179.2167,Pacific/Funafuti,1751186700,2025-06-29 20:45,28.2,82.8,Partly cloudy,3.4,5.4,143,SE,1011.0,29.85,0.0,0.0,70,75,31.2,88.2,10.0,6.0,0.0,4.6,7.5,140.6,33.0,0.0,0.185,7.585,11.285,1,1,06:17 AM,05:56 PM,09:27 AM,09:30 PM,Waxing Crescent,12,Normal
Mauritius,Port Louis,-20.1619,57.4989,Indian/Mauritius,1741254300,2025-03-06 13:45,31.3,88.3,Partly cloudy,17.7,28.4,100,E,1015.0,29.97,0.06,0.0,66,75,38.0,100.4,10.0,6.0,13.0,20.5,33.0,172.05,41.0,2.22,1.85,9.25,14.245,1,1,06:09 AM,06:32 PM,12:35 PM,11:31 PM,First Quarter,40,Normal
Tunisia,Tunis,36.8028,10.1797,Africa/Tunis,1753605000,2025-07-27 09:30,28.2,82.8,Partly cloudy,18.6,29.9,316,NW,1015.0,29.97,0.0,0.0,55,50,28.9,83.9,10.0,6.0,4.3,21.4,34.4,268.25,91.0,2.96,2.405,11.1,21.46,1,1,05:21 AM,07:30 PM,07:58 AM,09:15 PM,Waxing Crescent,5,Normal
Nepal,Kathmandu,27.7167,85.3167,Asia/Kathmandu,1749977100,2025-06-15 14:30,28.1,82.6,Partly cloudy,3.4,5.4,244,WSW,1008.0,29.77,1.88,0.07,66,75,30.3,86.5,8.0,4.0,4.1,6.0,9.6,1050.8,136.0,9.25,7.77,35.705,40.7,2,3,05:08 AM,07:01 PM,10:26 PM,08:28 AM,Waning Gibbous,88,Normal
Tunisia,Tunis,36.8028,10.1797,Africa/Tunis,1751100300,2025-06-28 09:45,28.2,82.8,Sunny,15.9,25.6,319,NW,1019.0,30.09,0.0,0.0,62,25,28.5,83.2,10.0,6.0,4.5,18.3,29.4,214.6,71.0,2.96,2.59,9.805,24.42,1,1,05:03 AM,07:43 PM,08:03 AM,10:22 PM,Waxing Crescent,8,Normal
Philippines,Manila,14.6042,120.9822,Asia/Manila,1772692200,2026-03-05 14:30,32.2,90.0,Partly Cloudy,7.8,12.6,173,S,1009.0,29.8,0.0,0.0,56,25,36.0,96.9,10.0,6.0,6.1,9.1,14.6,255.85,30.0,18.55,23.65,21.45,23.85,2,2,06:11 AM,06:05 PM,07:39 PM,07:07 AM,Waning Gibbous,98,Normal
Armenia,Yerevan,40.18,44.51,Asia/Yerevan,1727084700,2024-09-23 13:45,23.0,73.4,Partly cloudy,3.1,5.0,205,SSW,1013.0,29.91,0.01,0.0,53,37,24.5,76.2,10.0,6.0,5.0,3.6,5.9,286.75,47.0,24.42,3.145,24.975,42.18,2,3,06:51 AM,06:57 PM,10:12 PM,01:19 PM,Waning Gibbous,69,Normal
Mozambique,Maputo,-25.9653,32.5892,Africa/Maputo,1755073800,2025-08-13 10:30,23.1,73.6,Partly cloudy,6.0,9.7,10,N,1023.0,30.21,0.0,0.0,65,75,25.0,76.9,10.0,6.0,4.6,7.0,11.2,388.5,49.0,5.55,2.59,15.355,18.5,1,2,06:20 AM,05:30 PM,09:49 PM,08:49 AM,Waning Gibbous,85,Normal
Switzerland,Bern,46.92,7.47,Europe/Zurich,1723032900,2024-08-07 14:15,25.4,77.7,Patchy light rain in area with thunder,5.4,8.6,262,W,1014.0,29.93,0.39,0.02,61,85,26.6,79.9,10.0,6.0,6.0,6.2,10.0,196.9,94.4,1.4,0.5,2.5,2.7,1,1,06:18 AM,08:53 PM,09:11 AM,10:16 PM,Waxing Crescent,6,Normal
Uganda,Kampala,0.3156,32.5656,Africa/Kampala,1757319300,2025-09-08 11:15,25.3,77.5,Sunny,2.9,4.7,105,ESE,1020.0,30.12,0.0,0.0,65,25,26.0,78.7,10.0,6.0,6.8,3.4,5.4,675.25,59.0,5.55,2.96,51.43,54.205,3,6,06:44 AM,06:51 PM,07:32 PM,07:07 AM,Waning Gibbous,100,Normal
Montenegro,Podgorica,42.4411,19.2636,Europe/Podgorica,1728380700,2024-10-08 11:45,20.3,68.5,Sunny,2.7,4.3,175,S,1019.0,30.09,0.0,0.0,60,0,20.3,68.5,10.0,6.0,5.0,3.1,5.0,440.3,58.0,16.095,2.035,12.95,16.65,1,2,06:48 AM,06:12 PM,12:34 PM,08:57 PM,Waxing Crescent,23,Normal
Tanzania,Dodoma,-6.1833,35.75,Africa/Dar_es_Salaam,1761379200,2025-10-25 11:00,26.3,79.3,Sunny,9.2,14.8,96,E,1020.0,30.12,0.0,0.0,48,0,26.1,78.9,10.0,6.0,10.4,10.6,17.0,153.85,68.0,2.45,1.15,9.65,10.85,1,1,06:12 AM,06:30 PM,08:51 AM,09:42 PM,Waxing Crescent,10,Normal
Congo,Brazzaville,-4.26,15.28,Africa/Brazzaville,1719839700,2024-07-01 14:15,27.1,80.8,Partly cloudy,4.3,6.8,230,SW,1013.0,29.91,0.0,0.0,66,75,26.4,79.4,6.0,3.0,10.0,8.7,14.0,474.0,82.3,1.2,0.6,16.7,26.8,2,2,06:06 AM,05:59 PM,01:43 AM,01:57 PM,Waning Crescent,27,Normal
Israel,Jerusalem,31.78,35.23,Asia/Jerusalem,1723982400,2024-08-18 15:00,32.1,89.8,Sunny,12.5,20.2,304,NW,1006.0,29.71,0.0,0.0,32,5,31.7,89.0,10.0,6.0,8.0,15.4,24.8,213.6,197.4,3.0,4.1,19.0,34.5,2,2,06:06 AM,07:19 PM,06:45 PM,04:07 AM,Waxing Gibbous,95,Normal
Israel,Jerusalem,31.78,35.23,Asia/Jerusalem,1756369800,2025-08-28 11:30,31.0,87.8,Partly cloudy,4.5,7.2,290,WNW,1010.0,29.83,0.0,0.0,52,50,32.4,90.3,10.0,6.0,7.8,5.7,9.1,253.45,86.0,19.61,11.47,22.755,42.735,2,2,06:12 AM,07:08 PM,10:52 AM,09:42 PM,Waxing Crescent,20,Normal
Cape Verde,Praia,14.9315,-23.5125,Atlantic/Cape_Verde,1737195300,2025-01-18 09:15,22.0,71.6,Partly cloudy,17.4,28.1,52,NE,1018.0,30.06,0.0,0.0,53,50,24.6,76.2,10.0,6.0,1.9,20.4,32.9,270.1,88.0,0.74,1.11,28.86,52.355,2,3,07:04 AM,06:25 PM,10:32 PM,10:16 AM,Waning Gibbous,83,Normal
Maldives,Dhidhdhoo,6.8833,73.1,Indian/Maldives,1767423600,2026-01-03 12:00,26.5,79.6,Sunny,4.5,7.2,11,NNE,1013.0,29.9,0.0,0.0,62,10,27.9,82.1,10.0,6.0,11.0,6.1,9.8,219.7,104.0,0.9,1.1,20.8,24.4,2,2,06:20 AM,06:04 PM,06:08 PM,06:04 AM,Full Moon,99,Normal
Netherlands,Amsterdam,52.374,4.8897,Europe/Amsterdam,1752396300,2025-07-13 10:45,21.1,70.0,Partly cloudy,5.6,9.0,36,NE,1011.0,29.85,0.29,0.01,69,50,21.1,70.0,10.0,6.0,3.0,7.2,11.5,325.6,27.0,76.59,3.515,13.505,20.165,1,2,05:35 AM,09:58 PM,11:33 PM,08:13 AM,Waning Gibbous,95,Normal
Maldives,Dhidhdhoo,6.8833,73.1,Indian/Maldives,1739527200,2025-02-14 15:00,26.9,80.5,Sunny,5.1,8.3,27,NNE,1010.0,29.83,0.0,0.0,68,25,28.9,84.1,10.0,6.0,4.7,6.9,11.1,351.938,101.0,0.17,1.7,35.364,39.104,2,3,06:24 AM,06:19 PM,07:49 PM,07:34 AM,Waning Gibbous,99,Normal
United Kingdom,London,51.5171,-0.1062,Europe/London,1749717900,2025-06-12 09:45,20.3,68.5,Sunny,10.1,16.2,98,E,1011.0,29.85,0.0,0.0,56,0,20.3,68.5,10.0,6.0,2.3,11.7,18.9,532.8,68.0,41.44,6.845,28.305,32.745,2,3,04:43 AM,09:18 PM,11:09 PM,04:49 AM,Waning Gibbous,99,Normal
Malaysia,Kuala Lumpur,3.1667,101.7,Asia/Kuala_Lumpur,1750841100,2025-06-25 16:45,33.4,92.1,Partly Cloudy,5.8,9.4,186,S,1008.0,29.77,0.0,0.0,56,25,37.6,99.7,10.0,6.0,4.4,6.7,10.8,1668.7,36.0,95.46,34.78,75.11,77.885,4,10,07:07 AM,07:25 PM,06:39 AM,07:25 PM,New Moon,1,Normal
India,New Delhi,28.6,77.2,Asia/Kolkata,1750669200,2025-06-23 14:30,35.0,95.0,Mist,4.3,6.8,5,N,997.0,29.44,0.0,0.0,60,75,36.3,97.4,4.0,2.0,2.7,4.9,7.9,1089.65,124.0,40.515,56.98,54.76,93.61,3,7,05:25 AM,07:23 PM,02:53 AM,05:25 PM,Waning Crescent,10,Normal
Madagascar,Ivory,-24.3667,46.45,Indian/Antananarivo,1745313300,2025-04-22 12:15,26.4,79.6,Patchy rain nearby,4.7,7.6,187,S,1015.0,29.98,0.02,0.0,62,96,27.8,82.1,10.0,6.0,5.5,5.6,9.1,149.85,48.0,1.11,0.74,7.215,9.99,1,1,06:11 AM,05:34 PM,12:16 AM,01:57 PM,Waning Crescent,41,Normal
Australia,Canberra,-35.2833,149.2167,Australia/Sydney,1768288500,2026-01-13 18:15,27.3,81.1,Partly cloudy,15.0,24.1,95,E,1008.0,29.77,0.0,0.0,48,50,27.6,81.7,10.0,6.0,1.0,19.3,31.1,76.85,52.0,3.75,2.05,7.75,8.45,1,1,06:02 AM,08:21 PM,01:13 AM,03:48 PM,Waning Crescent,32,Normal
Costa Rica,San Ignacio,9.8,-84.17,America/Costa_Rica,1719839700,2024-07-01 07:15,22.4,72.3,Partly cloudy,8.1,13.0,120,ESE,1017.0,30.03,0.0,0.0,69,50,24.7,76.5,10.0,6.0,5.0,12.5,20.2,413.9,2.9,4.5,5.7,7.0,9.2,1,1,05:20 AM,06:01 PM,01:17 AM,02:10 PM,Waning Crescent,27,Normal
Hungary,Budapest,47.5,19.0833,Europe/Budapest,1750409100,2025-06-20 10:45,22.0,71.6,Sunny,8.5,13.7,325,NW,1022.0,30.18,0.0,0.0,35,0,22.7,72.8,10.0,6.0,5.2,9.8,15.7,308.95,78.0,4.625,1.48,7.77,12.765,1,1,04:46 AM,08:44 PM,01:08 AM,02:54 PM,Waning Crescent,37,Normal
Austria,Vienna,48.2,16.3667,Europe/Vienna,1755073800,2025-08-13 10:30,25.2,77.4,Sunny,8.3,13.3,150,SSE,1019.0,30.09,0.0,0.0,54,0,25.0,76.9,10.0,6.0,3.9,9.5,15.3,344.1,56.0,19.61,3.145,13.875,21.46,1,2,05:46 AM,08:11 PM,09:47 PM,10:42 AM,Waning Gibbous,85,Normal
Georgia,Tbilisi,41.73,44.79,Asia/Tbilisi,1720789200,2024-07-12 17:00,32.1,89.8,Sunny,4.3,6.8,140,SE,1010.0,29.83,0.0,0.0,38,0,30.8,87.4,10.0,6.0,8.0,10.3,16.6,170.2,80.8,1.4,0.5,6.9,17.9,1,1,05:38 AM,08:35 PM,11:52 AM,11:56 PM,Waxing Crescent,32,Normal
North Korea,Pyongyang,39.0194,125.7547,Asia/Pyongyang,1752396300,2025-07-13 17:45,28.0,82.5,Partly Cloudy,6.5,10.4,288,WNW,1001.0,29.55,0.0,0.0,61,26,29.9,85.7,10.0,6.0,2.1,7.6,12.2,778.85,73.0,24.605,11.285,61.975,62.9,3,8,05:22 AM,08:03 PM,09:52 PM,07:25 AM,Waning Gibbous,97,Normal
Lebanon,Beirut,33.8719,35.5097,Asia/Beirut,1760516100,2025-10-15 11:15,24.1,75.4,Sunny,6.3,10.1,343,NNW,1018.0,30.06,0.0,0.0,44,25,25.4,77.6,10.0,6.0,4.6,7.2,11.6,239.85,71.0,16.45,75.25,14.85,19.25,1,2,06:43 AM,06:04 PM,12:38 AM,03:04 PM,Waning Crescent,38,Normal
Latvia,Riga,56.95,24.1,Europe/Riga,1720183500,2024-07-05 15:45,20.4,68.7,Overcast,8.1,13.0,250,WSW,1007.0,29.74,0.0,0.0,49,37,20.4,68.7,10.0,6.0,5.0,11.2,18.0,153.5,75.8,0.5,0.3,0.5,0.7,1,1,04:39 AM,10:17 PM,02:55 AM,10:59 PM,New Moon,1,Normal
Nigeria,Abuja,9.1758,7.1808,Africa/Lagos,1732352400,2024-11-23 10:00,28.2,82.8,Sunny,5.1,8.3,76,ENE,1016.0,30.0,0.0,0.0,42,0,26.3,79.4,10.0,6.0,4.5,5.9,9.5,847.3,94.0,10.175,3.885,94.35,201.65,4,10,06:28 AM,06:07 PM,12:26 AM,01:03 PM,Last Quarter,51,Normal
Cyprus,Nicosia,35.1667,33.3667,Asia/Nicosia,1758095100,2025-09-17 10:45,30.4,86.7,Sunny,3.1,5.0,117,ESE,1011.0,29.85,0.0,0.0,59,0,31.3,88.4,10.0,6.0,3.9,3.6,5.8,223.85,59.0,9.805,3.145,18.13,34.41,2,2,06:31 AM,06:50 PM,01:43 AM,04:39 PM,Waning Crescent,24,Normal
Chad,N'djamena,12.1131,15.0492,Africa/Douala,1728035100,2024-10-04 10:45,29.9,85.9,Partly Cloudy,5.6,9.0,144,SE,1013.0,29.92,0.0,0.0,54,44,32.1,89.7,10.0,6.0,7.0,6.4,10.4,425.5,34.0,1.665,0.37,16.65,26.085,2,2,05:49 AM,05:48 PM,06:56 AM,06:51 PM,Waxing Crescent,1,Normal
Zimbabwe,Harare,-17.82,31.04,Africa/Harare,1716472800,2024-05-23 16:00,22.1,71.7,Sunny,4.9,7.9,343,NNW,1017.0,30.03,0.0,0.0,35,9,23.7,74.7,10.0,6.0,7.0,5.7,9.3,407.2,52.2,7.0,8.1,14.7,18.7,1,2,06:16 AM,05:29 PM,05:19 PM,06:00 AM,Full Moon,100,Normal
Bahrain,Manama,26.2361,50.5831,Asia/Bahrain,1772433900,2026-03-02 09:45,21.4,70.5,Sunny,17.2,27.7,358,N,1013.0,29.91,0.0,0.0,60,0,21.4,70.5,10.0,6.0,1.8,23.6,37.9,255.85,93.0,9.85,9.55,30.85,97.25,2,3,06:00 AM,05:40 PM,04:45 PM,05:15 AM,Waxing Gibbous,97,Normal
Bosnia and Herzegovina,Sarajevo,43.85,18.3833,Europe/Sarajevo,1754640900,2025-08-08 10:15,20.1,68.2,Sunny,2.2,3.6,26,NNE,1023.0,30.21,0.0,0.0,68,0,20.1,68.2,10.0,6.0,5.1,2.3,3.7,338.55,67.0,11.1,11.1,24.235,29.785,2,3,05:43 AM,08:01 PM,07:55 PM,04:12 AM,Waxing Gibbous,98,Normal
Sudan,Khartoum,15.5881,32.5342,Africa/Khartoum,1763451000,2025-11-18 09:30,27.2,81.0,Sunny,13.9,22.3,17,NNE,1015.0,29.96,0.0,0.0,42,4,27.2,81.0,10.0,6.0,3.6,15.9,25.7,167.85,56.0,2.55,1.75,18.45,57.35,2,2,05:54 AM,05:16 PM,04:13 AM,03:54 PM,Waning Crescent,5,Normal
Nigeria,Abuja,9.18,7.18,Africa/Lagos,1718028900,2024-06-10 15:15,31.3,88.3,Partly cloudy,12.5,20.2,190,S,1013.0,29.91,0.0,0.0,66,75,34.2,93.5,10.0,6.0,8.0,17.0,27.4,377.2,24.3,0.2,0.1,1.5,2.6,1,1,06:11 AM,06:50 PM,09:42 AM,10:36 PM,Waxing Crescent,13,Normal
North Korea,Pyongyang,39.0194,125.7547,Asia/Pyongyang,1748161800,2025-05-25 17:30,23.1,73.7,Sunny,10.1,16.2,310,NW,1013.0,29.9,0.0,0.0,39,14,24.4,75.8,10.0,6.0,1.7,12.0,19.3,484.7,72.0,17.76,13.32,67.34,83.435,4,9,05:17 AM,07:52 PM,03:29 AM,05:49 PM,Waning Crescent,9,Normal
Algeria,Algiers,36.76,3.05,Africa/Algiers,1727775900,2024-10-01 10:45,26.1,79.0,Sunny,2.7,4.3,325,NW,1017.0,30.03,0.0,0.0,70,0,27.7,81.9,10.0,6.0,6.0,3.4,5.5,440.3,35.0,81.955,33.485,34.225,83.99,2,3,06:43 AM,06:30 PM,05:22 AM,06:01 PM,Waning Crescent,3,Normal
Georgia,Tbilisi,41.73,44.79,Asia/Tbilisi,1718114400,2024-06-11 18:00,29.2,84.6,Partly cloudy,5.6,9.0,200,SSW,1011.0,29.85,0.0,0.0,45,37,30.3,86.5,10.0,6.0,7.0,10.1,16.2,195.3,47.9,3.8,0.5,4.2,5.8,1,1,05:26 AM,08:35 PM,09:55 AM,12:09 AM,Waxing Crescent,21,Normal
Guinea-Bissau,Bissau,11.85,-15.5833,Africa/Bissau,1740391200,2025-02-24 10:00,23.2,73.8,Sunny,14.3,23.0,69,ENE,1013.0,29.91,0.0,0.0,33,0,23.4,74.1,6.0,3.0,3.3,18.3,29.4,358.9,59.0,2.035,0.925,135.605,390.165,4,10,07:20 AM,07:11 PM,04:22 AM,03:58 PM,Waning Crescent,19,Normal
Singapore,Singapore,1.2931,103.8558,Asia/Singapore,1768633200,2026-01-17 15:00,30.3,86.5,Partly cloudy,6.5,10.4,14,NNE,1009.0,29.8,0.37,0.01,62,75,35.7,96.2,10.0,6.0,6.4,9.0,14.5,353.85,63.0,26.15,6.75,14.25,18.45,1,2,07:13 AM,07:16 PM,05:46 AM,06:05 PM,Waning Crescent,5,Normal
Rwanda,Kigali,-1.95,30.06,Africa/Kigali,1725797700,2024-09-08 14:15,22.3,72.1,Partly cloudy,9.4,15.1,320,NW,1020.0,30.12,0.0,0.0,65,75,24.7,76.4,10.0,6.0,6.0,13.9,22.3,370.0,78.0,0.555,1.11,19.98,30.155,2,2,05:55 AM,06:00 PM,09:24 AM,09:51 PM,Waxing Crescent,20,Normal
Mauritania,Nouakchott,18.09,-15.98,Africa/Nouakchott,1725885000,2024-09-09 12:30,29.7,85.4,Sunny,4.5,7.2,211,SSW,1013.0,29.9,0.0,0.0,54,14,31.6,88.8,10.0,6.0,7.0,6.2,10.0,286.75,67.0,0.925,2.035,104.895,477.3,4,10,06:51 AM,07:11 PM,11:57 AM,11:10 PM,Waxing Crescent,28,Normal
Macedonia,Skopje,42.0,21.4333,Europe/Skopje,1755936000,2025-08-23 10:00,22.3,72.1,Partly cloudy,3.6,5.8,334,NNW,1014.0,29.94,0.0,0.0,61,75,24.2,75.5,10.0,6.0,4.3,4.1,6.6,286.75,77.0,10.73,8.51,11.655,13.69,1,1,05:51 AM,07:23 PM,05:46 AM,07:37 PM,New Moon,0,Normal
Macedonia,Skopje,42.0,21.4333,Europe/Skopje,1744879500,2025-04-17 10:45,24.2,75.6,Partly cloudy,7.2,11.5,94,E,1021.0,30.15,0.0,0.0,47,50,25.7,78.2,10.0,6.0,4.0,8.2,13.2,296.0,69.0,19.98,11.285,30.525,47.36,2,3,05:51 AM,07:18 PM,No moonrise,07:45 AM,Waning Gibbous,87,Normal
Kazakhstan,Astana,51.18,71.43,Asia/Almaty,1722688200,2024-08-03 17:30,26.8,80.2,Partly Cloudy,12.5,20.2,307,NW,1004.0,29.65,0.0,0.0,33,47,26.2,79.1,10.0,6.0,7.0,14.4,23.2,198.6,88.0,1.6,4.7,1.0,1.0,1,1,04:42 AM,07:57 PM,02:38 AM,08:00 PM,Waning Crescent,2,Normal
Slovakia,Bratislava,48.15,17.1167,Europe/Bratislava,1749113100,2025-06-05 10:45,25.2,77.4,Sunny,2.2,3.6,342,NNW,1015.0,29.97,0.0,0.0,47,0,26.1,79.0,10.0,6.0,4.4,6.7,10.8,251.6,64.0,16.095,4.255,12.025,13.875,1,2,04:53 AM,08:47 PM,03:03 PM,02:00 AM,Waxing Gibbous,67,Normal
Slovakia,Bratislava,48.15,17.12,Europe/Bratislava,1718632800,2024-06-17 16:00,26.8,80.3,Sunny,4.5,7.2,137,SE,1015.0,29.97,0.0,0.0,48,16,27.3,81.1,10.0,6.0,7.0,5.5,8.8,175.2,104.4,2.2,1.6,3.6,3.9,1,1,04:51 AM,08:54 PM,04:18 PM,01:53 AM,Waxing Gibbous,75,Normal
Switzerland,Bern,46.9167,7.4667,Europe/Zurich,1751014800,2025-06-27 11:00,23.2,73.8,Partly Cloudy,2.2,3.6,3,N,1025.0,30.27,0.0,0.0,69,25,24.9,76.9,10.0,6.0,5.8,2.6,4.1,234.95,60.0,9.25,0.37,10.545,14.43,1,1,05:38 AM,09:29 PM,07:25 AM,11:32 PM,Waxing Crescent,3,Normal
Azerbaijan,Baku,40.3953,49.8822,Asia/Baku,1728294300,2024-10-07 13:45,25.0,77.0,Partly cloudy,21.3,34.2,177,S,1017.0,30.03,0.0,0.0,65,50,26.4,79.6,10.0,6.0,6.0,24.4,39.3,290.45,77.0,8.325,1.295,14.985,42.18,1,2,06:43 AM,06:12 PM,11:14 AM,08:16 PM,Waxing Crescent,15,Normal
Romania,Bucharest,44.4333,26.1,Europe/Bucharest,1749373200,2025-06-08 12:00,29.2,84.6,Sunny,5.4,8.6,140,SE,1016.0,30.0,0.0,0.0,40,0,28.3,82.9,10.0,6.0,8.3,6.2,9.9,290.45,86.0,7.77,6.66,19.055,23.68,2,2,05:32 AM,08:58 PM,06:35 PM,03:20 AM,Waxing Gibbous,89,Normal
Netherlands,Amsterdam,52.374,4.8897,Europe/Amsterdam,1751359500,2025-07-01 10:45,29.2,84.6,Sunny,4.5,7.2,171,S,1015.0,29.97,0.0,0.0,45,0,29.4,84.9,10.0,6.0,3.6,5.2,8.4,488.4,30.0,79.365,7.4,25.16,32.56,2,3,05:23 AM,10:06 PM,12:32 PM,12:45 AM,Waxing Crescent,32,Normal
Lesotho,Maseru,-29.3167,27.4833,Africa/Johannesburg,1735467300,2024-12-29 12:15,28.2,82.8,Partly cloudy,5.8,9.4,321,NW,1022.0,30.18,0.0,0.0,45,75,26.8,80.2,10.0,6.0,10.8,6.7,10.8,262.7,100.0,1.295,12.21,7.215,7.215,1,1,05:12 AM,07:13 PM,03:26 AM,06:15 PM,Waning Crescent,4,Normal
Romania,Bucharest,44.4333,26.1,Europe/Bucharest,1757059200,2025-09-05 11:00,26.2,79.2,Sunny,10.3,16.6,74,ENE,1018.0,30.06,0.0,0.0,34,0,25.0,77.0,10.0,6.0,4.3,11.8,19.0,353.35,64.0,21.83,5.735,20.905,27.195,2,2,06:43 AM,07:45 PM,06:52 PM,03:30 AM,Waxing Gibbous,90,Normal
Madagascar,Ivory,-24.37,46.45,Indian/Antananarivo,1722428100,2024-07-31 15:15,25.1,77.2,Sunny,6.3,10.1,200,SSW,1020.0,30.11,0.0,0.0,33,17,25.0,77.0,10.0,6.0,8.0,7.9,12.6,247.0,71.5,0.2,0.3,2.8,4.8,1,1,06:31 AM,05:31 PM,03:05 AM,01:38 PM,Waning Crescent,20,Normal
Honduras,Tegucigalpa,14.1,-87.22,America/Tegucigalpa,1716302700,2024-05-21 08:45,25.0,77.0,Overcast,2.2,3.6,77,ENE,1017.0,30.03,0.0,0.0,61,50,26.1,79.0,1.0,0.0,7.0,2.8,4.6,560.8,26.8,9.3,0.6,7.5,20.1,1,1,05:21 AM,06:11 PM,04:44 PM,03:46 AM,Waxing Gibbous,93,Normal
Madagascar,Antananarivo,-18.9167,47.5167,Indian/Antananarivo,1730710800,2024-11-04 12:00,28.4,83.1,Partly cloudy,4.7,7.6,94,E,1020.0,30.12,0.0,0.0,40,25,26.5,79.7,10.0,6.0,11.8,5.4,8.7,327.45,73.0,0.925,1.11,14.06,21.09,1,2,05:08 AM,05:59 PM,06:52 AM,08:42 PM,Waxing Crescent,6,Normal
Austria,Vienna,48.2,16.3667,Europe/Vienna,1754554500,2025-08-07 10:15,20.2,68.4,Sunny,11.2,18.0,139,SE,1022.0,30.18,0.0,0.0,56,0,20.2,68.4,10.0,6.0,3.7,12.9,20.7,364.45,50.0,18.5,3.7,13.32,20.72,1,2,05:38 AM,08:21 PM,07:51 PM,02:46 AM,Waxing Gibbous,93,Normal
Sierra Leone,Freetown,8.49,-13.2342,Africa/Freetown,1733481000,2024-12-06 10:30,26.3,79.3,Partly cloudy,9.4,15.1,75,ENE,1012.0,29.88,0.0,0.0,51,75,26.1,78.9,10.0,6.0,3.4,11.4,18.3,469.9,76.0,2.775,1.85,65.675,123.58,4,9,06:55 AM,06:33 PM,11:26 AM,11:28 PM,Waxing Crescent,23,Normal
Cape Verde,Praia,14.9315,-23.5125,Atlantic/Cape_Verde,1741771800,2025-03-12 08:30,21.1,70.0,Partly cloudy,17.4,28.1,14,NNE,1016.0,30.0,0.0,0.0,69,25,21.1,70.0,10.0,6.0,0.9,21.3,34.3,255.3,90.0,0.74,0.37,15.17,24.42,1,2,06:44 AM,06:44 PM,05:32 PM,05:38 AM,Waxing Gibbous,95,Normal
Zimbabwe,Harare,-17.8178,31.0447,Africa/Harare,1767510000,2026-01-04 09:00,21.4,70.4,Partly Cloudy,7.2,11.5,36,NE,1013.0,29.9,0.0,0.0,70,40,21.4,70.4,10.0,6.0,7.3,8.2,13.2,182.85,67.0,2.85,1.15,9.45,9.45,1,1,05:26 AM,06:35 PM,07:52 PM,06:13 AM,Waning Gibbous,100,Normal
Tanzania,Dodoma,-6.1833,35.75,Africa/Dar_es_Salaam,1749891600,2025-06-14 12:00,23.1,73.6,Sunny,5.8,9.4,114,ESE,1025.0,30.27,0.0,0.0,53,25,24.3,75.7,10.0,6.0,9.9,6.7,10.8,247.9,60.0,1.665,0.74,8.88,9.805,1,1,06:44 AM,06:30 PM,09:23 PM,09:18 AM,Waning Gibbous,93,Normal
Jordan,Amman,31.95,35.9333,Asia/Amman,1757492100,2025-09-10 11:15,25.3,77.5,Sunny,8.9,14.4,299,WNW,1016.0,30.0,0.0,0.0,41,0,25.0,77.1,6.0,3.0,7.3,10.3,16.6,233.1,78.0,15.17,27.01,19.24,41.07,2,2,06:17 AM,06:49 PM,08:21 PM,09:00 AM,Waning Gibbous,94,Normal
Ethiopia,Addis Ababa,9.03,38.7,Africa/Addis_Ababa,1727256600,2024-09-25 12:30,20.2,68.4,Patchy rain nearby,5.6,9.0,132,SE,1014.0,29.94,0.39,0.02,58,70,20.2,68.4,10.0,6.0,5.0,6.7,10.8,438.45,81.0,1.665,4.44,29.785,70.855,2,3,06:14 AM,06:19 PM,12:05 AM,01:14 PM,Waning Crescent,48,Normal
Comoros,Moroni,-11.7042,43.2403,Indian/Comoro,1757577600,2025-09-11 11:00,25.3,77.5,Patchy rain nearby,16.8,27.0,165,SSE,1019.0,30.1,0.01,0.0,68,83,26.8,80.2,10.0,6.0,11.2,19.3,31.1,273.8,72.0,0.74,0.555,10.36,14.43,1,1,06:04 AM,06:03 PM,09:41 PM,08:38 AM,Waning Gibbous,87,Normal
Thailand,Bangkok,13.75,100.5167,Asia/Bangkok,1768893300,2026-01-20 14:15,32.4,90.3,Sunny,7.6,12.2,176,S,1010.0,29.83,0.0,0.0,46,25,33.1,91.5,10.0,6.0,7.3,8.7,14.1,1400.85,87.0,10.85,6.95,26.55,27.65,2,3,06:46 AM,06:12 PM,07:48 AM,07:34 PM,Waxing Crescent,1,Normal
Mauritius,Port Louis,-20.1619,57.4989,Indian/Mauritius,1739268900,2025-02-11 14:15,32.1,89.8,Overcast,5.1,8.3,266,W,1008.0,29.77,0.13,0.01,59,75,41.2,106.1,10.0,6.0,7.1,6.5,10.5,209.05,61.0,6.475,15.54,10.175,11.47,1,1,06:00 AM,06:48 PM,06:15 PM,04:38 AM,Waxing Gibbous,97,Normal
Myanmar,Yangon,16.7833,96.1667,Asia/Yangon,1739700900,2025-02-16 16:45,32.3,90.1,Partly cloudy,10.3,16.6,176,S,1009.0,29.8,0.0,0.0,63,25,31.4,88.6,7.0,4.0,0.9,11.9,19.2,767.75,116.0,4.07,11.47,61.79,66.97,3,8,06:31 AM,06:08 PM,09:14 PM,08:40 AM,Waning Gibbous,91,Normal
Mali,Bamako,12.65,-8.0,Africa/Bamako,1746522000,2025-05-06 09:00,29.2,84.6,Sunny,13.4,21.6,214,SW,1012.0,29.88,0.0,0.0,70,0,29.1,84.3,8.0,4.0,2.9,15.4,24.8,425.5,63.0,1.85,1.11,80.475,229.215,4,10,06:10 AM,06:48 PM,02:12 PM,02:10 AM,Waxing Gibbous,64,Normal
Guinea-Bissau,Bissau,11.85,-15.5833,Africa/Bissau,1770446700,2026-02-07 06:45,22.1,71.8,Clear,10.5,16.9,29,NNE,1013.0,29.91,0.0,0.0,43,0,23.5,74.4,8.0,4.0,0.0,22.1,35.5,162.85,49.0,2.05,1.15,31.15,118.15,2,3,07:26 AM,07:07 PM,11:59 PM,11:10 AM,Waning Gibbous,73,Normal
Central African Republic,Bangui,4.3667,18.5833,Africa/Bangui,1730970000,2024-11-07 10:00,29.4,84.9,Sunny,5.1,8.3,70,ENE,1011.0,29.87,0.0,0.0,53,10,31.1,87.9,10.0,6.0,8.4,5.9,9.5,373.7,32.0,0.185,0.74,22.755,33.855,2,2,05:31 AM,05:28 PM,10:28 AM,10:36 PM,Waxing Crescent,27,Normal
Sudan,Juba,12.15,24.45,Africa/Khartoum,1725279300,2024-09-02 14:15,28.9,84.1,Partly Cloudy,3.8,6.1,163,SSE,1011.0,29.87,0.0,0.0,52,45,30.2,86.4,10.0,6.0,7.0,4.4,7.1,433.9,22.5,0.1,0.1,0.7,3.0,1,1,06:12 AM,06:31 PM,05:36 AM,06:19 PM,New Moon,1,Normal
Tunisia,Tunis,36.8028,10.1797,Africa/Tunis,1754382600,2025-08-05 09:30,26.2,79.2,Sunny,8.1,13.0,314,NW,1020.0,30.12,0.0,0.0,61,25,26.6,79.9,10.0,6.0,3.8,9.3,14.9,325.6,73.0,6.105,5.365,11.655,20.35,1,1,05:29 AM,07:22 PM,04:56 PM,01:09 AM,Waxing Gibbous,81,Normal
Indonesia,Laos,-8.1826,114.3188,Asia/Jakarta,1730020500,2024-10-27 16:15,29.3,84.7,Sunny,6.7,10.8,161,SSE,1008.0,29.77,0.0,0.0,63,10,32.2,90.0,10.0,6.0,1.1,7.8,12.6,379.25,79.0,2.405,5.92,19.61,31.635,2,2,04:56 AM,05:18 PM,01:27 AM,01:32 PM,Waning Crescent,25,Normal
Nepal,Kathmandu,27.7167,85.3167,Asia/Kathmandu,1762156800,2025-11-03 13:45,24.1,75.4,Partly cloudy,3.4,5.4,278,W,1014.0,29.94,0.03,0.0,57,50,25.7,78.3,8.0,4.0,4.2,3.9,6.2,693.85,112.0,7.45,5.25,25.65,29.15,2,3,06:16 AM,05:19 PM,03:37 PM,03:31 AM,Waxing Gibbous,89,Normal
India,New Delhi,28.6,77.2,Asia/Kolkata,1734517800,2024-12-18 16:00,20.2,68.4,Mist,3.6,5.8,286,WNW,1014.0,29.94,0.0,0.0,46,0,20.2,68.4,1.3,0.0,0.3,4.9,8.0,2978.5,173.0,42.92,90.465,190.365,194.25,5,10,07:08 AM,05:28 PM,08:28 PM,09:51 AM,Waning Gibbous,93,Normal
Nepal,Kathmandu,27.7167,85.3167,Asia/Kathmandu,1761118200,2025-10-22 13:15,27.2,81.0,Partly cloudy,2.2,3.6,307,NW,1020.0,30.12,0.0,0.0,37,75,27.8,82.0,8.0,4.0,5.5,6.7,10.8,719.85,119.0,9.25,8.75,27.95,29.15,2,3,06:08 AM,05:28 PM,06:41 AM,05:43 PM,Waxing Crescent,0,Normal
Yemen,Sanaa,15.3547,44.2067,Asia/Aden,1744534800,2025-04-13 12:00,24.1,75.4,Patchy rain nearby,3.8,6.1,262,W,1012.0,29.9,0.13,0.01,30,76,24.2,75.5,10.0,6.0,13.1,4.4,7.1,299.7,85.0,0.555,1.85,20.535,94.535,2,2,05:50 AM,06:17 PM,06:42 PM,05:51 AM,Full Moon,100,Normal
Lebanon,Beirut,33.87,35.51,Asia/Beirut,1716472800,2024-05-23 17:00,28.0,82.4,Sunny,10.5,16.9,200,SSW,1011.0,29.85,0.0,0.0,62,0,30.2,86.3,7.0,4.0,7.0,18.6,29.9,237.0,68.7,0.7,2.3,19.2,78.0,2,2,05:32 AM,07:39 PM,07:51 PM,05:01 AM,Full Moon,100,Normal
Djibouti,Djibouti,11.6,43.15,Africa/Djibouti,1726570800,2024-09-17 14:00,34.0,93.2,Sunny,8.9,14.4,63,ENE,1006.0,29.7,0.0,0.0,56,6,40.9,105.7,10.0,6.0,8.0,12.1,19.4,292.3,88.0,1.11,5.365,59.94,246.42,3,8,05:57 AM,06:07 PM,05:44 PM,05:03 AM,Waxing Gibbous,98,Normal
Algeria,Algiers,36.7631,3.0506,Africa/Algiers,1756022400,2025-08-24 09:00,29.2,84.6,Partly cloudy,8.1,13.0,69,ENE,1013.0,29.91,0.0,0.0,48,75,29.8,85.7,10.0,6.0,1.6,11.7,18.8,395.9,53.0,51.245,18.685,22.2,40.515,2,2,06:12 AM,07:27 PM,07:16 AM,08:08 PM,Waxing Crescent,1,Normal
Senegal,Dakar,14.6708,-17.4381,Africa/Dakar,1736506800,2025-01-10 11:00,24.3,75.7,Sunny,10.1,16.2,73,ENE,1013.0,29.91,0.0,0.0,50,0,25.3,77.5,7.0,4.0,4.1,21.0,33.9,377.4,65.0,3.33,2.035,91.02,215.34,4,10,07:38 AM,06:57 PM,03:43 PM,04:12 AM,Waxing Gibbous,82,Normal
Seychelles Islands,Victoria,-4.6167,55.45,Indian/Mahe,1760169600,2025-10-11 12:00,29.3,84.7,Patchy rain nearby,6.7,10.8,147,SSE,1013.0,29.91,0.02,0.0,66,25,34.5,94.1,10.0,6.0,14.0,9.0,14.4,92.85,54.0,1.85,1.95,6.95,10.15,1,1,05:59 AM,06:10 PM,10:33 PM,09:40 AM,Waning Gibbous,81,Normal
Vietnam,Ban Lom,21.1333,104.7,Asia/Bangkok,1742118300,2025-03-16 16:45,22.0,71.6,Partly Cloudy,5.8,9.4,80,E,1015.0,29.96,0.0,0.0,52,46,22.0,71.6,10.0,6.0,0.9,6.7,10.8,549.45,94.0,5.365,7.955,41.07,47.36,3,4,06:09 AM,06:11 PM,07:54 PM,07:05 AM,Waning Gibbous,98,Normal
Malta,Valletta,35.8997,14.5147,Europe/Malta,1748250000,2025-05-26 11:00,22.0,71.6,Sunny,7.4,11.9,332,NNW,1019.0,30.09,0.0,0.0,50,0,24.6,76.2,10.0,6.0,6.8,10.1,16.3,238.65,106.0,7.03,0.925,11.84,20.535,1,1,05:49 AM,08:09 PM,04:48 AM,07:49 PM,Waning Crescent,2,Normal
Rwanda,Kigali,-1.9536,30.0606,Africa/Kigali,1762329600,2025-11-05 10:00,23.2,73.8,Partly cloudy,4.3,6.8,118,ESE,1024.0,30.24,0.13,0.01,69,50,24.8,76.7,10.0,6.0,10.1,5.0,8.1,388.85,75.0,2.55,1.85,13.85,14.15,1,2,05:38 AM,05:49 PM,05:47 PM,05:11 AM,Full Moon,99,Normal
Bosnia and Herzegovina,Sarajevo,43.85,18.38,Europe/Sarajevo,1723896900,2024-08-17 14:15,31.3,88.3,Partly cloudy,2.2,3.6,146,SSE,1014.0,29.94,1.25,0.05,38,25,34.2,93.6,10.0,6.0,6.0,9.5,15.3,195.3,98.7,1.7,10.4,10.1,11.2,1,1,05:53 AM,07:47 PM,06:51 PM,02:21 AM,Waxing Gibbous,90,Normal
Kenya,Nairobi,-1.2833,36.8167,Africa/Nairobi,1730106900,2024-10-28 12:15,25.4,77.6,Patchy rain nearby,8.3,13.3,81,E,1012.0,29.89,0.03,0.0,45,88,25.9,78.6,10.0,6.0,13.4,9.8,15.8,451.4,69.0,4.07,6.105,14.06,20.72,1,2,06:12 AM,06:21 PM,03:19 AM,03:36 PM,Waning Crescent,17,Normal
Jamaica,Port Royal,17.93,-76.85,America/Jamaica,1720962900,2024-07-14 08:15,30.2,86.4,Partly cloudy,5.6,9.0,330,NNW,1015.0,29.97,0.0,0.0,66,25,35.4,95.6,10.0,6.0,7.0,10.1,16.2,847.8,26.1,15.1,6.6,18.2,24.3,2,2,05:40 AM,06:46 PM,12:48 PM,No moonset,Waxing Gibbous,50,Normal
Lebanon,Beirut,33.8719,35.5097,Asia/Beirut,1761119100,2025-10-22 10:45,27.2,81.0,Sunny,6.9,11.2,10,N,1018.0,30.06,0.0,0.0,39,0,28.1,82.5,8.0,4.0,2.3,8.0,12.9,286.85,30.0,24.25,111.45,21.35,54.35,2,2,06:49 AM,05:56 PM,07:34 AM,06:09 PM,Waxing Crescent,0,Normal
Bahrain,Manama,26.2361,50.5831,Asia/Bahrain,1732092300,2024-11-20 11:45,28.0,82.4,Sunny,7.8,12.6,191,SSW,1016.0,30.0,0.0,0.0,58,0,29.2,84.5,10.0,6.0,4.8,11.5,18.4,584.6,53.0,37.37,19.61,34.41,54.02,2,3,06:00 AM,04:46 PM,09:10 PM,10:30 AM,Waning Gibbous,80,Normal
Armenia,Yerevan,40.1811,44.5136,Asia/Yerevan,1757750400,2025-09-13 12:00,23.1,73.6,Sunny,6.9,11.2,217,SW,1018.0,30.06,0.0,0.0,33,0,23.6,74.5,10.0,6.0,6.7,8.0,12.9,234.95,51.0,11.1,0.925,6.475,7.77,1,1,06:41 AM,07:14 PM,10:27 PM,01:28 PM,Waning Gibbous,68,Normal
Croatia,Zagreb,45.8,16.0,Europe/Zagreb,1717251300,2024-06-01 16:15,20.0,68.0,Partly cloudy,6.9,11.2,220,SW,1012.0,29.88,0.0,0.0,64,50,20.0,68.0,10.0,6.0,6.0,16.0,25.7,205.3,91.6,2.5,0.1,1.7,1.9,1,1,05:10 AM,08:39 PM,02:20 AM,02:40 PM,Waning Crescent,35,Normal
Ukraine,Kyiv,50.4333,30.5167,Europe/Kiev,1749373200,2025-06-08 12:00,27.8,82.0,Sunny,11.9,19.1,207,SSW,1013.0,29.92,0.0,0.0,50,13,28.5,83.3,10.0,6.0,7.2,13.6,22.0,260.85,85.0,5.92,3.7,13.875,22.94,1,2,04:48 AM,09:07 PM,06:41 PM,02:43 AM,Waxing Gibbous,89,Normal
Italy,Rome,41.9,12.48,Europe/Rome,1725971400,2024-09-10 14:30,31.4,88.5,Sunny,8.1,13.0,340,NNW,1006.0,29.71,0.0,0.0,31,0,30.8,87.4,10.0,6.0,8.0,12.5,20.2,264.55,95.0,3.515,0.37,6.29,8.51,1,1,06:45 AM,07:28 PM,02:06 PM,10:45 PM,Waxing Crescent,38,Normal
Romania,Bucharest,44.4333,26.1,Europe/Bucharest,1728380700,2024-10-08 12:45,21.3,70.3,Sunny,6.7,10.8,223,SW,1019.0,30.09,0.0,0.0,46,0,21.3,70.3,10.0,6.0,6.0,7.7,12.4,616.05,24.0,46.25,10.915,39.775,46.99,2,4,07:23 AM,06:43 PM,01:16 PM,09:19 PM,Waxing Crescent,23,Normal
Sudan,Khartoum,15.59,32.53,Africa/Khartoum,1722861000,2024-08-05 14:30,34.5,94.1,Patchy rain nearby,17.2,27.7,207,SSW,1007.0,29.75,0.22,0.01,39,83,36.8,98.3,9.0,5.0,7.0,19.8,31.9,423.9,13.8,0.6,0.3,3.6,21.8,1,1,05:33 AM,06:18 PM,06:13 AM,07:13 PM,Waxing Crescent,0,Normal
Thailand,Nan,18.7833,100.7833,Asia/Bangkok,1764918900,2025-12-05 14:15,30.1,86.2,Sunny,2.7,4.3,220,SW,1014.0,29.94,0.0,0.0,52,0,33.2,91.7,10.0,6.0,5.5,3.1,5.0,389.85,24.0,20.15,4.55,17.75,17.75,2,2,06:35 AM,05:39 PM,05:55 PM,06:46 AM,Full Moon,100,Normal
Syria,Damascus,33.5,36.3,Asia/Damascus,1742119200,2025-03-16 13:00,20.1,68.2,Sunny,3.8,6.1,123,ESE,1022.0,30.18,0.0,0.0,35,0,20.1,68.2,10.0,6.0,7.6,4.4,7.1,249.75,88.0,11.84,83.065,27.38,59.57,2,3,06:44 AM,06:43 PM,08:50 PM,07:35 AM,Waning Gibbous,98,Normal
Cape Verde,Praia,14.93,-23.51,Atlantic/Cape_Verde,1719839700,2024-07-01 12:15,29.3,84.7,Partly cloudy,13.6,22.0,10,N,1012.0,29.88,0.0,0.0,55,25,33.4,92.2,10.0,6.0,7.0,15.4,24.8,156.9,60.8,0.2,0.4,10.8,46.0,1,1,06:08 AM,07:08 PM,02:00 AM,03:06 PM,Waning Crescent,27,Normal
Vatican City,Vatican City,41.9,12.45,Europe/Rome,1722774600,2024-08-04 14:30,34.6,94.3,Sunny,12.8,20.5,217,SW,1008.0,29.77,0.0,0.0,38,7,36.7,98.0,10.0,6.0,8.0,14.7,23.6,233.7,113.0,1.9,0.4,11.8,23.7,1,1,06:07 AM,08:24 PM,05:41 AM,08:50 PM,New Moon,0,Normal
Lebanon,Beirut,33.8719,35.5097,Asia/Beirut,1749977100,2025-06-15 11:45,27.1,80.8,Partly cloudy,13.4,21.6,231,SW,1011.0,29.85,0.0,0.0,66,75,29.4,85.0,6.0,3.0,9.2,15.4,24.8,392.2,91.0,12.95,41.255,34.78,54.39,2,3,05:27 AM,07:51 PM,11:17 PM,08:57 AM,Waning Gibbous,87,Normal
Burundi,Bujumbura,-3.3761,29.36,Africa/Bujumbura,1753691400,2025-07-28 10:30,24.1,75.4,Partly cloudy,4.0,6.5,168,SSE,1020.0,30.12,0.0,0.0,61,75,24.9,76.9,7.0,4.0,6.9,6.6,10.6,954.6,99.0,4.44,1.85,34.965,35.335,2,3,06:10 AM,06:08 PM,08:56 AM,09:14 PM,Waxing Crescent,11,Normal
Guinea-Bissau,Bissau,11.85,-15.5833,Africa/Bissau,1739614500,2025-02-15 10:15,24.3,75.7,Sunny,5.4,8.6,345,NNW,1012.0,29.88,0.0,0.0,54,0,24.6,76.4,8.0,4.0,3.4,6.4,10.4,370.0,60.0,2.775,5.365,82.88,188.145,4,10,07:24 AM,07:09 PM,09:38 PM,09:15 AM,Waning Gibbous,94,Normal
Tanzania,Dodoma,-6.1833,35.75,Africa/Dar_es_Salaam,1765266300,2025-12-09 10:45,25.9,78.7,Sunny,8.9,14.4,74,ENE,1015.0,29.98,0.0,0.0,49,19,26.5,79.8,10.0,6.0,7.8,10.3,16.6,133.85,35.0,3.05,1.25,6.55,6.85,1,1,06:15 AM,06:43 PM,11:16 PM,10:34 AM,Waning Gibbous,80,Normal
Singapore,Singapore,1.2931,103.8558,Asia/Singapore,1728553500,2024-10-10 17:45,30.1,86.2,Partly cloudy,7.2,11.5,152,SSE,1007.0,29.74,0.18,0.01,62,75,35.0,95.0,10.0,6.0,2.2,9.7,15.6,506.9,34.0,41.995,17.02,10.545,15.725,1,1,06:49 AM,06:54 PM,12:37 PM,12:01 AM,First Quarter,42,Normal
South Africa,Pretoria,-25.7469,28.188,Africa/Johannesburg,1765350900,2025-12-10 09:15,25.2,77.4,Sunny,6.0,9.7,68,ENE,1019.0,30.09,0.0,0.0,41,0,24.7,76.5,10.0,6.0,5.9,7.0,11.2,254.85,94.0,17.55,63.25,34.95,34.95,2,3,05:09 AM,06:51 PM,11:45 PM,10:38 AM,Waning Gibbous,70,Normal
Uganda,Kampala,0.3156,32.5656,Africa/Kampala,1745571600,2025-04-25 12:00,26.2,79.2,Patchy rain nearby,8.5,13.7,179,S,1017.0,30.03,0.16,0.01,70,25,27.3,81.1,10.0,6.0,12.7,9.9,15.9,342.25,65.0,3.515,1.295,14.43,14.8,1,2,06:44 AM,06:51 PM,04:23 AM,04:47 PM,Waning Crescent,12,Normal
Burkina Faso,Ouagadougou,12.3703,-1.5247,Africa/Ouagadougou,1729674900,2024-10-23 09:15,30.2,86.4,Partly cloudy,6.3,10.1,204,SSW,1014.0,29.94,0.0,0.0,66,25,33.1,91.5,10.0,6.0,3.2,7.2,11.6,505.05,60.0,2.035,1.11,24.05,41.625,2,3,05:57 AM,05:44 PM,11:31 PM,11:54 AM,Waning Gibbous,64,Normal
Mozambique,Maputo,-25.97,32.59,Africa/Maputo,1718460000,2024-06-15 16:00,22.2,72.0,Sunny,9.2,14.8,83,E,1021.0,30.16,0.0,0.0,63,0,24.6,76.3,10.0,6.0,7.0,12.3,19.8,333.8,55.1,0.9,0.9,7.9,22.4,1,1,06:34 AM,05:06 PM,12:38 PM,12:23 AM,Waxing Gibbous,57,Normal
Nepal,Kathmandu,27.7167,85.3167,Asia/Kathmandu,1740995100,2025-03-03 15:30,24.1,75.4,Partly cloudy,8.1,13.0,254,WSW,1012.0,29.88,0.0,0.0,36,25,23.2,73.8,10.0,6.0,1.7,9.3,14.9,845.45,135.0,7.03,8.88,30.71,48.1,2,3,06:26 AM,06:05 PM,08:23 AM,09:50 PM,Waxing Crescent,10,Normal
Angola,Luanda,-8.84,13.23,Africa/Luanda,1721909700,2024-07-25 13:15,23.4,74.0,Sunny,8.9,14.4,286,WNW,1015.0,29.98,0.0,0.0,70,0,25.2,77.4,10.0,6.0,7.0,11.1,17.9,660.9,137.3,10.3,15.7,26.7,70.8,2,3,06:22 AM,06:05 PM,10:06 PM,09:42 AM,Waning Gibbous,83,Normal
Guinea-Bissau,Bissau,11.85,-15.5833,Africa/Bissau,1742031900,2025-03-15 09:45,24.1,75.4,Sunny,7.4,11.9,20,NNE,1013.0,29.91,0.0,0.0,65,0,25.1,77.2,8.0,4.0,1.8,9.4,15.1,421.8,51.0,3.145,1.665,56.055,93.61,3,7,07:10 AM,07:13 PM,08:17 PM,07:49 AM,Waning Gibbous,100,Normal
Kenya,Nairobi,-1.2833,36.8167,Africa/Nairobi,1728639900,2024-10-11 12:45,24.2,75.6,Partly cloudy,6.3,10.1,105,ESE,1025.0,30.27,0.0,0.0,44,75,25.1,77.2,10.0,6.0,13.4,7.2,11.6,536.5,101.0,4.07,8.325,20.535,30.71,2,2,06:15 AM,06:23 PM,01:07 PM,12:42 AM,Waxing Gibbous,52,Normal
Myanmar,Yangon,16.7833,96.1667,Asia/Yangon,1746348300,2025-05-04 15:15,34.0,93.2,Partly cloudy,7.8,12.6,192,SSW,1006.0,29.71,0.0,0.0,63,50,34.1,93.4,7.0,4.0,1.9,9.0,14.5,473.6,84.0,4.81,6.105,25.715,28.675,2,3,05:39 AM,06:26 PM,11:42 AM,12:14 AM,First Quarter,41,Normal
Jamaica,Kingston,18.0,-76.8,America/Jamaica,1757144700,2025-09-06 02:45,28.0,82.4,Partly Cloudy,3.1,5.0,30,NNE,1015.0,29.97,0.0,0.0,70,0,34.7,94.4,10.0,6.0,0.0,5.8,9.4,2319.9,48.0,17.575,5.365,18.315,19.795,2,2,05:54 AM,06:17 PM,05:43 PM,04:41 AM,Waxing Gibbous,97,Normal
Lithuania,Vilnius,54.68,25.32,Europe/Vilnius,1719236700,2024-06-24 16:45,20.1,68.2,Partly cloudy,8.1,13.0,250,WSW,1016.0,30.0,0.07,0.0,68,75,20.1,68.2,10.0,6.0,5.0,12.5,20.2,161.9,60.8,0.7,0.1,1.0,1.2,1,1,04:42 AM,10:00 PM,No moonrise,06:38 AM,Waning Gibbous,95,Normal
Venezuela,Caracas,10.5,-66.92,America/Caracas,1720271700,2024-07-06 09:15,28.0,82.4,Sunny,5.6,9.0,90,E,1016.0,30.0,0.0,0.0,70,0,30.3,86.6,10.0,6.0,6.0,10.1,16.2,373.8,32.5,16.1,30.0,6.7,7.0,1,1,06:11 AM,06:54 PM,06:40 AM,07:49 PM,Waxing Crescent,0,Normal
Central African Republic,Bangui,4.3667,18.5833,Africa/Bangui,1748854800,2025-06-02 10:00,31.4,88.5,Sunny,4.5,7.2,190,S,1015.0,29.97,0.0,0.0,59,0,33.3,91.9,10.0,6.0,8.7,5.1,8.3,362.6,45.0,0.925,0.555,29.97,38.85,2,3,05:33 AM,05:55 PM,11:24 AM,11:51 PM,Waxing Crescent,38,Normal
Madagascar,Antananarivo,-18.9167,47.5167,Indian/Antananarivo,1736156700,2025-01-06 12:45,29.3,84.7,Partly cloudy,2.7,4.3,102,ESE,1019.0,30.09,0.0,0.0,33,50,28.3,83.0,10.0,6.0,16.0,3.1,5.0,240.5,50.0,0.74,1.85,8.14,9.065,1,1,05:19 AM,06:32 PM,11:19 AM,11:26 PM,Waxing Crescent,37,Normal
Djibouti,Djibouti,11.595,43.1481,Africa/Djibouti,1728035100,2024-10-04 12:45,32.5,90.5,Sunny,6.5,10.4,55,NE,1009.0,29.79,0.0,0.0,61,6,38.6,101.4,10.0,6.0,8.0,7.5,12.0,301.55,58.0,2.405,2.96,18.87,41.07,2,2,05:56 AM,05:56 PM,07:00 AM,06:56 PM,Waxing Crescent,1,Normal
Sudan,Khartoum,15.5881,32.5342,Africa/Khartoum,1758786300,2025-09-25 09:45,32.4,90.3,Sunny,9.6,15.5,180,S,1009.0,29.81,0.0,0.0,41,4,33.8,92.8,10.0,6.0,4.7,11.1,17.8,373.7,59.0,2.775,1.665,35.15,105.08,2,3,05:39 AM,05:44 PM,08:22 AM,07:55 PM,Waxing Crescent,9,Normal
Malaysia,Kuala Lumpur,3.1667,101.7,Asia/Kuala_Lumpur,1742894100,2025-03-25 17:15,32.4,90.3,Partly cloudy,2.7,4.3,234,SW,1005.0,29.68,0.13,0.01,63,25,42.6,108.6,10.0,6.0,2.3,4.7,7.6,2588.15,56.0,73.815,36.815,54.76,55.13,3,7,07:16 AM,07:23 PM,03:32 AM,03:47 PM,Waning Crescent,28,Normal
Mexico,Mexico City,19.43,-99.13,America/Mexico_City,1716216300,2024-05-20 08:45,21.0,69.8,Sunny,3.8,6.1,50,NE,1026.0,30.31,0.0,0.0,49,0,21.0,69.8,11.0,6.0,6.0,8.3,13.3,1375.2,1.2,47.3,22.4,35.9,51.8,2,3,06:00 AM,07:07 PM,04:49 PM,03:54 AM,Waxing Gibbous,88,Normal
Estonia,Tallinn,59.43,24.73,Europe/Tallinn,1723206600,2024-08-09 15:30,22.9,73.2,Light rain shower,9.6,15.5,206,SSW,1011.0,29.85,0.37,0.01,62,67,24.9,76.8,10.0,6.0,5.0,13.8,22.2,213.6,71.5,3.6,1.6,4.8,5.2,1,1,05:25 AM,09:27 PM,11:22 AM,10:15 PM,Waxing Crescent,18,Normal
Zimbabwe,Harare,-17.8178,31.0447,Africa/Harare,1763882100,2025-11-23 09:15,23.3,73.9,Sunny,8.1,13.0,16,NNE,1015.0,29.98,0.0,0.0,45,6,24.7,76.4,10.0,6.0,6.8,9.3,14.9,200.85,69.0,2.35,1.55,8.95,9.65,1,1,05:11 AM,06:14 PM,07:22 AM,09:08 PM,Waxing Crescent,6,Normal
Bhutan,Thimphu,27.4833,89.6,Asia/Thimphu,1755332100,2025-08-16 14:15,21.1,69.9,Patchy rain nearby,6.9,11.2,137,SE,1004.0,29.65,0.34,0.01,57,78,21.1,69.9,10.0,6.0,8.7,8.0,12.9,312.65,71.0,2.775,0.74,4.255,4.81,1,1,05:33 AM,06:38 PM,11:14 PM,12:37 PM,Last Quarter,55,Normal
Nepal,Kathmandu,27.7167,85.3167,Asia/Kathmandu,1764400500,2025-11-29 13:00,20.3,68.5,Sunny,3.6,5.8,294,WNW,1020.0,30.12,0.0,0.0,37,25,20.3,68.5,7.0,4.0,4.0,4.1,6.6,1481.85,89.0,16.35,16.05,41.95,41.95,3,4,06:35 AM,05:08 PM,01:00 PM,12:13 AM,Waxing Gibbous,55,Normal
Azerbaijan,Baku,40.4,49.88,Asia/Baku,1718373600,2024-06-14 18:00,27.1,80.8,Partly cloudy,16.1,25.9,310,NW,1010.0,29.83,0.01,0.0,51,25,28.3,82.9,10.0,6.0,6.0,20.6,33.1,220.3,97.3,8.4,1.6,1.5,1.9,1,1,05:10 AM,08:12 PM,12:43 PM,12:54 AM,First Quarter,48,Normal
Burkina Faso,Ouagadougou,12.3703,-1.5247,Africa/Ouagadougou,1766906100,2025-12-28 07:15,20.1,68.2,Sunny,9.4,15.1,25,NNE,1013.0,29.91,0.0,0.0,35,0,20.1,68.2,10.0,6.0,0.2,19.7,31.8,155.85,44.0,2.95,1.65,59.45,496.35,3,8,06:25 AM,05:50 PM,12:25 PM,12:13 AM,Waxing Gibbous,52,Normal
Guatemala,Guatemala City,14.62,-90.53,America/Guatemala,1717424100,2024-06-03 08:15,23.0,73.4,Partly cloudy,4.3,6.8,330,NNW,1021.0,30.15,0.0,0.0,69,25,25.0,77.1,10.0,6.0,6.0,8.7,14.0,974.7,34.0,8.5,14.9,57.7,103.3,3,7,05:32 AM,06:29 PM,02:55 AM,03:54 PM,Waning Crescent,16,Normal
Malaysia,Kuala Lumpur,3.1667,101.7,Asia/Kuala_Lumpur,1761552000,2025-10-27 16:00,34.4,93.9,Partly Cloudy,8.9,14.4,266,W,1008.0,29.77,0.0,0.0,53,25,41.2,106.1,10.0,6.0,6.3,10.3,16.6,2305.85,42.0,63.95,33.05,59.65,60.65,3,8,06:57 AM,06:58 PM,11:22 AM,11:32 PM,Waxing Crescent,22,Normal
Rwanda,Kigali,-1.9536,30.0606,Africa/Kigali,1750581900,2025-06-22 10:45,24.0,75.2,Patchy rain nearby,2.2,3.6,208,SSW,1023.0,30.21,0.24,0.01,54,25,25.6,78.1,10.0,6.0,7.6,6.7,10.8,889.85,49.0,7.585,2.22,50.875,51.615,3,6,06:02 AM,06:02 PM,02:42 AM,03:03 PM,Waning Crescent,17,Normal
Gabon,Libreville,0.38,9.45,Africa/Libreville,1723638600,2024-08-14 13:30,27.0,80.6,Partly Cloudy,8.1,13.0,264,W,1014.0,29.95,0.0,0.0,66,38,28.8,83.9,10.0,6.0,7.0,9.3,14.9,580.8,65.8,2.2,3.7,5.5,10.7,1,1,06:23 AM,06:30 PM,01:38 PM,01:08 AM,Waxing Gibbous,63,Normal
Cambodia,Phnom Penh,11.55,104.9167,Asia/Phnom_Penh,1751965200,2025-07-08 16:00,32.4,90.3,Partly cloudy,13.2,21.2,228,SW,1005.0,29.68,0.28,0.01,63,50,38.9,101.9,10.0,6.0,1.0,21.5,34.5,412.55,54.0,6.66,7.215,12.58,14.43,1,2,05:43 AM,06:28 PM,04:24 PM,03:07 AM,Waxing Gibbous,90,Normal
Maldives,Dhidhdhoo,6.8833,73.1,Indian/Maldives,1769238900,2026-01-24 12:15,26.4,79.6,Sunny,6.0,9.7,62,ENE,1015.0,29.97,0.0,0.0,60,0,27.7,81.8,10.0,6.0,11.5,8.2,13.1,171.7,129.0,0.9,3.4,19.6,23.9,2,2,06:25 AM,06:13 PM,10:20 AM,10:49 PM,Waxing Crescent,25,Normal
Turkey,Yaren,39.55,27.6167,Europe/Istanbul,1746607500,2025-05-07 11:45,25.2,77.4,Sunny,14.8,23.8,217,SW,1013.0,29.91,0.0,0.0,44,0,24.9,76.9,10.0,6.0,5.3,17.0,27.3,251.6,57.0,10.73,5.18,27.565,59.385,2,3,06:03 AM,08:09 PM,03:21 PM,03:37 AM,Waxing Gibbous,72,Normal
Uganda,Kampala,0.3156,32.5656,Africa/Kampala,1733223600,2024-12-03 14:00,27.4,81.3,Partly Cloudy,4.5,7.2,107,ESE,1008.0,29.77,0.0,0.0,42,29,27.4,81.4,10.0,6.0,6.6,5.2,8.4,445.85,89.0,1.295,1.85,20.905,21.46,2,2,06:36 AM,06:43 PM,08:21 AM,08:46 PM,Waxing Crescent,3,Normal
Albania,Tirana,41.33,19.82,Europe/Tirane,1726317000,2024-09-14 14:30,23.2,73.8,Partly cloudy,7.6,12.2,290,WNW,1011.0,29.85,0.95,0.04,44,75,25.0,77.1,10.0,6.0,4.0,9.9,15.9,325.6,69.0,6.29,1.85,4.995,9.25,1,1,06:20 AM,06:51 PM,05:07 PM,01:16 AM,Waxing Gibbous,78,Normal
Slovakia,Bratislava,48.15,17.12,Europe/Bratislava,1716302700,2024-05-21 16:45,23.0,73.4,Moderate or heavy rain shower,12.5,20.2,100,E,1007.0,29.74,0.04,0.0,69,75,25.0,77.0,10.0,6.0,5.0,20.4,32.8,203.6,83.7,2.5,1.5,2.7,2.9,1,1,05:05 AM,08:32 PM,06:35 PM,03:48 AM,Waxing Gibbous,93,Normal
Bahrain,Manama,26.2361,50.5831,Asia/Bahrain,1745313300,2025-04-22 12:15,32.1,89.8,Sunny,13.4,21.6,151,SSE,1013.0,29.91,0.0,0.0,30,0,34.3,93.7,10.0,6.0,8.2,28.2,45.4,625.3,83.0,87.505,18.87,62.16,191.29,3,8,05:08 AM,06:05 PM,01:25 AM,12:25 PM,Waning Crescent,41,Normal
Botswana,Gaborone,-24.6464,25.9119,Africa/Gaborone,1744623000,2025-04-14 11:30,24.2,75.6,Sunny,6.7,10.8,5,N,1023.0,30.21,0.0,0.0,57,0,24.2,75.5,10.0,6.0,8.0,7.7,12.4,1239.5,61.0,31.45,6.845,34.595,34.965,2,3,06:30 AM,06:02 PM,06:45 PM,07:35 AM,Waning Gibbous,99,Normal
Jamaica,Kingston,18.0,-76.8,America/Jamaica,1771056000,2026-02-14 03:00,24.3,75.7,Partly Cloudy,4.5,7.2,24,NNE,1015.0,29.97,0.0,0.0,57,0,26.6,79.9,10.0,6.0,0.0,9.4,15.1,680.85,40.0,10.65,3.65,9.55,11.25,1,1,06:35 AM,06:08 PM,04:32 AM,03:44 PM,Waning Crescent,11,Normal
Lebanon,Beirut,33.8719,35.5097,Asia/Beirut,1728120600,2024-10-05 12:30,28.2,82.8,Sunny,8.7,14.0,356,N,1014.0,29.94,0.0,0.0,58,0,30.3,86.5,10.0,6.0,7.0,10.0,16.2,449.55,77.0,35.335,70.485,40.145,57.905,2,4,06:35 AM,06:16 PM,08:52 AM,07:27 PM,Waxing Crescent,4,Normal
Kenya,Nairobi,-1.28,36.82,Africa/Nairobi,1727602200,2024-09-29 12:30,24.4,76.0,Patchy rain nearby,5.4,8.6,91,E,1013.0,29.9,0.1,0.0,47,72,25.3,77.6,10.0,6.0,6.0,6.2,10.0,956.45,125.0,6.475,14.615,43.29,62.715,3,5,06:19 AM,06:26 PM,03:58 AM,04:15 PM,Waning Crescent,12,Normal
India,New Delhi,28.6,77.2,Asia/Kolkata,1758268800,2025-09-19 13:30,34.4,93.9,Mist,9.6,15.5,334,NNW,1008.0,29.77,0.0,0.0,56,50,35.5,95.8,4.0,2.0,6.9,11.1,17.8,1348.65,96.0,62.715,59.94,107.115,119.695,4,10,06:08 AM,06:21 PM,03:35 AM,05:05 PM,Waning Crescent,9,Normal
Rwanda,Kigali,-1.9536,30.0606,Africa/Kigali,1758096000,2025-09-17 10:00,22.2,72.0,Partly cloudy,3.4,5.4,143,SE,1022.0,30.18,0.33,0.01,65,50,24.4,75.9,10.0,6.0,9.3,3.9,6.3,838.05,78.0,5.735,2.775,53.465,54.02,3,6,05:51 AM,05:57 PM,02:19 AM,02:38 PM,Waning Crescent,24,Normal
North Korea,Pyongyang,39.0194,125.7547,Asia/Pyongyang,1754555400,2025-08-07 17:30,27.9,82.2,Sunny,10.1,16.2,290,WNW,1002.0,29.59,0.0,0.0,65,0,30.1,86.2,10.0,6.0,2.0,13.0,21.0,791.8,79.0,6.475,11.655,18.87,19.055,2,2,05:43 AM,07:42 PM,06:42 PM,02:53 AM,Waxing Gibbous,92,Normal
Uganda,Kampala,0.3156,32.5656,Africa/Kampala,1737540900,2025-01-22 13:15,27.7,81.9,Sunny,7.4,11.9,167,SSE,1011.0,29.84,0.0,0.0,41,18,27.6,81.7,10.0,6.0,11.1,8.9,14.3,440.3,88.0,4.625,2.405,41.995,44.955,3,4,06:58 AM,07:05 PM,12:42 AM,01:02 PM,Waning Crescent,50,Normal
Comoros,Moroni,-11.7042,43.2403,Indian/Comoro,1770188400,2026-02-04 10:00,29.3,84.7,Partly cloudy,11.4,18.4,313,NW,1013.0,29.91,0.0,0.0,70,50,34.9,94.9,10.0,6.0,10.0,13.1,21.1,121.85,50.0,1.35,1.15,10.45,14.35,1,1,06:03 AM,06:38 PM,08:36 PM,08:06 AM,Waning Gibbous,95,Normal
Bulgaria,Lom,43.8139,23.2361,Europe/Sofia,1756886400,2025-09-03 11:00,28.0,82.4,Sunny,3.4,5.4,73,ENE,1013.0,29.91,0.0,0.0,42,0,26.8,80.2,10.0,6.0,4.1,3.9,6.2,288.6,51.0,10.545,2.22,19.24,23.495,2,2,06:53 AM,07:59 PM,05:57 PM,01:23 AM,Waxing Gibbous,74,Normal
Philippines,Manila,14.6042,120.9822,Asia/Manila,1741340700,2025-03-07 17:45,30.2,86.4,Partly cloudy,13.2,21.2,76,ENE,1009.0,29.8,0.0,0.0,66,75,33.6,92.6,10.0,6.0,0.4,16.8,27.0,734.45,63.0,18.685,29.6,26.085,30.525,2,3,06:09 AM,06:05 PM,11:51 AM,12:26 AM,First Quarter,50,Normal
Slovenia,Ljubljana,46.0553,14.5144,Europe/Ljubljana,1749977100,2025-06-15 10:45,26.4,79.5,Sunny,2.5,4.0,110,ESE,1021.0,30.15,0.0,0.0,48,0,26.7,80.0,10.0,6.0,4.8,2.8,4.6,303.4,73.0,4.44,1.295,17.575,20.905,2,2,05:10 AM,08:55 PM,No moonrise,08:49 AM,Waning Gibbous,87,Normal
Vietnam,Hanoi,21.0333,105.85,Asia/Bangkok,1731229200,2024-11-10 16:00,31.1,88.0,Sunny,2.2,3.6,353,N,1013.0,29.91,0.0,0.0,36,0,29.8,85.6,10.0,6.0,0.9,6.7,10.8,1740.85,96.0,34.41,59.57,100.085,144.3,4,10,06:04 AM,05:17 PM,01:17 PM,12:00 AM,Waxing Gibbous,58,Normal
Georgia,Tbilisi,41.725,44.7908,Asia/Tbilisi,1753346700,2025-07-24 12:45,32.3,90.1,Sunny,4.3,6.8,318,NW,1009.0,29.8,0.0,0.0,46,0,32.2,89.9,10.0,6.0,9.5,4.9,7.9,238.65,69.0,4.44,3.515,7.585,12.765,1,1,05:48 AM,08:27 PM,04:46 AM,08:37 PM,New Moon,1,Normal
Malta,Valletta,35.8997,14.5147,Europe/Malta,1751619600,2025-07-04 11:00,32.3,90.1,Sunny,9.6,15.5,305,NW,1018.0,30.06,0.0,0.0,43,0,40.3,104.6,10.0,6.0,7.8,12.4,20.0,222.0,72.0,18.685,2.59,17.575,35.89,2,2,05:51 AM,08:22 PM,02:49 PM,01:04 AM,Waxing Gibbous,60,Normal
Mozambique,Maputo,-25.9653,32.5892,Africa/Maputo,1750410000,2025-06-20 11:00,20.3,68.5,Sunny,8.3,13.3,335,NNW,1016.0,30.0,0.0,0.0,68,0,20.3,68.5,10.0,6.0,4.1,10.4,16.8,431.05,59.0,9.25,8.51,40.7,41.07,3,4,06:36 AM,05:07 PM,12:59 AM,12:46 PM,Waning Crescent,37,Normal
Turkey,Ankara,39.9272,32.8644,Europe/Istanbul,1744967700,2025-04-18 12:15,21.3,70.3,Sunny,8.1,13.0,258,WSW,1017.0,30.03,0.0,0.0,38,0,21.3,70.3,10.0,6.0,7.3,9.3,14.9,564.25,37.0,73.63,66.23,66.785,93.24,4,9,06:06 AM,07:30 PM,12:12 AM,08:53 AM,Waning Gibbous,80,Normal
Antigua and Barbuda,Saint John's,17.1167,-61.85,America/Antigua,1740045600,2025-02-20 06:00,25.0,77.0,Partly cloudy,19.5,31.3,97,E,1016.0,30.0,0.0,0.0,69,25,26.5,79.8,10.0,6.0,0.0,26.9,43.3,218.881,83.0,0.181,0.362,15.014,24.782,1,2,06:31 AM,06:11 PM,12:06 AM,11:23 AM,Last Quarter,55,Normal
Greece,Athens,37.9795,23.7162,Europe/Athens,1746435600,2025-05-05 12:00,22.2,72.0,Partly Cloudy,7.8,12.6,254,WSW,1011.0,29.85,0.0,0.0,41,25,23.0,73.3,10.0,6.0,6.2,9.0,14.5,397.75,65.0,57.905,9.435,17.945,27.565,2,2,06:24 AM,08:20 PM,01:35 PM,03:03 AM,Waxing Gibbous,53,Normal
Egypt,Cairo,30.05,31.25,Africa/Cairo,1727431200,2024-09-27 13:00,29.0,84.2,Partly cloudy,8.5,13.7,23,NNE,1011.0,29.85,0.0,0.0,55,25,27.6,81.7,10.0,6.0,8.0,9.8,15.7,373.7,75.0,52.725,110.63,31.265,45.325,2,3,06:46 AM,06:45 PM,01:42 AM,04:08 PM,Waning Crescent,28,Normal
Qatar,Doha,25.2867,51.5333,Asia/Qatar,1766474100,2025-12-23 10:15,23.3,73.9,Sunny,3.4,5.4,322,NW,1021.0,30.15,0.0,0.0,53,0,25.0,77.0,10.0,6.0,3.4,4.5,7.2,490.85,42.0,51.15,10.85,39.15,56.75,2,4,06:16 AM,04:50 PM,08:50 AM,07:50 PM,Waxing Crescent,7,Normal
Gabon,Libreville,0.38,9.45,Africa/Libreville,1723206600,2024-08-09 13:30,27.0,80.5,Sunny,9.6,15.5,264,W,1012.0,29.9,0.0,0.0,67,21,28.9,84.0,10.0,6.0,7.0,11.1,17.8,654.2,75.1,4.0,4.3,9.0,14.0,1,1,06:24 AM,06:31 PM,09:51 AM,10:09 PM,Waxing Crescent,18,Normal
Austria,Vienna,48.2,16.3667,Europe/Vienna,1751704200,2025-07-05 10:30,24.4,75.9,Sunny,6.3,10.1,128,SE,1021.0,30.15,0.0,0.0,44,0,24.6,76.2,10.0,6.0,5.1,7.2,11.6,318.2,79.0,12.395,2.96,11.655,18.13,1,1,05:01 AM,08:57 PM,04:17 PM,12:52 AM,Waxing Gibbous,69,Normal
Nigeria,Abuja,9.1758,7.1808,Africa/Lagos,1767423600,2026-01-03 08:00,22.3,72.1,Sunny,2.2,3.6,185,S,1013.0,29.91,0.0,0.0,69,0,24.4,75.8,10.0,6.0,0.7,6.7,10.8,584.85,23.0,18.55,3.45,85.85,253.25,4,10,06:47 AM,06:24 PM,06:39 PM,06:45 AM,Full Moon,100,Normal
South Korea,Seoul,37.5664,126.9997,Asia/Seoul,1760515200,2025-10-15 17:00,24.3,75.7,Partly cloudy,5.6,9.0,123,ESE,1017.0,30.03,0.22,0.01,65,75,25.9,78.6,10.0,6.0,0.0,8.0,12.9,357.85,23.0,36.65,15.75,16.05,19.25,2,2,06:40 AM,05:55 PM,12:04 AM,02:58 PM,Waning Crescent,41,Normal
Lebanon,Beirut,33.8719,35.5097,Asia/Beirut,1746867600,2025-05-10 12:00,26.0,78.8,Partly Cloudy,5.8,9.4,357,N,1015.0,29.97,0.0,0.0,51,0,26.5,79.6,8.0,4.0,9.6,9.0,14.5,390.35,81.0,26.825,99.53,56.795,106.56,3,7,05:41 AM,07:29 PM,05:38 PM,04:11 AM,Waxing Gibbous,93,Normal
Estonia,Tallinn,59.43,24.73,Europe/Tallinn,1724932800,2024-08-29 15:00,23.0,73.4,Sunny,2.2,3.6,84,E,1025.0,30.27,0.0,0.0,47,0,24.8,76.6,10.0,6.0,6.0,9.7,15.6,257.0,118.7,2.9,2.8,8.6,9.6,1,1,06:11 AM,08:31 PM,No moonrise,08:09 PM,Waning Crescent,24,Normal
Democratic Republic of Congo,Kinshasa,-4.3,15.3,Africa/Brazzaville,1730625300,2024-11-03 10:15,29.6,85.2,Patchy rain nearby,2.5,4.0,211,SSW,1013.0,29.92,0.01,0.0,66,58,33.3,91.9,10.0,6.0,8.1,2.8,4.6,538.35,51.0,3.7,2.22,19.425,27.565,2,2,05:34 AM,05:51 PM,06:48 AM,07:29 PM,Waxing Crescent,2,Normal
Mozambique,Maputo,-25.97,32.59,Africa/Maputo,1725105600,2024-08-31 14:00,21.0,69.8,Partly cloudy,10.5,16.9,130,SE,1032.0,30.47,0.0,0.0,53,75,21.0,69.8,10.0,6.0,7.0,12.7,20.4,300.4,68.7,0.6,1.0,2.5,8.8,1,1,06:03 AM,05:38 PM,04:34 AM,03:20 PM,Waning Crescent,9,Normal
Macedonia,Skopje,42.0,21.4333,Europe/Skopje,1747731600,2025-05-20 11:00,22.0,71.6,Patchy rain nearby,2.7,4.3,118,ESE,1020.0,30.12,0.01,0.0,46,0,24.4,76.0,10.0,6.0,6.6,3.1,5.0,290.45,102.0,3.885,4.07,14.8,16.095,1,2,05:09 AM,07:53 PM,01:30 AM,11:54 AM,Last Quarter,56,Normal
Monaco,Monaco,43.73,7.42,Europe/Monaco,1720962900,2024-07-14 15:15,27.2,81.0,Partly cloudy,10.5,16.9,130,SE,1013.0,29.91,0.0,0.0,70,75,28.9,84.0,10.0,6.0,6.0,15.0,24.1,171.9,111.6,0.7,1.1,7.5,15.6,1,1,06:02 AM,09:10 PM,02:34 PM,12:43 AM,Waxing Gibbous,50,Normal
Democratic Republic of Congo,Kinshasa,-4.3,15.3,Africa/Brazzaville,1733913900,2024-12-11 11:45,29.4,84.8,Light rain shower,5.4,8.6,246,WSW,1011.0,29.86,0.17,0.01,66,70,32.9,91.2,10.0,6.0,2.9,6.6,10.5,523.55,67.0,2.035,0.925,17.575,18.13,2,2,05:41 AM,06:03 PM,02:23 PM,01:49 AM,Waxing Gibbous,75,Normal
Paraguay,Aguaray,-19.85,-58.5167,America/Asuncion,1767251700,2026-01-01 04:15,26.0,78.8,Partly Cloudy,2.9,4.7,6,N,1007.0,29.75,0.0,0.0,70,46,27.8,82.0,10.0,6.0,0.0,6.0,9.7,177.678,26.0,1.578,0.778,7.778,7.778,1,1,06:18 AM,07:37 PM,06:07 PM,04:02 AM,Waxing Gibbous,92,Normal
Israel,Jerusalem,31.78,35.23,Asia/Jerusalem,1744190100,2025-04-09 12:15,24.0,75.2,Partly cloudy,21.0,33.8,289,WNW,1013.0,29.91,0.0,0.0,36,25,24.8,76.7,10.0,6.0,7.2,24.2,38.9,275.65,90.0,18.315,14.8,60.495,163.54,3,8,06:17 AM,07:04 PM,04:02 PM,04:30 AM,Waxing Gibbous,85,Normal
Madagascar,Antananarivo,-18.9167,47.5167,Indian/Antananarivo,1752570000,2025-07-15 12:00,23.2,73.8,Sunny,2.5,4.0,137,SE,1024.0,30.24,0.0,0.0,53,25,23.8,74.8,10.0,6.0,7.2,2.8,4.6,362.6,74.0,1.48,2.405,9.99,10.545,1,1,06:23 AM,05:29 PM,09:52 PM,09:37 AM,Waning Gibbous,83,Normal
Gambia,Banjul,13.4531,-16.5775,Africa/Banjul,1739355300,2025-02-12 10:15,24.4,75.9,Sunny,10.7,17.3,343,NNW,1010.0,29.83,0.0,0.0,54,0,25.7,78.3,9.0,5.0,3.1,20.4,32.8,290.45,51.0,2.22,1.665,47.175,119.695,3,5,07:31 AM,07:11 PM,07:20 PM,07:30 AM,Full Moon,100,Normal
Turkey,Ankara,39.9272,32.8644,Europe/Istanbul,1755072900,2025-08-13 11:15,27.1,80.8,Sunny,3.6,5.8,97,E,1021.0,30.15,0.0,0.0,37,0,25.8,78.5,10.0,6.0,7.6,4.1,6.6,294.15,73.0,18.13,7.77,16.65,21.275,2,2,05:58 AM,07:48 PM,09:52 PM,10:24 AM,Waning Gibbous,85,Normal
Saint Lucia,Castries,14.0,-61.0,America/St_Lucia,1757319300,2025-09-08 04:15,27.1,80.8,Patchy rain nearby,9.4,15.1,97,E,1014.0,29.94,0.03,0.0,70,25,30.1,86.1,10.0,6.0,0.0,13.4,21.6,185.0,56.0,0.37,0.185,14.245,23.125,1,2,05:53 AM,06:10 PM,06:57 PM,06:32 AM,Waning Gibbous,100,Normal
Rwanda,Kigali,-1.9536,30.0606,Africa/Kigali,1757836800,2025-09-14 10:00,24.1,75.4,Sunny,2.9,4.7,126,SE,1023.0,30.21,0.0,0.0,54,0,24.6,76.3,10.0,6.0,9.6,3.4,5.4,706.7,80.0,4.255,2.22,36.815,37.185,2,4,05:53 AM,05:58 PM,No moonrise,11:41 AM,Last Quarter,56,Normal
Spain,Madrid,40.4,-3.6833,Europe/Madrid,1748854800,2025-06-02 11:00,22.4,72.3,Sunny,3.1,5.0,90,E,1017.0,30.03,0.0,0.0,50,0,23.8,74.9,10.0,6.0,3.4,3.6,5.8,266.4,49.0,40.145,5.92,26.64,33.3,2,3,06:46 AM,09:40 PM,01:18 PM,02:26 AM,Waxing Crescent,38,Normal
Comoros,Moroni,-11.7042,43.2403,Indian/Comoro,1771397100,2026-02-18 09:45,31.3,88.3,Sunny,3.4,5.4,225,SW,1012.0,29.88,0.0,0.0,63,25,38.6,101.5,10.0,6.0,6.4,3.9,6.2,124.85,31.0,1.45,1.05,3.95,5.45,1,1,06:08 AM,06:34 PM,06:44 AM,07:19 PM,Waxing Crescent,0,Normal
Slovenia,Ljubljana,46.06,14.51,Europe/Ljubljana,1719494100,2024-06-27 15:15,26.1,79.0,Partly cloudy,4.3,6.8,130,SE,1012.0,29.88,0.12,0.0,54,50,26.5,79.6,10.0,6.0,6.0,8.7,14.0,178.6,73.0,1.1,0.2,0.7,0.9,1,1,05:13 AM,08:57 PM,12:13 AM,11:18 AM,Waning Gibbous,71,Normal
Dominica,Roseau,15.3,-61.4,America/Dominica,1718545500,2024-06-16 09:45,28.5,83.2,Patchy rain nearby,9.4,15.1,104,ESE,1016.0,29.99,0.01,0.0,70,77,31.8,89.2,10.0,6.0,6.0,11.4,18.4,237.0,30.4,0.6,0.3,1.5,6.4,1,1,05:36 AM,06:37 PM,02:01 PM,01:21 AM,Waxing Gibbous,67,Normal
Romania,Bucharest,44.4333,26.1,Europe/Bucharest,1751100300,2025-06-28 11:45,27.3,81.1,Partly cloudy,7.8,12.6,74,ENE,1015.0,29.97,0.0,0.0,62,50,27.8,82.1,10.0,6.0,6.1,9.0,14.5,268.25,81.0,6.475,2.405,10.175,11.655,1,1,05:34 AM,09:04 PM,08:35 AM,11:34 PM,Waxing Crescent,8,Normal
Cambodia,Phnom Penh,11.55,104.9167,Asia/Phnom_Penh,1760255100,2025-10-12 14:45,32.1,89.8,Patchy rain nearby,4.3,6.8,192,SSW,1006.0,29.7,0.1,0.0,55,90,36.3,97.3,10.0,6.0,7.5,5.1,8.2,685.85,53.0,10.85,7.15,24.75,24.85,2,3,05:50 AM,05:44 PM,10:33 PM,10:54 AM,Waning Gibbous,72,Normal
Tajikistan,Dushanbe,38.56,68.77,Asia/Dushanbe,1716387300,2024-05-22 19:15,28.0,82.4,Sunny,2.2,3.6,28,NNE,1013.0,29.91,0.01,0.0,35,0,29.3,84.7,10.0,6.0,5.0,4.7,7.6,203.6,93.0,1.3,3.7,7.1,20.4,1,1,05:08 AM,07:36 PM,06:40 PM,04:01 AM,Waxing Gibbous,97,Normal
China,Beijing,39.9289,116.3883,Asia/Shanghai,1750323600,2025-06-19 17:00,28.2,82.8,Patchy rain nearby,7.6,12.2,175,S,1005.0,29.68,0.07,0.0,66,0,29.5,85.2,10.0,6.0,1.1,9.3,15.0,1450.4,81.0,87.135,79.55,81.215,85.285,4,10,04:45 AM,07:46 PM,12:15 AM,12:40 PM,Last Quarter,52,Normal
Swaziland,Mbabane,-26.3167,31.1333,Africa/Mbabane,1729761300,2024-10-24 11:15,24.0,75.2,Sunny,3.6,5.8,345,NNW,1015.0,29.99,0.0,0.0,49,14,25.2,77.3,10.0,6.0,7.7,4.1,6.6,310.8,80.0,1.665,7.77,14.8,21.46,1,2,05:12 AM,06:08 PM,12:38 AM,11:12 AM,Last Quarter,53,Normal
Tunisia,Tunis,36.8028,10.1797,Africa/Tunis,1757059200,2025-09-05 09:00,27.1,80.8,Sunny,4.0,6.5,52,NE,1017.0,30.03,0.0,0.0,66,25,28.0,82.3,10.0,6.0,2.9,4.6,7.5,323.75,59.0,17.945,15.91,13.69,36.445,1,2,05:54 AM,06:41 PM,05:38 PM,03:00 AM,Waxing Gibbous,90,Normal
United Arab Emirates,Abu Dhabi,24.4667,54.3667,Asia/Dubai,1740650400,2025-02-27 14:00,22.1,71.8,Partly cloudy,17.4,28.1,303,WNW,1019.0,30.09,0.0,0.0,57,25,24.6,76.3,10.0,6.0,4.7,22.2,35.7,301.55,110.0,17.02,8.695,26.825,58.83,2,3,06:47 AM,06:24 PM,06:20 AM,05:52 PM,Waning Crescent,2,Normal
Brazil,Bras,-2.08,-58.17,America/Manaus,1724156100,2024-08-20 08:15,29.9,85.9,Sunny,4.9,7.9,89,E,1014.0,29.93,0.0,0.0,42,9,30.3,86.5,10.0,6.0,8.0,6.2,9.9,243.7,27.5,0.4,0.4,5.8,6.6,1,1,05:54 AM,05:58 PM,07:01 PM,06:36 AM,Waning Gibbous,100,Normal
Madagascar,Ivory,-24.37,46.45,Indian/Antananarivo,1719150300,2024-06-23 16:45,25.2,77.3,Partly Cloudy,5.6,9.0,157,SSE,1022.0,30.18,0.0,0.0,41,38,25.5,77.9,10.0,6.0,8.0,7.0,11.3,213.6,51.5,0.1,0.0,0.5,1.3,1,1,06:38 AM,05:16 PM,06:38 PM,07:57 AM,Waning Gibbous,99,Normal
Senegal,Dakar,14.6708,-17.4381,Africa/Dakar,1738146600,2025-01-29 10:30,22.5,72.4,Sunny,15.0,24.1,59,ENE,1015.0,29.98,0.0,0.0,45,0,24.4,75.9,10.0,6.0,2.4,31.5,50.7,336.7,61.0,3.7,1.665,63.085,172.79,3,8,07:39 AM,07:08 PM,07:42 AM,07:19 PM,New Moon,0,Normal
Azerbaijan,Baku,40.3953,49.8822,Asia/Baku,1748941200,2025-06-03 13:00,24.1,75.4,Sunny,38.7,62.3,344,NNW,1009.0,29.8,0.0,0.0,57,0,25.6,78.0,10.0,6.0,10.0,44.5,71.6,259.0,105.0,3.145,0.555,21.275,49.21,2,2,05:12 AM,08:06 PM,12:38 PM,01:11 AM,First Quarter,47,Normal
Burundi,Bujumbura,-3.38,29.36,Africa/Bujumbura,1719494100,2024-06-27 15:15,29.1,84.4,Partly cloudy,13.6,22.0,180,S,1016.0,30.0,0.0,0.0,40,25,29.1,84.4,9.0,5.0,7.0,18.1,29.2,380.5,79.4,2.3,0.7,15.1,17.4,1,2,06:08 AM,06:04 PM,11:14 PM,10:51 AM,Waning Gibbous,71,Normal
Belarus,Minsk,53.9,27.57,Europe/Minsk,1717076700,2024-05-30 16:45,22.0,71.6,Sunny,9.4,15.1,170,S,1010.0,29.83,0.05,0.0,33,0,24.5,76.1,10.0,6.0,4.0,14.0,22.5,191.9,97.3,3.0,3.6,2.2,2.5,1,1,04:47 AM,09:29 PM,02:16 AM,11:55 AM,Last Quarter,58,Normal
Sri Lanka,Colombo,6.9319,79.8478,Asia/Colombo,1737369000,2025-01-20 16:00,31.1,88.0,Partly cloudy,6.7,10.8,7,N,1006.0,29.71,0.06,0.0,66,50,37.3,99.2,10.0,6.0,1.0,9.7,15.6,1191.4,97.0,19.98,6.475,22.385,23.68,2,2,06:28 AM,06:15 PM,11:22 PM,10:53 AM,Waning Gibbous,69,Normal
Bahrain,Manama,26.2361,50.5831,Asia/Bahrain,1730106900,2024-10-28 12:15,27.5,81.5,Sunny,21.5,34.6,333,NNW,1013.0,29.92,0.0,0.0,52,4,28.3,82.9,10.0,6.0,6.1,27.9,45.0,453.25,119.0,21.46,47.915,60.495,197.765,3,8,05:45 AM,04:58 PM,02:06 AM,02:49 PM,Waning Crescent,17,Normal
Guinea,Conakry,9.5092,-13.7122,Africa/Conakry,1735985700,2025-01-04 10:15,24.5,76.1,Sunny,3.1,5.0,344,NNW,1014.0,29.94,0.0,0.0,65,13,26.0,78.7,10.0,6.0,3.0,5.1,8.2,680.8,106.0,2.96,3.7,73.815,139.49,4,10,07:12 AM,06:48 PM,10:58 AM,11:11 PM,Waxing Crescent,19,Normal
Bulgaria,Sofia,42.68,23.32,Europe/Sofia,1718891100,2024-06-20 16:45,33.1,91.6,Sunny,10.5,16.9,60,ENE,1019.0,30.09,0.0,0.0,34,0,32.5,90.5,10.0,6.0,8.0,15.0,24.1,173.6,94.4,0.5,2.1,11.0,30.6,1,1,05:49 AM,09:08 PM,08:06 PM,03:56 AM,Waxing Gibbous,95,Normal
Australia,Canberra,-35.2833,149.2167,Australia/Sydney,1767597300,2026-01-05 18:15,22.0,71.6,Partly cloudy,11.6,18.7,75,ENE,1011.0,29.85,0.09,0.0,61,75,24.5,76.1,10.0,6.0,0.4,14.5,23.3,104.85,66.0,3.65,1.45,16.25,16.85,2,2,05:55 AM,08:21 PM,10:04 PM,07:26 AM,Waning Gibbous,98,Normal
Turkey,Yaren,39.55,27.62,Europe/Istanbul,1719063900,2024-06-22 16:45,31.4,88.5,Sunny,23.0,37.1,20,NNE,1007.0,29.74,0.0,0.0,41,0,30.0,86.0,10.0,6.0,8.0,27.5,44.3,168.6,131.6,0.9,3.8,6.9,8.6,1,1,05:43 AM,08:41 PM,09:39 PM,05:28 AM,Full Moon,100,Normal
Iraq,Baghdad,33.3386,44.3939,Asia/Baghdad,1744362000,2025-04-11 12:00,22.0,71.6,Sunny,10.3,16.6,314,NW,1011.0,29.86,0.0,0.0,31,0,22.1,71.7,10.0,6.0,8.9,11.8,19.0,558.7,73.0,33.855,76.035,29.97,41.44,2,3,05:38 AM,06:30 PM,05:14 PM,04:43 AM,Waxing Gibbous,96,Normal
Uganda,Kampala,0.3156,32.5656,Africa/Kampala,1740304800,2025-02-23 13:00,29.2,84.6,Partly cloudy,9.8,15.8,159,SSE,1018.0,30.06,0.0,0.0,48,25,29.0,84.2,10.0,6.0,14.0,11.3,18.2,530.95,93.0,3.515,2.96,26.085,26.455,2,3,07:00 AM,07:06 PM,02:40 AM,03:05 PM,Waning Crescent,29,Normal
Vatican City,Vatican City,41.904,12.453,Europe/Vatican,1752827400,2025-07-18 10:30,29.2,84.6,Sunny,2.2,3.6,221,SW,1013.0,29.91,0.0,0.0,48,0,29.0,84.2,10.0,6.0,4.7,6.7,10.8,303.4,65.0,14.8,0.925,13.135,17.76,1,2,05:51 AM,08:42 PM,12:08 AM,02:18 PM,Last Quarter,51,Normal
Qatar,Doha,25.2867,51.5333,Asia/Qatar,1761377400,2025-10-25 10:30,31.3,88.3,Sunny,8.5,13.7,337,NNW,1011.0,29.85,0.0,0.0,55,0,31.3,88.3,10.0,6.0,5.4,10.1,16.3,426.85,33.0,56.45,40.75,35.65,61.35,2,3,05:38 AM,04:58 PM,08:57 AM,07:23 PM,Waxing Crescent,10,Normal
Cyprus,Nicosia,35.1667,33.3667,Asia/Nicosia,1750581000,2025-06-22 11:30,33.2,91.8,Sunny,6.0,9.7,104,ESE,1009.0,29.8,0.0,0.0,39,25,33.1,91.6,10.0,6.0,8.8,7.0,11.2,273.8,96.0,2.59,4.255,26.085,38.665,2,3,05:33 AM,08:04 PM,02:25 AM,05:03 PM,Waning Crescent,17,Normal
Zimbabwe,Harare,-17.8178,31.0447,Africa/Harare,1763277300,2025-11-16 09:15,23.5,74.3,Patchy rain nearby,9.2,14.8,12,NNE,1015.0,29.97,0.56,0.02,58,72,25.1,77.2,9.0,5.0,6.9,11.0,17.7,189.85,56.0,2.65,1.45,8.95,9.25,1,1,05:12 AM,06:10 PM,02:33 AM,03:09 PM,Waning Crescent,16,Normal
Zimbabwe,Harare,-17.8178,31.0447,Africa/Harare,1737801000,2025-01-25 12:30,25.6,78.0,Patchy rain nearby,8.5,13.7,146,SSE,1009.0,29.8,0.01,0.0,50,100,26.3,79.3,10.0,6.0,15.8,9.8,15.7,240.5,48.0,0.74,0.185,4.255,4.625,1,1,05:39 AM,06:37 PM,01:31 AM,03:15 PM,Waning Crescent,22,Normal
Namibia,Windhoek,-22.5717,17.0822,Africa/Windhoek,1736159400,2025-01-06 12:30,26.1,79.0,Partly cloudy,8.1,13.0,140,SE,1019.0,30.09,0.0,0.0,54,25,25.8,78.4,10.0,6.0,15.7,9.3,14.9,166.5,51.0,0.185,0.37,3.33,3.515,1,1,06:14 AM,07:41 PM,12:26 PM,No moonset,Waxing Crescent,38,Normal
Kenya,Nairobi,-1.2833,36.8167,Africa/Nairobi,1762416000,2025-11-06 11:00,21.0,69.8,Partly cloudy,7.6,12.2,90,E,1024.0,30.24,0.01,0.0,60,75,21.0,69.8,10.0,6.0,12.0,8.7,14.1,413.85,75.0,5.95,5.75,16.55,16.85,2,2,06:11 AM,06:21 PM,07:21 PM,06:43 AM,Waning Gibbous,100,Normal
Djibouti,Djibouti,11.595,43.1481,Africa/Djibouti,1747040400,2025-05-12 12:00,32.5,90.5,Sunny,5.4,8.6,73,ENE,1008.0,29.76,0.0,0.0,48,0,35.4,95.7,10.0,6.0,11.1,6.2,10.0,325.6,75.0,4.81,5.735,33.67,215.34,2,3,05:45 AM,06:23 PM,06:15 PM,05:14 AM,Full Moon,99,Normal
Cambodia,Phnom Penh,11.55,104.9167,Asia/Phnom_Penh,1757750400,2025-09-13 15:00,32.7,90.9,Patchy rain nearby,4.5,7.2,205,SSW,1006.0,29.72,0.1,0.0,52,100,36.7,98.0,10.0,6.0,1.3,6.2,10.0,804.75,62.0,8.695,8.88,27.565,27.75,2,3,05:50 AM,06:03 PM,10:38 PM,10:56 AM,Waning Gibbous,69,Normal
Uganda,Kampala,0.3156,32.5656,Africa/Kampala,1743499800,2025-04-01 12:30,26.2,79.2,Partly cloudy,6.3,10.1,163,SSE,1017.0,30.03,0.0,0.0,65,25,26.6,79.8,10.0,6.0,13.9,7.2,11.6,477.3,63.0,3.515,1.665,20.905,22.94,2,2,06:50 AM,06:57 PM,09:21 AM,09:51 PM,Waxing Crescent,9,Normal
Madagascar,Ivory,-24.3667,46.45,Indian/Antananarivo,1747645200,2025-05-19 12:00,27.9,82.2,Sunny,4.3,6.8,192,SSW,1015.0,29.99,0.0,0.0,48,2,28.5,83.2,10.0,6.0,6.2,4.9,7.9,164.65,52.0,1.11,0.925,6.475,7.955,1,1,06:24 AM,05:17 PM,11:08 PM,11:54 AM,Waning Gibbous,67,Normal
Germany,Berlin,52.52,13.4,Europe/Berlin,1719754200,2024-06-30 15:30,28.3,82.9,Moderate rain,18.6,29.9,210,SSW,1003.0,29.62,0.0,0.0,55,25,30.1,86.1,10.0,6.0,6.0,23.0,37.1,203.6,110.2,4.2,2.3,4.3,4.5,1,1,04:47 AM,09:33 PM,01:04 AM,03:34 PM,Waning Crescent,38,Normal
Mauritius,Port Louis,-20.1619,57.4989,Indian/Mauritius,1771397100,2026-02-18 10:45,29.2,84.6,Overcast,10.1,16.2,94,E,1014.0,29.94,0.01,0.0,70,50,32.9,91.2,10.0,6.0,9.3,11.7,18.8,84.85,31.0,3.25,1.75,4.25,5.55,1,1,06:03 AM,06:44 PM,06:39 AM,07:24 PM,Waxing Crescent,0,Normal
Thailand,Nan,18.7833,100.7833,Asia/Bangkok,1740219300,2025-02-22 17:15,33.2,91.8,Partly cloudy,2.7,4.3,154,SSE,1011.0,29.85,0.0,0.0,41,25,31.8,89.2,10.0,6.0,0.4,3.1,5.0,765.9,103.0,3.33,4.07,38.11,39.96,2,4,06:41 AM,06:20 PM,01:44 AM,12:43 PM,Waning Crescent,41,Normal
Benin,Porto-Novo,6.4833,2.6167,Africa/Porto-Novo,1733567400,2024-12-07 11:30,31.1,88.0,Mist,4.3,6.8,54,NE,1012.0,29.88,0.0,0.0,59,25,32.3,90.2,6.0,3.0,6.1,4.9,7.9,540.2,87.0,3.33,2.22,47.73,98.79,3,5,06:48 AM,06:34 PM,12:05 PM,No moonset,Waxing Crescent,32,Normal
Armenia,Yerevan,40.1811,44.5136,Asia/Yerevan,1746693900,2025-05-08 12:45,23.4,74.1,Sunny,5.4,8.6,203,SSW,1015.0,29.97,0.0,0.0,31,0,24.0,75.1,10.0,6.0,7.4,6.2,9.9,233.1,69.0,15.17,1.665,11.47,16.465,1,1,05:54 AM,08:04 PM,04:09 PM,03:49 AM,Waxing Gibbous,80,Normal
Syria,Damascus,33.5,36.3,Asia/Damascus,1759645800,2025-10-05 09:30,21.1,70.0,Sunny,2.5,4.0,146,SSE,1019.0,30.09,0.0,0.0,53,0,21.1,70.0,6.0,3.0,1.8,2.8,4.6,123.85,63.0,12.15,40.25,13.15,30.35,1,2,06:32 AM,06:14 PM,05:13 PM,04:19 AM,Waxing Gibbous,93,Normal
Sri Lanka,Colombo,6.9319,79.8478,Asia/Colombo,1742376600,2025-03-19 15:00,32.2,90.0,Partly cloudy,6.3,10.1,270,W,1010.0,29.83,0.08,0.0,67,50,39.8,103.7,10.0,6.0,3.9,7.9,12.8,1585.45,182.0,35.15,76.96,50.69,51.615,3,6,06:15 AM,06:21 PM,10:13 PM,09:24 AM,Waning Gibbous,83,Normal
Sudan,Juba,12.15,24.45,Africa/Khartoum,1751531400,2025-07-03 10:30,27.5,81.5,Sunny,7.2,11.5,228,SW,1014.0,29.93,0.0,0.0,54,12,28.5,83.3,10.0,6.0,4.8,8.2,13.2,364.45,51.0,5.365,0.74,12.95,35.89,1,2,06:02 AM,06:51 PM,12:50 PM,12:14 AM,Waxing Gibbous,51,Normal
Tunisia,Tunis,36.8028,10.1797,Africa/Tunis,1748941200,2025-06-03 10:00,27.3,81.1,Sunny,12.8,20.5,152,SSE,1016.0,30.0,0.0,0.0,45,25,26.8,80.3,10.0,6.0,6.6,14.7,23.6,268.25,86.0,5.55,7.585,14.615,24.42,1,2,05:01 AM,07:34 PM,12:26 PM,12:49 AM,First Quarter,48,Normal
Myanmar,Rangoon,16.7833,96.1667,Asia/Yangon,1771397100,2026-02-18 13:15,33.0,91.4,Partly cloudy,6.0,9.7,90,E,1011.0,29.85,0.0,0.0,53,75,30.9,87.5,7.0,4.0,6.9,7.0,11.2,677.85,95.0,8.15,8.85,53.55,55.75,3,6,06:30 AM,06:09 PM,06:56 AM,06:57 PM,Waxing Crescent,0,Normal
Botswana,Gaborone,-24.6464,25.9119,Africa/Gaborone,1734432300,2024-12-17 12:45,32.3,90.1,Partly cloudy,8.7,14.0,7,N,1015.0,29.97,0.0,0.0,41,25,30.9,87.5,10.0,6.0,14.5,10.0,16.2,327.45,103.0,1.665,2.775,12.21,12.395,1,2,05:23 AM,07:03 PM,09:22 PM,07:05 AM,Waning Gibbous,97,Normal
Indonesia,Laos,-8.1826,114.3188,Asia/Jakarta,1755849600,2025-08-22 15:00,27.3,81.1,Patchy rain nearby,5.8,9.4,125,SE,1010.0,29.83,0.01,0.0,66,75,29.2,84.6,10.0,6.0,1.7,6.7,10.8,869.5,73.0,10.36,4.625,28.86,35.15,2,3,05:29 AM,05:22 PM,04:37 AM,04:38 PM,Waning Crescent,3,Normal
Cape Verde,Praia,14.93,-23.51,Atlantic/Cape_Verde,1716820200,2024-05-27 13:30,29.0,84.2,Sunny,26.6,42.8,20,NNE,1014.0,29.94,0.0,0.0,40,0,31.7,89.1,10.0,6.0,7.0,31.1,50.0,180.2,94.4,0.2,0.4,6.9,29.4,1,1,06:04 AM,06:59 PM,11:00 PM,09:30 AM,Waning Gibbous,87,Normal
Saint Kitts and Nevis,Basseterre,17.3,-62.7167,America/St_Kitts,1739527200,2025-02-14 06:00,25.3,77.5,Clear,26.8,43.2,77,ENE,1018.0,30.06,0.04,0.0,69,0,27.0,80.5,10.0,6.0,0.0,37.2,59.8,223.85,98.0,0.555,0.555,13.875,22.385,1,2,06:38 AM,06:12 PM,08:06 PM,07:55 AM,Waning Gibbous,97,Normal
Sri Lanka,Colombo,6.9319,79.8478,Asia/Colombo,1761898500,2025-10-31 13:45,32.2,90.0,Sunny,9.2,14.8,281,WNW,1011.0,29.86,0.0,0.0,63,25,41.7,107.0,10.0,6.0,8.8,11.3,18.1,1139.85,53.0,21.05,24.95,20.05,28.15,2,2,05:58 AM,05:51 PM,01:42 PM,01:01 AM,Waxing Gibbous,61,Normal
Zimbabwe,Harare,-17.8178,31.0447,Africa/Harare,1769929200,2026-02-01 09:00,22.5,72.5,Patchy rain nearby,2.2,3.6,26,NNE,1016.0,30.0,0.01,0.0,58,84,24.7,76.4,10.0,6.0,7.4,6.7,10.8,247.85,47.0,3.65,1.45,14.65,15.05,1,2,05:43 AM,06:35 PM,06:27 PM,04:57 AM,Full Moon,99,Normal
Malta,Valletta,35.8997,14.5147,Europe/Malta,1749977100,2025-06-15 10:45,30.3,86.5,Sunny,4.3,6.8,243,WSW,1019.0,30.09,0.0,0.0,55,0,34.4,93.9,10.0,6.0,5.2,6.3,10.1,273.8,82.0,15.725,3.145,30.525,36.63,2,3,05:45 AM,08:20 PM,11:47 PM,09:20 AM,Waning Gibbous,87,Normal
Bulgaria,Bogot,43.3167,24.7,Europe/Sofia,1746435600,2025-05-05 12:00,26.4,79.5,Partly Cloudy,3.4,5.4,309,NW,1007.0,29.72,0.0,0.0,38,27,26.2,79.2,10.0,6.0,6.3,3.9,6.2,262.7,75.0,6.29,4.255,14.43,18.315,1,2,06:09 AM,08:27 PM,01:20 PM,03:11 AM,Waxing Gibbous,53,Normal
Sudan,Juba,12.15,24.45,Africa/Khartoum,1722514500,2024-08-01 14:15,27.5,81.5,Patchy rain nearby,12.5,20.2,211,SSW,1013.0,29.9,0.17,0.01,58,88,28.9,83.9,9.0,5.0,6.0,17.6,28.3,420.6,20.4,0.2,0.0,0.5,1.5,1,1,06:09 AM,06:48 PM,03:10 AM,04:33 PM,Waning Crescent,12,Normal
Burundi,Bujumbura,-3.3761,29.36,Africa/Bujumbura,1756800900,2025-09-02 10:15,25.0,77.0,Sunny,2.9,4.7,214,SW,1017.0,30.03,0.0,0.0,44,0,24.9,76.8,7.0,4.0,7.3,3.4,5.5,723.35,89.0,5.365,3.515,54.945,55.13,3,7,06:01 AM,06:04 PM,01:31 PM,01:18 AM,Waxing Gibbous,66,Normal
Ethiopia,Addis Ababa,9.0333,38.7,Africa/Addis_Ababa,1748250000,2025-05-26 12:00,21.1,70.0,Partly cloudy,4.3,6.8,187,S,1028.0,30.36,0.0,0.0,56,50,21.1,70.0,10.0,6.0,13.3,4.9,7.9,627.15,104.0,2.96,4.81,60.495,158.915,3,8,06:04 AM,06:40 PM,05:03 AM,06:04 PM,Waning Crescent,2,Normal
Philippines,Manila,14.6042,120.9822,Asia/Manila,1732523400,2024-11-25 16:30,32.2,90.0,Partly cloudy,11.2,18.0,70,ENE,1009.0,29.8,0.0,0.0,63,50,38.8,101.8,10.0,6.0,1.2,14.4,23.1,699.3,55.0,17.575,22.755,13.32,14.615,1,2,06:02 AM,05:24 PM,01:04 AM,01:30 PM,Waning Crescent,35,Normal
Montenegro,Podgorica,42.4411,19.2636,Europe/Podgorica,1746693900,2025-05-08 10:45,20.2,68.4,Partly cloudy,6.9,11.2,184,S,1010.0,29.83,0.14,0.01,68,75,20.2,68.4,10.0,6.0,4.4,10.2,16.4,279.35,64.0,11.285,0.925,12.21,12.95,1,2,05:29 AM,07:51 PM,03:55 PM,03:31 AM,Waxing Gibbous,81,Normal
Solomon Islands,Honiara,-9.4333,159.95,Pacific/Guadalcanal,1764486000,2025-11-30 18:00,32.3,90.1,Partly cloudy,5.4,8.6,16,NNE,1006.0,29.71,0.05,0.0,67,50,42.0,107.6,10.0,6.0,0.2,6.5,10.4,117.85,22.0,1.55,1.15,3.75,3.95,1,1,05:50 AM,06:27 PM,01:46 PM,01:22 AM,Waxing Gibbous,63,Normal
Iran,Chi Chi Khvar,36.26,46.59,Asia/Tehran,1716820200,2024-05-27 18:00,22.8,73.0,Sunny,9.6,15.5,237,WSW,1012.0,29.88,0.0,0.0,30,3,23.5,74.4,10.0,6.0,6.0,11.6,18.6,183.6,107.3,1.4,0.4,3.9,10.4,1,1,05:10 AM,07:33 PM,11:33 PM,08:08 AM,Waning Gibbous,87,Normal
Sierra Leone,Freetown,8.49,-13.2342,Africa/Freetown,1739614500,2025-02-15 10:15,27.9,82.3,Sunny,6.7,10.8,310,NW,1012.0,29.89,0.0,0.0,59,15,29.5,85.1,10.0,6.0,3.8,7.7,12.4,284.9,79.0,1.48,3.33,62.53,165.39,3,8,07:11 AM,07:03 PM,09:27 PM,09:05 AM,Waning Gibbous,94,Normal
Djibouti,Djibouti,11.595,43.1481,Africa/Djibouti,1745226000,2025-04-21 12:00,30.0,86.0,Sunny,14.5,23.4,87,E,1012.0,29.87,0.0,0.0,60,3,33.1,91.6,10.0,6.0,12.3,16.7,26.9,273.8,84.0,2.22,2.59,26.64,47.175,2,3,05:53 AM,06:19 PM,12:41 AM,12:23 PM,Last Quarter,52,Normal
Latvia,Riga,56.95,24.1,Europe/Riga,1716302700,2024-05-21 17:45,25.0,77.0,Sunny,10.5,16.9,30,NNE,1017.0,30.03,0.05,0.0,44,0,26.2,79.2,10.0,6.0,4.0,15.0,24.1,217.0,80.8,6.2,2.2,4.1,4.7,1,1,04:54 AM,09:48 PM,07:39 PM,03:55 AM,Waxing Gibbous,93,Normal
Sri Lanka,Colombo,6.9319,79.8478,Asia/Colombo,1743670800,2025-04-03 14:30,33.2,91.8,Partly cloudy,8.3,13.3,300,WNW,1010.0,29.81,0.94,0.04,63,50,44.3,111.7,10.0,6.0,7.9,11.8,18.9,1857.4,150.0,37.555,45.51,61.605,62.53,3,8,06:08 AM,06:20 PM,10:21 AM,11:23 PM,Waxing Crescent,25,Normal
Cuba,Havana,23.13,-82.36,America/Havana,1722170700,2024-07-28 08:45,27.9,82.3,Sunny,2.5,4.0,102,ESE,1017.0,30.05,0.0,0.0,67,5,30.5,87.0,10.0,6.0,7.0,3.5,5.6,250.3,28.6,6.0,18.6,4.3,8.2,1,1,06:59 AM,08:13 PM,12:51 AM,02:19 PM,Last Quarter,51,Normal
United Arab Emirates,Abu Dhabi,24.4667,54.3667,Asia/Dubai,1739097000,2025-02-09 14:30,22.1,71.8,Partly cloudy,15.7,25.2,325,NW,1015.0,29.97,0.0,0.0,50,50,24.6,76.3,10.0,6.0,4.7,20.9,33.6,364.45,108.0,18.5,8.88,57.535,140.045,3,7,07:00 AM,06:13 PM,03:10 PM,04:35 AM,Waxing Gibbous,85,Normal
Romania,Bucharest,44.4333,26.1,Europe/Bucharest,1745226900,2025-04-21 12:15,24.3,75.7,Sunny,2.9,4.7,199,SSW,1012.0,29.88,0.0,0.0,44,0,24.8,76.7,10.0,6.0,5.8,3.4,5.4,493.95,53.0,41.81,11.655,40.885,59.385,3,4,06:21 AM,08:08 PM,03:19 AM,12:13 PM,Last Quarter,52,Normal
Paraguay,Aurora,-23.43,-61.33,America/Argentina/Cordoba,1726317000,2024-09-14 09:30,20.1,68.3,Sunny,4.0,6.5,164,SSE,1021.0,30.14,0.0,0.0,67,22,20.1,68.3,10.0,6.0,7.0,5.5,8.9,545.422,78.0,0.503,0.336,28.698,41.284,2,3,07:03 AM,06:59 PM,03:26 PM,04:28 AM,Waxing Gibbous,78,Normal
Netherlands,Amsterdam,52.37,4.89,Europe/Amsterdam,1722341700,2024-07-30 14:15,27.5,81.6,Sunny,5.4,8.6,39,NE,1016.0,30.01,0.0,0.0,46,8,27.9,82.1,10.0,6.0,7.0,6.2,9.9,210.3,176.0,5.7,4.3,13.0,15.2,1,2,05:58 AM,09:35 PM,12:37 AM,06:18 PM,Waning Crescent,30,Normal
Eritrea,Asmara,15.33,38.93,Africa/Asmara,1720098000,2024-07-04 16:00,22.0,71.6,Sunny,12.3,19.8,32,NNE,1011.0,29.86,0.0,0.0,44,10,24.2,75.6,10.0,6.0,6.0,21.7,35.0,237.0,27.5,0.1,0.1,8.8,29.9,1,1,05:59 AM,06:59 PM,04:12 AM,05:50 PM,Waning Crescent,5,Normal
Indonesia,Jakarta,-6.2146,106.8451,Asia/Jakarta,1756368900,2025-08-28 15:15,30.2,86.4,Partly cloudy,11.2,18.0,351,N,1008.0,29.77,0.0,0.0,66,50,32.1,89.8,9.0,5.0,1.3,12.9,20.7,4282.75,24.0,170.57,110.075,237.725,238.65,5,10,05:55 AM,05:53 PM,09:08 AM,09:43 PM,Waxing Crescent,19,Normal
India,New Delhi,28.6,77.2,Asia/Kolkata,1757924100,2025-09-15 13:45,34.1,93.4,Partly cloudy,10.7,17.3,296,WNW,1006.0,29.71,0.0,0.0,47,50,34.5,94.1,6.0,3.0,8.1,12.3,19.9,1152.55,77.0,84.175,46.99,99.345,157.25,4,10,06:06 AM,06:26 PM,No moonrise,02:12 PM,Waning Crescent,46,Normal
Zambia,Lusaka,-15.42,28.28,Africa/Lusaka,1719494100,2024-06-27 15:15,20.8,69.4,Partly Cloudy,9.2,14.8,96,E,1020.0,30.12,0.0,0.0,33,46,20.8,69.4,10.0,6.0,7.0,11.5,18.4,667.6,58.7,2.1,2.9,4.2,8.5,1,1,06:33 AM,05:47 PM,11:14 PM,11:02 AM,Waning Gibbous,71,Normal
Namibia,Windhoek,-22.5717,17.0822,Africa/Windhoek,1740477600,2025-02-25 12:00,22.1,71.8,Partly cloudy,6.5,10.4,94,E,1023.0,30.21,0.41,0.02,69,75,23.8,74.9,10.0,6.0,14.3,7.5,12.1,192.4,57.0,0.185,0.185,4.625,4.81,1,1,06:46 AM,07:23 PM,03:50 AM,05:45 PM,Waning Crescent,12,Normal
Kuwait,Kuwait City,29.3667,47.96,Asia/Kuwait,1733307300,2024-12-04 13:15,20.4,68.7,Partly cloudy,5.4,8.6,83,E,1018.0,30.05,0.0,0.0,35,25,20.4,68.7,10.0,6.0,1.3,7.1,11.4,632.7,55.0,101.195,45.14,70.485,109.705,4,9,06:27 AM,04:49 PM,09:22 AM,07:33 PM,Waxing Crescent,7,Normal
Australia,Canberra,-35.2833,149.2167,Australia/Sydney,1741772700,2025-03-12 20:45,20.3,68.5,Clear,6.3,10.1,72,ENE,1020.0,30.12,0.0,0.0,68,0,20.3,68.5,10.0,6.0,0.0,11.4,18.3,153.55,47.0,2.96,0.74,2.775,3.145,1,1,06:59 AM,07:26 PM,06:34 PM,04:38 AM,Waxing Gibbous,93,Normal
Italy,Rome,41.9,12.4833,Europe/Rome,1747214100,2025-05-14 11:15,21.2,70.2,Patchy rain nearby,2.2,3.6,171,S,1015.0,29.97,0.3,0.01,64,25,21.2,70.2,10.0,6.0,5.5,6.7,10.8,296.0,75.0,14.43,1.11,17.76,20.535,2,2,05:51 AM,08:22 PM,10:39 PM,06:22 AM,Waning Gibbous,98,Normal
Romania,Bucharest,44.4333,26.1,Europe/Bucharest,1755418500,2025-08-17 11:15,27.1,80.8,Sunny,4.7,7.6,92,E,1011.0,29.85,0.0,0.0,37,0,25.7,78.2,10.0,6.0,5.0,5.4,8.7,358.9,64.0,12.21,5.55,14.615,19.98,1,2,06:21 AM,08:17 PM,No moonrise,04:13 PM,Waning Crescent,42,Normal
Algeria,Algiers,36.76,3.05,Africa/Algiers,1727256600,2024-09-25 10:30,25.2,77.4,Sunny,2.2,3.6,111,ESE,1018.0,30.06,0.0,0.0,47,0,25.9,78.6,10.0,6.0,6.0,6.7,10.8,336.7,71.0,34.04,13.32,14.985,21.46,1,2,06:38 AM,06:39 PM,No moonrise,02:59 PM,Waning Crescent,48,Normal
Bolivia,National,-11.1833,-67.0833,America/La_Paz,1755160200,2025-08-14 04:30,22.3,72.2,Partly Cloudy,2.2,3.6,175,S,1013.0,29.92,0.0,0.0,63,45,24.7,76.4,10.0,6.0,0.0,4.7,7.6,427.35,41.0,1.665,0.37,15.54,15.91,2,2,06:41 AM,06:25 PM,11:27 PM,10:32 AM,Waning Gibbous,73,Normal
Turkey,Ankara,39.9272,32.8644,Europe/Istanbul,1754727300,2025-08-09 11:15,29.1,84.4,Sunny,11.9,19.1,58,ENE,1021.0,30.15,0.0,0.0,35,0,27.8,82.1,10.0,6.0,7.7,13.6,22.0,268.25,77.0,10.915,6.29,17.76,24.975,2,2,05:55 AM,07:53 PM,08:13 PM,05:37 AM,Full Moon,100,Normal
Bangladesh,Dhaka,23.7231,90.4086,Asia/Dhaka,1756800000,2025-09-02 14:00,33.8,92.8,Partly Cloudy,14.8,23.8,156,SSE,1001.0,29.56,0.0,0.0,53,36,39.4,102.8,10.0,6.0,8.0,17.0,27.3,538.35,57.0,25.53,21.83,13.505,13.505,1,2,05:41 AM,06:15 PM,02:23 PM,No moonset,Waxing Gibbous,64,Normal
Niger,Niamey,13.6667,1.7833,Africa/Niamey,1761895800,2025-10-31 08:30,26.3,79.3,Overcast,4.0,6.5,143,SE,1013.0,29.91,0.0,0.0,42,0,24.7,76.4,6.0,3.0,0.4,8.1,13.0,195.85,27.0,8.55,1.25,20.05,62.55,2,2,06:47 AM,06:25 PM,02:39 PM,01:46 AM,Waxing Gibbous,63,Normal
Congo,Brazzaville,-4.2592,15.2847,Africa/Brazzaville,1740650400,2025-02-27 11:00,30.2,86.4,Partly cloudy,2.2,3.6,131,SE,1015.0,29.97,0.0,0.0,62,25,31.4,88.5,8.0,4.0,11.1,2.3,3.7,789.95,86.0,2.22,2.96,48.1,49.21,3,6,06:06 AM,06:17 PM,05:28 AM,06:01 PM,New Moon,2,Normal
Malawi,Lilongwe,-13.9833,33.7833,Africa/Blantyre,1738924200,2025-02-07 12:30,26.9,80.5,Patchy rain nearby,2.7,4.3,173,S,1011.0,29.86,0.01,0.0,46,75,27.2,81.0,10.0,6.0,13.4,3.1,5.0,273.8,63.0,0.37,0.925,7.215,9.065,1,1,05:40 AM,06:18 PM,02:05 PM,12:32 AM,Waxing Gibbous,67,Normal
South Africa,Pretoria,-25.75,28.19,Africa/Johannesburg,1722514500,2024-08-01 14:15,21.1,70.1,Sunny,11.9,19.1,2,N,1022.0,30.17,0.0,0.0,33,7,21.1,70.1,10.0,6.0,7.0,13.6,22.0,393.9,85.8,2.5,11.2,16.7,23.6,2,2,06:45 AM,05:42 PM,04:25 AM,02:47 PM,Waning Crescent,12,Normal
Rwanda,Kigali,-1.9536,30.0606,Africa/Kigali,1727947800,2024-10-03 11:30,24.3,75.7,Partly cloudy,6.3,10.1,152,SSE,1021.0,30.15,0.16,0.01,54,50,25.5,77.8,10.0,6.0,6.0,7.4,11.9,686.35,83.0,1.295,1.85,37.925,55.87,2,4,05:45 AM,05:53 PM,06:02 AM,06:23 PM,Waxing Crescent,0,Normal
Romania,Bucharest,44.4333,26.1,Europe/Bucharest,1756714500,2025-09-01 11:15,22.3,72.1,Partly Cloudy,9.4,15.1,277,W,1009.0,29.8,0.0,0.0,69,25,24.1,75.4,10.0,6.0,4.2,10.8,17.4,312.65,54.0,23.495,5.92,10.915,14.06,1,1,06:38 AM,07:52 PM,04:12 PM,No moonset,Waxing Gibbous,56,Normal
Romania,Bucharest,44.4333,26.1,Europe/Bucharest,1753260300,2025-07-23 11:45,30.4,86.7,Sunny,11.9,19.1,65,ENE,1013.0,29.91,0.0,0.0,43,0,29.3,84.8,10.0,6.0,6.0,13.6,22.0,279.35,77.0,10.545,2.775,11.285,14.985,1,1,05:53 AM,08:51 PM,03:39 AM,08:23 PM,Waning Crescent,5,Normal
Mauritius,Port Louis,-20.1619,57.4989,Indian/Mauritius,1729502100,2024-10-21 13:15,26.0,78.8,Light rain,13.2,21.2,106,ESE,1018.0,30.06,0.01,0.0,70,75,27.2,81.0,10.0,6.0,12.0,15.2,24.4,199.8,62.0,1.85,3.515,15.355,28.12,1,2,05:35 AM,06:14 PM,10:43 PM,08:36 AM,Waning Gibbous,83,Normal
Guinea,Conakry,9.5092,-13.7122,Africa/Conakry,1738319400,2025-01-31 10:30,28.1,82.6,Mist,2.9,4.7,345,NNW,1010.0,29.83,0.0,0.0,62,0,31.0,87.9,5.0,3.0,3.3,4.7,7.5,388.5,93.0,3.145,3.885,74.74,211.455,4,10,07:17 AM,07:00 PM,08:53 AM,09:04 PM,Waxing Crescent,3,Normal
Benin,Porto-Novo,6.48,2.62,Africa/Porto-Novo,1723119300,2024-08-08 13:15,28.5,83.3,Patchy rain nearby,12.3,19.8,216,SW,1013.0,29.92,0.01,0.0,60,57,30.5,86.9,10.0,6.0,6.0,14.2,22.8,357.2,40.1,1.4,1.3,3.7,8.4,1,1,06:44 AM,07:06 PM,09:40 AM,09:58 PM,Waxing Crescent,11,Normal
Congo,Brazzaville,-4.26,15.28,Africa/Brazzaville,1716991200,2024-05-29 15:00,32.0,89.6,Partly cloudy,8.1,13.0,220,SW,1012.0,29.88,0.0,0.0,59,75,33.1,91.6,8.0,4.0,9.0,12.5,20.2,420.6,53.6,1.6,0.5,5.8,17.8,1,1,06:00 AM,05:53 PM,11:32 PM,11:16 AM,Waning Gibbous,69,Normal
Cape Verde,Praia,14.9315,-23.5125,Atlantic/Cape_Verde,1740909600,2025-03-02 09:00,20.4,68.7,Partly cloudy,14.3,23.0,357,N,1014.0,29.94,0.0,0.0,68,50,20.4,68.7,10.0,6.0,2.6,16.6,26.8,259.0,99.0,0.74,0.74,16.465,26.455,2,2,06:50 AM,06:42 PM,08:36 AM,09:21 PM,Waxing Crescent,6,Normal
Oman,Muscat,23.6133,58.5933,Asia/Muscat,1768030200,2026-01-10 11:30,26.2,79.2,Sunny,2.2,3.6,135,SE,1019.0,30.09,0.0,0.0,37,25,26.6,80.0,10.0,6.0,5.3,2.7,4.3,187.85,63.0,11.55,10.75,16.65,43.65,2,2,06:50 AM,05:37 PM,No moonrise,11:25 AM,Last Quarter,58,Normal
China,Beijing,39.9289,116.3883,Asia/Shanghai,1728380700,2024-10-08 17:45,22.2,72.0,Sunny,6.5,10.4,190,S,1018.0,30.06,0.0,0.0,30,0,23.4,74.0,10.0,6.0,6.0,8.9,14.3,1546.6,11.0,55.685,57.535,80.845,116.735,4,10,06:17 AM,05:46 PM,11:39 AM,08:27 PM,Waxing Crescent,23,Normal
Uganda,Kampala,0.32,32.57,Africa/Kampala,1727256600,2024-09-25 12:30,26.0,78.8,Partly cloudy,2.2,3.6,162,SSE,1018.0,30.06,0.0,0.0,70,25,26.1,78.9,10.0,6.0,7.0,2.3,3.7,791.8,57.0,3.515,2.405,37.185,54.39,2,4,06:38 AM,06:44 PM,12:50 AM,01:19 PM,Waning Crescent,48,Normal
Kenya,Nairobi,-1.2833,36.8167,Africa/Nairobi,1742635800,2025-03-22 12:30,24.0,75.2,Partly cloudy,9.4,15.1,78,ENE,1023.0,30.21,0.53,0.02,54,75,25.1,77.2,10.0,6.0,16.0,11.1,17.9,723.35,77.0,8.51,11.1,12.21,12.21,1,2,06:36 AM,06:43 PM,12:08 AM,12:39 PM,Last Quarter,56,Normal
Burkina Faso,Ouagadougou,12.3703,-1.5247,Africa/Ouagadougou,1762330500,2025-11-05 08:15,24.0,75.2,Mist,4.9,7.9,72,ENE,1015.0,29.97,0.0,0.0,69,0,23.2,73.8,4.0,2.0,1.2,7.0,11.3,532.85,77.0,5.05,2.05,22.45,37.05,2,2,06:00 AM,05:39 PM,05:36 PM,05:42 AM,Full Moon,99,Normal
Turkey,Yaren,39.55,27.62,Europe/Istanbul,1716042600,2024-05-18 17:30,28.0,82.4,Sunny,11.9,19.1,40,NE,1014.0,29.94,0.0,0.0,51,0,29.5,85.1,10.0,6.0,6.0,16.2,26.0,200.3,128.8,0.9,4.5,12.5,15.3,1,2,05:53 AM,08:20 PM,03:27 PM,03:21 AM,Waxing Gibbous,73,Normal
Azerbaijan,Baku,40.3953,49.8822,Asia/Baku,1747471500,2025-05-17 12:45,21.4,70.5,Sunny,14.3,23.0,198,SSW,1020.0,30.12,0.0,0.0,56,25,21.4,70.5,10.0,6.0,8.0,16.7,26.9,307.1,86.0,10.36,3.515,19.425,29.6,2,2,05:23 AM,07:52 PM,No moonrise,08:31 AM,Waning Gibbous,84,Normal
Swaziland,Mbabane,-26.3167,31.1333,Africa/Mbabane,1750410000,2025-06-20 11:00,23.2,73.8,Sunny,12.8,20.5,276,W,1017.0,30.03,0.0,0.0,36,0,22.7,72.9,10.0,6.0,4.5,14.7,23.6,251.6,52.0,27.75,61.79,19.795,19.795,2,2,06:42 AM,05:12 PM,01:05 AM,12:52 PM,Waning Crescent,37,Normal
Gambia,Banjul,13.4531,-16.5775,Africa/Banjul,1736070300,2025-01-05 09:45,21.4,70.5,Sunny,15.0,24.1,32,NNE,1014.0,29.94,0.0,0.0,35,0,21.4,70.5,9.0,5.0,0.8,22.3,35.9,273.8,49.0,2.59,1.48,71.04,199.06,4,10,07:31 AM,06:53 PM,11:53 AM,No moonset,Waxing Crescent,28,Normal
Bulgaria,Sofia,42.6833,23.3167,Europe/Sofia,1755850500,2025-08-22 11:15,23.4,74.1,Partly cloudy,6.7,10.8,296,WNW,1009.0,29.8,0.0,0.0,57,50,24.5,76.1,10.0,6.0,4.1,7.8,12.6,340.4,62.0,28.675,7.585,21.83,41.81,2,2,06:41 AM,08:17 PM,05:25 AM,08:07 PM,Waning Crescent,2,Normal
Rwanda,Kigali,-1.9536,30.0606,Africa/Kigali,1751878800,2025-07-07 11:00,23.1,73.6,Partly cloudy,4.5,7.2,156,SSE,1024.0,30.24,0.6,0.02,61,50,25.0,77.0,10.0,6.0,10.1,6.8,11.0,708.55,82.0,6.475,3.885,72.705,75.295,4,10,06:04 AM,06:05 PM,03:13 PM,02:55 AM,Waxing Gibbous,85,Normal
Sri Lanka,Colombo,6.9319,79.8478,Asia/Colombo,1739442600,2025-02-13 16:00,31.3,88.3,Partly cloudy,11.2,18.0,303,WNW,1009.0,29.8,0.0,0.0,63,25,37.4,99.2,9.0,5.0,1.3,14.5,23.4,1332.0,179.0,24.79,50.135,72.15,73.63,4,10,06:28 AM,06:21 PM,07:06 PM,06:56 AM,Waning Gibbous,100,Normal
Nigeria,Abuja,9.1758,7.1808,Africa/Lagos,1769497200,2026-01-27 08:00,23.3,73.9,Clear,9.4,15.1,44,NE,1013.0,29.91,0.0,0.0,41,0,22.8,73.0,8.0,4.0,0.0,15.8,25.5,389.85,60.0,27.25,4.35,105.35,293.25,4,10,06:53 AM,06:35 PM,01:13 PM,01:15 AM,Waxing Gibbous,59,Normal
Singapore,Singapore,1.2931,103.8558,Asia/Singapore,1750064400,2025-06-16 17:00,31.0,87.8,Overcast,9.6,15.5,100,E,1008.0,29.77,1.75,0.07,66,50,37.8,100.1,10.0,6.0,2.2,14.6,23.5,691.9,32.0,74.185,22.94,46.62,50.32,3,5,06:59 AM,07:11 PM,11:32 PM,11:03 AM,Waning Gibbous,82,Normal
Cyprus,Nicosia,35.1667,33.3667,Asia/Nicosia,1757405700,2025-09-09 11:15,29.2,84.6,Partly cloudy,2.7,4.3,43,NE,1010.0,29.83,0.0,0.0,52,50,30.0,85.9,10.0,6.0,5.8,3.1,5.0,251.6,84.0,6.105,3.145,21.46,30.155,2,2,06:25 AM,07:02 PM,07:56 PM,08:04 AM,Waning Gibbous,98,Normal
South Africa,Pretoria,-25.7469,28.188,Africa/Johannesburg,1729934100,2024-10-26 11:15,29.1,84.4,Sunny,12.5,20.2,341,NNW,1016.0,30.0,0.0,0.0,40,0,28.0,82.5,10.0,6.0,8.0,14.4,23.2,442.15,93.0,4.07,13.505,25.9,38.295,2,3,05:23 AM,06:20 PM,02:06 AM,01:20 PM,Waning Crescent,34,Normal
Madagascar,Antananarivo,-18.9167,47.5167,Indian/Antananarivo,1729502100,2024-10-21 12:15,26.3,79.4,Partly Cloudy,12.1,19.4,98,E,1018.0,30.06,0.0,0.0,38,26,26.2,79.2,10.0,6.0,13.2,13.9,22.4,320.05,61.0,0.925,0.555,7.03,10.73,1,1,05:16 AM,05:54 PM,10:21 PM,08:20 AM,Waning Gibbous,83,Normal
Portugal,Lisbon,38.7167,-9.1333,Europe/Lisbon,1750581000,2025-06-22 09:30,20.0,68.0,Partly Cloudy,7.6,12.2,343,NNW,1019.0,30.09,0.0,0.0,68,25,20.0,68.0,10.0,6.0,2.0,9.6,15.4,249.75,55.0,13.135,2.035,12.765,20.72,1,2,06:12 AM,09:05 PM,03:11 AM,06:13 PM,Waning Crescent,17,Normal
Azerbaijan,Baku,40.3953,49.8822,Asia/Baku,1755590400,2025-08-19 12:00,33.1,91.6,Sunny,5.1,8.3,49,NE,1008.0,29.77,0.0,0.0,41,0,37.8,100.1,10.0,6.0,8.3,6.2,10.0,371.85,82.0,11.1,4.255,48.655,86.765,3,6,05:55 AM,07:33 PM,01:06 AM,05:22 PM,Waning Crescent,22,Normal
Kenya,Nairobi,-1.2833,36.8167,Africa/Nairobi,1740564000,2025-02-26 13:00,25.2,77.4,Partly cloudy,13.4,21.6,63,ENE,1025.0,30.27,0.0,0.0,36,25,23.9,75.1,10.0,6.0,15.1,15.4,24.8,636.4,104.0,3.7,5.55,18.315,20.165,2,2,06:41 AM,06:50 PM,05:08 AM,05:38 PM,Waning Crescent,6,Normal
Montenegro,Podgorica,42.4411,19.2636,Europe/Podgorica,1750150800,2025-06-17 11:00,28.4,83.1,Partly cloudy,5.6,9.0,207,SSW,1017.0,30.03,0.0,0.0,42,75,28.6,83.5,10.0,6.0,7.3,6.5,10.5,297.85,80.0,4.07,1.295,13.505,15.91,1,2,05:05 AM,08:22 PM,12:07 AM,11:05 AM,Waning Gibbous,70,Normal
Georgia,Tbilisi,41.73,44.79,Asia/Tbilisi,1717336800,2024-06-02 18:00,28.0,82.4,Sunny,17.4,28.1,310,NW,1017.0,30.03,0.03,0.0,40,0,28.0,82.4,10.0,6.0,6.0,21.9,35.3,176.9,82.3,0.6,0.1,1.4,1.7,1,1,05:28 AM,08:30 PM,02:45 AM,03:53 PM,Waning Crescent,25,Normal
Philippines,Manila,14.6042,120.9822,Asia/Manila,1741686300,2025-03-11 17:45,31.2,88.2,Partly cloudy,13.4,21.6,94,E,1011.0,29.85,0.0,0.0,63,50,35.6,96.1,10.0,6.0,0.5,17.3,27.9,714.1,53.0,14.985,25.345,19.795,22.755,2,2,06:07 AM,06:06 PM,03:43 PM,04:03 AM,Waxing Gibbous,88,Normal
Bulgaria,Sofia,42.6833,23.3167,Europe/Sofia,1752309000,2025-07-12 11:30,23.0,73.4,Partly Cloudy,3.6,5.8,170,S,1018.0,30.06,0.0,0.0,47,0,23.8,74.9,10.0,6.0,4.8,4.1,6.6,432.9,54.0,15.725,18.13,14.06,20.72,1,2,06:00 AM,09:05 PM,10:30 PM,07:13 AM,Waning Gibbous,99,Normal
Madagascar,Antananarivo,-18.92,47.52,Indian/Antananarivo,1723810500,2024-08-16 15:15,21.1,70.0,Partly cloudy,16.1,25.9,160,SSE,1023.0,30.21,0.0,0.0,46,50,21.1,70.0,10.0,6.0,7.0,20.6,33.1,297.1,57.2,0.7,0.9,2.1,4.0,1,1,06:09 AM,05:39 PM,02:11 PM,03:09 AM,Waxing Gibbous,82,Normal
Cambodia,Phnom Penh,11.55,104.9167,Asia/Phnom_Penh,1732092300,2024-11-20 15:45,32.2,90.0,Partly cloudy,13.4,21.6,38,NE,1007.0,29.74,0.0,0.0,67,50,36.5,97.6,10.0,6.0,3.6,16.4,26.4,506.9,65.0,6.475,4.81,12.95,13.135,1,2,05:59 AM,05:33 PM,09:55 PM,10:12 AM,Waning Gibbous,82,Normal
Ethiopia,Addis Ababa,9.0333,38.7,Africa/Addis_Ababa,1741427100,2025-03-08 12:45,22.2,72.0,Partly cloudy,8.9,14.4,132,SE,1025.0,30.27,0.01,0.0,46,75,24.0,75.2,10.0,6.0,10.4,10.4,16.7,540.2,79.0,1.665,2.775,31.08,73.63,2,3,06:35 AM,06:36 PM,01:47 PM,01:57 AM,Waxing Gibbous,63,Normal
South Africa,Pretoria,-25.7469,28.188,Africa/Johannesburg,1739527200,2025-02-14 12:00,26.2,79.1,Sunny,6.5,10.4,28,NNE,1014.0,29.96,0.0,0.0,45,9,26.5,79.7,10.0,6.0,14.2,7.5,12.0,240.5,69.0,6.66,14.245,9.435,9.62,1,1,05:52 AM,06:50 PM,08:04 PM,07:20 AM,Waning Gibbous,98,Normal
Philippines,Manila,14.6042,120.9822,Asia/Manila,1753778700,2025-07-29 16:45,32.0,89.6,Partly cloudy,20.6,33.1,234,SW,1004.0,29.65,0.5,0.02,63,50,42.7,108.9,10.0,6.0,2.5,29.3,47.1,438.45,52.0,12.395,11.1,17.39,22.94,2,2,05:39 AM,06:26 PM,09:19 AM,09:36 PM,Waxing Crescent,16,Normal
Singapore,Singapore,1.2931,103.8558,Asia/Singapore,1768030200,2026-01-10 15:30,30.1,86.2,Partly cloudy,14.1,22.7,16,NNE,1012.0,29.88,0.02,0.0,59,50,34.6,94.3,10.0,6.0,6.8,19.1,30.7,360.85,89.0,17.55,5.05,15.65,20.25,2,2,07:11 AM,07:14 PM,12:16 AM,12:34 PM,Last Quarter,60,Normal
Kiribati,Tarawa,-0.8833,169.5333,Pacific/Tarawa,1756972800,2025-09-04 20:00,27.8,82.1,Clear,19.0,30.6,102,ESE,1011.0,29.87,0.0,0.0,69,7,30.5,86.8,10.0,6.0,0.0,25.6,41.2,160.95,37.0,0.0,0.37,18.13,29.785,2,2,06:38 AM,06:44 PM,03:44 PM,03:19 AM,Waxing Gibbous,80,Normal
San Marino,San Marino,43.93,12.45,Europe/Rome,1722946500,2024-08-06 14:15,28.4,83.1,Sunny,12.1,19.4,68,ENE,1011.0,29.84,0.0,0.0,58,9,30.1,86.1,10.0,6.0,7.0,13.9,22.4,223.6,95.8,0.6,0.9,3.9,5.4,1,1,06:04 AM,08:27 PM,07:50 AM,09:38 PM,Waxing Crescent,2,Normal
Saint Kitts and Nevis,Basseterre,17.3,-62.7167,America/St_Kitts,1735466400,2024-12-29 06:00,24.4,75.9,Partly cloudy,18.1,29.2,27,NNE,1014.0,29.94,0.0,0.0,57,25,25.7,78.2,10.0,6.0,0.0,24.5,39.5,240.5,98.0,0.37,0.37,11.655,19.61,1,1,06:40 AM,05:47 PM,05:30 AM,04:37 PM,Waning Crescent,4,Normal
Thailand,Bangkok,13.75,100.5167,Asia/Bangkok,1730538900,2024-11-02 16:15,32.4,90.3,Partly cloudy,11.6,18.7,82,E,1009.0,29.8,0.0,0.0,46,25,35.9,96.5,10.0,6.0,1.8,14.5,23.4,1670.55,73.0,55.87,42.55,54.945,78.625,3,7,06:13 AM,05:50 PM,06:37 AM,06:16 PM,Waxing Crescent,0,Normal
Paraguay,Aguaray,-19.85,-58.5167,America/Asuncion,1762243200,2025-11-04 05:00,26.6,79.9,Partly Cloudy,4.7,7.6,28,NNE,1007.0,29.72,0.0,0.0,56,44,27.6,81.6,10.0,6.0,0.0,9.0,14.5,193.678,59.0,1.678,0.878,10.378,11.078,1,1,06:11 AM,07:05 PM,06:19 PM,05:07 AM,Waxing Gibbous,97,Normal
Indonesia,Laos,-8.1826,114.3188,Asia/Jakarta,1746262800,2025-05-03 16:00,28.9,84.0,Patchy rain nearby,4.3,6.8,118,ESE,1008.0,29.76,0.3,0.01,70,70,32.6,90.6,9.0,5.0,0.7,4.9,7.9,841.75,79.0,17.945,6.66,29.045,30.525,2,3,05:26 AM,05:14 PM,10:48 AM,10:43 PM,Waxing Crescent,31,Normal
Sudan,Khartoum,15.5881,32.5342,Africa/Khartoum,1755073800,2025-08-13 10:30,30.7,87.3,Partly Cloudy,12.5,20.2,212,SSW,1010.0,29.82,0.0,0.0,48,32,32.3,90.1,10.0,6.0,7.4,14.5,23.3,477.3,64.0,3.145,1.48,16.835,34.595,2,2,05:35 AM,06:15 PM,09:16 PM,09:10 AM,Waning Gibbous,85,Normal
Bahrain,Manama,26.24,50.58,Asia/Bahrain,1716302700,2024-05-21 17:45,35.0,95.0,Sunny,12.5,20.2,70,ENE,1003.0,29.62,0.0,0.0,35,0,40.5,104.9,10.0,6.0,8.0,28.7,46.1,540.7,223.2,32.2,11.6,59.6,155.2,3,8,04:48 AM,06:20 PM,04:30 PM,03:07 AM,Waxing Gibbous,93,Normal
Namibia,Windhoek,-22.5717,17.0822,Africa/Windhoek,1767942900,2026-01-09 09:15,26.2,79.2,Sunny,9.2,14.8,81,E,1023.0,30.21,0.0,0.0,51,0,24.9,76.8,10.0,6.0,4.5,10.6,17.0,80.85,53.0,1.65,1.05,3.65,3.75,1,1,06:16 AM,07:42 PM,No moonrise,11:57 AM,Waning Gibbous,67,Normal
Indonesia,Laos,-8.1826,114.3188,Asia/Jakarta,1753086600,2025-07-21 15:30,26.5,79.7,Patchy rain nearby,7.6,12.2,158,SSE,1010.0,29.82,0.01,0.0,64,71,28.1,82.5,10.0,6.0,2.2,8.7,14.1,715.95,66.0,12.21,4.44,20.535,25.345,2,2,05:38 AM,05:21 PM,01:53 AM,01:48 PM,Waning Crescent,21,Normal
Trinidad and Tobago,Port Of Spain,10.65,-61.52,America/Port_of_Spain,1719494100,2024-06-27 09:15,30.3,86.5,Partly cloudy,11.9,19.1,100,E,1013.0,29.91,0.0,0.0,70,50,36.6,97.8,10.0,6.0,7.0,16.3,26.3,201.9,37.6,1.5,0.9,2.2,3.8,1,1,05:47 AM,06:31 PM,11:32 PM,11:00 AM,Waning Gibbous,71,Normal
Gambia,Banjul,13.4531,-16.5775,Africa/Banjul,1730278800,2024-10-30 09:00,27.4,81.3,Sunny,13.4,21.6,358,N,1012.0,29.89,0.0,0.0,63,6,29.2,84.5,10.0,6.0,1.2,18.3,29.5,266.4,57.0,2.22,1.665,43.66,142.08,3,5,07:00 AM,06:39 PM,05:20 AM,05:25 PM,Waning Crescent,6,Normal
Paraguay,Aurora,-23.4333,-61.3333,America/Argentina/Cordoba,1738491300,2025-02-02 07:15,23.7,74.7,Sunny,4.9,7.9,89,E,1005.0,29.67,0.0,0.0,46,9,24.9,76.9,10.0,6.0,0.1,10.3,16.6,229.916,62.0,1.007,0.336,10.741,10.741,1,1,06:45 AM,07:53 PM,10:47 AM,10:50 PM,Waxing Crescent,16,Normal
Mauritania,Nouakchott,18.0864,-15.9753,Africa/Nouakchott,1765178100,2025-12-08 07:15,20.5,68.9,Clear,9.8,15.8,20,NNE,1016.0,30.01,0.0,0.0,61,0,20.5,68.9,10.0,6.0,0.0,17.4,28.1,154.85,47.0,1.35,1.25,22.85,140.55,2,2,07:24 AM,06:28 PM,10:24 PM,10:56 AM,Waning Gibbous,87,Normal
South Korea,Seoul,37.57,127.0,Asia/Seoul,1719494100,2024-06-27 22:15,23.2,73.8,Clear,2.5,4.0,340,NNW,1010.0,29.83,0.0,0.0,65,0,24.8,76.7,10.0,6.0,1.0,6.9,11.2,607.5,13.8,111.0,21.9,32.8,36.9,2,3,05:13 AM,07:57 PM,11:50 PM,10:34 AM,Waning Gibbous,71,Normal
Madagascar,Antananarivo,-18.9167,47.5167,Indian/Antananarivo,1766906100,2025-12-28 10:15,24.0,75.2,Partly cloudy,8.1,13.0,292,WNW,1016.0,30.0,0.54,0.02,69,50,25.9,78.7,10.0,6.0,8.2,9.4,15.1,143.85,28.0,3.15,1.75,2.55,2.55,1,1,05:14 AM,06:29 PM,12:22 PM,No moonset,Waxing Gibbous,51,Normal
Botswana,Gaborone,-24.6464,25.9119,Africa/Gaborone,1758440700,2025-09-21 09:45,21.2,70.2,Sunny,14.8,23.8,31,NNE,1024.0,30.24,0.0,0.0,64,0,21.2,70.2,10.0,6.0,3.5,17.0,27.3,421.8,69.0,4.44,4.81,14.985,15.17,1,2,06:07 AM,06:12 PM,05:48 AM,06:00 PM,New Moon,1,Normal
Madagascar,Antananarivo,-18.9167,47.5167,Indian/Antananarivo,1757836800,2025-09-14 11:00,22.2,72.0,Sunny,3.4,5.4,128,SE,1022.0,30.18,0.0,0.0,41,0,23.0,73.4,10.0,6.0,10.6,3.9,6.2,316.35,67.0,2.035,0.74,10.545,11.655,1,1,05:47 AM,05:45 PM,No moonrise,10:48 AM,Last Quarter,56,Normal
Kuwait,Kuwait City,29.3667,47.96,Asia/Kuwait,1740132000,2025-02-21 13:00,24.1,75.4,Sunny,4.3,6.8,287,WNW,1016.0,29.99,0.0,0.0,32,0,24.7,76.5,10.0,6.0,4.9,6.6,10.5,571.65,43.0,55.87,23.495,106.19,306.73,4,10,06:22 AM,05:42 PM,12:54 AM,11:04 AM,Waning Crescent,49,Normal
Seychelles Islands,Victoria,-4.6167,55.45,Indian/Mahe,1750754700,2025-06-24 12:45,29.1,84.4,Partly cloudy,20.6,33.1,132,SE,1013.0,29.91,0.02,0.0,66,50,33.9,93.0,10.0,6.0,9.4,27.8,44.7,149.85,46.0,1.295,1.295,14.8,24.42,1,2,06:25 AM,06:16 PM,05:05 AM,05:16 PM,Waning Crescent,4,Normal
Mauritania,Nouakchott,18.0864,-15.9753,Africa/Nouakchott,1757664900,2025-09-12 08:15,28.2,82.7,Partly Cloudy,4.9,7.9,313,NW,1012.0,29.87,0.0,0.0,65,29,30.5,86.9,10.0,6.0,0.4,8.4,13.5,281.2,60.0,1.11,0.925,90.835,373.885,4,10,06:51 AM,07:09 PM,10:50 PM,11:30 AM,Waning Gibbous,77,Normal
Afghanistan,Kabul,34.52,69.18,Asia/Kabul,1718891100,2024-06-20 18:15,22.4,72.2,Patchy light rain,16.8,27.0,272,W,1004.0,29.63,1.86,0.07,40,87,24.1,75.4,9.0,5.0,5.0,19.3,31.1,2803.8,68.0,34.3,0.8,5.9,10.3,1,1,04:41 AM,07:09 PM,05:53 PM,02:45 AM,Waxing Gibbous,95,Normal
Zimbabwe,Harare,-17.8178,31.0447,Africa/Harare,1735035300,2024-12-24 12:15,30.6,87.1,Patchy rain nearby,7.4,11.9,60,ENE,1013.0,29.9,0.06,0.0,32,70,29.8,85.6,10.0,6.0,6.8,8.5,13.7,327.45,80.0,1.11,0.925,10.175,10.545,1,1,05:20 AM,06:31 PM,12:24 AM,01:03 PM,Waning Crescent,41,Normal
Madagascar,Antananarivo,-18.92,47.52,Indian/Antananarivo,1727256600,2024-09-25 12:30,23.3,73.9,Partly cloudy,9.4,15.1,92,E,1023.0,30.21,0.0,0.0,53,50,24.1,75.3,10.0,6.0,8.0,10.8,17.4,209.05,54.0,0.925,0.555,4.255,6.29,1,1,05:37 AM,05:47 PM,12:34 AM,11:32 AM,Waning Crescent,48,Normal
Gabon,Libreville,0.3833,9.45,Africa/Libreville,1735901100,2025-01-03 11:45,30.0,86.0,Partly cloudy,2.7,4.3,209,SSW,1011.0,29.85,0.05,0.0,70,25,34.6,94.3,10.0,6.0,7.3,3.1,5.0,510.6,71.0,3.33,1.48,12.765,13.69,1,2,06:23 AM,06:30 PM,09:28 AM,09:50 PM,Waxing Crescent,11,Normal
Zimbabwe,Harare,-17.8178,31.0447,Africa/Harare,1767078900,2025-12-30 09:15,20.7,69.3,Patchy rain nearby,11.2,18.0,111,ESE,1020.0,30.11,0.01,0.0,62,86,20.7,69.3,10.0,6.0,7.1,12.9,20.7,139.85,46.0,2.95,1.25,4.45,4.45,1,1,05:23 AM,06:34 PM,02:31 PM,01:09 AM,Waxing Gibbous,73,Normal
Singapore,Singapore,1.2931,103.8558,Asia/Singapore,1769324400,2026-01-25 15:00,31.0,87.8,Partly cloudy,13.0,20.9,35,NE,1013.0,29.91,0.04,0.0,52,75,37.2,99.0,10.0,6.0,6.8,18.0,28.9,287.85,64.0,22.25,5.35,9.25,12.05,1,1,07:15 AM,07:19 PM,12:02 PM,No moonset,Waxing Crescent,33,Normal
South Africa,Pretoria,-25.7469,28.188,Africa/Johannesburg,1737021600,2025-01-16 12:00,25.4,77.7,Sunny,9.4,15.1,5,N,1018.0,30.06,0.79,0.03,61,0,26.2,79.1,9.0,5.0,16.1,10.8,17.4,310.8,107.0,9.435,31.265,22.2,22.2,2,2,05:31 AM,07:03 PM,09:05 PM,07:41 AM,Waning Gibbous,96,Normal
Vietnam,Ban Lom,21.1333,104.7,Asia/Bangkok,1737800100,2025-01-25 17:15,24.1,75.4,Sunny,6.9,11.2,82,E,1010.0,29.82,0.0,0.0,62,6,25.6,78.0,10.0,6.0,0.2,8.0,12.9,697.45,95.0,9.62,29.415,37.555,38.11,2,4,06:40 AM,05:47 PM,02:49 AM,01:41 PM,Waning Crescent,24,Normal
Tanzania,Dodoma,-6.1833,35.75,Africa/Dar_es_Salaam,1740304800,2025-02-23 13:00,28.4,83.1,Sunny,5.4,8.6,61,ENE,1012.0,29.87,0.0,0.0,43,7,28.5,83.3,10.0,6.0,15.0,6.2,9.9,308.95,67.0,1.48,0.74,17.02,17.945,2,2,06:43 AM,06:58 PM,02:11 AM,03:07 PM,Waning Crescent,29,Normal
Paraguay,Aguaray,-19.85,-58.5167,America/Asuncion,1758960000,2025-09-27 05:00,23.6,74.5,Clear,4.9,7.9,50,NE,1009.0,29.78,0.0,0.0,42,12,24.7,76.4,10.0,6.0,0.0,10.3,16.6,307.114,89.0,1.51,0.503,12.251,12.587,1,2,06:39 AM,06:51 PM,10:06 AM,11:59 PM,Waxing Crescent,24,Normal
Mauritius,Port Louis,-20.1619,57.4989,Indian/Mauritius,1729071000,2024-10-16 13:30,26.3,79.3,Partly cloudy,8.7,14.0,33,NNE,1015.0,29.97,0.01,0.0,65,50,27.6,81.7,10.0,6.0,8.4,10.1,16.3,209.05,68.0,2.035,4.255,15.17,27.75,1,2,05:39 AM,06:13 PM,05:13 PM,04:38 AM,Waxing Gibbous,97,Normal
Uganda,Kampala,0.3156,32.5656,Africa/Kampala,1756281600,2025-08-27 11:00,24.1,75.4,Sunny,2.7,4.3,157,SSE,1022.0,30.18,0.0,0.0,69,25,24.8,76.6,9.0,5.0,10.4,3.1,5.0,616.05,41.0,7.585,0.74,57.165,57.35,3,7,06:48 AM,06:55 PM,09:39 AM,09:58 PM,Waxing Crescent,13,Normal
Cape Verde,Praia,14.9315,-23.5125,Atlantic/Cape_Verde,1741167900,2025-03-05 08:45,20.2,68.4,Partly cloudy,10.5,16.9,13,NNE,1014.0,29.94,0.0,0.0,64,75,20.2,68.4,10.0,6.0,0.8,13.6,21.9,308.95,103.0,0.925,0.74,13.505,19.61,1,2,06:48 AM,06:43 PM,10:58 AM,No moonset,Waxing Crescent,32,Normal
Romania,Bucharest,44.43,26.1,Europe/Bucharest,1721909700,2024-07-25 15:15,24.1,75.3,Light drizzle,6.9,11.2,158,SSE,1008.0,29.76,0.43,0.02,67,93,25.7,78.2,2.0,1.0,5.0,8.1,13.1,200.3,75.1,1.0,0.3,1.3,1.4,1,1,05:55 AM,08:48 PM,11:10 PM,10:35 AM,Waning Gibbous,83,Normal
Israel,Jerusalem,31.78,35.23,Asia/Jerusalem,1723896900,2024-08-17 15:15,31.3,88.3,Sunny,16.8,27.0,285,WNW,1004.0,29.64,0.0,0.0,34,0,30.9,87.5,10.0,6.0,8.0,19.7,31.7,195.3,153.1,2.0,3.8,16.2,28.5,2,2,06:05 AM,07:20 PM,05:59 PM,02:57 AM,Waxing Gibbous,90,Normal
Israel,Jerusalem,31.78,35.23,Asia/Jerusalem,1762330500,2025-11-05 10:15,29.1,84.4,Sunny,4.0,6.5,118,ESE,1013.0,29.91,0.0,0.0,33,0,27.0,80.5,10.0,6.0,3.3,5.5,8.8,166.85,59.0,20.05,10.45,26.95,50.05,2,3,05:59 AM,04:46 PM,04:28 PM,05:40 AM,Full Moon,99,Normal
Kenya,Nairobi,-1.28,36.82,Africa/Nairobi,1720701900,2024-07-11 15:45,21.3,70.3,Partly cloudy,5.6,9.0,110,ESE,1024.0,30.24,0.02,0.0,49,75,21.3,70.3,10.0,6.0,5.0,8.6,13.8,727.7,80.8,5.2,6.2,17.1,38.9,2,2,06:37 AM,06:40 PM,10:44 AM,11:02 PM,Waxing Crescent,23,Normal
Djibouti,Djibouti,11.595,43.1481,Africa/Djibouti,1734174000,2024-12-14 14:00,28.0,82.3,Sunny,12.8,20.5,84,E,1013.0,29.9,0.0,0.0,52,0,28.9,84.0,10.0,6.0,6.0,14.7,23.6,273.8,100.0,0.74,2.405,43.66,172.79,3,5,06:18 AM,05:46 PM,04:50 PM,05:06 AM,Waxing Gibbous,97,Normal
Serbia,Belgrade,44.8,20.47,Europe/Belgrade,1719754200,2024-06-30 15:30,34.2,93.6,Sunny,10.5,16.9,140,SE,1011.0,29.85,0.0,0.0,41,0,35.4,95.7,10.0,6.0,8.0,15.5,24.9,168.6,101.6,1.5,1.3,8.0,11.8,1,1,04:56 AM,08:28 PM,12:47 AM,02:45 PM,Waning Crescent,38,Normal
Philippines,Manila,14.6042,120.9822,Asia/Manila,1732791600,2024-11-28 19:00,30.1,86.2,Partly cloudy,8.1,13.0,70,ENE,1010.0,29.83,0.0,0.0,66,25,35.0,95.0,10.0,6.0,0.0,11.8,18.9,432.9,85.0,5.365,10.915,15.17,17.945,1,2,06:04 AM,05:25 PM,03:20 AM,03:10 PM,Waning Crescent,12,Normal
Myanmar,Yangon,16.7833,96.1667,Asia/Yangon,1755418500,2025-08-17 14:45,32.2,90.0,Overcast,11.2,18.0,172,S,1005.0,29.68,0.96,0.04,67,100,46.7,116.0,6.0,3.0,1.1,15.5,24.9,686.35,39.0,13.69,8.325,18.5,19.055,2,2,05:50 AM,06:29 PM,No moonrise,01:21 PM,Waning Crescent,44,Normal
Zimbabwe,Harare,-17.8178,31.0447,Africa/Harare,1747557900,2025-05-18 10:45,21.0,69.8,Sunny,5.4,8.6,74,ENE,1019.0,30.1,0.0,0.0,45,7,21.0,69.8,10.0,6.0,5.9,6.2,9.9,575.35,48.0,4.995,1.665,25.715,27.75,2,3,06:15 AM,05:30 PM,10:25 PM,11:03 AM,Waning Gibbous,76,Normal
Oman,Muscat,23.6133,58.5933,Asia/Muscat,1771056000,2026-02-14 12:00,29.2,84.6,Sunny,2.2,3.6,14,NNE,1017.0,30.03,0.0,0.0,31,0,29.6,85.2,10.0,6.0,6.5,2.3,3.6,189.85,52.0,22.15,19.65,27.85,79.55,2,3,06:39 AM,06:01 PM,04:26 AM,03:07 PM,Waning Crescent,13,Normal
Mauritania,Nouakchott,18.0864,-15.9753,Africa/Nouakchott,1759731300,2025-10-06 06:15,28.5,83.3,Clear,13.0,20.9,15,NNE,1010.0,29.82,0.0,0.0,40,0,28.4,83.1,10.0,6.0,0.0,26.4,42.5,119.85,60.0,1.15,0.95,75.15,338.95,4,10,06:55 AM,06:48 PM,06:23 PM,06:05 AM,Waxing Gibbous,98,Normal
Iran,Chi Chi Khvar,36.26,46.59,Asia/Tehran,1722255300,2024-07-29 15:45,25.7,78.3,Sunny,20.4,32.8,332,NNW,1003.0,29.63,0.0,0.0,30,7,25.2,77.3,10.0,6.0,7.0,27.0,43.5,180.2,100.1,0.8,0.8,8.5,27.7,1,1,05:29 AM,07:32 PM,No moonrise,02:25 PM,Waning Crescent,40,Normal
Estonia,Tallinn,59.43,24.73,Europe/Tallinn,1717076700,2024-05-30 16:45,25.0,77.0,Sunny,9.4,15.1,70,ENE,1011.0,29.85,0.13,0.0,47,0,26.9,80.4,10.0,6.0,4.0,16.4,26.5,176.9,47.2,5.0,1.3,4.3,4.5,1,1,04:18 AM,10:20 PM,02:50 AM,11:48 AM,Last Quarter,58,Normal
Paraguay,Aurora,-23.4333,-61.3333,America/Argentina/Cordoba,1741340700,2025-03-07 06:45,25.6,78.1,Clear,6.5,10.4,31,NNE,1010.0,29.83,0.0,0.0,62,10,26.8,80.3,10.0,6.0,0.0,11.5,18.5,189.639,52.0,0.503,0.168,6.209,6.209,1,1,07:04 AM,07:29 PM,03:02 PM,12:36 AM,Waxing Gibbous,55,Normal
Somalia,Mogadishu,2.0667,45.3667,Africa/Mogadishu,1769842800,2026-01-31 10:00,27.8,82.1,Sunny,19.9,32.0,66,ENE,1014.0,29.93,0.0,0.0,61,0,29.6,85.3,10.0,6.0,9.0,23.2,37.3,125.85,59.0,1.25,1.05,8.95,12.15,1,1,06:11 AM,06:13 PM,04:58 PM,04:34 AM,Waxing Gibbous,94,Normal
United Arab Emirates,Abu Dhabi,24.47,54.37,Asia/Dubai,1716561000,2024-05-24 18:30,35.0,95.0,Sunny,16.1,25.9,300,WNW,1001.0,29.56,0.0,0.0,32,0,46.8,116.2,10.0,6.0,8.0,30.9,49.8,247.0,147.3,0.3,1.5,17.8,37.9,2,2,05:36 AM,07:04 PM,08:08 PM,05:50 AM,Waning Gibbous,100,Normal
Ethiopia,Addis Ababa,9.0333,38.7,Africa/Addis_Ababa,1748076300,2025-05-24 11:45,22.2,72.0,Partly cloudy,4.7,7.6,174,S,1026.0,30.3,0.0,0.0,57,75,23.4,74.2,10.0,6.0,11.2,5.4,8.7,936.1,91.0,10.36,5.92,73.445,152.07,4,10,06:05 AM,06:39 PM,03:21 AM,04:00 PM,Waning Crescent,15,Normal
Romania,Bucharest,44.4333,26.1,Europe/Bucharest,1752483600,2025-07-14 12:00,33.1,91.6,Sunny,2.5,4.0,215,SW,1016.0,30.0,0.0,0.0,30,0,31.0,87.7,10.0,6.0,8.0,2.8,4.6,320.05,67.0,17.945,5.18,14.245,18.685,1,2,05:45 AM,08:58 PM,11:09 PM,09:24 AM,Waning Gibbous,90,Normal
Liechtenstein,Vaduz,47.13,9.52,Europe/Vaduz,1725451200,2024-09-04 14:00,21.3,70.4,Patchy rain nearby,4.5,7.2,356,N,1014.0,29.96,0.22,0.01,60,70,21.3,70.4,9.0,5.0,5.0,5.4,8.6,230.3,95.8,0.9,0.1,1.1,1.3,1,1,06:45 AM,07:55 PM,07:58 AM,08:28 PM,Waxing Crescent,1,Normal
Uganda,Kampala,0.3156,32.5656,Africa/Kampala,1768633200,2026-01-17 10:00,26.4,79.4,Sunny,3.6,5.8,169,S,1011.0,29.87,0.0,0.0,42,3,26.5,79.7,10.0,6.0,5.6,4.1,6.6,469.85,48.0,9.85,3.45,38.45,39.15,2,4,06:57 AM,07:03 PM,05:39 AM,06:02 PM,Waning Crescent,4,Normal
Democratic Republic of Congo,Kinshasa,-4.3,15.3,Africa/Brazzaville,1735382700,2024-12-28 11:45,30.3,86.6,Sunny,4.0,6.5,185,S,1012.0,29.88,0.0,0.0,63,18,34.2,93.5,10.0,6.0,8.1,4.6,7.5,956.45,105.0,2.405,2.775,50.32,51.615,3,6,05:50 AM,06:12 PM,03:25 AM,04:07 PM,Waning Crescent,9,Normal
Slovenia,Ljubljana,46.06,14.51,Europe/Ljubljana,1716561000,2024-05-24 16:30,21.0,69.8,Partly cloudy,4.3,6.8,260,W,1018.0,30.06,0.0,0.0,46,25,21.0,69.8,10.0,6.0,6.0,10.8,17.4,181.9,95.8,0.9,0.5,1.1,1.4,1,1,05:20 AM,08:38 PM,10:14 PM,05:21 AM,Waning Gibbous,100,Normal
Bangladesh,Dhaka,23.7231,90.4086,Asia/Dhaka,1755681300,2025-08-20 15:15,30.0,86.0,Partly Cloudy,15.7,25.2,174,S,1003.0,29.62,0.0,0.0,69,52,34.8,94.7,10.0,6.0,4.5,18.2,29.3,436.6,54.0,15.725,14.985,12.21,13.875,1,2,05:36 AM,06:27 PM,02:18 AM,04:32 PM,Waning Crescent,14,Normal
Estonia,Tallinn,59.43,24.73,Europe/Tallinn,1721306700,2024-07-18 15:45,21.4,70.5,Light rain shower,10.5,16.9,220,SW,1014.0,29.94,0.68,0.03,60,75,21.4,70.5,9.0,5.0,4.0,18.0,28.9,161.9,100.1,0.6,0.7,2.9,3.2,1,1,04:36 AM,10:17 PM,09:17 PM,12:18 AM,Waxing Gibbous,86,Normal
Vietnam,Hanoi,21.0333,105.85,Asia/Bangkok,1733222700,2024-12-03 17:45,26.3,79.3,Partly cloudy,3.8,6.1,143,SE,1012.0,29.88,0.03,0.0,65,50,28.3,82.9,10.0,6.0,0.0,5.9,9.4,599.4,105.0,34.78,39.405,51.615,54.575,3,6,06:18 AM,05:15 PM,08:05 AM,06:53 PM,Waxing Crescent,2,Normal
San Marino,San Marino,43.93,12.45,Europe/Rome,1723032900,2024-08-07 14:15,29.8,85.7,Sunny,11.0,17.6,56,ENE,1011.0,29.86,0.0,0.0,55,8,31.9,89.5,10.0,6.0,7.0,12.6,20.3,227.0,134.5,0.9,1.4,8.7,9.7,1,1,06:05 AM,08:25 PM,08:53 AM,09:54 PM,Waxing Crescent,6,Normal
Niger,Niamey,13.6667,1.7833,Africa/Niamey,1766214000,2025-12-20 08:00,20.1,68.2,Sunny,8.9,14.4,32,NNE,1012.0,29.88,0.0,0.0,32,0,20.1,68.2,8.0,4.0,0.2,18.8,30.2,107.85,27.0,2.95,1.05,43.15,113.35,3,5,07:11 AM,06:30 PM,07:31 AM,06:54 PM,New Moon,0,Normal
Lebanon,Beirut,33.8719,35.5097,Asia/Beirut,1755333000,2025-08-16 11:30,31.0,87.8,Sunny,11.6,18.7,243,WSW,1008.0,29.77,0.0,0.0,66,0,36.2,97.1,8.0,4.0,8.3,13.4,21.5,271.95,77.0,10.36,37.185,42.365,67.895,3,5,06:01 AM,07:24 PM,11:40 PM,01:41 PM,Last Quarter,54,Normal
Kenya,Nairobi,-1.2833,36.8167,Africa/Nairobi,1764745200,2025-12-03 10:00,20.3,68.5,Partly cloudy,11.4,18.4,62,ENE,1024.0,30.24,0.0,0.0,64,75,20.3,68.5,10.0,6.0,7.7,13.1,21.1,311.85,57.0,5.75,4.25,17.25,18.65,2,2,06:17 AM,06:28 PM,04:57 PM,04:22 AM,Waxing Gibbous,93,Normal
Mauritius,Port Louis,-20.1619,57.4989,Indian/Mauritius,1735901100,2025-01-03 14:45,29.0,84.2,Partly cloudy,11.9,19.1,86,E,1014.0,29.94,0.39,0.02,66,50,31.5,88.7,10.0,6.0,10.7,14.2,22.9,170.2,37.0,2.035,3.145,8.88,13.135,1,1,05:35 AM,06:54 PM,08:42 AM,09:53 PM,Waxing Crescent,10,Normal
Latvia,Riga,56.95,24.1,Europe/Riga,1717251300,2024-06-01 17:15,22.0,71.6,Partly cloudy,9.4,15.1,70,ENE,1012.0,29.88,0.07,0.0,65,25,24.6,76.2,10.0,6.0,4.0,13.9,22.3,220.3,69.4,10.3,3.1,2.5,3.0,1,1,04:38 AM,10:05 PM,02:52 AM,03:09 PM,Waning Crescent,35,Normal
Seychelles Islands,Victoria,-4.6167,55.45,Indian/Mahe,1748161800,2025-05-25 12:30,31.2,88.2,Partly cloudy,18.8,30.2,149,SSE,1011.0,29.85,0.02,0.0,66,50,39.7,103.4,10.0,6.0,10.4,25.1,40.5,151.7,51.0,1.295,1.11,13.505,22.57,1,2,06:18 AM,06:11 PM,04:16 AM,04:31 PM,Waning Crescent,8,Normal
Gambia,Banjul,13.4531,-16.5775,Africa/Banjul,1731488400,2024-11-13 09:00,26.0,78.8,Sunny,10.3,16.6,10,N,1011.0,29.86,0.0,0.0,47,4,26.4,79.6,10.0,6.0,0.9,15.6,25.1,297.85,45.0,4.07,1.48,30.155,98.605,2,3,07:05 AM,06:36 PM,04:40 PM,04:29 AM,Waxing Gibbous,88,Normal
Vatican City,Vatican City,41.904,12.453,Europe/Vatican,1754554500,2025-08-07 10:15,27.4,81.3,Sunny,3.4,5.4,195,SSW,1019.0,30.09,0.0,0.0,45,0,26.3,79.4,10.0,6.0,3.9,3.9,6.2,329.3,55.0,17.945,1.11,16.095,21.275,2,2,06:10 AM,08:21 PM,07:39 PM,03:35 AM,Waxing Gibbous,93,Normal
Hungary,Budapest,47.5,19.0833,Europe/Budapest,1755245700,2025-08-15 10:15,30.1,86.2,Sunny,4.0,6.5,97,E,1020.0,30.12,0.0,0.0,35,0,28.1,82.6,10.0,6.0,4.4,4.6,7.5,312.65,70.0,15.91,2.22,17.575,23.125,2,2,05:40 AM,07:56 PM,10:22 PM,01:16 PM,Waning Gibbous,65,Normal
Kenya,Nairobi,-1.2833,36.8167,Africa/Nairobi,1747817100,2025-05-21 11:45,21.9,71.4,Patchy rain nearby,5.6,9.0,143,SE,1016.0,30.0,0.02,0.0,64,70,21.9,71.4,10.0,6.0,10.3,6.4,10.4,521.7,55.0,13.135,13.69,14.06,14.06,1,2,06:27 AM,06:31 PM,01:09 AM,01:33 PM,Waning Crescent,46,Normal
Nigeria,Abuja,9.1758,7.1808,Africa/Lagos,1737280800,2025-01-19 11:00,28.0,82.4,Mist,5.4,8.6,197,SSW,1015.0,29.97,0.0,0.0,42,0,27.4,81.2,3.0,1.0,6.1,6.2,9.9,684.5,95.0,4.625,1.295,51.8,90.65,3,6,06:52 AM,06:32 PM,11:09 PM,10:44 AM,Waning Gibbous,76,Normal
Thailand,Bangkok,13.75,100.5167,Asia/Bangkok,1762932600,2025-11-12 14:30,32.4,90.3,Overcast,4.3,6.8,211,SSW,1008.0,29.77,0.14,0.01,63,50,38.3,100.9,10.0,6.0,6.6,4.9,7.9,1738.85,14.0,81.15,28.45,47.05,47.15,3,5,06:16 AM,05:48 PM,No moonrise,12:41 PM,Last Quarter,56,Normal
Albania,Tirana,41.33,19.82,Europe/Tirane,1716127200,2024-05-19 16:00,28.0,82.4,Partly cloudy,5.6,9.0,290,WNW,1010.0,29.83,0.0,0.0,66,25,29.9,85.8,10.0,6.0,7.0,10.1,16.2,247.0,68.7,7.1,0.5,27.5,70.0,2,3,05:18 AM,07:57 PM,04:00 PM,03:11 AM,Waxing Gibbous,81,Normal
Mali,Bamako,12.65,-8.0,Africa/Bamako,1746002700,2025-04-30 08:45,29.1,84.4,Partly Cloudy,12.5,20.2,217,SW,1010.0,29.83,0.0,0.0,58,0,30.9,87.6,10.0,6.0,0.4,15.4,24.8,436.6,66.0,2.22,0.925,74.37,262.7,4,10,06:12 AM,06:46 PM,08:28 AM,09:57 PM,Waxing Crescent,7,Normal
Argentina,Buenos Aires,-34.5875,-58.6725,America/Argentina/Buenos_Aires,1766214000,2025-12-20 04:00,25.4,77.7,Clear,8.7,14.0,24,NNE,1005.0,29.68,0.0,0.0,65,0,25.7,78.2,10.0,6.0,0.0,16.2,26.0,196.85,57.0,5.85,3.05,6.55,6.65,1,1,05:38 AM,08:07 PM,05:41 AM,09:02 PM,Waxing Crescent,0,Normal
Bolivia,National,-11.18,-67.08,America/La_Paz,1726143300,2024-09-12 08:15,28.7,83.7,Sunny,3.8,6.1,35,NE,1011.0,29.85,0.0,0.0,37,6,28.3,82.9,10.0,6.0,8.0,5.5,8.8,963.85,41.0,0.555,0.74,108.04,157.25,4,10,06:24 AM,06:25 PM,01:12 PM,01:33 AM,Waxing Gibbous,58,Normal
Gabon,Libreville,0.38,9.45,Africa/Libreville,1722170700,2024-07-28 13:45,26.2,79.2,Patchy rain nearby,11.4,18.4,219,SW,1015.0,29.97,0.01,0.0,69,93,28.0,82.4,10.0,6.0,6.0,13.9,22.3,554.1,79.4,1.4,1.6,5.7,8.5,1,1,06:24 AM,06:33 PM,No moonrise,12:24 PM,Last Quarter,51,Normal
Algeria,Algiers,36.76,3.05,Africa/Algiers,1720271700,2024-07-06 14:15,28.4,83.1,Partly cloudy,13.6,22.0,300,WNW,1010.0,29.83,0.0,0.0,58,50,31.1,87.9,10.0,6.0,7.0,19.0,30.6,168.6,78.0,1.2,1.0,8.6,27.3,1,1,05:36 AM,08:10 PM,05:38 AM,09:06 PM,Waxing Crescent,0,Normal
Jordan,Amman,31.95,35.93,Asia/Amman,1717942500,2024-06-09 17:15,30.0,86.0,Partly cloudy,13.6,22.0,260,W,1009.0,29.8,0.0,0.0,38,50,29.1,84.3,7.0,4.0,7.0,23.4,37.6,183.6,140.2,2.9,3.5,21.0,67.1,2,2,05:30 AM,07:42 PM,07:52 AM,10:42 PM,Waxing Crescent,7,Normal
Czech Republic,Prague,50.08,14.47,Europe/Prague,1719493200,2024-06-27 15:00,29.1,84.4,Moderate or heavy rain with thunder,5.6,9.0,250,WSW,1009.0,29.8,0.0,0.0,48,75,29.4,84.9,10.0,6.0,7.0,5.7,9.1,200.3,68.7,5.9,2.4,1.3,1.8,1,1,04:55 AM,09:16 PM,12:20 AM,11:13 AM,Waning Gibbous,71,Normal
Australia,Canberra,-35.2833,149.2167,Australia/Sydney,1741944600,2025-03-14 20:30,22.2,72.0,Clear,2.2,3.6,95,E,1020.0,30.12,0.0,0.0,65,0,24.3,75.7,10.0,6.0,0.0,4.7,7.6,233.1,75.0,8.51,2.405,15.91,16.65,2,2,07:01 AM,07:23 PM,07:23 PM,06:38 AM,Full Moon,99,Normal
Ethiopia,Addis Ababa,9.0333,38.7,Africa/Addis_Ababa,1745052300,2025-04-19 11:45,23.2,73.8,Partly cloudy,4.3,6.8,125,SE,1026.0,30.3,0.08,0.0,38,50,24.7,76.5,10.0,6.0,4.0,4.9,7.9,732.6,78.0,5.92,4.255,37.185,127.095,2,4,06:13 AM,06:35 PM,No moonrise,10:56 AM,Waning Gibbous,72,Normal
Malta,Valletta,35.9,14.51,Europe/Malta,1727256600,2024-09-25 11:30,26.1,79.0,Partly cloudy,6.9,11.2,233,SW,1019.0,30.09,0.0,0.0,70,25,27.6,81.6,10.0,6.0,7.0,8.7,13.9,214.6,78.0,14.8,2.96,14.615,23.865,1,2,06:52 AM,06:54 PM,No moonrise,03:08 PM,Waning Crescent,48,Normal
Lebanon,Beirut,33.8719,35.5097,Asia/Beirut,1731746700,2024-11-16 10:45,23.3,73.9,Partly cloudy,7.4,11.9,228,SW,1019.0,30.09,0.0,0.0,61,50,25.1,77.1,8.0,4.0,2.8,8.5,13.7,384.8,58.0,19.425,91.205,32.745,54.02,2,3,06:11 AM,04:34 PM,04:47 PM,06:44 AM,Full Moon,100,Normal
Thailand,Nan,18.7833,100.7833,Asia/Bangkok,1736506800,2025-01-10 18:00,29.3,84.7,Partly cloudy,4.5,7.2,150,SSE,1015.0,29.97,0.0,0.0,40,25,29.5,85.1,10.0,6.0,0.0,8.9,14.3,765.9,126.0,2.035,11.47,52.17,53.28,3,6,06:52 AM,05:57 PM,02:23 PM,03:07 AM,Waxing Gibbous,79,Normal
Macedonia,Skopje,42.0,21.43,Europe/Skopje,1727602200,2024-09-29 11:30,21.2,70.2,Partly cloudy,7.6,12.2,354,N,1014.0,29.94,0.05,0.0,56,75,21.2,70.2,10.0,6.0,4.0,9.1,14.7,260.85,49.0,13.505,5.735,8.14,9.435,1,1,06:29 AM,06:19 PM,02:57 AM,05:10 PM,Waning Crescent,12,Normal
Malaysia,Kuala Lumpur,3.17,101.7,Asia/Kuala_Lumpur,1726742700,2024-09-19 18:45,33.2,91.8,Partly cloudy,2.7,4.3,332,NNW,1004.0,29.65,0.05,0.0,53,25,49.8,121.7,10.0,6.0,1.0,5.6,9.0,823.25,143.0,31.45,38.48,54.945,80.475,3,7,07:03 AM,07:11 PM,08:17 PM,07:53 AM,Waning Gibbous,99,Normal
Tunisia,Tunis,36.8028,10.1797,Africa/Tunis,1754036100,2025-08-01 09:15,28.0,82.4,Sunny,2.2,3.6,270,W,1016.0,30.0,0.0,0.0,45,25,28.1,82.5,10.0,6.0,4.0,6.7,10.8,399.6,57.0,15.355,17.76,17.205,37.555,2,2,05:25 AM,07:26 PM,12:57 PM,11:13 PM,First Quarter,45,Normal
Seychelles Islands,Victoria,-4.6167,55.45,Indian/Mahe,1732962600,2024-11-30 14:30,31.1,88.0,Partly cloudy,16.1,25.9,269,W,1009.0,29.8,0.03,0.0,63,50,38.9,101.9,10.0,6.0,10.2,21.6,34.8,164.65,39.0,1.48,2.59,7.955,12.025,1,1,05:56 AM,06:18 PM,04:57 AM,05:38 PM,Waning Crescent,2,Normal
Saint Kitts and Nevis,Basseterre,17.3,-62.7167,America/St_Kitts,1731661200,2024-11-15 05:00,27.6,81.6,Partly Cloudy,4.3,6.8,280,W,1009.0,29.8,0.0,0.0,69,34,30.0,86.1,10.0,6.0,0.0,6.0,9.7,233.1,64.0,1.295,3.145,10.73,14.985,1,1,06:16 AM,05:35 PM,05:22 PM,05:50 AM,Full Moon,99,Normal
Paraguay,Aurora,-23.43,-61.33,America/Argentina/Cordoba,1718977500,2024-06-21 10:45,28.3,82.9,Sunny,13.6,22.0,17,NNE,1005.0,29.67,0.0,0.0,49,1,29.0,84.2,10.0,6.0,8.0,15.7,25.3,230.3,4.3,0.1,0.0,1.4,1.4,1,1,07:47 AM,06:28 PM,06:04 PM,07:25 AM,Full Moon,99,Normal
Egypt,Cairo,30.05,31.25,Africa/Cairo,1749717900,2025-06-12 11:45,30.1,86.2,Sunny,6.0,9.7,308,NW,1009.0,29.8,0.0,0.0,40,0,28.0,82.3,6.0,3.0,8.5,7.0,11.2,416.25,62.0,55.315,143.93,52.355,88.615,3,6,05:53 AM,07:57 PM,09:21 PM,06:22 AM,Waning Gibbous,100,Normal
Central African Republic,Bangui,4.3667,18.5833,Africa/Bangui,1748508300,2025-05-29 09:45,29.2,84.6,Sunny,2.2,3.6,203,SSW,1016.0,30.0,0.0,0.0,70,25,32.2,89.9,10.0,6.0,5.1,2.3,3.7,445.85,26.0,0.555,0.185,26.27,27.38,2,3,05:33 AM,05:54 PM,07:45 AM,08:34 PM,Waxing Crescent,5,Normal
China,Beijing,39.9289,116.3883,Asia/Shanghai,1751965200,2025-07-08 17:00,31.3,88.3,Sunny,6.9,11.2,179,S,1007.0,29.74,0.0,0.0,59,0,31.2,88.2,10.0,6.0,1.2,8.0,12.9,1481.85,130.0,70.67,83.065,91.76,94.535,4,10,04:53 AM,07:46 PM,06:01 PM,02:00 AM,Waxing Gibbous,90,Normal
Niger,Niamey,13.52,2.12,Africa/Niamey,1723553100,2024-08-13 13:45,29.7,85.4,Light rain shower,21.7,34.9,208,SSW,1010.0,29.82,0.17,0.01,63,76,33.1,91.5,10.0,6.0,6.0,39.0,62.7,297.1,25.0,0.6,0.4,1.1,1.9,1,1,06:38 AM,07:14 PM,01:41 PM,12:25 AM,Waxing Gibbous,54,Normal
Azerbaijan,Baku,40.3953,49.8822,Asia/Baku,1759473000,2025-10-03 10:30,21.3,70.3,Sunny,7.6,12.2,3,N,1023.0,30.21,0.0,0.0,49,0,21.3,70.3,10.0,6.0,2.5,9.9,15.9,160.85,71.0,2.15,1.35,32.75,204.85,2,3,06:39 AM,06:19 PM,04:30 PM,01:52 AM,Waxing Gibbous,77,Normal
Mauritania,Nouakchott,18.0864,-15.9753,Africa/Nouakchott,1746262800,2025-05-03 09:00,24.5,76.2,Sunny,6.0,9.7,46,NE,1014.0,29.95,0.0,0.0,56,13,25.7,78.3,10.0,6.0,2.0,12.5,20.1,329.3,52.0,1.295,0.925,86.58,348.91,4,10,06:36 AM,07:26 PM,11:58 AM,12:42 AM,Waxing Crescent,34,Normal
Brunei Darussalam,Bandar Seri Begawan,4.8833,114.9333,Asia/Brunei,1749717900,2025-06-12 16:45,33.0,91.4,Partly cloudy,4.7,7.6,9,N,1007.0,29.74,0.0,0.0,53,75,40.9,105.6,10.0,6.0,2.5,6.2,9.9,830.65,45.0,7.955,4.625,36.445,37.37,2,4,06:08 AM,06:32 PM,07:30 PM,06:39 AM,Waning Gibbous,100,Normal
Kiribati,Tarawa,-0.8833,169.5333,Pacific/Tarawa,1731488400,2024-11-13 21:00,28.3,83.0,Patchy rain nearby,15.0,24.1,90,E,1011.0,29.87,0.04,0.0,68,77,31.2,88.1,10.0,6.0,0.0,20.3,32.7,175.75,25.0,0.0,0.185,21.275,41.07,2,2,06:21 AM,06:31 PM,03:59 PM,03:33 AM,Waxing Gibbous,84,Normal
Bulgaria,Lom,43.81,23.24,Europe/Bucharest,1716561000,2024-05-24 17:30,23.0,73.4,Sunny,6.9,11.2,220,SW,1017.0,30.03,0.0,0.0,61,0,24.6,76.2,10.0,6.0,6.0,11.4,18.4,196.9,97.3,0.6,0.2,1.8,2.1,1,1,05:53 AM,08:56 PM,10:26 PM,05:55 AM,Waning Gibbous,100,Normal
Monaco,Monaco,43.73,7.42,Europe/Monaco,1720529100,2024-07-09 14:45,28.1,82.6,Sunny,5.6,9.0,170,S,1017.0,30.03,0.0,0.0,66,0,30.1,86.2,10.0,6.0,7.0,10.1,16.2,193.6,105.9,0.7,1.0,7.2,9.1,1,1,05:58 AM,09:13 PM,09:18 AM,11:35 PM,Waxing Crescent,9,Normal
Sri Lanka,Colombo,6.9319,79.8478,Asia/Colombo,1772088300,2026-02-26 12:15,31.2,88.2,Partly cloudy,9.8,15.8,315,NW,1010.0,29.83,0.0,0.0,63,50,37.3,99.2,10.0,6.0,12.0,11.6,18.7,763.85,67.0,19.35,5.75,28.65,29.25,2,3,06:24 AM,06:22 PM,01:39 PM,01:38 AM,Waxing Gibbous,64,Normal
Tonga,Nuku`Aloia,-21.13,-175.2,Pacific/Tongatapu,1722861000,2024-08-06 01:30,22.1,71.7,Clear,13.4,21.6,241,WSW,1015.0,29.97,0.0,0.0,59,4,24.6,76.2,10.0,6.0,1.0,18.0,29.0,213.6,63.7,0.1,0.1,1.6,8.4,1,1,07:10 AM,06:23 PM,07:39 AM,06:58 PM,Waxing Crescent,0,Normal
Croatia,Zagreb,45.8,16.0,Europe/Zagreb,1718460000,2024-06-15 16:00,27.4,81.3,Sunny,10.5,16.9,200,SSW,1010.0,29.83,0.0,0.0,48,0,27.5,81.5,10.0,6.0,7.0,11.1,17.9,173.6,94.4,3.1,0.2,3.0,4.0,1,1,05:06 AM,08:48 PM,02:06 PM,01:31 AM,Waxing Gibbous,57,Normal
Gambia,Banjul,13.4531,-16.5775,Africa/Banjul,1734174000,2024-12-14 11:00,28.3,82.9,Sunny,8.5,13.7,101,ESE,1010.0,29.83,0.0,0.0,35,0,29.0,84.1,10.0,6.0,4.5,17.6,28.3,353.35,79.0,2.59,2.22,98.05,328.19,4,10,07:21 AM,06:41 PM,05:55 PM,06:20 AM,Waxing Gibbous,97,Normal
Bangladesh,Dhaka,23.72,90.41,Asia/Dhaka,1725537600,2024-09-05 18:00,31.4,88.5,Sunny,6.7,10.8,173,S,1000.0,29.54,0.0,0.0,64,13,36.9,98.5,10.0,6.0,8.0,10.8,17.3,215.0,80.0,11.9,9.8,15.5,25.4,2,2,05:42 AM,06:12 PM,07:20 AM,07:27 PM,Waxing Crescent,3,Normal
Suriname,Paramaribo,5.83,-55.17,America/Paramaribo,1716992100,2024-05-29 11:15,30.0,86.0,Partly cloudy,6.9,11.2,120,ESE,1015.0,29.97,0.17,0.01,70,50,34.7,94.4,10.0,6.0,6.0,11.4,18.4,240.3,39.0,4.9,5.2,1.9,2.3,1,1,06:25 AM,06:51 PM,No moonrise,11:54 AM,Waning Gibbous,69,Normal
Singapore,Singapore,1.2931,103.8558,Asia/Singapore,1759911300,2025-10-08 16:15,31.3,88.3,Partly cloudy,6.0,9.7,219,SW,1010.0,29.83,0.0,0.0,63,50,37.9,100.1,10.0,6.0,5.2,8.1,13.0,482.85,34.0,32.05,12.75,10.45,10.55,1,1,06:49 AM,06:55 PM,07:57 PM,07:31 AM,Waning Gibbous,100,Normal
Bahrain,Manama,26.2361,50.5831,Asia/Bahrain,1730970000,2024-11-07 12:00,26.9,80.5,Sunny,16.8,27.0,335,NNW,1017.0,30.02,0.0,0.0,66,0,28.8,83.8,10.0,6.0,5.8,22.2,35.7,693.75,95.0,22.57,34.04,57.72,156.325,3,7,05:51 AM,04:52 PM,11:05 AM,09:36 PM,Waxing Crescent,27,Normal
Algeria,Algiers,36.7631,3.0506,Africa/Algiers,1742377500,2025-03-19 10:45,20.0,68.0,Sunny,5.6,9.0,82,E,1021.0,30.15,0.0,0.0,49,0,20.0,68.0,10.0,6.0,2.8,7.4,11.8,453.25,48.0,69.93,33.3,26.64,36.815,2,3,06:53 AM,06:59 PM,No moonrise,09:06 AM,Waning Gibbous,81,Normal
India,New Delhi,28.6,77.2,Asia/Kolkata,1732178700,2024-11-21 14:15,25.3,77.5,Mist,4.3,6.8,315,NW,1015.0,29.97,0.0,0.0,34,0,24.0,75.2,1.5,0.0,2.5,4.9,7.9,3011.8,72.0,84.36,65.86,188.145,189.07,5,10,06:49 AM,05:26 PM,10:44 PM,11:59 AM,Waning Gibbous,72,Normal
Albania,Tirana,41.3275,19.8189,Europe/Tirane,1729588500,2024-10-22 11:15,22.8,73.1,Sunny,2.2,3.6,301,WNW,1028.0,30.35,0.0,0.0,38,22,24.2,75.5,10.0,6.0,2.4,6.7,10.8,342.25,57.0,36.63,17.575,25.16,35.335,2,3,07:01 AM,05:49 PM,09:36 PM,01:00 PM,Waning Gibbous,74,Normal
Belgium,Brussels,50.83,4.33,Europe/Brussels,1727001000,2024-09-22 12:30,20.2,68.4,Sunny,5.4,8.6,170,S,1014.0,29.94,0.01,0.0,68,0,20.2,68.4,10.0,6.0,4.0,8.4,13.5,373.7,73.0,16.835,1.48,17.945,20.535,2,2,07:30 AM,07:40 PM,09:21 PM,01:41 PM,Waning Gibbous,79,Normal
Macedonia,Skopje,42.0,21.4333,Europe/Skopje,1749027600,2025-06-04 11:00,30.1,86.2,Patchy rain nearby,2.2,3.6,93,E,1020.0,30.12,0.02,0.0,40,0,31.3,88.3,10.0,6.0,7.9,2.6,4.2,292.3,72.0,25.715,18.87,32.745,34.41,2,3,05:00 AM,08:06 PM,01:38 PM,01:28 AM,Waxing Gibbous,57,Normal
Georgia,Tbilisi,41.725,44.7908,Asia/Tbilisi,1754123400,2025-08-02 12:30,31.2,88.2,Partly cloudy,7.8,12.6,133,SE,1011.0,29.85,0.0,0.0,43,37,29.7,85.4,10.0,6.0,8.9,9.0,14.5,318.2,59.0,10.73,9.065,22.57,36.075,2,2,05:56 AM,08:17 PM,02:49 PM,No moonset,Waxing Gibbous,53,Normal
Nepal,Kathmandu,27.7167,85.3167,Asia/Kathmandu,1765696500,2025-12-14 13:00,20.3,68.5,Mist,3.6,5.8,286,WNW,1022.0,30.18,0.0,0.0,43,25,20.3,68.5,5.0,3.0,3.1,4.1,6.6,2504.85,98.0,26.95,13.85,74.15,75.85,4,10,06:46 AM,05:11 PM,01:38 AM,01:17 PM,Waning Crescent,32,Normal
Mauritania,Nouakchott,18.09,-15.98,Africa/Nouakchott,1718201700,2024-06-12 14:15,31.2,88.1,Sunny,15.4,24.8,330,NNW,1010.0,29.82,0.0,0.0,40,0,31.7,89.1,10.0,6.0,8.0,32.4,52.2,223.6,64.4,0.5,0.6,32.2,179.6,2,3,06:28 AM,07:40 PM,11:46 AM,12:04 AM,Waxing Crescent,29,Normal
Namibia,Windhoek,-22.5717,17.0822,Africa/Windhoek,1739700900,2025-02-16 12:15,25.3,77.5,Patchy rain nearby,18.8,30.2,121,ESE,1009.0,29.79,0.02,0.0,50,75,26.1,78.9,10.0,6.0,14.1,21.6,34.8,231.25,57.0,0.37,0.0,0.74,0.74,1,1,06:41 AM,07:30 PM,09:47 PM,09:48 AM,Waning Gibbous,90,Normal
Brazil,Bras,-2.0833,-58.1667,America/Manaus,1729847700,2024-10-25 05:15,27.8,82.0,Patchy rain nearby,2.9,4.7,270,W,1007.0,29.73,0.08,0.0,45,87,28.1,82.5,10.0,6.0,0.0,5.9,9.5,553.15,52.0,0.555,0.74,25.9,37.925,2,3,05:32 AM,05:42 PM,12:44 AM,01:00 PM,Waning Crescent,43,Normal
Israel,Jerusalem,31.78,35.23,Asia/Jerusalem,1724760900,2024-08-27 15:15,30.3,86.5,Sunny,19.7,31.7,294,WNW,1010.0,29.82,0.0,0.0,44,3,31.0,87.8,10.0,6.0,8.0,22.9,36.8,212.0,151.6,2.2,3.6,19.6,37.0,2,2,06:12 AM,07:09 PM,No moonrise,02:37 PM,Waning Crescent,43,Normal
Mozambique,Maputo,-25.9653,32.5892,Africa/Maputo,1745571600,2025-04-25 11:00,23.4,74.1,Partly cloudy,5.8,9.4,200,SSW,1018.0,30.06,0.02,0.0,69,75,25.3,77.6,10.0,6.0,5.2,7.7,12.4,370.0,54.0,4.995,2.405,17.945,18.315,2,2,06:10 AM,05:25 PM,03:21 AM,03:43 PM,Waning Crescent,12,Normal
Namibia,Windhoek,-22.5717,17.0822,Africa/Windhoek,1739097000,2025-02-09 12:30,30.0,86.0,Patchy rain nearby,7.4,11.9,74,ENE,1010.0,29.84,0.05,0.0,31,73,29.1,84.3,10.0,6.0,15.0,8.5,13.7,203.5,78.0,0.185,0.555,15.17,15.54,1,2,06:37 AM,07:34 PM,05:34 PM,03:18 AM,Waxing Gibbous,86,Normal
Malta,Valletta,35.8997,14.5147,Europe/Malta,1752570000,2025-07-15 11:00,31.0,87.8,Sunny,4.5,7.2,19,NNE,1016.0,30.0,0.0,0.0,43,0,36.8,98.2,10.0,6.0,7.7,5.8,9.3,218.3,73.0,19.425,4.255,17.02,47.175,2,2,05:57 AM,08:18 PM,11:14 PM,10:32 AM,Waning Gibbous,82,Normal
Tunisia,Tunis,36.8028,10.1797,Africa/Tunis,1728121500,2024-10-05 10:45,24.2,75.6,Partly cloudy,7.2,11.5,329,NNW,1015.0,29.97,0.0,0.0,57,50,25.5,77.9,10.0,6.0,5.0,8.2,13.2,371.85,80.0,9.62,9.435,13.135,34.04,1,2,06:18 AM,05:56 PM,08:43 AM,07:04 PM,Waxing Crescent,4,Normal
Sudan,Khartoum,15.59,32.53,Africa/Khartoum,1723553100,2024-08-13 14:45,26.7,80.0,Patchy rain nearby,17.0,27.4,220,SW,1010.0,29.83,0.29,0.01,69,82,28.6,83.5,9.0,5.0,6.0,31.7,51.0,350.5,34.0,0.7,0.4,9.0,31.9,1,1,05:35 AM,06:14 PM,12:39 PM,No moonset,Waxing Gibbous,54,Normal
Tanzania,Dodoma,-6.1833,35.75,Africa/Dar_es_Salaam,1739442600,2025-02-13 13:30,28.1,82.6,Partly cloudy,8.1,13.0,59,ENE,1017.0,30.03,0.0,0.0,51,50,29.0,84.2,10.0,6.0,14.9,9.3,14.9,296.0,52.0,0.925,0.185,7.4,7.585,1,1,06:42 AM,07:00 PM,07:48 PM,07:15 AM,Waning Gibbous,100,Normal
South Korea,Seoul,37.5664,126.9997,Asia/Seoul,1748941200,2025-06-03 18:00,23.0,73.4,Sunny,15.0,24.1,270,W,999.0,29.5,0.0,0.0,57,0,22.8,73.1,10.0,6.0,0.8,17.2,27.8,667.85,95.0,59.015,54.575,104.155,115.07,4,10,05:12 AM,07:49 PM,12:19 PM,12:54 AM,First Quarter,45,Normal
Bahrain,Manama,26.2361,50.5831,Asia/Bahrain,1734087600,2024-12-13 14:00,21.3,70.3,Sunny,5.1,8.3,213,SSW,1015.0,29.98,0.0,0.0,44,10,21.3,70.3,10.0,6.0,2.3,7.3,11.7,667.85,48.0,58.46,115.255,69.19,139.49,4,9,06:16 AM,04:47 PM,02:52 PM,03:59 AM,Waxing Gibbous,92,Normal
Lesotho,Maseru,-29.3167,27.4833,Africa/Johannesburg,1740477600,2025-02-25 12:00,28.8,83.8,Sunny,6.7,10.8,225,SW,1010.0,29.83,0.0,0.0,31,5,27.8,82.0,10.0,6.0,13.5,7.7,12.4,340.4,89.0,1.665,1.295,8.695,9.065,1,1,05:59 AM,06:47 PM,02:50 AM,05:17 PM,Waning Crescent,12,Normal
Congo,Brazzaville,-4.2592,15.2847,Africa/Brazzaville,1751706000,2025-07-05 10:00,28.3,82.9,Sunny,5.1,8.3,238,WSW,1016.0,29.99,0.0,0.0,49,16,29.0,84.2,10.0,6.0,3.3,5.9,9.5,621.6,79.0,4.81,1.11,48.285,50.135,3,6,06:07 AM,06:00 PM,01:37 PM,01:26 AM,Waxing Gibbous,70,Normal
Angola,Luanda,-8.84,13.23,Africa/Luanda,1726230600,2024-09-13 13:30,29.4,84.9,Partly cloudy,12.5,20.2,275,W,1012.0,29.88,0.0,0.0,58,50,35.0,95.0,10.0,6.0,7.0,16.4,26.5,564.25,107.0,3.885,5.55,41.625,64.565,3,4,06:02 AM,06:04 PM,01:43 PM,01:51 AM,Waxing Gibbous,68,Normal
Eritrea,Asmara,15.3333,38.9333,Africa/Asmara,1753605000,2025-07-27 11:30,21.8,71.3,Partly Cloudy,7.8,12.6,237,WSW,1014.0,29.95,0.0,0.0,47,30,21.8,71.3,10.0,6.0,10.3,12.7,20.5,316.35,69.0,2.59,0.37,18.5,57.165,2,2,06:05 AM,06:56 PM,08:19 AM,09:02 PM,Waxing Crescent,5,Normal
Myanmar,Rangoon,16.7833,96.1667,Asia/Yangon,1765869300,2025-12-16 13:45,31.0,87.8,Sunny,6.9,11.2,4,N,1011.0,29.85,0.0,0.0,59,25,31.2,88.1,8.0,4.0,6.5,8.0,12.9,452.85,52.0,9.75,8.15,22.85,23.25,2,2,06:27 AM,05:35 PM,03:08 AM,02:38 PM,Waning Crescent,16,Normal
Paraguay,Aurora,-23.4333,-61.3333,America/Argentina/Cordoba,1747557900,2025-05-18 05:45,25.4,77.6,Clear,8.9,14.4,12,NNE,1005.0,29.68,0.0,0.0,54,6,26.3,79.3,10.0,6.0,0.0,15.8,25.4,192.995,47.0,1.007,0.168,6.042,6.042,1,1,07:34 AM,06:30 PM,11:39 PM,12:35 PM,Waning Gibbous,74,Normal
Thailand,Bangkok,13.75,100.5167,Asia/Bangkok,1762847100,2025-11-11 14:45,33.0,91.4,Light rain,4.0,6.5,228,SW,1007.0,29.74,1.08,0.04,59,25,38.6,101.4,10.0,6.0,5.0,4.8,7.7,1730.85,22.0,53.75,33.65,31.35,31.45,2,3,06:16 AM,05:48 PM,11:40 PM,11:56 AM,Waning Gibbous,66,Normal
Burundi,Bujumbura,-3.3761,29.36,Africa/Bujumbura,1752914700,2025-07-19 10:45,24.5,76.1,Patchy rain nearby,2.2,3.6,270,W,1017.0,30.02,0.01,0.0,50,89,25.5,77.9,10.0,6.0,6.9,6.7,10.8,678.95,72.0,6.105,2.775,44.4,44.585,3,5,06:10 AM,06:07 PM,12:39 AM,12:56 PM,Waning Crescent,40,Normal
Mali,Bamako,12.65,-8.0,Africa/Bamako,1749199500,2025-06-06 08:45,28.3,82.9,Sunny,9.4,15.1,223,SW,1017.0,30.03,0.0,0.0,70,0,29.9,85.9,10.0,6.0,0.7,11.5,18.6,344.1,60.0,1.85,0.74,31.265,117.66,2,3,06:05 AM,06:56 PM,03:09 PM,02:28 AM,Waxing Gibbous,76,Normal
Cote d'Ivoire,Yamoussoukro,6.8167,-5.2833,Africa/Abidjan,1769324400,2026-01-25 07:00,22.5,72.4,Sunny,2.2,3.6,359,N,1013.0,29.92,0.0,0.0,58,5,24.7,76.4,10.0,6.0,0.1,3.2,5.1,412.85,34.0,6.55,1.65,29.05,44.95,2,3,06:39 AM,06:27 PM,11:27 AM,No moonset,Waxing Crescent,37,Normal
Azerbaijan,Baku,40.3953,49.8822,Asia/Baku,1742031900,2025-03-15 13:45,21.0,69.8,Sunny,3.1,5.0,312,NW,1020.0,30.12,0.0,0.0,46,0,21.0,69.8,10.0,6.0,4.2,5.5,8.9,693.75,31.0,51.615,5.735,69.745,80.475,4,9,06:52 AM,06:47 PM,08:02 PM,07:15 AM,Waning Gibbous,100,Normal
India,New Delhi,28.6,77.2,Asia/Kolkata,1769842800,2026-01-31 12:30,20.2,68.4,Mist,4.0,6.5,151,SSE,1021.0,30.15,0.0,0.0,56,0,20.2,68.4,1.8,1.0,4.7,4.6,7.5,2323.85,6.0,52.85,37.95,174.05,175.45,5,10,07:10 AM,06:00 PM,04:16 PM,05:53 AM,Waxing Gibbous,94,Normal
Djibouti,Djibouti,11.595,43.1481,Africa/Djibouti,1760168700,2025-10-11 10:45,30.8,87.5,Sunny,6.5,10.4,76,ENE,1011.0,29.87,0.0,0.0,64,3,35.7,96.2,10.0,6.0,7.1,7.5,12.0,183.85,53.0,3.35,3.05,13.25,21.85,1,2,05:57 AM,05:52 PM,09:48 PM,10:07 AM,Waning Gibbous,81,Normal
Vatican City,Vatican City,41.9,12.45,Europe/Rome,1717510500,2024-06-04 16:15,27.0,80.6,Partly cloudy,11.9,19.1,250,WSW,1014.0,29.94,0.0,0.0,39,25,27.2,81.0,10.0,6.0,6.0,16.3,26.3,207.0,100.1,3.0,0.4,4.3,6.2,1,1,05:36 AM,08:41 PM,03:47 AM,06:44 PM,Waning Crescent,8,Normal
Madagascar,Antananarivo,-18.9167,47.5167,Indian/Antananarivo,1735901100,2025-01-03 13:45,29.3,84.7,Partly cloudy,3.8,6.1,125,SE,1018.0,30.06,0.0,0.0,33,50,27.3,81.2,10.0,6.0,14.0,4.4,7.1,270.1,64.0,0.555,1.665,5.92,7.215,1,1,05:18 AM,06:31 PM,08:26 AM,09:32 PM,Waxing Crescent,10,Normal
Sierra Leone,Freetown,8.49,-13.2342,Africa/Freetown,1733913900,2024-12-11 10:45,29.3,84.8,Sunny,3.8,6.1,293,WNW,1013.0,29.91,0.0,0.0,57,10,31.4,88.4,10.0,6.0,3.4,4.4,7.1,342.25,87.0,1.665,2.035,72.15,167.055,4,10,06:57 AM,06:35 PM,03:09 PM,02:57 AM,Waxing Gibbous,76,Normal
Zimbabwe,Harare,-17.8178,31.0447,Africa/Harare,1748941200,2025-06-03 11:00,20.9,69.6,Sunny,4.7,7.6,356,N,1021.0,30.14,0.0,0.0,33,3,20.9,69.6,10.0,6.0,7.3,5.4,8.7,599.4,74.0,6.105,3.145,18.87,19.61,2,2,06:20 AM,05:28 PM,12:26 PM,No moonset,First Quarter,48,Normal
Kiribati,Tarawa,-0.88,169.53,Pacific/Tarawa,1726570800,2024-09-17 23:00,28.1,82.6,Clear,6.7,10.8,89,E,1012.0,29.89,0.0,0.0,70,9,31.1,88.0,10.0,6.0,1.0,9.0,14.4,227.55,30.0,0.0,0.37,9.435,17.205,1,1,06:33 AM,06:39 PM,05:54 PM,05:29 AM,Waxing Gibbous,98,Normal
Croatia,Zagreb,45.8,16.0,Europe/Zagreb,1725105600,2024-08-31 14:00,33.1,91.6,Sunny,2.2,3.6,10,N,1018.0,30.06,0.0,0.0,36,0,31.5,88.8,10.0,6.0,8.0,3.4,5.4,243.7,98.7,1.5,0.4,4.1,5.6,1,1,06:16 AM,07:36 PM,03:01 AM,06:52 PM,Waning Crescent,9,Normal
Venezuela,Caracas,10.5,-66.9167,America/Caracas,1739873700,2025-02-18 06:15,24.0,75.2,Clear,3.6,5.8,155,SSE,1013.0,29.91,0.0,0.0,69,0,26.6,79.9,2.0,1.0,0.0,6.4,10.4,732.6,82.0,5.18,1.85,12.21,17.02,1,2,06:47 AM,06:36 PM,11:25 PM,10:33 AM,Waning Gibbous,73,Normal
Burundi,Bujumbura,-3.3761,29.36,Africa/Bujumbura,1752309000,2025-07-12 10:30,24.4,75.9,Patchy rain nearby,2.2,3.6,181,S,1018.0,30.06,0.1,0.0,65,25,25.6,78.2,7.0,4.0,6.5,3.0,4.9,691.9,70.0,7.77,2.59,49.025,49.58,3,6,06:10 AM,06:06 PM,07:42 PM,07:26 AM,Waning Gibbous,99,Normal
Israel,Jerusalem,31.78,35.23,Asia/Jerusalem,1718719200,2024-06-18 17:00,30.2,86.4,Sunny,12.5,20.2,320,NW,1008.0,29.77,0.0,0.0,55,0,29.8,85.6,10.0,6.0,7.0,17.1,27.5,178.6,137.3,5.4,1.9,11.1,20.6,1,1,05:34 AM,07:47 PM,04:30 PM,02:31 AM,Waxing Gibbous,83,Normal
Burkina Faso,Ouagadougou,12.3703,-1.5247,Africa/Ouagadougou,1744103700,2025-04-08 09:15,33.1,91.6,Sunny,8.1,13.0,127,SE,1013.0,29.91,0.0,0.0,47,0,31.0,87.7,10.0,6.0,5.0,9.3,14.9,481.0,90.0,2.405,1.295,31.635,92.685,2,3,05:58 AM,06:18 PM,03:01 PM,03:05 AM,Waxing Gibbous,78,Normal
Eritrea,Asmara,15.3333,38.9333,Africa/Asmara,1745832600,2025-04-28 12:30,24.4,75.8,Sunny,6.5,10.4,67,ENE,1010.0,29.83,0.0,0.0,34,2,24.6,76.3,10.0,6.0,13.8,9.6,15.5,283.05,102.0,0.74,2.035,44.215,145.225,3,5,06:02 AM,06:41 PM,06:14 AM,07:32 PM,New Moon,0,Normal
Poland,Warsaw,52.25,21.0,Europe/Warsaw,1717856100,2024-06-08 16:15,21.1,70.0,Sunny,5.6,9.0,180,S,1013.0,29.91,0.0,0.0,40,0,21.1,70.0,10.0,6.0,6.0,6.0,9.6,183.6,114.4,1.8,1.2,2.2,2.7,1,1,04:16 AM,08:55 PM,05:11 AM,11:32 PM,Waxing Crescent,3,Normal
China,Beijing,39.9289,116.3883,Asia/Shanghai,1728726300,2024-10-12 17:45,24.1,75.4,Sunny,5.1,8.3,167,SSE,1020.0,30.11,0.0,0.0,30,20,24.2,75.6,10.0,6.0,0.2,7.5,12.1,2771.3,7.0,81.77,121.36,157.25,233.47,5,10,06:22 AM,05:40 PM,02:59 PM,No moonset,Waxing Gibbous,63,Normal
Portugal,Lisbon,38.72,-9.13,Europe/Lisbon,1722774600,2024-08-04 13:30,27.8,82.0,Sunny,4.5,7.2,302,WNW,1014.0,29.95,0.0,0.0,47,0,28.2,82.8,10.0,6.0,7.0,6.8,11.0,210.3,78.7,1.4,1.3,3.9,8.6,1,1,06:41 AM,08:44 PM,06:21 AM,09:10 PM,New Moon,0,Normal
Czech Republic,Prague,50.0833,14.4667,Europe/Prague,1755333000,2025-08-16 10:30,24.4,75.9,Partly cloudy,8.5,13.7,332,NNW,1020.0,30.12,0.98,0.04,57,75,26.0,78.8,10.0,6.0,2.1,13.2,21.2,303.4,93.0,9.435,5.55,23.865,33.855,2,2,05:53 AM,08:18 PM,11:00 PM,03:13 PM,Last Quarter,53,Normal
Belarus,Minsk,53.9,27.57,Europe/Minsk,1716127200,2024-05-19 17:00,21.0,69.8,Moderate or heavy rain with thunder,11.9,19.1,320,NW,1014.0,29.94,0.24,0.01,49,62,21.0,69.8,10.0,6.0,5.0,16.3,26.3,193.6,97.3,2.2,2.2,2.9,3.1,1,1,05:01 AM,09:13 PM,04:38 PM,03:36 AM,Waxing Gibbous,81,Normal
Lebanon,Beirut,33.8719,35.5097,Asia/Beirut,1730710800,2024-11-04 11:00,21.4,70.5,Partly cloudy,12.5,20.2,223,SW,1018.0,30.06,0.01,0.0,64,50,21.4,70.5,10.0,6.0,3.5,14.6,23.4,449.55,83.0,13.69,24.79,26.27,43.105,2,3,06:00 AM,04:42 PM,08:47 AM,06:22 PM,Waxing Crescent,6,Normal
Lesotho,Maseru,-29.3167,27.4833,Africa/Maseru,1768289400,2026-01-13 09:30,22.3,72.1,Sunny,5.4,8.6,7,N,1021.0,30.15,0.0,0.0,65,0,24.1,75.3,10.0,6.0,6.9,6.2,9.9,150.85,46.0,6.25,22.85,8.35,8.35,1,1,05:24 AM,07:14 PM,12:45 AM,02:59 PM,Waning Crescent,29,Normal
Botswana,Gaborone,-24.6464,25.9119,Africa/Gaborone,1757577600,2025-09-11 10:00,21.1,70.0,Sunny,11.6,18.7,39,NE,1024.0,30.24,0.0,0.0,46,0,21.1,70.0,10.0,6.0,4.6,13.4,21.5,592.0,60.0,10.545,7.77,14.06,14.43,1,2,06:17 AM,06:09 PM,10:15 PM,08:31 AM,Waning Gibbous,87,Normal
Mozambique,Maputo,-25.9653,32.5892,Africa/Maputo,1742894100,2025-03-25 11:15,30.3,86.5,Partly cloudy,5.1,8.3,36,NE,1016.0,30.0,0.0,0.0,52,50,31.7,89.1,10.0,6.0,9.9,5.9,9.5,268.25,52.0,0.555,1.85,8.325,11.84,1,1,05:56 AM,05:55 PM,01:23 AM,03:22 PM,Waning Crescent,26,Normal
Bolivia,National,-11.1833,-67.0833,America/La_Paz,1757406600,2025-09-09 04:30,25.0,77.0,Partly Cloudy,2.2,3.6,274,W,1011.0,29.84,0.0,0.0,57,62,26.1,79.0,10.0,6.0,0.0,2.3,3.8,569.8,22.0,2.59,0.555,21.83,21.83,2,2,06:26 AM,06:25 PM,08:21 PM,07:43 AM,Waning Gibbous,97,Normal
Zimbabwe,Harare,-17.8178,31.0447,Africa/Harare,1762760700,2025-11-10 09:45,20.8,69.5,Patchy rain nearby,6.5,10.4,29,NNE,1018.0,30.06,0.23,0.01,57,88,20.8,69.5,9.0,5.0,4.9,7.5,12.1,197.85,54.0,3.75,1.55,12.25,12.75,1,2,05:13 AM,06:06 PM,11:28 PM,09:50 AM,Waning Gibbous,74,Normal
Albania,Tirana,41.33,19.82,Europe/Tirane,1716302700,2024-05-21 16:45,26.0,78.8,Partly cloudy,9.4,15.1,220,SW,1010.0,29.83,0.21,0.01,58,75,27.8,82.0,10.0,6.0,5.0,13.9,22.3,220.3,90.8,1.5,1.0,29.9,103.0,2,3,05:17 AM,07:59 PM,06:06 PM,03:51 AM,Waxing Gibbous,93,Normal
Mauritania,Nouakchott,18.09,-15.98,Africa/Nouakchott,1722946500,2024-08-06 12:15,26.5,79.7,Sunny,13.6,22.0,306,NW,1011.0,29.86,0.0,0.0,63,6,27.9,82.3,10.0,6.0,7.0,16.0,25.7,253.7,89.4,0.3,0.8,12.5,49.0,1,2,06:44 AM,07:36 PM,08:21 AM,09:09 PM,Waxing Crescent,2,Normal
Paraguay,Aurora,-23.43,-61.33,America/Argentina/Cordoba,1722170700,2024-07-28 09:45,22.2,71.9,Sunny,6.7,10.8,200,SSW,1015.0,29.96,0.0,0.0,63,23,24.6,76.3,10.0,6.0,7.0,9.1,14.7,300.4,22.9,0.3,0.6,14.7,14.7,1,2,07:42 AM,06:42 PM,01:22 AM,12:43 PM,Last Quarter,51,Normal
Portugal,Lisbon,38.72,-9.13,Europe/Lisbon,1726317000,2024-09-14 13:30,27.3,81.1,Sunny,5.1,8.3,260,W,1019.0,30.09,0.0,0.0,37,0,28.5,83.3,10.0,6.0,6.0,6.8,10.9,320.05,69.0,24.605,8.51,22.2,32.93,2,2,07:18 AM,07:46 PM,05:58 PM,02:27 AM,Waxing Gibbous,78,Normal
Monaco,Monaco,43.73,7.42,Europe/Monaco,1725365700,2024-09-03 14:15,29.1,84.4,Partly cloudy,9.4,15.1,110,ESE,1015.0,29.97,0.0,0.0,62,50,32.3,90.2,10.0,6.0,7.0,10.3,16.6,227.0,104.4,0.6,0.5,4.6,5.3,1,1,06:57 AM,08:02 PM,07:05 AM,08:21 PM,Waxing Crescent,0,Normal
Djibouti,Djibouti,11.595,43.1481,Africa/Djibouti,1757836800,2025-09-14 11:00,34.6,94.3,Sunny,3.1,5.0,344,NNW,1006.0,29.72,0.0,0.0,47,3,39.2,102.5,10.0,6.0,9.8,5.0,8.0,308.95,92.0,3.885,4.81,34.595,111.555,2,3,05:57 AM,06:09 PM,11:57 PM,12:17 PM,Last Quarter,56,Normal
Papua New Guinea,Port Moresby,-9.4647,147.1925,Pacific/Port_Moresby,1756627200,2025-08-31 18:00,25.8,78.4,Partly Cloudy,19.9,32.0,142,SE,1011.0,29.85,0.0,0.0,69,34,27.5,81.4,10.0,6.0,0.0,28.9,46.5,170.2,59.0,1.11,0.37,9.99,14.985,1,1,06:14 AM,06:09 PM,11:26 AM,No moonset,First Quarter,43,Normal
Bulgaria,Sofia,42.68,23.32,Europe/Sofia,1724328000,2024-08-22 15:00,30.0,86.0,Partly cloudy,6.9,11.2,320,NW,1013.0,29.91,0.0,0.0,38,50,29.7,85.5,10.0,6.0,7.0,11.4,18.4,217.0,88.7,0.4,0.2,2.8,3.0,1,1,06:41 AM,08:17 PM,09:46 PM,09:46 AM,Waning Gibbous,93,Normal
Mauritius,Port Louis,-20.1619,57.4989,Indian/Mauritius,1731056400,2024-11-08 13:00,27.3,81.1,Partly cloudy,14.3,23.0,98,E,1017.0,30.03,0.01,0.0,62,75,28.7,83.6,8.0,4.0,12.4,16.5,26.5,214.6,63.0,1.665,3.145,18.315,33.67,2,2,05:25 AM,06:23 PM,10:53 AM,No moonset,Waxing Crescent,37,Normal
Estonia,Tallinn,59.43,24.73,Europe/Tallinn,1725624900,2024-09-06 15:15,23.1,73.6,Sunny,6.9,11.2,140,SE,1029.0,30.39,0.0,0.0,47,0,24.7,76.5,10.0,6.0,6.0,10.0,16.1,373.7,76.0,9.62,2.22,14.43,15.54,1,2,06:30 AM,08:07 PM,10:27 AM,08:26 PM,Waxing Crescent,7,Normal
Israel,Jerusalem,31.78,35.23,Asia/Jerusalem,1747299600,2025-05-15 12:00,24.3,75.7,Partly cloudy,10.5,16.9,264,W,1015.0,29.97,0.0,0.0,54,50,24.6,76.3,10.0,6.0,9.9,12.1,19.5,247.9,96.0,11.285,7.4,20.35,26.64,2,2,05:42 AM,07:29 PM,10:22 PM,07:12 AM,Waning Gibbous,96,Normal
Indonesia,Laos,-8.1826,114.3188,Asia/Jakarta,1741340700,2025-03-07 16:45,29.6,85.3,Light rain shower,3.1,5.0,124,SE,1006.0,29.72,0.92,0.04,70,55,34.1,93.4,10.0,6.0,1.0,4.0,6.4,876.9,50.0,6.845,2.775,17.39,20.35,2,2,05:28 AM,05:40 PM,12:11 PM,No moonset,Waxing Gibbous,50,Normal
Guinea-Bissau,Bissau,11.85,-15.5833,Africa/Bissau,1735639200,2024-12-31 10:00,27.1,80.8,Sunny,15.2,24.5,58,ENE,1013.0,29.91,0.0,0.0,34,0,26.4,79.5,9.0,5.0,3.0,19.4,31.2,394.05,54.0,1.85,0.925,89.54,275.65,4,10,07:22 AM,06:49 PM,07:54 AM,07:31 PM,Waxing Crescent,0,Normal
Chad,N'djamena,12.1131,15.0492,Africa/Ndjamena,1761205500,2025-10-23 08:45,29.2,84.6,Overcast,7.6,12.2,98,E,1012.0,29.88,0.0,0.0,58,0,27.1,80.7,4.0,2.0,1.5,9.8,15.8,174.85,44.0,5.85,2.05,27.95,59.65,2,3,05:51 AM,05:38 PM,07:14 AM,06:53 PM,Waxing Crescent,2,Normal
Rwanda,Kigali,-1.9536,30.0606,Africa/Kigali,1733742000,2024-12-09 13:00,25.0,77.0,Partly cloudy,2.9,4.7,139,SE,1019.0,30.09,0.0,0.0,51,75,25.6,78.1,10.0,6.0,11.8,3.4,5.4,484.7,96.0,0.925,1.295,19.425,22.2,2,2,05:45 AM,05:59 PM,12:40 PM,12:16 AM,Waxing Gibbous,53,Normal
Poland,Warsaw,52.25,21.0,Europe/Warsaw,1720962900,2024-07-14 15:15,24.1,75.4,Partly cloudy,2.2,3.6,76,ENE,1014.0,29.94,0.11,0.0,57,25,25.3,77.5,10.0,6.0,6.0,4.0,6.4,160.2,94.4,1.2,1.4,2.0,2.3,1,1,04:32 AM,08:51 PM,01:56 PM,11:46 PM,Waxing Gibbous,50,Normal
Azerbaijan,Baku,40.4,49.88,Asia/Baku,1723982400,2024-08-18 16:00,30.3,86.5,Sunny,18.6,29.9,150,SSE,1014.0,29.94,0.0,0.0,35,0,30.7,87.2,10.0,6.0,7.0,23.0,37.1,207.0,101.6,2.1,0.6,3.6,4.1,1,1,05:55 AM,07:34 PM,07:08 PM,03:39 AM,Waxing Gibbous,95,Normal
Russia,Moscow,55.75,37.62,Europe/Moscow,1727256600,2024-09-25 12:30,20.4,68.7,Sunny,11.2,18.0,191,SSW,1021.0,30.15,0.0,0.0,40,0,20.4,68.7,10.0,6.0,6.0,13.0,20.9,812.15,27.0,76.405,121.73,51.43,66.785,3,6,06:21 AM,06:20 PM,09:58 PM,04:31 PM,Waning Crescent,48,Normal
Solomon Islands,Honiara,-9.4333,159.95,Pacific/Guadalcanal,1758615300,2025-09-23 19:15,29.2,84.6,Light rain shower,4.3,6.8,136,SE,1009.0,29.8,1.4,0.06,70,25,36.0,96.8,10.0,6.0,0.0,6.1,9.8,160.95,23.0,0.74,0.37,1.295,1.48,1,1,06:09 AM,06:16 PM,06:47 AM,07:17 PM,Waxing Crescent,1,Normal
Bulgaria,Bogot,43.3167,24.7,Europe/Sofia,1750323600,2025-06-19 12:00,30.8,87.5,Sunny,9.4,15.1,297,WNW,1017.0,30.02,0.0,0.0,35,20,30.5,87.0,10.0,6.0,7.8,10.8,17.4,301.55,69.0,5.55,4.255,16.465,17.39,2,2,05:41 AM,09:05 PM,01:28 AM,02:07 PM,Waning Crescent,49,Normal
Mozambique,Maputo,-25.9653,32.5892,Africa/Maputo,1749545100,2025-06-10 10:45,22.0,71.6,Sunny,12.1,19.4,281,WNW,1014.0,29.94,0.0,0.0,41,0,22.6,72.6,10.0,6.0,3.2,14.1,22.6,355.2,41.0,23.68,58.645,9.065,9.065,1,1,06:33 AM,05:06 PM,04:14 PM,05:44 AM,Waxing Gibbous,98,Normal
Pakistan,Islamabad,33.7,73.17,Asia/Karachi,1726230600,2024-09-13 17:30,32.3,90.1,Sunny,2.7,4.3,190,S,998.0,29.48,0.0,0.0,51,8,35.7,96.3,10.0,6.0,8.0,3.1,5.0,784.4,210.0,10.175,37.555,63.27,104.525,3,8,05:50 AM,06:16 PM,03:17 PM,No moonset,Waxing Gibbous,68,Normal
Belgium,'S Gravenjansdijk,51.25,3.6333,Europe/Brussels,1752138000,2025-07-10 11:00,22.4,72.3,Overcast,2.2,3.6,328,NNW,1022.0,30.18,0.0,0.0,50,100,24.5,76.1,10.0,6.0,4.4,2.3,3.7,1113.7,42.0,80.66,24.42,47.36,58.09,3,5,05:42 AM,09:59 PM,10:28 PM,04:27 AM,Full Moon,99,Normal
Bosnia and Herzegovina,Sarajevo,43.85,18.38,Europe/Sarajevo,1724500800,2024-08-24 14:00,32.4,90.3,Partly cloudy,2.2,3.6,24,NNE,1018.0,30.06,0.0,0.0,36,50,31.5,88.6,10.0,6.0,8.0,6.7,10.8,223.6,98.7,2.9,18.6,6.3,6.7,1,1,06:01 AM,07:36 PM,09:53 PM,11:47 AM,Waning Gibbous,76,Normal
Paraguay,Aguaray,-19.85,-58.5167,America/Asuncion,1768978800,2026-01-21 04:00,21.1,70.0,Clear,4.5,7.2,192,SSW,1008.0,29.78,0.0,0.0,52,20,21.1,70.0,10.0,6.0,0.0,9.4,15.1,97.678,41.0,2.378,0.878,8.278,8.278,1,1,06:31 AM,07:39 PM,08:55 AM,09:45 PM,Waxing Crescent,5,Normal
Sri Lanka,Colombo,6.9319,79.8478,Asia/Colombo,1733135400,2024-12-02 16:00,31.4,88.5,Partly cloudy,10.7,17.3,249,WSW,1006.0,29.72,0.0,0.0,63,50,39.0,102.2,10.0,6.0,1.1,14.5,23.3,510.6,123.0,10.175,17.205,46.805,59.385,3,5,06:08 AM,05:53 PM,06:53 AM,06:48 PM,Waxing Crescent,0,Normal
Maldives,Dhidhdhoo,6.8833,73.1,Indian/Maldives,1772779500,2026-03-06 11:45,26.8,80.2,Sunny,2.2,3.6,256,WSW,1012.0,29.9,0.0,0.0,66,3,28.5,83.4,10.0,6.0,7.0,2.4,3.9,179.7,101.0,0.8,1.4,24.6,26.7,2,3,06:18 AM,06:19 PM,08:38 PM,08:05 AM,Waning Gibbous,94,Normal
Bhutan,Thimphu,27.4833,89.6,Asia/Thimphu,1748421900,2025-05-28 14:45,20.1,68.2,Patchy rain nearby,5.8,9.4,144,SE,1001.0,29.55,0.17,0.01,52,70,20.1,68.2,10.0,6.0,8.7,6.9,11.1,344.1,80.0,1.48,0.74,2.035,2.035,1,1,05:08 AM,06:50 PM,05:46 AM,08:32 PM,Waxing Crescent,1,Normal
Lithuania,Vilnius,54.68,25.32,Europe/Vilnius,1716906600,2024-05-28 17:30,26.0,78.8,Partly cloudy,17.4,28.1,140,SE,1018.0,30.06,0.0,0.0,34,37,28.2,82.8,10.0,6.0,5.0,21.9,35.3,183.6,100.1,2.4,1.5,2.3,2.8,1,1,04:53 AM,09:40 PM,01:56 AM,08:56 AM,Waning Gibbous,79,Normal
Singapore,Singapore,1.29,103.86,Asia/Singapore,1723810500,2024-08-16 20:15,29.3,84.7,Partly cloudy,9.4,15.1,110,ESE,1009.0,29.8,0.0,0.0,70,75,34.0,93.1,10.0,6.0,1.0,17.7,28.5,1388.6,0.0,37.7,37.2,10.2,12.2,1,1,07:04 AM,07:14 PM,04:03 PM,03:27 AM,Waxing Gibbous,82,Normal
Madagascar,Antananarivo,-18.9167,47.5167,Indian/Antananarivo,1754814600,2025-08-10 11:30,20.2,68.4,Partly cloudy,9.4,15.1,97,E,1025.0,30.27,0.0,0.0,37,50,20.2,68.4,10.0,6.0,8.4,10.8,17.4,216.45,70.0,1.48,1.11,6.105,7.215,1,1,06:13 AM,05:38 PM,06:47 PM,06:57 AM,Waning Gibbous,100,Normal
Australia,Canberra,-35.2833,149.2167,Australia/Sydney,1762415100,2025-11-06 18:45,21.3,70.3,Overcast,7.8,12.6,269,W,1015.0,29.97,0.0,0.0,33,0,21.3,70.3,10.0,6.0,1.0,12.8,20.6,125.85,54.0,4.85,1.65,5.65,6.95,1,1,05:56 AM,07:39 PM,08:45 PM,05:50 AM,Full Moon,100,Normal
Bhutan,Thimphu,27.4833,89.6,Asia/Thimphu,1751099400,2025-06-28 14:30,20.6,69.2,Moderate rain at times,7.4,11.9,147,SSE,1002.0,29.57,0.52,0.02,61,73,20.6,69.2,10.0,6.0,9.0,9.0,14.5,290.45,70.0,2.035,1.11,2.775,3.515,1,1,05:09 AM,07:01 PM,07:51 AM,09:41 PM,Waxing Crescent,7,Normal
Philippines,Manila,14.6042,120.9822,Asia/Manila,1766646000,2025-12-25 15:00,30.3,86.5,Partly cloudy,2.2,3.6,141,SE,1008.0,29.77,0.03,0.0,66,75,34.1,93.3,10.0,6.0,2.9,2.2,3.6,562.85,30.0,18.75,20.75,21.25,22.35,2,2,06:18 AM,05:34 PM,10:06 AM,10:03 PM,Waxing Crescent,19,Normal
Sudan,Juba,12.15,24.45,Africa/Khartoum,1721220300,2024-07-17 14:45,34.1,93.4,Sunny,7.2,11.5,184,S,1010.0,29.81,0.0,0.0,34,10,34.8,94.7,10.0,6.0,8.0,8.2,13.2,220.3,40.4,0.1,0.1,18.0,86.2,2,2,06:06 AM,06:51 PM,03:18 PM,02:03 AM,Waxing Gibbous,78,Normal
Thailand,Bangkok,13.75,100.5167,Asia/Bangkok,1767942900,2026-01-09 14:15,26.3,79.3,Sunny,2.9,4.7,13,NNE,1015.0,29.97,0.0,0.0,42,0,25.3,77.5,10.0,6.0,6.4,3.4,5.4,908.85,60.0,26.15,20.95,25.25,25.45,2,3,06:44 AM,06:06 PM,11:35 PM,11:05 AM,Waning Gibbous,69,Normal
Bolivia,National,-11.18,-67.08,America/La_Paz,1723896900,2024-08-17 08:15,25.3,77.6,Sunny,2.5,4.0,335,NNW,1014.0,29.95,0.0,0.0,53,6,26.2,79.2,10.0,6.0,8.0,3.8,6.1,560.8,10.0,0.2,0.0,88.8,88.9,4,10,06:39 AM,06:25 PM,04:31 PM,04:45 AM,Waxing Gibbous,90,Normal
Pakistan,Islamabad,33.7,73.17,Asia/Karachi,1723724100,2024-08-15 17:15,31.7,89.1,Patchy rain nearby,5.1,8.3,99,E,1001.0,29.55,0.37,0.01,67,79,38.4,101.2,9.0,5.0,7.0,9.6,15.5,2456.7,18.2,102.8,12.4,25.4,29.5,2,3,05:30 AM,06:53 PM,03:38 PM,12:14 AM,Waxing Gibbous,73,Normal
Sudan,Juba,12.15,24.45,Africa/Khartoum,1723206600,2024-08-09 14:30,27.1,80.8,Sunny,10.3,16.6,250,WSW,1012.0,29.88,0.0,0.0,59,24,28.4,83.1,10.0,6.0,7.0,12.4,20.0,350.5,24.7,0.1,0.0,0.5,1.4,1,1,06:10 AM,06:45 PM,09:53 AM,10:01 PM,Waxing Crescent,18,Normal
Kuwait,Kuwait City,29.3667,47.96,Asia/Kuwait,1728811800,2024-10-13 12:30,32.8,91.0,Sunny,3.1,5.0,115,ESE,1010.0,29.81,0.0,0.0,34,0,32.9,91.3,10.0,6.0,6.4,4.7,7.5,708.55,89.0,101.38,24.975,88.245,153.735,4,10,05:49 AM,05:20 PM,02:51 PM,12:56 AM,Waxing Gibbous,73,Normal
Georgia,Tbilisi,41.725,44.7908,Asia/Tbilisi,1749632400,2025-06-11 13:00,29.4,84.9,Sunny,7.2,11.5,153,SSE,1015.0,29.97,0.0,0.0,37,0,28.7,83.7,10.0,6.0,9.7,8.2,13.2,318.2,61.0,7.77,7.03,16.835,19.98,2,2,05:26 AM,08:35 PM,09:15 PM,04:51 AM,Full Moon,100,Normal
Paraguay,Aurora,-23.4333,-61.3333,America/Argentina/Cordoba,1740391200,2025-02-24 07:00,26.9,80.4,Partly Cloudy,6.5,10.4,39,NE,1008.0,29.78,0.0,0.0,53,29,27.7,81.9,10.0,6.0,0.0,13.6,21.9,278.585,63.0,0.839,0.336,10.908,10.908,1,1,06:59 AM,07:38 PM,03:13 AM,05:24 PM,Waning Crescent,18,Normal
Seychelles Islands,Victoria,-4.6167,55.45,Indian/Mahe,1740995100,2025-03-03 13:45,32.1,89.8,Partly cloudy,8.9,14.4,292,WNW,1009.0,29.8,0.02,0.0,63,50,40.8,105.5,10.0,6.0,13.9,11.9,19.2,238.65,39.0,4.255,4.995,9.065,12.765,1,1,06:24 AM,06:35 PM,09:13 AM,09:29 PM,Waxing Crescent,11,Normal
Botswana,Gaborone,-24.6464,25.9119,Africa/Gaborone,1728467100,2024-10-09 11:45,26.3,79.3,Sunny,12.1,19.4,38,NE,1025.0,30.27,0.0,0.0,34,0,25.1,77.3,10.0,6.0,9.6,13.9,22.4,414.4,90.0,2.96,3.515,28.12,43.29,2,3,05:48 AM,06:19 PM,10:01 AM,No moonset,Waxing Crescent,32,Normal
Tuvalu,Funafuti,-8.5167,179.2167,Pacific/Funafuti,1763019000,2025-11-13 19:30,30.0,86.0,Partly cloudy,4.7,7.6,133,SE,1008.0,29.77,0.0,0.0,70,37,33.7,92.7,10.0,6.0,0.0,6.4,10.3,86.85,39.0,0.85,1.05,5.55,8.35,1,1,05:33 AM,06:02 PM,12:33 AM,12:37 PM,Waning Crescent,47,Normal
Slovenia,Ljubljana,46.0553,14.5144,Europe/Ljubljana,1754900100,2025-08-11 10:15,25.3,77.5,Sunny,6.3,10.1,102,ESE,1025.0,30.27,0.0,0.0,57,25,25.9,78.7,10.0,6.0,4.0,7.2,11.6,308.95,78.0,7.955,1.11,17.02,23.68,2,2,05:57 AM,08:17 PM,09:22 PM,08:12 AM,Waning Gibbous,97,Normal
Ethiopia,Addis Ababa,9.0333,38.7,Africa/Addis_Ababa,1759303800,2025-10-01 10:30,20.1,68.2,Partly cloudy,2.2,3.6,104,ESE,1027.0,30.33,0.04,0.0,56,50,20.1,68.2,10.0,6.0,8.3,6.7,10.8,571.85,39.0,10.35,1.95,35.75,81.65,2,3,06:13 AM,06:16 PM,01:53 PM,12:49 AM,Waxing Gibbous,59,Normal
Malta,Valletta,35.9,14.51,Europe/Malta,1716732900,2024-05-26 16:15,26.0,78.8,Sunny,2.2,3.6,334,NNW,1017.0,30.03,0.0,0.0,45,0,27.2,81.0,10.0,6.0,6.0,7.5,12.1,190.3,105.9,1.2,1.1,6.7,11.7,1,1,05:49 AM,08:09 PM,11:27 PM,07:48 AM,Waning Gibbous,93,Normal
Georgia,Tbilisi,41.725,44.7908,Asia/Tbilisi,1751358600,2025-07-01 12:30,25.0,77.0,Sunny,13.4,21.6,329,NNW,1010.0,29.83,0.0,0.0,44,0,25.1,77.2,10.0,6.0,10.0,15.4,24.8,220.15,70.0,3.33,2.035,5.92,7.77,1,1,05:30 AM,08:39 PM,11:48 AM,No moonset,Waxing Crescent,31,Normal
Costa Rica,San Ignacio,9.8,-84.1667,America/Costa_Rica,1739873700,2025-02-18 04:15,21.1,70.0,Partly cloudy,4.7,7.6,69,ENE,1014.0,29.95,0.0,0.0,69,50,21.1,70.0,10.0,6.0,0.0,9.9,15.9,384.8,77.0,8.51,3.885,9.62,12.21,1,1,05:55 AM,05:46 PM,10:35 PM,09:45 AM,Waning Gibbous,73,Normal
Belarus,Minsk,53.9,27.57,Europe/Minsk,1726401600,2024-09-15 15:00,27.3,81.1,Sunny,12.8,20.5,114,ESE,1017.0,30.03,0.0,0.0,34,0,26.5,79.7,10.0,6.0,7.0,17.5,28.2,301.55,60.0,4.255,4.07,24.42,59.94,2,3,06:43 AM,07:25 PM,06:53 PM,02:04 AM,Waxing Gibbous,86,Normal
Indonesia,Jakarta,-6.2146,106.8451,Asia/Jakarta,1765869300,2025-12-16 14:15,30.3,86.5,Partly cloudy,15.2,24.5,259,W,1008.0,29.77,0.0,0.0,66,50,31.4,88.6,10.0,6.0,7.3,17.5,28.2,1030.85,6.0,27.65,33.15,51.85,52.15,3,6,05:34 AM,06:03 PM,02:22 AM,03:00 PM,Waning Crescent,16,Normal
Mauritius,Port Louis,-20.1619,57.4989,Indian/Mauritius,1743670800,2025-04-03 13:00,29.3,84.7,Partly cloudy,7.6,12.2,74,ENE,1014.0,29.94,0.09,0.0,70,75,32.9,91.2,10.0,6.0,8.3,8.9,14.4,192.4,49.0,4.44,2.775,9.805,14.8,1,1,06:17 AM,06:08 PM,11:28 AM,10:22 PM,Waxing Crescent,26,Normal
Jordan,Amman,31.95,35.93,Asia/Amman,1719839700,2024-07-01 16:15,31.4,88.5,Mist,15.0,24.1,250,WSW,1009.0,29.8,0.0,0.0,33,25,31.0,87.8,5.0,3.0,7.0,23.4,37.7,173.6,163.1,2.4,3.0,12.9,24.0,1,2,05:34 AM,07:47 PM,01:32 AM,03:28 PM,Waning Crescent,27,Normal
Russia,Moscow,55.75,37.62,Europe/Moscow,1721220300,2024-07-17 15:45,30.0,86.0,Sunny,6.9,11.2,60,ENE,1017.0,30.03,0.0,0.0,33,0,29.1,84.3,10.0,6.0,8.0,11.4,18.4,257.0,138.8,43.2,18.4,8.6,10.3,1,1,04:09 AM,09:01 PM,06:06 PM,No moonset,Waxing Gibbous,78,Normal
Tunisia,Tunis,36.8028,10.1797,Africa/Tunis,1741513500,2025-03-09 10:45,20.4,68.7,Partly cloudy,15.0,24.1,170,S,1010.0,29.83,0.0,0.0,60,25,20.4,68.7,10.0,6.0,2.9,19.2,30.9,340.4,55.0,8.14,11.84,37.74,85.84,2,4,06:39 AM,06:21 PM,01:34 PM,04:06 AM,Waxing Gibbous,74,Normal
Vanuatu,Port Vila,-17.7333,168.3167,Pacific/Efate,1770360300,2026-02-06 17:45,30.1,86.2,Partly cloudy,12.3,19.8,109,ESE,1009.0,29.8,0.0,0.0,70,75,35.6,96.0,10.0,6.0,0.6,17.0,27.4,71.85,18.0,0.95,0.95,5.65,8.55,1,1,05:37 AM,06:25 PM,09:14 PM,09:09 AM,Waning Gibbous,85,Normal
Thailand,Bangkok,13.75,100.5167,Asia/Bangkok,1753778700,2025-07-29 15:45,33.1,91.6,Partly cloudy,10.5,16.9,261,W,1003.0,29.62,0.04,0.0,59,75,37.6,99.7,10.0,6.0,1.4,12.9,20.8,1283.9,41.0,14.615,7.955,8.88,10.36,1,1,06:02 AM,06:47 PM,09:44 AM,09:59 PM,Waxing Crescent,16,Normal
Zimbabwe,Harare,-17.8178,31.0447,Africa/Harare,1754900100,2025-08-11 10:15,20.6,69.2,Sunny,4.7,7.6,101,ESE,1021.0,30.15,0.0,0.0,36,10,20.6,69.2,10.0,6.0,6.1,5.4,8.7,704.85,70.0,6.29,2.405,29.045,29.97,2,3,06:17 AM,05:45 PM,07:54 PM,07:43 AM,Waning Gibbous,97,Normal
Ukraine,Kyiv,50.4333,30.5167,Europe/Kiev,1753086600,2025-07-21 11:30,24.0,75.3,Light rain shower,8.1,13.0,275,W,1005.0,29.69,0.26,0.01,57,100,25.4,77.8,10.0,6.0,5.5,9.4,15.0,345.95,51.0,18.5,3.33,13.32,14.43,1,2,05:11 AM,08:57 PM,12:52 AM,06:41 PM,Waning Crescent,19,Normal
Djibouti,Djibouti,11.595,43.1481,Africa/Djibouti,1768719600,2026-01-18 10:00,25.6,78.2,Patchy rain nearby,13.2,21.2,110,ESE,1016.0,29.99,0.08,0.0,65,72,27.1,80.8,10.0,6.0,4.2,15.9,25.6,136.85,85.0,2.05,1.55,19.85,54.15,2,2,06:31 AM,06:04 PM,06:10 AM,05:49 PM,New Moon,1,Normal
Lesotho,Maseru,-29.3167,27.4833,Africa/Johannesburg,1736852400,2025-01-14 13:00,22.0,71.6,Partly cloudy,13.2,21.2,320,NW,1017.0,30.03,0.0,0.0,65,75,23.1,73.6,10.0,6.0,14.5,15.2,24.4,307.1,109.0,5.92,34.965,31.08,31.08,2,3,05:25 AM,07:14 PM,08:01 PM,05:32 AM,Waning Gibbous,100,Normal
Croatia,Zagreb,45.8,16.0,Europe/Zagreb,1720443600,2024-07-08 15:00,32.0,89.6,Partly cloudy,2.2,3.6,44,NE,1014.0,29.94,0.0,0.0,56,25,32.6,90.7,10.0,6.0,8.0,3.9,6.2,196.9,140.2,3.4,0.4,10.2,21.8,1,1,05:15 AM,08:47 PM,07:27 AM,10:44 PM,Waxing Crescent,5,Normal
Mauritius,Port Louis,-20.1619,57.4989,Indian/Mauritius,1765783800,2025-12-15 11:30,28.3,82.9,Partly cloudy,19.7,31.7,108,ESE,1018.0,30.06,0.02,0.0,66,50,31.1,88.0,10.0,6.0,11.7,22.6,36.4,77.85,43.0,1.95,1.45,7.45,10.95,1,1,05:25 AM,06:45 PM,01:50 AM,02:56 PM,Waning Crescent,23,Normal
Myanmar,Rangoon,16.7833,96.1667,Asia/Yangon,1763968500,2025-11-24 13:45,31.0,87.8,Sunny,7.4,11.9,16,NNE,1012.0,29.88,0.0,0.0,59,0,33.4,92.1,8.0,4.0,7.0,8.5,13.7,566.85,56.0,9.15,8.35,22.45,22.65,2,2,06:14 AM,05:30 PM,09:32 AM,08:44 PM,Waxing Crescent,11,Normal
Finland,Helsinki,60.18,24.93,Europe/Helsinki,1717336800,2024-06-02 17:00,24.0,75.2,Moderate or heavy rain with thunder,6.9,11.2,190,S,1008.0,29.77,0.01,0.0,50,25,25.7,78.3,10.0,6.0,4.0,8.4,13.6,203.6,79.4,6.7,2.8,3.1,4.6,1,1,04:06 AM,10:32 PM,02:50 AM,04:48 PM,Waning Crescent,25,Normal
Turkey,Ankara,39.9272,32.8644,Europe/Istanbul,1750755600,2025-06-24 12:00,24.3,75.7,Sunny,3.6,5.8,24,NNE,1018.0,30.06,0.0,0.0,31,0,23.3,74.0,10.0,6.0,10.2,4.1,6.6,301.55,69.0,23.31,14.615,16.095,24.79,2,2,05:21 AM,08:21 PM,03:43 AM,07:52 PM,Waning Crescent,4,Normal
Bangladesh,Dhaka,23.7231,90.4086,Asia/Dhaka,1768030200,2026-01-10 13:30,24.7,76.5,Sunny,6.5,10.4,317,NW,1014.0,29.96,0.0,0.0,33,0,24.7,76.5,10.0,6.0,5.1,7.5,12.0,1003.85,51.0,19.65,14.85,81.85,82.55,4,10,06:42 AM,05:29 PM,No moonrise,11:14 AM,Last Quarter,59,Normal
Mozambique,Maputo,-25.9653,32.5892,Africa/Maputo,1764918900,2025-12-05 09:15,26.3,79.3,Sunny,10.1,16.2,357,N,1017.0,30.03,0.0,0.0,54,25,27.4,81.3,10.0,6.0,6.2,11.6,18.6,117.85,45.0,1.75,1.75,6.95,9.15,1,1,04:50 AM,06:31 PM,07:28 PM,04:47 AM,Full Moon,100,Normal
Lithuania,Vilnius,54.6833,25.3167,Europe/Vilnius,1751530500,2025-07-03 11:15,28.0,82.4,Sunny,9.4,15.1,216,SW,1015.0,29.97,0.0,0.0,45,0,28.3,82.9,10.0,6.0,5.8,10.8,17.4,227.55,52.0,9.25,0.37,9.805,13.135,1,1,04:48 AM,09:57 PM,02:35 PM,12:38 AM,Waxing Gibbous,51,Normal
Egypt,Cairo,30.05,31.25,Africa/Cairo,1750928400,2025-06-26 12:00,29.1,84.4,Sunny,6.0,9.7,307,NW,1009.0,29.8,0.0,0.0,37,0,27.0,80.5,10.0,6.0,10.5,7.0,11.2,438.45,85.0,46.065,208.865,40.7,60.31,3,4,05:56 AM,08:00 PM,06:33 AM,09:22 PM,Waxing Crescent,0,Normal
Zambia,Lusaka,-15.42,28.28,Africa/Lusaka,1718115300,2024-06-11 16:15,20.2,68.4,Sunny,10.3,16.6,101,ESE,1021.0,30.15,0.0,0.0,30,8,20.2,68.4,10.0,6.0,7.0,12.3,19.8,907.9,57.9,2.8,4.3,7.4,12.7,1,1,06:30 AM,05:44 PM,10:41 AM,10:20 PM,Waxing Crescent,21,Normal
Japan,Tokyo,35.6895,139.6917,Asia/Tokyo,1730710800,2024-11-04 18:00,21.6,70.8,Clear,15.4,24.8,211,SSW,1017.0,30.03,0.0,0.0,52,0,21.6,70.8,10.0,6.0,0.0,21.2,34.1,573.5,23.0,116.18,141.155,62.9,96.2,3,8,06:06 AM,04:43 PM,08:38 AM,06:06 PM,Waxing Crescent,6,Normal
Comoros,Moroni,-11.7042,43.2403,Indian/Comoro,1734345900,2024-12-16 13:45,26.6,79.8,Patchy rain nearby,4.0,6.5,228,SW,1014.0,29.95,0.02,0.0,70,78,28.6,83.5,10.0,6.0,10.2,5.8,9.3,205.35,50.0,0.555,0.37,11.285,17.205,1,1,05:39 AM,06:27 PM,07:46 PM,06:21 AM,Waning Gibbous,99,Normal
United Arab Emirates,Abu Dhabi,24.4667,54.3667,Asia/Dubai,1760601600,2025-10-16 12:00,34.4,93.9,Sunny,5.1,8.3,184,S,1011.0,29.85,0.0,0.0,32,0,39.8,103.6,10.0,6.0,7.0,7.3,11.7,229.85,46.0,28.15,15.65,37.75,47.95,2,4,06:21 AM,05:55 PM,01:41 AM,03:05 PM,Waning Crescent,29,Normal
El Salvador,San Salvador,13.7086,-89.2031,America/El_Salvador,1744190100,2025-04-09 03:15,26.2,79.2,Clear,4.3,6.8,337,NNW,1012.0,29.87,0.0,0.0,61,0,29.0,84.2,10.0,6.0,0.0,7.1,11.4,436.6,108.0,2.96,2.775,9.065,9.62,1,1,05:47 AM,06:09 PM,03:49 PM,03:43 AM,Waxing Gibbous,88,Normal
Seychelles Islands,Victoria,-4.6167,55.45,Indian/Mahe,1730020500,2024-10-27 13:15,27.6,81.6,Sunny,5.1,8.3,263,W,1010.0,29.83,0.0,0.0,69,5,30.0,86.0,10.0,6.0,12.5,6.9,11.1,197.95,48.0,3.515,4.255,7.215,15.355,1,1,05:55 AM,06:10 PM,02:25 AM,02:36 PM,Waning Crescent,25,Normal
Comoros,Moroni,-11.7042,43.2403,Indian/Comoro,1750064400,2025-06-16 12:00,25.2,77.4,Patchy rain nearby,20.6,33.1,150,SSE,1019.0,30.1,0.01,0.0,67,81,26.7,80.1,10.0,6.0,8.4,23.7,38.1,166.5,70.0,0.555,0.37,9.065,14.8,1,1,06:24 AM,05:51 PM,10:29 PM,10:29 AM,Waning Gibbous,80,Normal
Croatia,Zagreb,45.8,16.0,Europe/Zagreb,1744794000,2025-04-16 11:00,20.2,68.4,Sunny,8.1,13.0,204,SSW,1014.0,29.94,0.0,0.0,56,0,20.2,68.4,10.0,6.0,4.4,9.3,14.9,301.55,69.0,9.99,1.85,21.645,41.995,2,2,06:08 AM,07:44 PM,11:49 PM,07:15 AM,Waning Gibbous,92,Normal
Philippines,Manila,14.6042,120.9822,Asia/Manila,1769152500,2026-01-23 15:15,30.3,86.5,Sunny,13.0,20.9,69,ENE,1014.0,29.94,0.0,0.0,43,25,31.9,89.4,10.0,6.0,3.1,14.9,24.0,431.85,49.0,13.75,12.75,12.85,13.95,1,2,06:25 AM,05:51 PM,09:22 AM,09:44 PM,Waxing Crescent,15,Normal
Morocco,Rabat,34.03,-6.84,Africa/Casablanca,1724242500,2024-08-21 13:15,27.2,81.0,Sunny,8.1,13.0,310,NW,1014.0,29.94,0.0,0.0,70,0,29.8,85.7,6.0,3.0,7.0,10.6,17.1,217.0,100.1,0.1,0.4,9.1,17.7,1,1,06:53 AM,08:07 PM,09:24 PM,08:39 AM,Waning Gibbous,98,Normal
Thailand,Nan,18.7833,100.7833,Asia/Bangkok,1736246700,2025-01-07 17:45,27.3,81.1,Clear,2.2,3.6,50,NE,1011.0,29.85,0.0,0.0,45,0,26.6,80.0,10.0,6.0,7.0,6.7,10.8,856.55,130.0,5.735,16.835,54.76,55.87,3,7,06:51 AM,05:55 PM,12:07 PM,12:04 AM,First Quarter,47,Normal
Sri Lanka,Colombo,6.9319,79.8478,Asia/Colombo,1730365200,2024-10-31 14:30,28.9,84.1,Sunny,8.3,13.3,265,W,1009.0,29.8,0.0,0.0,69,9,32.6,90.6,10.0,6.0,5.7,10.3,16.6,740.0,70.0,30.525,33.115,20.535,32.93,2,2,05:58 AM,05:51 PM,04:52 AM,05:01 PM,Waning Crescent,2,Normal
India,New Delhi,28.6,77.2,Asia/Kolkata,1771656300,2026-02-21 12:15,23.2,73.8,Mist,7.8,12.6,287,WNW,1016.0,30.0,0.0,0.0,61,0,22.9,73.3,2.1,1.0,6.2,9.0,14.5,1094.85,49.0,32.25,25.55,80.75,82.55,4,10,06:54 AM,06:15 PM,08:57 AM,10:15 PM,Waxing Crescent,12,Normal
Vietnam,Hanoi,21.0333,105.85,Asia/Bangkok,1736246700,2025-01-07 17:45,21.1,70.0,Mist,9.6,15.5,148,SSE,1016.0,30.0,0.02,0.0,60,50,21.1,70.0,4.4,2.0,5.0,13.3,21.4,1985.05,121.0,49.025,81.4,198.505,200.725,5,10,06:35 AM,05:31 PM,11:45 AM,No moonset,First Quarter,47,Normal
Albania,Tirana,41.33,19.82,Europe/Tirane,1725537600,2024-09-05 14:00,33.2,91.8,Partly cloudy,2.2,3.6,253,WSW,1012.0,29.88,0.0,0.0,41,25,34.0,93.1,10.0,6.0,8.0,14.4,23.2,175.0,116.0,3.7,2.1,15.1,20.0,1,2,06:11 AM,07:07 PM,08:17 AM,08:05 PM,Waxing Crescent,3,Normal
Turkey,Yaren,39.55,27.6167,Europe/Istanbul,1727947800,2024-10-03 12:30,22.3,72.1,Sunny,4.7,7.6,224,SW,1015.0,29.97,0.0,0.0,46,0,23.2,73.7,10.0,6.0,7.0,5.4,8.7,386.65,49.0,19.24,11.47,48.655,59.755,3,6,07:08 AM,06:48 PM,07:36 AM,07:00 PM,Waxing Crescent,0,Normal
Bulgaria,Lom,43.8139,23.2361,Europe/Sofia,1757059200,2025-09-05 11:00,26.1,79.0,Sunny,8.5,13.7,95,E,1017.0,30.03,0.0,0.0,34,0,24.8,76.7,10.0,6.0,3.5,9.8,15.7,286.75,49.0,9.25,2.775,19.055,22.385,2,2,06:55 AM,07:56 PM,07:02 PM,03:44 AM,Waxing Gibbous,90,Normal
Thailand,Bangkok,13.75,100.52,Asia/Bangkok,1717596900,2024-06-05 21:15,32.0,89.6,Partly cloudy,11.9,19.1,250,WSW,1009.0,29.8,0.0,0.0,56,25,35.9,96.6,10.0,6.0,1.0,16.3,26.3,2029.4,0.0,27.8,30.5,40.2,70.6,2,4,05:50 AM,06:44 PM,04:21 AM,05:38 PM,Waning Crescent,3,Normal
Tanzania,Dodoma,-6.1833,35.75,Africa/Dar_es_Salaam,1760688000,2025-10-17 11:00,24.2,75.6,Sunny,11.2,18.0,96,E,1020.0,30.12,0.0,0.0,54,25,24.9,76.7,10.0,6.0,10.6,12.9,20.7,127.85,63.0,1.95,1.05,5.35,6.05,1,1,06:15 AM,06:30 PM,03:23 AM,03:34 PM,Waning Crescent,19,Normal
Thailand,Nan,18.7833,100.7833,Asia/Bangkok,1751185800,2025-06-29 15:30,31.2,88.2,Light rain,4.7,7.6,195,SSW,1003.0,29.62,1.49,0.06,66,50,45.2,113.4,10.0,6.0,5.5,7.6,12.2,345.95,52.0,5.55,6.66,9.065,9.435,1,1,05:43 AM,06:58 PM,09:18 AM,10:19 PM,Waxing Crescent,13,Normal
Cyprus,Nicosia,35.1667,33.3667,Asia/Famagusta,1729934100,2024-10-26 12:15,25.2,77.4,Sunny,6.7,10.8,22,NNE,1019.0,30.09,0.0,0.0,36,0,24.8,76.6,10.0,6.0,6.0,7.7,12.4,251.6,62.0,5.55,6.845,14.8,20.72,1,2,07:03 AM,05:58 PM,01:15 AM,03:15 PM,Waning Crescent,34,Normal
United Arab Emirates,Abu Dhabi,24.47,54.37,Asia/Dubai,1722946500,2024-08-06 16:15,34.6,94.3,Sunny,7.2,11.5,272,W,997.0,29.44,0.0,0.0,53,16,41.4,106.4,10.0,6.0,8.0,10.8,17.4,250.3,144.5,0.9,0.6,26.9,49.5,2,3,05:54 AM,07:03 PM,07:23 AM,08:26 PM,Waxing Crescent,2,Normal
Djibouti,Djibouti,11.6,43.15,Africa/Djibouti,1723119300,2024-08-08 15:15,33.5,92.4,Sunny,7.8,12.6,67,ENE,1003.0,29.62,0.0,0.0,60,11,41.1,106.1,10.0,6.0,8.0,10.7,17.3,387.2,51.5,0.1,0.0,2.8,7.0,1,1,05:56 AM,06:30 PM,08:52 AM,09:11 PM,Waxing Crescent,11,Normal
South Africa,Pretoria,-25.7469,28.188,Africa/Johannesburg,1729416600,2024-10-20 11:30,27.2,81.0,Sunny,12.3,19.8,14,NNE,1021.0,30.15,0.0,0.0,30,0,25.8,78.5,10.0,6.0,10.7,14.2,22.8,410.7,97.0,4.625,14.06,20.535,30.71,2,2,05:28 AM,06:16 PM,09:56 PM,07:28 AM,Waning Gibbous,91,Normal
Azerbaijan,Baku,40.3953,49.8822,Asia/Baku,1746953100,2025-05-11 12:45,21.3,70.3,Sunny,19.9,32.0,345,NNW,1012.0,29.88,0.0,0.0,64,0,21.3,70.3,10.0,6.0,8.5,27.1,43.6,292.3,93.0,8.14,1.11,9.805,12.395,1,1,05:28 AM,07:46 PM,06:49 PM,04:26 AM,Waxing Gibbous,97,Normal
Myanmar,Yangon,16.7833,96.1667,Asia/Yangon,1738751400,2025-02-05 17:00,31.3,88.3,Sunny,11.4,18.4,167,SSE,1008.0,29.77,0.0,0.0,59,0,32.3,90.2,7.0,4.0,0.0,15.7,25.2,627.15,137.0,2.59,9.99,64.565,72.15,3,8,06:35 AM,06:03 PM,11:24 AM,No moonset,First Quarter,43,Normal
Myanmar,Rangoon,16.7833,96.1667,Asia/Yangon,1765437300,2025-12-11 13:45,31.2,88.2,Sunny,5.8,9.4,21,NNE,1012.0,29.88,0.0,0.0,49,0,31.9,89.5,8.0,4.0,6.8,6.7,10.8,676.85,53.0,10.95,8.65,34.75,34.95,2,3,06:24 AM,05:33 PM,11:54 PM,11:46 AM,Waning Gibbous,62,Normal
Zambia,Lusaka,-15.4167,28.2833,Africa/Lusaka,1748941200,2025-06-03 11:00,22.9,73.2,Sunny,6.3,10.1,73,ENE,1020.0,30.11,0.0,0.0,39,7,24.2,75.6,10.0,6.0,7.6,7.2,11.6,390.35,66.0,1.665,2.96,10.545,11.84,1,1,06:27 AM,05:43 PM,12:36 PM,No moonset,First Quarter,48,Normal
Netherlands,Amsterdam,52.374,4.8897,Europe/Amsterdam,1749891600,2025-06-14 11:00,26.4,79.5,Sunny,12.5,20.2,239,WSW,1015.0,29.97,0.0,0.0,58,0,27.3,81.1,10.0,6.0,4.6,14.4,23.2,455.1,79.0,38.48,4.07,24.42,33.115,2,3,05:18 AM,10:04 PM,12:30 AM,07:42 AM,Waning Gibbous,93,Normal
Cameroon,Ngaoundere,7.32,13.58,Africa/Douala,1724760900,2024-08-27 13:15,26.1,79.0,Sunny,6.5,10.4,229,SW,1013.0,29.9,0.0,0.0,59,21,27.2,81.0,10.0,6.0,7.0,7.5,12.0,454.0,34.7,0.1,0.0,0.5,0.5,1,1,05:59 AM,06:15 PM,12:05 AM,01:04 PM,Waning Crescent,43,Normal
Seychelles Islands,Victoria,-4.6167,55.45,Indian/Mahe,1745658000,2025-04-26 13:00,32.1,89.8,Sunny,4.5,7.2,333,NNW,1010.0,29.83,0.0,0.0,67,25,38.2,100.7,10.0,6.0,11.6,6.0,9.6,160.95,30.0,4.44,7.4,6.475,9.435,1,1,06:17 AM,06:15 PM,04:41 AM,05:01 PM,Waning Crescent,6,Normal
Czech Republic,Prague,50.08,14.47,Europe/Prague,1723552200,2024-08-13 14:30,32.4,90.3,Sunny,5.6,9.0,84,E,1011.0,29.86,0.0,0.0,36,11,32.7,90.8,10.0,6.0,8.0,6.4,10.4,205.3,121.6,2.5,2.4,10.1,11.5,1,1,05:49 AM,08:23 PM,03:42 PM,11:23 PM,Waxing Gibbous,54,Normal
Rwanda,Kigali,-1.9536,30.0606,Africa/Kigali,1738924200,2025-02-07 12:30,26.0,78.8,Partly cloudy,3.6,5.8,62,ENE,1018.0,30.06,0.0,0.0,54,50,25.4,77.7,10.0,6.0,11.3,4.1,6.6,682.65,87.0,2.035,1.85,60.125,75.11,3,8,06:08 AM,06:19 PM,01:53 PM,01:14 AM,Waxing Gibbous,67,Normal
Rwanda,Kigali,-1.95,30.06,Africa/Kigali,1717164900,2024-05-31 16:15,28.0,82.4,Partly cloudy,8.1,13.0,150,SSE,1019.0,30.09,0.09,0.0,42,50,30.4,86.7,10.0,6.0,6.0,12.5,20.2,323.8,47.2,0.6,0.9,12.1,19.6,1,2,05:57 AM,05:58 PM,12:24 AM,12:49 PM,Waning Crescent,47,Normal
Singapore,Singapore,1.2931,103.8558,Asia/Singapore,1740649500,2025-02-27 17:45,31.3,88.3,Partly cloudy,10.5,16.9,58,ENE,1009.0,29.8,0.47,0.02,63,75,39.4,102.9,10.0,6.0,2.4,15.3,24.6,751.1,31.0,59.2,12.95,16.28,18.87,2,2,07:15 AM,07:20 PM,06:27 AM,06:49 PM,Waning Crescent,3,Normal
Azerbaijan,Baku,40.4,49.88,Asia/Baku,1725192000,2024-09-01 16:00,32.3,90.1,Sunny,11.9,19.1,150,SSE,1013.0,29.91,0.0,0.0,36,0,33.8,92.8,10.0,6.0,8.0,12.7,20.5,250.3,103.0,2.4,0.8,15.9,67.7,2,2,06:08 AM,07:12 PM,04:06 AM,06:43 PM,Waning Crescent,4,Normal
Indonesia,Jakarta,-6.2146,106.8451,Asia/Jakarta,1729071000,2024-10-16 16:30,32.1,89.8,Partly cloudy,7.2,11.5,358,N,1008.0,29.77,0.82,0.03,56,25,36.7,98.0,10.0,6.0,1.1,8.6,13.9,3722.2,119.0,106.56,83.805,165.76,237.725,5,10,05:31 AM,05:46 PM,04:43 PM,04:15 AM,Waxing Gibbous,97,Normal
Israel,Jerusalem,31.78,35.23,Asia/Jerusalem,1724587200,2024-08-25 15:00,31.3,88.4,Sunny,6.7,10.8,323,NW,1006.0,29.7,0.0,0.0,33,5,30.9,87.5,10.0,6.0,8.0,8.7,14.1,212.0,200.3,2.7,5.0,19.6,31.9,2,2,06:10 AM,07:11 PM,10:50 PM,12:22 PM,Waning Gibbous,65,Normal
El Salvador,San Salvador,13.7086,-89.2031,America/El_Salvador,1737714600,2025-01-24 04:30,25.1,77.2,Clear,5.8,9.4,348,NNW,1011.0,29.86,0.0,0.0,57,0,27.7,81.8,10.0,6.0,0.0,10.2,16.4,382.95,87.0,3.145,3.33,4.625,4.625,1,1,06:24 AM,05:54 PM,02:03 AM,01:31 PM,Waning Crescent,28,Normal
Cambodia,Phnom Penh,11.55,104.92,Asia/Phnom_Penh,1719494100,2024-06-27 20:15,32.3,90.1,Partly cloudy,2.2,3.6,46,NE,1008.0,29.77,0.15,0.01,59,50,41.1,106.0,10.0,6.0,1.0,6.7,10.8,1562.1,8.4,27.8,8.8,44.1,74.8,3,5,05:40 AM,06:27 PM,11:07 PM,10:29 AM,Waning Gibbous,71,Normal
Italy,Rome,41.9,12.48,Europe/Rome,1726656300,2024-09-18 12:45,23.3,73.9,Partly cloudy,6.0,9.7,158,SSE,1014.0,29.94,0.01,0.0,61,37,24.9,76.7,10.0,6.0,5.0,7.1,11.5,314.5,58.0,13.505,0.925,5.55,8.695,1,1,06:54 AM,07:14 PM,07:31 PM,07:03 AM,Full Moon,100,Normal
Venezuela,Caracas,10.5,-66.92,America/Caracas,1724848200,2024-08-28 08:30,27.4,81.3,Sunny,3.8,6.1,60,ENE,1015.0,29.97,0.0,0.0,62,0,31.8,89.3,10.0,6.0,6.0,4.2,6.7,1668.9,24.0,77.5,71.5,124.5,127.0,4,10,06:18 AM,06:39 PM,01:29 AM,02:45 PM,Waning Crescent,33,Normal
Lesotho,Maseru,-29.3167,27.4833,Africa/Johannesburg,1729588500,2024-10-22 11:15,20.4,68.7,Sunny,16.3,26.3,308,NW,1014.0,29.95,0.0,0.0,35,7,20.4,68.7,10.0,6.0,9.6,19.0,30.5,371.85,70.0,2.59,1.295,14.245,20.535,1,2,05:25 AM,06:24 PM,No moonrise,09:15 AM,Waning Gibbous,74,Normal
Rwanda,Kigali,-1.9536,30.0606,Africa/Kigali,1742291100,2025-03-18 11:45,27.4,81.3,Partly cloudy,2.2,3.6,120,ESE,1019.0,30.09,0.57,0.02,51,75,29.3,84.7,10.0,6.0,13.9,3.4,5.5,608.65,78.0,2.22,2.22,32.56,33.115,2,3,06:04 AM,06:11 PM,09:06 PM,08:49 AM,Waning Gibbous,88,Normal
Zimbabwe,Harare,-17.8178,31.0447,Africa/Harare,1735811100,2025-01-02 11:45,25.2,77.4,Patchy rain nearby,9.8,15.8,33,NNE,1012.0,29.9,0.45,0.02,55,82,26.2,79.2,9.0,5.0,14.4,11.6,18.7,377.4,63.0,1.665,0.37,7.03,7.215,1,1,05:25 AM,06:35 PM,07:36 AM,08:57 PM,Waxing Crescent,5,Normal
Madagascar,Ivory,-24.3667,46.45,Indian/Antananarivo,1740995100,2025-03-03 12:45,29.3,84.8,Patchy rain nearby,7.4,11.9,312,NW,1008.0,29.76,0.1,0.0,60,97,31.9,89.4,10.0,6.0,8.3,9.9,15.9,201.65,32.0,1.295,0.185,0.555,0.555,1,1,05:50 AM,06:21 PM,09:11 AM,08:40 PM,Waxing Crescent,11,Normal
Yemen,Sanaa,15.35,44.21,Asia/Aden,1721910600,2024-07-25 15:30,21.4,70.6,Moderate or heavy rain in area with thunder,8.9,14.4,249,WSW,1009.0,29.79,2.88,0.11,57,77,21.5,70.6,6.0,3.0,5.0,10.4,16.7,212.0,60.8,1.8,5.1,20.8,68.3,2,2,05:44 AM,06:35 PM,09:57 PM,09:29 AM,Waning Gibbous,83,Normal
Namibia,Windhoek,-22.5717,17.0822,Africa/Windhoek,1731661200,2024-11-15 11:00,27.1,80.8,Sunny,13.0,20.9,30,NNE,1024.0,30.24,0.0,0.0,39,0,25.5,77.9,10.0,6.0,11.1,14.9,24.0,264.55,82.0,0.185,0.37,6.475,6.66,1,1,06:00 AM,07:13 PM,07:00 PM,05:17 AM,Full Moon,99,Normal
Qatar,Doha,25.29,51.53,Asia/Qatar,1717510500,2024-06-04 17:15,35.0,95.0,Sunny,6.9,11.2,10,N,1002.0,29.59,0.0,0.0,44,0,37.9,100.2,10.0,6.0,8.0,16.8,27.0,417.2,91.6,96.0,35.3,42.1,80.8,3,5,04:43 AM,06:21 PM,02:39 AM,04:20 PM,Waning Crescent,8,Normal
Thailand,Nan,18.7833,100.7833,Asia/Bangkok,1747040400,2025-05-12 16:00,33.1,91.6,Patchy rain nearby,6.7,10.8,108,ESE,1005.0,29.68,0.08,0.0,53,25,39.6,103.3,10.0,6.0,1.9,8.1,13.1,536.5,101.0,4.625,3.7,30.34,31.265,2,3,05:44 AM,06:43 PM,06:29 PM,05:06 AM,Waxing Gibbous,99,Normal
Uganda,Kampala,0.3156,32.5656,Africa/Kampala,1765955700,2025-12-17 10:15,23.5,74.2,Patchy rain nearby,4.5,7.2,342,NNW,1012.0,29.88,0.7,0.03,68,83,25.3,77.5,9.0,5.0,5.7,5.6,9.0,297.85,49.0,5.65,1.95,21.95,22.55,2,2,06:43 AM,06:49 PM,04:22 AM,04:43 PM,Waning Crescent,9,Normal
Madagascar,Ivory,-24.3667,46.45,Indian/Antananarivo,1738578600,2025-02-03 13:30,31.6,88.9,Sunny,7.2,11.5,179,S,1010.0,29.82,0.0,0.0,36,0,31.6,89.0,10.0,6.0,13.0,8.2,13.2,159.1,48.0,0.37,0.555,5.735,7.585,1,1,05:34 AM,06:42 PM,10:19 AM,10:04 PM,Waxing Crescent,23,Normal
Niger,Niamey,13.52,2.12,Africa/Niamey,1727861400,2024-10-02 10:30,31.2,88.2,Partly cloudy,8.7,14.0,217,SW,1012.0,29.88,0.0,0.0,63,25,34.7,94.4,10.0,6.0,8.0,10.0,16.2,408.85,59.0,2.59,0.555,26.455,77.7,2,3,06:41 AM,06:40 PM,06:20 AM,06:33 PM,New Moon,1,Normal
Oman,Muscat,23.6133,58.5933,Asia/Muscat,1769670000,2026-01-29 11:00,24.3,75.7,Sunny,6.9,11.2,117,ESE,1019.0,30.09,0.0,0.0,50,0,25.5,77.9,10.0,6.0,5.4,8.2,13.1,189.85,72.0,11.65,10.15,11.85,30.25,1,1,06:47 AM,05:50 PM,02:03 PM,03:22 AM,Waxing Gibbous,79,Normal
South Africa,Pretoria,-25.75,28.19,Africa/Johannesburg,1727256600,2024-09-25 11:30,26.3,79.3,Partly cloudy,5.4,8.6,297,WNW,1024.0,30.24,0.0,0.0,32,25,24.7,76.4,10.0,6.0,8.0,6.2,9.9,678.95,101.0,9.065,28.675,33.485,49.95,2,3,05:53 AM,06:05 PM,01:13 AM,11:34 AM,Waning Crescent,48,Normal
Sweden,Stockholm,59.33,18.05,Europe/Stockholm,1720529100,2024-07-09 14:45,21.3,70.3,Partly cloudy,11.9,19.1,270,W,1021.0,30.15,0.0,0.0,53,25,21.3,70.3,10.0,6.0,6.0,16.3,26.3,161.9,67.2,3.1,3.9,1.0,1.9,1,1,03:48 AM,09:57 PM,07:39 AM,11:32 PM,Waxing Crescent,9,Normal
Ethiopia,Addis Ababa,9.0333,38.7,Africa/Addis_Ababa,1744880400,2025-04-17 12:00,22.1,71.8,Partly cloudy,5.1,8.3,129,SE,1027.0,30.33,0.0,0.0,43,50,24.0,75.2,10.0,6.0,8.1,5.9,9.5,617.9,90.0,1.48,2.775,26.455,60.31,2,3,06:14 AM,06:35 PM,10:17 PM,09:10 AM,Waning Gibbous,87,Normal
Cuba,Havana,23.13,-82.36,America/Havana,1716216300,2024-05-20 10:45,31.0,87.8,Partly cloudy,2.2,3.6,265,W,1014.0,29.94,0.0,0.0,66,50,35.2,95.4,9.0,5.0,8.0,4.1,6.6,614.2,88.7,30.2,81.1,41.8,51.8,3,4,06:46 AM,08:06 PM,05:44 PM,04:42 AM,Waxing Gibbous,88,Normal
Georgia,Tbilisi,41.725,44.7908,Asia/Tbilisi,1752137100,2025-07-10 12:45,28.2,82.8,Partly cloudy,12.5,20.2,132,SE,1013.0,29.91,0.0,0.0,40,37,27.2,81.0,10.0,6.0,9.6,14.4,23.2,303.4,44.0,14.06,13.505,45.325,96.57,3,5,05:36 AM,08:36 PM,08:49 PM,04:31 AM,Full Moon,99,Normal
Timor-Leste,Dili,-8.5586,125.5736,Asia/Dili,1755419400,2025-08-17 17:30,27.1,80.7,Sunny,13.6,22.0,60,ENE,1011.0,29.85,0.0,0.0,65,12,28.8,83.9,10.0,6.0,1.2,15.7,25.3,179.45,68.0,2.22,0.925,10.36,13.32,1,1,06:47 AM,06:37 PM,01:00 AM,12:53 PM,Waning Crescent,45,Normal
Hungary,Budapest,47.5,19.08,Europe/Budapest,1718545500,2024-06-16 15:45,24.9,76.8,Partly Cloudy,10.7,17.3,305,NW,1011.0,29.85,0.0,0.0,49,32,25.7,78.3,10.0,6.0,6.0,12.7,20.4,180.2,81.5,0.8,0.5,3.7,3.9,1,1,04:46 AM,08:43 PM,03:00 PM,01:32 AM,Waxing Gibbous,67,Normal
Madagascar,Antananarivo,-18.9167,47.5167,Indian/Antananarivo,1751185800,2025-06-29 11:30,20.3,68.5,Sunny,9.8,15.8,107,ESE,1025.0,30.27,0.0,0.0,53,25,20.3,68.5,10.0,6.0,6.6,11.3,18.2,199.8,57.0,1.48,1.295,6.29,7.03,1,1,06:23 AM,05:24 PM,09:41 AM,09:25 PM,Waxing Crescent,14,Normal
Burundi,Bujumbura,-3.3761,29.36,Africa/Bujumbura,1762156800,2025-11-03 10:00,27.1,80.8,Patchy rain nearby,3.6,5.8,161,SSE,1015.0,29.98,0.21,0.01,58,83,28.3,83.0,9.0,5.0,9.3,4.4,7.1,224.85,72.0,1.95,1.85,15.95,16.15,2,2,05:39 AM,05:53 PM,03:59 PM,03:30 AM,Waxing Gibbous,90,Normal
Somalia,Mogadishu,2.0667,45.3667,Africa/Mogadishu,1739442600,2025-02-13 13:30,29.2,84.6,Sunny,19.9,32.0,85,E,1012.0,29.88,0.0,0.0,70,0,31.9,89.3,10.0,6.0,11.8,22.9,36.9,342.25,81.0,0.185,0.555,37.0,43.475,2,4,06:11 AM,06:14 PM,07:02 PM,06:43 AM,Waning Gibbous,100,Normal
Vietnam,Ban Lom,21.1333,104.7,Asia/Bangkok,1731919500,2024-11-18 15:45,26.9,80.5,Patchy rain nearby,5.6,9.0,105,ESE,1014.0,29.93,0.23,0.01,70,70,29.1,84.4,9.0,5.0,2.4,6.7,10.8,529.1,91.0,7.77,25.53,26.455,26.64,2,3,06:13 AM,05:19 PM,07:31 PM,08:39 AM,Waning Gibbous,95,Normal
Serbia,Belgrade,44.8,20.47,Europe/Belgrade,1717510500,2024-06-04 16:15,25.0,77.0,Partly cloudy,17.4,28.1,280,W,1013.0,29.91,0.0,0.0,51,25,25.9,78.6,10.0,6.0,6.0,21.9,35.3,188.6,93.0,1.1,0.2,1.1,1.4,1,1,04:54 AM,08:19 PM,03:07 AM,06:20 PM,Waning Crescent,8,Normal
Cameroon,Ngaoundere,7.3167,13.5833,Africa/Douala,1746693900,2025-05-08 09:45,27.3,81.1,Sunny,5.8,9.4,176,S,1019.0,30.09,0.0,0.0,62,0,27.9,82.3,10.0,6.0,4.8,6.7,10.8,462.5,42.0,2.775,0.37,30.34,68.45,2,3,05:50 AM,06:15 PM,03:13 PM,02:51 AM,Waxing Gibbous,81,Normal
Austria,Vienna,48.2,16.37,Europe/Vienna,1717424100,2024-06-03 16:15,23.0,73.4,Partly cloudy,2.2,3.6,334,NNW,1011.0,29.85,1.03,0.04,61,75,25.0,77.0,9.0,5.0,5.0,6.7,10.8,181.9,72.2,1.6,0.3,1.9,2.3,1,1,04:57 AM,08:49 PM,02:53 AM,05:25 PM,Waning Crescent,16,Normal
Egypt,Cairo,30.05,31.25,Africa/Cairo,1748336400,2025-05-27 12:00,25.2,77.4,Partly cloudy,10.5,16.9,312,NW,1013.0,29.91,0.0,0.0,47,50,24.8,76.6,10.0,6.0,10.6,12.1,19.5,310.8,80.0,24.79,83.99,28.12,65.49,2,3,05:56 AM,07:49 PM,05:43 AM,08:35 PM,New Moon,0,Normal
Burundi,Bujumbura,-3.3761,29.36,Africa/Bujumbura,1756023300,2025-08-24 10:15,24.3,75.7,Sunny,2.2,3.6,74,ENE,1017.0,30.03,0.0,0.0,54,25,25.0,76.9,7.0,4.0,7.8,6.7,10.8,699.3,90.0,3.885,3.33,30.71,31.265,2,3,06:04 AM,06:06 PM,06:50 AM,07:08 PM,Waxing Crescent,0,Normal
Malta,Valletta,35.8997,14.5147,Europe/Malta,1750496400,2025-06-21 11:00,28.2,82.8,Sunny,10.1,16.2,45,NE,1017.0,30.03,0.0,0.0,55,25,31.0,87.8,10.0,6.0,7.5,12.1,19.5,249.75,113.0,6.475,2.035,14.06,23.125,1,2,05:46 AM,08:22 PM,02:07 AM,04:09 PM,Waning Crescent,27,Normal
Serbia,Belgrade,44.804,20.4651,Europe/Belgrade,1751965200,2025-07-08 11:00,33.1,91.6,Sunny,14.5,23.4,206,SSW,1002.0,29.59,0.0,0.0,36,0,31.0,87.8,10.0,6.0,7.5,16.7,26.9,253.45,98.0,4.44,2.775,16.28,23.31,2,2,05:01 AM,08:25 PM,07:03 PM,02:13 AM,Waxing Gibbous,91,Normal
South Korea,Seoul,37.5664,126.9997,Asia/Seoul,1749027600,2025-06-04 18:00,22.1,71.9,Partly Cloudy,15.0,24.1,293,WNW,1004.0,29.66,0.0,0.0,37,31,23.9,75.0,10.0,6.0,0.6,17.2,27.8,436.6,75.0,48.47,32.375,50.69,88.985,3,6,05:12 AM,07:50 PM,01:19 PM,01:17 AM,Waxing Gibbous,55,Normal
Niger,Niamey,13.52,2.12,Africa/Niamey,1721220300,2024-07-17 13:45,34.5,94.1,Sunny,3.1,5.0,211,SSW,1011.0,29.85,0.0,0.0,42,15,37.7,99.8,10.0,6.0,8.0,3.6,5.8,407.2,19.0,1.4,1.3,2.6,5.7,1,1,06:33 AM,07:23 PM,03:53 PM,02:33 AM,Waxing Gibbous,78,Normal
Mozambique,Maputo,-25.9653,32.5892,Africa/Maputo,1754123400,2025-08-02 10:30,20.4,68.7,Partly cloudy,10.5,16.9,182,S,1032.0,30.47,0.0,0.0,49,50,20.4,68.7,10.0,6.0,3.7,12.4,19.9,222.0,54.0,5.735,6.105,12.395,14.245,1,2,06:28 AM,05:25 PM,11:24 AM,12:29 AM,Waxing Gibbous,54,Normal
United Arab Emirates,Abu Dhabi,24.4667,54.3667,Asia/Dubai,1771224300,2026-02-16 10:45,24.1,75.4,Overcast,22.8,36.7,299,WNW,1015.0,29.97,0.0,0.0,50,0,25.6,78.2,7.0,4.0,4.1,30.5,49.1,163.85,101.0,7.65,4.95,41.95,112.65,3,4,06:56 AM,06:18 PM,06:12 AM,05:21 PM,Waning Crescent,3,Normal
Rwanda,Kigali,-1.95,30.06,Africa/Kigali,1721048400,2024-07-15 15:00,28.0,82.4,Partly cloudy,2.2,3.6,318,NW,1020.0,30.12,0.0,0.0,30,25,27.5,81.5,10.0,6.0,8.0,3.6,5.8,317.1,70.8,0.7,1.0,12.0,15.2,1,2,06:05 AM,06:06 PM,12:50 PM,12:31 AM,Waxing Gibbous,60,Normal
Guinea-Bissau,Bissau,11.85,-15.5833,Africa/Bissau,1738232100,2025-01-30 10:15,25.5,77.8,Sunny,4.5,7.2,73,ENE,1013.0,29.92,0.0,0.0,43,0,25.9,78.5,10.0,6.0,3.2,5.5,8.8,340.4,52.0,1.85,0.925,122.84,342.065,4,10,07:28 AM,07:04 PM,08:18 AM,08:14 PM,Waxing Crescent,0,Normal
Bulgaria,Bogot,43.32,24.7,Europe/Sofia,1717336800,2024-06-02 17:00,28.1,82.5,Sunny,2.2,3.6,89,E,1015.0,29.98,0.0,0.0,47,14,28.5,83.3,10.0,6.0,7.0,2.6,4.1,183.6,93.0,0.3,0.6,3.1,4.6,1,1,05:43 AM,08:56 PM,03:06 AM,04:19 PM,Waning Crescent,25,Normal
Singapore,Singapore,1.2931,103.8558,Asia/Singapore,1760083200,2025-10-10 16:00,31.0,87.8,Partly cloudy,11.2,18.0,247,WSW,1008.0,29.77,0.0,0.0,59,75,37.5,99.5,10.0,6.0,5.8,14.3,23.0,356.85,23.0,41.15,22.95,20.05,20.25,2,2,06:49 AM,06:54 PM,09:55 PM,09:28 AM,Waning Gibbous,91,Normal
Uganda,Kampala,0.3156,32.5656,Africa/Kampala,1770710400,2026-02-10 11:00,22.7,72.9,Patchy rain nearby,5.1,8.3,215,SW,1015.0,29.96,0.17,0.01,70,71,24.9,76.7,10.0,6.0,6.4,5.9,9.5,210.85,53.0,4.75,1.85,15.05,15.25,1,2,07:01 AM,07:07 PM,12:57 AM,01:19 PM,Waning Crescent,47,Normal
Democratic Republic of Congo,Kinshasa,-4.3,15.3,Africa/Brazzaville,1736675100,2025-01-12 10:45,30.3,86.5,Partly cloudy,2.2,3.6,186,S,1013.0,29.91,0.0,0.0,62,50,33.4,92.1,10.0,6.0,6.4,6.7,10.8,608.65,63.0,4.07,1.85,25.16,25.715,2,3,05:57 AM,06:17 PM,05:10 PM,04:18 AM,Waxing Gibbous,95,Normal
Thailand,Bangkok,13.75,100.5167,Asia/Bangkok,1765869300,2025-12-16 14:15,33.3,91.9,Sunny,4.5,7.2,33,NNE,1010.0,29.83,0.0,0.0,44,25,34.5,94.1,10.0,6.0,6.2,5.1,8.3,928.85,35.0,40.85,29.25,23.35,23.35,2,2,06:34 AM,05:53 PM,03:15 AM,02:56 PM,Waning Crescent,16,Normal
Thailand,Nan,18.7833,100.7833,Asia/Bangkok,1742549400,2025-03-21 16:30,31.1,88.0,Sunny,3.1,5.0,125,SE,1014.0,29.94,0.0,0.0,41,0,29.1,84.5,10.0,6.0,1.9,3.6,5.8,780.7,106.0,9.99,15.725,117.66,128.02,4,10,06:20 AM,06:28 PM,No moonrise,10:34 AM,Waning Gibbous,67,Normal
Austria,Vienna,48.2,16.3667,Europe/Vienna,1748421900,2025-05-28 10:45,20.1,68.2,Partly Cloudy,12.8,20.5,284,WNW,1018.0,30.06,0.0,0.0,46,0,20.1,68.2,10.0,6.0,4.2,14.7,23.6,270.1,67.0,9.25,1.48,12.025,20.72,1,2,05:01 AM,08:43 PM,05:26 AM,11:05 PM,Waxing Crescent,1,Normal
Turkmenistan,Ashgabat,37.95,58.3833,Asia/Ashgabat,1729416600,2024-10-20 14:30,22.2,72.0,Partly cloudy,12.3,19.8,323,NW,1013.0,29.91,0.0,0.0,35,75,23.7,74.7,10.0,6.0,3.9,14.2,22.8,384.8,41.0,33.67,11.84,49.95,111.925,3,6,07:20 AM,06:22 PM,08:13 PM,10:50 AM,Waning Gibbous,91,Normal
China,Beijing,39.9289,116.3883,Asia/Shanghai,1757924100,2025-09-15 16:15,23.1,73.6,Cloudy,3.8,6.1,10,N,1012.0,29.88,0.0,0.0,69,0,25.1,77.1,10.0,6.0,0.6,4.9,8.0,2414.25,3.0,104.895,76.405,128.02,151.7,4,10,05:55 AM,06:23 PM,11:29 PM,02:40 PM,Waning Crescent,47,Normal
Russia,Moscow,55.75,37.62,Europe/Moscow,1723982400,2024-08-18 15:00,26.4,79.5,Moderate or heavy rain with thunder,11.9,19.1,290,WNW,1011.0,29.85,0.0,0.0,51,50,26.3,79.3,10.0,6.0,7.0,12.7,20.4,230.3,74.4,9.1,7.0,1.2,1.8,1,1,05:08 AM,07:58 PM,08:02 PM,02:08 AM,Waxing Gibbous,95,Normal
Tunisia,Tunis,36.8028,10.1797,Africa/Tunis,1757319300,2025-09-08 09:15,30.2,86.4,Sunny,2.2,3.6,320,NW,1016.0,30.0,0.0,0.0,59,25,31.4,88.4,10.0,6.0,2.5,2.6,4.1,429.2,36.0,25.345,27.935,27.195,65.12,2,3,05:56 AM,06:37 PM,07:02 PM,06:30 AM,Waning Gibbous,100,Normal
Portugal,Lisbon,38.72,-9.13,Europe/Lisbon,1719236700,2024-06-24 14:45,31.1,88.0,Sunny,12.5,20.2,340,NNW,1010.0,29.83,0.0,0.0,46,0,33.1,91.7,10.0,6.0,7.0,15.2,24.5,171.9,90.8,1.7,1.7,7.7,16.8,1,1,06:13 AM,09:05 PM,11:38 PM,08:23 AM,Waning Gibbous,95,Normal
Monaco,Monaco,43.7333,7.4167,Europe/Paris,1753778700,2025-07-29 10:45,27.4,81.3,Sunny,8.1,13.0,144,SE,1012.0,29.88,0.0,0.0,39,0,28.5,83.2,10.0,6.0,3.4,9.3,14.9,277.5,61.0,12.395,0.925,5.18,6.845,1,1,06:16 AM,08:57 PM,11:13 AM,11:07 PM,Waxing Crescent,18,Normal
Armenia,Yerevan,40.1811,44.5136,Asia/Yerevan,1758872700,2025-09-26 11:45,21.3,70.3,Sunny,4.3,6.8,222,SW,1015.0,29.97,0.0,0.0,35,0,21.3,70.3,10.0,6.0,4.0,4.9,7.9,236.8,50.0,20.535,0.925,7.585,11.1,1,1,06:53 AM,06:52 PM,11:23 AM,08:44 PM,Waxing Crescent,14,Normal
Burundi,Bujumbura,-3.38,29.36,Africa/Bujumbura,1720962900,2024-07-14 15:15,30.1,86.2,Partly cloudy,2.2,3.6,197,SSW,1015.0,29.97,0.0,0.0,49,25,31.0,87.8,10.0,6.0,7.0,12.9,20.7,330.5,75.8,0.4,0.3,13.3,17.5,1,2,06:10 AM,06:07 PM,12:09 PM,No moonset,Waxing Gibbous,50,Normal
Tanzania,Dodoma,-6.1833,35.75,Africa/Dar_es_Salaam,1736333100,2025-01-08 13:45,28.4,83.1,Partly cloudy,4.7,7.6,96,E,1017.0,30.03,0.0,0.0,42,25,28.2,82.8,10.0,6.0,13.5,5.4,8.7,294.15,77.0,1.48,3.515,22.57,28.675,2,2,06:30 AM,06:58 PM,01:48 PM,01:07 AM,Waxing Gibbous,60,Normal
Croatia,Zagreb,45.8,16.0,Europe/Zagreb,1748767500,2025-06-01 10:45,24.2,75.6,Sunny,4.0,6.5,170,S,1018.0,30.06,0.0,0.0,61,0,25.2,77.4,10.0,6.0,4.9,4.6,7.5,284.9,66.0,5.92,1.11,15.725,18.315,2,2,05:10 AM,08:39 PM,10:35 AM,12:55 AM,Waxing Crescent,28,Normal
Zambia,Lusaka,-15.4167,28.2833,Africa/Lusaka,1766991600,2025-12-29 09:00,21.3,70.4,Sunny,9.2,14.8,60,ENE,1016.0,30.02,0.0,0.0,70,10,21.3,70.4,10.0,6.0,3.8,11.3,18.1,134.85,53.0,2.15,1.95,4.95,5.15,1,1,05:38 AM,06:40 PM,01:37 PM,12:39 AM,Waxing Gibbous,62,Normal
Poland,Warsaw,52.25,21.0,Europe/Warsaw,1752741900,2025-07-17 10:45,20.4,68.7,Patchy rain nearby,2.2,3.6,357,N,1011.0,29.85,0.44,0.02,64,25,20.4,68.7,10.0,6.0,3.6,6.7,10.8,305.25,61.0,22.755,6.105,12.95,16.65,1,2,04:35 AM,08:48 PM,11:14 PM,12:41 PM,Waning Gibbous,63,Normal
Spain,Madrid,40.4,-3.6833,Europe/Madrid,1752396300,2025-07-13 10:45,23.2,73.8,Sunny,8.3,13.3,222,SW,1017.0,30.03,0.0,0.0,53,0,24.4,75.8,10.0,6.0,2.6,9.5,15.3,247.9,50.0,17.205,4.81,13.32,19.055,1,2,06:56 AM,09:45 PM,11:42 PM,09:25 AM,Waning Gibbous,95,Normal
Madagascar,Ivory,-24.3667,46.45,Indian/Antananarivo,1742981400,2025-03-26 12:30,30.5,86.9,Sunny,3.6,5.8,63,ENE,1011.0,29.86,0.0,0.0,47,6,31.7,89.1,10.0,6.0,11.2,4.1,6.6,159.1,39.0,0.925,0.185,5.18,6.66,1,1,06:00 AM,05:59 PM,02:32 AM,04:03 PM,Waning Crescent,17,Normal
Comoros,Moroni,-11.7042,43.2403,Indian/Comoro,1756540800,2025-08-30 11:00,26.0,78.8,Sunny,13.0,20.9,171,S,1021.0,30.15,0.0,0.0,63,13,27.4,81.2,10.0,6.0,9.4,14.9,24.0,251.6,88.0,0.74,0.74,12.765,18.13,1,2,06:12 AM,06:04 PM,10:44 AM,11:53 PM,Waxing Crescent,37,Normal
Indonesia,Laos,-8.1826,114.3188,Asia/Jakarta,1729071000,2024-10-16 16:30,27.7,81.8,Patchy rain nearby,7.4,11.9,170,S,1012.0,29.88,0.01,0.0,62,87,29.5,85.0,10.0,6.0,0.7,8.5,13.7,364.45,85.0,2.22,5.365,10.545,17.02,1,1,05:00 AM,05:17 PM,04:12 PM,03:44 AM,Waxing Gibbous,97,Normal
Malaysia,Kuala Lumpur,3.1667,101.7,Asia/Kuala_Lumpur,1739097000,2025-02-09 18:30,29.0,84.2,Partly cloudy,4.0,6.5,73,ENE,1008.0,29.77,0.15,0.01,66,25,31.7,89.0,10.0,6.0,0.5,6.3,10.1,1317.2,61.0,54.76,27.195,63.825,66.045,3,8,07:28 AM,07:28 PM,04:43 PM,04:26 AM,Waxing Gibbous,84,Normal
Rwanda,Kigali,-1.9536,30.0606,Africa/Kigali,1744017300,2025-04-07 11:15,23.3,73.9,Partly cloudy,2.9,4.7,221,SW,1023.0,30.21,2.55,0.1,69,75,25.9,78.6,10.0,6.0,1.7,4.1,6.6,386.65,49.0,3.515,1.85,16.465,16.835,2,2,06:00 AM,06:04 PM,02:20 PM,01:50 AM,Waxing Gibbous,69,Normal
Tanzania,Dodoma,-6.1833,35.75,Africa/Dar_es_Salaam,1754209800,2025-08-03 11:30,22.6,72.6,Sunny,6.0,9.7,135,SE,1021.0,30.14,0.0,0.0,39,10,24.1,75.4,10.0,6.0,9.2,7.0,11.2,229.4,57.0,3.885,0.74,21.645,22.57,2,2,06:47 AM,06:39 PM,01:33 PM,01:31 AM,Waxing Gibbous,63,Normal
Bahrain,Manama,26.2361,50.5831,Asia/Bahrain,1772519400,2026-03-03 09:30,20.0,68.0,Light rain,24.8,40.0,353,N,1015.0,29.97,0.16,0.01,68,0,20.0,68.0,10.0,6.0,2.4,32.0,51.5,232.85,101.0,12.65,24.15,33.95,136.85,2,3,06:00 AM,05:40 PM,05:44 PM,05:50 AM,Full Moon,100,Normal
Indonesia,Jakarta,-6.2146,106.8451,Asia/Jakarta,1728120600,2024-10-05 16:30,31.2,88.2,Partly cloudy,8.5,13.7,10,N,1007.0,29.74,0.72,0.03,63,25,35.6,96.1,9.0,5.0,8.0,10.0,16.2,3764.75,130.0,113.59,129.13,173.53,249.75,5,10,05:36 AM,05:47 PM,07:01 AM,07:38 PM,Waxing Crescent,4,Normal
Egypt,Cairo,30.05,31.25,Africa/Cairo,1748941200,2025-06-03 12:00,25.4,77.7,Partly cloudy,7.6,12.2,2,N,1017.0,30.03,0.0,0.0,51,50,24.5,76.1,10.0,6.0,10.7,8.7,14.1,327.45,89.0,30.895,86.025,32.375,37.555,2,3,05:54 AM,07:53 PM,01:03 PM,01:17 AM,First Quarter,47,Normal
Mauritius,Port Louis,-20.1619,57.4989,Indian/Mauritius,1743412500,2025-03-31 13:15,29.2,84.6,Partly cloudy,16.8,27.0,114,ESE,1015.0,29.97,0.0,0.0,66,50,31.7,89.1,10.0,6.0,10.8,19.3,31.1,159.1,55.0,2.59,1.85,10.36,16.835,1,1,06:17 AM,06:11 PM,08:06 AM,07:38 PM,Waxing Crescent,3,Normal
Belarus,Minsk,53.9,27.57,Europe/Minsk,1723982400,2024-08-18 15:00,28.3,82.9,Light rain,13.6,22.0,340,NNW,1012.0,29.88,0.0,0.0,58,37,28.4,83.0,10.0,6.0,7.0,18.1,29.2,207.0,111.6,1.2,1.3,5.3,5.5,1,1,05:54 AM,08:32 PM,08:32 PM,03:06 AM,Waxing Gibbous,95,Normal
Finland,Helsinki,60.18,24.93,Europe/Helsinki,1723896900,2024-08-17 15:15,23.1,73.6,Partly cloudy,13.6,22.0,230,SW,1006.0,29.71,0.0,0.0,53,25,24.8,76.6,10.0,6.0,5.0,18.6,30.0,203.6,91.6,2.3,1.6,2.7,4.4,1,1,05:40 AM,09:08 PM,09:23 PM,12:22 AM,Waxing Gibbous,90,Normal
Slovenia,Ljubljana,46.06,14.51,Europe/Ljubljana,1717682400,2024-06-06 16:00,27.0,80.6,Partly cloudy,2.2,3.6,229,SW,1017.0,30.03,0.13,0.01,48,50,28.3,83.0,10.0,6.0,5.0,7.0,11.3,191.9,110.2,1.3,1.0,3.2,3.6,1,1,05:12 AM,08:50 PM,04:33 AM,09:26 PM,New Moon,0,Normal
Egypt,Cairo,30.05,31.25,Africa/Cairo,1741859100,2025-03-13 11:45,28.0,82.4,Mist,2.2,3.6,247,WSW,1014.0,29.94,0.0,0.0,30,0,26.4,79.5,4.0,2.0,6.7,2.4,3.9,945.35,32.0,81.215,181.485,81.4,143.56,4,10,06:07 AM,06:02 PM,05:25 PM,05:41 AM,Waxing Gibbous,98,Normal
Democratic Republic of Congo,Kinshasa,-4.3,15.3,Africa/Brazzaville,1730970000,2024-11-07 10:00,30.7,87.3,Partly Cloudy,2.2,3.6,253,WSW,1011.0,29.84,0.0,0.0,63,31,35.1,95.2,10.0,6.0,6.3,6.7,10.8,904.65,48.0,4.625,1.295,13.135,18.685,1,2,05:34 AM,05:51 PM,10:23 AM,11:07 PM,Waxing Crescent,27,Normal
Australia,Canberra,-35.2833,149.2167,Australia/Sydney,1765350900,2025-12-10 18:15,24.3,75.7,Overcast,10.3,16.6,138,SE,1016.0,30.0,0.0,0.0,50,100,25.6,78.0,10.0,6.0,0.4,13.3,21.5,74.85,54.0,2.05,1.45,6.65,8.55,1,1,05:42 AM,08:10 PM,12:11 AM,11:00 AM,Waning Gibbous,73,Normal
Guinea,Conakry,9.5092,-13.7122,Africa/Conakry,1734517800,2024-12-18 10:30,26.3,79.3,Mist,10.3,16.6,106,ESE,1014.0,29.94,0.0,0.0,70,25,27.6,81.8,4.0,2.0,3.1,16.4,26.4,654.9,101.0,3.145,4.255,74.555,180.56,4,10,07:05 AM,06:39 PM,09:52 PM,09:57 AM,Waning Gibbous,92,Normal
Brazil,Bras,-2.0833,-58.1667,America/Manaus,1762674300,2025-11-09 03:45,27.1,80.7,Partly Cloudy,2.2,3.6,93,E,1006.0,29.71,0.0,0.0,47,29,27.5,81.4,10.0,6.0,0.0,4.2,6.8,302.85,60.0,3.35,1.85,32.95,34.15,2,3,05:31 AM,05:43 PM,10:13 PM,09:33 AM,Waning Gibbous,81,Normal
Myanmar,Yangon,16.7833,96.1667,Asia/Yangon,1733136300,2024-12-02 17:15,28.3,82.9,Sunny,4.9,7.9,330,NNW,1008.0,29.76,0.0,0.0,64,1,30.7,87.2,10.0,6.0,0.0,9.3,14.9,775.15,141.0,3.885,10.545,29.785,29.97,2,3,06:19 AM,05:31 PM,07:08 AM,06:17 PM,Waxing Crescent,0,Normal
Indonesia,Laos,-8.1826,114.3188,Asia/Jakarta,1767770100,2026-01-07 14:15,30.1,86.1,Patchy rain nearby,7.2,11.5,180,S,1008.0,29.77,0.15,0.01,63,76,33.7,92.7,10.0,6.0,6.6,8.3,13.4,465.85,68.0,10.35,3.45,42.85,45.55,3,5,05:12 AM,05:46 PM,09:12 PM,08:37 AM,Waning Gibbous,86,Normal
United Arab Emirates,Abu Dhabi,24.4667,54.3667,Asia/Dubai,1739010600,2025-02-08 14:30,25.3,77.5,Overcast,11.4,18.4,296,WNW,1013.0,29.91,0.01,0.0,69,0,27.9,82.2,6.0,3.0,4.4,15.9,25.7,460.65,65.0,32.93,17.02,65.675,115.81,4,9,07:01 AM,06:13 PM,02:08 PM,03:36 AM,Waxing Gibbous,76,Normal
Central African Republic,Bangui,4.37,18.58,Africa/Bangui,1718891100,2024-06-20 14:45,33.3,91.9,Partly cloudy,5.6,9.0,270,W,1009.0,29.8,0.17,0.01,59,50,34.7,94.4,10.0,6.0,7.0,10.1,16.2,554.1,27.9,0.2,0.0,3.0,3.1,1,1,05:36 AM,05:59 PM,04:39 PM,03:53 AM,Waxing Gibbous,95,Normal
Burkina Faso,Ouagadougou,12.3703,-1.5247,Africa/Ouagadougou,1741686300,2025-03-11 09:45,30.1,86.2,Sunny,12.1,19.4,255,WSW,1013.0,29.91,0.0,0.0,59,0,29.4,84.9,10.0,6.0,3.9,13.9,22.4,629.0,84.0,2.405,1.295,49.95,240.315,3,6,06:16 AM,06:16 PM,04:14 PM,04:24 AM,Waxing Gibbous,90,Normal
Estonia,Tallinn,59.4339,24.7281,Europe/Tallinn,1751531400,2025-07-03 11:30,25.1,77.2,Sunny,11.2,18.0,190,S,1008.0,29.77,0.0,0.0,44,0,25.7,78.2,10.0,6.0,4.9,19.0,30.6,249.75,69.0,5.92,0.74,8.51,11.84,1,1,04:11 AM,10:38 PM,02:50 PM,12:33 AM,Waxing Gibbous,51,Normal
Vietnam,Ban Lom,21.1333,104.7,Asia/Bangkok,1747471500,2025-05-17 15:45,31.0,87.9,Patchy rain nearby,2.9,4.7,236,WSW,1007.0,29.75,0.25,0.01,62,87,35.5,96.0,9.0,5.0,4.6,3.4,5.5,290.45,69.0,4.255,5.365,27.195,27.75,2,3,05:23 AM,06:33 PM,10:44 PM,08:43 AM,Waning Gibbous,85,Normal
Lebanon,Beirut,33.8719,35.5097,Asia/Beirut,1729588500,2024-10-22 12:15,21.1,70.0,Sunny,23.7,38.2,3,N,1018.0,30.05,0.0,0.0,42,0,21.1,70.0,10.0,6.0,4.6,27.3,43.9,473.6,56.0,55.315,103.785,21.46,29.23,2,2,06:49 AM,05:56 PM,09:59 PM,12:25 PM,Waning Gibbous,74,Normal
Pakistan,Islamabad,33.7,73.17,Asia/Karachi,1726484400,2024-09-16 16:00,32.1,89.8,Sunny,4.7,7.6,280,W,1004.0,29.65,0.0,0.0,39,3,32.9,91.1,10.0,6.0,8.0,5.4,8.7,973.1,181.0,22.94,31.08,59.015,114.145,3,8,05:52 AM,06:12 PM,05:21 PM,03:24 AM,Waxing Gibbous,93,Normal
Switzerland,Bern,46.92,7.47,Europe/Zurich,1725797700,2024-09-08 14:15,21.3,70.3,Overcast,2.2,3.6,10,N,1012.0,29.88,1.46,0.06,64,100,21.3,70.3,10.0,6.0,4.0,2.5,4.0,268.25,83.0,3.7,0.37,6.105,8.88,1,1,06:59 AM,07:55 PM,12:30 PM,09:42 PM,Waxing Crescent,20,Normal
Mozambique,Maputo,-25.9653,32.5892,Africa/Maputo,1746348300,2025-05-04 10:45,22.2,72.0,Sunny,10.3,16.6,182,S,1027.0,30.33,0.0,0.0,61,25,24.5,76.2,10.0,6.0,3.9,11.8,19.0,166.5,48.0,3.7,5.18,8.14,10.175,1,1,06:15 AM,05:18 PM,12:47 PM,11:48 PM,First Quarter,43,Normal
Angola,Luanda,-8.8383,13.2344,Africa/Luanda,1738062000,2025-01-28 12:00,29.3,84.7,Partly cloudy,6.7,10.8,294,WNW,1012.0,29.88,0.31,0.01,70,50,33.6,92.5,10.0,6.0,12.1,9.3,15.0,273.8,68.0,6.475,5.18,10.915,13.135,1,1,06:05 AM,06:35 PM,04:54 AM,05:57 PM,Waning Crescent,3,Normal
Iraq,Baghdad,33.3386,44.3939,Asia/Baghdad,1731833100,2024-11-17 11:45,23.3,73.9,Mist,6.7,10.8,11,NNE,1016.0,30.01,0.0,0.0,47,75,23.6,74.6,9.0,5.0,3.3,8.0,12.8,4952.45,7.0,134.68,67.155,38.85,56.24,2,4,06:36 AM,04:59 PM,06:05 PM,08:19 AM,Waning Gibbous,98,Normal
Cape Verde,Praia,14.9315,-23.5125,Atlantic/Cape_Verde,1769670000,2026-01-29 06:00,22.1,71.8,Clear,14.5,23.4,15,NNE,1016.0,30.0,0.0,0.0,43,0,24.6,76.3,10.0,6.0,0.0,21.8,35.1,147.85,70.0,1.45,1.35,18.45,27.85,2,2,07:03 AM,06:31 PM,03:08 PM,03:44 AM,Waxing Gibbous,81,Normal
Egypt,Cairo,30.05,31.25,Africa/Cairo,1760516100,2025-10-15 11:15,24.2,75.6,Partly cloudy,10.7,17.3,22,NNE,1017.0,30.03,0.0,0.0,54,50,25.1,77.2,10.0,6.0,4.6,12.3,19.9,281.85,39.0,34.15,62.45,19.15,30.05,2,2,06:57 AM,06:24 PM,01:05 AM,03:14 PM,Waning Crescent,38,Normal
Comoros,Moroni,-11.7042,43.2403,Indian/Comoro,1771310700,2026-02-17 09:45,30.0,86.0,Sunny,2.9,4.7,314,NW,1012.0,29.88,0.0,0.0,66,25,35.2,95.3,10.0,6.0,6.2,3.4,5.4,121.85,32.0,1.35,1.05,4.35,5.95,1,1,06:07 AM,06:34 PM,05:53 AM,06:38 PM,New Moon,0,Normal
Dominica,Roseau,15.3,-61.4,America/Dominica,1720357200,2024-07-07 09:00,29.3,84.7,Partly cloudy,2.2,3.6,77,ENE,1014.0,29.94,0.02,0.0,66,25,34.4,93.9,10.0,6.0,6.0,18.5,29.7,173.6,29.3,0.7,0.2,1.7,4.1,1,1,05:41 AM,06:40 PM,07:04 AM,08:22 PM,Waxing Crescent,1,Normal
Bulgaria,Bogot,43.32,24.7,Europe/Sofia,1718804700,2024-06-19 16:45,33.7,92.6,Sunny,3.8,6.1,108,ESE,1016.0,29.99,0.0,0.0,33,10,33.9,93.1,10.0,6.0,8.0,4.4,7.1,170.2,105.9,0.5,0.4,6.0,6.5,1,1,05:41 AM,09:05 PM,06:52 PM,03:16 AM,Waxing Gibbous,90,Normal
Syria,Damascus,33.5,36.3,Asia/Damascus,1748336400,2025-05-27 12:00,28.4,83.1,Overcast,14.3,23.0,272,W,1009.0,29.8,0.0,0.0,42,0,26.4,79.4,5.0,3.0,9.7,16.5,26.5,231.25,86.0,14.06,80.105,40.885,99.715,3,4,05:28 AM,07:37 PM,05:12 AM,08:25 PM,New Moon,0,Normal
Israel,Jerusalem,31.78,35.23,Asia/Jerusalem,1764918900,2025-12-05 09:15,21.0,69.8,Sunny,4.7,7.6,104,ESE,1013.0,29.91,0.0,0.0,40,0,21.0,69.8,10.0,6.0,1.2,8.2,13.2,171.85,47.0,13.25,22.35,34.55,84.75,2,3,06:24 AM,04:35 PM,04:52 PM,06:57 AM,Full Moon,100,Normal
Eritrea,Asmara,15.3333,38.9333,Africa/Asmara,1729416600,2024-10-20 12:30,22.6,72.6,Sunny,11.6,18.7,65,ENE,1014.0,29.95,0.0,0.0,32,4,23.6,74.6,10.0,6.0,11.2,16.3,26.2,266.4,96.0,0.74,3.7,22.015,69.56,2,2,06:17 AM,06:01 PM,08:37 PM,09:11 AM,Waning Gibbous,91,Normal
Madagascar,Ivory,-24.37,46.45,Indian/Antananarivo,1719408600,2024-06-26 16:30,24.3,75.8,Sunny,6.3,10.1,96,E,1022.0,30.18,0.0,0.0,38,0,24.9,76.8,10.0,6.0,7.0,8.0,12.8,217.0,47.9,0.0,0.0,0.7,1.4,1,1,06:38 AM,05:16 PM,09:54 PM,10:16 AM,Waning Gibbous,81,Normal
Indonesia,Laos,-8.1826,114.3188,Asia/Jakarta,1764831600,2025-12-04 14:00,30.0,85.9,Patchy rain nearby,5.8,9.4,148,SSE,1009.0,29.81,0.52,0.02,63,77,33.6,92.6,9.0,5.0,6.8,7.0,11.3,352.85,66.0,7.15,3.35,33.35,36.75,2,3,04:56 AM,05:30 PM,04:51 PM,03:46 AM,Waxing Gibbous,97,Normal
Madagascar,Antananarivo,-18.9167,47.5167,Indian/Antananarivo,1728380700,2024-10-08 12:45,28.2,82.8,Partly cloudy,5.8,9.4,316,NW,1021.0,30.15,0.0,0.0,30,75,26.2,79.2,10.0,6.0,8.0,6.7,10.8,405.15,70.0,0.74,1.48,14.06,20.72,1,2,05:26 AM,05:50 PM,08:54 AM,10:47 PM,Waxing Crescent,23,Normal
South Korea,Seoul,37.57,127.0,Asia/Seoul,1727084700,2024-09-23 18:45,24.2,75.6,Clear,3.6,5.8,100,E,1017.0,30.03,0.0,0.0,50,0,25.2,77.4,10.0,6.0,6.0,5.4,8.7,370.0,61.0,24.42,10.175,12.025,19.24,1,2,06:20 AM,06:27 PM,09:41 PM,12:22 PM,Waning Gibbous,69,Normal
Azerbaijan,Baku,40.4,49.88,Asia/Baku,1722255300,2024-07-29 16:15,26.8,80.2,Sunny,10.7,17.3,27,NNE,1014.0,29.93,0.0,0.0,48,12,27.3,81.1,10.0,6.0,7.0,12.9,20.7,190.3,94.4,1.8,0.4,1.9,4.9,1,1,05:36 AM,07:58 PM,No moonrise,02:53 PM,Waning Crescent,40,Normal
Madagascar,Ivory,-24.37,46.45,Indian/Antananarivo,1718460000,2024-06-15 17:00,20.6,69.0,Partly Cloudy,5.1,8.3,152,SSE,1018.0,30.07,0.0,0.0,69,40,20.6,69.0,10.0,6.0,7.0,7.6,12.2,217.0,45.4,0.1,0.1,0.6,1.3,1,1,06:36 AM,05:14 PM,12:42 PM,12:26 AM,Waxing Gibbous,57,Normal
Russia,Moscow,55.75,37.62,Europe/Moscow,1722341700,2024-07-30 15:15,20.9,69.7,Light rain shower,8.7,14.0,16,NNE,998.0,29.48,0.24,0.01,64,70,21.0,69.7,10.0,6.0,5.0,10.8,17.4,350.5,22.4,56.9,20.0,4.3,6.7,1,1,04:31 AM,08:39 PM,11:26 PM,05:28 PM,Waning Crescent,30,Normal
Bangladesh,Dhaka,23.72,90.41,Asia/Dhaka,1721133900,2024-07-16 18:45,31.5,88.8,Thundery outbreaks in nearby,12.1,19.4,163,SSE,999.0,29.51,0.0,0.0,69,37,38.6,101.5,9.0,5.0,7.0,16.2,26.1,447.3,20.4,19.7,8.1,6.9,9.6,1,1,05:21 AM,06:48 PM,02:10 PM,12:29 AM,Waxing Gibbous,69,Normal
Georgia,Tbilisi,41.725,44.7908,Asia/Tbilisi,1752741900,2025-07-17 12:45,30.4,86.7,Sunny,8.1,13.0,333,NNW,1009.0,29.8,0.0,0.0,46,0,29.8,85.6,10.0,6.0,9.2,9.3,14.9,294.15,61.0,7.03,4.44,17.02,18.87,2,2,05:41 AM,08:32 PM,11:57 PM,12:46 PM,Waning Gibbous,63,Normal
Cape Verde,Praia,14.9315,-23.5125,Atlantic/Cape_Verde,1770533100,2026-02-08 05:45,22.0,71.6,Clear,13.4,21.6,10,N,1016.0,30.0,0.0,0.0,53,25,24.5,76.1,10.0,6.0,0.0,21.4,34.4,133.85,59.0,1.25,1.25,26.25,73.25,2,3,07:01 AM,06:35 PM,No moonrise,11:17 AM,Waning Gibbous,64,Normal
Benin,Porto-Novo,6.4833,2.6167,Africa/Porto-Novo,1733653800,2024-12-08 11:30,30.3,86.5,Partly cloudy,4.5,7.2,49,NE,1011.0,29.85,0.0,0.0,62,25,29.6,85.3,8.0,4.0,6.1,5.1,8.3,640.1,81.0,3.7,2.22,38.295,66.97,2,4,06:49 AM,06:34 PM,12:49 PM,12:16 AM,First Quarter,42,Normal
Thailand,Bangkok,13.75,100.52,Asia/Bangkok,1727688600,2024-09-30 16:30,35.0,95.0,Partly cloudy,6.7,10.8,277,W,1003.0,29.62,0.0,0.0,50,25,40.4,104.7,10.0,6.0,7.0,8.0,12.9,604.95,65.0,29.785,19.61,32.56,46.99,2,3,06:07 AM,06:08 PM,04:04 AM,04:45 PM,Waning Crescent,7,Normal
Maldives,Dhidhdhoo,6.8833,73.1,Indian/Maldives,1744794000,2025-04-16 14:00,29.1,84.4,Partly Cloudy,7.4,11.9,289,WNW,1009.0,29.79,0.0,0.0,70,39,33.0,91.5,10.0,6.0,9.6,9.8,15.8,266.929,83.0,0.0,0.51,24.823,54.066,2,3,05:59 AM,06:16 PM,08:57 PM,08:04 AM,Waning Gibbous,93,Normal
Chad,N'djamena,12.11,15.05,Africa/Douala,1722774600,2024-08-04 13:30,27.9,82.3,Light rain shower,17.9,28.8,225,SW,1012.0,29.89,0.96,0.04,67,61,30.4,86.7,10.0,6.0,6.0,27.2,43.7,480.7,39.0,0.4,0.2,1.7,2.1,1,1,05:47 AM,06:24 PM,05:39 AM,06:40 PM,New Moon,0,Normal
Zambia,Lusaka,-15.4167,28.2833,Africa/Lusaka,1730192400,2024-10-29 11:00,29.8,85.7,Partly Cloudy,8.9,14.4,340,NNW,1009.0,29.79,0.0,0.0,35,32,29.3,84.8,10.0,6.0,2.8,10.3,16.6,621.6,81.0,1.48,1.85,24.42,35.705,2,3,05:32 AM,06:09 PM,03:33 AM,03:52 PM,Waning Crescent,11,Normal
South Africa,Pretoria,-25.7469,28.188,Africa/Johannesburg,1742376600,2025-03-19 11:30,22.7,72.8,Patchy rain nearby,6.3,10.1,27,NNE,1020.0,30.12,0.44,0.02,53,80,24.7,76.4,9.0,5.0,6.6,7.3,11.7,370.0,97.0,17.575,46.435,48.1,49.025,3,6,06:10 AM,06:19 PM,09:11 PM,10:28 AM,Waning Gibbous,82,Normal
Cape Verde,Praia,14.9315,-23.5125,Atlantic/Cape_Verde,1735209000,2024-12-26 09:30,22.3,72.1,Partly Cloudy,13.4,21.6,36,NE,1017.0,30.04,0.0,0.0,69,52,24.7,76.4,10.0,6.0,1.6,17.3,27.9,277.5,89.0,0.74,0.925,30.525,59.57,2,3,06:57 AM,06:12 PM,02:59 AM,02:37 PM,Waning Crescent,22,Normal
Comoros,Moroni,-11.7042,43.2403,Indian/Comoro,1764659700,2025-12-02 10:15,25.6,78.1,Patchy rain nearby,7.4,11.9,297,WNW,1014.0,29.94,0.01,0.0,69,81,27.3,81.1,10.0,6.0,8.5,10.9,17.5,169.85,56.0,1.15,1.35,9.15,12.75,1,1,05:34 AM,06:19 PM,03:45 PM,02:49 AM,Waxing Gibbous,86,Normal
Liechtenstein,Vaduz,47.1333,9.5167,Europe/Zurich,1750668300,2025-06-23 10:45,26.0,78.8,Sunny,2.2,3.6,293,WNW,1017.0,30.03,0.0,0.0,51,25,26.7,80.0,10.0,6.0,3.6,6.7,10.8,247.9,55.0,6.66,0.185,10.915,16.835,1,1,05:27 AM,09:22 PM,03:02 AM,07:50 PM,Waning Crescent,9,Normal
Belgium,Brussels,50.8333,4.3333,Europe/Brussels,1750064400,2025-06-16 11:00,20.0,68.0,Patchy rain nearby,5.8,9.4,277,W,1028.0,30.36,0.04,0.0,64,0,20.0,68.0,10.0,6.0,4.9,6.7,10.8,384.8,49.0,19.425,2.405,15.725,22.755,2,2,05:29 AM,09:59 PM,01:09 AM,10:34 AM,Waning Gibbous,79,Normal
Malaysia,Kuala Lumpur,3.1667,101.7,Asia/Kuala_Lumpur,1740995100,2025-03-03 17:45,32.1,89.8,Partly cloudy,4.0,6.5,228,SW,1005.0,29.68,0.63,0.02,67,25,40.7,105.3,10.0,6.0,1.8,5.2,8.4,2355.05,62.0,109.705,41.44,143.005,143.93,4,10,07:24 AM,07:27 PM,09:55 AM,10:26 PM,Waxing Crescent,10,Normal
Spain,Madrid,40.4,-3.6833,Europe/Madrid,1750669200,2025-06-23 11:00,29.2,84.6,Sunny,3.1,5.0,51,NE,1021.0,30.15,0.0,0.0,33,0,27.7,81.8,10.0,6.0,4.7,3.6,5.8,288.6,57.0,39.775,6.105,25.715,44.585,2,3,06:45 AM,09:49 PM,04:23 AM,08:14 PM,Waning Crescent,9,Normal
Angola,Luanda,-8.8383,13.2344,Africa/Luanda,1728639000,2024-10-11 10:30,26.3,79.3,Sunny,4.7,7.6,287,WNW,1013.0,29.93,0.0,0.0,70,7,28.2,82.7,10.0,6.0,6.9,5.7,9.2,462.5,63.0,6.29,5.92,32.005,49.95,2,3,05:46 AM,06:02 PM,12:29 PM,12:36 AM,Waxing Gibbous,52,Normal
Guinea,Conakry,9.5092,-13.7122,Africa/Conakry,1734691500,2024-12-20 10:45,24.6,76.4,Sunny,6.0,9.7,117,ESE,1015.0,29.97,0.0,0.0,41,0,25.2,77.4,10.0,6.0,3.1,9.7,15.6,577.2,98.0,3.515,4.44,100.64,217.005,4,10,07:06 AM,06:40 PM,11:31 PM,11:25 AM,Waning Gibbous,77,Normal
Djibouti,Djibouti,11.595,43.1481,Africa/Djibouti,1740649500,2025-02-27 12:45,27.4,81.3,Sunny,10.3,16.6,82,E,1016.0,30.01,0.0,0.0,61,0,29.0,84.3,10.0,6.0,11.3,11.8,19.0,355.2,95.0,1.85,3.145,37.0,63.455,2,4,06:23 AM,06:17 PM,05:51 AM,05:52 PM,Waning Crescent,2,Normal
Paraguay,Aguaray,-19.85,-58.5167,America/Asuncion,1765955700,2025-12-17 04:15,21.6,70.8,Partly Cloudy,4.3,6.8,202,SSW,1010.0,29.83,0.0,0.0,68,45,21.6,70.8,10.0,6.0,0.0,7.0,11.3,106.678,43.0,1.478,0.978,6.078,6.878,1,1,06:10 AM,07:31 PM,04:00 AM,05:41 PM,Waning Crescent,8,Normal
San Marino,San Marino,43.9333,12.45,Europe/San_Marino,1755591300,2025-08-19 10:15,27.1,80.8,Sunny,7.8,12.6,71,ENE,1014.0,29.94,0.0,0.0,58,0,27.1,80.8,10.0,6.0,3.2,9.0,14.5,283.022,81.0,6.026,0.548,9.13,14.608,1,1,06:19 AM,08:08 PM,01:26 AM,06:12 PM,Waning Crescent,21,Normal
Serbia,Belgrade,44.8,20.47,Europe/Belgrade,1727084700,2024-09-23 11:45,24.4,75.9,Sunny,8.1,13.0,143,SE,1016.0,30.0,0.0,0.0,39,0,24.5,76.0,10.0,6.0,6.0,9.3,14.9,384.8,72.0,9.065,7.215,20.905,23.865,2,2,06:27 AM,06:33 PM,09:30 PM,01:20 PM,Waning Gibbous,69,Normal
Israel,Jerusalem,31.78,35.23,Asia/Jerusalem,1744449300,2025-04-12 12:15,20.1,68.2,Moderate rain,18.6,29.9,267,W,1014.0,29.94,0.04,0.0,49,50,20.1,68.2,10.0,6.0,6.8,22.7,36.5,259.0,99.0,4.44,2.775,12.58,18.13,1,2,06:14 AM,07:06 PM,06:46 PM,05:45 AM,Waxing Gibbous,99,Normal
Russia,Moscow,55.75,37.62,Europe/Moscow,1719580500,2024-06-28 16:15,27.3,81.1,Sunny,4.3,6.8,220,SW,1017.0,30.03,0.0,0.0,32,0,26.4,79.5,10.0,6.0,7.0,5.2,8.3,195.3,60.1,14.7,11.4,1.9,2.9,1,1,03:48 AM,09:18 PM,12:06 AM,11:57 AM,Last Quarter,60,Normal
Swaziland,Mbabane,-26.3167,31.1333,Africa/Mbabane,1742549400,2025-03-21 11:30,25.2,77.4,Partly cloudy,2.2,3.6,103,ESE,1020.0,30.12,0.0,0.0,69,50,25.4,77.7,10.0,6.0,10.7,6.7,10.8,188.7,54.0,6.66,18.87,12.21,13.135,1,2,06:00 AM,06:05 PM,10:29 PM,12:10 PM,Waning Gibbous,65,Normal
Myanmar,Yangon,16.7833,96.1667,Asia/Yangon,1742463900,2025-03-20 16:15,34.2,93.6,Partly cloudy,14.8,23.8,159,SSE,1011.0,29.85,0.0,0.0,47,25,35.6,96.1,7.0,4.0,1.1,17.0,27.3,582.75,121.0,3.33,8.325,52.355,60.865,3,6,06:09 AM,06:16 PM,11:19 PM,09:42 AM,Waning Gibbous,75,Normal
Hungary,Budapest,47.5,19.0833,Europe/Budapest,1750669200,2025-06-23 11:00,28.0,82.4,Sunny,11.2,18.0,217,SW,1016.0,30.0,0.0,0.0,33,0,26.0,78.8,10.0,6.0,7.4,12.9,20.7,301.55,97.0,8.325,1.48,11.47,16.835,1,1,04:47 AM,08:45 PM,02:21 AM,07:12 PM,Waning Crescent,9,Normal
Vietnam,Ban Lom,21.1333,104.7,Asia/Bangkok,1754555400,2025-08-07 15:30,31.0,87.8,Patchy rain nearby,3.4,5.4,278,W,1006.0,29.7,0.15,0.01,68,74,36.8,98.2,10.0,6.0,5.7,3.9,6.3,292.3,44.0,7.03,4.07,11.655,13.32,1,1,05:37 AM,06:36 PM,05:18 PM,03:16 AM,Waxing Gibbous,92,Normal
Croatia,Zagreb,45.8,16.0,Europe/Zagreb,1754036100,2025-08-01 10:15,23.4,74.1,Sunny,2.9,4.7,144,SE,1014.0,29.94,0.0,0.0,61,0,24.6,76.3,10.0,6.0,4.3,3.4,5.4,392.2,70.0,14.985,2.035,24.79,30.71,2,3,05:39 AM,08:25 PM,01:57 PM,11:24 PM,First Quarter,44,Normal
Antigua and Barbuda,Saint John's,17.1167,-61.85,America/Antigua,1738665000,2025-02-04 06:30,24.1,75.4,Overcast,17.4,28.1,81,E,1015.0,29.97,0.49,0.02,69,75,26.0,78.7,10.0,6.0,0.0,24.3,39.2,235.162,89.0,0.362,0.362,17.185,28.038,2,2,06:38 AM,06:05 PM,11:00 AM,No moonset,Waxing Crescent,37,Normal
Mauritania,Nouakchott,18.09,-15.98,Africa/Nouakchott,1725365700,2024-09-03 12:15,28.0,82.3,Partly Cloudy,14.8,23.8,302,WNW,1010.0,29.84,0.0,0.0,62,26,29.9,85.9,10.0,6.0,7.0,17.5,28.1,223.6,83.0,0.2,0.5,15.7,86.7,2,2,06:50 AM,07:16 PM,07:05 AM,07:42 PM,Waxing Crescent,0,Normal
Slovakia,Bratislava,48.15,17.12,Europe/Bratislava,1721220300,2024-07-17 14:45,31.3,88.3,Sunny,17.4,28.1,320,NW,1017.0,30.03,0.0,0.0,33,0,30.8,87.5,10.0,6.0,8.0,21.9,35.3,178.6,94.4,0.9,0.4,2.0,2.3,1,1,05:10 AM,08:45 PM,05:40 PM,12:55 AM,Waxing Gibbous,78,Normal
Djibouti,Djibouti,11.595,43.1481,Africa/Djibouti,1758268800,2025-09-19 11:00,30.8,87.5,Thundery outbreaks in nearby,11.2,18.0,44,NE,1009.0,29.79,0.0,0.0,67,46,36.3,97.4,9.0,5.0,8.8,13.7,22.1,296.0,76.0,2.59,4.255,44.215,116.735,3,5,05:57 AM,06:05 PM,03:50 AM,04:36 PM,Waning Crescent,9,Normal
Ethiopia,Addis Ababa,9.0333,38.7,Africa/Addis_Ababa,1746693900,2025-05-08 11:45,21.0,69.8,Partly cloudy,5.8,9.4,113,ESE,1027.0,30.33,0.08,0.0,49,75,21.0,69.8,10.0,6.0,12.8,6.7,10.8,1023.05,67.0,6.29,1.11,16.465,19.24,2,2,06:07 AM,06:36 PM,03:29 PM,03:09 AM,Waxing Gibbous,80,Normal
Belgium,'S Gravenjansdijk,51.25,3.63,Europe/Brussels,1721392200,2024-07-19 14:30,29.1,84.4,Overcast,6.9,11.2,200,SSW,1017.0,30.03,0.0,0.0,40,100,30.4,86.8,10.0,6.0,7.0,11.4,18.4,193.6,157.4,5.2,7.0,10.1,11.2,1,1,05:53 AM,09:50 PM,09:11 PM,02:47 AM,Waxing Gibbous,92,Normal
El Salvador,San Salvador,13.7086,-89.2031,America/El_Salvador,1770015600,2026-02-02 01:00,22.3,72.1,Clear,6.9,11.2,348,NNW,1018.0,30.06,0.0,0.0,43,0,24.7,76.4,10.0,6.0,0.0,12.1,19.5,205.85,73.0,3.05,2.15,7.15,7.55,1,1,06:23 AM,05:58 PM,06:56 PM,07:00 AM,Waning Gibbous,100,Normal
Slovenia,Ljubljana,46.06,14.51,Europe/Ljubljana,1725971400,2024-09-10 14:30,22.2,72.0,Partly cloudy,3.8,6.1,100,E,1010.0,29.83,0.0,0.0,61,25,24.3,75.7,10.0,6.0,6.0,8.3,13.3,310.8,93.0,6.475,0.74,7.77,10.175,1,1,06:34 AM,07:23 PM,02:16 PM,10:17 PM,Waxing Crescent,38,Normal
Oman,Muscat,23.6133,58.5933,Asia/Muscat,1739097000,2025-02-09 14:30,26.1,79.0,Partly cloudy,7.2,11.5,351,N,1011.0,29.85,0.0,0.0,70,50,27.5,81.5,10.0,6.0,4.4,8.2,13.2,342.25,87.0,20.905,22.755,34.965,60.31,2,3,06:42 AM,05:58 PM,02:54 PM,04:15 AM,Waxing Gibbous,85,Normal
Zambia,Lusaka,-15.4167,28.2833,Africa/Lusaka,1751706000,2025-07-05 11:00,23.8,74.8,Sunny,8.3,13.3,93,E,1019.0,30.11,0.0,0.0,30,10,24.0,75.2,10.0,6.0,7.1,9.5,15.3,479.15,72.0,1.295,2.22,10.915,11.84,1,1,06:34 AM,05:49 PM,01:26 PM,01:47 AM,Waxing Gibbous,69,Normal
Vietnam,Ban Lom,21.1333,104.7,Asia/Bangkok,1755159300,2025-08-14 15:15,32.1,89.8,Moderate rain at times,2.2,3.6,355,N,1003.0,29.63,0.55,0.02,67,87,39.4,102.9,10.0,6.0,5.6,2.5,4.0,345.95,60.0,4.995,1.295,7.03,7.215,1,1,05:40 AM,06:32 PM,09:55 PM,10:13 AM,Waning Gibbous,77,Normal
Malaysia,Kuala Lumpur,3.1667,101.7,Asia/Kuala_Lumpur,1760342400,2025-10-13 16:00,32.0,89.6,Patchy light rain,4.9,7.9,174,S,1006.0,29.71,1.16,0.05,59,25,38.9,102.1,10.0,6.0,4.3,5.8,9.3,887.85,24.0,57.05,37.15,53.25,53.35,3,6,06:58 AM,07:01 PM,12:06 AM,12:50 PM,Waning Gibbous,62,Normal
Mozambique,Maputo,-25.9653,32.5892,Africa/Maputo,1765955700,2025-12-17 09:15,29.0,84.2,Sunny,11.9,19.1,346,NNW,1008.0,29.77,0.0,0.0,70,25,30.4,86.8,10.0,6.0,7.2,14.5,23.3,138.85,37.0,1.85,1.35,4.95,5.25,1,1,04:53 AM,06:39 PM,02:32 AM,04:37 PM,Waning Crescent,9,Normal
Bangladesh,Dhaka,23.7231,90.4086,Asia/Dhaka,1759910400,2025-10-08 14:00,31.2,88.2,Moderate rain at times,2.9,4.7,358,N,1007.0,29.74,3.65,0.14,63,87,36.2,97.2,8.0,4.0,3.7,3.6,5.8,450.85,43.0,21.45,17.65,22.25,22.55,2,2,05:53 AM,05:39 PM,06:23 PM,06:51 AM,Waning Gibbous,99,Normal
Tunisia,Tunis,36.8,10.18,Africa/Tunis,1725537600,2024-09-05 13:00,33.3,91.9,Partly cloudy,8.1,13.0,330,NNW,1011.0,29.85,0.0,0.0,53,50,36.8,98.3,10.0,6.0,7.0,10.6,17.0,166.0,87.0,3.5,4.8,22.6,44.2,2,2,05:54 AM,06:41 PM,07:56 AM,07:47 PM,Waxing Crescent,3,Normal
Tanzania,Dodoma,-6.1833,35.75,Africa/Dar_es_Salaam,1735983900,2025-01-04 12:45,26.2,79.2,Partly cloudy,5.8,9.4,60,ENE,1018.0,30.06,0.0,0.0,61,25,26.7,80.0,10.0,6.0,13.5,6.7,10.8,284.9,57.0,1.665,0.555,13.69,14.245,1,2,06:28 AM,06:56 PM,10:23 AM,10:53 PM,Waxing Crescent,18,Normal
Bosnia and Herzegovina,Sarajevo,43.85,18.38,Europe/Sarajevo,1724242500,2024-08-21 14:15,27.4,81.3,Partly cloudy,2.2,3.6,9,N,1012.0,29.88,0.1,0.0,62,50,28.1,82.6,10.0,6.0,6.0,4.6,7.5,230.3,81.5,2.0,15.5,9.6,10.1,1,1,05:58 AM,07:41 PM,08:43 PM,07:46 AM,Waning Gibbous,98,Normal
Poland,Warsaw,52.25,21.0,Europe/Warsaw,1721825100,2024-07-24 14:45,27.3,81.2,Partly Cloudy,8.5,13.7,287,WNW,1011.0,29.86,0.0,0.0,32,57,26.5,79.8,10.0,6.0,7.0,9.8,15.7,180.2,83.0,3.1,2.1,2.7,4.2,1,1,04:45 AM,08:39 PM,10:17 PM,08:24 AM,Waning Gibbous,91,Normal
Poland,Warsaw,52.25,21.0,Europe/Warsaw,1750669200,2025-06-23 11:00,23.3,73.9,Partly Cloudy,11.9,19.1,179,S,1011.0,29.85,0.0,0.0,41,0,24.7,76.5,10.0,6.0,5.1,13.6,22.0,290.45,66.0,11.84,7.215,11.84,14.985,1,1,04:15 AM,09:02 PM,01:49 AM,07:34 PM,Waning Crescent,9,Normal
Bahrain,Manama,26.24,50.58,Asia/Bahrain,1717336800,2024-06-02 17:00,34.0,93.2,Sunny,21.7,34.9,330,NNW,1003.0,29.62,0.0,0.0,41,0,40.0,103.9,10.0,6.0,8.0,39.5,63.6,233.7,177.4,4.9,19.6,30.8,77.9,2,3,04:45 AM,06:26 PM,01:28 AM,02:16 PM,Waning Crescent,25,Normal
Angola,Luanda,-8.8383,13.2344,Africa/Luanda,1744190100,2025-04-09 10:15,29.3,84.7,Partly cloudy,7.2,11.5,196,SSW,1014.0,29.94,0.0,0.0,66,75,34.0,93.1,10.0,6.0,6.4,9.0,14.5,449.55,66.0,8.695,6.29,19.61,26.27,2,2,06:10 AM,06:07 PM,03:59 PM,03:25 AM,Waxing Gibbous,86,Normal
United Arab Emirates,Abu Dhabi,24.4667,54.3667,Asia/Dubai,1728984600,2024-10-15 13:30,32.9,91.2,Sunny,10.7,17.3,8,N,1009.0,29.78,0.0,0.0,51,3,36.8,98.2,10.0,6.0,7.3,16.6,26.7,351.5,51.0,34.965,12.95,61.79,194.25,3,8,06:20 AM,05:56 PM,04:33 PM,03:49 AM,Waxing Gibbous,91,Normal
Netherlands,Amsterdam,52.37,4.89,Europe/Amsterdam,1725105600,2024-08-31 14:00,20.0,68.0,Sunny,19.2,31.0,60,ENE,1023.0,30.21,0.0,0.0,60,0,20.0,68.0,10.0,6.0,6.0,23.7,38.2,260.4,82.3,3.6,0.7,2.9,5.3,1,1,06:50 AM,08:29 PM,03:15 AM,08:04 PM,Waning Crescent,9,Normal
Jordan,Amman,31.95,35.9333,Asia/Amman,1760083200,2025-10-10 11:00,20.3,68.5,Partly cloudy,3.6,5.8,318,NW,1023.0,30.21,0.0,0.0,60,25,20.3,68.5,6.0,3.0,5.7,4.1,6.6,135.85,70.0,10.55,17.55,7.95,21.05,1,1,06:36 AM,06:10 PM,08:25 PM,10:19 AM,Waning Gibbous,89,Normal
Democratic Republic of Congo,Kinshasa,-4.3,15.3,Africa/Brazzaville,1719839700,2024-07-01 14:15,27.1,80.8,Partly cloudy,4.3,6.8,230,SW,1013.0,29.91,0.0,0.0,66,75,26.3,79.4,6.0,3.0,10.0,8.7,14.0,474.0,82.3,1.2,0.6,16.7,26.8,2,2,06:06 AM,05:59 PM,01:43 AM,01:57 PM,Waning Crescent,27,Normal
Portugal,Lisbon,38.72,-9.13,Europe/Lisbon,1718373600,2024-06-14 15:00,23.5,74.2,Sunny,14.5,23.4,311,NW,1017.0,30.04,0.0,0.0,64,21,25.2,77.4,10.0,6.0,6.0,16.7,26.9,191.9,60.1,1.9,1.0,2.0,3.6,1,1,06:11 AM,09:03 PM,01:49 PM,01:53 AM,First Quarter,48,Normal
Mauritius,Port Louis,-20.1619,57.4989,Indian/Mauritius,1745485200,2025-04-24 13:00,29.4,84.9,Partly cloudy,13.2,21.2,113,ESE,1015.0,29.97,0.0,0.0,66,50,31.9,89.4,10.0,6.0,8.6,15.4,24.8,181.3,45.0,4.995,2.775,9.805,15.17,1,1,06:24 AM,05:52 PM,02:37 AM,03:23 PM,Waning Crescent,22,Normal
Sudan,Khartoum,15.59,32.53,Africa/Khartoum,1724415300,2024-08-23 14:15,29.5,85.0,Patchy rain nearby,13.4,21.6,182,S,1010.0,29.82,0.01,0.0,56,92,31.5,88.7,10.0,6.0,6.0,15.4,24.8,474.0,13.2,0.7,0.4,2.0,11.5,1,1,05:36 AM,06:08 PM,09:04 PM,09:02 AM,Waning Gibbous,85,Normal
Namibia,Windhoek,-22.5717,17.0822,Africa/Windhoek,1744534800,2025-04-13 11:00,23.1,73.6,Sunny,9.6,15.5,356,N,1027.0,30.33,0.0,0.0,65,0,24.0,75.2,10.0,6.0,7.6,11.1,17.8,253.45,64.0,0.925,0.37,11.47,11.655,1,1,07:04 AM,06:40 PM,06:51 PM,07:17 AM,Full Moon,100,Normal
Mauritius,Port Louis,-20.1619,57.4989,Indian/Mauritius,1733136300,2024-12-02 14:45,29.0,84.2,Partly cloudy,13.0,20.9,79,E,1013.0,29.91,0.12,0.0,62,50,31.9,89.4,10.0,6.0,9.4,15.1,24.3,179.45,46.0,2.22,2.405,9.065,13.32,1,1,05:22 AM,06:38 PM,05:54 AM,07:55 PM,Waxing Crescent,0,Normal
Slovenia,Ljubljana,46.0553,14.5144,Europe/Ljubljana,1749717900,2025-06-12 10:45,22.1,71.8,Sunny,5.1,8.3,112,ESE,1021.0,30.15,0.0,0.0,46,25,24.4,76.0,10.0,6.0,4.5,5.9,9.5,355.2,89.0,5.55,0.925,9.25,11.47,1,1,05:11 AM,08:53 PM,10:34 PM,05:25 AM,Waning Gibbous,99,Normal
Jordan,Amman,31.95,35.93,Asia/Amman,1727602200,2024-09-29 12:30,27.4,81.3,Sunny,11.6,18.7,289,WNW,1013.0,29.91,0.0,0.0,30,0,26.6,79.9,6.0,3.0,7.0,13.4,21.5,240.5,89.0,10.175,22.94,22.385,29.045,2,2,06:29 AM,06:23 PM,03:17 AM,04:56 PM,Waning Crescent,12,Normal
Benin,Porto-Novo,6.48,2.62,Africa/Porto-Novo,1725105600,2024-08-31 13:00,28.3,82.9,Partly cloudy,19.2,31.0,240,WSW,1013.0,29.91,0.02,0.0,70,50,30.7,87.2,10.0,6.0,6.0,23.7,38.2,383.9,50.8,1.1,0.9,5.7,8.3,1,1,06:42 AM,06:57 PM,04:35 AM,05:21 PM,Waning Crescent,9,Normal
Mauritania,Nouakchott,18.0864,-15.9753,Africa/Nouakchott,1747214100,2025-05-14 09:15,23.0,73.3,Sunny,15.7,25.2,7,N,1012.0,29.88,0.0,0.0,47,4,24.6,76.3,10.0,6.0,2.2,29.7,47.8,270.1,66.0,0.925,0.555,161.875,716.69,5,10,06:31 AM,07:30 PM,09:21 PM,07:33 AM,Waning Gibbous,98,Normal
Andorra,Andorra La Vella,42.5,1.5167,Europe/Andorra,1750237200,2025-06-18 11:00,22.3,72.1,Sunny,5.4,8.6,221,SW,1022.0,30.19,0.0,0.0,47,8,24.4,75.9,10.0,6.0,6.0,6.2,9.9,229.4,80.0,0.37,0.555,9.435,15.91,1,1,06:16 AM,09:34 PM,01:42 AM,01:31 PM,Last Quarter,60,Normal
Gambia,Banjul,13.4531,-16.5775,Africa/Banjul,1743412500,2025-03-31 09:15,24.4,75.9,Sunny,14.5,23.4,13,NNE,1010.0,29.83,0.0,0.0,54,0,24.4,76.0,10.0,6.0,1.0,17.2,27.7,297.85,62.0,1.665,1.11,22.755,52.91,2,2,07:03 AM,07:18 PM,08:30 AM,09:37 PM,Waxing Crescent,4,Normal
Singapore,Singapore,1.29,103.86,Asia/Singapore,1719150300,2024-06-23 21:45,29.2,84.6,Partly cloudy,3.8,6.1,140,SE,1009.0,29.8,0.0,0.0,70,75,34.4,93.9,10.0,6.0,1.0,14.5,23.4,580.8,24.0,30.5,13.1,7.6,11.8,1,1,07:01 AM,07:13 PM,08:35 PM,07:58 AM,Waning Gibbous,99,Normal
Australia,Canberra,-35.2833,149.2167,Australia/Sydney,1770619500,2026-02-09 17:45,26.3,79.3,Patchy light rain,5.6,9.0,103,ESE,1013.0,29.91,1.52,0.06,51,0,28.2,82.8,10.0,6.0,3.2,9.3,15.0,115.85,52.0,7.75,3.35,11.35,11.65,1,1,06:30 AM,08:04 PM,11:44 PM,01:36 PM,Last Quarter,59,Normal
Netherlands,Amsterdam,52.37,4.89,Europe/Amsterdam,1721306700,2024-07-18 14:45,25.2,77.4,Partly cloudy,2.2,3.6,163,SSE,1022.0,30.18,0.01,0.0,54,25,26.2,79.1,10.0,6.0,5.0,6.7,10.8,176.9,90.8,13.9,1.2,5.2,6.1,1,1,05:41 AM,09:52 PM,08:12 PM,01:51 AM,Waxing Gibbous,86,Normal
Algeria,Algiers,36.7631,3.0506,Africa/Algiers,1756281600,2025-08-27 09:00,30.2,86.4,Partly cloudy,10.1,16.2,283,WNW,1009.0,29.8,0.0,0.0,62,50,33.0,91.3,8.0,4.0,1.3,15.0,24.1,305.25,38.0,41.07,13.875,32.93,95.645,2,3,06:15 AM,07:23 PM,10:15 AM,09:17 PM,Waxing Crescent,13,Normal
India,New Delhi,28.6,77.2,Asia/Kolkata,1765869300,2025-12-16 12:45,22.4,72.3,Mist,8.7,14.0,298,WNW,1017.0,30.03,0.0,0.0,41,0,22.3,72.1,1.7,1.0,4.1,10.0,16.2,1327.85,83.0,25.75,42.95,99.85,100.75,4,10,07:07 AM,05:27 PM,03:46 AM,02:35 PM,Waning Crescent,16,Normal
Cameroon,Ngaoundere,7.3167,13.5833,Africa/Douala,1730020500,2024-10-27 10:15,25.1,77.1,Sunny,4.0,6.5,21,NNE,1014.0,29.94,0.0,0.0,50,13,25.9,78.5,10.0,6.0,7.0,5.0,8.1,333.0,67.0,0.74,0.925,46.805,126.725,3,5,05:53 AM,05:46 PM,02:06 AM,02:37 PM,Waning Crescent,25,Normal
Vatican City,Vatican City,41.904,12.453,Europe/Rome,1729761300,2024-10-24 11:15,22.5,72.4,Partly Cloudy,4.9,7.9,178,S,1027.0,30.32,0.0,0.0,67,56,24.7,76.5,10.0,6.0,1.7,5.7,9.3,355.2,49.0,21.09,4.07,18.315,29.97,2,2,07:34 AM,06:14 PM,No moonrise,02:59 PM,Last Quarter,53,Normal
Seychelles Islands,Victoria,-4.6167,55.45,Indian/Mahe,1742291100,2025-03-18 13:45,32.2,90.0,Partly cloudy,7.8,12.6,294,WNW,1011.0,29.85,0.0,0.0,67,25,42.2,107.9,10.0,6.0,13.0,10.6,17.0,223.85,45.0,2.775,3.33,8.14,10.915,1,1,06:22 AM,06:29 PM,09:18 PM,09:08 AM,Waning Gibbous,89,Normal
North Korea,Pyongyang,39.02,125.75,Asia/Pyongyang,1718891100,2024-06-20 22:45,22.6,72.7,Clear,4.3,6.8,282,WNW,1004.0,29.66,0.0,0.0,60,6,24.8,76.6,10.0,6.0,1.0,7.1,11.4,233.7,62.2,2.6,1.4,9.4,14.7,1,1,05:11 AM,08:06 PM,06:42 PM,03:09 AM,Waxing Gibbous,95,Normal
Algeria,Algiers,36.7631,3.0506,Africa/Algiers,1741080600,2025-03-04 10:30,20.1,68.2,Partly cloudy,13.4,21.6,156,SSE,1016.0,30.0,0.0,0.0,49,50,20.1,68.2,10.0,6.0,1.6,19.4,31.2,301.55,58.0,17.945,8.88,41.81,118.585,3,4,07:14 AM,06:45 PM,09:37 AM,No moonset,Waxing Crescent,21,Normal
Timor-Leste,Dili,-8.5586,125.5736,Asia/Dili,1730797200,2024-11-05 18:00,28.1,82.5,Sunny,9.2,14.8,70,ENE,1009.0,29.8,0.0,0.0,66,7,30.5,86.9,10.0,6.0,0.4,10.6,17.0,301.55,54.0,0.37,0.555,11.1,18.5,1,1,06:08 AM,06:34 PM,08:44 AM,09:49 PM,Waxing Crescent,11,Normal
Malta,Valletta,35.8997,14.5147,Europe/Malta,1728120600,2024-10-05 11:30,25.2,77.4,Partly cloudy,13.2,21.2,302,WNW,1015.0,29.97,0.0,0.0,57,25,26.7,80.1,10.0,6.0,6.0,15.6,25.1,247.9,94.0,7.585,4.625,7.77,20.72,1,1,07:00 AM,06:39 PM,09:24 AM,07:49 PM,Waxing Crescent,4,Normal
Cameroon,Yaounde,3.87,11.52,Africa/Douala,1716127200,2024-05-19 15:00,32.0,89.6,Partly cloudy,2.2,3.6,111,ESE,1013.0,29.91,0.0,0.0,56,75,35.5,96.0,10.0,6.0,7.0,6.7,10.8,347.1,4.8,1.7,0.4,3.0,5.6,1,1,06:01 AM,06:19 PM,03:16 PM,02:53 AM,Waxing Gibbous,81,Normal
Slovakia,Bratislava,48.15,17.12,Europe/Bratislava,1723119300,2024-08-08 14:15,29.7,85.4,Patchy rain nearby,6.5,10.4,217,SW,1014.0,29.93,0.2,0.01,41,85,29.8,85.7,9.0,5.0,6.0,7.5,12.0,220.3,88.7,1.4,0.2,1.5,1.7,1,1,05:37 AM,08:16 PM,09:36 AM,09:51 PM,Waxing Crescent,11,Normal
Spain,Madrid,40.4,-3.6833,Europe/Madrid,1748681100,2025-05-31 10:45,26.3,79.3,Sunny,2.9,4.7,132,SE,1023.0,30.21,0.0,0.0,42,0,25.7,78.2,10.0,6.0,2.3,3.4,5.4,260.85,46.0,26.455,6.845,21.46,38.665,2,2,06:47 AM,09:38 PM,11:01 AM,01:27 AM,Waxing Crescent,19,Normal
Bolivia,National,-11.18,-67.08,America/La_Paz,1724500800,2024-08-24 08:00,26.3,79.3,Sunny,2.2,3.6,75,ENE,1013.0,29.9,0.0,0.0,44,14,26.5,79.7,10.0,6.0,8.0,6.7,10.8,243.7,4.6,0.5,0.1,4.8,5.1,1,1,06:36 AM,06:25 PM,11:21 PM,10:21 AM,Waning Gibbous,76,Normal
Ethiopia,Addis Ababa,9.0333,38.7,Africa/Addis_Ababa,1747127700,2025-05-13 12:15,22.2,72.0,Partly cloudy,4.9,7.9,140,SE,1027.0,30.33,0.0,0.0,46,50,23.4,74.2,10.0,6.0,13.5,5.7,9.1,777.0,103.0,2.405,5.55,38.48,115.44,2,4,06:06 AM,06:37 PM,07:20 PM,06:20 AM,Waning Gibbous,100,Normal
Qatar,Doha,25.2867,51.5333,Asia/Qatar,1765783800,2025-12-15 10:30,25.0,77.0,Partly Cloudy,10.1,16.2,59,ENE,1016.0,30.0,0.0,0.0,51,25,25.8,78.4,10.0,6.0,2.7,12.7,20.4,284.85,70.0,20.85,5.85,16.65,60.45,2,2,06:12 AM,04:46 PM,02:03 AM,01:23 PM,Waning Crescent,22,Normal
Mozambique,Maputo,-25.9653,32.5892,Africa/Maputo,1732005900,2024-11-19 10:45,30.3,86.5,Partly cloudy,2.2,3.6,149,SSE,1017.0,30.03,0.0,0.0,59,50,33.2,91.8,10.0,6.0,6.5,2.3,3.7,229.4,67.0,1.295,2.96,18.315,20.165,2,2,04:51 AM,06:19 PM,10:21 PM,07:49 AM,Waning Gibbous,88,Normal
Lesotho,Maseru,-29.3167,27.4833,Africa/Maseru,1766559600,2025-12-24 09:00,22.4,72.4,Sunny,5.8,9.4,8,N,1011.0,29.86,0.0,0.0,54,7,24.6,76.3,10.0,6.0,7.0,6.7,10.8,194.85,87.0,3.85,3.45,17.35,17.35,2,2,05:09 AM,07:11 PM,08:54 AM,10:26 PM,Waxing Crescent,14,Normal
Bahrain,Manama,26.2361,50.5831,Asia/Bahrain,1761293700,2025-10-24 11:15,30.2,86.4,Sunny,7.2,11.5,272,W,1014.0,29.94,0.0,0.0,49,0,31.3,88.3,10.0,6.0,6.8,10.3,16.6,450.85,63.0,27.45,28.55,39.25,90.45,2,4,05:42 AM,05:02 PM,08:08 AM,06:38 PM,Waxing Crescent,5,Normal
Ethiopia,Addis Ababa,9.0333,38.7,Africa/Addis_Ababa,1739873700,2025-02-18 13:15,23.3,73.9,Sunny,11.6,18.7,126,SE,1026.0,30.3,0.0,0.0,31,0,23.0,73.4,10.0,6.0,14.5,13.4,21.5,431.05,91.0,0.74,1.11,19.795,57.35,2,2,06:43 AM,06:35 PM,11:06 PM,10:21 AM,Waning Gibbous,76,Normal
Kenya,Nairobi,-1.28,36.82,Africa/Nairobi,1720962900,2024-07-14 16:15,22.2,72.0,Partly cloudy,5.6,9.0,220,SW,1024.0,30.24,0.06,0.0,53,75,24.6,76.2,10.0,6.0,6.0,9.0,14.5,403.9,53.6,2.5,2.1,6.9,17.4,1,1,06:37 AM,06:40 PM,12:41 PM,12:21 AM,Waxing Gibbous,50,Normal
Papua New Guinea,Port Moresby,-9.4647,147.1925,Pacific/Port_Moresby,1767510000,2026-01-04 17:00,29.0,84.2,Partly Cloudy,6.3,10.1,265,W,1006.0,29.72,0.0,0.0,69,33,32.7,90.8,10.0,6.0,1.2,8.1,13.1,171.85,25.0,3.25,1.15,6.65,6.85,1,1,05:56 AM,06:36 PM,07:34 PM,06:24 AM,Waning Gibbous,100,Normal
Vietnam,Ban Lom,21.1333,104.7,Asia/Bangkok,1738232100,2025-01-30 17:15,24.9,76.9,Sunny,2.7,4.3,72,ENE,1008.0,29.77,0.0,0.0,47,20,25.7,78.2,10.0,6.0,0.2,3.1,5.0,664.15,133.0,4.255,42.365,53.835,55.5,3,6,06:39 AM,05:50 PM,07:15 AM,06:41 PM,Waxing Crescent,0,Normal
Mauritius,Port Louis,-20.1619,57.4989,Indian/Mauritius,1752570000,2025-07-15 13:00,25.0,77.0,Partly cloudy,10.7,17.3,80,E,1020.0,30.12,0.21,0.01,65,50,26.6,79.9,10.0,6.0,4.9,12.8,20.5,183.15,63.0,7.585,3.145,10.915,16.835,1,1,06:45 AM,05:47 PM,10:10 PM,09:57 AM,Waning Gibbous,83,Normal
Antigua and Barbuda,Saint John's,17.1167,-61.85,America/Antigua,1760255100,2025-10-12 03:45,28.1,82.6,Patchy rain nearby,17.7,28.4,102,ESE,1012.0,29.88,0.05,0.0,70,25,31.6,88.9,10.0,6.0,0.0,24.7,39.7,110.809,47.0,0.909,1.009,14.809,36.309,1,2,06:00 AM,05:48 PM,10:57 PM,11:44 AM,Waning Gibbous,68,Normal
Tunisia,Tunis,36.8,10.18,Africa/Tunis,1721392200,2024-07-19 13:30,35.0,95.0,Partly cloudy,8.1,13.0,20,NNE,1016.0,30.0,0.0,0.0,39,25,36.2,97.2,10.0,6.0,8.0,11.6,18.6,198.6,98.7,0.7,1.1,5.4,8.2,1,1,05:15 AM,07:36 PM,06:27 PM,02:37 AM,Waxing Gibbous,92,Normal
Oman,Muscat,23.61,58.59,Asia/Muscat,1726401600,2024-09-15 16:00,34.3,93.7,Partly cloudy,4.9,7.9,73,ENE,1001.0,29.56,0.0,0.0,53,25,40.7,105.2,10.0,6.0,8.0,6.2,10.0,360.75,123.0,17.945,36.075,58.09,164.465,3,7,05:52 AM,06:09 PM,04:25 PM,02:35 AM,Waxing Gibbous,86,Normal
Senegal,Dakar,14.67,-17.44,Africa/Dakar,1725797700,2024-09-08 12:15,29.2,84.6,Partly cloudy,13.6,22.0,340,NNW,1013.0,29.91,0.0,0.0,70,75,33.8,92.8,10.0,6.0,6.0,18.1,29.2,244.2,77.0,0.74,1.665,22.57,77.145,2,2,06:58 AM,07:16 PM,11:04 AM,10:40 PM,Waxing Crescent,20,Normal
Bangladesh,Dhaka,23.7231,90.4086,Asia/Dhaka,1755333000,2025-08-16 14:30,34.8,94.7,Partly Cloudy,3.6,5.8,117,ESE,999.0,29.5,0.0,0.0,50,62,40.9,105.5,10.0,6.0,6.8,4.1,6.6,643.8,37.0,30.895,28.305,24.05,26.455,2,3,05:35 AM,06:30 PM,11:20 PM,12:25 PM,Last Quarter,55,Normal
Kuwait,Kuwait City,29.3667,47.96,Asia/Kuwait,1745832600,2025-04-28 12:30,34.5,94.1,Sunny,12.5,20.2,98,E,1004.0,29.64,0.0,0.0,40,0,38.6,101.5,10.0,6.0,8.4,21.0,33.7,588.3,110.0,68.635,17.945,70.485,112.85,4,9,05:09 AM,06:23 PM,05:13 AM,07:22 PM,New Moon,0,Normal
Kenya,Nairobi,-1.2833,36.8167,Africa/Nairobi,1738405800,2025-02-01 13:30,24.3,75.7,Partly cloudy,8.3,13.3,69,ENE,1022.0,30.18,0.0,0.0,50,75,25.0,77.1,10.0,6.0,13.8,9.5,15.3,684.5,104.0,3.885,8.695,25.9,31.82,2,3,06:41 AM,06:51 PM,09:05 AM,09:29 PM,Waxing Crescent,7,Normal
Zambia,Lusaka,-15.4167,28.2833,Africa/Lusaka,1735552800,2024-12-30 12:00,25.3,77.5,Patchy rain nearby,6.7,10.8,2,N,1012.0,29.87,0.01,0.0,59,74,26.4,79.6,10.0,6.0,5.1,7.7,12.4,401.45,72.0,0.925,1.85,10.545,10.73,1,1,05:39 AM,06:40 PM,04:53 AM,06:31 PM,New Moon,1,Normal
Turkmenistan,Ashgabat,37.95,58.3833,Asia/Ashgabat,1730538900,2024-11-02 14:15,21.3,70.3,Partly cloudy,10.5,16.9,100,E,1019.0,30.09,0.0,0.0,38,50,21.3,70.3,10.0,6.0,3.2,12.1,19.5,941.65,26.0,82.695,33.3,41.81,69.19,3,4,07:34 AM,06:06 PM,08:19 AM,06:17 PM,Waxing Crescent,0,Normal
Kenya,Nairobi,-1.2833,36.8167,Africa/Nairobi,1769410800,2026-01-26 10:00,21.2,70.2,Sunny,9.2,14.8,54,NE,1024.0,30.24,0.0,0.0,53,25,21.2,70.2,10.0,6.0,8.0,10.6,17.0,240.85,57.0,7.85,4.75,17.85,19.45,2,2,06:40 AM,06:50 PM,12:32 PM,12:02 AM,First Quarter,46,Normal
Singapore,Singapore,1.2931,103.8558,Asia/Singapore,1730797200,2024-11-05 17:00,30.1,86.2,Partly cloudy,5.4,8.6,262,W,1007.0,29.74,0.0,0.0,70,75,35.5,96.0,10.0,6.0,1.0,7.1,11.4,1702.0,18.0,91.39,58.09,23.865,34.78,2,2,06:46 AM,06:50 PM,09:37 AM,09:57 PM,Waxing Crescent,11,Normal
Cape Verde,Praia,14.93,-23.51,Atlantic/Cape_Verde,1716127200,2024-05-19 13:00,27.0,80.6,Partly cloudy,23.0,37.1,40,NE,1015.0,29.97,0.0,0.0,58,25,29.2,84.5,10.0,6.0,6.0,27.5,44.3,171.9,72.2,0.1,0.2,2.7,11.2,1,1,06:05 AM,06:57 PM,03:45 PM,03:14 AM,Waxing Gibbous,81,Normal
Namibia,Windhoek,-22.5717,17.0822,Africa/Windhoek,1737540900,2025-01-22 12:15,30.1,86.2,Partly cloudy,14.1,22.7,84,E,1021.0,30.15,0.44,0.02,46,50,29.8,85.6,10.0,6.0,13.7,16.4,26.4,209.05,64.0,0.185,0.185,4.81,4.81,1,1,06:25 AM,07:41 PM,12:19 AM,01:38 PM,Waning Crescent,49,Normal
Tanzania,Dodoma,-6.1833,35.75,Africa/Dar_es_Salaam,1738319400,2025-01-31 13:30,26.0,78.8,Partly Cloudy,2.7,4.3,216,SW,1011.0,29.87,0.0,0.0,61,33,27.3,81.1,10.0,6.0,14.0,3.1,5.0,564.25,95.0,0.555,0.74,28.305,28.675,2,3,06:39 AM,07:02 PM,08:15 AM,08:49 PM,Waxing Crescent,2,Normal
Romania,Bucharest,44.4333,26.1,Europe/Bucharest,1746348300,2025-05-04 11:45,26.1,79.0,Sunny,8.7,14.0,225,SW,1010.0,29.83,0.0,0.0,34,0,26.0,78.7,10.0,6.0,4.4,10.0,16.2,305.25,52.0,10.175,5.365,18.315,23.495,2,2,06:02 AM,08:23 PM,12:00 PM,02:42 AM,First Quarter,43,Normal
Israel,Jerusalem,31.78,35.23,Asia/Jerusalem,1727947800,2024-10-03 12:30,29.1,84.4,Sunny,2.2,3.6,336,NNW,1014.0,29.94,0.0,0.0,43,0,27.5,81.5,10.0,6.0,7.0,6.7,10.8,262.7,76.0,17.945,16.28,11.47,28.86,1,1,06:34 AM,06:21 PM,06:59 AM,06:37 PM,Waxing Crescent,0,Normal
Zambia,Lusaka,-15.42,28.28,Africa/Lusaka,1716561000,2024-05-24 16:30,25.4,77.7,Sunny,9.8,15.8,134,SE,1014.0,29.96,0.0,0.0,31,15,25.1,77.1,10.0,6.0,8.0,12.1,19.4,974.7,50.8,2.7,5.0,7.6,15.0,1,1,06:24 AM,05:44 PM,06:26 PM,07:04 AM,Waning Gibbous,100,Normal
Kenya,Nairobi,-1.28,36.82,Africa/Nairobi,1721737800,2024-07-23 15:30,23.0,73.5,Sunny,6.0,9.7,121,ESE,1017.0,30.03,0.0,0.0,41,24,24.4,75.9,10.0,6.0,7.0,7.0,11.2,747.7,76.5,6.1,6.2,17.4,42.7,2,2,06:37 AM,06:41 PM,08:47 PM,08:22 AM,Waning Gibbous,97,Normal
Thailand,Bangkok,13.75,100.5167,Asia/Bangkok,1729071000,2024-10-16 16:30,33.0,91.3,Overcast,2.2,3.6,39,NE,1006.0,29.72,0.0,0.0,54,88,37.7,99.8,10.0,6.0,0.6,6.7,10.8,1744.55,146.0,62.715,54.39,173.53,248.085,5,10,06:09 AM,05:58 PM,05:04 PM,04:41 AM,Waxing Gibbous,97,Normal
Cyprus,Nicosia,35.1667,33.3667,Asia/Famagusta,1748421900,2025-05-28 11:45,27.2,81.0,Sunny,4.5,7.2,79,E,1009.0,29.8,0.0,0.0,45,25,27.0,80.6,10.0,6.0,7.8,5.1,8.3,214.6,80.0,4.07,6.475,24.605,40.515,2,3,05:35 AM,07:53 PM,06:15 AM,09:53 PM,Waxing Crescent,1,Normal
Kenya,Nairobi,-1.2833,36.8167,Africa/Nairobi,1762760700,2025-11-10 10:45,21.0,69.9,Patchy rain nearby,9.8,15.8,60,ENE,1017.0,30.03,0.01,0.0,59,77,21.0,69.9,10.0,6.0,7.8,11.3,18.2,359.85,37.0,9.35,3.95,15.45,16.35,1,2,06:11 AM,06:22 PM,11:34 PM,10:59 AM,Waning Gibbous,75,Normal
Greece,Athens,37.9795,23.7162,Europe/Athens,1753864200,2025-07-30 11:30,34.1,93.4,Sunny,4.3,6.8,330,NNW,1007.0,29.74,0.0,0.0,30,25,35.9,96.6,10.0,6.0,6.7,4.9,7.9,599.4,37.0,94.72,9.435,25.345,43.29,2,3,06:26 AM,08:36 PM,12:04 PM,11:26 PM,Waxing Crescent,26,Normal
Congo,Brazzaville,-4.26,15.28,Africa/Brazzaville,1725797700,2024-09-08 13:15,29.2,84.6,Partly cloudy,8.1,13.0,240,WSW,1015.0,29.97,0.0,0.0,62,75,28.5,83.3,9.0,5.0,10.0,12.5,20.2,695.6,59.0,1.85,0.555,36.445,53.28,2,4,05:55 AM,05:58 PM,09:22 AM,09:56 PM,Waxing Crescent,20,Normal
Bangladesh,Dhaka,23.7231,90.4086,Asia/Dhaka,1758699900,2025-09-24 13:45,33.3,91.9,Light rain,6.9,11.2,149,SSE,1001.0,29.55,1.87,0.07,58,86,39.8,103.6,9.0,5.0,8.8,8.7,14.1,604.95,21.0,38.85,26.64,26.455,28.305,2,3,05:48 AM,05:53 PM,07:43 AM,07:09 PM,Waxing Crescent,4,Normal
Brazil,Bras,-2.08,-58.17,America/Manaus,1721737800,2024-07-23 08:30,27.4,81.4,Sunny,4.0,6.5,106,ESE,1015.0,29.98,0.0,0.0,53,6,28.3,82.9,10.0,6.0,8.0,5.0,8.1,185.3,10.2,0.4,0.3,4.5,4.7,1,1,05:59 AM,06:00 PM,08:20 PM,07:57 AM,Waning Gibbous,97,Normal
Egypt,Cairo,30.05,31.25,Africa/Cairo,1746348300,2025-05-04 11:45,22.4,72.3,Partly cloudy,6.0,9.7,283,WNW,1014.0,29.94,0.0,0.0,50,75,24.2,75.5,10.0,6.0,6.5,7.0,11.2,399.6,58.0,44.955,112.85,39.405,57.535,2,4,06:09 AM,07:35 PM,12:17 PM,01:40 AM,First Quarter,43,Normal
Russia,Moscow,55.75,37.62,Europe/Moscow,1719150300,2024-06-23 16:45,22.0,71.6,Sunny,9.4,15.1,340,NNW,1008.0,29.77,0.0,0.0,41,0,24.0,75.2,10.0,6.0,6.0,13.9,22.3,237.0,50.8,34.6,23.8,5.5,7.7,1,1,03:45 AM,09:19 PM,11:17 PM,04:07 AM,Waning Gibbous,99,Normal
Singapore,Singapore,1.2931,103.8558,Asia/Singapore,1739441700,2025-02-13 18:15,30.0,86.0,Partly cloudy,12.3,19.8,85,E,1009.0,29.8,0.01,0.0,62,75,35.8,96.4,10.0,6.0,0.6,17.2,27.8,599.4,52.0,48.1,14.43,23.865,30.155,2,2,07:17 AM,07:21 PM,08:02 PM,07:42 AM,Waning Gibbous,100,Normal
Tanzania,Dodoma,-6.18,35.75,Africa/Dar_es_Salaam,1719150300,2024-06-23 16:45,26.6,79.9,Sunny,9.4,15.1,93,E,1014.0,29.94,0.0,0.0,31,11,25.9,78.6,10.0,6.0,8.0,10.8,17.4,203.6,51.5,0.1,0.1,1.7,2.5,1,1,06:46 AM,06:32 PM,08:03 PM,07:58 AM,Waning Gibbous,99,Normal
Japan,Tokyo,35.6895,139.6917,Asia/Tokyo,1745053200,2025-04-19 18:00,23.2,73.8,Sunny,13.9,22.3,179,S,1012.0,29.88,0.0,0.0,65,0,25.0,77.1,10.0,6.0,0.0,18.9,30.3,1061.9,48.0,107.485,98.235,101.935,108.78,4,10,05:04 AM,06:17 PM,No moonrise,08:41 AM,Waning Gibbous,74,Normal
Guinea-Bissau,Bissau,11.85,-15.5833,Africa/Bissau,1764918900,2025-12-05 07:15,21.2,70.2,Partly Cloudy,12.3,19.8,45,NE,1011.0,29.85,0.0,0.0,46,0,21.2,70.2,8.0,4.0,0.0,21.7,34.8,150.85,46.0,1.95,1.25,34.95,118.65,2,3,07:09 AM,06:37 PM,07:19 PM,07:37 AM,Full Moon,100,Normal
Liechtenstein,Vaduz,47.1333,9.5167,Europe/Zurich,1749977100,2025-06-15 10:45,22.1,71.8,Sunny,4.9,7.9,346,NNW,1021.0,30.15,0.0,0.0,65,0,24.5,76.0,10.0,6.0,4.1,5.7,9.1,210.9,48.0,3.145,0.185,16.65,29.6,2,2,05:26 AM,09:20 PM,12:11 AM,09:06 AM,Waning Gibbous,87,Normal
Georgia,Tbilisi,41.73,44.79,Asia/Tbilisi,1717164900,2024-05-31 18:15,26.0,78.8,Partly cloudy,4.3,6.8,130,SE,1011.0,29.85,0.0,0.0,58,37,26.9,80.4,10.0,6.0,6.0,7.5,12.0,203.6,87.3,2.5,0.8,13.9,32.5,1,2,05:29 AM,08:28 PM,01:59 AM,01:24 PM,Waning Crescent,47,Normal
Portugal,Lisbon,38.7167,-9.1333,Europe/Lisbon,1751360400,2025-07-01 10:00,23.4,74.1,Sunny,5.8,9.4,354,N,1014.0,29.94,0.0,0.0,69,25,24.9,76.9,10.0,6.0,4.1,9.0,14.4,238.65,45.0,29.6,4.255,22.755,47.915,2,2,06:15 AM,09:05 PM,12:34 PM,12:33 AM,Waxing Crescent,32,Normal
Myanmar,Rangoon,16.7833,96.1667,Asia/Yangon,1764400500,2025-11-29 13:45,29.2,84.6,Sunny,6.0,9.7,24,NNE,1011.0,29.85,0.0,0.0,45,0,29.4,85.0,7.0,4.0,6.9,7.0,11.2,940.85,56.0,11.85,10.55,49.15,49.25,3,6,06:17 AM,05:30 PM,12:57 PM,12:19 AM,Waxing Gibbous,55,Normal
Syria,Damascus,33.5,36.3,Asia/Damascus,1728639900,2024-10-11 12:45,28.4,83.1,Sunny,5.6,9.0,168,SSE,1014.0,29.94,0.0,0.0,42,0,27.3,81.1,10.0,6.0,6.0,6.4,10.4,325.6,48.0,44.4,161.69,72.52,122.655,4,10,06:36 AM,06:06 PM,02:28 PM,No moonset,Waxing Gibbous,52,Normal
Myanmar,Rangoon,16.7833,96.1667,Asia/Yangon,1764227700,2025-11-27 13:45,29.2,84.6,Partly cloudy,9.6,15.5,69,ENE,1012.0,29.88,0.0,0.0,52,50,29.3,84.8,7.0,4.0,6.6,11.1,17.8,410.85,67.0,8.05,9.55,27.15,27.25,2,3,06:16 AM,05:30 PM,11:42 AM,11:26 PM,Waxing Crescent,34,Normal
Central African Republic,Bangui,4.3667,18.5833,Africa/Bangui,1743758100,2025-04-04 10:15,33.3,91.9,Partly cloudy,2.7,4.3,197,SSW,1012.0,29.88,0.0,0.0,56,25,38.4,101.1,10.0,6.0,6.6,3.1,5.0,506.9,46.0,2.59,0.185,23.68,27.38,2,2,05:44 AM,05:54 PM,11:15 AM,No moonset,Waxing Crescent,38,Normal
Central African Republic,Bangui,4.3667,18.5833,Africa/Bangui,1734258600,2024-12-15 11:30,33.3,91.9,Mist,6.7,10.8,57,ENE,1012.0,29.88,0.0,0.0,47,0,31.2,88.1,6.0,3.0,7.1,7.7,12.4,371.85,102.0,1.48,2.035,51.985,83.99,3,6,05:45 AM,05:38 PM,05:51 PM,05:38 AM,Full Moon,100,Normal
France,Paris,48.8667,2.3333,Europe/Paris,1751619600,2025-07-04 11:00,22.2,72.0,Sunny,5.6,9.0,24,NNE,1029.0,30.39,0.0,0.0,38,0,22.7,72.9,10.0,6.0,5.1,6.4,10.4,412.55,62.0,28.86,2.96,13.32,19.61,1,2,05:54 AM,09:57 PM,04:09 PM,01:32 AM,Waxing Gibbous,60,Normal
Qatar,Doha,25.2867,51.5333,Asia/Qatar,1731228300,2024-11-10 11:45,30.3,86.5,Sunny,6.0,9.7,12,NNE,1015.0,29.97,0.0,0.0,59,0,32.0,89.5,10.0,6.0,5.6,7.3,11.7,534.65,93.0,40.145,8.88,51.985,147.26,3,6,05:48 AM,04:48 PM,01:05 PM,No moonset,Waxing Gibbous,58,Normal
Mozambique,Maputo,-25.9653,32.5892,Africa/Maputo,1750323600,2025-06-19 11:00,22.0,71.6,Partly cloudy,6.0,9.7,147,SSE,1022.0,30.18,0.0,0.0,65,75,24.6,76.2,10.0,6.0,3.1,7.0,11.2,190.55,61.0,2.775,2.59,9.065,12.395,1,1,06:35 AM,05:07 PM,No moonrise,12:12 PM,Waning Crescent,49,Normal
Russia,Moscow,55.7522,37.6156,Europe/Moscow,1749717900,2025-06-12 11:45,21.3,70.3,Partly Cloudy,8.1,13.0,157,SSE,1012.0,29.88,0.0,0.0,43,0,21.3,70.3,10.0,6.0,4.4,9.3,14.9,530.95,56.0,87.32,90.65,41.81,51.8,3,4,03:46 AM,09:14 PM,11:12 PM,03:32 AM,Waning Gibbous,100,Normal
Cyprus,Nicosia,35.1667,33.3667,Asia/Nicosia,1760601600,2025-10-16 11:00,23.4,74.1,Sunny,2.5,4.0,69,ENE,1017.0,30.03,0.0,0.0,57,25,24.8,76.7,10.0,6.0,3.9,2.8,4.6,133.85,76.0,8.35,1.75,5.15,7.55,1,1,06:53 AM,06:10 PM,01:50 AM,03:46 PM,Waning Crescent,28,Normal
Georgia,Tbilisi,41.725,44.7908,Asia/Tbilisi,1748508300,2025-05-29 12:45,25.1,77.2,Sunny,8.9,14.4,146,SSE,1013.0,29.91,0.0,0.0,41,0,25.5,77.9,10.0,6.0,8.5,10.3,16.6,255.3,65.0,9.435,7.4,25.345,60.495,2,3,05:30 AM,08:27 PM,07:06 AM,11:29 PM,Waxing Crescent,4,Normal
Malta,Valletta,35.8997,14.5147,Europe/Malta,1746002700,2025-04-30 10:45,22.3,72.1,Sunny,7.2,11.5,327,NNW,1019.0,30.09,0.0,0.0,61,25,24.7,76.4,10.0,6.0,3.9,10.2,16.5,259.0,77.0,22.2,2.405,15.54,27.565,2,2,06:10 AM,07:48 PM,07:50 AM,11:30 PM,Waxing Crescent,7,Normal
Niger,Niamey,13.5167,2.1167,Africa/Niamey,1750928400,2025-06-26 10:00,28.2,82.8,Sunny,10.7,17.3,255,WSW,1013.0,29.91,0.0,0.0,62,0,28.2,82.7,10.0,6.0,5.1,12.3,19.9,353.35,80.0,2.035,0.74,24.79,96.94,2,3,06:27 AM,07:22 PM,07:17 AM,08:43 PM,Waxing Crescent,1,Normal
Chad,N'djamena,12.1131,15.0492,Africa/Douala,1749458700,2025-06-09 09:45,34.8,94.6,Sunny,5.4,8.6,260,W,1011.0,29.86,0.0,0.0,33,7,35.6,96.1,10.0,6.0,4.7,6.2,9.9,412.55,71.0,3.33,0.74,21.83,42.55,2,2,05:35 AM,06:24 PM,04:59 PM,03:49 AM,Waxing Gibbous,95,Normal
Madagascar,Ivory,-24.3667,46.45,Indian/Antananarivo,1741254300,2025-03-06 12:45,32.0,89.7,Sunny,2.2,3.6,25,NNE,1014.0,29.94,0.0,0.0,53,9,35.6,96.1,10.0,6.0,13.3,6.7,10.8,236.8,48.0,1.11,0.185,5.365,5.55,1,1,05:52 AM,06:19 PM,12:32 PM,11:06 PM,First Quarter,41,Normal
Turkey,Ankara,39.9272,32.8644,Europe/Istanbul,1745398800,2025-04-23 12:00,20.4,68.7,Partly cloudy,3.1,5.0,228,SW,1014.0,29.94,0.1,0.0,49,50,20.4,68.7,10.0,6.0,5.3,4.1,6.6,349.65,58.0,47.915,37.37,32.19,38.295,2,3,05:59 AM,07:35 PM,03:37 AM,02:24 PM,Waning Crescent,31,Normal
Seychelles Islands,Victoria,-4.6167,55.45,Indian/Mahe,1764574200,2025-12-01 11:30,29.1,84.4,Partly cloudy,4.7,7.6,90,E,1012.0,29.88,0.02,0.0,70,50,33.4,92.2,10.0,6.0,9.7,6.4,10.2,92.85,37.0,2.15,1.95,3.05,4.05,1,1,05:56 AM,06:18 PM,02:49 PM,02:17 AM,Waxing Gibbous,77,Normal
Rwanda,Kigali,-1.95,30.06,Africa/Kigali,1716646500,2024-05-25 16:15,27.0,80.6,Partly cloudy,6.9,11.2,140,SE,1019.0,30.09,0.0,0.0,39,50,28.7,83.6,10.0,6.0,7.0,11.4,18.4,247.0,34.3,0.5,0.6,1.4,2.5,1,1,05:56 AM,05:57 PM,07:46 PM,07:25 AM,Waning Gibbous,98,Normal
Chad,N'djamena,12.1131,15.0492,Africa/Ndjamena,1759911300,2025-10-08 09:15,28.4,83.1,Sunny,3.1,5.0,257,WSW,1012.0,29.88,0.0,0.0,70,0,28.4,83.0,7.0,4.0,3.9,3.7,5.9,256.85,68.0,5.05,1.55,19.35,47.45,2,2,05:49 AM,05:46 PM,06:51 PM,06:52 AM,Waning Gibbous,99,Normal
Chile,Santiago,-33.45,-70.6667,America/Santiago,1769583600,2026-01-28 04:00,20.0,68.0,Clear,2.2,3.6,234,SW,1017.0,30.03,0.0,0.0,60,0,20.0,68.0,10.0,6.0,0.0,6.7,10.8,414.85,30.0,28.65,49.95,19.75,20.55,2,2,07:01 AM,08:49 PM,05:20 PM,02:03 AM,Waxing Gibbous,71,Normal
Gambia,Banjul,13.4531,-16.5775,Africa/Banjul,1745313300,2025-04-22 09:15,30.2,86.4,Sunny,16.3,26.3,44,NE,1011.0,29.85,0.0,0.0,40,0,28.6,83.6,10.0,6.0,0.8,18.8,30.2,329.3,68.0,1.295,0.555,46.805,148.185,3,5,06:49 AM,07:21 PM,02:39 AM,02:25 PM,Waning Crescent,40,Normal
Bulgaria,Sofia,42.6833,23.3167,Europe/Sofia,1754986500,2025-08-12 11:15,27.1,80.8,Sunny,8.3,13.3,93,E,1022.0,30.18,0.0,0.0,32,0,26.5,79.7,10.0,6.0,5.9,9.5,15.3,403.3,58.0,13.505,5.18,15.91,21.645,2,2,06:30 AM,08:32 PM,10:05 PM,09:53 AM,Waning Gibbous,92,Normal
Lebanon,Beirut,33.8719,35.5097,Asia/Beirut,1753518600,2025-07-26 11:30,30.2,86.4,Sunny,12.8,20.5,223,SW,1002.0,29.59,0.0,0.0,70,25,35.7,96.2,7.0,4.0,8.7,14.7,23.6,353.35,97.0,18.685,42.18,36.815,57.35,2,4,05:46 AM,07:43 PM,07:11 AM,09:01 PM,Waxing Crescent,1,Normal
Swaziland,Mbabane,-26.3167,31.1333,Africa/Mbabane,1740735900,2025-02-28 11:45,24.1,75.4,Partly cloudy,4.7,7.6,97,E,1016.0,30.0,0.01,0.0,69,75,25.8,78.4,10.0,6.0,7.8,5.4,8.7,196.1,55.0,3.145,3.885,13.32,14.43,1,2,05:49 AM,06:27 PM,06:01 AM,06:52 PM,New Moon,0,Normal
Djibouti,Djibouti,11.595,43.1481,Africa/Djibouti,1764227700,2025-11-27 10:15,28.2,82.8,Partly cloudy,14.1,22.7,102,ESE,1017.0,30.03,0.0,0.0,66,50,29.9,85.8,10.0,6.0,5.3,17.5,28.2,166.85,98.0,1.75,1.85,18.05,34.75,2,2,06:09 AM,05:41 PM,11:43 AM,11:41 PM,Waxing Crescent,36,Normal
Vietnam,Hanoi,21.0333,105.85,Asia/Bangkok,1729588500,2024-10-22 16:15,30.9,87.7,Partly Cloudy,2.5,4.0,96,E,1011.0,29.86,0.0,0.0,58,45,34.5,94.1,10.0,6.0,0.5,3.5,5.7,1126.65,94.0,33.67,79.92,79.55,115.44,4,10,05:55 AM,05:27 PM,09:44 PM,10:53 AM,Waning Gibbous,74,Normal
Niger,Niamey,13.6667,1.7833,Africa/Niamey,1767251700,2026-01-01 08:15,22.2,72.0,Sunny,8.9,14.4,45,NE,1012.0,29.88,0.0,0.0,31,0,22.2,71.9,10.0,6.0,0.3,18.8,30.2,140.85,36.0,2.25,1.25,12.25,43.95,1,2,07:16 AM,06:36 PM,04:38 PM,05:04 AM,Waxing Gibbous,91,Normal
Slovakia,Bratislava,48.15,17.12,Europe/Bratislava,1719494100,2024-06-27 15:15,27.2,81.0,Partly cloudy,6.9,11.2,90,E,1010.0,29.83,0.02,0.0,58,50,28.7,83.6,10.0,6.0,6.0,7.4,12.0,191.9,61.5,6.6,2.5,2.8,3.0,1,1,04:53 AM,08:56 PM,12:06 AM,11:04 AM,Waning Gibbous,71,Normal
Tunisia,Tunis,36.8028,10.1797,Africa/Tunis,1759046400,2025-09-28 09:00,23.0,73.4,Partly Cloudy,11.4,18.4,320,NW,1017.0,30.03,0.0,0.0,65,25,24.9,76.8,10.0,6.0,2.0,13.4,21.6,268.25,76.0,7.215,4.07,9.25,16.65,1,1,06:12 AM,06:07 PM,12:34 PM,09:41 PM,Waxing Crescent,31,Normal
Zambia,Lusaka,-15.4167,28.2833,Africa/Lusaka,1752570000,2025-07-15 11:00,21.7,71.1,Sunny,8.3,13.3,91,E,1022.0,30.17,0.0,0.0,37,6,21.7,71.1,10.0,6.0,7.4,9.5,15.3,325.6,61.0,1.295,2.22,7.03,8.325,1,1,06:34 AM,05:52 PM,10:12 PM,09:55 AM,Waning Gibbous,82,Normal
Rwanda,Kigali,-1.9536,30.0606,Africa/Kigali,1737540900,2025-01-22 12:15,26.0,78.8,Partly cloudy,3.8,6.1,94,E,1020.0,30.12,0.0,0.0,54,50,25.9,78.6,10.0,6.0,10.8,4.4,7.1,688.2,97.0,2.035,2.405,51.06,55.315,3,6,06:05 AM,06:18 PM,No moonrise,12:15 PM,Waning Crescent,49,Normal
United Kingdom,London,51.52,-0.11,Europe/London,1723032000,2024-08-07 13:00,23.4,74.2,Cloudy,13.0,20.9,246,WSW,1011.0,29.86,0.0,0.0,37,86,24.4,75.9,10.0,6.0,5.0,14.9,24.0,198.6,84.4,4.2,2.8,1.1,2.3,1,1,05:34 AM,08:37 PM,08:38 AM,09:50 PM,Waxing Crescent,6,Normal
Georgia,Tbilisi,41.73,44.79,Asia/Tbilisi,1723982400,2024-08-18 16:00,28.2,82.8,Partly cloudy,10.5,16.9,130,SE,1016.0,30.0,0.0,0.0,37,25,26.9,80.4,10.0,6.0,7.0,13.1,21.1,205.3,85.1,0.6,0.5,4.0,4.5,1,1,06:12 AM,07:56 PM,07:33 PM,03:55 AM,Waxing Gibbous,95,Normal
Zambia,Lusaka,-15.4167,28.2833,Africa/Lusaka,1744794000,2025-04-16 11:00,25.9,78.7,Patchy rain nearby,8.9,14.4,76,ENE,1016.0,30.0,0.01,0.0,55,75,26.9,80.3,10.0,6.0,10.2,10.9,17.6,286.75,49.0,0.74,0.925,2.59,2.59,1,1,06:14 AM,05:59 PM,08:16 PM,08:53 AM,Waning Gibbous,92,Normal
Jordan,Amman,31.95,35.93,Asia/Amman,1725192000,2024-09-01 15:00,28.1,82.6,Mist,13.6,22.0,260,W,1014.0,29.94,0.0,0.0,48,75,27.8,82.0,5.0,3.0,7.0,18.0,29.0,233.7,161.7,1.9,3.0,10.9,18.0,1,1,06:12 AM,07:00 PM,04:24 AM,06:23 PM,Waning Crescent,4,Normal
Switzerland,Bern,46.92,7.47,Europe/Zurich,1721997000,2024-07-26 14:30,27.4,81.4,Sunny,4.3,6.8,284,WNW,1012.0,29.9,0.0,0.0,44,6,27.6,81.6,10.0,6.0,7.0,4.9,7.9,207.0,123.0,1.2,1.0,7.3,7.9,1,1,06:03 AM,09:10 PM,11:43 PM,12:14 PM,Waning Gibbous,74,Normal
Eritrea,Asmara,15.3333,38.9333,Africa/Asmara,1761378300,2025-10-25 10:45,21.3,70.3,Patchy rain nearby,3.6,5.8,62,ENE,1017.0,30.03,0.38,0.01,57,79,21.3,70.3,10.0,6.0,5.7,4.2,6.8,179.85,80.0,3.65,2.35,27.35,40.85,2,3,06:18 AM,05:58 PM,09:25 AM,08:40 PM,Waxing Crescent,10,Normal
Vietnam,Hanoi,21.0333,105.85,Asia/Bangkok,1761378300,2025-10-25 14:45,26.1,79.0,Partly cloudy,5.4,8.6,5,N,1016.0,30.0,0.0,0.0,61,75,26.7,80.1,10.0,6.0,5.1,6.2,9.9,912.85,28.0,31.85,26.05,48.15,48.35,3,6,05:56 AM,05:25 PM,09:01 AM,07:50 PM,Waxing Crescent,9,Normal
Central African Republic,Bangui,4.37,18.58,Africa/Bangui,1724156100,2024-08-20 13:15,34.4,94.0,Partly Cloudy,2.2,3.6,292,WNW,1010.0,29.83,0.0,0.0,39,29,36.7,98.1,10.0,6.0,8.0,6.7,10.8,494.0,13.4,0.0,0.0,0.5,0.6,1,1,05:42 AM,05:56 PM,06:47 PM,06:12 AM,Waning Gibbous,100,Normal
Denmark,Copenhagen,55.67,12.58,Europe/Copenhagen,1720529100,2024-07-09 14:45,20.2,68.4,Light rain,5.6,9.0,70,ENE,1022.0,30.18,0.0,0.0,60,100,20.2,68.4,10.0,6.0,5.0,16.2,26.0,171.9,85.8,8.3,3.7,2.7,4.1,1,1,04:39 AM,09:50 PM,08:19 AM,11:41 PM,Waxing Crescent,9,Normal
Romania,Bucharest,44.43,26.1,Europe/Bucharest,1716042600,2024-05-18 17:30,21.0,69.8,Partly cloudy,2.2,3.6,8,N,1017.0,30.03,0.0,0.0,49,75,21.0,69.8,10.0,6.0,6.0,6.7,10.8,233.7,114.4,2.9,2.6,9.9,12.7,1,1,05:45 AM,08:40 PM,03:33 PM,03:29 AM,Waxing Gibbous,73,Normal
Bahrain,Manama,26.2361,50.5831,Asia/Bahrain,1763882100,2025-11-23 10:15,23.4,74.1,Sunny,11.9,19.1,300,WNW,1020.0,30.12,0.0,0.0,53,0,25.2,77.4,10.0,6.0,3.8,15.4,24.7,448.85,97.0,15.75,17.55,29.45,43.25,2,3,06:02 AM,04:46 PM,08:45 AM,07:04 PM,Waxing Crescent,6,Normal
Poland,Warsaw,52.25,21.0,Europe/Warsaw,1745226900,2025-04-21 11:15,22.1,71.8,Sunny,2.9,4.7,201,SSW,1010.0,29.83,0.0,0.0,43,0,23.9,75.1,10.0,6.0,4.2,3.4,5.4,471.75,44.0,45.88,34.225,32.19,41.255,2,3,05:26 AM,07:45 PM,03:18 AM,10:58 AM,Last Quarter,52,Normal
Albania,Tirana,41.3275,19.8189,Europe/Tirane,1745313300,2025-04-22 11:15,22.1,71.8,Patchy light rain in area with thunder,6.3,10.1,283,WNW,1012.0,29.88,0.2,0.01,57,0,24.6,76.2,10.0,6.0,4.4,7.2,11.6,296.0,64.0,23.125,12.025,22.57,27.75,2,2,05:51 AM,07:29 PM,03:05 AM,01:03 PM,Waning Crescent,41,Normal
Bangladesh,Dhaka,23.7231,90.4086,Asia/Dhaka,1752396300,2025-07-13 14:45,34.7,94.5,Patchy rain nearby,10.3,16.6,132,SE,1000.0,29.52,0.04,0.0,55,95,42.4,108.4,10.0,6.0,7.7,11.8,19.0,743.7,53.0,34.225,27.38,47.915,50.135,3,5,05:20 AM,06:48 PM,08:51 PM,07:23 AM,Waning Gibbous,96,Normal
Sudan,Juba,12.15,24.45,Africa/Khartoum,1753001100,2025-07-20 10:45,25.8,78.4,Partly Cloudy,7.2,11.5,236,WSW,1012.0,29.89,0.0,0.0,59,46,26.9,80.4,10.0,6.0,7.0,8.3,13.4,340.4,50.0,6.105,0.74,14.615,37.555,1,2,06:06 AM,06:51 PM,01:29 AM,02:43 PM,Waning Crescent,29,Normal
Croatia,Zagreb,45.8,16.0,Europe/Zagreb,1716820200,2024-05-27 16:30,26.0,78.8,Sunny,2.2,3.6,97,E,1017.0,30.03,0.0,0.0,42,0,26.3,79.3,10.0,6.0,6.0,5.5,8.9,190.3,100.1,3.2,0.5,5.3,6.0,1,1,05:13 AM,08:34 PM,12:03 AM,08:06 AM,Waning Gibbous,87,Normal
Uganda,Kampala,0.3156,32.5656,Africa/Kampala,1736765100,2025-01-13 13:45,31.0,87.7,Sunny,4.5,7.2,80,E,1008.0,29.77,0.0,0.0,30,12,30.0,86.1,10.0,6.0,9.9,5.1,8.3,627.15,93.0,3.145,3.7,44.77,46.25,3,5,06:55 AM,07:02 PM,06:47 PM,06:17 AM,Full Moon,98,Normal
Madagascar,Antananarivo,-18.9167,47.5167,Indian/Antananarivo,1737278100,2025-01-19 12:15,30.3,86.5,Partly cloudy,5.6,9.0,13,NNE,1015.0,29.97,0.21,0.01,43,75,31.4,88.6,10.0,6.0,15.1,6.4,10.4,329.3,60.0,1.295,1.11,13.505,14.615,1,2,05:28 AM,06:33 PM,10:15 PM,10:01 AM,Waning Gibbous,77,Normal
Singapore,Singapore,1.2931,103.8558,Asia/Singapore,1758182400,2025-09-18 16:00,32.0,89.6,Partly cloudy,10.1,16.2,164,SSE,1008.0,29.77,1.01,0.04,59,75,41.7,107.1,10.0,6.0,5.3,13.4,21.6,662.3,59.0,43.105,12.21,19.24,19.98,2,2,06:55 AM,07:02 PM,04:01 AM,04:29 PM,Waning Crescent,17,Normal
Singapore,Singapore,1.2931,103.8558,Asia/Singapore,1738232100,2025-01-30 18:15,29.1,84.4,Partly cloudy,18.1,29.2,11,NNE,1008.0,29.77,0.0,0.0,58,75,32.4,90.4,10.0,6.0,0.3,25.9,41.8,623.45,83.0,39.775,12.765,30.525,38.48,2,3,07:16 AM,07:20 PM,07:49 AM,08:10 PM,Waxing Crescent,0,Normal
Kenya,Nairobi,-1.2833,36.8167,Africa/Nairobi,1758182400,2025-09-18 11:00,21.5,70.7,Patchy rain nearby,7.8,12.6,93,E,1018.0,30.05,0.01,0.0,54,83,21.5,70.7,10.0,6.0,7.6,9.0,14.5,408.85,60.0,9.805,9.065,15.725,16.095,2,2,06:23 AM,06:30 PM,03:43 AM,04:03 PM,Waning Crescent,16,Normal
Italy,Rome,41.9,12.4833,Europe/Rome,1753691400,2025-07-28 10:30,25.0,77.0,Partly cloudy,14.8,23.8,207,SSW,1004.0,29.65,0.67,0.03,69,75,26.3,79.3,10.0,6.0,3.2,28.7,46.3,260.85,69.0,13.505,0.925,10.545,27.935,1,1,06:00 AM,08:32 PM,09:48 AM,10:29 PM,Waxing Crescent,11,Normal
Lebanon,Beirut,33.87,35.51,Asia/Beirut,1724500800,2024-08-24 15:00,31.3,88.3,Partly cloudy,9.4,15.1,250,WSW,1009.0,29.8,0.0,0.0,63,50,36.1,97.0,8.0,4.0,7.0,10.3,16.6,223.6,95.8,0.4,0.9,12.2,22.4,1,2,06:06 AM,07:14 PM,10:06 PM,11:15 AM,Waning Gibbous,76,Normal
Egypt,Cairo,30.05,31.25,Africa/Cairo,1732791600,2024-11-28 13:00,21.0,69.8,Partly cloudy,6.7,10.8,336,NNW,1022.0,30.18,0.0,0.0,46,50,21.0,69.8,6.0,3.0,2.8,7.7,12.4,449.55,60.0,47.73,122.84,25.9,35.705,2,3,06:31 AM,04:55 PM,03:50 AM,02:56 PM,Waning Crescent,10,Normal
Sweden,Stockholm,59.33,18.05,Europe/Stockholm,1716127200,2024-05-19 16:00,23.0,73.4,Sunny,13.6,22.0,200,SSW,1010.0,29.83,0.0,0.0,31,0,24.2,75.5,10.0,6.0,6.0,14.5,23.3,201.9,100.1,5.7,6.4,3.0,3.8,1,1,04:05 AM,09:25 PM,04:25 PM,03:11 AM,Waxing Gibbous,81,Normal
Nepal,Kathmandu,27.7167,85.3167,Asia/Kathmandu,1759996800,2025-10-09 13:45,26.1,79.0,Partly cloudy,4.0,6.5,285,WNW,1018.0,30.06,0.18,0.01,58,50,27.5,81.4,8.0,4.0,6.4,4.7,7.5,570.85,131.0,4.95,6.75,28.45,33.95,2,3,06:01 AM,05:41 PM,07:07 PM,08:13 AM,Waning Gibbous,96,Normal
Chad,N'djamena,12.11,15.05,Africa/Douala,1727171100,2024-09-24 10:45,27.0,80.6,Partly cloudy,6.3,10.1,218,SW,1015.0,29.97,0.0,0.0,66,25,29.2,84.5,6.0,3.0,7.0,7.3,11.8,360.75,55.0,1.48,0.37,17.205,35.15,2,2,05:49 AM,05:54 PM,11:36 PM,12:01 PM,Last Quarter,58,Normal
Bulgaria,Sofia,42.68,23.32,Europe/Sofia,1724674500,2024-08-26 15:15,28.3,82.9,Moderate or heavy rain with thunder,15.0,24.1,170,S,1015.0,29.97,0.0,0.0,35,75,26.8,80.3,10.0,6.0,7.0,19.5,31.3,233.7,90.8,0.7,0.3,4.4,5.4,1,1,06:45 AM,08:11 PM,11:46 PM,02:58 PM,Last Quarter,54,Normal
Burundi,Bujumbura,-3.38,29.36,Africa/Bujumbura,1717942500,2024-06-09 16:15,30.2,86.4,Partly cloudy,25.5,41.0,180,S,1015.0,29.97,0.0,0.0,33,75,32.1,89.7,10.0,6.0,7.0,30.0,48.2,247.0,57.9,0.4,0.1,3.5,5.6,1,1,06:04 AM,06:00 PM,08:41 AM,08:53 PM,Waxing Crescent,7,Normal
Kenya,Nairobi,-1.28,36.82,Africa/Nairobi,1727431200,2024-09-27 13:00,26.3,79.4,Sunny,5.4,8.6,160,SSE,1011.0,29.86,0.0,0.0,38,19,26.2,79.1,10.0,6.0,8.0,6.2,9.9,721.5,125.0,3.515,11.1,30.34,44.4,2,3,06:20 AM,06:27 PM,02:25 AM,02:44 PM,Waning Crescent,28,Normal
Mozambique,Maputo,-25.9653,32.5892,Africa/Maputo,1746607500,2025-05-07 10:45,24.1,75.4,Sunny,8.5,13.7,10,N,1023.0,30.21,0.0,0.0,61,25,25.4,77.7,10.0,6.0,4.5,9.8,15.7,279.35,40.0,2.96,1.295,7.585,9.065,1,1,06:16 AM,05:16 PM,02:22 PM,01:39 AM,Waxing Gibbous,73,Normal
Djibouti,Djibouti,11.595,43.1481,Africa/Djibouti,1750842000,2025-06-25 12:00,34.3,93.7,Sunny,10.3,16.6,56,ENE,1004.0,29.66,0.0,0.0,46,4,38.4,101.1,10.0,6.0,11.0,15.7,25.3,305.25,76.0,4.44,3.885,27.565,74.555,2,3,05:46 AM,06:34 PM,05:25 AM,06:49 PM,New Moon,1,Normal
Gabon,Libreville,0.38,9.45,Africa/Libreville,1724415300,2024-08-23 13:15,27.6,81.6,Partly Cloudy,11.6,18.7,223,SW,1013.0,29.93,0.0,0.0,63,34,29.4,84.9,10.0,6.0,7.0,13.5,21.7,640.9,73.7,1.5,2.6,4.0,8.3,1,1,06:21 AM,06:28 PM,09:54 PM,09:28 AM,Waning Gibbous,85,Normal
Cambodia,Phnom Penh,11.55,104.9167,Asia/Phnom_Penh,1729761300,2024-10-24 16:15,33.1,91.6,Partly cloudy,6.5,10.4,332,NNW,1005.0,29.68,0.0,0.0,63,50,37.4,99.2,10.0,6.0,1.0,8.5,13.7,564.25,76.0,5.365,4.44,23.68,35.705,2,2,05:51 AM,05:38 PM,No moonrise,12:22 PM,Last Quarter,53,Normal
Maldives,Dhidhdhoo,6.8833,73.1,Indian/Maldives,1733394600,2024-12-05 15:30,27.1,80.8,Partly Cloudy,4.3,6.8,254,WSW,1008.0,29.77,0.0,0.0,66,36,29.1,84.3,10.0,6.0,4.1,5.7,9.2,282.23,86.0,0.0,0.68,28.223,37.064,2,3,06:06 AM,05:51 PM,09:37 AM,09:37 PM,Waxing Crescent,13,Normal
Madagascar,Ivory,-24.3667,46.45,Indian/Antananarivo,1737107100,2025-01-17 12:45,33.5,92.3,Patchy rain nearby,2.2,3.6,254,WSW,1010.0,29.82,0.14,0.01,47,62,37.0,98.6,10.0,6.0,13.8,6.7,10.8,238.65,57.0,0.74,0.185,12.58,13.505,1,2,05:21 AM,06:47 PM,09:20 PM,08:22 AM,Waning Gibbous,91,Normal
Philippines,Manila,14.6042,120.9822,Asia/Manila,1769756400,2026-01-30 15:00,27.2,81.0,Partly cloudy,12.8,20.5,74,ENE,1015.0,29.97,0.0,0.0,66,75,28.3,83.0,10.0,6.0,2.6,15.5,24.9,451.85,45.0,16.65,18.35,19.75,21.55,2,2,06:25 AM,05:54 PM,03:10 PM,03:44 AM,Waxing Gibbous,86,Normal
Malta,Valletta,35.8997,14.5147,Europe/Malta,1754382600,2025-08-05 10:30,28.2,82.8,Sunny,2.9,4.7,277,W,1018.0,30.06,0.0,0.0,55,25,30.6,87.0,10.0,6.0,4.4,3.6,5.8,275.65,92.0,7.955,1.11,7.585,17.76,1,1,06:13 AM,08:03 PM,05:34 PM,01:54 AM,Waxing Gibbous,80,Normal
Latvia,Riga,56.95,24.1,Europe/Riga,1751445900,2025-07-02 11:45,25.1,77.2,Sunny,6.7,10.8,299,WNW,1015.0,29.97,0.0,0.0,51,0,25.7,78.3,10.0,6.0,5.0,9.1,14.7,277.5,55.0,17.39,1.48,9.62,14.245,1,1,04:35 AM,10:19 PM,01:28 PM,12:36 AM,First Quarter,41,Normal
San Marino,San Marino,43.93,12.45,Europe/Rome,1717682400,2024-06-06 16:00,27.0,80.6,Sunny,6.9,11.2,90,E,1018.0,30.06,0.0,0.0,62,0,29.0,84.2,10.0,6.0,6.0,10.7,17.2,203.6,138.8,0.7,1.9,12.8,15.3,1,2,05:29 AM,08:50 PM,04:51 AM,09:24 PM,New Moon,0,Normal
Zimbabwe,Harare,-17.8178,31.0447,Africa/Harare,1758959100,2025-09-27 09:45,20.5,69.0,Sunny,8.1,13.0,68,ENE,1020.0,30.13,0.0,0.0,56,25,20.5,69.0,10.0,6.0,4.9,9.3,14.9,569.8,89.0,3.885,0.925,37.185,37.555,2,4,05:41 AM,05:53 PM,09:01 AM,10:42 PM,Waxing Crescent,22,Normal
Azerbaijan,Baku,40.4,49.88,Asia/Baku,1724069700,2024-08-19 16:15,31.2,88.2,Sunny,13.6,22.0,160,SSE,1011.0,29.85,0.0,0.0,36,0,31.7,89.1,10.0,6.0,7.0,15.5,24.9,212.0,108.7,2.8,0.8,6.3,15.8,1,1,05:56 AM,07:32 PM,07:41 PM,04:58 AM,Full Moon,99,Normal
Costa Rica,San Ignacio,9.8,-84.1667,America/Costa_Rica,1738062000,2025-01-28 05:00,21.1,70.0,Partly cloudy,6.9,11.2,64,ENE,1013.0,29.91,0.0,0.0,69,25,21.1,70.0,10.0,6.0,0.0,14.6,23.4,349.65,54.0,16.28,4.995,13.69,14.985,1,2,05:59 AM,05:41 PM,05:17 AM,05:06 PM,Waning Crescent,2,Normal
Brazil,Bras,-2.08,-58.17,America/Manaus,1725537600,2024-09-05 08:00,30.8,87.4,Sunny,2.2,3.6,139,SE,1012.0,29.9,0.0,0.0,39,12,31.0,87.8,10.0,6.0,9.0,2.3,3.7,292.0,81.0,0.2,0.4,13.4,19.6,1,2,05:49 AM,05:54 PM,07:27 AM,07:47 PM,Waxing Crescent,3,Normal
Seychelles Islands,Victoria,-4.6167,55.45,Indian/Mahe,1747903500,2025-05-22 12:45,32.2,90.0,Patchy rain nearby,11.2,18.0,143,SE,1010.0,29.83,0.01,0.0,67,25,43.2,109.8,10.0,6.0,10.7,15.1,24.3,162.8,36.0,2.22,1.85,5.735,9.25,1,1,06:18 AM,06:11 PM,01:38 AM,02:03 PM,Waning Crescent,35,Normal
Burkina Faso,Ouagadougou,12.3703,-1.5247,Africa/Ouagadougou,1731661200,2024-11-15 09:00,30.0,86.0,Mist,12.3,19.8,86,E,1012.0,29.88,0.0,0.0,31,0,28.1,82.7,4.0,2.0,2.7,14.2,22.8,560.55,85.0,3.885,2.035,45.14,84.915,3,5,06:04 AM,05:38 PM,05:18 PM,05:26 AM,Full Moon,99,Normal
Cape Verde,Praia,14.9315,-23.5125,Atlantic/Cape_Verde,1739183400,2025-02-10 09:30,22.4,72.3,Sunny,15.2,24.5,20,NNE,1014.0,29.94,0.0,0.0,61,0,24.7,76.5,6.0,3.0,2.3,18.1,29.1,262.7,81.0,0.925,1.295,73.26,180.005,4,10,07:00 AM,06:36 PM,04:58 PM,05:29 AM,Waxing Gibbous,93,Normal
Botswana,Gaborone,-24.6464,25.9119,Africa/Gaborone,1734604200,2024-12-19 12:30,23.2,73.8,Patchy rain nearby,11.0,17.6,66,ENE,1015.0,29.97,0.05,0.0,65,74,25.1,77.1,10.0,6.0,1.8,12.6,20.3,292.3,59.0,3.515,3.33,6.475,6.475,1,1,05:24 AM,07:04 PM,10:43 PM,09:09 AM,Waning Gibbous,85,Normal
Mauritius,Port Louis,-20.1619,57.4989,Indian/Mauritius,1732697100,2024-11-27 12:45,27.3,81.1,Partly cloudy,16.1,25.9,98,E,1016.0,30.0,0.01,0.0,66,50,28.8,83.8,10.0,6.0,14.2,18.5,29.8,185.0,54.0,1.85,1.665,12.21,18.685,1,2,05:21 AM,06:34 PM,02:36 AM,03:23 PM,Waning Crescent,17,Normal
Bosnia and Herzegovina,Sarajevo,43.85,18.38,Europe/Sarajevo,1716302700,2024-05-21 16:45,26.0,78.8,Partly cloudy,15.0,24.1,160,SSE,1007.0,29.74,0.54,0.02,48,50,27.4,81.4,10.0,6.0,5.0,19.5,31.3,210.3,76.5,1.0,7.5,11.8,21.5,1,1,05:15 AM,08:12 PM,06:18 PM,03:52 AM,Waxing Gibbous,93,Normal
Seychelles Islands,Victoria,-4.6167,55.45,Indian/Mahe,1749805200,2025-06-13 13:00,28.4,83.1,Partly cloudy,13.4,21.6,176,S,1012.0,29.88,0.0,0.0,62,50,30.7,87.3,10.0,6.0,8.9,17.7,28.5,135.05,65.0,1.295,1.85,15.17,24.42,1,2,06:22 AM,06:14 PM,08:10 PM,08:01 AM,Waning Gibbous,98,Normal
India,New Delhi,28.6,77.2,Asia/Kolkata,1759824000,2025-10-07 13:30,28.1,82.6,Partly cloudy,4.5,7.2,164,SSE,1010.0,29.83,0.56,0.02,58,75,29.0,84.2,6.0,3.0,6.3,5.9,9.5,694.85,75.0,28.85,22.45,20.25,24.75,2,2,06:17 AM,06:00 PM,06:02 PM,06:13 AM,Full Moon,100,Normal
Tunisia,Tunis,36.8028,10.1797,Africa/Tunis,1741945500,2025-03-14 10:45,22.3,72.1,Partly cloudy,3.6,5.8,213,SSW,1002.0,29.59,0.0,0.0,50,25,24.6,76.3,10.0,6.0,2.3,4.8,7.7,340.4,55.0,9.065,14.245,34.595,107.3,2,3,06:31 AM,06:26 PM,06:47 PM,06:35 AM,Full Moon,100,Normal
Sudan,Khartoum,15.5881,32.5342,Africa/Khartoum,1735983900,2025-01-04 11:45,25.9,78.6,Sunny,8.5,13.7,44,NE,1014.0,29.94,0.0,0.0,38,0,25.9,78.6,10.0,6.0,7.3,9.8,15.7,619.75,73.0,7.03,8.51,152.07,400.525,5,10,06:18 AM,05:32 PM,09:52 AM,09:56 PM,Waxing Crescent,18,Normal
Australia,Canberra,-35.2833,149.2167,Australia/Sydney,1742981400,2025-03-26 20:30,22.2,72.0,Clear,7.8,12.6,97,E,1022.0,30.18,0.0,0.0,61,0,24.6,76.3,10.0,6.0,0.0,13.5,21.7,194.25,64.0,9.435,1.11,14.985,16.095,1,2,07:11 AM,07:06 PM,03:00 AM,05:19 PM,Waning Crescent,20,Normal
Rwanda,Kigali,-1.95,30.06,Africa/Kigali,1721133900,2024-07-16 14:45,28.4,83.1,Partly cloudy,6.9,11.2,90,E,1018.0,30.06,0.0,0.0,30,50,27.2,80.9,10.0,6.0,8.0,11.4,18.4,347.1,68.7,0.8,1.1,13.8,18.2,1,2,06:05 AM,06:06 PM,01:36 PM,01:17 AM,Waxing Gibbous,69,Normal
Myanmar,Rangoon,16.7833,96.1667,Asia/Yangon,1768633200,2026-01-17 13:30,31.0,87.8,Sunny,2.2,3.6,183,S,1010.0,29.83,0.0,0.0,52,25,31.0,87.8,7.0,4.0,7.1,2.6,4.1,558.85,85.0,6.55,7.05,43.25,44.75,3,5,06:38 AM,05:53 PM,05:23 AM,04:32 PM,Waning Crescent,4,Normal
Madagascar,Antananarivo,-18.92,47.52,Indian/Antananarivo,1726829100,2024-09-20 13:45,29.1,84.4,Sunny,10.1,16.2,93,E,1020.0,30.12,0.0,0.0,31,0,27.0,80.6,10.0,6.0,8.0,11.6,18.6,425.5,92.0,0.185,1.665,23.495,34.965,2,2,05:41 AM,05:46 PM,08:20 PM,07:12 AM,Waning Gibbous,95,Normal
Timor-Leste,Dili,-8.5586,125.5736,Asia/Dili,1760430600,2025-10-14 17:30,28.2,82.8,Sunny,7.6,12.2,69,ENE,1008.0,29.75,0.0,0.0,64,6,30.6,87.1,10.0,6.0,1.8,8.7,14.1,129.85,30.0,2.95,1.65,7.05,8.35,1,1,06:15 AM,06:32 PM,12:52 AM,12:45 PM,Last Quarter,51,Normal
Angola,Luanda,-8.84,13.23,Africa/Luanda,1716387300,2024-05-22 15:15,29.0,84.2,Partly cloudy,13.6,22.0,270,W,1009.0,29.8,0.0,0.0,70,25,33.0,91.5,10.0,6.0,8.0,16.7,26.9,540.7,105.9,6.5,4.1,30.5,104.9,2,3,06:13 AM,05:54 PM,05:03 PM,05:05 AM,Waxing Gibbous,97,Normal
Denmark,Copenhagen,55.67,12.58,Europe/Copenhagen,1725537600,2024-09-05 14:00,27.2,81.0,Sunny,15.0,24.1,80,E,1022.0,30.18,0.0,0.0,48,0,27.5,81.4,10.0,6.0,6.0,31.2,50.3,202.0,82.0,8.9,1.6,13.4,27.1,1,2,06:23 AM,07:52 PM,08:55 AM,08:20 PM,Waxing Crescent,3,Normal
Swaziland,Mbabane,-26.3167,31.1333,Africa/Mbabane,1752569100,2025-07-15 10:45,21.1,70.0,Sunny,4.3,6.8,268,W,1024.0,30.24,0.0,0.0,46,0,21.1,70.0,10.0,6.0,3.3,4.9,7.9,456.95,31.0,30.155,48.285,40.33,40.33,2,4,06:42 AM,05:21 PM,09:59 PM,09:47 AM,Waning Gibbous,82,Normal
Nepal,Kathmandu,27.7167,85.3167,Asia/Kathmandu,1755591300,2025-08-19 14:00,29.0,84.2,Partly cloudy,3.6,5.8,227,SW,1012.0,29.88,1.21,0.05,58,50,34.5,94.1,10.0,6.0,6.4,6.4,10.3,756.65,125.0,5.18,7.77,18.13,18.315,2,2,05:36 AM,06:38 PM,01:09 AM,03:56 PM,Waning Crescent,23,Normal
Solomon Islands,Honiara,-9.4333,159.95,Pacific/Guadalcanal,1757231100,2025-09-07 18:45,30.3,86.5,Light rain,7.6,12.2,142,SE,1009.0,29.8,0.01,0.0,70,50,36.9,98.4,10.0,6.0,0.0,9.6,15.5,168.35,38.0,0.555,0.185,4.625,6.66,1,1,06:19 AM,06:17 PM,05:51 PM,05:40 AM,Waxing Gibbous,98,Normal
Mozambique,Maputo,-25.97,32.59,Africa/Maputo,1723638600,2024-08-14 14:30,27.2,81.0,Partly cloudy,24.2,38.9,140,SE,1012.0,29.88,0.0,0.0,54,25,27.2,80.9,10.0,6.0,8.0,28.6,46.1,560.8,137.3,2.2,9.9,25.1,35.0,2,3,06:19 AM,05:30 PM,12:02 PM,01:30 AM,Waxing Gibbous,63,Normal
Bulgaria,Bogot,43.32,24.7,Europe/Sofia,1717682400,2024-06-06 17:00,27.7,81.9,Sunny,3.4,5.4,296,WNW,1016.0,30.0,0.0,0.0,44,13,27.9,82.2,10.0,6.0,7.0,4.2,6.8,183.6,107.3,0.6,0.4,3.6,3.9,1,1,05:42 AM,08:59 PM,05:03 AM,09:30 PM,New Moon,0,Normal
Oman,Muscat,23.6133,58.5933,Asia/Muscat,1733653800,2024-12-08 14:30,26.2,79.2,Sunny,10.7,17.3,34,NE,1019.0,30.09,0.0,0.0,34,0,26.0,78.8,10.0,6.0,3.9,12.3,19.9,296.0,101.0,8.51,10.915,23.495,47.915,2,2,06:36 AM,05:20 PM,12:10 PM,No moonset,First Quarter,41,Normal
Comoros,Moroni,-11.7042,43.2403,Indian/Comoro,1758355200,2025-09-20 11:00,27.0,80.6,Sunny,14.1,22.7,179,S,1018.0,30.07,0.0,0.0,69,5,29.1,84.4,10.0,6.0,11.8,16.2,26.1,197.95,47.0,0.74,0.555,10.175,14.985,1,1,05:58 AM,06:03 PM,04:56 AM,05:02 PM,Waning Crescent,4,Normal
Indonesia,Jakarta,-6.2146,106.8451,Asia/Jakarta,1737278100,2025-01-19 16:15,31.4,88.5,Partly cloudy,12.3,19.8,303,WNW,1004.0,29.65,0.13,0.01,63,50,35.8,96.5,10.0,6.0,1.2,14.5,23.4,3823.95,19.0,52.17,75.11,57.35,57.905,3,7,05:51 AM,06:16 PM,10:15 PM,09:56 AM,Waning Gibbous,78,Normal
Mauritania,Nouakchott,18.0864,-15.9753,Africa/Nouakchott,1749632400,2025-06-11 09:00,29.6,85.3,Sunny,11.9,19.1,35,NE,1009.0,29.8,0.0,0.0,33,0,28.8,83.9,10.0,6.0,2.0,24.9,40.1,281.2,55.0,0.925,0.37,109.89,447.885,4,10,06:27 AM,07:40 PM,08:10 PM,06:18 AM,Full Moon,100,Normal
Madagascar,Antananarivo,-18.9167,47.5167,Indian/Antananarivo,1746262800,2025-05-03 12:00,24.2,75.6,Sunny,2.2,3.6,212,SSW,1020.0,30.12,0.0,0.0,61,25,25.3,77.5,10.0,6.0,9.3,6.7,10.8,229.4,52.0,1.48,1.11,5.735,6.66,1,1,06:05 AM,05:28 PM,11:47 AM,11:00 PM,Waxing Crescent,32,Normal
Saudi Arabia,Riyadh,24.6408,46.7728,Asia/Riyadh,1764918900,2025-12-05 10:15,21.3,70.3,Sunny,8.3,13.3,135,SE,1023.0,30.21,0.0,0.0,46,0,21.3,70.3,10.0,6.0,3.3,9.5,15.3,319.85,24.0,46.15,53.55,43.95,80.75,3,5,06:23 AM,05:04 PM,05:25 PM,06:47 AM,Full Moon,100,Normal
Bahrain,Manama,26.24,50.58,Asia/Bahrain,1717251300,2024-06-01 17:15,35.0,95.0,Sunny,9.4,15.1,320,NW,1003.0,29.62,0.0,0.0,60,0,47.3,117.2,10.0,6.0,8.0,22.5,36.3,208.6,138.8,0.8,3.2,34.5,77.5,2,3,04:45 AM,06:26 PM,12:54 AM,01:13 PM,Waning Crescent,35,Normal
Thailand,Bangkok,13.75,100.5167,Asia/Bangkok,1759996800,2025-10-09 15:00,32.3,90.1,Cloudy,5.8,9.4,34,NE,1008.0,29.77,0.0,0.0,63,25,36.3,97.3,10.0,6.0,4.4,6.9,11.1,790.85,53.0,39.95,27.35,29.35,29.75,2,3,06:08 AM,06:02 PM,07:46 PM,08:00 AM,Waning Gibbous,96,Normal
Indonesia,Laos,-8.1826,114.3188,Asia/Jakarta,1729847700,2024-10-25 16:15,27.5,81.6,Patchy rain nearby,6.9,11.2,166,SSE,1010.0,29.83,0.37,0.01,69,85,30.0,86.0,9.0,5.0,0.9,9.6,15.5,351.5,68.0,2.22,4.255,15.54,24.79,2,2,04:56 AM,05:18 PM,12:02 AM,11:57 AM,Waning Crescent,43,Normal
Russia,Moscow,55.7522,37.6156,Europe/Moscow,1755073800,2025-08-13 11:30,20.2,68.4,Sunny,10.1,16.2,312,NW,1017.0,30.03,0.0,0.0,60,25,20.2,68.4,10.0,6.0,4.3,11.6,18.6,601.25,23.0,70.67,50.135,36.63,46.62,2,4,04:58 AM,08:10 PM,09:07 PM,10:23 AM,Waning Gibbous,85,Normal
Timor-Leste,Dili,-8.5586,125.5736,Asia/Dili,1745571600,2025-04-25 18:00,26.1,79.0,Sunny,2.2,3.6,251,WSW,1009.0,29.81,0.0,0.0,70,19,27.9,82.2,10.0,6.0,0.2,6.7,10.8,188.7,54.0,1.11,1.48,14.06,18.685,1,2,06:40 AM,06:31 PM,03:57 AM,04:22 PM,Waning Crescent,14,Normal
Benin,Porto-Novo,6.4833,2.6167,Africa/Porto-Novo,1738232100,2025-01-30 11:15,32.3,90.1,Partly cloudy,6.0,9.7,213,SSW,1012.0,29.88,0.0,0.0,67,50,36.8,98.2,10.0,6.0,6.7,7.0,11.2,466.2,81.0,3.145,2.035,46.25,121.915,3,5,07:08 AM,06:58 PM,07:55 AM,08:04 PM,Waxing Crescent,0,Normal
Bangladesh,Dhaka,23.7231,90.4086,Asia/Dhaka,1759824000,2025-10-07 14:00,31.9,89.4,Cloudy,2.2,3.6,178,S,1006.0,29.72,0.0,0.0,55,86,35.9,96.5,10.0,6.0,3.1,6.7,10.8,482.85,41.0,27.55,24.95,22.35,22.55,2,2,05:52 AM,05:40 PM,05:42 PM,05:45 AM,Full Moon,100,Normal
Paraguay,Aguaray,-19.85,-58.5167,America/Asuncion,1762760700,2025-11-10 04:45,22.1,71.7,Partly Cloudy,3.4,5.4,155,SSE,1012.0,29.89,0.0,0.0,48,45,24.4,75.9,10.0,6.0,0.0,7.0,11.3,121.678,55.0,2.278,0.978,9.278,9.378,1,1,06:08 AM,07:08 PM,No moonrise,10:59 AM,Waning Gibbous,72,Normal
Swaziland,Mbabane,-26.3167,31.1333,Africa/Mbabane,1739700900,2025-02-16 12:15,23.6,74.5,Patchy rain nearby,6.7,10.8,75,ENE,1015.0,29.96,0.03,0.0,64,86,25.3,77.6,10.0,6.0,10.9,7.7,12.4,183.15,65.0,2.405,2.22,13.32,16.28,1,2,05:41 AM,06:37 PM,08:47 PM,08:51 AM,Waning Gibbous,90,Normal
Sierra Leone,Freetown,8.49,-13.2342,Africa/Freetown,1737628200,2025-01-23 10:30,28.2,82.7,Sunny,8.3,13.3,315,NW,1013.0,29.9,0.0,0.0,56,3,29.5,85.2,10.0,6.0,3.7,9.5,15.3,334.85,99.0,1.295,1.85,46.065,111.925,3,5,07:13 AM,06:57 PM,01:48 AM,01:42 PM,Waning Crescent,39,Normal
Spain,Madrid,40.4,-3.6833,Europe/Madrid,1749199500,2025-06-06 10:45,23.0,73.4,Sunny,3.6,5.8,225,SW,1019.0,30.09,0.0,0.0,47,0,24.1,75.4,10.0,6.0,2.5,4.1,6.6,334.85,30.0,66.6,7.585,18.13,26.085,2,2,06:45 AM,09:43 PM,05:23 PM,03:47 AM,Waxing Gibbous,75,Normal
Eritrea,Asmara,15.3333,38.9333,Africa/Asmara,1750323600,2025-06-19 12:00,24.9,76.7,Sunny,6.0,9.7,320,NW,1014.0,29.93,0.0,0.0,30,5,24.7,76.4,10.0,6.0,12.4,8.8,14.1,294.15,93.0,0.555,0.925,33.67,143.375,2,3,05:55 AM,06:57 PM,12:30 AM,12:57 PM,Waning Crescent,49,Normal
Turkey,Ankara,39.9272,32.8644,Europe/Istanbul,1756627200,2025-08-31 11:00,27.3,81.1,Sunny,7.4,11.9,253,WSW,1016.0,30.0,0.0,0.0,34,0,25.7,78.2,10.0,6.0,6.6,8.5,13.7,381.1,48.0,40.515,38.665,56.425,75.85,3,7,06:15 AM,07:22 PM,02:24 PM,11:14 PM,First Quarter,46,Normal
Mali,Bamako,12.65,-8.0,Africa/Bamako,1749372300,2025-06-08 08:45,29.1,84.4,Sunny,11.0,17.6,190,S,1016.0,30.0,0.0,0.0,70,0,29.4,84.9,10.0,6.0,1.3,12.6,20.3,373.7,60.0,3.33,0.925,27.38,94.35,2,3,06:06 AM,06:57 PM,04:44 PM,03:42 AM,Waxing Gibbous,90,Normal
Ukraine,Kyiv,50.4333,30.5167,Europe/Kiev,1752309000,2025-07-12 11:30,24.7,76.5,Sunny,5.1,8.3,335,NNW,1017.0,30.02,0.0,0.0,37,2,25.0,77.0,10.0,6.0,5.8,5.9,9.5,307.1,68.0,8.88,4.07,14.06,16.465,1,2,05:00 AM,09:06 PM,10:26 PM,06:10 AM,Waning Gibbous,99,Normal
Germany,Berlin,52.52,13.4,Europe/Berlin,1720701900,2024-07-11 14:45,26.1,79.0,Partly cloudy,11.9,19.1,290,WNW,1016.0,30.0,0.0,0.0,58,25,26.2,79.2,10.0,6.0,6.0,16.3,26.3,186.9,73.7,3.0,1.7,1.9,2.3,1,1,04:57 AM,09:26 PM,10:54 AM,11:48 PM,Waxing Crescent,23,Normal
Philippines,Manila,14.6042,120.9822,Asia/Manila,1770969600,2026-02-13 16:00,30.3,86.5,Partly cloudy,12.5,20.2,65,ENE,1010.0,29.83,0.0,0.0,59,75,34.2,93.6,10.0,6.0,4.0,14.4,23.2,331.85,61.0,10.05,10.25,10.85,13.15,1,1,06:21 AM,06:00 PM,02:56 AM,02:14 PM,Waning Crescent,22,Normal
Bulgaria,Bogot,43.32,24.7,Europe/Sofia,1726742700,2024-09-19 13:45,23.7,74.7,Partly Cloudy,11.2,18.0,75,ENE,1018.0,30.05,0.0,0.0,33,27,24.2,75.6,10.0,6.0,6.0,12.9,20.7,303.4,63.0,4.07,4.255,22.2,35.15,2,2,07:06 AM,07:24 PM,08:03 PM,08:33 AM,Waning Gibbous,99,Normal
Indonesia,Laos,-8.1826,114.3188,Asia/Jakarta,1731488400,2024-11-13 16:00,30.0,85.9,Sunny,4.7,7.6,95,E,1008.0,29.77,0.0,0.0,61,6,33.3,91.9,10.0,6.0,1.2,5.4,8.7,623.45,108.0,3.885,11.1,36.445,54.02,2,4,04:53 AM,05:22 PM,02:52 PM,02:19 AM,Waxing Gibbous,86,Normal
Maldives,Dhidhdhoo,6.8833,73.1,Indian/Maldives,1741340700,2025-03-07 14:45,27.5,81.6,Sunny,2.2,3.6,92,E,1010.0,29.82,0.0,0.0,69,9,30.0,86.1,10.0,6.0,8.5,6.7,10.8,306.033,87.0,0.17,1.19,23.462,29.243,2,2,06:18 AM,06:19 PM,12:29 PM,12:28 AM,Waxing Gibbous,51,Normal
Vietnam,Hanoi,21.0333,105.85,Asia/Bangkok,1730365200,2024-10-31 16:00,31.0,87.8,Sunny,2.5,4.0,315,NW,1007.0,29.74,0.0,0.0,55,0,32.0,89.7,10.0,6.0,1.0,3.2,5.1,3133.9,109.0,36.63,56.425,118.4,174.455,4,10,05:59 AM,05:22 PM,04:45 AM,04:31 PM,Waning Crescent,2,Normal
Mauritius,Port Louis,-20.1619,57.4989,Indian/Mauritius,1769929200,2026-02-01 11:00,29.1,84.4,Partly Cloudy,7.2,11.5,356,N,1013.0,29.91,0.0,0.0,58,25,32.0,89.5,10.0,6.0,13.4,8.2,13.2,136.85,34.0,9.95,5.75,10.85,12.85,1,1,05:54 AM,06:53 PM,06:42 PM,05:02 AM,Full Moon,98,Normal
Bahrain,Manama,26.2361,50.5831,Asia/Bahrain,1764918900,2025-12-05 10:15,26.1,79.0,Sunny,6.5,10.4,325,NW,1020.0,30.12,0.0,0.0,65,0,27.6,81.7,10.0,6.0,3.4,9.4,15.2,275.85,71.0,17.35,12.55,29.15,46.85,2,3,06:11 AM,04:45 PM,05:05 PM,06:36 AM,Full Moon,100,Normal
Monaco,Monaco,43.73,7.42,Europe/Monaco,1725537600,2024-09-05 14:00,25.0,77.0,Partly cloudy,6.9,11.2,140,SE,1007.0,29.74,0.42,0.02,65,25,26.5,79.7,10.0,6.0,5.0,11.4,18.4,145.0,89.0,3.0,0.4,2.0,2.8,1,1,06:59 AM,07:58 PM,09:10 AM,08:53 PM,Waxing Crescent,3,Normal
France,Paris,48.8667,2.3333,Europe/Paris,1752570000,2025-07-15 11:00,21.1,70.0,Partly Cloudy,10.1,16.2,250,WSW,1021.0,30.15,0.0,0.0,53,25,21.1,70.0,10.0,6.0,4.6,11.6,18.6,299.7,62.0,13.505,0.925,12.58,21.645,1,2,06:03 AM,09:50 PM,No moonrise,11:15 AM,Waning Gibbous,82,Normal
India,New Delhi,28.6,77.2,Asia/Kolkata,1734345900,2024-12-16 16:15,21.1,70.0,Mist,2.2,3.6,325,NW,1016.0,30.0,0.0,0.0,35,0,21.1,70.0,2.5,1.0,0.3,6.7,10.8,2780.55,202.0,63.825,126.725,222.185,225.7,5,10,07:07 AM,05:27 PM,06:18 PM,08:07 AM,Waning Gibbous,100,Normal
Algeria,Algiers,36.7631,3.0506,Africa/Algiers,1749631500,2025-06-11 09:45,31.1,88.0,Sunny,5.6,9.0,62,ENE,1014.0,29.94,0.0,0.0,41,0,32.5,90.4,10.0,6.0,3.2,10.5,17.0,368.15,48.0,38.665,15.355,19.795,32.375,2,2,05:29 AM,08:07 PM,08:48 PM,05:04 AM,Full Moon,100,Normal
Rwanda,Kigali,-1.9536,30.0606,Africa/Kigali,1731142800,2024-11-09 11:00,25.1,77.2,Partly cloudy,5.8,9.4,118,ESE,1019.0,30.09,0.27,0.01,51,75,25.9,78.5,10.0,6.0,11.8,7.3,11.8,741.85,51.0,1.295,2.22,14.615,21.46,1,2,05:38 AM,05:50 PM,12:15 PM,No moonset,First Quarter,47,Normal
Mozambique,Maputo,-25.97,32.59,Africa/Maputo,1723810500,2024-08-16 14:15,28.2,82.8,Sunny,2.2,3.6,33,NNE,1021.0,30.15,0.0,0.0,40,0,28.0,82.5,10.0,6.0,8.0,12.8,20.5,237.0,65.8,0.3,0.3,6.6,22.3,1,1,06:17 AM,05:31 PM,01:55 PM,03:30 AM,Waxing Gibbous,82,Normal
Bulgaria,Lom,43.8139,23.2361,Europe/Sofia,1758354300,2025-09-20 10:45,23.2,73.8,Sunny,2.7,4.3,19,NNE,1028.0,30.36,0.0,0.0,50,0,24.2,75.6,10.0,6.0,1.8,3.1,5.0,275.65,31.0,11.285,1.48,12.395,15.725,1,2,07:12 AM,07:28 PM,05:32 AM,06:55 PM,Waning Crescent,4,Normal
Montenegro,Podgorica,42.44,19.26,Europe/Podgorica,1720875600,2024-07-13 15:00,34.9,94.9,Sunny,5.4,8.6,189,S,1009.0,29.81,0.0,0.0,39,0,37.6,99.6,10.0,6.0,8.0,6.2,9.9,170.2,95.8,0.6,0.5,8.3,10.9,1,1,05:18 AM,08:19 PM,12:39 PM,11:57 PM,First Quarter,41,Normal
Andorra,Andorra La Vella,42.5,1.5167,Europe/Andorra,1752483600,2025-07-14 11:00,21.0,69.9,Sunny,7.4,11.9,210,SSW,1023.0,30.21,0.0,0.0,50,7,21.0,69.9,10.0,6.0,5.8,8.5,13.7,177.6,80.0,0.37,0.185,8.51,10.545,1,1,06:29 AM,09:30 PM,11:47 PM,10:10 AM,Waning Gibbous,90,Normal
Morocco,Rabat,34.03,-6.84,Africa/Casablanca,1723032000,2024-08-07 13:00,25.4,77.7,Sunny,8.7,14.0,283,WNW,1012.0,29.87,0.0,0.0,69,0,27.0,80.6,10.0,6.0,7.0,10.0,16.2,165.2,95.8,0.2,0.8,9.7,32.4,1,1,06:43 AM,08:22 PM,09:22 AM,10:08 PM,Waxing Crescent,6,Normal
Palau,Koror,7.3333,134.4833,Pacific/Palau,1759219200,2025-09-30 17:00,30.2,86.4,Partly cloudy,4.5,7.2,284,WNW,1008.0,29.77,0.01,0.0,70,75,36.0,96.9,23.0,14.0,0.4,6.1,9.9,88.85,30.0,1.65,1.35,2.55,3.35,1,1,05:50 AM,05:54 PM,12:22 PM,No moonset,First Quarter,46,Normal
Ethiopia,Addis Ababa,9.0333,38.7,Africa/Addis_Ababa,1743154200,2025-03-28 12:30,20.1,68.2,Partly cloudy,4.9,7.9,189,S,1025.0,30.27,0.0,0.0,60,75,20.1,68.2,10.0,6.0,14.9,5.8,9.4,488.4,74.0,1.85,1.295,27.935,66.6,2,3,06:25 AM,06:35 PM,05:26 AM,05:46 PM,Waning Crescent,4,Normal
Ethiopia,Addis Ababa,9.0333,38.7,Africa/Addis_Ababa,1761898500,2025-10-31 11:15,20.2,68.4,Sunny,5.8,9.4,112,ESE,1028.0,30.36,0.0,0.0,35,0,20.2,68.4,10.0,6.0,10.7,6.7,10.8,377.85,81.0,4.25,3.25,21.85,32.75,2,2,06:14 AM,06:03 PM,02:03 PM,01:19 AM,Waxing Gibbous,62,Normal
Turkey,Yaren,39.55,27.6167,Europe/Istanbul,1748854800,2025-06-02 12:00,24.4,75.9,Sunny,11.9,19.1,9,N,1020.0,30.12,0.0,0.0,47,25,25.1,77.2,10.0,6.0,8.1,13.6,22.0,249.75,71.0,4.625,2.775,16.65,17.575,2,2,05:44 AM,08:32 PM,12:08 PM,01:18 AM,Waxing Crescent,37,Normal
Cape Verde,Praia,14.9315,-23.5125,Atlantic/Cape_Verde,1733914800,2024-12-11 10:00,24.3,75.7,Partly cloudy,15.9,25.6,38,NE,1015.0,29.97,0.0,0.0,61,25,25.8,78.5,10.0,6.0,4.0,18.3,29.4,227.55,86.0,0.74,0.925,28.49,81.585,2,3,06:50 AM,06:05 PM,02:44 PM,02:44 AM,Waxing Gibbous,76,Normal
Georgia,Tbilisi,41.73,44.79,Asia/Tbilisi,1727688600,2024-09-30 13:30,20.4,68.7,Sunny,8.7,14.0,143,SE,1017.0,30.03,0.0,0.0,43,0,20.4,68.7,10.0,6.0,5.0,10.0,16.2,318.2,48.0,13.135,4.255,22.57,69.745,2,2,06:57 AM,06:44 PM,04:24 AM,05:55 PM,Waning Crescent,7,Normal
Seychelles Islands,Victoria,-4.6167,55.45,Indian/Mahe,1752827400,2025-07-18 12:30,29.2,84.6,Partly cloudy,14.3,23.0,163,SSE,1014.0,29.94,0.04,0.0,66,50,34.9,94.8,10.0,6.0,10.7,19.1,30.7,140.6,72.0,1.665,1.665,14.245,22.755,1,2,06:28 AM,06:21 PM,No moonrise,12:14 PM,Last Quarter,52,Normal
Cape Verde,Praia,14.9315,-23.5125,Atlantic/Cape_Verde,1741859100,2025-03-13 08:45,20.2,68.4,Partly cloudy,16.8,27.0,14,NNE,1015.0,29.97,0.0,0.0,68,75,20.2,68.4,10.0,6.0,1.0,20.3,32.6,238.65,90.0,0.74,0.37,15.355,23.865,1,2,06:43 AM,06:44 PM,06:19 PM,06:13 AM,Waxing Gibbous,99,Normal
Turkey,Yaren,39.55,27.62,Europe/Istanbul,1726401600,2024-09-15 15:00,27.4,81.3,Partly cloudy,11.0,17.6,290,WNW,1006.0,29.71,0.0,0.0,42,75,27.0,80.5,10.0,6.0,7.0,12.6,20.3,277.5,91.0,2.22,1.85,8.325,13.875,1,1,06:51 AM,07:18 PM,06:05 PM,03:06 AM,Waxing Gibbous,86,Normal
Indonesia,Jakarta,-6.21,106.85,Asia/Jakarta,1724328000,2024-08-22 19:00,29.2,84.6,Partly cloudy,8.1,13.0,40,NE,1010.0,29.83,0.01,0.0,70,25,32.6,90.7,8.0,4.0,1.0,11.1,17.9,2643.6,39.0,79.5,33.9,70.4,94.0,4,9,05:57 AM,05:54 PM,08:21 PM,07:54 AM,Waning Gibbous,93,Normal
Armenia,Yerevan,40.18,44.51,Asia/Yerevan,1727256600,2024-09-25 13:30,25.1,77.2,Sunny,5.4,8.6,233,SW,1018.0,30.06,0.0,0.0,32,0,24.5,76.1,10.0,6.0,6.0,6.2,9.9,281.2,54.0,33.67,2.96,13.135,16.65,1,2,06:53 AM,06:54 PM,No moonrise,03:21 PM,Waning Crescent,48,Normal
Cyprus,Nicosia,35.1667,33.3667,Asia/Famagusta,1749546000,2025-06-10 12:00,33.2,91.8,Sunny,3.1,5.0,101,ESE,1008.0,29.77,0.0,0.0,32,0,31.7,89.0,10.0,6.0,10.4,3.6,5.8,233.1,94.0,2.59,2.96,27.75,33.3,2,3,05:32 AM,08:01 PM,07:39 PM,04:20 AM,Waxing Gibbous,98,Normal
Argentina,Buenos Aires,-34.5875,-58.6725,America/Argentina/Buenos_Aires,1731661200,2024-11-15 06:00,20.3,68.5,Sunny,8.9,14.4,11,NNE,1010.0,29.83,0.0,0.0,68,0,20.3,68.5,10.0,6.0,0.0,14.7,23.7,473.6,59.0,8.14,4.44,8.88,9.065,1,1,05:41 AM,07:38 PM,07:46 PM,05:06 AM,Full Moon,99,Normal
Malta,Valletta,35.8997,14.5147,Europe/Malta,1758440700,2025-09-21 09:45,26.1,79.0,Sunny,7.4,11.9,100,E,1019.0,30.09,0.0,0.0,61,25,27.3,81.1,10.0,6.0,1.3,8.9,14.4,238.65,88.0,10.73,2.59,10.175,16.465,1,1,06:49 AM,07:00 PM,06:18 AM,06:48 PM,New Moon,1,Normal
Mozambique,Maputo,-25.97,32.59,Africa/Maputo,1719408600,2024-06-26 15:30,23.2,73.8,Partly cloudy,12.5,20.2,160,SSE,1027.0,30.33,0.0,0.0,65,50,24.9,76.9,10.0,6.0,7.0,14.0,22.5,480.7,62.2,1.4,1.8,8.2,12.1,1,1,06:37 AM,05:08 PM,09:50 PM,10:15 AM,Waning Gibbous,81,Normal
Algeria,Algiers,36.76,3.05,Africa/Algiers,1726484400,2024-09-16 12:00,26.2,79.2,Sunny,7.6,12.2,47,NE,1015.0,29.97,0.0,0.0,32,0,26.0,78.8,10.0,6.0,7.0,8.7,14.1,320.05,90.0,21.46,12.765,10.545,17.02,1,1,06:31 AM,06:53 PM,06:12 PM,04:13 AM,Waxing Gibbous,93,Normal
Maldives,Dhidhdhoo,6.8833,73.1,Indian/Maldives,1739872800,2025-02-18 15:00,27.2,81.0,Partly Cloudy,11.0,17.6,77,ENE,1010.0,29.83,0.0,0.0,69,29,29.4,85.0,10.0,6.0,4.9,14.9,23.9,311.133,115.0,0.17,3.06,27.543,36.894,2,3,06:24 AM,06:19 PM,10:41 PM,10:02 AM,Waning Gibbous,76,Normal
Qatar,Doha,25.2867,51.5333,Asia/Qatar,1766906100,2025-12-28 10:15,24.3,75.7,Sunny,18.8,30.2,155,SSE,1013.0,29.91,0.0,0.0,65,0,25.7,78.2,10.0,6.0,3.4,23.9,38.5,242.85,88.0,17.25,8.55,38.55,54.75,2,4,06:18 AM,04:53 PM,11:38 AM,No moonset,Waxing Gibbous,51,Normal
San Marino,San Marino,43.93,12.45,Europe/Rome,1724587200,2024-08-25 14:00,29.8,85.6,Sunny,7.6,12.2,28,NNE,1014.0,29.94,0.0,0.0,45,0,30.4,86.8,10.0,6.0,7.0,9.6,15.4,300.4,151.6,1.5,2.2,21.1,24.2,2,2,06:26 AM,07:58 PM,10:47 PM,01:32 PM,Waning Gibbous,65,Normal
Seychelles Islands,Victoria,-4.6167,55.45,Indian/Mahe,1740564000,2025-02-26 14:00,31.3,88.3,Partly cloudy,11.6,18.7,359,N,1012.0,29.88,0.0,0.0,63,25,37.3,99.2,10.0,6.0,10.8,15.5,24.9,273.8,64.0,1.48,1.665,22.94,34.225,2,2,06:25 AM,06:37 PM,04:45 AM,05:25 PM,Waning Crescent,6,Normal
Mozambique,Maputo,-25.9653,32.5892,Africa/Maputo,1754036100,2025-08-01 10:15,20.0,68.0,Partly cloudy,17.2,27.7,180,S,1027.0,30.33,0.01,0.0,60,75,20.0,68.0,10.0,6.0,1.5,21.8,35.1,194.25,66.0,1.85,1.48,6.475,7.955,1,1,06:28 AM,05:24 PM,10:49 AM,No moonset,First Quarter,44,Normal
Dominica,Roseau,15.3,-61.4,America/Dominica,1719150300,2024-06-23 09:45,32.4,90.3,Partly cloudy,2.2,3.6,92,E,1013.0,29.91,0.45,0.02,67,25,44.3,111.7,10.0,6.0,6.0,16.1,26.0,186.9,25.4,1.2,0.2,1.6,2.9,1,1,05:37 AM,06:39 PM,08:31 PM,06:57 AM,Waning Gibbous,99,Normal
Russia,Moscow,55.7522,37.6156,Europe/Moscow,1748336400,2025-05-27 12:00,23.4,74.1,Sunny,15.4,24.8,161,SSE,1021.0,30.15,0.0,0.0,31,0,24.1,75.4,10.0,6.0,5.0,17.8,28.6,432.9,62.0,36.815,67.34,26.455,32.745,2,3,03:59 AM,08:55 PM,03:18 AM,10:25 PM,New Moon,0,Normal
Zimbabwe,Harare,-17.8178,31.0447,Africa/Harare,1742204700,2025-03-17 11:45,23.7,74.7,Patchy rain nearby,3.8,6.1,92,E,1017.0,30.04,0.13,0.01,54,70,25.2,77.3,10.0,6.0,12.8,4.4,7.1,318.2,50.0,1.665,0.37,7.4,7.955,1,1,05:59 AM,06:09 PM,08:00 PM,08:18 AM,Waning Gibbous,94,Normal
Lebanon,Beirut,33.87,35.51,Asia/Beirut,1726484400,2024-09-16 14:00,30.0,86.0,Partly cloudy,12.3,19.8,246,WSW,1011.0,29.85,0.0,0.0,46,50,31.9,89.4,10.0,6.0,7.0,18.2,29.3,288.6,96.0,3.33,7.585,9.805,32.745,1,1,06:22 AM,06:43 PM,05:55 PM,04:02 AM,Waxing Gibbous,93,Normal
Rwanda,Kigali,-1.9536,30.0606,Africa/Kigali,1729244700,2024-10-18 11:45,28.3,83.0,Patchy rain nearby,2.2,3.6,53,NE,1013.0,29.9,0.13,0.01,45,78,28.6,83.5,10.0,6.0,13.0,6.7,10.8,871.35,70.0,2.035,3.7,37.555,54.205,2,4,05:40 AM,05:50 PM,06:51 PM,06:16 AM,Waning Gibbous,100,Normal
Turkey,Yaren,39.55,27.6167,Europe/Istanbul,1754727300,2025-08-09 11:15,28.3,82.9,Sunny,17.9,28.8,20,NNE,1016.0,30.0,0.0,0.0,62,25,28.5,83.2,10.0,6.0,6.5,20.6,33.1,305.25,80.0,4.625,2.035,18.685,30.34,2,2,06:16 AM,08:13 PM,08:34 PM,06:00 AM,Full Moon,100,Normal
Maldives,Dhidhdhoo,6.88,73.1,Indian/Maldives,1727776800,2024-10-01 15:00,28.2,82.8,Partly Cloudy,4.7,7.6,52,NE,1006.0,29.71,0.0,0.0,69,40,31.2,88.2,10.0,6.0,7.0,6.4,10.2,221.024,70.0,0.51,0.51,9.861,18.362,1,1,05:56 AM,05:59 PM,04:46 AM,05:09 PM,Waning Crescent,3,Normal
Morocco,Rabat,34.03,-6.84,Africa/Casablanca,1720962900,2024-07-14 14:15,26.2,79.2,Sunny,9.4,15.1,350,N,1014.0,29.94,0.0,0.0,51,0,27.2,81.0,6.0,3.0,6.0,11.6,18.6,143.5,100.1,0.2,1.0,5.8,19.9,1,1,06:27 AM,08:39 PM,02:18 PM,12:52 AM,Waxing Gibbous,50,Normal
Algeria,Algiers,36.7631,3.0506,Africa/Algiers,1760256000,2025-10-12 09:00,23.2,73.8,Sunny,2.7,4.3,148,SSE,1020.0,30.12,0.0,0.0,53,0,24.7,76.5,10.0,6.0,0.8,4.0,6.4,169.85,32.0,23.75,13.75,12.75,23.45,1,2,06:53 AM,06:15 PM,10:27 PM,01:12 PM,Waning Gibbous,70,Normal
Greece,Athens,37.9795,23.7162,Europe/Athens,1760083200,2025-10-10 11:00,22.3,72.1,Sunny,2.2,3.6,77,ENE,1023.0,30.21,0.0,0.0,50,0,24.3,75.8,10.0,6.0,2.7,6.7,10.8,417.85,17.0,62.35,4.25,17.15,29.65,2,2,07:29 AM,06:55 PM,08:56 PM,11:30 AM,Waning Gibbous,89,Normal
Mali,Bamako,12.65,-8.0,Africa/Bamako,1772519400,2026-03-03 06:30,20.0,68.0,Clear,4.3,6.8,42,NE,1013.0,29.91,0.0,0.0,68,0,20.0,68.0,6.0,3.0,0.0,8.1,13.0,247.85,40.0,5.15,1.25,26.65,59.85,2,3,06:47 AM,06:41 PM,06:53 PM,06:40 AM,Full Moon,100,Normal
Bosnia and Herzegovina,Sarajevo,43.85,18.3833,Europe/Sarajevo,1750410000,2025-06-20 11:00,24.3,75.7,Partly cloudy,4.7,7.6,29,NNE,1021.0,30.15,0.52,0.02,54,50,25.9,78.7,10.0,6.0,7.5,6.4,10.4,316.35,83.0,4.255,4.625,21.09,25.345,2,2,05:04 AM,08:32 PM,01:14 AM,02:51 PM,Waning Crescent,37,Normal
Madagascar,Ivory,-24.3667,46.45,Indian/Antananarivo,1745743500,2025-04-27 11:45,29.4,84.9,Sunny,7.4,11.9,33,NNE,1015.0,29.96,0.0,0.0,48,8,30.4,86.6,10.0,6.0,6.3,8.5,13.7,190.55,33.0,2.22,0.185,2.59,2.59,1,1,06:14 AM,05:30 PM,05:34 AM,05:05 PM,New Moon,1,Normal
Finland,Helsinki,60.18,24.93,Europe/Helsinki,1724760900,2024-08-27 15:15,22.4,72.3,Partly cloudy,19.2,31.0,220,SW,1020.0,30.12,0.0,0.0,53,50,24.7,76.5,10.0,6.0,1.0,22.6,36.4,230.3,86.6,2.0,0.8,0.9,2.1,1,1,06:04 AM,08:38 PM,09:45 PM,06:44 PM,Waning Crescent,43,Normal
Azerbaijan,Baku,40.3953,49.8822,Asia/Baku,1751098500,2025-06-28 12:15,28.2,82.8,Sunny,7.2,11.5,75,ENE,1012.0,29.88,0.0,0.0,51,0,28.6,83.5,10.0,6.0,9.9,8.6,13.9,371.85,95.0,5.18,1.11,28.49,30.34,2,3,05:13 AM,08:15 PM,08:07 AM,10:47 PM,Waxing Crescent,7,Normal
Malaysia,Kuala Lumpur,3.1667,101.7,Asia/Kuala_Lumpur,1745570700,2025-04-25 16:45,34.3,93.7,Patchy rain nearby,5.4,8.6,230,SW,1006.0,29.71,0.62,0.02,60,25,44.4,111.9,10.0,6.0,4.3,6.7,10.7,2442.0,40.0,112.48,51.06,74.555,74.555,4,10,07:05 AM,07:18 PM,04:38 AM,05:01 PM,Waning Crescent,14,Normal
Bulgaria,Bogot,43.3167,24.7,Europe/Sofia,1753950600,2025-07-31 11:30,27.6,81.7,Partly Cloudy,7.6,12.2,275,W,1013.0,29.92,0.0,0.0,35,31,27.0,80.7,10.0,6.0,5.1,8.7,14.1,288.6,66.0,6.66,3.7,11.84,15.17,1,1,06:10 AM,08:44 PM,01:09 PM,11:34 PM,Waxing Crescent,34,Normal
Syria,Damascus,33.5,36.3,Asia/Damascus,1748941200,2025-06-03 12:00,26.0,78.8,Sunny,15.7,25.2,277,W,1015.0,29.97,0.0,0.0,30,0,24.8,76.6,10.0,6.0,11.2,18.0,29.0,216.45,89.0,13.875,64.01,19.61,23.495,2,2,05:26 AM,07:41 PM,12:39 PM,12:59 AM,First Quarter,47,Normal
Mauritania,Nouakchott,18.0864,-15.9753,Africa/Nouakchott,1761811200,2025-10-30 08:00,26.6,79.9,Sunny,11.4,18.4,16,NNE,1011.0,29.86,0.0,0.0,44,0,26.9,80.3,10.0,6.0,0.2,24.0,38.6,149.85,33.0,1.65,1.05,31.85,168.05,2,3,07:03 AM,06:32 PM,02:17 PM,12:59 AM,Waxing Gibbous,53,Normal
Azerbaijan,Baku,40.4,49.88,Asia/Baku,1716645600,2024-05-25 18:00,20.0,68.0,Sunny,16.1,25.9,30,NNE,1020.0,30.12,0.0,0.0,64,0,20.0,68.0,10.0,6.0,5.0,21.5,34.6,198.6,65.8,3.1,0.6,9.2,24.3,1,1,05:16 AM,07:59 PM,10:22 PM,06:06 AM,Waning Gibbous,98,Normal
Lebanon,Beirut,33.87,35.51,Asia/Beirut,1719926100,2024-07-02 16:15,30.0,86.0,Partly cloudy,13.6,22.0,210,SSW,1004.0,29.65,0.0,0.0,66,25,33.8,92.8,8.0,4.0,7.0,17.5,28.2,178.6,95.8,0.6,1.2,18.4,41.3,2,2,05:32 AM,07:53 PM,02:05 AM,04:43 PM,Waning Crescent,18,Normal
Kenya,Nairobi,-1.2833,36.8167,Africa/Nairobi,1758614400,2025-09-23 11:00,20.1,68.2,Partly cloudy,6.0,9.7,100,E,1028.0,30.36,0.01,0.0,60,75,20.1,68.2,10.0,6.0,7.5,7.0,11.2,460.65,65.0,7.4,7.4,15.54,16.095,2,2,06:22 AM,06:28 PM,07:17 AM,07:38 PM,Waxing Crescent,1,Normal
South Africa,Pretoria,-25.7469,28.188,Africa/Johannesburg,1757836800,2025-09-14 10:00,21.3,70.3,Sunny,3.8,6.1,8,N,1022.0,30.18,0.0,0.0,38,0,21.3,70.3,10.0,6.0,5.0,4.4,7.1,841.75,92.0,28.305,94.72,55.5,56.055,3,7,06:05 AM,06:00 PM,12:25 AM,10:50 AM,Last Quarter,56,Normal
Turkey,Ankara,39.9272,32.8644,Europe/Istanbul,1749285900,2025-06-07 11:45,26.3,79.3,Sunny,2.2,3.6,76,ENE,1019.0,30.09,0.0,0.0,32,0,25.8,78.4,10.0,6.0,7.9,6.7,10.8,253.45,73.0,13.135,7.955,16.465,20.35,2,2,05:20 AM,08:15 PM,04:51 PM,02:40 AM,Waxing Gibbous,83,Normal
Malawi,Lilongwe,-13.9833,33.7833,Africa/Blantyre,1731142800,2024-11-09 11:00,29.0,84.2,Patchy rain nearby,9.6,15.5,55,NE,1013.0,29.92,0.02,0.0,40,88,28.9,84.1,10.0,6.0,10.4,11.1,17.8,314.5,54.0,0.37,0.555,4.44,6.66,1,1,05:08 AM,05:50 PM,11:43 AM,No moonset,First Quarter,47,Normal
Vatican City,Vatican City,41.9,12.45,Europe/Rome,1719839700,2024-07-01 15:15,30.3,86.5,Sunny,13.6,22.0,230,SW,1012.0,29.88,0.0,0.0,52,0,29.9,85.7,10.0,6.0,8.0,18.1,29.2,185.3,101.6,1.6,0.4,6.4,14.7,1,1,05:39 AM,08:49 PM,01:49 AM,04:29 PM,Waning Crescent,27,Normal
Portugal,Lisbon,38.72,-9.13,Europe/Lisbon,1724156100,2024-08-20 13:15,26.1,79.0,Partly cloudy,16.1,25.9,330,NNW,1016.0,30.0,0.0,0.0,65,25,26.5,79.6,10.0,6.0,7.0,25.3,40.7,176.9,57.2,1.1,0.6,1.6,3.2,1,1,06:55 AM,08:23 PM,09:08 PM,07:29 AM,Waning Gibbous,100,Normal
Comoros,Moroni,-11.7,43.24,Indian/Comoro,1720183500,2024-07-05 15:45,26.4,79.6,Patchy rain nearby,12.3,19.8,157,SSE,1014.0,29.95,0.01,0.0,60,76,27.7,81.8,10.0,6.0,7.0,14.2,22.8,267.0,75.1,1.1,0.3,4.2,6.7,1,1,06:28 AM,05:56 PM,05:54 AM,05:29 PM,New Moon,1,Normal
Germany,Berlin,52.52,13.4,Europe/Berlin,1719494100,2024-06-27 15:15,30.1,86.2,Moderate or heavy rain with thunder,11.9,19.1,140,SE,1008.0,29.77,0.0,0.0,49,25,29.7,85.4,10.0,6.0,8.0,16.3,26.3,193.6,94.4,5.1,2.9,4.8,5.4,1,1,04:45 AM,09:34 PM,12:29 AM,11:14 AM,Waning Gibbous,71,Normal
Cambodia,Phnom Penh,11.55,104.9167,Asia/Phnom_Penh,1754900100,2025-08-11 15:15,34.2,93.6,Partly cloudy,11.4,18.4,252,WSW,1004.0,29.65,0.0,0.0,60,50,40.6,105.1,10.0,6.0,1.8,14.8,23.8,542.05,58.0,10.915,5.18,22.015,27.195,2,2,05:49 AM,06:21 PM,07:58 PM,07:22 AM,Waning Gibbous,98,Normal
Czech Republic,Prague,50.0833,14.4667,Europe/Prague,1752483600,2025-07-14 11:00,24.0,75.2,Sunny,8.1,13.0,274,W,1014.0,29.94,0.0,0.0,54,0,24.6,76.2,10.0,6.0,6.0,9.3,14.9,266.4,84.0,7.03,2.035,12.95,18.87,1,2,05:08 AM,09:07 PM,11:03 PM,09:02 AM,Waning Gibbous,90,Normal
Cameroon,Ngaoundere,7.3167,13.5833,Africa/Douala,1730710800,2024-11-04 10:00,24.6,76.2,Sunny,9.2,14.8,18,NNE,1015.0,29.97,0.0,0.0,36,5,24.8,76.7,10.0,6.0,7.2,10.8,17.4,314.5,65.0,0.555,0.74,34.41,77.515,2,3,05:54 AM,05:45 PM,08:10 AM,08:03 PM,Waxing Crescent,6,Normal
Burundi,Bujumbura,-3.38,29.36,Africa/Bujumbura,1727001000,2024-09-22 12:30,27.2,81.0,Partly cloudy,5.4,8.6,167,SSE,1015.0,29.97,0.46,0.02,70,75,28.4,83.1,9.0,5.0,7.0,7.3,11.7,547.6,87.0,1.11,0.925,34.225,51.06,2,3,05:52 AM,05:58 PM,10:13 PM,09:30 AM,Waning Gibbous,79,Normal
Sudan,Khartoum,15.5881,32.5342,Africa/Khartoum,1753001100,2025-07-20 10:45,30.2,86.3,Partly Cloudy,16.8,27.0,216,SW,1011.0,29.84,0.0,0.0,45,27,31.0,87.9,10.0,6.0,8.5,19.3,31.1,512.45,74.0,2.59,1.295,29.785,111.185,2,3,05:29 AM,06:24 PM,12:49 AM,02:17 PM,Waning Crescent,29,Normal
Malawi,Lilongwe,-13.98,33.78,Africa/Blantyre,1725537600,2024-09-05 14:00,23.3,73.9,Partly cloudy,9.4,15.1,120,ESE,1022.0,30.18,0.0,0.0,36,75,23.4,74.1,10.0,6.0,8.0,10.3,16.6,140.0,84.0,0.3,0.3,5.6,8.6,1,1,05:47 AM,05:41 PM,07:07 AM,07:34 PM,Waxing Crescent,3,Normal
Macedonia,Skopje,42.0,21.4333,Europe/Skopje,1757924100,2025-09-15 10:15,25.2,77.4,Sunny,3.8,6.1,9,N,1021.0,30.15,0.0,0.0,51,25,25.5,78.0,10.0,6.0,3.1,4.4,7.1,260.85,54.0,17.39,7.77,10.175,10.915,1,1,06:14 AM,06:44 PM,11:58 PM,03:24 PM,Waning Crescent,45,Normal
Japan,Tokyo,35.6895,139.6917,Asia/Tokyo,1747386000,2025-05-16 18:00,22.2,72.0,Partly cloudy,14.3,23.0,181,S,1018.0,30.06,0.0,0.0,57,25,24.6,76.3,10.0,6.0,0.1,19.0,30.6,645.65,87.0,86.025,61.975,65.49,69.19,4,9,04:35 AM,06:40 PM,10:14 PM,06:37 AM,Waning Gibbous,92,Normal
Gabon,Libreville,0.3833,9.45,Africa/Libreville,1733222700,2024-12-03 11:45,28.7,83.7,Patchy rain nearby,5.6,9.0,257,WSW,1012.0,29.87,0.08,0.0,69,61,32.1,89.9,10.0,6.0,5.6,7.3,11.7,669.7,70.0,4.81,1.665,11.1,12.21,1,1,06:09 AM,06:15 PM,07:57 AM,08:22 PM,Waxing Crescent,3,Normal
Solomon Islands,Honiara,-9.4333,159.95,Pacific/Guadalcanal,1757144700,2025-09-06 18:45,30.2,86.4,Sunny,12.1,19.4,101,ESE,1010.0,29.83,0.0,0.0,70,25,36.7,98.1,10.0,6.0,0.0,15.4,24.8,155.4,39.0,0.555,0.37,2.775,3.885,1,1,06:19 AM,06:18 PM,04:57 PM,04:55 AM,Waxing Gibbous,94,Normal
Antigua and Barbuda,Saint John's,17.12,-61.85,America/Antigua,1716472800,2024-05-23 10:00,30.0,86.0,Partly cloudy,13.6,22.0,90,E,1016.0,30.0,0.03,0.0,70,50,35.7,96.2,10.0,6.0,6.0,23.9,38.5,196.9,47.2,0.5,0.6,3.3,18.5,1,1,05:34 AM,06:35 PM,06:55 PM,05:20 AM,Full Moon,100,Normal
Zimbabwe,Harare,-17.8178,31.0447,Africa/Harare,1751619600,2025-07-04 11:00,20.6,69.1,Sunny,4.3,6.8,16,NNE,1021.0,30.16,0.0,0.0,34,10,20.6,69.1,10.0,6.0,6.7,4.9,7.9,721.5,64.0,6.845,2.96,19.795,21.09,2,2,06:27 AM,05:33 PM,12:35 PM,12:49 AM,Waxing Gibbous,60,Normal
Israel,Jerusalem,31.78,35.23,Asia/Jerusalem,1742031900,2025-03-15 11:45,24.1,75.4,Sunny,5.8,9.4,84,E,1018.0,30.06,0.0,0.0,57,0,24.6,76.3,10.0,6.0,6.9,6.7,10.8,277.5,80.0,7.77,16.65,46.805,170.57,3,5,05:49 AM,05:47 PM,06:57 PM,06:16 AM,Waning Gibbous,100,Normal
Portugal,Lisbon,38.7167,-9.1333,Europe/Lisbon,1752138000,2025-07-10 10:00,21.4,70.5,Partly cloudy,4.9,7.9,247,WSW,1019.0,30.09,0.0,0.0,64,75,21.4,70.5,10.0,6.0,4.0,5.9,9.4,259.0,62.0,29.415,5.18,21.09,39.035,2,2,06:20 AM,09:03 PM,09:19 PM,05:29 AM,Full Moon,99,Normal
Japan,Tokyo,35.6895,139.6917,Asia/Tokyo,1758785400,2025-09-25 16:30,27.4,81.3,Partly cloudy,15.7,25.2,184,S,1017.0,30.03,0.0,0.0,58,75,28.4,83.2,10.0,6.0,0.9,18.0,29.0,765.9,14.0,108.965,71.04,99.345,102.86,4,10,05:32 AM,05:34 PM,08:32 AM,06:57 PM,Waxing Crescent,7,Normal
Senegal,Dakar,14.6708,-17.4381,Africa/Dakar,1735641000,2024-12-31 10:30,26.2,79.2,Sunny,14.3,23.0,61,ENE,1015.0,29.97,0.0,0.0,30,0,26.8,80.3,10.0,6.0,2.5,25.6,41.2,477.3,66.0,5.18,2.035,54.205,150.775,3,7,07:35 AM,06:51 PM,08:08 AM,07:33 PM,Waxing Crescent,0,Normal
Brunei Darussalam,Bandar Seri Begawan,4.8833,114.9333,Asia/Brunei,1767423600,2026-01-03 15:00,30.2,86.4,Partly cloudy,7.4,11.9,287,WNW,1008.0,29.77,0.43,0.02,70,75,37.9,100.1,10.0,6.0,3.2,10.3,16.5,265.85,33.0,2.45,2.05,2.25,2.45,1,1,06:29 AM,06:20 PM,06:17 PM,06:05 AM,Full Moon,99,Normal
Thailand,Bangkok,13.75,100.5167,Asia/Bangkok,1738836900,2025-02-06 17:15,32.0,89.6,Partly cloudy,10.3,16.6,187,S,1007.0,29.74,0.0,0.0,49,25,32.0,89.7,10.0,6.0,0.5,11.8,19.0,1938.8,126.0,116.55,86.21,94.905,95.275,4,10,06:44 AM,06:20 PM,12:30 PM,12:52 AM,Waxing Gibbous,54,Normal
Zambia,Lusaka,-15.4167,28.2833,Africa/Lusaka,1765696500,2025-12-14 09:15,23.4,74.2,Patchy rain nearby,8.5,13.7,61,ENE,1013.0,29.91,0.01,0.0,68,71,25.2,77.4,10.0,6.0,6.4,10.1,16.2,190.85,49.0,1.75,1.85,4.55,4.65,1,1,05:31 AM,06:33 PM,01:20 AM,02:03 PM,Waning Crescent,30,Normal
Mozambique,Maputo,-25.9653,32.5892,Africa/Maputo,1761984900,2025-11-01 10:15,28.4,83.1,Sunny,8.5,13.7,351,N,1011.0,29.85,0.0,0.0,62,25,29.6,85.3,10.0,6.0,8.6,10.7,17.3,170.85,72.0,1.85,1.85,15.25,15.95,1,2,05:00 AM,06:06 PM,01:53 PM,02:02 AM,Waxing Gibbous,73,Normal
Albania,Tirana,41.3275,19.8189,Europe/Tirane,1756972800,2025-09-04 10:00,24.3,75.7,Sunny,4.3,6.8,310,NW,1012.0,29.88,0.0,0.0,57,0,24.9,76.8,10.0,6.0,3.6,4.9,7.9,273.8,55.0,27.75,9.435,17.945,21.46,2,2,06:10 AM,07:09 PM,05:38 PM,01:55 AM,Waxing Gibbous,83,Normal
Democratic Republic of Congo,Kinshasa,-4.3,15.3,Africa/Brazzaville,1729330200,2024-10-19 10:30,28.8,83.8,Patchy rain nearby,5.4,8.6,229,SW,1013.0,29.92,0.04,0.0,66,68,31.8,89.3,10.0,6.0,7.4,6.2,9.9,542.05,51.0,3.515,1.11,15.91,22.755,2,2,05:38 AM,05:50 PM,07:56 PM,07:10 AM,Waning Gibbous,96,Normal
Lebanon,Beirut,33.8719,35.5097,Asia/Beirut,1748250000,2025-05-26 12:00,26.3,79.3,Sunny,2.2,3.6,283,WNW,1008.0,29.77,0.0,0.0,61,0,26.5,79.6,7.0,4.0,10.0,2.3,3.7,492.1,95.0,25.345,74.0,51.245,71.225,3,6,05:31 AM,07:40 PM,04:26 AM,07:15 PM,Waning Crescent,2,Normal
Poland,Warsaw,52.25,21.0,Europe/Warsaw,1753431300,2025-07-25 10:15,23.4,74.1,Partly cloudy,4.5,7.2,285,WNW,1013.0,29.91,0.02,0.0,65,50,25.0,76.9,10.0,6.0,4.0,5.1,8.3,364.45,66.0,31.635,9.99,21.275,31.08,2,2,04:46 AM,08:38 PM,04:59 AM,09:21 PM,Waxing Crescent,0,Normal
Uruguay,Montevideo,-34.86,-56.17,America/Montevideo,1718287200,2024-06-13 11:00,22.3,72.1,Sunny,20.6,33.1,10,N,1002.0,29.59,0.0,0.0,65,0,24.7,76.4,10.0,6.0,7.0,40.6,65.3,310.4,52.9,3.4,3.3,15.7,17.3,2,2,07:50 AM,05:40 PM,12:51 PM,No moonset,Waxing Crescent,38,Normal
Luxembourg,Luxembourg,49.61,6.13,Europe/Luxembourg,1723378500,2024-08-11 14:15,27.0,80.7,Sunny,5.8,9.4,67,ENE,1019.0,30.09,0.0,0.0,53,4,27.9,82.2,10.0,6.0,7.0,7.0,11.3,212.0,111.6,1.2,1.0,4.6,6.8,1,1,06:21 AM,08:59 PM,01:47 PM,11:14 PM,Waxing Crescent,34,Normal
Greece,Athens,37.9795,23.7162,Europe/Athens,1751274000,2025-06-30 12:00,31.2,88.2,Sunny,20.1,32.4,28,NNE,1014.0,29.94,0.0,0.0,33,25,30.7,87.2,10.0,6.0,9.3,23.2,37.3,271.95,70.0,12.025,1.85,8.325,12.025,1,1,06:06 AM,08:52 PM,11:16 AM,No moonset,Waxing Crescent,22,Normal
Rwanda,Kigali,-1.95,30.06,Africa/Kigali,1724587200,2024-08-25 14:00,27.2,81.0,Partly cloudy,9.4,15.1,150,SSE,1020.0,30.12,0.0,0.0,32,25,25.6,78.1,10.0,6.0,8.0,13.9,22.3,320.4,74.4,0.6,0.6,13.7,15.7,1,2,06:00 AM,06:04 PM,11:19 PM,10:43 AM,Waning Gibbous,65,Normal
Rwanda,Kigali,-1.9536,30.0606,Africa/Kigali,1754469000,2025-08-06 10:30,24.2,75.6,Sunny,5.4,8.6,161,SSE,1023.0,30.21,0.0,0.0,31,0,24.4,75.9,10.0,6.0,7.2,6.2,9.9,1119.25,81.0,9.065,4.625,59.57,60.495,3,8,06:04 AM,06:07 PM,03:44 PM,03:24 AM,Waxing Gibbous,87,Normal
Bahrain,Manama,26.2361,50.5831,Asia/Bahrain,1746693900,2025-05-08 11:45,32.4,90.3,Sunny,21.7,34.9,327,NNW,1008.0,29.77,0.0,0.0,36,0,36.6,97.9,10.0,6.0,10.7,32.5,52.3,542.05,135.0,21.645,28.305,115.44,441.04,4,10,04:55 AM,06:13 PM,02:42 PM,02:22 AM,Waxing Gibbous,80,Normal
Indonesia,Laos,-8.1826,114.3188,Asia/Jakarta,1729675800,2024-10-23 16:30,28.4,83.1,Patchy rain nearby,6.7,10.8,170,S,1009.0,29.81,0.01,0.0,66,88,31.0,87.9,10.0,6.0,1.1,7.7,12.4,334.85,66.0,2.22,4.07,12.025,18.5,1,2,04:57 AM,05:17 PM,11:12 PM,10:08 AM,Waning Gibbous,64,Normal
Namibia,Windhoek,-22.5717,17.0822,Africa/Windhoek,1744362900,2025-04-11 11:15,24.2,75.6,Sunny,10.1,16.2,349,N,1024.0,30.24,0.0,0.0,36,0,24.2,75.5,10.0,6.0,8.0,11.6,18.6,225.7,73.0,1.295,0.555,2.405,2.96,1,1,07:03 AM,06:42 PM,05:51 PM,05:38 AM,Waxing Gibbous,96,Normal
Kyrghyzstan,Bishkek,42.87,74.6,Asia/Bishkek,1718373600,2024-06-14 20:00,22.0,71.6,Sunny,5.1,8.3,340,NNW,1011.0,29.84,0.0,0.0,37,11,22.0,71.6,10.0,6.0,6.0,7.8,12.6,240.3,47.2,14.6,3.0,4.0,9.0,1,1,05:23 AM,08:42 PM,12:59 PM,01:16 AM,First Quarter,48,Normal
Niger,Niamey,13.5167,2.1167,Africa/Niamey,1729675800,2024-10-23 10:30,32.2,90.0,Partly cloudy,8.7,14.0,209,SSW,1014.0,29.94,0.0,0.0,56,25,34.4,93.9,10.0,6.0,3.5,10.0,16.2,523.55,61.0,2.775,0.74,33.67,85.285,2,3,06:43 AM,06:28 PM,No moonrise,12:41 PM,Waning Gibbous,64,Normal
Malaysia,Kuala Lumpur,3.1667,101.7,Asia/Kuala_Lumpur,1759645800,2025-10-05 14:30,34.3,93.7,Patchy rain nearby,2.2,3.6,48,NE,1010.0,29.83,0.41,0.02,53,25,36.3,97.3,10.0,6.0,0.0,3.1,5.0,794.85,168.0,22.05,23.45,39.85,40.15,2,4,06:59 AM,07:04 PM,05:35 PM,05:07 AM,Waxing Gibbous,92,Normal
Egypt,Cairo,30.05,31.25,Africa/Cairo,1744190100,2025-04-09 11:15,22.2,72.0,Partly cloudy,9.8,15.8,351,N,1015.0,29.97,0.0,0.0,57,75,23.3,74.0,10.0,6.0,7.1,11.3,18.2,405.15,78.0,36.815,77.515,35.89,60.495,2,3,05:35 AM,06:18 PM,03:20 PM,03:45 AM,Waxing Gibbous,85,Normal
Mozambique,Maputo,-25.9653,32.5892,Africa/Maputo,1770969600,2026-02-13 10:00,26.4,79.5,Partly cloudy,2.5,4.0,39,NE,1012.0,29.88,0.05,0.0,70,75,27.9,82.3,10.0,6.0,6.5,2.8,4.6,136.85,47.0,2.35,1.45,9.55,12.95,1,1,05:34 AM,06:34 PM,01:26 AM,03:55 PM,Waning Crescent,20,Normal
Hungary,Budapest,47.5,19.0833,Europe/Budapest,1728553500,2024-10-10 11:45,21.3,70.3,Sunny,17.0,27.4,230,SW,1000.0,29.53,0.01,0.0,60,0,21.3,70.3,10.0,6.0,2.1,19.6,31.5,253.45,56.0,14.43,2.035,9.065,15.17,1,1,06:56 AM,06:05 PM,02:53 PM,10:31 PM,First Quarter,42,Normal
Burundi,Bujumbura,-3.3761,29.36,Africa/Bujumbura,1749891600,2025-06-14 11:00,27.1,80.8,Patchy rain nearby,3.6,5.8,172,S,1019.0,30.09,0.01,0.0,58,25,27.9,82.2,9.0,5.0,9.6,6.0,9.7,375.55,84.0,2.59,2.96,21.09,25.9,2,2,06:05 AM,06:01 PM,08:54 PM,08:39 AM,Waning Gibbous,93,Normal
Dominica,Roseau,15.3,-61.4,America/Dominica,1716042600,2024-05-18 10:30,34.0,93.2,Partly cloudy,3.8,6.1,350,N,1015.0,29.97,0.3,0.01,41,25,49.9,121.9,10.0,6.0,6.0,18.3,29.5,227.0,29.3,0.4,0.3,1.7,5.6,1,1,05:36 AM,06:28 PM,02:35 PM,02:17 AM,Waxing Gibbous,73,Normal
Vietnam,Hanoi,21.0333,105.85,Asia/Bangkok,1732877100,2024-11-29 17:45,23.0,73.4,Clear,2.5,4.0,165,SSE,1018.0,30.06,0.0,0.0,36,0,23.6,74.5,10.0,6.0,0.0,4.1,6.6,949.05,92.0,21.83,42.92,38.11,38.48,2,4,06:16 AM,05:14 PM,04:20 AM,03:40 PM,Waning Crescent,6,Normal
Hungary,Budapest,47.5,19.08,Europe/Budapest,1721392200,2024-07-19 14:30,32.0,89.6,Sunny,2.2,3.6,61,ENE,1017.0,30.03,0.0,0.0,41,0,30.9,87.7,10.0,6.0,8.0,6.7,10.8,178.6,113.0,1.1,1.4,6.1,6.7,1,1,05:07 AM,08:33 PM,07:42 PM,02:09 AM,Waxing Gibbous,92,Normal
Kenya,Nairobi,-1.2833,36.8167,Africa/Nairobi,1747299600,2025-05-15 12:00,21.1,70.0,Partly cloudy,6.7,10.8,141,SE,1026.0,30.3,0.03,0.0,60,75,21.1,70.0,10.0,6.0,11.4,7.7,12.4,331.15,78.0,8.325,14.06,19.24,19.425,2,2,06:27 AM,06:31 PM,08:51 PM,08:28 AM,Waning Gibbous,96,Normal
Montenegro,Podgorica,42.4411,19.2636,Europe/Podgorica,1757319300,2025-09-08 10:15,27.2,81.0,Sunny,3.6,5.8,192,SSW,1015.0,29.97,0.0,0.0,48,0,27.6,81.6,10.0,6.0,3.0,4.1,6.6,318.2,60.0,18.5,1.48,19.24,20.72,2,2,06:15 AM,07:05 PM,07:25 PM,06:50 AM,Waning Gibbous,100,Normal
Bulgaria,Sofia,42.68,23.32,Europe/Sofia,1719494100,2024-06-27 16:15,27.3,81.1,Moderate rain,20.6,33.1,110,ESE,1012.0,29.88,3.24,0.13,51,25,29.2,84.6,10.0,6.0,5.0,25.1,40.3,181.9,79.4,2.3,0.4,6.3,11.0,1,1,05:51 AM,09:09 PM,12:32 AM,11:45 AM,Waning Gibbous,71,Normal
Bulgaria,Bogot,43.3167,24.7,Europe/Sofia,1753260300,2025-07-23 11:45,33.1,91.6,Sunny,6.0,9.7,72,ENE,1011.0,29.84,0.0,0.0,30,6,32.7,90.9,10.0,6.0,6.2,7.0,11.2,286.75,64.0,11.285,4.44,20.72,26.455,2,2,06:02 AM,08:53 PM,03:51 AM,08:24 PM,Waning Crescent,5,Normal
Albania,Tirana,41.33,19.82,Europe/Tirane,1717768800,2024-06-07 16:00,31.3,88.3,Sunny,8.1,13.0,300,WNW,1015.0,29.97,0.0,0.0,46,0,34.4,93.9,10.0,6.0,7.0,10.0,16.2,186.9,113.0,1.2,0.8,5.9,6.4,1,1,05:08 AM,08:12 PM,05:22 AM,09:45 PM,Waxing Crescent,0,Normal
Brunei Darussalam,Bandar Seri Begawan,4.8833,114.9333,Asia/Brunei,1772433900,2026-03-02 14:45,31.4,88.5,Partly cloudy,6.9,11.2,11,NNE,1009.0,29.8,0.01,0.0,66,50,37.3,99.1,10.0,6.0,11.0,8.0,12.9,283.85,21.0,9.45,1.65,23.65,24.85,2,2,06:31 AM,06:33 PM,05:39 PM,05:24 AM,Waxing Gibbous,96,Normal
Kenya,Nairobi,-1.2833,36.8167,Africa/Nairobi,1734776100,2024-12-21 13:15,22.7,72.8,Patchy light drizzle,8.9,14.4,76,ENE,1014.0,29.95,0.54,0.02,60,79,24.8,76.6,5.0,3.0,10.1,10.3,16.6,741.85,87.0,5.365,7.585,18.5,20.165,2,2,06:25 AM,06:37 PM,11:51 PM,11:29 AM,Waning Gibbous,69,Normal
Macedonia,Skopje,42.0,21.4333,Europe/Skopje,1746693900,2025-05-08 10:45,20.4,68.7,Partly Cloudy,6.3,10.1,95,E,1010.0,29.83,0.0,0.0,60,25,20.4,68.7,10.0,6.0,3.9,7.2,11.6,290.45,48.0,37.0,27.935,23.495,32.745,2,2,05:22 AM,07:41 PM,03:46 PM,03:22 AM,Waxing Gibbous,81,Normal
Saint Vincent and the Grenadines,Kingstown,13.13,-61.22,America/St_Vincent,1720357200,2024-07-07 09:00,30.1,86.2,Partly cloudy,17.4,28.1,80,E,1016.0,30.0,0.06,0.0,70,25,38.3,100.9,10.0,6.0,6.0,25.9,41.6,173.6,35.1,0.4,0.4,2.8,9.0,1,1,05:44 AM,06:36 PM,07:08 AM,08:17 PM,Waxing Crescent,1,Normal
Macedonia,Skopje,42.0,21.43,Europe/Skopje,1726230600,2024-09-13 14:30,27.2,81.0,Partly cloudy,3.6,5.8,192,SSW,1005.0,29.68,0.0,0.0,42,75,26.8,80.2,10.0,6.0,7.0,4.1,6.6,260.85,77.0,11.1,11.47,12.95,16.835,1,2,06:12 AM,06:47 PM,04:22 PM,No moonset,Waxing Gibbous,68,Normal
Singapore,Singapore,1.2931,103.8558,Asia/Singapore,1739010600,2025-02-08 18:30,29.4,84.9,Partly cloudy,17.4,28.1,25,NNE,1007.0,29.74,0.01,0.0,66,75,33.8,92.9,10.0,6.0,0.6,24.7,39.7,592.0,62.0,41.44,13.135,27.565,33.855,2,3,07:17 AM,07:21 PM,03:39 PM,03:13 AM,Waxing Gibbous,75,Normal
Malaysia,Kuala Lumpur,3.1667,101.7,Asia/Kuala_Lumpur,1766818800,2025-12-27 15:00,30.3,86.5,Patchy rain nearby,2.2,3.6,20,NNE,1009.0,29.8,0.07,0.0,70,25,42.1,107.8,10.0,6.0,1.3,6.7,10.8,2533.85,7.0,42.55,21.05,25.75,25.75,2,3,07:16 AM,07:13 PM,12:40 PM,12:16 AM,Waxing Crescent,38,Normal
Andorra,Andorra La Vella,42.5,1.52,Europe/Andorra,1724415300,2024-08-23 14:15,25.8,78.5,Sunny,8.1,13.0,204,SSW,1016.0,30.01,0.0,0.0,34,7,25.6,78.0,10.0,6.0,7.0,9.3,14.9,183.6,68.7,0.4,0.2,3.3,4.6,1,1,07:10 AM,08:42 PM,10:38 PM,11:37 AM,Waning Gibbous,85,Normal
Philippines,Manila,14.6042,120.9822,Asia/Manila,1750150800,2025-06-17 17:00,32.4,90.3,Partly cloudy,2.2,3.6,133,SE,1009.0,29.8,1.44,0.06,63,75,39.9,103.8,10.0,6.0,0.2,3.4,5.4,1134.05,67.0,30.525,49.025,63.825,65.86,3,8,05:28 AM,06:27 PM,11:15 PM,10:29 AM,Waning Gibbous,73,Normal
Jordan,Amman,31.95,35.93,Asia/Amman,1720357200,2024-07-07 16:00,31.0,87.8,Sunny,16.1,25.9,270,W,1008.0,29.77,0.0,0.0,36,0,30.7,87.3,7.0,4.0,8.0,17.5,28.2,233.7,160.2,2.0,2.4,16.3,27.3,2,2,05:37 AM,07:46 PM,06:40 AM,09:16 PM,Waxing Crescent,1,Normal
Oman,Muscat,23.6133,58.5933,Asia/Muscat,1741859100,2025-03-13 13:45,29.1,84.4,Partly cloudy,13.2,21.2,356,N,1011.0,29.85,0.0,0.0,52,50,28.3,82.9,10.0,6.0,8.8,17.7,28.5,412.55,79.0,44.77,52.725,53.835,159.84,3,6,06:16 AM,06:14 PM,05:36 PM,05:44 AM,Waxing Gibbous,98,Normal
Oman,Muscat,23.6133,58.5933,Asia/Muscat,1766991600,2025-12-29 11:00,27.4,81.3,Sunny,2.2,3.6,110,ESE,1014.0,29.94,0.0,0.0,45,0,28.1,82.6,10.0,6.0,5.0,6.7,10.8,178.85,56.0,11.85,9.85,14.95,18.35,1,2,06:47 AM,05:29 PM,12:47 PM,01:08 AM,Waxing Gibbous,61,Normal
Bahrain,Manama,26.2361,50.5831,Asia/Bahrain,1761204600,2025-10-23 10:30,30.3,86.5,Sunny,9.8,15.8,302,WNW,1015.0,29.97,0.0,0.0,52,0,33.3,92.0,10.0,6.0,5.3,13.1,21.1,430.85,77.0,21.25,30.25,50.65,134.45,3,6,05:41 AM,05:03 PM,07:13 AM,05:58 PM,Waxing Crescent,2,Normal
Egypt,Cairo,30.05,31.25,Africa/Cairo,1729071000,2024-10-16 12:30,28.2,82.7,Sunny,6.5,10.4,316,NW,1014.0,29.95,0.0,0.0,41,0,28.1,82.5,10.0,6.0,5.6,7.5,12.0,549.45,51.0,83.805,161.69,35.15,54.02,2,3,06:58 AM,06:23 PM,05:43 PM,05:31 AM,Waxing Gibbous,97,Normal
Paraguay,Aurora,-23.4333,-61.3333,America/Argentina/Cordoba,1729675800,2024-10-23 06:30,25.6,78.1,Patchy rain nearby,4.9,7.9,14,NNE,1006.0,29.71,0.03,0.0,59,75,26.7,80.1,10.0,6.0,0.0,10.2,16.5,978.402,73.0,1.343,0.168,27.187,38.935,2,3,06:25 AM,07:14 PM,01:04 AM,11:44 AM,Waning Gibbous,64,Normal
Egypt,Cairo,30.05,31.25,Africa/Cairo,1739787300,2025-02-17 12:15,21.3,70.3,Sunny,11.6,18.7,208,SSW,1017.0,30.03,0.0,0.0,33,0,21.3,70.3,10.0,6.0,4.8,13.4,21.5,560.55,65.0,58.09,184.63,36.445,56.61,2,4,06:33 AM,05:46 PM,10:15 PM,08:56 AM,Waning Gibbous,83,Normal
Madagascar,Antananarivo,-18.9167,47.5167,Indian/Antananarivo,1728120600,2024-10-05 12:30,22.3,72.1,Partly cloudy,10.1,16.2,113,ESE,1023.0,30.21,0.0,0.0,41,25,23.5,74.4,10.0,6.0,7.0,11.6,18.6,223.85,81.0,0.555,0.74,5.92,9.25,1,1,05:28 AM,05:49 PM,06:49 AM,08:02 PM,Waxing Crescent,4,Normal
Ethiopia,Addis Ababa,9.03,38.7,Africa/Addis_Ababa,1716387300,2024-05-22 17:15,21.6,71.0,Partly Cloudy,7.2,11.5,86,E,1012.0,29.88,0.0,0.0,43,46,21.6,71.0,10.0,6.0,6.0,8.9,14.4,1041.4,54.4,1.7,2.0,22.3,92.2,2,2,06:05 AM,06:39 PM,05:46 PM,04:55 AM,Waxing Gibbous,97,Normal
Singapore,Singapore,1.2931,103.8558,Asia/Singapore,1761984000,2025-11-01 16:00,32.1,89.8,Moderate or heavy rain with thunder,8.9,14.4,232,SW,1008.0,29.77,0.0,0.0,59,75,39.8,103.6,10.0,6.0,5.0,11.9,19.1,303.85,42.0,43.95,14.05,23.45,24.05,2,2,06:46 AM,06:50 PM,03:13 PM,02:46 AM,Waxing Gibbous,70,Normal
Madagascar,Antananarivo,-18.9167,47.5167,Indian/Antananarivo,1741081500,2025-03-04 12:45,27.3,81.1,Partly cloudy,5.8,9.4,330,NNW,1018.0,30.06,0.0,0.0,62,75,28.0,82.3,10.0,6.0,15.8,6.7,10.8,477.3,78.0,1.85,4.995,15.91,17.205,2,2,05:50 AM,06:13 PM,10:04 AM,09:30 PM,Waxing Crescent,20,Normal
Burkina Faso,Ouagadougou,12.37,-1.52,Africa/Ouagadougou,1723465800,2024-08-12 12:30,28.7,83.6,Patchy rain nearby,13.2,21.2,254,WSW,1010.0,29.82,0.04,0.0,68,74,31.8,89.2,10.0,6.0,6.0,15.2,24.4,420.6,11.3,2.5,1.3,6.2,10.8,1,1,05:54 AM,06:27 PM,12:01 PM,11:42 PM,First Quarter,44,Normal
Mauritius,Port Louis,-20.1619,57.4989,Indian/Mauritius,1760429700,2025-10-14 12:15,26.2,79.2,Sunny,13.6,22.0,95,E,1019.0,30.09,0.0,0.0,61,25,26.9,80.5,10.0,6.0,11.9,15.7,25.3,100.85,79.0,2.15,1.75,7.75,11.65,1,1,05:41 AM,06:12 PM,01:00 AM,12:05 PM,Waning Crescent,49,Normal
Madagascar,Antananarivo,-18.9167,47.5167,Indian/Antananarivo,1728294300,2024-10-07 12:45,25.4,77.7,Partly cloudy,7.2,11.5,313,NW,1020.0,30.12,0.0,0.0,34,75,25.1,77.1,10.0,6.0,7.0,8.2,13.2,325.6,63.0,0.74,0.74,8.51,12.21,1,1,05:27 AM,05:49 PM,08:07 AM,09:51 PM,Waxing Crescent,15,Normal
Madagascar,Antananarivo,-18.9167,47.5167,Indian/Antananarivo,1730883600,2024-11-06 12:00,29.2,84.6,Sunny,6.0,9.7,103,ESE,1014.0,29.93,0.0,0.0,31,20,28.2,82.8,10.0,6.0,10.8,7.0,11.2,296.0,51.0,1.48,0.74,7.77,11.47,1,1,05:07 AM,06:00 PM,08:38 AM,10:32 PM,Waxing Crescent,18,Normal
United Kingdom,London,51.5171,-0.1062,Europe/London,1750842000,2025-06-25 10:00,20.3,68.5,Partly cloudy,6.3,10.1,268,W,1013.0,29.91,0.0,0.0,68,25,20.3,68.5,10.0,6.0,4.7,7.2,11.6,259.0,41.0,25.345,2.22,7.955,12.95,1,1,04:44 AM,09:22 PM,03:54 AM,10:15 PM,New Moon,1,Normal
Italy,Rome,41.9,12.48,Europe/Rome,1727431200,2024-09-27 12:00,27.4,81.3,Partly cloudy,15.0,24.1,164,SSE,1012.0,29.88,0.0,0.0,66,25,28.2,82.8,10.0,6.0,7.0,17.2,27.8,242.35,75.0,8.325,1.11,16.095,22.385,2,2,07:03 AM,06:58 PM,01:23 AM,04:57 PM,Waning Crescent,28,Normal
South Korea,Seoul,37.5664,126.9997,Asia/Seoul,1748767500,2025-06-01 17:45,24.0,75.2,Sunny,9.2,14.8,270,W,1008.0,29.77,0.0,0.0,54,0,24.0,75.2,10.0,6.0,1.8,10.6,17.0,1191.4,50.0,130.795,76.775,114.515,118.955,4,10,05:13 AM,07:48 PM,10:10 AM,No moonset,Waxing Crescent,25,Normal
Indonesia,Laos,-8.1826,114.3188,Asia/Jakarta,1759824000,2025-10-07 15:00,30.1,86.1,Sunny,6.9,11.2,155,SSE,1011.0,29.84,0.0,0.0,51,4,31.8,89.2,10.0,6.0,3.4,8.0,12.9,345.85,83.0,3.55,2.95,16.65,20.15,2,2,05:04 AM,05:17 PM,05:27 PM,04:51 AM,Full Moon,100,Normal
Turkmenistan,Ashgabat,37.95,58.3833,Asia/Ashgabat,1743327000,2025-03-30 14:30,24.0,75.2,Overcast,15.0,24.1,99,E,1017.0,30.03,0.0,0.0,31,75,23.9,74.9,4.9,3.0,5.8,17.2,27.8,510.6,37.0,39.22,14.615,21.275,24.05,2,2,06:55 AM,07:28 PM,07:14 AM,08:51 PM,Waxing Crescent,0,Normal
Micronesia,Palikir,6.9167,158.15,Pacific/Pohnpei,1754295300,2025-08-04 19:15,30.3,86.5,Partly cloudy,14.1,22.7,102,ESE,1012.0,29.87,0.01,0.0,70,75,37.1,98.7,24.0,14.0,0.0,18.9,30.5,155.4,28.0,0.0,0.0,5.735,9.435,1,1,06:21 AM,06:45 PM,02:23 PM,01:29 AM,Waxing Gibbous,69,Normal
Croatia,Zagreb,45.8,16.0,Europe/Zagreb,1717076700,2024-05-30 15:45,22.0,71.6,Moderate or heavy rain with thunder,6.9,11.2,290,WNW,1006.0,29.71,0.0,0.0,65,75,23.8,74.9,10.0,6.0,7.0,11.4,18.4,196.9,82.3,4.9,0.0,2.7,3.6,1,1,05:11 AM,08:37 PM,01:41 AM,12:03 PM,Last Quarter,58,Normal
Chad,N'djamena,12.11,15.05,Africa/Douala,1726570800,2024-09-17 12:00,31.2,88.2,Partly cloudy,4.0,6.5,164,SSE,1013.0,29.91,0.0,0.0,63,25,36.5,97.6,6.0,3.0,7.0,5.2,8.3,362.6,68.0,0.555,0.555,14.06,43.66,1,2,05:49 AM,05:59 PM,05:40 PM,05:00 AM,Waxing Gibbous,98,Normal
Trinidad and Tobago,Port Of Spain,10.65,-61.52,America/Port_of_Spain,1716907500,2024-05-28 10:45,32.0,89.6,Partly cloudy,15.0,24.1,120,ESE,1015.0,29.97,0.08,0.0,67,75,37.7,99.9,10.0,6.0,7.0,19.5,31.3,300.4,27.5,0.7,0.5,1.9,6.8,1,1,05:43 AM,06:24 PM,11:19 PM,10:17 AM,Waning Gibbous,79,Normal
Egypt,Cairo,30.05,31.25,Africa/Cairo,1727947800,2024-10-03 12:30,26.4,79.5,Sunny,7.2,11.5,7,N,1015.0,29.97,0.0,0.0,48,0,26.1,78.9,10.0,6.0,7.0,8.2,13.2,440.3,66.0,62.9,111.555,22.94,39.035,2,2,06:50 AM,06:37 PM,07:14 AM,06:55 PM,Waxing Crescent,0,Normal
India,New Delhi,28.6,77.2,Asia/Kolkata,1758440700,2025-09-21 13:15,34.1,93.4,Mist,11.9,19.1,309,NW,1006.0,29.71,0.0,0.0,50,50,33.5,92.3,5.0,3.0,7.8,13.6,22.0,1330.15,69.0,61.79,33.115,83.065,152.995,4,10,06:09 AM,06:19 PM,05:31 AM,06:02 PM,Waning Crescent,1,Normal
Philippines,Manila,14.6042,120.9822,Asia/Manila,1765005300,2025-12-06 15:15,30.0,86.0,Partly cloudy,4.5,7.2,54,NE,1009.0,29.8,0.0,0.0,59,75,32.8,91.0,10.0,6.0,2.3,5.7,9.2,363.85,43.0,19.45,17.65,24.45,26.25,2,3,06:08 AM,05:26 PM,06:48 PM,07:20 AM,Waning Gibbous,99,Normal
Mauritania,Nouakchott,18.0864,-15.9753,Africa/Nouakchott,1749546000,2025-06-10 09:00,26.9,80.3,Sunny,18.8,30.2,359,N,1011.0,29.85,0.0,0.0,46,0,27.2,81.0,10.0,6.0,2.2,38.6,62.1,253.45,54.0,0.74,0.555,194.62,761.46,5,10,06:27 AM,07:40 PM,07:15 PM,05:29 AM,Waxing Gibbous,98,Normal
Israel,Jerusalem,31.78,35.23,Asia/Jerusalem,1726742700,2024-09-19 13:45,30.1,86.2,Partly cloudy,15.0,24.1,300,WNW,1012.0,29.88,0.0,0.0,55,25,30.9,87.6,10.0,6.0,7.0,17.2,27.8,266.4,97.0,11.655,9.62,12.58,23.495,1,2,06:25 AM,06:39 PM,07:32 PM,07:41 AM,Waning Gibbous,99,Normal
Djibouti,Djibouti,11.595,43.1481,Africa/Djibouti,1759910400,2025-10-08 11:00,32.0,89.6,Sunny,7.2,11.5,72,ENE,1011.0,29.85,0.0,0.0,56,2,36.2,97.2,10.0,6.0,9.8,8.2,13.2,170.85,77.0,2.75,3.55,23.65,52.65,2,2,05:57 AM,05:53 PM,06:55 PM,06:54 AM,Waning Gibbous,99,Normal
Chile,Santiago,-33.45,-70.6667,America/Santiago,1735900200,2025-01-03 07:30,21.2,70.2,Sunny,2.2,3.6,241,WSW,1014.0,29.93,0.0,0.0,30,0,21.2,70.2,10.0,6.0,0.0,6.7,10.8,723.35,140.0,25.53,100.64,41.995,43.105,3,4,06:38 AM,08:56 PM,10:18 AM,11:52 PM,Waxing Crescent,12,Normal
Slovenia,Ljubljana,46.0553,14.5144,Europe/Ljubljana,1751186700,2025-06-29 10:45,28.3,82.9,Sunny,2.2,3.6,303,WNW,1023.0,30.21,0.0,0.0,55,25,29.0,84.1,10.0,6.0,5.4,6.7,10.8,251.6,67.0,4.44,0.74,9.805,12.765,1,1,05:14 AM,08:57 PM,09:34 AM,11:45 PM,Waxing Crescent,15,Normal
Djibouti,Djibouti,11.595,43.1481,Africa/Djibouti,1765266300,2025-12-09 10:45,26.0,78.8,Patchy rain nearby,13.4,21.6,106,ESE,1017.0,30.02,0.04,0.0,63,86,27.3,81.2,10.0,6.0,5.0,17.6,28.3,176.85,94.0,1.55,1.65,21.15,37.05,2,2,06:16 AM,05:44 PM,10:25 PM,10:28 AM,Waning Gibbous,80,Normal
Myanmar,Yangon,16.7833,96.1667,Asia/Yangon,1738665000,2025-02-04 17:00,32.2,90.0,Sunny,10.1,16.2,160,SSE,1008.0,29.77,0.0,0.0,63,0,32.7,90.8,7.0,4.0,0.0,14.8,23.8,1037.85,150.0,4.07,13.505,73.075,74.0,4,10,06:35 AM,06:03 PM,10:39 AM,11:44 PM,Waxing Crescent,32,Normal
Jordan,Amman,31.95,35.93,Asia/Amman,1725624900,2024-09-06 15:15,30.3,86.5,Partly cloudy,10.5,16.9,310,NW,1013.0,29.91,0.0,0.0,38,25,29.2,84.5,6.0,3.0,8.0,11.3,18.2,238.65,100.0,4.255,12.025,19.61,31.82,2,2,06:15 AM,06:54 PM,09:01 AM,08:30 PM,Waxing Crescent,7,Normal
Azerbaijan,Baku,40.3953,49.8822,Asia/Baku,1757144700,2025-09-06 11:45,26.2,79.2,Sunny,7.2,11.5,104,ESE,1014.0,29.94,0.0,0.0,65,25,27.4,81.4,10.0,6.0,5.7,8.8,14.2,364.45,101.0,2.22,0.555,12.21,22.015,1,2,06:12 AM,07:04 PM,06:32 PM,04:15 AM,Waxing Gibbous,95,Normal
Mauritius,Port Louis,-20.1619,57.4989,Indian/Mauritius,1736765100,2025-01-13 14:45,30.3,86.5,Partly cloudy,14.8,23.8,69,ENE,1013.0,29.91,0.0,0.0,62,25,32.9,91.3,10.0,6.0,11.0,17.0,27.3,175.75,45.0,1.48,2.22,11.47,17.205,1,1,05:42 AM,06:56 PM,06:48 PM,04:46 AM,Full Moon,98,Normal
Somalia,Mogadishu,2.0667,45.3667,Africa/Mogadishu,1751446800,2025-07-02 12:00,29.3,84.7,Partly cloudy,19.5,31.3,210,SSW,1016.0,30.0,0.0,0.0,70,50,33.5,92.4,10.0,6.0,9.7,22.6,36.4,179.45,65.0,0.185,0.555,14.8,23.125,1,2,05:56 AM,06:10 PM,11:36 AM,11:53 PM,First Quarter,41,Normal
Thailand,Nan,18.7833,100.7833,Asia/Bangkok,1767770100,2026-01-07 14:15,26.3,79.3,Sunny,4.0,6.5,223,SW,1018.0,30.06,0.0,0.0,48,0,26.2,79.2,10.0,6.0,5.6,4.6,7.5,523.85,16.0,13.45,2.65,12.05,12.05,1,2,06:51 AM,05:55 PM,09:54 PM,09:53 AM,Waning Gibbous,86,Normal
Estonia,Tallinn,59.4339,24.7281,Europe/Tallinn,1749977100,2025-06-15 11:45,20.1,68.2,Sunny,14.3,23.0,264,W,1018.0,30.06,0.0,0.0,37,0,20.1,68.2,10.0,6.0,4.5,21.7,35.0,227.55,71.0,8.51,0.74,5.55,7.4,1,1,04:03 AM,10:40 PM,01:22 AM,07:53 AM,Waning Gibbous,87,Normal
Oman,Muscat,23.6133,58.5933,Asia/Muscat,1731919500,2024-11-18 12:45,29.3,84.7,Partly cloudy,5.1,8.3,19,NNE,1014.0,29.94,0.0,0.0,62,50,30.3,86.5,10.0,6.0,6.2,5.9,9.5,379.25,89.0,23.495,24.79,37.37,60.125,2,4,06:22 AM,05:20 PM,07:37 PM,08:59 AM,Waning Gibbous,95,Normal
Mauritius,Port Louis,-20.1619,57.4989,Indian/Mauritius,1748508300,2025-05-29 12:45,26.0,78.8,Overcast,16.6,26.6,120,ESE,1021.0,30.15,0.05,0.0,61,50,27.5,81.6,10.0,6.0,6.9,20.9,33.7,146.15,61.0,3.885,2.22,10.175,15.91,1,1,06:37 AM,05:38 PM,08:59 AM,07:56 PM,Waxing Crescent,4,Normal
Slovenia,Ljubljana,46.0553,14.5144,Europe/Ljubljana,1754295300,2025-08-04 10:15,24.4,75.9,Sunny,2.2,3.6,54,NE,1018.0,30.06,0.0,0.0,44,0,25.6,78.2,10.0,6.0,4.0,6.7,10.8,351.5,45.0,16.835,0.925,16.28,19.24,2,2,05:48 AM,08:27 PM,05:23 PM,12:26 AM,Waxing Gibbous,72,Normal
Greece,Athens,37.9795,23.7162,Europe/Athens,1761638400,2025-10-28 10:00,22.0,71.6,Sunny,6.7,10.8,298,WNW,1012.0,29.88,0.0,0.0,35,0,24.4,75.9,10.0,6.0,1.8,7.7,12.4,266.85,43.0,51.25,4.55,11.45,18.25,1,1,06:47 AM,05:31 PM,01:02 PM,10:25 PM,Waxing Crescent,33,Normal
Azerbaijan,Baku,40.4,49.88,Asia/Baku,1726742700,2024-09-19 14:45,25.2,77.4,Sunny,7.8,12.6,74,ENE,1018.0,30.06,0.0,0.0,36,0,25.5,77.9,10.0,6.0,6.0,9.0,14.5,310.8,86.0,4.07,2.035,11.285,32.375,1,1,06:25 AM,06:42 PM,07:24 PM,07:45 AM,Waning Gibbous,99,Normal
Dominica,Roseau,15.3,-61.4,America/Dominica,1719839700,2024-07-01 09:15,29.3,84.7,Partly cloudy,3.8,6.1,90,E,1011.0,29.85,0.19,0.01,70,75,35.7,96.3,10.0,6.0,6.0,31.4,50.5,178.6,30.4,0.8,0.2,2.6,5.7,1,1,05:39 AM,06:40 PM,01:36 AM,02:44 PM,Waning Crescent,27,Normal
Tanzania,Dodoma,-6.1833,35.75,Africa/Dar_es_Salaam,1748161800,2025-05-25 11:30,22.2,72.0,Sunny,6.9,11.2,109,ESE,1023.0,30.21,0.0,0.0,53,25,24.4,75.8,10.0,6.0,8.6,8.0,12.9,175.75,51.0,3.33,0.74,13.32,14.615,1,2,06:40 AM,06:28 PM,04:40 AM,04:50 PM,Waning Crescent,8,Normal
Tunisia,Tunis,36.8,10.18,Africa/Tunis,1717336800,2024-06-02 15:00,24.0,75.2,Partly cloudy,12.5,20.2,320,NW,1016.0,30.0,0.0,0.0,61,50,25.2,77.4,10.0,6.0,7.0,15.4,24.8,190.3,90.8,0.7,0.7,5.0,8.4,1,1,05:01 AM,07:34 PM,02:08 AM,03:14 PM,Waning Crescent,25,Normal
Ethiopia,Addis Ababa,9.0333,38.7,Africa/Addis_Ababa,1736418600,2025-01-09 13:30,21.1,70.0,Partly cloudy,7.6,12.2,201,SSW,1025.0,30.27,0.0,0.0,43,50,21.1,70.0,10.0,6.0,10.8,8.7,14.1,603.1,101.0,0.925,4.07,29.23,65.305,2,3,06:43 AM,06:21 PM,02:07 PM,02:07 AM,Waxing Gibbous,71,Normal
Saint Vincent and the Grenadines,Kingstown,13.1333,-61.2167,America/St_Vincent,1740822300,2025-03-01 05:45,25.9,78.7,Partly Cloudy,20.1,32.4,89,E,1013.0,29.9,0.0,0.0,70,30,27.8,82.0,10.0,6.0,0.0,27.0,43.5,198.036,79.0,0.9,0.72,16.023,25.385,2,2,06:20 AM,06:14 PM,07:30 AM,07:59 PM,Waxing Crescent,2,Normal
Qatar,Doha,25.2867,51.5333,Asia/Qatar,1759473900,2025-10-03 09:45,33.1,91.6,Sunny,11.4,18.4,341,NNW,1009.0,29.8,0.0,0.0,47,0,34.6,94.2,10.0,6.0,4.4,13.4,21.5,273.85,67.0,32.35,24.45,50.05,139.65,3,6,05:27 AM,05:19 PM,02:57 PM,01:18 AM,Waxing Gibbous,78,Normal
Poland,Warsaw,52.25,21.0,Europe/Warsaw,1719494100,2024-06-27 15:15,31.2,88.2,Sunny,10.5,16.9,90,E,1011.0,29.85,0.0,0.0,36,0,31.4,88.5,10.0,6.0,8.0,12.9,20.7,163.6,93.0,1.5,1.5,3.0,3.5,1,1,04:16 AM,09:02 PM,No moonrise,10:42 AM,Waning Gibbous,71,Normal
Central African Republic,Bangui,4.3667,18.5833,Africa/Bangui,1743930000,2025-04-06 10:00,29.3,84.7,Partly cloudy,6.5,10.4,210,SSW,1012.0,29.88,0.0,0.0,70,25,30.7,87.3,10.0,6.0,8.7,7.5,12.0,419.95,31.0,0.555,0.0,26.085,28.675,2,3,05:43 AM,05:54 PM,01:09 PM,12:57 AM,Waxing Gibbous,59,Normal
Bangladesh,Dhaka,23.7231,90.4086,Asia/Dhaka,1767338100,2026-01-02 13:15,24.2,75.5,Sunny,6.9,11.2,315,NW,1013.0,29.92,0.0,0.0,38,0,24.8,76.6,10.0,6.0,4.4,8.0,12.9,1140.85,54.0,28.75,16.45,98.45,99.35,4,10,06:41 AM,05:24 PM,04:07 PM,05:27 AM,Waxing Gibbous,96,Normal
United Arab Emirates,Abu Dhabi,24.4667,54.3667,Asia/Dubai,1771056000,2026-02-14 12:00,27.1,80.8,Sunny,2.5,4.0,226,SW,1017.0,30.03,0.0,0.0,30,0,28.1,82.7,10.0,6.0,5.9,4.4,7.1,340.85,6.0,53.05,20.05,48.15,68.65,3,6,06:57 AM,06:16 PM,04:46 AM,03:23 PM,Waning Crescent,13,Normal
Burundi,Bujumbura,-3.38,29.36,Africa/Bujumbura,1724760900,2024-08-27 14:15,28.3,83.0,Sunny,5.6,9.0,194,SSW,1012.0,29.88,0.0,0.0,42,9,28.4,83.0,10.0,6.0,8.0,6.4,10.4,514.0,86.6,1.5,0.6,18.5,22.7,2,2,06:03 AM,06:05 PM,12:22 AM,12:35 PM,Waning Crescent,43,Normal
Pakistan,Islamabad,33.7,73.1667,Asia/Karachi,1754814600,2025-08-10 13:30,33.1,91.6,Patchy rain nearby,5.4,8.6,144,SE,1004.0,29.66,0.05,0.0,55,75,38.5,101.3,10.0,6.0,9.5,6.5,10.4,930.55,109.0,34.04,14.06,73.26,130.055,4,10,05:26 AM,06:59 PM,07:48 PM,06:10 AM,Waning Gibbous,100,Normal
Hungary,Budapest,47.5,19.08,Europe/Budapest,1727084700,2024-09-23 11:45,22.2,72.0,Sunny,6.7,10.8,140,SE,1016.0,30.0,0.0,0.0,43,0,23.4,74.1,10.0,6.0,5.0,7.7,12.4,351.5,68.0,23.865,2.775,19.425,24.05,2,2,06:32 AM,06:39 PM,09:21 PM,01:41 PM,Waning Gibbous,69,Normal
Madagascar,Antananarivo,-18.92,47.52,Indian/Antananarivo,1720271700,2024-07-06 16:15,24.1,75.4,Partly cloudy,5.6,9.0,210,SSW,1019.0,30.09,0.0,0.0,36,25,24.3,75.7,10.0,6.0,7.0,10.1,16.2,390.5,54.4,1.1,1.1,9.3,17.1,1,1,06:24 AM,05:26 PM,06:49 AM,05:53 PM,Waxing Crescent,0,Normal
Thailand,Bangkok,13.75,100.5167,Asia/Bangkok,1730452500,2024-11-01 16:15,34.3,93.7,Partly cloudy,6.0,9.7,313,NW,1007.0,29.74,0.0,0.0,56,50,39.3,102.7,10.0,6.0,8.0,7.3,11.8,4758.2,72.0,67.525,49.21,72.52,103.97,4,10,06:12 AM,05:51 PM,05:49 AM,05:36 PM,New Moon,0,Normal
Tunisia,Tunis,36.8028,10.1797,Africa/Tunis,1757836800,2025-09-14 09:00,26.4,79.5,Sunny,3.6,5.8,152,SSE,1018.0,30.06,0.0,0.0,65,25,26.7,80.1,10.0,6.0,2.4,4.1,6.6,347.8,46.0,19.24,14.985,16.835,38.85,2,2,06:01 AM,06:28 PM,11:01 PM,01:49 PM,Last Quarter,55,Normal
Madagascar,Ivory,-24.3667,46.45,Indian/Antananarivo,1747471500,2025-05-17 11:45,27.1,80.8,Sunny,9.2,14.8,45,NE,1018.0,30.06,0.0,0.0,48,4,27.5,81.5,10.0,6.0,5.8,10.6,17.1,138.75,37.0,2.775,0.185,4.995,5.92,1,1,06:23 AM,05:18 PM,09:09 PM,10:28 AM,Waning Gibbous,84,Normal
Botswana,Gaborone,-24.6464,25.9119,Africa/Gaborone,1737455400,2025-01-21 12:30,31.9,89.3,Partly cloudy,8.5,13.7,57,ENE,1019.0,30.09,0.0,0.0,35,50,31.8,89.3,10.0,6.0,14.6,9.8,15.7,227.55,70.0,1.85,6.29,13.505,13.69,1,2,05:46 AM,07:10 PM,11:41 PM,12:12 PM,Last Quarter,59,Normal
Swaziland,Mbabane,-26.32,31.13,Africa/Mbabane,1716906600,2024-05-28 16:30,20.1,68.1,Sunny,6.9,11.2,64,ENE,1024.0,30.23,0.0,0.0,39,2,20.1,68.1,10.0,6.0,7.0,9.3,14.9,310.4,68.0,1.5,7.8,36.8,50.3,2,4,06:34 AM,05:12 PM,09:53 PM,11:01 AM,Waning Gibbous,79,Normal
Saudi Arabia,Riyadh,24.6408,46.7728,Asia/Riyadh,1732697100,2024-11-27 11:45,25.2,77.4,Sunny,7.4,11.9,213,SSW,1017.0,30.03,0.0,0.0,47,0,24.4,75.8,10.0,6.0,5.1,8.5,13.7,1024.9,23.0,70.115,104.34,142.635,682.28,4,10,06:17 AM,05:04 PM,02:47 AM,02:30 PM,Waning Crescent,17,Normal
Saint Vincent and the Grenadines,Kingstown,13.1333,-61.2167,America/St_Vincent,1743843600,2025-04-05 05:00,24.5,76.1,Partly Cloudy,17.9,28.8,71,ENE,1016.0,30.01,0.0,0.0,67,36,26.0,78.8,10.0,6.0,0.0,26.6,42.8,227.55,105.0,0.185,0.185,19.24,32.19,2,2,05:58 AM,06:17 PM,12:27 PM,12:53 AM,Waxing Gibbous,51,Normal
Lebanon,Beirut,33.8719,35.5097,Asia/Beirut,1757144700,2025-09-06 10:45,29.1,84.4,Partly cloudy,6.3,10.1,253,WSW,1013.0,29.91,0.0,0.0,70,50,32.7,90.9,8.0,4.0,4.8,7.2,11.6,390.35,67.0,23.68,69.375,42.735,69.005,3,5,06:15 AM,06:57 PM,06:20 PM,04:29 AM,Waxing Gibbous,95,Normal
Bangladesh,Dhaka,23.7231,90.4086,Asia/Dhaka,1761034500,2025-10-21 14:15,33.5,92.4,Sunny,6.0,9.7,353,N,1008.0,29.77,0.0,0.0,43,4,36.2,97.1,10.0,6.0,5.0,7.0,11.2,819.85,74.0,34.15,20.15,60.35,60.45,3,8,05:58 AM,05:28 PM,05:37 AM,05:11 PM,New Moon,1,Normal
Saudi Arabia,Riyadh,24.6408,46.7728,Asia/Riyadh,1741340700,2025-03-07 12:45,25.3,77.5,Sunny,18.6,29.9,128,SE,1014.0,29.94,0.0,0.0,44,0,25.5,77.8,10.0,6.0,6.1,21.4,34.4,510.6,59.0,42.55,59.57,80.845,205.535,4,10,06:10 AM,05:58 PM,11:34 AM,01:02 AM,Waxing Gibbous,52,Normal
Uzbekistan,Tashkent,41.3167,69.25,Asia/Tashkent,1759219200,2025-09-30 13:00,25.2,77.4,Sunny,6.3,10.1,338,NNW,1013.0,29.91,0.0,0.0,32,0,24.4,75.9,10.0,6.0,4.4,7.2,11.6,276.85,24.0,18.35,5.15,14.95,19.05,1,2,06:18 AM,06:07 PM,02:30 PM,11:11 PM,First Quarter,48,Normal
Eritrea,Asmara,15.3333,38.9333,Africa/Asmara,1739960100,2025-02-19 13:15,20.8,69.5,Sunny,3.1,5.0,24,NNE,1012.0,29.89,0.0,0.0,50,2,20.8,69.5,10.0,6.0,10.7,5.1,8.2,375.55,96.0,0.555,1.11,15.355,31.08,1,2,06:47 AM,06:29 PM,No moonrise,10:50 AM,Waning Gibbous,67,Normal
China,Beijing,39.9289,116.3883,Asia/Shanghai,1747386000,2025-05-16 17:00,27.3,81.1,Thundery outbreaks in nearby,7.6,12.2,177,S,998.0,29.47,0.02,0.0,51,0,25.9,78.7,10.0,6.0,0.8,10.6,17.1,1369.0,50.0,88.06,98.42,99.9,103.6,4,10,04:59 AM,07:24 PM,11:07 PM,06:57 AM,Waning Gibbous,92,Normal
Senegal,Dakar,14.67,-17.44,Africa/Dakar,1719236700,2024-06-24 13:45,29.2,84.6,Sunny,6.9,11.2,280,W,1012.0,29.88,0.0,0.0,70,0,34.7,94.5,10.0,6.0,6.0,13.3,21.3,151.9,78.7,0.4,0.7,21.7,156.7,2,2,06:42 AM,07:42 PM,10:19 PM,08:58 AM,Waning Gibbous,95,Normal
Swaziland,Mbabane,-26.3167,31.1333,Africa/Mbabane,1736849700,2025-01-14 12:15,26.2,79.1,Partly cloudy,3.1,5.0,14,NNE,1006.0,29.71,0.0,0.0,56,50,27.2,80.9,10.0,6.0,13.4,3.6,5.8,201.65,66.0,1.11,3.145,9.99,13.135,1,1,05:16 AM,06:53 PM,07:40 PM,05:25 AM,Waning Gibbous,100,Normal
Sudan,Juba,12.15,24.45,Africa/Khartoum,1748854800,2025-06-02 11:00,32.1,89.7,Sunny,3.6,5.8,110,ESE,1015.0,29.96,0.0,0.0,34,7,32.0,89.6,10.0,6.0,10.5,4.1,6.6,338.55,70.0,4.07,1.11,30.895,143.005,2,3,05:56 AM,06:44 PM,11:53 AM,No moonset,Waxing Crescent,38,Normal
Cape Verde,Praia,14.93,-23.51,Atlantic/Cape_Verde,1720183500,2024-07-05 11:45,28.0,82.4,Partly cloudy,20.6,33.1,10,N,1014.0,29.94,0.0,0.0,62,75,31.6,88.9,10.0,6.0,7.0,25.1,40.3,170.2,57.9,0.2,0.2,6.0,31.0,1,1,06:09 AM,07:08 PM,05:31 AM,07:07 PM,New Moon,1,Normal
Azerbaijan,Baku,40.4,49.88,Asia/Baku,1723896900,2024-08-17 16:15,31.4,88.5,Sunny,13.6,22.0,160,SSE,1013.0,29.91,0.0,0.0,33,0,32.2,90.0,10.0,6.0,7.0,15.1,24.3,233.7,124.5,2.7,1.3,5.1,5.3,1,1,05:54 AM,07:35 PM,06:27 PM,02:24 AM,Waxing Gibbous,90,Normal
Egypt,Cairo,30.05,31.25,Africa/Cairo,1733222700,2024-12-03 12:45,20.2,68.4,Partly cloudy,4.0,6.5,279,W,1017.0,30.03,0.0,0.0,43,50,20.2,68.4,6.0,3.0,3.6,4.8,7.7,662.3,49.0,73.26,214.415,49.95,95.09,3,6,06:35 AM,04:55 PM,08:41 AM,06:38 PM,Waxing Crescent,3,Normal
Botswana,Gaborone,-24.6464,25.9119,Africa/Gaborone,1737109800,2025-01-17 12:30,27.4,81.4,Overcast,9.8,15.8,31,NNE,1019.0,30.09,0.0,0.0,50,100,28.0,82.5,10.0,6.0,13.8,11.3,18.2,247.9,56.0,2.22,2.035,4.81,4.995,1,1,05:43 AM,07:10 PM,09:44 PM,08:47 AM,Waning Gibbous,91,Normal
Slovakia,Bratislava,48.15,17.1167,Europe/Bratislava,1749977100,2025-06-15 10:45,24.0,75.2,Sunny,4.7,7.6,130,SE,1020.0,30.12,0.0,0.0,44,0,24.9,76.7,10.0,6.0,4.9,5.4,8.7,301.55,69.0,7.955,5.365,11.285,12.58,1,1,04:51 AM,08:54 PM,No moonrise,08:30 AM,Waning Gibbous,87,Normal
Israel,Jerusalem,31.78,35.23,Asia/Jerusalem,1719580500,2024-06-28 16:15,31.3,88.3,Sunny,11.9,19.1,290,WNW,1004.0,29.65,0.0,0.0,63,0,29.8,85.7,10.0,6.0,8.0,26.4,42.4,180.2,170.2,4.8,5.8,18.9,42.3,2,2,05:36 AM,07:49 PM,12:01 AM,12:10 PM,Last Quarter,60,Normal
Paraguay,Aurora,-23.4333,-61.3333,America/Argentina/Cordoba,1734516900,2024-12-18 07:15,26.6,79.8,Sunny,11.2,18.0,51,NE,1006.0,29.7,0.0,0.0,39,14,26.4,79.6,10.0,6.0,0.2,18.1,29.1,208.099,60.0,0.839,0.168,8.895,8.895,1,1,06:15 AM,07:50 PM,11:02 PM,09:15 AM,Waning Gibbous,91,Normal
Mali,Bamako,12.65,-8.0,Africa/Bamako,1722428100,2024-07-31 12:15,29.4,84.9,Patchy rain nearby,5.8,9.4,247,WSW,1012.0,29.88,0.03,0.0,67,61,33.1,91.6,10.0,6.0,6.0,6.7,10.8,410.6,29.3,0.3,0.6,1.0,2.1,1,1,06:18 AM,06:59 PM,02:27 AM,03:52 PM,Waning Crescent,20,Normal
Armenia,Yerevan,40.18,44.51,Asia/Yerevan,1727431200,2024-09-27 14:00,23.1,73.6,Partly cloudy,2.2,3.6,116,ESE,1019.0,30.09,0.0,0.0,36,50,24.9,76.7,10.0,6.0,5.0,6.7,10.8,257.15,35.0,9.62,0.555,10.73,13.875,1,1,06:55 AM,06:50 PM,01:15 AM,04:41 PM,Waning Crescent,28,Normal
Congo,Brazzaville,-4.26,15.28,Africa/Brazzaville,1725971400,2024-09-10 13:30,29.1,84.4,Partly cloudy,11.9,19.1,230,SW,1013.0,29.91,0.03,0.0,58,50,28.1,82.5,7.0,4.0,9.0,16.3,26.3,717.8,86.0,2.035,0.555,29.415,42.735,2,3,05:54 AM,05:58 PM,10:55 AM,11:38 PM,Waxing Crescent,38,Normal
Cambodia,Phnom Penh,11.55,104.9167,Asia/Phnom_Penh,1771915500,2026-02-24 13:45,34.4,93.9,Sunny,8.5,13.7,183,S,1008.0,29.76,0.0,0.0,38,10,36.2,97.2,10.0,6.0,10.2,9.8,15.7,375.85,35.0,17.35,10.65,25.05,26.65,2,3,06:18 AM,06:09 PM,11:13 AM,No moonset,First Quarter,41,Normal
Albania,Tirana,41.3275,19.8189,Europe/Tirane,1753260300,2025-07-23 10:45,30.3,86.5,Sunny,8.3,13.3,289,WNW,1011.0,29.85,0.0,0.0,43,0,28.5,83.3,10.0,6.0,5.4,9.5,15.3,294.15,71.0,29.23,12.765,22.755,45.14,2,2,05:28 AM,08:06 PM,03:20 AM,07:36 PM,Waning Crescent,5,Normal
Mozambique,Maputo,-25.9653,32.5892,Africa/Maputo,1749891600,2025-06-14 11:00,21.2,70.2,Cloudy,3.8,6.1,138,SE,1032.0,30.47,0.0,0.0,64,25,21.2,70.2,10.0,6.0,4.0,4.4,7.1,355.2,45.0,9.805,2.96,21.83,24.235,2,2,06:34 AM,05:06 PM,07:57 PM,09:13 AM,Waning Gibbous,93,Normal
Somalia,Mogadishu,2.0667,45.3667,Africa/Mogadishu,1728380700,2024-10-08 12:45,27.9,82.3,Patchy rain nearby,16.6,26.6,194,SSW,1015.0,29.96,0.01,0.0,70,86,30.8,87.4,10.0,6.0,6.0,19.0,30.6,188.7,46.0,0.185,0.555,13.875,24.42,1,2,05:44 AM,05:49 PM,09:51 AM,10:07 PM,Waxing Crescent,23,Normal
Lesotho,Maseru,-29.3167,27.4833,Africa/Johannesburg,1731315600,2024-11-11 11:00,23.3,74.0,Sunny,10.5,16.9,357,N,1012.0,29.88,0.0,0.0,36,8,24.2,75.6,10.0,6.0,11.4,12.1,19.5,358.9,71.0,1.11,0.925,12.21,17.76,1,2,05:09 AM,06:39 PM,01:54 PM,02:03 AM,Waxing Gibbous,69,Normal
Thailand,Bangkok,13.75,100.5167,Asia/Bangkok,1757577600,2025-09-11 15:00,33.3,91.9,Partly cloudy,8.9,14.4,162,SSE,1007.0,29.74,0.0,0.0,59,50,39.0,102.2,10.0,6.0,5.0,10.3,16.6,2577.05,43.0,23.865,14.985,14.245,14.985,1,2,06:07 AM,06:22 PM,09:04 PM,09:13 AM,Waning Gibbous,88,Normal
Vietnam,Ban Lom,21.1333,104.7,Asia/Bangkok,1748681100,2025-05-31 15:45,33.9,93.1,Sunny,7.4,11.9,267,W,1002.0,29.59,0.0,0.0,54,19,40.0,104.1,10.0,6.0,5.7,8.5,13.7,264.55,56.0,4.625,4.44,13.505,14.615,1,2,05:19 AM,06:39 PM,09:15 AM,10:55 PM,Waxing Crescent,17,Normal
India,New Delhi,28.6,77.2,Asia/Kolkata,1731228300,2024-11-10 14:15,30.4,86.7,Mist,2.5,4.0,91,E,1014.0,29.94,0.0,0.0,49,0,28.8,83.8,1.8,1.0,2.5,2.8,4.6,2919.3,79.0,72.705,63.64,198.505,306.73,5,10,06:40 AM,05:30 PM,01:54 PM,12:18 AM,Waxing Gibbous,58,Normal
Lesotho,Maseru,-29.3167,27.4833,Africa/Johannesburg,1731402000,2024-11-12 11:00,21.4,70.6,Thundery outbreaks in nearby,11.0,17.6,348,NNW,1017.0,30.03,0.0,0.0,44,25,21.5,70.6,9.0,5.0,12.0,15.6,25.1,334.85,76.0,3.7,12.21,8.51,12.21,1,1,05:09 AM,06:40 PM,03:00 PM,02:36 AM,Waxing Gibbous,79,Normal
Mauritius,Port Louis,-20.1619,57.4989,Indian/Mauritius,1737886500,2025-01-26 14:15,30.3,86.5,Partly cloudy,10.3,16.6,59,ENE,1011.0,29.85,0.02,0.0,62,50,33.3,92.0,10.0,6.0,10.8,11.8,19.0,166.5,46.0,1.665,2.405,9.065,13.69,1,1,05:50 AM,06:55 PM,02:26 AM,04:28 PM,Waning Crescent,15,Normal
Malta,Valletta,35.9,14.51,Europe/Malta,1717424100,2024-06-03 16:15,29.0,84.2,Sunny,11.9,19.1,350,N,1014.0,29.94,0.0,0.0,37,0,32.2,89.9,10.0,6.0,6.0,24.8,39.9,186.9,91.6,1.1,1.2,5.4,13.2,1,1,05:46 AM,08:14 PM,03:20 AM,05:06 PM,Waning Crescent,16,Normal
Madagascar,Antananarivo,-18.9167,47.5167,Indian/Antananarivo,1758440700,2025-09-21 10:45,22.2,72.0,Partly cloudy,11.4,18.4,135,SE,1024.0,30.24,0.0,0.0,53,50,24.4,75.8,10.0,6.0,6.8,13.1,21.1,225.7,68.0,2.035,1.295,6.105,6.66,1,1,05:41 AM,05:46 PM,05:18 AM,05:31 PM,New Moon,1,Normal
Burkina Faso,Ouagadougou,12.3703,-1.5247,Africa/Ouagadougou,1741945500,2025-03-14 09:45,32.2,90.0,Sunny,8.3,13.3,245,WSW,1012.0,29.88,0.0,0.0,43,0,32.1,89.8,8.0,4.0,3.2,9.5,15.3,580.9,84.0,2.22,1.11,37.74,154.29,2,4,06:14 AM,06:16 PM,06:35 PM,06:16 AM,Full Moon,100,Normal
Eritrea,Asmara,15.33,38.93,Africa/Asmara,1720616400,2024-07-10 16:00,24.4,76.0,Patchy rain nearby,5.8,9.4,15,NNE,1009.0,29.81,0.15,0.01,43,78,25.2,77.3,10.0,6.0,5.0,9.7,15.6,173.6,50.1,0.1,0.3,11.7,45.6,1,1,06:00 AM,06:59 PM,09:43 AM,10:23 PM,Waxing Crescent,16,Normal
Lithuania,Vilnius,54.6833,25.3167,Europe/Vilnius,1754382600,2025-08-05 11:30,21.2,70.2,Partly cloudy,11.9,19.1,233,SW,1016.0,30.0,0.0,0.0,64,50,21.2,70.2,10.0,6.0,4.0,13.6,22.0,297.85,56.0,11.655,0.74,9.99,16.465,1,1,05:37 AM,09:12 PM,07:42 PM,12:19 AM,Waxing Gibbous,80,Normal
Australia,Canberra,-35.2833,149.2167,Australia/Sydney,1732351500,2024-11-23 19:45,23.2,73.7,Sunny,5.4,8.6,96,E,1016.0,30.01,0.0,0.0,42,11,24.5,76.1,10.0,6.0,0.1,10.1,16.3,234.95,94.0,5.735,5.735,15.355,16.095,1,2,05:44 AM,07:56 PM,01:39 AM,12:30 PM,Last Quarter,55,Normal
Jamaica,Norman Gardens,17.97,-76.75,America/Jamaica,1716302700,2024-05-21 09:45,33.0,91.4,Partly cloudy,17.4,28.1,130,SE,1011.0,29.85,0.0,0.0,63,25,36.2,97.2,10.0,6.0,8.0,21.9,35.3,734.3,21.8,7.4,4.7,4.7,7.5,1,1,05:33 AM,06:35 PM,05:06 PM,03:58 AM,Waxing Gibbous,93,Normal
Swaziland,Mbabane,-26.3167,31.1333,Africa/Mbabane,1772001900,2026-02-25 08:45,27.3,81.1,Sunny,3.1,5.0,307,NW,1011.0,29.85,0.0,0.0,54,25,29.8,85.7,10.0,6.0,3.1,3.8,6.2,127.85,17.0,17.25,22.95,8.85,8.85,1,1,05:47 AM,06:30 PM,01:50 PM,No moonset,Waxing Gibbous,55,Normal
Singapore,Singapore,1.2931,103.8558,Asia/Singapore,1751360400,2025-07-01 17:00,32.1,89.8,Partly cloudy,4.3,6.8,208,SSW,1008.0,29.77,0.0,0.0,56,75,39.7,103.4,10.0,6.0,2.2,5.7,9.1,469.9,68.0,43.29,17.575,19.24,19.795,2,2,07:03 AM,07:15 PM,11:54 AM,No moonset,Waxing Crescent,30,Normal
Uzbekistan,Tashkent,41.3167,69.25,Asia/Tashkent,1748250000,2025-05-26 14:00,25.3,77.5,Partly cloudy,6.0,9.7,160,SSE,1014.0,29.94,0.0,0.0,41,37,24.9,76.8,7.0,4.0,6.0,7.0,11.2,351.5,90.0,12.395,9.25,29.415,70.3,2,3,04:55 AM,07:45 PM,03:48 AM,07:16 PM,Waning Crescent,3,Normal
Germany,Berlin,52.52,13.4,Europe/Berlin,1719236700,2024-06-24 15:45,24.1,75.4,Sunny,2.2,3.6,358,N,1020.0,30.12,0.0,0.0,47,0,24.7,76.4,10.0,6.0,7.0,4.4,7.1,168.6,98.7,3.8,3.0,3.0,4.0,1,1,04:44 AM,09:34 PM,11:57 PM,06:44 AM,Waning Gibbous,95,Normal
Macedonia,Skopje,42.0,21.4333,Europe/Skopje,1746953100,2025-05-11 10:45,21.1,70.0,Sunny,4.3,6.8,98,E,1016.0,30.0,0.0,0.0,43,0,21.1,70.0,10.0,6.0,4.4,4.9,7.9,271.95,64.0,20.905,13.135,18.5,20.165,2,2,05:18 AM,07:44 PM,06:52 PM,04:18 AM,Waxing Gibbous,97,Normal
San Marino,San Marino,43.9333,12.45,Europe/San_Marino,1756627200,2025-08-31 10:00,23.3,73.9,Sunny,4.0,6.5,348,NNW,1013.0,29.91,0.0,0.0,61,0,25.0,77.0,10.0,6.0,3.1,4.6,7.5,255.633,81.0,4.93,0.73,10.408,15.338,1,1,06:32 AM,07:48 PM,03:07 PM,11:20 PM,First Quarter,47,Normal
Poland,Warsaw,52.25,21.0,Europe/Warsaw,1720529100,2024-07-09 14:45,30.3,86.5,Sunny,11.9,19.1,130,SE,1021.0,30.15,0.0,0.0,40,0,29.8,85.6,10.0,6.0,7.0,16.3,26.3,166.9,98.7,1.8,1.2,3.4,4.0,1,1,04:26 AM,08:56 PM,07:56 AM,10:58 PM,Waxing Crescent,9,Normal
Indonesia,Jakarta,-6.2146,106.8451,Asia/Jakarta,1764400500,2025-11-29 14:15,32.3,90.1,Partly cloudy,3.6,5.8,28,NNE,1007.0,29.74,0.0,0.0,67,50,34.5,94.2,10.0,6.0,6.9,4.1,6.6,2012.85,13.0,55.75,38.15,87.25,88.35,4,10,05:28 AM,05:55 PM,12:36 PM,12:17 AM,Waxing Gibbous,54,Normal
Saint Kitts and Nevis,Basseterre,17.3,-62.72,America/St_Kitts,1716216300,2024-05-20 10:45,31.0,87.8,Partly cloudy,10.5,16.9,80,E,1016.0,30.0,0.0,0.0,66,25,38.6,101.4,10.0,6.0,6.0,21.8,35.1,290.4,37.9,0.5,0.7,1.5,6.3,1,1,05:38 AM,06:37 PM,04:16 PM,03:27 AM,Waxing Gibbous,88,Normal
Namibia,Windhoek,-22.5717,17.0822,Africa/Windhoek,1740045600,2025-02-20 12:00,25.1,77.2,Partly cloudy,13.4,21.6,319,NW,1020.0,30.12,0.0,0.0,51,50,24.3,75.7,10.0,6.0,13.7,15.4,24.8,247.9,72.0,0.185,0.555,4.81,4.995,1,1,06:43 AM,07:27 PM,No moonrise,01:16 PM,Last Quarter,58,Normal
Niger,Niamey,13.5167,2.1167,Africa/Niamey,1744879500,2025-04-17 09:45,33.3,91.9,Overcast,12.3,19.8,252,WSW,1011.0,29.85,0.0,0.0,49,0,34.5,94.0,6.0,3.0,2.1,14.2,22.8,421.8,73.0,2.59,0.555,81.4,293.78,4,10,06:37 AM,07:05 PM,10:59 PM,09:31 AM,Waning Gibbous,86,Normal
Macedonia,Skopje,42.0,21.4333,Europe/Skopje,1745398800,2025-04-23 11:00,21.1,70.0,Sunny,3.6,5.8,90,E,1014.0,29.94,0.0,0.0,56,0,21.1,70.0,10.0,6.0,5.6,4.1,6.6,370.0,53.0,37.0,24.42,35.52,40.7,2,3,05:42 AM,07:25 PM,03:28 AM,02:09 PM,Waning Crescent,31,Normal
Kazakhstan,Astana,51.18,71.43,Asia/Almaty,1719926100,2024-07-02 18:15,23.2,73.8,Partly cloudy,6.9,11.2,280,W,999.0,29.5,0.13,0.01,47,75,24.9,76.8,10.0,6.0,5.0,12.7,20.4,166.9,47.2,2.7,4.4,0.6,0.6,1,1,04:04 AM,08:32 PM,12:45 AM,05:18 PM,Waning Crescent,18,Normal
Democratic Republic of Congo,Kinshasa,-4.3,15.3,Africa/Brazzaville,1722861000,2024-08-05 13:30,34.3,93.7,Sunny,4.0,6.5,242,WSW,1011.0,29.87,0.0,0.0,34,23,35.1,95.3,10.0,6.0,9.0,4.6,7.5,687.6,90.8,1.5,0.5,27.6,37.7,2,3,06:06 AM,06:03 PM,06:51 AM,07:01 PM,Waxing Crescent,0,Normal
Bolivia,National,-11.18,-67.08,America/La_Paz,1723724100,2024-08-15 08:15,23.5,74.4,Sunny,2.2,3.6,269,W,1015.0,29.96,0.0,0.0,45,4,24.8,76.6,10.0,6.0,7.0,3.2,5.1,280.4,2.7,0.2,0.0,48.9,49.1,3,6,06:40 AM,06:25 PM,02:27 PM,02:48 AM,Waxing Gibbous,73,Normal
Germany,Berlin,52.52,13.4,Europe/Berlin,1723378500,2024-08-11 14:15,25.9,78.7,Partly Cloudy,9.2,14.8,300,WNW,1020.0,30.13,0.0,0.0,37,43,25.8,78.4,10.0,6.0,7.0,10.6,17.0,212.0,88.0,1.7,1.4,3.1,6.0,1,1,05:43 AM,08:39 PM,01:27 PM,10:33 PM,Waxing Crescent,34,Normal
Central African Republic,Bangui,4.37,18.58,Africa/Bangui,1726829100,2024-09-20 11:45,33.1,91.6,Patchy light rain with thunder,3.1,5.0,336,NNW,1012.0,29.88,1.16,0.05,56,75,47.0,116.6,10.0,6.0,6.0,4.7,7.5,312.65,35.0,0.185,0.185,4.995,7.215,1,1,05:36 AM,05:43 PM,07:52 PM,07:33 AM,Waning Gibbous,95,Normal
Rwanda,Kigali,-1.9536,30.0606,Africa/Kigali,1758440700,2025-09-21 09:45,23.2,73.8,Sunny,6.5,10.4,154,SSE,1024.0,30.24,0.0,0.0,44,25,24.2,75.5,10.0,6.0,6.3,7.5,12.0,727.05,65.0,9.99,3.145,40.515,41.44,3,4,05:50 AM,05:56 PM,05:25 AM,05:44 PM,New Moon,1,Normal
Lebanon,Beirut,33.8719,35.5097,Asia/Beirut,1748767500,2025-06-01 11:45,25.3,77.5,Partly cloudy,13.0,20.9,242,WSW,1016.0,30.0,0.0,0.0,65,75,26.6,79.9,7.0,4.0,8.7,14.9,24.0,444.0,87.0,22.2,47.545,27.38,48.655,2,3,05:28 AM,07:44 PM,10:41 AM,12:04 AM,Waxing Crescent,27,Normal
Algeria,Algiers,36.76,3.05,Africa/Algiers,1723378500,2024-08-11 13:15,31.3,88.3,Sunny,9.2,14.8,42,NE,1012.0,29.89,0.0,0.0,52,0,34.0,93.2,10.0,6.0,8.0,11.8,18.9,237.0,147.3,5.5,2.9,12.6,28.7,1,2,06:02 AM,07:44 PM,12:29 PM,11:00 PM,Waxing Crescent,34,Normal
Netherlands,Amsterdam,52.37,4.89,Europe/Amsterdam,1723553100,2024-08-13 14:45,27.7,81.9,Sunny,7.8,12.6,266,W,1010.0,29.81,0.0,0.0,54,5,28.8,83.8,10.0,6.0,7.0,9.0,14.5,263.7,82.3,20.7,5.1,23.2,31.0,2,2,06:21 AM,09:09 PM,04:36 PM,11:48 PM,Waxing Gibbous,54,Normal
Lesotho,Maseru,-29.3167,27.4833,Africa/Johannesburg,1732351500,2024-11-23 10:45,26.1,79.0,Partly cloudy,4.0,6.5,354,N,1023.0,30.21,0.0,0.0,34,25,24.8,76.7,10.0,6.0,10.0,4.6,7.5,340.4,92.0,2.035,1.48,9.805,10.175,1,1,05:04 AM,06:49 PM,12:46 AM,12:04 PM,Last Quarter,51,Normal
Madagascar,Antananarivo,-18.9167,47.5167,Indian/Antananarivo,1770360300,2026-02-06 09:45,25.3,77.5,Partly cloudy,5.4,8.6,128,SE,1019.0,30.09,0.01,0.0,57,50,27.8,82.0,10.0,6.0,4.5,6.2,9.9,95.85,26.0,3.25,1.45,3.65,4.05,1,1,05:39 AM,06:29 PM,09:28 PM,09:30 AM,Waning Gibbous,83,Normal
Estonia,Tallinn,59.43,24.73,Europe/Tallinn,1717424100,2024-06-03 17:15,22.0,71.6,Partly cloudy,12.5,20.2,290,WNW,1004.0,29.65,0.0,0.0,65,25,24.5,76.2,10.0,6.0,5.0,21.9,35.3,180.2,94.4,2.0,1.4,6.8,7.2,1,1,04:12 AM,10:27 PM,02:52 AM,06:30 PM,Waning Crescent,16,Normal
Serbia,Belgrade,44.8,20.47,Europe/Belgrade,1717768800,2024-06-07 16:00,31.1,88.0,Sunny,8.1,13.0,40,NE,1015.0,29.97,0.0,0.0,33,0,30.9,87.5,10.0,6.0,8.0,12.5,20.2,188.6,125.9,1.4,6.1,13.0,14.1,1,2,04:53 AM,08:22 PM,05:02 AM,09:59 PM,Waxing Crescent,0,Normal
Vatican City,Vatican City,41.904,12.453,Europe/Vatican,1751099400,2025-06-28 10:30,32.2,90.0,Sunny,2.2,3.6,90,E,1018.0,30.06,0.0,0.0,34,0,31.1,87.9,10.0,6.0,4.9,6.7,10.8,286.75,77.0,6.29,0.74,18.5,33.855,2,2,05:38 AM,08:49 PM,08:40 AM,11:24 PM,Waxing Crescent,8,Normal
Germany,Berlin,52.52,13.4,Europe/Berlin,1716645600,2024-05-25 16:00,23.0,73.4,Partly cloudy,4.3,6.8,230,SW,1017.0,30.03,0.0,0.0,53,25,24.1,75.5,10.0,6.0,7.0,6.8,10.9,213.6,94.4,4.7,2.4,3.6,3.8,1,1,04:56 AM,09:12 PM,No moonrise,05:26 AM,Waning Gibbous,98,Normal
Tanzania,Dodoma,-6.1833,35.75,Africa/Dar_es_Salaam,1745572500,2025-04-25 12:15,25.1,77.2,Partly cloudy,8.3,13.3,98,E,1020.0,30.12,0.01,0.0,57,50,25.9,78.7,10.0,6.0,12.3,9.5,15.3,172.05,36.0,1.11,0.185,2.775,3.33,1,1,06:37 AM,06:32 PM,04:10 AM,04:33 PM,Waning Crescent,12,Normal
Cambodia,Phnom Penh,11.55,104.9167,Asia/Phnom_Penh,1733049000,2024-12-01 17:30,29.1,84.4,Partly cloudy,5.6,9.0,45,NE,1006.0,29.71,0.0,0.0,66,25,31.3,88.3,10.0,6.0,0.3,9.1,14.6,458.8,88.0,4.07,6.105,20.35,21.46,2,2,06:04 AM,05:35 PM,05:54 AM,05:31 PM,New Moon,0,Normal
Namibia,Windhoek,-22.5717,17.0822,Africa/Windhoek,1746607500,2025-05-07 10:45,20.4,68.7,Sunny,4.9,7.9,54,NE,1030.0,30.42,0.0,0.0,46,0,20.4,68.7,10.0,6.0,3.4,5.7,9.1,186.85,47.0,1.85,0.74,6.475,6.66,1,1,07:14 AM,06:23 PM,03:25 PM,02:45 AM,Waxing Gibbous,73,Normal
Sudan,Khartoum,15.59,32.53,Africa/Khartoum,1723896900,2024-08-17 14:15,29.1,84.4,Partly Cloudy,4.9,7.9,199,SSW,1008.0,29.77,0.0,0.0,61,31,31.7,89.0,10.0,6.0,7.0,5.7,9.1,340.5,24.0,0.3,0.2,6.2,31.8,1,1,05:36 AM,06:12 PM,04:30 PM,02:52 AM,Waxing Gibbous,90,Normal
Algeria,Algiers,36.76,3.05,Africa/Algiers,1720962900,2024-07-14 14:15,30.3,86.5,Sunny,10.5,16.9,10,N,1014.0,29.94,0.0,0.0,62,0,33.1,91.5,10.0,6.0,7.0,15.0,24.1,220.3,124.5,3.6,1.7,13.7,23.9,1,2,05:40 AM,08:07 PM,01:41 PM,12:09 AM,Waxing Gibbous,50,Normal
Lebanon,Beirut,33.8719,35.5097,Asia/Beirut,1750150800,2025-06-17 12:00,27.2,81.0,Sunny,4.9,7.9,273,W,1011.0,29.85,0.0,0.0,66,25,28.6,83.5,6.0,3.0,10.1,5.8,9.3,473.6,104.0,16.65,58.09,41.995,62.9,3,4,05:27 AM,07:51 PM,No moonrise,11:07 AM,Waning Gibbous,71,Normal
Australia,Canberra,-35.2833,149.2167,Australia/Sydney,1734345900,2024-12-16 21:45,27.2,81.0,Clear,3.8,6.1,58,ENE,1010.0,29.83,0.0,0.0,48,0,27.4,81.3,10.0,6.0,0.0,8.0,12.9,234.95,130.0,2.405,6.105,21.645,22.755,2,2,05:43 AM,08:15 PM,09:31 PM,05:51 AM,Waning Gibbous,100,Normal
Lebanon,Beirut,33.87,35.51,Asia/Beirut,1726742700,2024-09-19 13:45,30.2,86.4,Partly cloudy,12.1,19.4,233,SW,1013.0,29.91,0.0,0.0,55,25,33.8,92.9,10.0,6.0,6.0,17.8,28.7,329.3,98.0,7.03,25.16,17.945,33.67,2,2,06:24 AM,06:38 PM,07:29 PM,07:41 AM,Waning Gibbous,99,Normal
Djibouti,Djibouti,11.595,43.1481,Africa/Djibouti,1742463900,2025-03-20 12:45,28.2,82.8,Sunny,13.2,21.2,79,E,1015.0,29.97,0.0,0.0,68,19,31.1,88.0,10.0,6.0,12.2,15.2,24.4,299.7,70.0,1.48,2.22,22.755,39.59,2,2,06:11 AM,06:18 PM,11:17 PM,10:01 AM,Waning Gibbous,74,Normal
Djibouti,Djibouti,11.595,43.1481,Africa/Djibouti,1754208900,2025-08-03 11:15,33.8,92.8,Sunny,9.4,15.1,253,WSW,1006.0,29.7,0.0,0.0,50,14,38.5,101.4,10.0,6.0,8.7,15.4,24.8,312.65,81.0,1.85,1.48,65.86,203.685,4,9,05:55 AM,06:32 PM,01:38 PM,12:28 AM,Waxing Gibbous,63,Normal
Turkey,Yaren,39.55,27.6167,Europe/Istanbul,1755681300,2025-08-20 12:15,27.2,81.0,Partly cloudy,14.8,23.8,9,N,1010.0,29.83,0.0,0.0,54,50,26.8,80.2,10.0,6.0,7.5,17.0,27.3,273.8,73.0,4.81,1.665,20.35,33.855,2,2,06:26 AM,07:58 PM,02:51 AM,06:37 PM,Waning Crescent,13,Normal
India,New Delhi,28.6,77.2,Asia/Kolkata,1720357200,2024-07-07 18:30,31.3,88.3,Moderate or heavy rain with thunder,9.4,15.1,60,ENE,999.0,29.5,0.0,0.0,63,50,36.3,97.4,5.0,3.0,7.0,13.6,22.0,687.6,103.0,21.4,20.0,35.7,46.5,2,3,05:30 AM,07:23 PM,06:27 AM,08:48 PM,Waxing Crescent,1,Normal
Vietnam,Hanoi,21.0333,105.85,Asia/Bangkok,1728380700,2024-10-08 16:45,31.4,88.5,Sunny,4.9,7.9,55,NE,1012.0,29.88,0.0,0.0,49,0,32.3,90.1,10.0,6.0,8.0,6.5,10.4,1124.8,96.0,19.425,36.075,63.27,92.13,3,8,05:50 AM,05:38 PM,10:23 AM,09:12 PM,Waxing Crescent,23,Normal
Hungary,Budapest,47.5,19.0833,Europe/Budapest,1754295300,2025-08-04 10:15,22.4,72.3,Partly cloudy,7.4,11.9,333,NNW,1017.0,30.03,0.0,0.0,61,50,24.2,75.6,10.0,6.0,3.8,8.5,13.7,296.0,62.0,8.88,0.925,7.4,10.73,1,1,05:26 AM,08:13 PM,05:12 PM,12:00 AM,Waxing Gibbous,72,Normal
Kuwait,Kuwait City,29.3667,47.96,Asia/Kuwait,1762674300,2025-11-09 10:45,24.1,75.4,Mist,2.7,4.3,351,N,1020.0,30.13,0.0,0.0,61,0,24.2,75.6,4.0,2.0,3.3,3.8,6.1,425.85,17.0,43.35,14.15,56.45,63.45,3,7,06:07 AM,04:56 PM,08:38 PM,10:26 AM,Waning Gibbous,84,Normal
Somalia,Mogadishu,2.0667,45.3667,Africa/Mogadishu,1762502400,2025-11-07 11:00,28.8,83.8,Sunny,14.5,23.4,86,E,1012.0,29.89,0.0,0.0,62,5,31.3,88.3,10.0,6.0,11.0,16.7,26.9,128.85,41.0,1.35,1.35,12.15,22.05,1,2,05:41 AM,05:44 PM,07:43 PM,07:18 AM,Waning Gibbous,97,Normal
Bolivia,National,-11.18,-67.08,America/La_Paz,1722514500,2024-08-01 08:15,22.8,73.0,Sunny,2.2,3.6,296,WNW,1015.0,29.97,0.0,0.0,50,6,24.7,76.4,10.0,6.0,7.0,3.2,5.2,213.6,4.2,0.1,0.0,29.5,29.7,2,3,06:46 AM,06:23 PM,04:24 AM,04:01 PM,Waning Crescent,12,Normal
Thailand,Nan,18.7833,100.7833,Asia/Bangkok,1734691500,2024-12-20 17:45,26.0,78.8,Sunny,2.2,3.6,3,N,1010.0,29.82,0.0,0.0,51,9,26.7,80.0,10.0,6.0,0.3,6.7,10.8,734.45,109.0,3.515,12.395,34.78,35.15,2,3,06:44 AM,05:45 PM,10:29 PM,10:45 AM,Waning Gibbous,79,Normal
Djibouti,Djibouti,11.6,43.15,Africa/Djibouti,1717768800,2024-06-07 17:00,35.0,95.1,Sunny,4.7,7.6,109,ESE,1003.0,29.62,0.0,0.0,51,0,41.7,107.0,10.0,6.0,9.0,7.0,11.3,347.1,53.6,1.4,1.4,24.3,92.1,2,3,05:43 AM,06:30 PM,06:14 AM,07:36 PM,Waxing Crescent,0,Normal
Uganda,Kampala,0.3156,32.5656,Africa/Kampala,1739527200,2025-02-14 13:00,30.9,87.6,Patchy rain nearby,8.9,14.4,166,SSE,1009.0,29.78,0.02,0.0,37,71,30.8,87.4,10.0,6.0,11.5,10.4,16.7,482.85,75.0,3.515,2.96,26.64,27.195,2,3,07:01 AM,07:07 PM,08:37 PM,08:16 AM,Waning Gibbous,98,Normal
Slovakia,Bratislava,48.15,17.12,Europe/Bratislava,1718805600,2024-06-19 16:00,30.1,86.3,Sunny,2.2,3.6,240,WSW,1012.0,29.88,0.0,0.0,51,0,31.8,89.2,10.0,6.0,8.0,6.7,10.8,180.2,114.4,2.2,1.7,9.0,10.4,1,1,04:51 AM,08:55 PM,06:45 PM,02:30 AM,Waxing Gibbous,90,Normal
Indonesia,Laos,-8.1826,114.3188,Asia/Jakarta,1754382600,2025-08-05 15:30,27.7,81.8,Patchy rain nearby,6.9,11.2,162,SSE,1010.0,29.83,0.02,0.0,63,80,29.6,85.2,10.0,6.0,2.4,8.0,12.9,519.85,66.0,6.29,3.7,22.57,28.305,2,2,05:36 AM,05:23 PM,01:45 PM,01:54 AM,Waxing Gibbous,79,Normal
Tunisia,Tunis,36.8028,10.1797,Africa/Tunis,1752138000,2025-07-10 10:00,28.1,82.6,Sunny,13.2,21.2,327,NNW,1016.0,30.0,0.0,0.0,48,25,27.5,81.4,10.0,6.0,6.9,15.2,24.4,253.45,94.0,3.515,3.7,8.88,24.05,1,1,05:09 AM,07:41 PM,07:53 PM,04:15 AM,Full Moon,99,Normal
Romania,Bucharest,44.4333,26.1,Europe/Bucharest,1756454400,2025-08-29 11:00,24.3,75.7,Sunny,8.7,14.0,107,ESE,1017.0,30.03,0.0,0.0,57,0,23.9,75.0,10.0,6.0,4.7,10.0,16.2,312.65,57.0,21.83,3.7,16.835,25.345,2,2,06:35 AM,07:57 PM,01:02 PM,10:14 PM,Waxing Crescent,28,Normal
Georgia,Tbilisi,41.725,44.7908,Asia/Tbilisi,1745658000,2025-04-26 13:00,24.2,75.6,Sunny,3.1,5.0,76,ENE,1010.0,29.83,0.0,0.0,36,0,24.6,76.2,10.0,6.0,7.5,3.6,5.8,249.75,64.0,4.81,4.255,18.685,22.2,2,2,06:04 AM,07:54 PM,05:03 AM,06:23 PM,Waning Crescent,6,Normal
Bolivia,National,-11.18,-67.08,America/La_Paz,1716820200,2024-05-27 10:30,23.3,74.0,Sunny,4.5,7.2,134,SE,1019.0,30.08,0.0,0.0,53,12,25.0,76.9,10.0,6.0,7.0,5.1,8.3,240.3,10.2,0.1,0.0,4.7,4.7,1,1,06:40 AM,06:11 PM,10:10 PM,10:25 AM,Waning Gibbous,87,Normal
Greece,Athens,37.98,23.72,Europe/Athens,1725192000,2024-09-01 15:00,30.3,86.5,Partly cloudy,13.6,22.0,360,N,1010.0,29.83,0.0,0.0,38,25,29.8,85.7,10.0,6.0,7.0,13.9,22.4,247.0,105.9,2.3,3.7,3.6,4.6,1,1,06:55 AM,07:54 PM,05:01 AM,07:25 PM,Waning Crescent,4,Normal
Central African Republic,Bangui,4.37,18.58,Africa/Bangui,1722428100,2024-07-31 13:15,29.2,84.5,Sunny,6.7,10.8,280,W,1011.0,29.85,0.0,0.0,57,19,31.2,88.1,10.0,6.0,7.0,7.7,12.4,433.9,20.2,0.0,0.0,0.5,0.5,1,1,05:43 AM,06:01 PM,01:55 AM,02:42 PM,Waning Crescent,20,Normal
Myanmar,Rangoon,16.7833,96.1667,Asia/Yangon,1768547700,2026-01-16 13:45,31.2,88.2,Partly cloudy,6.3,10.1,212,SSW,1011.0,29.85,0.0,0.0,59,50,31.4,88.5,7.0,4.0,7.1,7.2,11.6,495.85,68.0,6.45,6.35,34.05,36.15,2,3,06:38 AM,05:53 PM,04:30 AM,03:38 PM,Waning Crescent,9,Normal
Bangladesh,Dhaka,23.7231,90.4086,Asia/Dhaka,1753086600,2025-07-21 14:30,34.4,94.0,Patchy rain nearby,2.7,4.3,219,SW,998.0,29.48,0.06,0.0,53,92,41.0,105.7,10.0,6.0,4.6,3.3,5.3,653.05,24.0,28.49,31.635,31.635,33.67,2,3,05:23 AM,06:46 PM,01:24 AM,03:41 PM,Waning Crescent,21,Normal
Thailand,Nan,18.7833,100.7833,Asia/Bangkok,1742463900,2025-03-20 16:45,30.2,86.4,Sunny,2.2,3.6,49,NE,1015.0,29.97,0.0,0.0,40,0,28.8,83.8,10.0,6.0,2.0,2.6,4.1,939.8,82.0,9.435,6.475,122.84,128.02,4,10,06:21 AM,06:28 PM,11:35 PM,09:48 AM,Waning Gibbous,76,Normal
Seychelles Islands,Victoria,-4.6167,55.45,Indian/Mahe,1745832600,2025-04-28 13:30,32.3,90.1,Sunny,2.2,3.6,333,NNW,1008.0,29.77,0.0,0.0,59,25,39.0,102.2,10.0,6.0,11.6,6.7,10.8,159.1,29.0,3.7,4.44,3.145,4.625,1,1,06:17 AM,06:14 PM,06:34 AM,06:48 PM,New Moon,0,Normal
Kazakhstan,Astana,51.18,71.43,Asia/Almaty,1716472800,2024-05-23 19:00,21.0,69.8,Patchy light rain with thunder,9.4,15.1,240,WSW,1013.0,29.91,0.0,0.0,43,75,21.0,69.8,10.0,6.0,6.0,21.8,35.1,196.9,85.8,5.1,7.9,1.5,1.8,1,1,04:13 AM,08:10 PM,08:32 PM,03:34 AM,Full Moon,100,Normal
Brunei Darussalam,Bandar Seri Begawan,4.8833,114.9333,Asia/Brunei,1765696500,2025-12-14 15:15,31.1,88.0,Partly cloudy,5.8,9.4,344,NNW,1006.0,29.71,0.0,0.0,66,75,38.3,100.9,10.0,6.0,4.7,7.4,11.8,397.85,21.0,4.05,2.55,9.95,10.25,1,1,06:19 AM,06:10 PM,01:37 AM,01:49 PM,Waning Crescent,33,Normal
India,New Delhi,28.6,77.2,Asia/Kolkata,1751360400,2025-07-01 14:30,33.2,91.8,Mist,8.3,13.3,110,ESE,999.0,29.5,0.01,0.0,63,75,35.7,96.3,4.0,2.0,1.9,9.6,15.5,797.35,105.0,49.025,70.485,64.195,76.035,3,8,05:27 AM,07:23 PM,11:07 AM,11:34 PM,Waxing Crescent,31,Normal
Belarus,Minsk,53.9,27.5667,Europe/Minsk,1750064400,2025-06-16 12:00,22.3,72.1,Sunny,8.3,13.3,316,NW,1014.0,29.94,0.0,0.0,35,0,24.6,76.3,10.0,6.0,6.7,9.5,15.3,262.7,65.0,11.655,2.775,8.325,11.1,1,1,04:37 AM,09:44 PM,12:46 AM,09:45 AM,Waning Gibbous,80,Normal
Bahrain,Manama,26.2361,50.5831,Asia/Bahrain,1737109800,2025-01-17 13:30,21.0,69.8,Sunny,14.3,23.0,315,NW,1015.0,29.97,0.0,0.0,40,0,21.0,69.8,9.0,5.0,4.0,21.8,35.1,608.65,57.0,27.565,45.695,180.56,954.6,5,10,06:26 AM,05:09 PM,08:31 PM,08:48 AM,Waning Gibbous,91,Normal
Sierra Leone,Freetown,8.49,-13.2342,Africa/Freetown,1740305700,2025-02-23 10:15,28.7,83.7,Sunny,2.5,4.0,31,NNE,1013.0,29.92,0.0,0.0,61,17,30.9,87.7,10.0,6.0,4.1,2.8,4.6,355.2,86.0,1.48,2.035,56.24,175.38,3,7,07:09 AM,07:04 PM,03:09 AM,02:57 PM,Waning Crescent,28,Normal
Tajikistan,Dushanbe,38.56,68.77,Asia/Dushanbe,1718632800,2024-06-17 19:00,20.3,68.6,Patchy rain nearby,10.3,16.6,12,NNE,1011.0,29.85,0.07,0.0,51,87,20.4,68.6,10.0,6.0,5.0,21.6,34.8,195.3,68.7,0.8,2.0,5.5,11.7,1,1,05:00 AM,07:52 PM,03:22 PM,01:38 AM,Waxing Gibbous,75,Normal
Ukraine,Kyiv,50.4333,30.5167,Europe/Kiev,1749285900,2025-06-07 11:45,27.8,82.0,Sunny,6.5,10.4,243,WSW,1017.0,30.02,0.0,0.0,50,9,28.5,83.3,10.0,6.0,6.2,7.5,12.0,312.65,62.0,11.655,3.515,17.76,26.64,2,2,04:48 AM,09:06 PM,05:29 PM,02:28 AM,Waxing Gibbous,83,Normal
Indonesia,Laos,-8.1826,114.3188,Asia/Jakarta,1729588500,2024-10-22 16:15,28.1,82.6,Patchy rain nearby,6.9,11.2,156,SSE,1010.0,29.82,0.05,0.0,69,74,31.0,87.7,10.0,6.0,0.9,8.0,12.9,368.15,76.0,2.405,4.995,13.135,20.535,1,2,04:57 AM,05:17 PM,10:17 PM,09:09 AM,Waning Gibbous,74,Normal
Romania,Bucharest,44.4333,26.1,Europe/Bucharest,1752914700,2025-07-19 11:45,26.1,79.0,Sunny,5.8,9.4,283,WNW,1012.0,29.88,0.0,0.0,45,0,25.6,78.0,10.0,6.0,5.8,6.7,10.8,351.5,66.0,12.765,7.03,13.69,17.39,1,2,05:49 AM,08:54 PM,12:32 AM,03:47 PM,Waning Crescent,40,Normal
Burkina Faso,Ouagadougou,12.3703,-1.5247,Africa/Ouagadougou,1767856500,2026-01-08 07:15,22.6,72.6,Sunny,13.4,21.6,21,NNE,1014.0,29.95,0.0,0.0,34,19,23.8,74.9,10.0,6.0,0.2,21.9,35.3,152.85,59.0,1.75,1.25,118.85,844.65,4,10,06:29 AM,05:56 PM,10:49 PM,10:27 AM,Waning Gibbous,75,Normal
Italy,Rome,41.9,12.4833,Europe/Rome,1752396300,2025-07-13 10:45,26.3,79.3,Patchy rain nearby,9.8,15.8,163,SSE,1016.0,30.0,0.24,0.01,48,25,26.9,80.3,10.0,6.0,2.3,13.0,20.8,251.6,87.0,8.51,0.925,9.62,12.395,1,1,05:47 AM,08:45 PM,10:38 PM,08:13 AM,Waning Gibbous,95,Normal
Philippines,Manila,14.6042,120.9822,Asia/Manila,1771915500,2026-02-24 14:45,32.4,90.3,Partly Cloudy,8.5,13.7,106,ESE,1010.0,29.83,0.0,0.0,59,25,37.0,98.6,10.0,6.0,6.2,10.2,16.5,339.85,44.0,11.45,11.95,13.95,16.15,1,2,06:16 AM,06:03 PM,11:00 AM,No moonset,First Quarter,40,Normal
Italy,Rome,41.9,12.4833,Europe/Rome,1755245700,2025-08-15 10:15,27.4,81.3,Sunny,2.2,3.6,322,NW,1016.0,30.0,0.0,0.0,48,0,26.7,80.0,10.0,6.0,3.5,6.7,10.8,344.1,53.0,22.015,1.295,19.98,25.345,2,2,06:18 AM,08:10 PM,11:09 PM,01:26 PM,Waning Gibbous,65,Normal
Qatar,Doha,25.2867,51.5333,Asia/Qatar,1732697100,2024-11-27 11:45,32.4,90.3,Sunny,7.8,12.6,190,S,1014.0,29.94,0.0,0.0,49,0,33.9,93.0,10.0,6.0,4.9,10.0,16.1,825.1,76.0,57.535,18.13,53.465,74.74,3,6,06:00 AM,04:43 PM,02:28 AM,02:10 PM,Waning Crescent,17,Normal
Madagascar,Antananarivo,-18.9167,47.5167,Indian/Antananarivo,1760859000,2025-10-19 10:30,26.2,79.2,Sunny,3.8,6.1,144,SE,1023.0,30.21,0.0,0.0,37,25,25.3,77.6,10.0,6.0,9.1,4.4,7.1,153.85,68.0,2.15,1.45,5.75,6.55,1,1,05:18 AM,05:53 PM,03:52 AM,04:15 PM,Waning Crescent,6,Normal
Costa Rica,San Ignacio,9.8,-84.1667,America/Costa_Rica,1745658000,2025-04-26 03:00,22.1,71.8,Partly Cloudy,3.6,5.8,68,ENE,1014.0,29.95,0.0,0.0,53,0,24.6,76.3,10.0,6.0,0.0,7.5,12.1,301.55,82.0,6.66,5.55,11.285,15.17,1,1,05:22 AM,05:48 PM,04:12 AM,04:51 PM,Waning Crescent,4,Normal
Syria,Damascus,33.5,36.3,Asia/Damascus,1757406600,2025-09-09 11:30,23.1,73.6,Sunny,6.7,10.8,162,SSE,1014.0,29.94,0.0,0.0,53,25,24.2,75.5,10.0,6.0,7.0,7.7,12.4,270.1,59.0,22.2,111.925,37.0,43.845,2,4,06:14 AM,06:49 PM,07:46 PM,07:51 AM,Waning Gibbous,98,Normal
Samoa,Apia,-13.8333,-171.7333,Pacific/Apia,1767164400,2025-12-31 20:00,27.9,82.2,Patchy rain nearby,5.1,8.3,234,SW,1007.0,29.75,0.02,0.0,70,78,30.7,87.2,10.0,6.0,0.0,7.0,11.3,80.85,24.0,0.95,1.25,4.15,5.95,1,1,06:02 AM,06:58 PM,03:32 PM,02:13 AM,Waxing Gibbous,78,Normal
Malawi,Lilongwe,-13.9833,33.7833,Africa/Blantyre,1729416600,2024-10-20 11:30,29.2,84.6,Partly cloudy,9.6,15.5,53,NE,1020.0,30.12,0.0,0.0,31,25,27.4,81.3,8.0,4.0,12.7,11.1,17.8,397.75,93.0,0.555,1.11,13.69,20.165,1,2,05:16 AM,05:44 PM,09:03 PM,07:32 AM,Waning Gibbous,91,Normal
Turkey,Ankara,39.9272,32.8644,Europe/Istanbul,1752914700,2025-07-19 11:45,29.3,84.7,Sunny,3.8,6.1,10,N,1013.0,29.91,0.0,0.0,37,0,28.2,82.8,10.0,6.0,7.9,4.4,7.1,299.7,75.0,19.425,12.765,28.675,43.475,2,3,05:36 AM,08:13 PM,12:16 AM,03:04 PM,Waning Crescent,40,Normal
Singapore,Singapore,1.2931,103.8558,Asia/Singapore,1761292800,2025-10-24 16:00,34.1,93.4,Partly cloudy,17.0,27.4,269,W,1007.0,29.74,0.0,0.0,47,75,48.1,118.6,10.0,6.0,2.1,22.1,35.6,456.85,16.0,45.25,22.15,12.05,12.45,1,2,06:46 AM,06:51 PM,08:35 AM,08:53 PM,Waxing Crescent,4,Normal
Tajikistan,Dushanbe,38.56,68.7739,Asia/Dushanbe,1761723000,2025-10-29 12:30,21.1,70.0,Overcast,5.4,8.6,145,SE,1021.0,30.15,0.02,0.0,31,25,21.1,70.0,4.9,3.0,3.5,6.2,9.9,353.85,55.0,12.45,9.25,12.55,16.75,1,2,06:48 AM,05:29 PM,01:36 PM,11:21 PM,First Quarter,41,Normal
Egypt,Cairo,30.05,31.25,Africa/Cairo,1730278800,2024-10-30 12:00,24.7,76.5,Sunny,6.9,11.2,13,NNE,1013.0,29.91,0.0,0.0,35,0,24.9,76.8,10.0,6.0,4.2,8.0,12.9,577.2,47.0,71.595,83.435,43.29,66.415,3,5,07:08 AM,06:09 PM,05:09 AM,04:59 PM,Waning Crescent,6,Normal
Guinea-Bissau,Bissau,11.85,-15.5833,Africa/Bissau,1743930000,2025-04-06 09:00,27.4,81.2,Sunny,5.1,8.3,77,ENE,1011.0,29.85,0.0,0.0,40,0,27.2,80.9,10.0,6.0,1.7,6.6,10.7,321.9,56.0,4.07,2.035,53.28,96.015,3,6,06:56 AM,07:14 PM,02:16 PM,02:33 AM,Waxing Gibbous,60,Normal
France,Paris,48.8667,2.3333,Europe/Paris,1750581900,2025-06-22 10:45,24.0,75.2,Moderate or heavy rain with thunder,7.8,12.6,285,WNW,1016.0,30.0,0.0,0.0,65,50,25.1,77.3,10.0,6.0,3.1,9.0,14.5,460.65,66.0,16.095,1.665,17.39,22.015,2,2,05:47 AM,09:58 PM,02:53 AM,07:03 PM,Waning Crescent,17,Normal
Armenia,Yerevan,40.1811,44.5136,Asia/Yerevan,1756369800,2025-08-28 12:30,30.4,86.7,Sunny,5.6,9.0,208,SSW,1014.0,29.94,0.0,0.0,33,0,29.0,84.1,10.0,6.0,8.2,6.4,10.4,279.35,54.0,13.505,1.48,15.17,27.935,1,2,06:25 AM,07:40 PM,11:30 AM,09:46 PM,Waxing Crescent,20,Normal
Thailand,Nan,18.7833,100.7833,Asia/Bangkok,1748508300,2025-05-29 15:45,33.2,91.8,Partly cloudy,3.8,6.1,197,SSW,1005.0,29.68,0.77,0.03,59,75,42.2,108.0,10.0,6.0,6.9,4.4,7.1,351.5,62.0,14.985,3.7,32.56,34.225,2,3,05:40 AM,06:49 PM,07:27 AM,09:24 PM,Waxing Crescent,4,Normal
Vietnam,Hanoi,21.0333,105.85,Asia/Bangkok,1768893300,2026-01-20 14:15,25.0,77.0,Partly cloudy,10.3,16.6,121,ESE,1014.0,29.94,0.04,0.0,69,75,26.8,80.2,10.0,6.0,0.5,13.6,22.0,519.85,56.0,22.85,16.05,45.95,46.85,3,5,06:36 AM,05:39 PM,07:38 AM,07:02 PM,Waxing Crescent,1,Normal
Tanzania,Dodoma,-6.1833,35.75,Africa/Dar_es_Salaam,1745743500,2025-04-27 11:45,25.4,77.7,Sunny,10.3,16.6,107,ESE,1014.0,29.95,0.0,0.0,53,23,26.3,79.3,10.0,6.0,9.6,11.8,19.0,179.45,40.0,1.85,0.185,3.515,3.7,1,1,06:37 AM,06:32 PM,05:59 AM,06:12 PM,New Moon,1,Normal
Cyprus,Nicosia,35.1667,33.3667,Asia/Famagusta,1741340700,2025-03-07 11:45,21.3,70.3,Partly cloudy,12.5,20.2,51,NE,1017.0,30.03,0.0,0.0,40,75,21.3,70.3,10.0,6.0,4.3,14.4,23.2,303.4,80.0,6.105,8.695,20.905,28.675,2,2,06:08 AM,05:48 PM,10:56 AM,01:32 AM,Waxing Gibbous,53,Normal
Kiribati,Tarawa,-0.8833,169.5333,Pacific/Tarawa,1730192400,2024-10-29 21:00,27.8,82.1,Partly Cloudy,7.2,11.5,149,SSE,1012.0,29.87,0.0,0.0,68,41,30.4,86.7,10.0,6.0,0.0,9.6,15.4,172.05,27.0,0.0,0.37,14.8,27.935,1,2,06:21 AM,06:30 PM,03:52 AM,04:10 PM,Waning Crescent,11,Normal
United Kingdom,London,51.5171,-0.1062,Europe/London,1750323600,2025-06-19 10:00,24.0,75.2,Sunny,2.2,3.6,102,ESE,1026.0,30.3,0.0,0.0,54,0,24.9,76.9,10.0,6.0,4.6,6.7,10.8,366.3,68.0,34.225,3.885,16.28,23.495,2,2,04:42 AM,09:21 PM,01:08 AM,01:57 PM,Waning Crescent,48,Normal
Macedonia,Skopje,42.0,21.4333,Europe/Skopje,1748421900,2025-05-28 10:45,22.3,72.1,Partly Cloudy,5.4,8.6,358,N,1016.0,30.0,0.0,0.0,43,25,24.3,75.7,10.0,6.0,5.2,6.2,9.9,257.15,77.0,9.99,7.215,13.135,16.28,1,2,05:03 AM,08:00 PM,05:37 AM,10:10 PM,Waxing Crescent,1,Normal
Serbia,Belgrade,44.8,20.47,Europe/Belgrade,1725192000,2024-09-01 14:00,32.3,90.1,Sunny,6.9,11.2,20,NNE,1013.0,29.91,0.0,0.0,30,0,30.1,86.2,10.0,6.0,9.0,10.6,17.0,237.0,98.7,0.5,0.4,5.8,8.3,1,1,06:01 AM,07:15 PM,03:56 AM,06:53 PM,Waning Crescent,4,Normal
Rwanda,Kigali,-1.95,30.06,Africa/Kigali,1716042600,2024-05-18 16:30,28.0,82.4,Partly cloudy,5.6,9.0,120,ESE,1017.0,30.03,0.99,0.04,45,50,32.5,90.5,10.0,6.0,6.0,10.1,16.2,287.1,36.1,0.5,0.7,5.4,7.6,1,1,05:56 AM,05:57 PM,02:19 PM,01:58 AM,Waxing Gibbous,73,Normal
Zambia,Lusaka,-15.4167,28.2833,Africa/Lusaka,1750150800,2025-06-17 11:00,21.7,71.1,Sunny,6.7,10.8,77,ENE,1020.0,30.13,0.0,0.0,42,10,21.7,71.1,10.0,6.0,7.2,7.7,12.4,370.0,67.0,1.295,1.665,8.51,9.62,1,1,06:31 AM,05:45 PM,11:22 PM,11:16 AM,Waning Gibbous,70,Normal
Nigeria,Abuja,9.18,7.18,Africa/Lagos,1726230600,2024-09-13 13:30,30.1,86.2,Partly cloudy,3.4,5.4,289,WNW,1014.0,29.94,0.02,0.0,70,75,37.6,99.6,10.0,6.0,6.0,4.4,7.1,556.85,78.0,2.96,0.37,12.21,17.945,1,2,06:21 AM,06:32 PM,02:46 PM,01:36 AM,Waxing Gibbous,68,Normal
Georgia,Tbilisi,41.725,44.7908,Asia/Tbilisi,1756972800,2025-09-04 12:00,29.1,84.4,Sunny,2.5,4.0,326,NNW,1011.0,29.85,0.0,0.0,43,0,28.4,83.0,10.0,6.0,6.1,2.8,4.6,277.5,59.0,10.175,4.255,5.365,6.105,1,1,06:30 AM,07:29 PM,05:57 PM,02:09 AM,Waxing Gibbous,82,Normal
San Marino,San Marino,43.9333,12.45,Europe/San_Marino,1756972800,2025-09-04 10:00,23.2,73.8,Sunny,6.7,10.8,337,NNW,1016.0,30.0,0.0,0.0,65,0,25.0,77.1,10.0,6.0,3.0,7.7,12.4,266.589,70.0,11.321,2.009,11.686,24.103,1,1,06:37 AM,07:41 PM,06:17 PM,02:15 AM,Waxing Gibbous,83,Normal
Latvia,Riga,56.95,24.1,Europe/Riga,1726484400,2024-09-16 14:00,23.0,73.4,Sunny,7.8,12.6,137,SE,1023.0,30.21,0.0,0.0,53,0,24.1,75.4,10.0,6.0,7.0,11.3,18.2,333.0,59.0,8.51,2.035,19.425,28.305,2,2,06:57 AM,07:39 PM,07:29 PM,03:43 AM,Waxing Gibbous,93,Normal
Gabon,Libreville,0.38,9.45,Africa/Libreville,1719754200,2024-06-30 14:30,26.4,79.5,Sunny,10.3,16.6,252,WSW,1012.0,29.9,0.0,0.0,69,21,28.2,82.8,10.0,6.0,7.0,11.8,19.0,447.3,79.4,1.4,2.5,13.2,18.6,1,2,06:21 AM,06:30 PM,01:12 AM,01:36 PM,Waning Crescent,38,Normal
China,Beijing,39.9289,116.3883,Asia/Shanghai,1754208900,2025-08-03 16:15,33.2,91.8,Sunny,5.8,9.4,73,ENE,998.0,29.47,0.0,0.0,63,0,37.2,98.9,10.0,6.0,2.7,6.7,10.8,1196.95,57.0,127.835,75.665,141.34,143.375,4,10,05:15 AM,07:26 PM,02:47 PM,11:55 PM,Waxing Gibbous,61,Normal
Zambia,Lusaka,-15.4167,28.2833,Africa/Lusaka,1745658000,2025-04-26 11:00,25.3,77.5,Sunny,9.2,14.8,88,E,1016.0,30.0,0.0,0.0,53,22,26.2,79.1,10.0,6.0,9.5,10.6,17.0,264.55,51.0,0.74,1.11,8.51,9.62,1,1,06:16 AM,05:53 PM,04:38 AM,04:45 PM,Waning Crescent,5,Normal
Burkina Faso,Ouagadougou,12.3703,-1.5247,Africa/Ouagadougou,1744449300,2025-04-12 09:15,32.4,90.3,Sunny,12.8,20.5,180,S,1012.0,29.88,0.0,0.0,56,0,32.6,90.6,10.0,6.0,4.3,14.7,23.6,456.95,85.0,1.665,1.85,28.12,105.265,2,3,05:56 AM,06:18 PM,06:02 PM,05:26 AM,Waxing Gibbous,99,Normal
Madagascar,Ivory,-24.37,46.45,Indian/Antananarivo,1719926100,2024-07-02 16:15,24.8,76.7,Sunny,4.7,7.6,109,ESE,1019.0,30.09,0.0,0.0,32,13,24.7,76.5,10.0,6.0,7.0,6.0,9.7,213.6,52.9,0.1,0.0,0.6,1.0,1,1,06:38 AM,05:18 PM,03:03 AM,02:01 PM,Waning Crescent,18,Normal
Nepal,Kathmandu,27.72,85.32,Asia/Kathmandu,1715849100,2024-05-16 14:30,29.0,84.2,Light rain,11.9,19.1,200,SSW,1017.0,30.03,0.0,0.0,48,50,27.7,81.8,8.0,4.0,8.0,16.3,26.3,327.1,120.2,0.6,1.9,22.3,30.9,2,2,05:14 AM,06:46 PM,12:29 PM,01:10 AM,Waxing Gibbous,55,Normal
Singapore,Singapore,1.2931,103.8558,Asia/Singapore,1754555400,2025-08-07 16:30,32.1,89.8,Partly cloudy,5.6,9.0,180,S,1008.0,29.77,0.05,0.0,56,75,39.1,102.5,10.0,6.0,5.5,7.2,11.6,930.55,38.0,47.73,12.21,18.315,19.795,2,2,07:06 AM,07:16 PM,05:39 PM,05:05 AM,Waxing Gibbous,92,Normal
Tanzania,Dodoma,-6.1833,35.75,Africa/Dar_es_Salaam,1752655500,2025-07-16 11:45,22.6,72.7,Partly Cloudy,9.2,14.8,98,E,1019.0,30.08,0.0,0.0,50,25,24.6,76.3,10.0,6.0,8.2,10.6,17.0,225.7,58.0,3.145,1.48,19.055,19.61,2,2,06:49 AM,06:37 PM,11:32 PM,11:04 AM,Waning Gibbous,73,Normal
Cyprus,Nicosia,35.1667,33.3667,Asia/Famagusta,1736849700,2025-01-14 12:15,20.0,68.0,Partly cloudy,7.8,12.6,80,E,1021.0,30.15,0.0,0.0,60,50,20.0,68.0,10.0,6.0,2.6,9.0,14.5,329.3,66.0,6.105,12.21,44.03,56.98,3,5,06:55 AM,04:57 PM,05:26 PM,07:31 AM,Waning Gibbous,100,Normal
Sudan,Juba,12.15,24.45,Africa/Khartoum,1754295300,2025-08-04 10:15,26.7,80.0,Sunny,11.9,19.1,234,SW,1014.0,29.94,0.0,0.0,60,13,27.9,82.3,10.0,6.0,5.5,13.6,22.0,314.5,53.0,4.07,0.555,22.755,69.375,2,2,06:09 AM,06:47 PM,02:50 PM,01:30 AM,Waxing Gibbous,72,Normal
Mauritius,Port Louis,-20.16,57.5,Indian/Mauritius,1719321300,2024-06-25 17:15,22.4,72.3,Patchy rain nearby,16.6,26.6,119,ESE,1021.0,30.14,0.01,0.0,70,89,24.7,76.5,10.0,6.0,6.0,21.5,34.6,233.7,50.8,1.9,1.5,2.7,10.9,1,1,06:45 AM,05:40 PM,09:10 PM,09:42 AM,Waning Gibbous,89,Normal
Portugal,Lisbon,38.72,-9.13,Europe/Lisbon,1725279300,2024-09-02 13:15,23.4,74.1,Partly cloudy,20.6,33.1,330,NNW,1016.0,30.0,0.0,0.0,61,25,25.2,77.3,10.0,6.0,6.0,25.1,40.3,240.3,78.0,1.3,0.8,3.0,9.7,1,1,07:07 AM,08:05 PM,06:19 AM,08:03 PM,New Moon,1,Normal
Nepal,Kathmandu,27.7167,85.3167,Asia/Kathmandu,1749891600,2025-06-14 14:45,30.0,86.0,Partly cloudy,3.6,5.8,207,SSW,1009.0,29.8,0.0,0.0,55,50,32.3,90.1,8.0,4.0,2.7,4.2,6.7,693.75,139.0,8.14,6.845,45.14,52.355,3,5,05:08 AM,07:01 PM,09:48 PM,07:27 AM,Waning Gibbous,94,Normal
Cambodia,Phnom Penh,11.55,104.9167,Asia/Phnom_Penh,1769065200,2026-01-22 14:00,32.1,89.8,Sunny,8.9,14.4,40,NE,1011.0,29.86,0.0,0.0,31,19,31.6,88.8,10.0,6.0,7.0,10.3,16.6,439.85,66.0,7.75,2.75,13.35,14.05,1,2,06:25 AM,05:59 PM,08:48 AM,08:59 PM,Waxing Crescent,8,Normal
Burundi,Bujumbura,-3.38,29.36,Africa/Bujumbura,1719408600,2024-06-26 15:30,30.3,86.5,Partly cloudy,11.9,19.1,180,S,1014.0,29.94,0.0,0.0,38,25,31.0,87.8,10.0,6.0,7.0,13.4,21.6,253.7,68.7,0.4,0.3,5.4,8.3,1,1,06:08 AM,06:03 PM,10:23 PM,10:03 AM,Waning Gibbous,81,Normal
Japan,Tokyo,35.6895,139.6917,Asia/Tokyo,1759047300,2025-09-28 17:15,27.4,81.3,Partly cloudy,16.1,25.9,184,S,1013.0,29.91,0.0,0.0,66,50,28.7,83.7,10.0,6.0,0.1,20.7,33.4,592.0,42.0,97.125,56.795,47.36,54.02,3,5,05:34 AM,05:30 PM,11:32 AM,08:49 PM,Waxing Crescent,28,Normal
Antigua and Barbuda,Saint John's,17.12,-61.85,America/Antigua,1718201700,2024-06-12 10:15,31.1,88.0,Partly cloudy,9.4,15.1,100,E,1017.0,30.03,0.04,0.0,63,25,38.0,100.4,10.0,6.0,6.0,20.1,32.3,181.9,37.2,0.5,0.5,1.8,9.5,1,1,05:33 AM,06:42 PM,10:57 AM,11:46 PM,Waxing Crescent,29,Normal
Timor-Leste,Dili,-8.5586,125.5736,Asia/Dili,1755763200,2025-08-21 17:00,25.5,77.8,Sunny,5.4,8.6,60,ENE,1011.0,29.85,0.0,0.0,64,11,26.8,80.3,10.0,6.0,1.2,6.2,9.9,196.1,62.0,2.96,0.925,15.355,19.61,1,2,06:45 AM,06:37 PM,05:01 AM,04:56 PM,Waning Crescent,8,Normal
Burundi,Bujumbura,-3.38,29.36,Africa/Bujumbura,1719754200,2024-06-30 15:30,29.2,84.6,Partly cloudy,13.6,22.0,180,S,1015.0,29.97,0.0,0.0,55,25,30.3,86.5,9.0,5.0,7.0,18.1,29.2,387.2,66.5,0.9,0.3,9.6,13.5,1,1,06:08 AM,06:04 PM,12:52 AM,01:10 PM,Waning Crescent,38,Normal
Bahamas,Nassau,25.0833,-77.35,America/Nassau,1733652900,2024-12-08 05:15,21.3,70.3,Clear,13.2,21.2,59,ENE,1022.0,30.17,0.0,0.0,64,0,21.3,70.3,10.0,6.0,0.0,17.1,27.5,257.15,97.0,1.48,0.925,11.47,18.685,1,1,06:43 AM,05:21 PM,12:28 PM,No moonset,First Quarter,45,Normal
Mauritius,Port Louis,-20.1619,57.4989,Indian/Mauritius,1743758100,2025-04-04 13:15,29.4,84.9,Partly cloudy,4.0,6.5,24,NNE,1013.0,29.91,0.14,0.01,70,50,32.8,91.1,10.0,6.0,9.8,4.8,7.8,199.8,47.0,6.105,2.59,8.695,12.765,1,1,06:18 AM,06:08 PM,12:30 PM,11:24 PM,Waxing Crescent,36,Normal
Sudan,Khartoum,15.5881,32.5342,Africa/Khartoum,1764831600,2025-12-04 09:00,27.6,81.7,Sunny,9.6,15.5,34,NE,1010.0,29.83,0.0,0.0,35,0,27.1,80.7,10.0,6.0,3.5,11.9,19.2,199.85,50.0,2.85,4.85,19.35,53.15,2,2,06:02 AM,05:18 PM,04:43 PM,05:14 AM,Waxing Gibbous,98,Normal
Fiji Islands,Suva,-18.1333,178.4167,Pacific/Fiji,1757924100,2025-09-15 20:15,23.2,73.8,Partly cloudy,9.6,15.5,112,ESE,1018.0,30.06,0.01,0.0,65,75,25.1,77.2,10.0,6.0,0.0,13.8,22.2,155.4,61.0,1.295,0.925,15.17,22.755,1,2,06:02 AM,06:01 PM,12:42 AM,11:46 AM,Waning Crescent,49,Normal
Denmark,Copenhagen,55.67,12.58,Europe/Copenhagen,1722428100,2024-07-31 14:15,20.5,68.9,Sunny,13.9,22.3,306,NW,1014.0,29.94,0.0,0.0,52,0,20.5,68.8,10.0,6.0,6.0,16.4,26.4,185.3,75.8,0.7,0.5,1.9,5.1,1,1,05:14 AM,09:17 PM,12:09 AM,07:32 PM,Waning Crescent,20,Normal
Bangladesh,Dhaka,23.72,90.41,Asia/Dhaka,1726143300,2024-09-12 18:15,32.9,91.2,Partly Cloudy,2.7,4.3,105,ESE,998.0,29.48,0.0,0.0,62,26,40.1,104.2,10.0,6.0,8.0,4.6,7.5,595.7,167.0,32.19,48.84,54.575,79.735,3,7,05:44 AM,06:05 PM,01:40 PM,No moonset,Waxing Gibbous,58,Normal
Ethiopia,Addis Ababa,9.0333,38.7,Africa/Addis_Ababa,1729674900,2024-10-23 12:15,20.1,68.2,Patchy rain nearby,6.0,9.7,129,SE,1015.0,29.98,0.04,0.0,53,74,20.1,68.2,10.0,6.0,12.5,7.0,11.2,377.4,78.0,1.11,2.22,17.575,42.365,2,2,06:13 AM,06:05 PM,11:51 PM,12:00 PM,Waning Gibbous,64,Normal
Guinea-Bissau,Bissau,11.85,-15.5833,Africa/Bissau,1742463900,2025-03-20 09:45,24.2,75.5,Sunny,6.3,10.1,203,SSW,1015.0,29.97,0.0,0.0,70,3,25.8,78.4,10.0,6.0,1.5,7.7,12.3,259.0,80.0,2.59,1.85,64.38,181.3,3,8,07:07 AM,07:13 PM,No moonrise,11:03 AM,Waning Gibbous,73,Normal
Turkey,Yaren,39.55,27.6167,Europe/Istanbul,1753000200,2025-07-20 11:30,30.2,86.4,Sunny,13.4,21.6,15,NNE,1009.0,29.8,0.0,0.0,43,0,28.0,82.4,10.0,6.0,7.3,15.4,24.8,257.15,75.0,5.18,2.405,11.1,15.54,1,1,05:59 AM,08:33 PM,01:13 AM,04:41 PM,Waning Crescent,29,Normal
Lesotho,Maseru,-29.3167,27.4833,Africa/Johannesburg,1731056400,2024-11-08 11:00,23.3,73.9,Partly cloudy,11.2,18.0,5,N,1025.0,30.27,0.0,0.0,47,25,24.5,76.1,10.0,6.0,10.6,12.9,20.7,360.75,73.0,5.92,19.425,24.79,35.705,2,3,05:11 AM,06:37 PM,10:38 AM,12:10 AM,Waxing Crescent,37,Normal
Turkey,Yaren,39.55,27.62,Europe/Istanbul,1719236700,2024-06-24 16:45,32.2,90.0,Sunny,12.5,20.2,350,N,1007.0,29.74,0.0,0.0,46,0,31.6,88.8,10.0,6.0,8.0,18.0,29.0,173.6,138.8,1.0,5.3,15.0,20.7,1,2,05:43 AM,08:41 PM,11:09 PM,07:46 AM,Waning Gibbous,95,Normal
Singapore,Singapore,1.2931,103.8558,Asia/Singapore,1738836900,2025-02-06 18:15,29.1,84.4,Partly cloudy,15.4,24.8,28,NNE,1008.0,29.77,0.01,0.0,58,75,32.9,91.3,10.0,6.0,0.6,21.8,35.1,658.6,76.0,41.44,12.025,29.415,37.37,2,3,07:17 AM,07:21 PM,01:41 PM,01:16 AM,Waxing Gibbous,54,Normal
Pakistan,Islamabad,33.7,73.1667,Asia/Karachi,1759219200,2025-09-30 13:00,32.5,90.5,Sunny,4.3,6.8,231,SW,1004.0,29.66,0.0,0.0,34,5,32.5,90.4,10.0,6.0,6.6,4.9,7.9,1080.85,43.0,50.75,8.75,26.55,27.45,2,3,06:01 AM,05:53 PM,01:45 PM,11:23 PM,First Quarter,48,Normal
Hungary,Budapest,47.5,19.0833,Europe/Budapest,1750495500,2025-06-21 10:45,22.1,71.8,Sunny,2.2,3.6,299,WNW,1025.0,30.27,0.0,0.0,35,0,22.9,73.1,10.0,6.0,5.0,6.7,10.8,279.35,75.0,4.625,1.48,8.88,13.505,1,1,04:46 AM,08:45 PM,01:27 AM,04:18 PM,Waning Crescent,27,Normal
Kenya,Nairobi,-1.28,36.82,Africa/Nairobi,1721220300,2024-07-17 15:45,22.1,71.8,Partly cloudy,2.2,3.6,10,N,1023.0,30.21,1.84,0.07,57,75,24.6,76.2,10.0,6.0,5.0,11.3,18.2,527.4,60.8,3.2,3.3,8.5,20.5,1,1,06:37 AM,06:40 PM,02:59 PM,02:37 AM,Waxing Gibbous,78,Normal
Sweden,Stockholm,59.33,18.05,Europe/Stockholm,1718977500,2024-06-21 15:45,21.2,70.2,Sunny,10.5,16.9,200,SSW,1014.0,29.94,0.0,0.0,49,0,21.2,70.2,10.0,6.0,5.0,11.8,19.0,186.9,67.2,8.3,8.8,0.8,2.1,1,1,03:31 AM,10:08 PM,11:04 PM,01:46 AM,Full Moon,99,Normal
Lithuania,Vilnius,54.68,25.32,Europe/Vilnius,1719665100,2024-06-29 15:45,25.4,77.7,Partly cloudy,11.9,19.1,270,W,1017.0,30.03,0.0,0.0,44,50,26.2,79.1,10.0,6.0,7.0,16.3,26.3,170.2,111.6,0.7,0.3,4.1,4.3,1,1,04:45 AM,09:59 PM,01:03 AM,02:19 PM,Waning Crescent,49,Normal
Bangladesh,Dhaka,23.7231,90.4086,Asia/Dhaka,1758268800,2025-09-19 14:00,33.9,93.1,Light rain shower,4.5,7.2,261,W,1003.0,29.61,0.35,0.01,54,96,40.0,104.1,10.0,6.0,5.0,5.3,8.6,678.95,45.0,57.535,53.65,68.635,71.78,4,9,05:46 AM,05:58 PM,03:17 AM,04:35 PM,Waning Crescent,10,Normal
Czech Republic,Prague,50.08,14.47,Europe/Prague,1718891100,2024-06-20 15:45,22.1,71.8,Sunny,8.1,13.0,80,E,1021.0,30.15,0.0,0.0,53,0,24.3,75.7,10.0,6.0,7.0,12.5,20.2,185.3,121.6,2.5,2.4,5.7,6.4,1,1,04:52 AM,09:16 PM,08:22 PM,02:58 AM,Waxing Gibbous,95,Normal
Niger,Niamey,13.5167,2.1167,Africa/Niamey,1747471500,2025-05-17 09:45,33.3,92.0,Sunny,11.9,19.1,105,ESE,1011.0,29.85,0.0,0.0,39,22,34.8,94.7,10.0,6.0,1.6,13.6,22.0,394.05,60.0,4.81,0.925,37.0,137.825,2,4,06:25 AM,07:11 PM,11:32 PM,10:08 AM,Waning Gibbous,84,Normal
Vietnam,Ban Lom,21.1333,104.7,Asia/Bangkok,1737109800,2025-01-17 17:30,21.5,70.8,Sunny,2.5,4.0,77,ENE,1014.0,29.95,0.0,0.0,49,5,21.5,70.8,10.0,6.0,0.2,2.8,4.6,925.0,126.0,3.33,48.47,81.585,82.88,4,10,06:41 AM,05:42 PM,08:51 PM,09:02 AM,Waning Gibbous,92,Normal
Kenya,Nairobi,-1.28,36.82,Africa/Nairobi,1721909700,2024-07-25 15:15,23.4,74.0,Patchy rain nearby,5.4,8.6,253,WSW,1012.0,29.89,0.02,0.0,50,81,24.9,76.7,10.0,6.0,6.0,6.2,9.9,587.5,54.4,6.4,4.6,8.6,23.4,1,1,06:37 AM,06:41 PM,10:28 PM,10:03 AM,Waning Gibbous,83,Normal
Botswana,Gaborone,-24.65,25.91,Africa/Gaborone,1727602200,2024-09-29 11:30,28.2,82.8,Sunny,7.2,11.5,246,WSW,1011.0,29.85,0.0,0.0,40,0,26.5,79.6,10.0,6.0,9.0,8.2,13.2,610.5,75.0,8.88,3.885,21.645,31.635,2,2,05:58 AM,06:15 PM,04:13 AM,03:36 PM,Waning Crescent,12,Normal
Ethiopia,Addis Ababa,9.0333,38.7,Africa/Addis_Ababa,1735208100,2024-12-26 13:15,21.4,70.5,Sunny,8.9,14.4,159,SSE,1014.0,29.96,0.0,0.0,38,5,21.4,70.5,10.0,6.0,9.8,10.3,16.6,488.4,89.0,1.665,3.885,28.675,66.6,2,3,06:38 AM,06:14 PM,02:34 AM,02:30 PM,Waning Crescent,24,Normal
Bangladesh,Dhaka,23.7231,90.4086,Asia/Dhaka,1757492100,2025-09-10 14:15,33.8,92.9,Patchy rain nearby,7.2,11.5,183,S,1003.0,29.63,0.01,0.0,53,76,39.6,103.2,10.0,6.0,2.7,8.6,13.9,462.5,29.0,33.485,26.825,38.665,43.475,2,4,05:43 AM,06:07 PM,07:49 PM,08:04 AM,Waning Gibbous,95,Normal
Bulgaria,Sofia,42.68,23.32,Europe/Sofia,1716645600,2024-05-25 17:00,23.0,73.4,Partly cloudy,15.0,24.1,50,NE,1017.0,30.03,0.09,0.0,44,50,25.0,76.9,10.0,6.0,4.0,19.5,31.3,180.2,104.4,0.7,0.2,1.7,2.8,1,1,05:56 AM,08:52 PM,11:24 PM,06:45 AM,Waning Gibbous,98,Normal
Myanmar,Yangon,16.7833,96.1667,Asia/Yangon,1732352400,2024-11-23 15:30,32.1,89.8,Partly cloudy,5.1,8.3,11,NNE,1009.0,29.8,0.0,0.0,67,50,36.1,96.9,7.0,4.0,2.0,6.6,10.7,974.95,112.0,5.55,16.095,38.665,38.85,2,4,06:14 AM,05:30 PM,No moonrise,12:35 PM,Last Quarter,53,Normal
Lithuania,Vilnius,54.6833,25.3167,Europe/Vilnius,1755245700,2025-08-15 11:15,22.4,72.3,Sunny,5.1,8.3,163,SSE,1026.0,30.3,0.0,0.0,57,0,24.6,76.2,10.0,6.0,4.1,5.9,9.5,310.8,42.0,12.95,0.555,8.14,9.25,1,1,05:55 AM,08:51 PM,10:23 PM,02:20 PM,Waning Gibbous,65,Normal
Burkina Faso,Ouagadougou,12.37,-1.52,Africa/Ouagadougou,1724242500,2024-08-21 12:15,29.5,85.1,Patchy rain nearby,12.1,19.4,200,SSW,1013.0,29.91,0.07,0.0,61,100,32.4,90.2,10.0,6.0,6.0,13.9,22.4,413.9,19.0,1.0,0.8,3.5,7.7,1,1,05:55 AM,06:23 PM,08:00 PM,07:27 AM,Waning Gibbous,98,Normal
Uganda,Kampala,0.3156,32.5656,Africa/Kampala,1738062000,2025-01-28 14:00,25.1,77.2,Partly cloudy,4.7,7.6,166,SSE,1017.0,30.03,0.0,0.0,69,25,24.6,76.3,10.0,6.0,6.9,5.4,8.7,638.25,115.0,2.59,2.59,45.14,53.28,3,5,07:00 AM,07:06 PM,05:52 AM,06:18 PM,Waning Crescent,3,Normal
Kenya,Nairobi,-1.2833,36.8167,Africa/Nairobi,1731575700,2024-11-14 12:15,22.0,71.6,Partly cloudy,7.6,12.2,94,E,1023.0,30.21,0.14,0.01,61,75,24.4,75.8,10.0,6.0,13.1,8.8,14.2,858.4,88.0,6.475,9.065,17.39,17.575,2,2,06:12 AM,06:22 PM,05:03 PM,04:32 AM,Waxing Gibbous,94,Normal
Nepal,Kathmandu,27.72,85.32,Asia/Kathmandu,1718028900,2024-06-10 20:00,27.4,81.3,Partly cloudy,8.1,13.0,250,WSW,1010.0,29.83,0.0,0.0,70,25,27.3,81.1,7.0,4.0,1.0,12.5,20.2,397.2,93.0,1.4,1.8,46.7,65.4,3,5,05:07 AM,06:59 PM,08:24 AM,10:33 PM,Waxing Crescent,13,Normal
Jamaica,Port Royal,17.9333,-76.85,America/Jamaica,1749977100,2025-06-15 03:45,28.3,82.9,Clear,4.3,6.8,52,NE,1016.0,30.0,0.0,0.0,66,25,34.7,94.4,10.0,6.0,0.0,8.9,14.4,791.8,50.0,4.81,2.59,18.685,37.0,2,2,05:32 AM,06:44 PM,10:32 PM,09:17 AM,Waning Gibbous,85,Normal
Greece,Athens,37.9795,23.7162,Europe/Athens,1747386000,2025-05-16 12:00,21.3,70.3,Sunny,13.0,20.9,140,SE,1006.0,29.71,0.0,0.0,53,25,21.3,70.3,10.0,6.0,6.2,14.9,24.0,262.7,84.0,14.43,2.22,17.02,26.455,2,2,06:14 AM,08:29 PM,No moonrise,08:30 AM,Waning Gibbous,91,Normal
Finland,Helsinki,60.18,24.93,Europe/Helsinki,1718891100,2024-06-20 16:45,20.4,68.7,Sunny,20.6,33.1,290,WNW,1008.0,29.77,0.0,0.0,37,0,20.4,68.7,10.0,6.0,5.0,23.6,38.1,163.6,73.7,1.2,0.6,0.5,1.1,1,1,03:54 AM,10:50 PM,10:25 PM,01:53 AM,Waxing Gibbous,95,Normal
Singapore,Singapore,1.2931,103.8558,Asia/Singapore,1751795100,2025-07-06 17:45,33.1,91.6,Partly cloudy,8.3,13.3,181,S,1008.0,29.77,0.0,0.0,49,75,42.6,108.7,10.0,6.0,2.1,10.9,17.6,510.6,57.0,41.625,13.69,26.825,27.75,2,3,07:04 AM,07:15 PM,03:25 PM,02:57 AM,Waxing Gibbous,76,Normal
Syria,Damascus,33.5,36.3,Asia/Damascus,1750150800,2025-06-17 12:00,27.2,81.0,Sunny,6.5,10.4,139,SE,1011.0,29.85,0.0,0.0,30,0,25.5,78.0,10.0,6.0,10.8,7.5,12.0,270.1,95.0,15.54,119.325,38.48,50.875,2,4,05:25 AM,07:47 PM,No moonrise,11:04 AM,Waning Gibbous,71,Normal
United Arab Emirates,Abu Dhabi,24.4667,54.3667,Asia/Dubai,1772606700,2026-03-04 10:45,26.1,79.0,Sunny,18.6,29.9,355,N,1014.0,29.94,0.0,0.0,70,25,28.4,83.0,10.0,6.0,4.4,26.4,42.5,162.85,46.0,24.95,7.85,33.45,64.15,2,3,06:42 AM,06:26 PM,07:26 PM,07:05 AM,Waning Gibbous,100,Normal
Zambia,Lusaka,-15.4167,28.2833,Africa/Lusaka,1743670800,2025-04-03 11:00,25.7,78.3,Sunny,11.6,18.7,89,E,1016.0,29.99,0.0,0.0,55,20,26.6,80.0,10.0,6.0,11.6,13.4,21.5,275.65,47.0,0.74,1.48,5.735,6.105,1,1,06:12 AM,06:07 PM,11:18 AM,10:36 PM,Waxing Crescent,27,Normal
Central African Republic,Bangui,4.3667,18.5833,Africa/Bangui,1744190100,2025-04-09 10:15,34.3,93.7,Partly cloudy,3.4,5.4,174,S,1014.0,29.94,0.0,0.0,53,25,35.6,96.1,10.0,6.0,7.9,3.9,6.2,444.0,45.0,1.295,0.185,35.52,60.125,2,3,05:42 AM,05:53 PM,03:30 PM,03:14 AM,Waxing Gibbous,86,Normal
Niger,Niamey,13.6667,1.7833,Africa/Niamey,1766041200,2025-12-18 08:00,20.2,68.4,Overcast,8.7,14.0,94,E,1012.0,29.88,0.0,0.0,35,0,20.2,68.4,4.5,2.0,0.2,18.3,29.5,147.85,34.0,5.65,1.45,28.35,85.15,2,3,07:10 AM,06:29 PM,05:45 AM,05:11 PM,Waning Crescent,4,Normal
Kuwait,Kuwait City,29.3667,47.96,Asia/Kuwait,1730710800,2024-11-04 12:00,28.8,83.9,Sunny,4.9,7.9,129,SE,1013.0,29.9,0.0,0.0,45,8,29.3,84.7,10.0,6.0,4.8,7.1,11.4,691.9,73.0,99.715,40.33,109.335,205.535,4,10,06:04 AM,05:00 PM,08:41 AM,06:45 PM,Waxing Crescent,6,Normal
Malaysia,Kuala Lumpur,3.1667,101.7,Asia/Kuala_Lumpur,1765005300,2025-12-06 15:15,31.1,88.0,Patchy light rain with thunder,2.2,3.6,71,ENE,1010.0,29.83,1.88,0.07,66,25,38.1,100.6,10.0,6.0,9.0,6.7,10.8,666.85,15.0,47.05,22.15,28.45,28.65,2,3,07:06 AM,07:03 PM,08:35 PM,08:14 AM,Waning Gibbous,99,Normal
Japan,Tokyo,35.69,139.69,Asia/Tokyo,1722428100,2024-07-31 21:15,28.7,83.6,Patchy light drizzle,5.4,8.6,157,SSE,1005.0,29.69,0.26,0.01,67,80,31.7,89.0,5.0,3.0,1.0,7.7,12.3,467.3,19.7,108.3,35.3,34.4,37.7,2,3,04:48 AM,06:46 PM,12:14 AM,03:40 PM,Waning Crescent,20,Normal
Seychelles Islands,Victoria,-4.6167,55.45,Indian/Mahe,1731575700,2024-11-14 13:15,30.2,86.4,Partly cloudy,8.9,14.4,263,W,1009.0,29.8,0.0,0.0,70,50,36.6,97.9,10.0,6.0,12.3,11.9,19.2,203.5,46.0,2.405,2.59,7.4,11.1,1,1,05:53 AM,06:12 PM,04:49 PM,04:12 AM,Waxing Gibbous,94,Normal
Cape Verde,Praia,14.93,-23.51,Atlantic/Cape_Verde,1721479500,2024-07-20 11:45,29.3,84.7,Partly cloudy,12.5,20.2,100,E,1014.0,29.94,0.0,0.0,70,50,35.0,95.0,10.0,6.0,7.0,17.0,27.4,212.0,52.2,0.7,0.4,12.6,46.5,1,2,06:14 AM,07:07 PM,06:41 PM,05:03 AM,Waxing Gibbous,97,Normal
Sudan,Juba,12.15,24.45,Africa/Khartoum,1758182400,2025-09-18 10:00,29.1,84.3,Sunny,5.8,9.4,262,W,1011.0,29.86,0.0,0.0,54,4,30.6,87.1,10.0,6.0,6.8,6.7,10.8,342.25,48.0,7.955,2.22,22.385,54.02,2,2,06:11 AM,06:21 PM,03:13 AM,04:12 PM,Waning Crescent,15,Normal
Mauritius,Port Louis,-20.1619,57.4989,Indian/Mauritius,1749373200,2025-06-08 13:00,26.0,78.8,Patchy rain nearby,17.4,28.1,105,ESE,1024.0,30.24,0.05,0.0,48,25,27.4,81.3,10.0,6.0,5.6,21.2,34.2,151.7,70.0,2.59,2.035,11.47,17.76,1,1,06:41 AM,05:38 PM,03:21 PM,03:59 AM,Waxing Gibbous,89,Normal
Seychelles Islands,Victoria,-4.6167,55.45,Indian/Mahe,1760256000,2025-10-12 12:00,29.3,84.7,Partly Cloudy,6.5,10.4,104,ESE,1012.0,29.88,0.0,0.0,62,25,34.1,93.5,10.0,6.0,14.2,8.7,14.0,95.85,53.0,1.85,1.85,6.75,9.85,1,1,05:59 AM,06:10 PM,11:37 PM,10:43 AM,Waning Gibbous,71,Normal
Angola,Luanda,-8.84,13.23,Africa/Luanda,1723119300,2024-08-08 13:15,23.2,73.7,Sunny,14.3,23.0,260,W,1013.0,29.9,0.0,0.0,68,0,25.1,77.1,10.0,6.0,7.0,18.3,29.4,794.4,101.6,17.0,7.6,30.3,64.9,2,3,06:19 AM,06:06 PM,08:57 AM,09:16 PM,Waxing Crescent,11,Normal
Paraguay,Aurora,-23.4333,-61.3333,America/Argentina/Cordoba,1739872800,2025-02-18 07:00,28.5,83.4,Patchy rain nearby,2.2,3.6,30,NNE,1008.0,29.78,0.62,0.02,60,79,30.5,86.9,9.0,5.0,0.0,3.8,6.0,263.481,36.0,1.678,0.168,7.72,7.72,1,1,06:55 AM,07:43 PM,11:11 PM,11:55 AM,Waning Gibbous,74,Normal
Burundi,Bujumbura,-3.3761,29.36,Africa/Bujumbura,1759559400,2025-10-04 08:30,23.9,75.1,Patchy rain nearby,2.7,4.3,355,N,1015.0,29.98,0.01,0.0,64,77,25.5,77.9,10.0,6.0,1.8,3.1,5.0,393.85,51.0,5.35,1.65,25.65,25.85,2,3,05:47 AM,05:56 PM,03:42 PM,03:22 AM,Waxing Gibbous,86,Normal
Hungary,Budapest,47.5,19.0833,Europe/Budapest,1754640900,2025-08-08 10:15,25.0,77.0,Sunny,6.3,10.1,203,SSW,1022.0,30.18,0.0,0.0,32,0,23.8,74.8,10.0,6.0,4.6,7.2,11.6,308.95,63.0,23.68,2.775,12.395,21.83,1,2,05:31 AM,08:07 PM,08:05 PM,03:53 AM,Waxing Gibbous,98,Normal
Ethiopia,Addis Ababa,9.0333,38.7,Africa/Addis_Ababa,1730278800,2024-10-30 12:00,20.1,68.2,Partly cloudy,5.8,9.4,154,SSE,1027.0,30.33,0.04,0.0,56,75,20.1,68.2,10.0,6.0,12.4,6.7,10.8,714.1,80.0,1.11,3.33,21.46,71.41,2,2,06:14 AM,06:03 PM,04:30 AM,04:41 PM,Waning Crescent,6,Normal
San Marino,San Marino,43.93,12.45,Europe/Rome,1721306700,2024-07-18 14:45,31.1,88.0,Sunny,10.5,16.9,50,NE,1017.0,30.03,0.0,0.0,55,0,33.1,91.6,10.0,6.0,7.0,10.8,17.4,201.9,128.8,0.8,1.1,7.5,9.9,1,1,05:45 AM,08:48 PM,06:47 PM,02:08 AM,Waxing Gibbous,86,Normal
Sudan,Juba,12.15,24.45,Africa/Khartoum,1744104600,2025-04-08 11:30,31.5,88.8,Partly Cloudy,6.7,10.8,197,SSW,1014.0,29.93,0.0,0.0,36,47,31.6,88.9,10.0,6.0,8.3,7.7,12.4,432.9,54.0,2.035,0.555,65.675,229.955,4,9,06:14 AM,06:34 PM,03:14 PM,03:18 AM,Waxing Gibbous,78,Normal
Sweden,Stockholm,59.33,18.05,Europe/Stockholm,1719236700,2024-06-24 15:45,25.2,77.4,Sunny,4.3,6.8,270,W,1018.0,30.06,0.0,0.0,36,0,25.9,78.7,10.0,6.0,6.0,9.3,14.9,207.0,76.5,15.1,17.2,3.9,6.3,1,1,03:32 AM,10:08 PM,12:14 AM,05:24 AM,Waning Gibbous,95,Normal
Chad,N'djamena,12.1131,15.0492,Africa/Ndjamena,1760256000,2025-10-12 09:00,28.3,82.9,Sunny,8.7,14.0,210,SSW,1012.0,29.88,0.0,0.0,70,25,29.6,85.2,8.0,4.0,3.4,10.0,16.2,231.85,60.0,3.95,1.55,14.65,27.95,1,2,05:50 AM,05:43 PM,10:47 PM,11:11 AM,Waning Gibbous,70,Normal
Bulgaria,Sofia,42.6833,23.3167,Europe/Sofia,1757492100,2025-09-10 11:15,22.4,72.3,Partly Cloudy,2.2,3.6,154,SSE,1019.0,30.09,0.0,0.0,43,0,23.2,73.8,10.0,6.0,4.1,6.7,10.8,638.25,44.0,55.5,14.985,32.93,45.51,2,3,07:01 AM,07:46 PM,08:55 PM,10:08 AM,Waning Gibbous,94,Normal
Mozambique,Maputo,-25.9653,32.5892,Africa/Maputo,1747645200,2025-05-19 11:00,25.4,77.7,Partly cloudy,8.1,13.0,10,N,1017.0,30.03,0.0,0.0,69,75,26.4,79.5,10.0,6.0,5.0,9.3,15.0,381.1,71.0,5.365,5.55,33.485,35.52,2,3,06:22 AM,05:10 PM,11:04 PM,11:54 AM,Waning Gibbous,67,Normal
Vietnam,Hanoi,21.0333,105.85,Asia/Bangkok,1770710400,2026-02-10 15:00,21.3,70.3,Partly cloudy,4.0,6.5,106,ESE,1017.0,30.03,0.0,0.0,69,75,21.3,70.3,8.0,4.0,4.1,4.6,7.5,2324.85,2.0,58.15,57.55,137.25,138.65,4,10,06:30 AM,05:52 PM,12:34 AM,11:34 AM,Waning Crescent,48,Normal
Sri Lanka,Colombo,6.93,79.85,Asia/Colombo,1724848200,2024-08-28 18:00,30.2,86.4,Partly cloudy,15.0,24.1,250,WSW,1010.0,29.83,0.85,0.03,70,25,38.7,101.7,10.0,6.0,1.0,17.0,27.4,340.5,34.0,8.2,3.3,2.2,4.5,1,1,06:04 AM,06:19 PM,12:57 AM,01:56 PM,Waning Crescent,33,Normal
Egypt,Cairo,30.05,31.25,Africa/Cairo,1748681100,2025-05-31 11:45,27.4,81.3,Sunny,8.1,13.0,253,WSW,1009.0,29.8,0.0,0.0,42,0,26.3,79.4,10.0,6.0,7.4,9.3,14.9,334.85,74.0,27.565,52.17,33.485,108.41,2,3,05:55 AM,07:51 PM,10:02 AM,No moonset,Waxing Crescent,18,Normal
Mexico,Mexico City,19.4285,-99.1277,America/Mexico_City,1746693900,2025-05-08 02:45,20.4,68.8,Clear,2.2,3.6,98,E,1014.0,29.95,0.0,0.0,41,0,20.4,68.8,10.0,6.0,0.0,6.7,10.8,1030.45,58.0,81.4,36.815,66.415,66.415,4,9,06:04 AM,07:02 PM,04:00 PM,03:33 AM,Waxing Gibbous,83,Normal
Jordan,Amman,31.95,35.9333,Asia/Amman,1747214100,2025-05-14 12:15,22.2,72.0,Partly cloudy,15.2,24.5,256,WSW,1014.0,29.94,0.0,0.0,38,50,24.0,75.1,6.0,3.0,8.8,17.5,28.2,201.65,82.0,5.18,9.435,30.71,113.405,2,3,05:40 AM,07:26 PM,09:24 PM,06:21 AM,Waning Gibbous,99,Normal
Mauritius,Port Louis,-20.1619,57.4989,Indian/Mauritius,1769324400,2026-01-25 11:00,29.1,84.4,Partly cloudy,9.8,15.8,54,NE,1014.0,29.94,0.06,0.0,70,50,32.7,90.8,10.0,6.0,11.6,11.3,18.2,82.85,28.0,3.45,2.05,6.55,8.95,1,1,05:50 AM,06:55 PM,11:34 AM,11:14 PM,Waxing Crescent,35,Normal
Belgium,Brussels,50.8333,4.3333,Europe/Brussels,1755073800,2025-08-13 10:30,23.1,73.6,Sunny,6.7,10.8,228,SW,1016.0,30.0,0.0,0.0,65,0,24.6,76.2,10.0,6.0,2.2,7.7,12.4,316.35,70.0,34.225,2.035,24.05,45.325,2,3,06:27 AM,09:07 PM,10:31 PM,11:37 AM,Waning Gibbous,85,Normal
Namibia,Windhoek,-22.5717,17.0822,Africa/Windhoek,1735296300,2024-12-27 12:45,24.3,75.8,Partly Cloudy,5.4,8.6,317,NW,1013.0,29.92,0.0,0.0,46,52,25.2,77.4,10.0,6.0,4.1,6.2,9.9,227.55,66.0,0.37,0.555,7.77,8.14,1,1,06:07 AM,07:39 PM,02:58 AM,04:43 PM,Waning Crescent,16,Normal
Tonga,Nuku`Aloia,-21.13,-175.2,Pacific/Tongatapu,1722170700,2024-07-29 01:45,21.4,70.5,Patchy rain nearby,22.1,35.6,165,SSE,1015.0,29.98,0.01,0.0,57,70,21.4,70.5,10.0,6.0,1.0,28.4,45.8,223.6,68.0,0.1,0.1,1.6,7.6,1,1,07:14 AM,06:21 PM,12:13 AM,11:54 AM,Last Quarter,51,Normal
Nigeria,Abuja,9.1758,7.1808,Africa/Lagos,1730020500,2024-10-27 10:15,30.3,86.5,Partly cloudy,2.7,4.3,217,SW,1014.0,29.94,0.0,0.0,70,50,34.1,93.3,10.0,6.0,4.8,3.1,5.0,1243.2,88.0,11.47,2.96,61.42,116.365,3,8,06:20 AM,06:10 PM,02:31 AM,03:05 PM,Waning Crescent,25,Normal
Malawi,Lilongwe,-13.98,33.78,Africa/Blantyre,1717682400,2024-06-06 16:00,26.0,78.8,Partly cloudy,9.4,15.1,60,ENE,1021.0,30.15,0.0,0.0,37,25,25.4,77.6,10.0,6.0,8.0,13.9,22.3,233.7,46.5,0.3,0.3,4.2,6.3,1,1,06:04 AM,05:24 PM,05:50 AM,05:18 PM,New Moon,0,Normal
Tanzania,Dodoma,-6.18,35.75,Africa/Dar_es_Salaam,1719494100,2024-06-27 16:15,26.1,79.0,Partly cloudy,13.6,22.0,90,E,1020.0,30.12,0.0,0.0,42,50,26.1,79.1,10.0,6.0,7.0,18.1,29.2,217.0,47.9,0.4,0.1,1.4,2.1,1,1,06:47 AM,06:33 PM,11:46 PM,11:27 AM,Waning Gibbous,71,Normal
Seychelles Islands,Victoria,-4.6167,55.45,Indian/Mahe,1752741900,2025-07-17 12:45,28.3,82.9,Patchy rain nearby,19.7,31.7,160,SSE,1013.0,29.91,0.01,0.0,66,25,32.6,90.6,10.0,6.0,10.8,26.8,43.2,151.7,70.0,1.48,1.48,14.615,23.31,1,2,06:28 AM,06:21 PM,12:00 AM,11:28 AM,Waning Gibbous,63,Normal
Hungary,Budapest,47.5,19.0833,Europe/Budapest,1758440700,2025-09-21 09:45,22.1,71.8,Sunny,8.1,13.0,129,SE,1020.0,30.12,0.0,0.0,61,0,24.2,75.5,10.0,6.0,1.3,9.3,14.9,294.15,43.0,18.13,2.035,17.575,25.715,2,2,06:29 AM,06:43 PM,05:54 AM,06:30 PM,New Moon,1,Normal
Marshall Islands,Majuro,7.1,171.3833,Pacific/Majuro,1735469100,2024-12-29 22:45,29.3,84.7,Partly cloudy,21.3,34.2,65,ENE,1011.0,29.85,0.0,0.0,70,75,33.8,92.8,24.0,14.0,0.0,28.6,46.0,164.65,63.0,0.0,2.405,22.755,33.855,2,2,06:45 AM,06:28 PM,04:53 AM,04:49 PM,Waning Crescent,6,Normal
Lebanon,Beirut,33.87,35.51,Asia/Beirut,1721997000,2024-07-26 15:30,27.9,82.3,Sunny,15.9,25.6,226,SW,1003.0,29.63,0.0,0.0,64,0,30.1,86.1,10.0,6.0,7.0,20.1,32.3,188.6,91.6,0.4,1.0,9.7,24.5,1,1,05:46 AM,07:43 PM,11:01 PM,11:08 AM,Waning Gibbous,74,Normal
Brunei Darussalam,Bandar Seri Begawan,4.8833,114.9333,Asia/Brunei,1729761300,2024-10-24 17:15,30.1,86.2,Partly cloudy,11.2,18.0,246,WSW,1008.0,29.77,0.05,0.0,70,75,35.7,96.2,10.0,6.0,0.5,17.1,27.5,381.1,54.0,1.295,2.035,12.025,18.87,1,2,06:05 AM,06:04 PM,No moonrise,12:27 PM,Last Quarter,53,Normal
Sudan,Khartoum,15.5881,32.5342,Africa/Khartoum,1755682200,2025-08-20 11:30,24.7,76.5,Patchy light drizzle,17.9,28.8,188,S,1012.0,29.87,0.19,0.01,68,77,26.3,79.3,5.0,3.0,2.9,21.8,35.1,447.7,62.0,2.775,1.11,20.72,72.705,2,2,05:36 AM,06:10 PM,02:40 AM,04:13 PM,Waning Crescent,13,Normal
Lesotho,Maseru,-29.3167,27.4833,Africa/Johannesburg,1740564000,2025-02-26 12:00,24.1,75.4,Partly cloudy,6.0,9.7,259,W,1022.0,30.18,0.0,0.0,44,25,24.4,75.9,10.0,6.0,13.2,7.0,11.2,260.85,81.0,1.295,2.035,8.88,9.25,1,1,06:00 AM,06:46 PM,03:58 AM,05:58 PM,Waning Crescent,6,Normal
Bolivia,National,-11.18,-67.08,America/La_Paz,1717768800,2024-06-07 10:00,30.3,86.6,Sunny,2.2,3.6,133,SE,1017.0,30.02,0.0,0.0,43,9,30.9,87.6,10.0,6.0,9.0,6.7,10.8,153.5,3.7,0.0,0.0,3.3,3.4,1,1,06:43 AM,06:12 PM,07:46 AM,07:23 PM,Waxing Crescent,0,Normal
Timor-Leste,Dili,-8.56,125.57,Asia/Dili,1720701900,2024-07-11 21:45,23.5,74.2,Clear,6.3,10.1,178,S,1013.0,29.91,0.0,0.0,68,5,25.3,77.5,10.0,6.0,1.0,8.8,14.2,230.3,31.1,0.4,0.1,0.6,1.2,1,1,06:54 AM,06:33 PM,10:43 AM,10:55 PM,Waxing Crescent,23,Normal
Madagascar,Ivory,-24.3667,46.45,Indian/Antananarivo,1747731600,2025-05-20 12:00,27.9,82.2,Sunny,4.9,7.9,58,ENE,1014.0,29.96,0.0,0.0,45,2,28.2,82.8,10.0,6.0,6.2,5.7,9.3,175.75,48.0,1.48,0.37,7.215,9.25,1,1,06:25 AM,05:17 PM,No moonrise,12:32 PM,Last Quarter,57,Normal
Vanuatu,Port Vila,-17.73,168.32,Pacific/Efate,1723119300,2024-08-08 23:15,22.7,72.8,Patchy rain nearby,14.8,23.8,104,ESE,1018.0,30.07,0.04,0.0,69,97,24.8,76.7,10.0,6.0,1.0,20.8,33.4,213.6,69.4,0.2,0.2,3.1,13.0,1,1,06:10 AM,05:35 PM,08:24 AM,08:37 PM,Waxing Crescent,11,Normal
Mauritius,Port Louis,-20.1619,57.4989,Indian/Mauritius,1759645800,2025-10-05 10:30,27.3,81.1,Overcast,2.2,3.6,233,SW,1019.0,30.09,0.42,0.02,66,50,29.0,84.2,10.0,6.0,7.8,2.3,3.8,224.85,30.0,14.85,6.95,9.85,11.55,1,1,05:48 AM,06:09 PM,04:31 PM,04:22 AM,Waxing Gibbous,93,Normal
Albania,Tirana,41.3275,19.8189,Europe/Tirane,1757750400,2025-09-13 10:00,25.4,77.7,Sunny,3.4,5.4,288,WNW,1018.0,30.06,0.0,0.0,61,0,25.6,78.0,10.0,6.0,3.6,3.9,6.2,262.7,59.0,18.685,12.58,21.275,28.305,2,2,06:19 AM,06:53 PM,10:05 PM,01:16 PM,Waning Gibbous,67,Normal
Thailand,Bangkok,13.75,100.52,Asia/Bangkok,1720962900,2024-07-14 20:15,30.4,86.7,Moderate or heavy rain with thunder,16.1,25.9,230,SW,1005.0,29.68,0.0,0.0,70,50,36.9,98.4,10.0,6.0,1.0,20.6,33.1,2483.4,0.0,27.4,27.9,40.9,64.7,3,4,05:58 AM,06:50 PM,12:31 PM,No moonset,Waxing Gibbous,50,Normal
Syria,Damascus,33.5,36.3,Asia/Damascus,1750928400,2025-06-26 12:00,30.4,86.7,Sunny,7.6,12.2,154,SSE,1009.0,29.8,0.0,0.0,33,0,28.2,82.7,10.0,6.0,11.7,8.7,14.1,281.2,99.0,26.825,111.925,34.595,39.035,2,3,05:27 AM,07:49 PM,06:01 AM,09:11 PM,Waxing Crescent,0,Normal
Thailand,Bangkok,13.75,100.5167,Asia/Bangkok,1742981400,2025-03-26 16:30,34.1,93.4,Partly cloudy,12.3,19.8,168,SSE,1003.0,29.62,0.0,0.0,56,25,36.2,97.1,9.0,5.0,2.5,14.2,22.8,1391.2,113.0,14.985,9.62,60.865,64.38,3,8,06:18 AM,06:29 PM,03:45 AM,03:32 PM,Waning Crescent,18,Normal
Vietnam,Hanoi,21.0333,105.85,Asia/Bangkok,1742723100,2025-03-23 16:45,27.2,81.0,Partly cloudy,10.7,17.3,147,SSE,1013.0,29.91,0.0,0.0,51,25,27.2,80.9,10.0,6.0,1.2,12.3,19.9,1024.9,103.0,47.545,48.47,167.98,175.75,5,10,05:58 AM,06:08 PM,01:09 AM,11:56 AM,Waning Crescent,48,Normal
Indonesia,Laos,-8.1826,114.3188,Asia/Jakarta,1764745200,2025-12-03 14:00,30.1,86.3,Patchy rain nearby,5.6,9.0,167,SSE,1009.0,29.79,0.15,0.01,66,81,34.4,94.0,9.0,5.0,7.3,6.6,10.7,311.85,64.0,5.85,2.95,26.05,28.45,2,3,04:55 AM,05:30 PM,03:46 PM,02:49 AM,Waxing Gibbous,92,Normal
Ethiopia,Addis Ababa,9.0333,38.7,Africa/Addis_Ababa,1749546000,2025-06-10 12:00,22.1,71.8,Sunny,3.6,5.8,34,NE,1027.0,30.33,0.0,0.0,53,25,22.1,71.8,10.0,6.0,12.2,4.1,6.6,666.0,111.0,2.59,5.735,48.285,119.695,3,6,06:05 AM,06:44 PM,06:07 PM,05:03 AM,Waxing Gibbous,98,Normal
Thailand,Nan,18.7833,100.7833,Asia/Bangkok,1766991600,2025-12-29 14:00,28.1,82.6,Sunny,3.6,5.8,134,SE,1013.0,29.91,0.0,0.0,48,0,28.5,83.2,10.0,6.0,5.4,4.1,6.6,356.85,13.0,18.75,2.35,15.15,15.15,1,2,06:48 AM,05:50 PM,01:00 PM,01:08 AM,Waxing Gibbous,60,Normal
South Africa,Pretoria,-25.75,28.19,Africa/Johannesburg,1716646500,2024-05-25 16:15,22.0,71.6,Sunny,11.9,19.1,10,N,1026.0,30.3,0.0,0.0,33,0,22.1,71.7,10.0,6.0,7.0,16.3,26.3,390.5,101.6,3.6,20.0,42.3,50.6,3,5,06:43 AM,05:26 PM,06:56 PM,08:30 AM,Waning Gibbous,98,Normal
Oman,Muscat,23.6133,58.5933,Asia/Muscat,1730625300,2024-11-03 13:15,31.4,88.5,Sunny,5.1,8.3,348,NNW,1013.0,29.91,0.0,0.0,36,0,31.3,88.4,10.0,6.0,6.5,6.2,10.0,395.9,73.0,28.675,28.49,31.08,85.84,2,3,06:12 AM,05:26 PM,07:44 AM,06:31 PM,Waxing Crescent,2,Normal
Israel,Jerusalem,31.78,35.23,Asia/Jerusalem,1750496400,2025-06-21 12:00,30.2,86.4,Sunny,5.8,9.4,296,WNW,1010.0,29.83,0.0,0.0,52,0,28.2,82.8,10.0,6.0,11.7,7.1,11.5,236.8,105.0,11.285,10.73,23.125,30.895,2,2,05:34 AM,07:48 PM,01:48 AM,03:34 PM,Waning Crescent,27,Normal
Myanmar,Yangon,16.7833,96.1667,Asia/Yangon,1744017300,2025-04-07 15:45,28.4,83.1,Partly cloudy,6.3,10.1,170,S,1009.0,29.8,0.38,0.02,70,75,28.0,82.4,7.0,4.0,2.7,7.3,11.7,630.85,100.0,5.365,5.735,39.22,40.33,2,4,05:56 AM,06:19 PM,01:49 PM,02:18 AM,Waxing Gibbous,67,Normal
Djibouti,Djibouti,11.595,43.1481,Africa/Djibouti,1732524300,2024-11-25 11:45,27.9,82.2,Sunny,12.1,19.4,113,ESE,1013.0,29.92,0.0,0.0,57,3,29.3,84.7,10.0,6.0,7.1,15.7,25.3,353.35,86.0,2.035,2.59,33.115,67.71,2,3,06:09 AM,05:41 PM,01:26 AM,01:48 PM,Waning Crescent,33,Normal
Pakistan,Islamabad,33.7,73.1667,Asia/Karachi,1759911300,2025-10-08 13:15,25.6,78.0,Sunny,4.0,6.5,254,WSW,1013.0,29.91,0.0,0.0,42,6,25.8,78.5,10.0,6.0,5.6,4.6,7.5,1156.85,26.0,37.05,6.25,19.75,20.35,2,2,06:07 AM,05:43 PM,06:17 PM,07:17 AM,Waning Gibbous,99,Normal
Lithuania,Vilnius,54.6833,25.3167,Europe/Vilnius,1754123400,2025-08-02 11:30,21.0,69.8,Patchy rain nearby,9.2,14.8,187,S,1012.0,29.88,0.07,0.0,69,25,21.0,69.8,10.0,6.0,4.2,10.6,17.0,294.15,61.0,6.475,1.665,13.505,18.87,1,2,05:31 AM,09:18 PM,04:10 PM,11:25 PM,Waxing Gibbous,53,Normal
Nepal,Kathmandu,27.7167,85.3167,Asia/Kathmandu,1730106900,2024-10-28 15:00,23.3,74.0,Patchy rain nearby,3.6,5.8,292,WNW,1008.0,29.77,0.02,0.0,63,81,25.1,77.2,10.0,6.0,1.3,4.1,6.6,588.3,128.0,4.625,9.065,33.855,50.69,2,3,06:12 AM,05:23 PM,02:26 AM,03:13 PM,Waning Crescent,17,Normal
Bulgaria,Lom,43.8139,23.2361,Europe/Sofia,1758009600,2025-09-16 11:00,22.1,71.8,Sunny,3.8,6.1,48,NE,1020.0,30.12,0.0,0.0,50,0,23.1,73.6,10.0,6.0,3.5,4.4,7.1,273.8,45.0,8.51,1.48,9.065,11.1,1,1,07:08 AM,07:36 PM,12:41 AM,05:11 PM,Waning Crescent,34,Normal
Cape Verde,Praia,14.93,-23.51,Atlantic/Cape_Verde,1720271700,2024-07-06 12:15,27.2,81.0,Overcast,16.1,25.9,20,NNE,1012.0,29.88,0.0,0.0,62,100,29.8,85.6,10.0,6.0,6.0,20.6,33.1,163.6,65.1,0.2,0.4,10.2,39.1,1,1,06:09 AM,07:08 PM,06:30 AM,07:59 PM,Waxing Crescent,0,Normal
Indonesia,Jakarta,-6.2146,106.8451,Asia/Jakarta,1730452500,2024-11-01 16:15,33.1,91.6,Partly cloudy,10.7,17.3,351,N,1007.0,29.74,0.0,0.0,56,25,37.4,99.3,9.0,5.0,9.0,12.3,19.9,8369.4,86.0,150.96,165.39,223.11,323.01,5,10,05:27 AM,05:46 PM,05:01 AM,05:36 PM,New Moon,0,Normal
Mauritius,Port Louis,-20.1619,57.4989,Indian/Mauritius,1737021600,2025-01-16 14:00,30.4,86.7,Partly cloudy,15.2,24.5,88,E,1014.0,29.94,0.0,0.0,66,75,33.6,92.4,10.0,6.0,10.1,17.5,28.2,164.65,36.0,1.48,2.035,10.36,15.54,1,1,05:44 AM,06:56 PM,08:58 PM,07:47 AM,Waning Gibbous,96,Normal
Nicaragua,Managua,12.15,-86.27,America/Managua,1716991200,2024-05-29 08:00,29.0,84.2,Partly cloudy,4.3,6.8,70,ENE,1012.0,29.87,0.0,0.0,70,25,31.5,88.6,10.0,6.0,7.0,12.3,19.9,307.1,34.0,2.7,4.0,2.1,3.4,1,1,05:19 AM,06:06 PM,11:50 PM,10:55 AM,Waning Gibbous,69,Normal
Rwanda,Kigali,-1.9536,30.0606,Africa/Kigali,1758010500,2025-09-16 10:15,21.3,70.3,Partly Cloudy,2.5,4.0,127,SE,1022.0,30.18,0.0,0.0,64,0,21.3,70.3,10.0,6.0,8.9,2.8,4.6,727.05,77.0,4.81,3.885,56.795,57.165,3,7,05:52 AM,05:58 PM,01:23 AM,01:43 PM,Waning Crescent,34,Normal
Kenya,Nairobi,-1.2833,36.8167,Africa/Nairobi,1738836900,2025-02-06 13:15,23.3,73.9,Partly cloudy,8.7,14.0,64,ENE,1020.0,30.12,0.0,0.0,41,25,24.0,75.1,10.0,6.0,14.4,10.0,16.2,558.7,114.0,4.255,7.955,20.35,26.27,2,2,06:42 AM,06:52 PM,01:25 PM,12:50 AM,Waxing Gibbous,56,Normal
Uganda,Kampala,0.3156,32.5656,Africa/Kampala,1760600700,2025-10-16 10:45,25.3,77.5,Sunny,4.5,7.2,11,NNE,1017.0,30.03,0.0,0.0,69,25,25.7,78.2,10.0,6.0,6.1,5.1,8.3,174.85,40.0,4.85,1.95,20.25,20.35,2,2,06:32 AM,06:38 PM,02:45 AM,03:07 PM,Waning Crescent,28,Normal
France,Paris,48.87,2.33,Europe/Paris,1717856100,2024-06-08 16:15,21.2,70.2,Partly cloudy,9.4,15.1,320,NW,1013.0,29.91,0.0,0.0,46,75,21.2,70.2,10.0,6.0,6.0,11.8,19.0,176.9,97.3,2.2,1.9,3.8,5.8,1,1,05:48 AM,09:52 PM,06:53 AM,No moonset,Waxing Crescent,3,Normal
South Korea,Seoul,37.5664,126.9997,Asia/Seoul,1755850500,2025-08-22 17:15,33.2,91.8,Sunny,9.4,15.1,252,WSW,1008.0,29.77,0.0,0.0,59,25,38.3,100.9,10.0,6.0,1.4,10.8,17.4,490.25,11.0,90.28,77.7,59.94,62.16,3,8,05:54 AM,07:16 PM,04:23 AM,06:54 PM,Waning Crescent,3,Normal
Kenya,Nairobi,-1.28,36.82,Africa/Nairobi,1720183500,2024-07-05 15:45,25.1,77.2,Partly cloudy,10.5,16.9,60,ENE,1021.0,30.15,0.01,0.0,41,75,26.3,79.3,10.0,6.0,6.0,15.0,24.1,867.8,31.5,11.5,8.5,14.4,35.4,1,2,06:36 AM,06:39 PM,05:57 AM,06:19 PM,New Moon,1,Normal
Mauritius,Port Louis,-20.1619,57.4989,Indian/Mauritius,1729588500,2024-10-22 13:15,26.3,79.3,Overcast,17.2,27.7,118,ESE,1018.0,30.06,0.03,0.0,70,50,27.9,82.1,10.0,6.0,11.4,19.8,31.9,199.8,55.0,1.85,3.33,12.58,22.2,1,2,05:34 AM,06:15 PM,11:42 PM,09:36 AM,Waning Gibbous,74,Normal
Equatorial Guinea,Malabo,3.75,8.7833,Africa/Malabo,1734777900,2024-12-21 11:45,27.8,82.0,Patchy rain nearby,2.2,3.6,340,NNW,1013.0,29.92,0.01,0.0,64,75,29.8,85.6,10.0,6.0,5.3,6.7,10.8,562.4,97.0,1.48,2.775,79.18,202.945,4,10,06:26 AM,06:20 PM,11:45 PM,11:27 AM,Waning Gibbous,68,Normal
China,Beijing,39.93,116.39,Asia/Shanghai,1716906600,2024-05-28 22:30,22.0,71.6,Clear,2.5,4.0,140,SE,1006.0,29.71,0.0,0.0,61,0,22.8,73.0,10.0,6.0,1.0,13.4,21.6,534.1,103.0,43.9,54.8,73.3,93.2,4,10,04:50 AM,07:34 PM,No moonrise,08:43 AM,Waning Gibbous,79,Normal
Oman,Muscat,23.61,58.59,Asia/Muscat,1721392200,2024-07-19 16:30,34.9,94.9,Sunny,8.7,14.0,76,ENE,993.0,29.32,0.0,0.0,62,7,45.6,114.2,10.0,6.0,8.0,10.7,17.2,233.7,80.1,0.7,1.0,39.9,135.2,2,4,05:30 AM,06:54 PM,05:23 PM,02:58 AM,Waxing Gibbous,92,Normal
Malaysia,Kuala Lumpur,3.1667,101.7,Asia/Kuala_Lumpur,1732962600,2024-11-30 18:30,30.4,86.7,Partly cloudy,2.9,4.7,260,W,1005.0,29.68,0.25,0.01,70,25,37.4,99.4,10.0,6.0,0.5,3.8,6.0,2702.85,91.0,73.26,54.205,43.29,43.29,3,5,07:03 AM,07:01 PM,06:00 AM,06:11 PM,Waning Crescent,3,Normal
Botswana,Gaborone,-24.65,25.91,Africa/Gaborone,1725971400,2024-09-10 14:30,25.5,77.9,Sunny,15.2,24.5,29,NNE,1017.0,30.04,0.0,0.0,37,8,25.5,77.9,10.0,6.0,8.0,17.5,28.2,273.8,77.0,0.925,1.48,8.88,13.69,1,1,06:18 AM,06:08 PM,10:25 AM,No moonset,Waxing Crescent,38,Normal
Bulgaria,Sofia,42.68,23.32,Europe/Sofia,1717596900,2024-06-05 17:15,26.0,78.8,Partly cloudy,10.5,16.9,310,NW,1015.0,29.97,0.02,0.0,45,25,26.8,80.3,10.0,6.0,5.0,15.0,24.1,175.2,97.3,0.7,0.2,1.6,2.4,1,1,05:50 AM,09:01 PM,04:32 AM,08:19 PM,Waning Crescent,3,Normal
Liberia,Monrovia,6.3106,-10.8047,Africa/Monrovia,1734777900,2024-12-21 10:45,27.8,82.1,Sunny,3.8,6.1,28,NNE,1014.0,29.95,0.0,0.0,67,8,30.2,86.4,10.0,6.0,3.7,4.4,7.1,636.4,97.0,5.18,3.7,93.425,183.52,4,10,06:49 AM,06:34 PM,No moonrise,11:49 AM,Waning Gibbous,68,Normal
Kenya,Nairobi,-1.2833,36.8167,Africa/Nairobi,1729416600,2024-10-20 12:30,24.6,76.4,Patchy light drizzle,9.8,15.8,85,E,1014.0,29.95,0.22,0.01,48,77,25.5,77.9,5.0,3.0,13.3,11.3,18.2,793.65,103.0,6.845,12.765,23.125,33.855,2,2,06:13 AM,06:22 PM,09:23 PM,08:45 AM,Waning Gibbous,91,Normal
Cyprus,Nicosia,35.17,33.37,Asia/Famagusta,1722774600,2024-08-04 15:30,34.1,93.3,Sunny,10.7,17.3,309,NW,1004.0,29.65,0.0,0.0,36,0,35.4,95.8,10.0,6.0,8.0,12.3,19.9,213.6,114.4,0.2,1.8,11.1,20.1,1,1,05:58 AM,07:47 PM,05:34 AM,08:08 PM,New Moon,0,Normal
Singapore,Singapore,1.2931,103.8558,Asia/Singapore,1759731300,2025-10-06 14:15,30.3,86.5,Partly cloudy,9.2,14.8,225,SW,1012.0,29.88,0.98,0.04,55,75,36.2,97.2,10.0,6.0,12.9,17.4,28.0,265.85,46.0,31.45,8.85,13.85,14.55,1,2,06:50 AM,06:55 PM,06:13 PM,05:48 AM,Waxing Gibbous,97,Normal
Somalia,Mogadishu,2.0667,45.3667,Africa/Mogadishu,1758182400,2025-09-18 11:00,28.0,82.3,Sunny,14.1,22.7,182,S,1014.0,29.95,0.0,0.0,68,23,30.6,87.0,10.0,6.0,12.7,16.5,26.5,175.75,31.0,0.555,0.555,11.47,17.39,1,1,05:49 AM,05:56 PM,03:02 AM,03:32 PM,Waning Crescent,16,Normal
Macedonia,Skopje,42.0,21.43,Europe/Skopje,1726742700,2024-09-19 12:45,23.2,73.8,Partly cloudy,3.8,6.1,100,E,1018.0,30.06,0.14,0.01,57,25,25.0,77.0,10.0,6.0,5.0,4.5,7.2,312.65,61.0,14.8,11.285,17.39,19.055,2,2,06:19 AM,06:36 PM,07:18 PM,07:46 AM,Waning Gibbous,99,Normal
Ethiopia,Addis Ababa,9.0333,38.7,Africa/Addis_Ababa,1735121700,2024-12-25 13:15,21.8,71.3,Sunny,7.8,12.6,168,SSE,1013.0,29.93,0.0,0.0,34,3,21.8,71.3,10.0,6.0,10.3,9.0,14.5,542.05,93.0,0.925,4.44,28.305,61.42,2,3,06:37 AM,06:13 PM,01:49 AM,01:51 PM,Waning Crescent,32,Normal
Kenya,Nairobi,-1.2833,36.8167,Africa/Nairobi,1745658000,2025-04-26 12:00,22.3,72.1,Sunny,6.5,10.4,101,ESE,1024.0,30.24,0.0,0.0,57,25,24.3,75.7,10.0,6.0,13.6,7.5,12.0,793.65,98.0,6.475,14.615,20.535,20.72,2,2,06:28 AM,06:32 PM,04:57 AM,05:20 PM,Waning Crescent,6,Normal
Burundi,Bujumbura,-3.38,29.36,Africa/Bujumbura,1727343000,2024-09-26 11:30,32.3,90.1,Partly cloudy,6.5,10.4,183,S,1014.0,29.94,0.0,0.0,38,25,33.7,92.7,7.0,4.0,8.0,7.5,12.0,532.8,91.0,1.11,0.74,24.42,36.075,2,3,05:50 AM,05:57 PM,01:08 AM,01:20 PM,Waning Crescent,37,Normal
Brazil,Bras,-2.08,-58.17,America/Manaus,1716387300,2024-05-22 10:15,31.7,89.0,Partly Cloudy,4.9,7.9,81,E,1013.0,29.93,0.0,0.0,60,27,36.5,97.7,10.0,6.0,9.0,5.7,9.1,337.1,9.7,0.2,0.1,0.5,0.5,1,1,05:49 AM,05:50 PM,05:09 PM,04:50 AM,Waxing Gibbous,97,Normal
Netherlands,Amsterdam,52.374,4.8897,Europe/Amsterdam,1750237200,2025-06-18 11:00,22.3,72.1,Sunny,8.3,13.3,311,NW,1023.0,30.21,0.0,0.0,65,0,24.5,76.2,10.0,6.0,5.1,9.5,15.3,469.9,42.0,71.41,5.55,27.565,34.595,2,3,05:18 AM,10:06 PM,01:37 AM,01:13 PM,Last Quarter,60,Normal
Armenia,Yerevan,40.1811,44.5136,Asia/Yerevan,1753950600,2025-07-31 12:30,32.1,89.8,Partly cloudy,5.1,8.3,203,SSW,1011.0,29.85,0.0,0.0,32,37,30.1,86.1,10.0,6.0,9.7,5.9,9.5,273.8,60.0,12.21,2.035,26.64,39.96,2,3,05:59 AM,08:17 PM,12:40 PM,11:20 PM,Waxing Crescent,34,Normal
Uganda,Kampala,0.32,32.57,Africa/Kampala,1719665100,2024-06-29 15:45,26.2,79.2,Partly cloudy,10.5,16.9,130,SE,1017.0,30.03,0.0,0.0,65,25,26.5,79.6,10.0,6.0,7.0,12.5,20.1,283.7,53.6,0.6,0.4,1.3,2.9,1,1,06:49 AM,06:58 PM,12:49 AM,01:12 PM,Waning Crescent,49,Normal
El Salvador,San Salvador,13.7086,-89.2031,America/El_Salvador,1770533100,2026-02-08 00:45,25.2,77.4,Clear,4.7,7.6,340,NNW,1016.0,29.99,0.0,0.0,41,0,27.1,80.8,10.0,6.0,0.0,8.5,13.7,210.85,57.0,8.15,3.15,17.25,17.45,2,2,06:22 AM,06:00 PM,11:56 PM,10:49 AM,Waning Gibbous,62,Normal
Monaco,Monaco,43.73,7.42,Europe/Monaco,1721220300,2024-07-17 14:45,28.3,82.9,Partly cloudy,5.6,9.0,150,SSE,1016.0,30.0,0.0,0.0,70,75,32.4,90.3,10.0,6.0,7.0,10.1,16.2,193.6,108.7,0.8,1.1,10.5,16.2,1,1,06:04 AM,09:08 PM,05:59 PM,01:53 AM,Waxing Gibbous,78,Normal
Mauritius,Port Louis,-20.1619,57.4989,Indian/Mauritius,1733481900,2024-12-06 14:45,28.2,82.8,Partly cloudy,15.2,24.5,95,E,1015.0,29.97,0.04,0.0,62,50,30.3,86.5,10.0,6.0,10.9,17.5,28.2,175.75,67.0,1.48,2.405,13.135,19.24,1,2,05:22 AM,06:40 PM,09:49 AM,11:13 PM,Waxing Crescent,21,Normal
Gambia,Banjul,13.4531,-16.5775,Africa/Banjul,1744967700,2025-04-18 09:15,25.1,77.2,Sunny,3.6,5.8,237,WSW,1012.0,29.88,0.0,0.0,61,0,25.6,78.0,9.0,5.0,1.8,4.2,6.8,310.8,68.0,2.59,6.475,60.865,183.15,3,8,06:51 AM,07:20 PM,No moonrise,10:40 AM,Waning Gibbous,79,Normal
Turkey,Ankara,39.9272,32.8644,Europe/Istanbul,1755160200,2025-08-14 11:30,28.1,82.6,Sunny,4.5,7.2,103,ESE,1020.0,30.12,0.0,0.0,35,0,26.2,79.2,10.0,6.0,7.5,5.1,8.3,284.9,65.0,24.42,12.025,15.91,24.05,2,2,05:59 AM,07:47 PM,10:19 PM,11:39 AM,Waning Gibbous,76,Normal
Nigeria,Abuja,9.1758,7.1808,Africa/Lagos,1763191800,2025-11-15 08:30,25.2,77.4,Mist,5.8,9.4,69,ENE,1015.0,29.97,0.0,0.0,61,0,25.0,77.1,4.0,2.0,0.6,8.9,14.3,374.85,30.0,22.35,3.65,65.85,90.75,4,9,06:24 AM,06:07 PM,02:37 AM,02:55 PM,Waning Crescent,24,Normal
Djibouti,Djibouti,11.6,43.15,Africa/Djibouti,1723032000,2024-08-07 15:00,32.3,90.2,Sunny,12.5,20.2,36,NE,1004.0,29.64,0.0,0.0,65,24,39.4,102.9,10.0,6.0,8.0,18.0,29.0,413.9,52.2,0.2,0.1,3.4,7.6,1,1,05:56 AM,06:30 PM,08:08 AM,08:37 PM,Waxing Crescent,6,Normal
Congo,Brazzaville,-4.2592,15.2847,Africa/Brazzaville,1729502100,2024-10-21 10:15,28.3,82.9,Partly cloudy,7.2,11.5,268,W,1016.0,30.0,0.02,0.0,70,75,30.8,87.5,10.0,6.0,4.7,8.2,13.2,416.25,49.0,2.59,1.11,14.43,20.35,1,2,05:37 AM,05:50 PM,10:01 PM,09:10 AM,Waning Gibbous,83,Normal
Denmark,Copenhagen,55.6667,12.5833,Europe/Copenhagen,1750581000,2025-06-22 10:30,21.3,70.3,Sunny,11.2,18.0,149,SSE,1018.0,30.06,0.0,0.0,64,0,21.3,70.3,10.0,6.0,3.9,17.1,27.5,388.5,48.0,31.08,1.85,13.135,18.315,1,2,04:25 AM,09:58 PM,01:42 AM,06:59 PM,Waning Crescent,17,Normal
Algeria,Algiers,36.7631,3.0506,Africa/Algiers,1730624400,2024-11-03 10:00,23.1,73.6,Partly cloudy,8.9,14.4,144,SE,1021.0,30.15,0.0,0.0,53,25,24.6,76.3,10.0,6.0,1.1,12.9,20.8,423.65,20.0,67.895,21.46,34.965,57.905,2,3,07:14 AM,05:49 PM,09:10 AM,06:43 PM,Waxing Crescent,2,Normal
Bolivia,National,-11.18,-67.08,America/La_Paz,1725710400,2024-09-07 08:00,27.0,80.5,Sunny,3.4,5.4,57,ENE,1011.0,29.84,0.0,0.0,34,4,26.4,79.5,10.0,6.0,8.0,5.1,8.3,1444.85,80.0,0.74,2.405,176.12,252.34,5,10,06:27 AM,06:25 PM,09:11 AM,09:59 PM,Waxing Crescent,13,Normal
Lithuania,Vilnius,54.68,25.32,Europe/Vilnius,1718114400,2024-06-11 17:00,22.3,72.1,Partly cloudy,5.6,9.0,160,SSE,1006.0,29.71,0.39,0.02,53,75,24.7,76.4,10.0,6.0,4.0,13.7,22.0,166.9,80.8,1.1,0.5,1.3,1.7,1,1,04:42 AM,09:55 PM,09:29 AM,01:20 AM,Waxing Crescent,21,Normal
Slovakia,Bratislava,48.15,17.1167,Europe/Bratislava,1753863300,2025-07-30 10:15,21.1,70.0,Sunny,8.9,14.4,316,NW,1016.0,30.0,0.0,0.0,60,0,21.1,70.0,10.0,6.0,4.2,10.3,16.6,297.85,55.0,9.62,3.885,9.99,12.58,1,1,05:25 AM,08:30 PM,11:42 AM,10:38 PM,Waxing Crescent,26,Normal
Kenya,Nairobi,-1.2833,36.8167,Africa/Nairobi,1763795700,2025-11-22 10:15,21.1,70.0,Partly cloudy,15.9,25.6,51,NE,1025.0,30.27,0.0,0.0,60,75,21.1,70.0,10.0,6.0,7.1,18.3,29.4,312.85,68.0,5.75,4.15,14.65,17.45,1,2,06:13 AM,06:24 PM,07:44 AM,08:14 PM,Waxing Crescent,2,Normal
Solomon Islands,Honiara,-9.4333,159.95,Pacific/Guadalcanal,1764227700,2025-11-27 18:15,29.3,84.7,Patchy rain nearby,2.2,3.6,98,E,1007.0,29.74,0.08,0.0,70,25,34.5,94.0,10.0,6.0,0.1,6.7,10.8,111.85,25.0,1.45,1.35,4.75,5.65,1,1,05:50 AM,06:26 PM,11:16 AM,12:00 AM,Waxing Crescent,32,Normal
Djibouti,Djibouti,11.595,43.1481,Africa/Djibouti,1766214000,2025-12-20 10:00,25.9,78.7,Cloudy,8.9,14.4,37,NE,1014.0,29.95,0.0,0.0,67,73,27.5,81.5,10.0,6.0,3.8,12.3,19.9,132.85,99.0,2.45,3.15,10.85,18.15,1,1,06:21 AM,05:49 PM,06:34 AM,06:07 PM,New Moon,0,Normal
Turkey,Yaren,39.55,27.62,Europe/Istanbul,1725366600,2024-09-03 15:30,31.3,88.3,Partly cloudy,9.4,15.1,20,NNE,1013.0,29.91,0.0,0.0,41,50,30.5,86.9,10.0,6.0,8.0,15.7,25.3,263.7,98.7,0.5,0.9,3.1,3.8,1,1,06:40 AM,07:37 PM,06:46 AM,07:56 PM,Waxing Crescent,0,Normal
Malaysia,Kuala Lumpur,3.1667,101.7,Asia/Kuala_Lumpur,1772346600,2026-03-01 14:30,34.4,93.9,Partly Cloudy,6.3,10.1,261,W,1007.0,29.74,0.0,0.0,56,25,40.0,104.1,10.0,6.0,13.8,7.2,11.6,797.85,29.0,30.15,11.95,18.85,18.95,2,2,07:24 AM,07:27 PM,05:44 PM,05:26 AM,Waxing Gibbous,91,Normal
Vatican City,Vatican City,41.904,12.453,Europe/Vatican,1750409100,2025-06-20 10:45,28.4,83.1,Sunny,3.8,6.1,24,NNE,1017.0,30.03,0.0,0.0,51,0,28.1,82.5,10.0,6.0,4.6,4.4,7.1,312.65,72.0,14.985,1.11,21.275,34.965,2,2,05:35 AM,08:49 PM,01:40 AM,03:13 PM,Waning Crescent,37,Normal
Sudan,Juba,12.15,24.45,Africa/Khartoum,1722774600,2024-08-04 14:30,29.2,84.6,Light rain shower,14.5,23.4,252,WSW,1010.0,29.82,1.56,0.06,57,71,31.2,88.2,10.0,6.0,6.0,22.1,35.5,320.4,22.9,0.2,0.0,0.5,2.3,1,1,06:09 AM,06:47 PM,06:00 AM,07:02 PM,New Moon,0,Normal
Algeria,Algiers,36.76,3.05,Africa/Algiers,1722946500,2024-08-06 13:15,32.4,90.3,Sunny,9.6,15.5,50,NE,1011.0,29.84,0.0,0.0,38,3,33.1,91.7,10.0,6.0,8.0,13.6,21.9,277.0,191.7,11.5,4.5,11.8,22.5,1,1,05:58 AM,07:49 PM,07:40 AM,09:07 PM,Waxing Crescent,2,Normal
Myanmar,Rangoon,16.7833,96.1667,Asia/Yangon,1760084100,2025-10-10 14:45,32.1,89.8,Partly cloudy,3.6,5.8,149,SSE,1008.0,29.77,0.04,0.0,63,75,39.9,103.8,7.0,4.0,6.0,4.6,7.5,314.85,50.0,8.15,6.35,11.65,11.75,1,1,05:57 AM,05:48 PM,08:24 PM,09:00 AM,Waning Gibbous,90,Normal
Indonesia,Jakarta,-6.2146,106.8451,Asia/Jakarta,1760688000,2025-10-17 15:00,32.1,89.8,Partly Cloudy,10.5,16.9,353,N,1004.0,29.65,0.0,0.0,63,25,37.4,99.2,9.0,5.0,3.3,12.1,19.5,3649.85,47.0,114.45,67.95,168.45,168.45,5,10,05:31 AM,05:46 PM,02:30 AM,02:40 PM,Waning Crescent,21,Normal
Egypt,Cairo,30.05,31.25,Africa/Cairo,1738751400,2025-02-05 12:30,20.2,68.4,Partly cloudy,14.3,23.0,299,WNW,1015.0,29.97,0.01,0.0,53,75,20.2,68.4,10.0,6.0,4.3,16.6,26.8,419.95,69.0,40.7,70.855,37.37,72.52,2,4,06:43 AM,05:36 PM,10:57 AM,12:07 AM,First Quarter,45,Normal
Hungary,Budapest,47.5,19.08,Europe/Budapest,1720443600,2024-07-08 15:00,32.2,90.0,Light rain,10.5,16.9,350,N,1015.0,29.97,0.0,0.0,41,50,31.5,88.8,10.0,6.0,8.0,15.0,24.1,193.6,123.0,4.4,4.4,9.4,15.1,1,1,04:56 AM,08:41 PM,07:08 AM,10:36 PM,Waxing Crescent,5,Normal
Uganda,Kampala,0.3156,32.5656,Africa/Kampala,1742031900,2025-03-15 12:45,25.4,77.7,Partly cloudy,3.6,5.8,148,SSE,1018.0,30.06,0.0,0.0,65,25,25.3,77.5,10.0,6.0,14.1,4.1,6.6,634.55,52.0,6.66,2.59,35.52,35.89,2,3,06:55 AM,07:02 PM,07:54 PM,07:34 AM,Waning Gibbous,100,Normal
Sudan,Khartoum,15.5881,32.5342,Africa/Khartoum,1739527200,2025-02-14 12:00,28.0,82.3,Sunny,10.7,17.3,25,NNE,1013.0,29.91,0.0,0.0,33,3,27.2,81.0,10.0,6.0,9.6,12.3,19.9,488.4,84.0,4.995,2.59,112.48,439.375,4,10,06:15 AM,05:53 PM,07:33 PM,07:25 AM,Waning Gibbous,98,Normal
Kiribati,Tarawa,-0.8833,169.5333,Pacific/Tarawa,1763277300,2025-11-16 19:15,26.8,80.3,Clear,6.3,10.1,26,NNE,1009.0,29.81,0.0,0.0,70,5,28.9,84.1,10.0,6.0,0.0,8.5,13.6,81.85,15.0,0.85,1.25,5.05,7.65,1,1,06:22 AM,06:31 PM,03:10 AM,03:30 PM,Waning Crescent,19,Normal
Sudan,Juba,12.15,24.45,Africa/Khartoum,1752914700,2025-07-19 10:45,29.4,84.8,Sunny,12.3,19.8,249,WSW,1013.0,29.93,0.0,0.0,51,10,30.6,87.1,10.0,6.0,7.2,14.2,22.8,371.85,49.0,5.365,0.37,18.5,54.205,2,2,06:06 AM,06:51 PM,12:38 AM,01:41 PM,Waning Crescent,40,Normal
Antigua and Barbuda,Saint John's,17.12,-61.85,America/Antigua,1721737800,2024-07-23 08:30,28.6,83.6,Partly Cloudy,19.5,31.3,100,E,1018.0,30.05,0.0,0.0,68,48,31.9,89.4,10.0,6.0,7.0,25.9,41.7,180.2,34.3,0.5,0.5,1.5,6.5,1,1,05:45 AM,06:43 PM,08:52 PM,07:51 AM,Waning Gibbous,97,Normal
Nepal,Kathmandu,27.7167,85.3167,Asia/Kathmandu,1749373200,2025-06-08 14:45,30.4,86.7,Partly cloudy,3.8,6.1,256,WSW,1011.0,29.85,0.0,0.0,46,50,30.3,86.5,8.0,4.0,5.0,4.4,7.1,812.15,167.0,1.85,5.735,51.985,83.62,3,6,05:08 AM,06:58 PM,04:30 PM,02:40 AM,Waxing Gibbous,89,Normal
Malta,Valletta,35.8997,14.5147,Europe/Malta,1755849600,2025-08-22 10:00,28.3,82.9,Sunny,11.2,18.0,325,NW,1012.0,29.88,0.0,0.0,70,0,31.5,88.6,10.0,6.0,3.0,15.1,24.2,262.7,88.0,16.095,1.665,23.125,44.4,2,2,06:26 AM,07:43 PM,05:19 AM,07:30 PM,Waning Crescent,2,Normal
Mozambique,Maputo,-25.97,32.59,Africa/Maputo,1721220300,2024-07-17 14:45,27.1,80.8,Sunny,6.9,11.2,90,E,1017.0,30.03,0.0,0.0,39,0,26.1,79.0,10.0,6.0,8.0,11.4,18.4,1068.1,134.5,3.3,11.3,80.8,113.3,4,10,06:35 AM,05:17 PM,01:24 PM,02:43 AM,Waxing Gibbous,78,Normal
Burundi,Bujumbura,-3.3761,29.36,Africa/Bujumbura,1739355300,2025-02-12 12:15,22.0,71.6,Patchy rain nearby,4.3,6.8,154,SSE,1010.0,29.84,0.64,0.03,68,85,22.0,71.6,9.0,5.0,12.6,7.7,12.4,558.7,81.0,1.85,2.035,33.115,33.67,2,3,06:10 AM,06:23 PM,06:30 PM,05:57 AM,Full Moon,99,Normal
Saint Vincent and the Grenadines,Kingstown,13.1333,-61.2167,America/St_Vincent,1732962600,2024-11-30 06:30,28.1,82.6,Clear,18.8,30.2,88,E,1013.0,29.92,0.0,0.0,70,20,31.2,88.1,10.0,6.0,0.0,25.3,40.7,172.832,60.0,0.72,1.08,8.642,14.403,1,1,06:11 AM,05:36 PM,05:33 AM,05:06 PM,Waning Crescent,1,Normal
Antigua and Barbuda,Saint John's,17.12,-61.85,America/Antigua,1718804700,2024-06-19 09:45,29.1,84.4,Partly cloudy,9.4,15.1,110,ESE,1015.0,29.97,0.23,0.01,70,50,33.6,92.6,10.0,6.0,6.0,22.4,36.1,213.6,30.4,0.6,0.5,1.2,5.0,1,1,05:35 AM,06:43 PM,04:43 PM,03:13 AM,Waxing Gibbous,90,Normal
Greece,Athens,37.9795,23.7162,Europe/Athens,1748508300,2025-05-29 11:45,26.1,79.0,Sunny,9.6,15.5,351,N,1011.0,29.85,0.0,0.0,30,25,25.6,78.0,10.0,6.0,5.7,11.1,17.8,505.05,58.0,77.885,9.99,21.275,29.23,2,2,06:05 AM,08:40 PM,07:50 AM,11:41 PM,Waxing Crescent,5,Normal
Bosnia and Herzegovina,Sarajevo,43.85,18.3833,Europe/Sarajevo,1751705100,2025-07-05 10:45,26.0,78.8,Sunny,2.2,3.6,46,NE,1020.0,30.12,0.0,0.0,48,0,26.4,79.5,10.0,6.0,6.1,2.6,4.1,270.1,76.0,5.735,9.065,18.13,26.455,2,2,05:11 AM,08:31 PM,03:54 PM,12:56 AM,Waxing Gibbous,69,Normal
Monaco,Monaco,43.7333,7.4167,Europe/Monaco,1745832600,2025-04-28 11:30,20.0,68.0,Patchy rain nearby,6.0,9.7,122,ESE,1022.0,30.18,0.08,0.0,56,0,20.0,68.0,10.0,6.0,4.3,7.8,12.6,308.95,61.0,21.09,1.665,8.51,9.99,1,1,06:27 AM,08:29 PM,06:25 AM,09:55 PM,Waxing Crescent,0,Normal
Madagascar,Antananarivo,-18.9167,47.5167,Indian/Antananarivo,1733481000,2024-12-06 13:30,28.2,82.8,Partly cloudy,4.3,6.8,112,ESE,1018.0,30.06,0.0,0.0,42,75,26.8,80.2,10.0,6.0,13.1,4.9,7.9,353.35,67.0,0.555,1.295,7.03,9.065,1,1,05:05 AM,06:18 PM,09:33 AM,10:52 PM,Waxing Crescent,21,Normal
Philippines,Manila,14.6042,120.9822,Asia/Manila,1747557900,2025-05-18 16:45,34.2,93.6,Sunny,13.2,21.2,106,ESE,1008.0,29.77,0.0,0.0,53,25,39.4,102.8,10.0,6.0,2.0,16.9,27.1,954.6,69.0,19.98,35.52,35.15,40.145,2,3,05:28 AM,06:17 PM,11:10 PM,09:48 AM,Waning Gibbous,78,Normal
Bosnia and Herzegovina,Sarajevo,43.85,18.38,Europe/Sarajevo,1719580500,2024-06-28 15:15,25.3,77.5,Light rain,2.2,3.6,25,NNE,1017.0,30.03,0.31,0.01,57,25,26.8,80.2,10.0,6.0,5.0,6.4,10.2,178.6,75.1,1.2,8.9,1.5,1.6,1,1,05:07 AM,08:33 PM,12:15 AM,12:20 PM,Last Quarter,60,Normal
Comoros,Moroni,-11.7042,43.2403,Indian/Comoro,1755073800,2025-08-13 11:30,25.7,78.3,Patchy rain nearby,12.1,19.4,175,S,1018.0,30.07,0.08,0.0,69,70,27.4,81.3,10.0,6.0,9.4,14.0,22.6,216.45,63.0,0.74,0.555,8.14,12.025,1,1,06:21 AM,06:03 PM,09:52 PM,09:13 AM,Waning Gibbous,85,Normal
Israel,Jerusalem,31.78,35.23,Asia/Jerusalem,1725192000,2024-09-01 15:00,27.3,81.2,Sunny,18.1,29.2,291,WNW,1010.0,29.82,0.0,0.0,47,11,27.7,81.9,10.0,6.0,7.0,21.8,35.0,220.3,124.5,2.6,2.3,4.1,7.4,1,1,06:15 AM,07:03 PM,04:27 AM,06:26 PM,Waning Crescent,4,Normal
Israel,Jerusalem,31.78,35.23,Asia/Jerusalem,1727084700,2024-09-23 12:45,30.4,86.7,Partly cloudy,11.2,18.0,267,W,1012.0,29.88,0.0,0.0,46,50,31.4,88.6,10.0,6.0,6.0,13.3,21.3,271.95,73.0,17.02,19.055,19.055,34.225,2,2,06:28 AM,06:34 PM,10:21 PM,12:27 PM,Waning Gibbous,69,Normal
Mauritius,Port Louis,-20.1619,57.4989,Indian/Mauritius,1735815600,2025-01-02 15:00,27.3,81.1,Patchy rain nearby,7.6,12.2,110,ESE,1013.0,29.92,0.03,0.0,64,51,29.1,84.4,10.0,6.0,3.9,9.7,15.7,172.05,35.0,1.48,2.96,7.585,11.1,1,1,05:35 AM,06:54 PM,07:42 AM,09:11 PM,Waxing Crescent,4,Normal
Cape Verde,Praia,14.93,-23.51,Atlantic/Cape_Verde,1723293000,2024-08-10 11:30,27.7,81.9,Sunny,10.5,16.9,332,NNW,1012.0,29.89,0.0,0.0,69,0,30.3,86.6,10.0,6.0,7.0,12.1,19.5,163.6,64.4,0.2,0.2,9.9,98.4,1,1,06:19 AM,07:00 PM,10:58 AM,10:50 PM,Waxing Crescent,26,Normal
Algeria,Algiers,36.76,3.05,Africa/Algiers,1720443600,2024-07-08 14:00,28.0,82.4,Partly cloudy,12.5,20.2,50,NE,1014.0,29.94,0.0,0.0,66,75,31.3,88.3,10.0,6.0,7.0,13.1,21.1,227.0,111.6,9.2,2.4,23.8,44.8,2,2,05:37 AM,08:09 PM,07:48 AM,10:14 PM,Waxing Crescent,5,Normal
Djibouti,Djibouti,11.595,43.1481,Africa/Djibouti,1770360300,2026-02-06 09:45,25.7,78.3,Patchy rain nearby,16.6,26.6,99,E,1017.0,30.05,0.01,0.0,64,63,27.1,80.7,10.0,6.0,2.6,20.2,32.5,135.85,83.0,1.75,1.35,13.45,19.95,1,2,06:31 AM,06:12 PM,10:08 PM,09:32 AM,Waning Gibbous,83,Normal
Vietnam,Hanoi,21.0333,105.85,Asia/Bangkok,1761464700,2025-10-26 14:45,28.1,82.6,Partly cloudy,8.1,13.0,11,NNE,1015.0,29.97,0.0,0.0,58,50,28.6,83.6,10.0,6.0,5.0,9.3,14.9,798.85,38.0,21.85,21.25,32.65,32.75,2,3,05:56 AM,05:25 PM,09:55 AM,08:40 PM,Waxing Crescent,15,Normal
Syria,Damascus,33.5,36.3,Asia/Damascus,1746435600,2025-05-05 12:00,22.2,72.0,Partly Cloudy,19.0,30.6,289,WNW,1013.0,29.91,0.0,0.0,31,0,23.2,73.8,10.0,6.0,8.1,21.9,35.2,233.1,91.0,11.1,61.235,26.64,36.63,2,3,05:43 AM,07:21 PM,12:51 PM,02:02 AM,Waxing Gibbous,53,Normal
Qatar,Doha,25.2867,51.5333,Asia/Qatar,1739960100,2025-02-19 13:15,23.1,73.6,Sunny,13.2,21.2,359,N,1016.0,30.0,0.0,0.0,50,0,23.8,74.8,10.0,6.0,5.4,16.0,25.7,534.65,104.0,36.26,13.875,51.985,184.815,3,6,06:05 AM,05:31 PM,11:32 PM,09:41 AM,Waning Gibbous,67,Normal
Macedonia,Skopje,42.0,21.43,Europe/Skopje,1717424100,2024-06-03 16:15,28.0,82.4,Partly cloudy,9.4,15.1,120,ESE,1013.0,29.91,0.06,0.0,62,25,30.3,86.6,10.0,6.0,5.0,13.9,22.3,183.6,82.3,0.8,1.2,5.2,20.8,1,1,05:00 AM,08:05 PM,02:43 AM,04:48 PM,Waning Crescent,16,Normal
Papua New Guinea,Port Moresby,-9.46,147.19,Pacific/Port_Moresby,1725710400,2024-09-07 22:00,26.1,79.0,Partly cloudy,11.9,19.1,150,SSE,1012.0,29.88,0.0,0.0,70,50,28.5,83.2,10.0,6.0,1.0,21.5,34.7,194.25,66.0,0.37,0.555,22.385,39.59,2,2,06:10 AM,06:09 PM,08:34 AM,09:12 PM,Waxing Crescent,13,Normal
Algeria,Algiers,36.76,3.05,Africa/Algiers,1725105600,2024-08-31 13:00,33.0,91.4,Partly cloudy,9.4,15.1,40,NE,1013.0,29.91,0.0,0.0,47,50,38.6,101.5,10.0,6.0,8.0,13.1,21.1,323.8,240.3,10.5,5.7,37.9,67.8,2,4,06:18 AM,07:17 PM,03:27 AM,06:17 PM,Waning Crescent,9,Normal
United Arab Emirates,Abu Dhabi,24.4667,54.3667,Asia/Dubai,1744967700,2025-04-18 13:15,28.1,82.6,Sunny,19.5,31.3,306,NW,1011.0,29.85,0.0,0.0,42,0,29.1,84.4,10.0,6.0,9.6,25.1,40.5,318.2,127.0,14.43,7.215,35.89,61.235,2,3,05:58 AM,06:46 PM,11:45 PM,09:18 AM,Waning Gibbous,80,Normal
Czech Republic,Prague,50.08,14.47,Europe/Prague,1719063900,2024-06-22 15:45,22.1,71.8,Sunny,11.9,19.1,290,WNW,1013.0,29.91,0.0,0.0,46,0,24.3,75.7,10.0,6.0,6.0,16.3,26.3,171.9,101.6,1.5,1.9,2.7,3.1,1,1,04:53 AM,09:16 PM,10:29 PM,04:25 AM,Full Moon,100,Normal
Tunisia,Tunis,36.8,10.18,Africa/Tunis,1721737800,2024-07-23 13:30,31.9,89.4,Sunny,17.4,28.1,332,NNW,1016.0,30.01,0.0,0.0,41,4,32.9,91.1,10.0,6.0,8.0,20.1,32.3,186.9,82.3,0.3,0.6,5.0,18.1,1,1,05:18 AM,07:33 PM,09:19 PM,07:19 AM,Waning Gibbous,97,Normal
Rwanda,Kigali,-1.9536,30.0606,Africa/Kigali,1769324400,2026-01-25 09:00,22.2,72.0,Sunny,2.2,3.6,221,SW,1022.0,30.18,0.0,0.0,61,25,24.1,75.4,8.0,4.0,5.8,2.6,4.1,552.85,54.0,8.25,2.75,35.75,36.25,2,3,06:06 AM,06:18 PM,11:10 AM,11:30 PM,Waxing Crescent,36,Normal
United Arab Emirates,Abu Dhabi,24.4667,54.3667,Asia/Dubai,1741599900,2025-03-10 13:45,31.0,87.8,Sunny,12.3,19.8,3,N,1014.0,29.93,0.0,0.0,31,0,37.2,98.9,10.0,6.0,8.1,22.8,36.8,579.05,88.0,26.64,12.21,54.945,133.94,3,7,06:36 AM,06:29 PM,03:06 PM,04:13 AM,Waxing Gibbous,81,Normal
Ethiopia,Addis Ababa,9.03,38.7,Africa/Addis_Ababa,1718373600,2024-06-14 17:00,21.7,71.0,Sunny,5.1,8.3,103,ESE,1012.0,29.88,0.0,0.0,42,5,21.7,71.0,10.0,6.0,6.0,6.8,11.0,1001.4,73.0,2.1,2.5,29.1,104.1,2,3,06:06 AM,06:45 PM,12:38 PM,12:23 AM,First Quarter,48,Normal
Timor-Leste,Dili,-8.5586,125.5736,Asia/Dili,1758786300,2025-09-25 16:45,27.9,82.2,Sunny,9.2,14.8,70,ENE,1009.0,29.8,0.0,0.0,68,22,30.4,86.7,10.0,6.0,3.4,10.6,17.0,240.5,54.0,5.365,0.925,11.1,13.875,1,1,06:25 AM,06:33 PM,08:25 AM,09:10 PM,Waxing Crescent,7,Normal
Macedonia,Skopje,42.0,21.4333,Europe/Skopje,1742119200,2025-03-16 11:00,24.0,75.2,Partly cloudy,3.6,5.8,199,SSW,1010.0,29.83,0.0,0.0,50,25,24.6,76.4,10.0,6.0,4.0,4.1,6.6,266.4,61.0,11.655,9.99,44.585,81.03,3,5,05:45 AM,05:42 PM,08:03 PM,06:27 AM,Waning Gibbous,97,Normal
Vietnam,Ban Lom,21.1333,104.7,Asia/Bangkok,1739183400,2025-02-10 17:30,21.9,71.3,Sunny,6.3,10.1,96,E,1014.0,29.94,0.0,0.0,53,20,21.9,71.3,10.0,6.0,0.2,7.2,11.6,839.9,93.0,4.81,44.215,93.24,98.235,4,10,06:34 AM,05:57 PM,03:50 PM,04:52 AM,Waxing Gibbous,91,Normal
Latvia,Riga,56.95,24.1,Europe/Riga,1744967700,2025-04-18 12:15,24.1,75.4,Sunny,7.8,12.6,177,S,1011.0,29.85,0.0,0.0,47,0,25.2,77.4,10.0,6.0,3.2,11.8,18.9,390.35,49.0,17.575,2.96,37.37,59.57,2,4,06:08 AM,08:39 PM,02:52 AM,07:26 AM,Waning Gibbous,80,Normal
Bolivia,National,-11.1833,-67.0833,America/La_Paz,1757319300,2025-09-08 04:15,21.2,70.1,Clear,2.5,4.0,271,W,1012.0,29.89,0.0,0.0,67,12,21.2,70.1,10.0,6.0,0.0,5.2,8.3,455.1,22.0,1.48,0.37,26.455,26.64,2,3,06:27 AM,06:25 PM,07:26 PM,07:00 AM,Waning Gibbous,100,Normal
Senegal,Dakar,14.67,-17.44,Africa/Dakar,1718373600,2024-06-14 14:00,24.9,76.7,Sunny,5.4,8.6,308,NW,1012.0,29.88,0.0,0.0,70,15,26.5,79.6,10.0,6.0,6.0,7.4,12.0,156.9,81.5,0.7,1.2,32.1,164.8,2,3,06:40 AM,07:40 PM,01:29 PM,01:16 AM,First Quarter,48,Normal
Kenya,Nairobi,-1.2833,36.8167,Africa/Nairobi,1749805200,2025-06-13 12:00,22.2,72.0,Partly Cloudy,7.8,12.6,182,S,1026.0,30.3,0.0,0.0,43,25,24.5,76.0,10.0,6.0,10.0,9.0,14.5,318.2,86.0,5.55,11.47,14.985,17.76,1,2,06:31 AM,06:34 PM,08:34 PM,08:11 AM,Waning Gibbous,97,Normal
Benin,Porto-Novo,6.4833,2.6167,Africa/Porto-Novo,1735467300,2024-12-29 11:15,31.4,88.5,Partly cloudy,2.2,3.6,79,E,1012.0,29.88,0.0,0.0,66,50,31.8,89.3,6.0,3.0,5.9,2.6,4.1,588.3,88.0,2.775,1.85,69.93,153.735,4,9,06:59 AM,06:44 PM,05:33 AM,05:31 PM,Waning Crescent,4,Normal
Latvia,Riga,56.95,24.1,Europe/Riga,1723293000,2024-08-10 15:30,20.7,69.3,Patchy rain nearby,11.6,18.7,275,W,1009.0,29.81,0.25,0.01,58,71,20.7,69.3,9.0,5.0,5.0,15.2,24.4,220.3,70.1,0.4,0.2,0.7,1.2,1,1,05:42 AM,09:15 PM,12:38 PM,10:26 PM,Waxing Crescent,26,Normal
Costa Rica,San Ignacio,9.8,-84.1667,America/Costa_Rica,1745053200,2025-04-19 03:00,22.2,72.0,Clear,6.0,9.7,65,ENE,1013.0,29.92,0.0,0.0,65,0,24.6,76.3,10.0,6.0,0.0,12.7,20.4,336.7,72.0,4.07,4.625,12.95,16.28,1,2,05:25 AM,05:47 PM,11:35 PM,10:24 AM,Waning Gibbous,68,Normal
Uganda,Kampala,0.3156,32.5656,Africa/Kampala,1766214000,2025-12-20 10:00,26.9,80.4,Partly Cloudy,2.2,3.6,329,NNW,1011.0,29.86,0.0,0.0,45,32,27.2,80.9,10.0,6.0,5.4,6.7,10.8,229.85,49.0,5.95,2.05,26.35,26.85,2,3,06:44 AM,06:51 PM,06:53 AM,07:17 PM,New Moon,0,Normal
Germany,Berlin,52.52,13.4,Europe/Berlin,1724156100,2024-08-20 14:15,25.4,77.7,Sunny,9.4,15.1,120,ESE,1014.0,29.94,0.0,0.0,47,0,25.5,77.9,10.0,6.0,7.0,13.9,22.3,217.0,124.5,3.7,4.5,6.6,7.9,1,1,05:58 AM,08:20 PM,08:55 PM,06:25 AM,Waning Gibbous,100,Normal
Latvia,Riga,56.95,24.1,Europe/Riga,1725020100,2024-08-30 15:15,31.0,87.8,Sunny,12.5,20.2,170,S,1019.0,30.09,0.0,0.0,43,0,31.8,89.3,10.0,6.0,7.0,17.0,27.4,257.0,97.3,3.0,1.7,9.9,10.8,1,1,06:22 AM,08:24 PM,12:54 AM,07:59 PM,Waning Crescent,15,Normal
Iraq,Baghdad,33.3386,44.3939,Asia/Baghdad,1733827500,2024-12-10 13:45,21.3,70.3,Sunny,15.4,24.8,320,NW,1021.0,30.16,0.0,0.0,40,0,21.3,70.3,10.0,6.0,2.5,17.8,28.6,1185.85,42.0,55.13,77.33,42.55,69.19,3,5,06:55 AM,04:55 PM,01:14 PM,01:09 AM,Waxing Gibbous,64,Normal
Central African Republic,Bangui,4.3667,18.5833,Africa/Bangui,1741599000,2025-03-10 10:30,32.1,89.8,Sunny,3.4,5.4,182,S,1013.0,29.91,0.0,0.0,56,0,31.5,88.6,10.0,6.0,8.1,3.9,6.2,629.0,43.0,1.48,0.37,44.4,57.535,3,5,05:54 AM,05:58 PM,03:12 PM,03:01 AM,Waxing Gibbous,82,Normal
Barbados,Bridgetown,13.1,-59.6167,America/Barbados,1755504000,2025-08-18 04:00,28.3,82.9,Patchy rain nearby,9.4,15.1,116,ESE,1013.0,29.91,0.02,0.0,70,25,32.7,90.8,10.0,6.0,0.0,13.5,21.7,248.677,35.0,1.968,1.252,7.872,19.143,1,1,05:47 AM,06:18 PM,01:06 AM,02:36 PM,Waning Crescent,28,Normal
Botswana,Gaborone,-24.6464,25.9119,Africa/Gaborone,1763019000,2025-11-13 09:30,28.3,82.9,Sunny,6.0,9.7,41,NE,1020.0,30.12,0.0,0.0,51,0,27.8,82.0,10.0,6.0,5.2,7.0,11.2,439.85,80.0,15.35,3.25,18.85,18.85,2,2,05:23 AM,06:39 PM,01:21 AM,12:58 PM,Waning Crescent,43,Normal
China,Beijing,39.9289,116.3883,Asia/Shanghai,1755849600,2025-08-22 16:00,33.1,91.6,Partly Cloudy,3.6,5.8,223,SW,1005.0,29.68,0.0,0.0,41,0,39.5,103.1,10.0,6.0,1.8,6.6,10.6,2147.85,13.0,127.65,84.73,132.275,143.375,4,10,05:33 AM,07:01 PM,04:02 AM,06:42 PM,Waning Crescent,3,Normal
Slovenia,Ljubljana,46.0553,14.5144,Europe/Ljubljana,1755590400,2025-08-19 10:00,20.2,68.4,Sunny,2.2,3.6,102,ESE,1017.0,30.03,0.0,0.0,64,25,20.2,68.4,10.0,6.0,2.9,2.6,4.1,338.55,43.0,22.015,1.665,19.24,27.195,2,2,06:06 AM,08:04 PM,01:06 AM,06:15 PM,Waning Crescent,21,Normal
Malaysia,Kuala Lumpur,3.1667,101.7,Asia/Kuala_Lumpur,1756539900,2025-08-30 15:45,34.1,93.4,Light rain shower,5.6,9.0,252,WSW,1008.0,29.77,0.61,0.02,53,25,42.5,108.6,10.0,6.0,8.3,6.8,11.0,2349.5,21.0,162.985,66.785,88.8,88.985,4,10,07:09 AM,07:19 PM,12:11 PM,No moonset,Waxing Crescent,35,Normal
China,Beijing,39.93,116.39,Asia/Shanghai,1718028900,2024-06-10 22:15,26.3,79.3,Clear,4.3,6.8,150,SSE,1002.0,29.59,0.0,0.0,51,0,26.0,78.8,10.0,6.0,1.0,8.5,13.6,1241.7,0.0,109.7,90.6,91.2,129.6,4,10,04:45 AM,07:43 PM,07:54 AM,11:11 PM,Waxing Crescent,13,Normal
Kiribati,Tarawa,-0.8833,169.5333,Pacific/Tarawa,1768633200,2026-01-17 19:00,28.5,83.4,Clear,14.1,22.7,83,E,1003.0,29.63,0.0,0.0,65,20,31.2,88.1,10.0,6.0,0.0,18.9,30.5,80.85,27.0,0.85,1.45,10.85,16.65,1,1,06:47 AM,06:57 PM,05:08 AM,05:37 PM,Waning Crescent,5,Normal
Mali,Bamako,12.65,-8.0,Africa/Bamako,1732437000,2024-11-24 08:30,21.3,70.3,Sunny,3.4,5.4,43,NE,1016.0,30.0,0.0,0.0,56,0,21.3,70.3,8.0,4.0,0.5,6.0,9.6,333.0,59.0,4.07,1.48,35.89,86.395,2,3,06:34 AM,06:03 PM,01:12 AM,01:44 PM,Waning Crescent,41,Normal
Ghana,Accra,5.55,-0.2167,Africa/Accra,1733653800,2024-12-08 10:30,30.1,86.2,Mist,2.5,4.0,173,S,1011.0,29.85,0.0,0.0,66,25,33.1,91.5,5.0,3.0,6.0,2.8,4.6,599.4,91.0,2.405,3.885,30.895,73.445,2,3,05:59 AM,05:48 PM,12:01 PM,No moonset,First Quarter,43,Normal
Jamaica,Port Royal,17.93,-76.85,America/Jamaica,1718976600,2024-06-21 08:30,31.2,88.2,Sunny,18.6,29.9,80,E,1013.0,29.91,0.0,0.0,63,0,36.3,97.3,10.0,6.0,7.0,23.0,37.1,1201.6,2.5,16.1,6.6,11.5,14.1,1,1,05:33 AM,06:45 PM,06:47 PM,04:53 AM,Full Moon,99,Normal
Malaysia,Kuala Lumpur,3.1667,101.7,Asia/Kuala_Lumpur,1745485200,2025-04-24 17:00,31.4,88.5,Partly cloudy,4.3,6.8,253,WSW,1007.0,29.74,0.0,0.0,59,50,38.5,101.4,10.0,6.0,2.1,4.9,7.9,2865.65,60.0,75.48,39.22,60.865,60.865,3,8,07:05 AM,07:18 PM,03:51 AM,04:10 PM,Waning Crescent,23,Normal
Sudan,Juba,12.15,24.45,Africa/Khartoum,1752827400,2025-07-18 10:30,28.6,83.5,Sunny,11.9,19.1,263,W,1015.0,29.96,0.0,0.0,53,10,29.8,85.6,10.0,6.0,7.1,13.6,22.0,344.1,47.0,4.625,0.925,17.76,59.94,2,2,06:06 AM,06:51 PM,No moonrise,12:42 PM,Last Quarter,51,Normal
Spain,Madrid,40.4,-3.6833,Europe/Madrid,1754208900,2025-08-03 10:15,26.1,79.0,Sunny,5.8,9.4,64,ENE,1019.0,30.09,0.0,0.0,39,0,25.5,77.8,10.0,6.0,1.6,6.7,10.8,299.7,54.0,13.875,2.775,10.175,13.32,1,1,07:14 AM,09:27 PM,05:10 PM,01:30 AM,Waxing Gibbous,63,Normal
Guinea-Bissau,Bissau,11.85,-15.58,Africa/Bissau,1716387300,2024-05-22 14:15,33.0,91.4,Sunny,12.5,20.2,210,SSW,1011.0,29.85,0.0,0.0,56,0,40.0,104.0,8.0,4.0,7.0,16.2,26.1,195.3,60.8,0.2,1.0,22.1,109.5,2,2,06:37 AM,07:21 PM,06:36 PM,05:34 AM,Waxing Gibbous,97,Normal
Thailand,Nan,18.7833,100.7833,Asia/Bangkok,1772174700,2026-02-27 13:45,33.3,91.9,Sunny,5.8,9.4,148,SSE,1006.0,29.71,0.0,0.0,44,25,32.8,91.0,10.0,6.0,10.5,6.7,10.8,356.85,37.0,21.85,2.95,29.65,30.15,2,3,06:37 AM,06:22 PM,02:18 PM,03:10 AM,Waxing Gibbous,74,Normal
Malta,Valletta,35.8997,14.5147,Europe/Malta,1752396300,2025-07-13 10:45,29.3,84.7,Sunny,10.5,16.9,166,SSE,1019.0,30.09,0.0,0.0,62,25,32.9,91.3,10.0,6.0,5.0,13.1,21.1,216.45,85.0,7.955,1.295,8.88,17.02,1,1,05:56 AM,08:19 PM,10:20 PM,08:18 AM,Waning Gibbous,95,Normal
Vietnam,Hanoi,21.0333,105.85,Asia/Bangkok,1763882100,2025-11-23 14:15,26.4,79.5,Sunny,2.2,3.6,14,NNE,1018.0,30.06,0.0,0.0,45,0,26.5,79.7,10.0,6.0,4.2,2.6,4.1,1219.85,12.0,46.15,35.55,82.15,82.15,4,10,06:12 AM,05:14 PM,08:42 AM,07:29 PM,Waxing Crescent,5,Normal
Russia,Moscow,55.75,37.62,Europe/Moscow,1723293000,2024-08-10 15:30,23.9,75.0,Partly Cloudy,7.8,12.6,292,WNW,1010.0,29.81,0.0,0.0,38,27,24.7,76.4,10.0,6.0,6.0,10.7,17.2,213.6,68.7,10.1,8.4,2.4,2.9,1,1,04:52 AM,08:16 PM,11:39 AM,09:36 PM,Waxing Crescent,26,Normal
Bulgaria,Sofia,42.6833,23.3167,Europe/Sofia,1755159300,2025-08-14 11:15,25.1,77.2,Sunny,9.4,15.1,79,E,1020.0,30.12,0.0,0.0,39,0,24.2,75.6,10.0,6.0,5.6,10.8,17.4,418.1,66.0,15.355,5.18,10.545,15.355,1,1,06:32 AM,08:30 PM,10:52 PM,12:23 PM,Waning Gibbous,76,Normal
South Africa,Pretoria,-25.7469,28.188,Africa/Johannesburg,1762330500,2025-11-05 10:15,22.2,72.0,Partly Cloudy,6.9,11.2,78,ENE,1028.0,30.36,0.0,0.0,53,0,23.7,74.6,10.0,6.0,9.0,8.0,12.9,446.85,118.0,20.25,45.05,44.55,44.65,3,5,05:16 AM,06:26 PM,06:35 PM,04:45 AM,Full Moon,99,Normal
Estonia,Tallinn,59.43,24.73,Europe/Tallinn,1725710400,2024-09-07 15:00,24.2,75.6,Sunny,9.4,15.1,200,SSW,1025.0,30.27,0.0,0.0,54,0,25.3,77.6,10.0,6.0,6.0,13.9,22.3,368.15,72.0,6.845,2.035,16.095,19.425,2,2,06:32 AM,08:04 PM,11:51 AM,08:26 PM,Waxing Crescent,13,Normal
Seychelles Islands,Victoria,-4.6167,55.45,Indian/Mahe,1765437300,2025-12-11 11:15,30.2,86.4,Partly cloudy,8.7,14.0,226,SW,1012.0,29.88,0.0,0.0,66,50,36.0,96.7,10.0,6.0,11.6,11.7,18.9,89.85,38.0,2.05,2.05,4.75,6.95,1,1,06:00 AM,06:23 PM,No moonrise,11:53 AM,Last Quarter,61,Normal
Cameroon,Ngaoundere,7.3167,13.5833,Africa/Douala,1729761300,2024-10-24 10:15,26.1,79.0,Sunny,3.8,6.1,48,NE,1014.0,29.94,0.0,0.0,50,12,26.8,80.2,10.0,6.0,7.8,4.7,7.6,375.55,57.0,0.925,0.555,28.305,69.56,2,3,05:53 AM,05:47 PM,No moonrise,12:31 PM,Last Quarter,53,Normal
Hungary,Budapest,47.5,19.08,Europe/Budapest,1719839700,2024-07-01 15:15,28.4,83.1,Partly cloudy,15.0,24.1,310,NW,1010.0,29.83,0.0,0.0,48,25,28.6,83.6,10.0,6.0,7.0,19.5,31.3,183.6,83.0,1.7,0.7,1.5,1.7,1,1,04:51 AM,08:44 PM,01:09 AM,04:19 PM,Waning Crescent,27,Normal
Benin,Porto-Novo,6.4833,2.6167,Africa/Porto-Novo,1745572500,2025-04-25 10:15,30.8,87.5,Partly Cloudy,8.1,13.0,197,SSW,1010.0,29.82,0.0,0.0,65,26,35.9,96.6,10.0,6.0,5.2,9.3,14.9,403.3,47.0,2.775,1.295,13.32,19.61,1,2,06:38 AM,06:57 PM,04:28 AM,04:53 PM,Waning Crescent,12,Normal
France,Paris,48.87,2.33,Europe/Paris,1724415300,2024-08-23 14:15,24.0,75.2,Overcast,13.6,22.0,200,SSW,1011.0,29.85,0.01,0.0,69,100,25.4,77.6,10.0,6.0,6.0,15.2,24.4,230.3,80.8,3.0,0.7,1.9,2.7,1,1,06:55 AM,08:50 PM,10:23 PM,11:42 AM,Waning Gibbous,85,Normal
Chad,N'djamena,12.1131,15.0492,Africa/Ndjamena,1759824000,2025-10-07 09:00,29.4,84.9,Sunny,3.1,5.0,261,W,1013.0,29.91,0.0,0.0,55,4,31.3,88.3,10.0,6.0,4.2,3.6,5.9,228.85,59.0,3.95,1.45,16.45,25.85,2,2,05:49 AM,05:46 PM,06:02 PM,05:53 AM,Full Moon,100,Normal
Italy,Rome,41.9,12.4833,Europe/Rome,1753605000,2025-07-27 10:30,25.1,77.2,Sunny,3.6,5.8,322,NW,1011.0,29.85,0.0,0.0,57,25,25.5,77.9,10.0,6.0,4.4,4.1,6.6,283.05,78.0,8.14,1.11,9.805,17.575,1,1,05:59 AM,08:33 PM,08:41 AM,10:09 PM,Waxing Crescent,5,Normal
Sudan,Khartoum,15.5881,32.5342,Africa/Khartoum,1753690500,2025-07-28 10:15,33.8,92.8,Sunny,19.2,31.0,213,SSW,1010.0,29.82,0.0,0.0,39,12,35.4,95.8,10.0,6.0,6.5,22.1,35.6,403.3,60.0,2.96,1.48,27.195,101.01,2,3,05:31 AM,06:22 PM,08:36 AM,09:03 PM,Waxing Crescent,11,Normal
Uganda,Kampala,0.3156,32.5656,Africa/Kampala,1764918900,2025-12-05 10:15,25.2,77.4,Sunny,3.8,6.1,98,E,1018.0,30.06,0.0,0.0,69,25,25.3,77.6,10.0,6.0,5.0,4.4,7.1,420.85,55.0,10.35,3.35,37.25,37.85,2,4,06:37 AM,06:43 PM,07:24 PM,06:50 AM,Full Moon,100,Normal
Cambodia,Phnom Penh,11.55,104.9167,Asia/Phnom_Penh,1732436100,2024-11-24 15:15,33.2,91.8,Partly cloudy,8.7,14.0,45,NE,1007.0,29.74,0.0,0.0,59,25,39.4,102.9,10.0,6.0,2.8,10.5,16.9,590.15,61.0,6.475,3.7,9.805,9.99,1,1,06:01 AM,05:33 PM,12:26 AM,01:00 PM,Waning Crescent,44,Normal
Oman,Muscat,23.6133,58.5933,Asia/Muscat,1737021600,2025-01-16 14:00,24.2,75.6,Sunny,9.4,15.1,80,E,1019.0,30.09,0.0,0.0,57,0,25.0,76.9,10.0,6.0,4.0,10.8,17.4,342.25,97.0,23.31,23.125,27.01,48.285,2,3,06:50 AM,05:41 PM,08:07 PM,08:39 AM,Waning Gibbous,96,Normal
Sudan,Juba,12.15,24.45,Africa/Khartoum,1751185800,2025-06-29 10:30,29.0,84.3,Partly Cloudy,13.4,21.6,260,W,1010.0,29.83,0.0,0.0,45,46,29.6,85.2,10.0,6.0,5.7,16.3,26.3,377.4,62.0,2.405,0.74,37.0,124.135,2,4,06:01 AM,06:51 PM,09:43 AM,10:27 PM,Waxing Crescent,15,Normal
Madagascar,Ivory,-24.3667,46.45,Indian/Antananarivo,1755591300,2025-08-19 11:15,21.2,70.1,Partly Cloudy,14.5,23.4,55,NE,1025.0,30.27,0.0,0.0,47,55,21.2,70.1,10.0,6.0,1.9,16.7,26.9,151.7,43.0,2.775,0.37,3.145,4.07,1,1,06:17 AM,05:39 PM,03:15 AM,01:47 PM,Waning Crescent,21,Normal
Montenegro,Podgorica,42.4411,19.2636,Europe/Podgorica,1730020500,2024-10-27 10:15,20.1,68.2,Sunny,2.2,3.6,209,SSW,1025.0,30.27,0.0,0.0,64,0,20.1,68.2,10.0,6.0,1.9,2.3,3.7,316.35,48.0,4.995,2.59,31.45,36.075,2,3,07:11 AM,05:43 PM,02:01 AM,03:45 PM,Waning Crescent,25,Normal
Kenya,Nairobi,-1.2833,36.8167,Africa/Nairobi,1731228300,2024-11-10 11:45,22.1,71.8,Partly cloudy,10.1,16.2,67,ENE,1023.0,30.21,0.42,0.02,61,75,24.6,76.2,10.0,6.0,11.0,11.6,18.6,519.85,52.0,7.585,6.475,13.135,18.87,1,2,06:11 AM,06:22 PM,01:39 PM,01:16 AM,Waxing Gibbous,58,Normal
Democratic Republic of Congo,Kinshasa,-4.3,15.3,Africa/Brazzaville,1734691500,2024-12-20 11:45,31.4,88.4,Sunny,2.2,3.6,314,NW,1012.0,29.89,0.0,0.0,59,16,35.6,96.1,10.0,6.0,10.0,6.7,10.8,593.85,75.0,2.59,0.925,24.975,27.01,2,3,05:46 AM,06:08 PM,10:42 PM,10:11 AM,Waning Gibbous,77,Normal
Angola,Luanda,-8.84,13.23,Africa/Luanda,1717682400,2024-06-06 15:00,26.0,78.8,Partly cloudy,10.5,16.9,280,W,1013.0,29.91,0.0,0.0,70,75,28.2,82.7,10.0,6.0,7.0,17.7,28.5,363.8,47.9,6.1,2.7,7.3,25.2,1,1,06:17 AM,05:55 PM,06:04 AM,05:55 PM,New Moon,0,Normal
Uganda,Kampala,0.3156,32.5656,Africa/Kampala,1744623000,2025-04-14 12:30,26.2,79.2,Partly cloudy,6.7,10.8,133,SE,1020.0,30.12,0.77,0.03,65,50,29.5,85.1,10.0,6.0,8.1,10.6,17.0,547.6,58.0,7.03,3.515,37.185,37.925,2,4,06:46 AM,06:53 PM,07:57 PM,07:33 AM,Waning Gibbous,99,Normal
Philippines,Manila,14.6042,120.9822,Asia/Manila,1748250000,2025-05-26 17:00,34.2,93.6,Partly Cloudy,11.9,19.1,119,ESE,1008.0,29.77,0.0,0.0,53,25,39.5,103.2,10.0,6.0,0.7,15.0,24.2,553.15,60.0,10.545,24.05,17.39,19.795,2,2,05:27 AM,06:20 PM,04:11 AM,05:31 PM,Waning Crescent,3,Normal
Lesotho,Maseru,-29.3167,27.4833,Africa/Johannesburg,1736675100,2025-01-12 11:45,25.3,77.5,Partly cloudy,11.9,19.1,354,N,1020.0,30.12,0.0,0.0,54,75,25.5,78.0,10.0,6.0,13.6,13.6,22.0,310.8,82.0,2.96,2.22,24.605,24.605,2,3,05:23 AM,07:14 PM,06:22 PM,03:23 AM,Waxing Gibbous,95,Normal
Switzerland,Bern,46.9167,7.4667,Europe/Zurich,1751619600,2025-07-04 11:00,22.1,71.8,Partly cloudy,4.5,7.2,41,NE,1026.0,30.3,0.01,0.0,69,75,24.6,76.3,10.0,6.0,5.6,5.1,8.3,305.25,84.0,10.36,0.555,9.99,13.875,1,1,05:42 AM,09:28 PM,03:42 PM,01:15 AM,Waxing Gibbous,60,Normal
Morocco,Rabat,34.03,-6.84,Africa/Casablanca,1717768800,2024-06-07 15:00,22.4,72.3,Partly cloudy,10.5,16.9,270,W,1015.0,29.97,0.0,0.0,65,75,24.7,76.5,5.0,3.0,6.0,13.1,21.1,173.6,93.0,0.1,0.3,2.2,6.6,1,1,06:16 AM,08:37 PM,06:41 AM,10:06 PM,Waxing Crescent,0,Normal
Portugal,Lisbon,38.72,-9.13,Europe/Lisbon,1723293000,2024-08-10 13:30,28.2,82.8,Sunny,5.8,9.4,249,WSW,1014.0,29.95,0.0,0.0,42,0,28.2,82.8,10.0,6.0,7.0,9.4,15.1,243.7,137.3,7.1,7.0,12.6,24.9,1,2,06:46 AM,08:37 PM,12:23 PM,11:21 PM,Waxing Crescent,26,Normal
Greece,Athens,37.9795,23.7162,Europe/Athens,1743155100,2025-03-28 11:45,20.3,68.5,Partly cloudy,9.8,15.8,265,W,1003.0,29.62,0.0,0.0,46,25,20.3,68.5,10.0,6.0,4.7,11.3,18.2,525.4,57.0,70.855,9.62,29.6,37.555,2,3,06:16 AM,06:44 PM,05:40 AM,05:45 PM,Waning Crescent,3,Normal
Qatar,Doha,25.2867,51.5333,Asia/Qatar,1769670000,2026-01-29 10:00,21.1,70.0,Sunny,8.3,13.3,214,SW,1018.0,30.06,0.0,0.0,69,0,21.1,70.0,10.0,6.0,4.1,10.6,17.1,336.85,78.0,25.65,6.85,26.85,36.85,2,3,06:18 AM,05:16 PM,01:28 PM,02:56 AM,Waxing Gibbous,79,Normal
Burkina Faso,Ouagadougou,12.3703,-1.5247,Africa/Ouagadougou,1745226900,2025-04-21 09:15,33.0,91.4,Sunny,9.4,15.1,226,SW,1010.0,29.83,0.0,0.0,44,0,33.1,91.6,10.0,6.0,4.5,10.8,17.4,479.15,84.0,1.85,1.11,33.67,118.955,2,3,05:51 AM,06:19 PM,12:48 AM,12:27 PM,Last Quarter,51,Normal
Turkmenistan,Ashgabat,37.95,58.3833,Asia/Ashgabat,1728811800,2024-10-13 14:30,23.3,73.9,Partly cloudy,6.3,10.1,345,NNW,1016.0,30.0,0.01,0.0,36,25,23.8,74.8,10.0,6.0,3.9,7.2,11.6,431.05,32.0,45.325,14.615,23.495,43.66,2,2,07:13 AM,06:31 PM,04:24 PM,01:53 AM,Waxing Gibbous,73,Normal
Mozambique,Maputo,-25.9653,32.5892,Africa/Maputo,1740649500,2025-02-27 11:45,28.2,82.8,Partly cloudy,11.2,18.0,183,S,1011.0,29.85,0.0,0.0,58,25,29.3,84.7,10.0,6.0,12.0,12.9,20.7,149.85,49.0,1.11,1.85,7.955,10.915,1,1,05:43 AM,06:22 PM,04:49 AM,06:10 PM,New Moon,2,Normal
Turkey,Yaren,39.55,27.6167,Europe/Istanbul,1756108800,2025-08-25 11:00,25.3,77.5,Sunny,16.6,26.6,21,NNE,1014.0,29.94,0.0,0.0,47,0,25.0,77.0,10.0,6.0,5.7,19.0,30.6,270.1,78.0,4.995,1.85,11.84,16.465,1,1,06:31 AM,07:51 PM,08:34 AM,08:50 PM,Waxing Crescent,3,Normal
Ukraine,Kyiv,50.4333,30.5167,Europe/Kiev,1751445000,2025-07-02 11:30,22.4,72.3,Partly Cloudy,13.9,22.3,320,NW,1014.0,29.96,0.0,0.0,45,41,24.4,75.8,10.0,6.0,6.3,15.9,25.7,271.95,53.0,10.73,2.405,9.065,12.025,1,1,04:51 AM,09:12 PM,12:55 PM,12:11 AM,First Quarter,41,Normal
San Marino,San Marino,43.9333,12.45,Europe/San_Marino,1750928400,2025-06-26 11:00,29.3,84.7,Sunny,4.7,7.6,57,ENE,1014.0,29.94,0.0,0.0,58,0,30.4,86.7,10.0,6.0,6.9,6.2,9.9,293.978,93.0,4.2,1.096,17.529,36.702,2,2,05:29 AM,08:57 PM,06:00 AM,10:25 PM,Waxing Crescent,0,Normal
Mozambique,Maputo,-25.9653,32.5892,Africa/Maputo,1758959100,2025-09-27 09:45,23.1,73.6,Partly cloudy,3.1,5.0,20,NNE,1022.0,30.18,0.01,0.0,65,75,25.0,76.9,10.0,6.0,3.7,3.6,5.8,314.5,51.0,6.29,3.33,16.835,19.61,2,2,05:34 AM,05:48 PM,08:35 AM,10:56 PM,Waxing Crescent,22,Normal
Thailand,Bangkok,13.75,100.5167,Asia/Bangkok,1739268900,2025-02-11 17:15,32.1,89.8,Sunny,2.2,3.6,290,WNW,1009.0,29.8,0.0,0.0,38,0,29.9,85.8,10.0,6.0,0.5,6.7,10.8,2456.8,118.0,91.945,66.785,70.3,70.485,4,9,06:42 AM,06:22 PM,05:21 PM,05:43 AM,Waxing Gibbous,96,Normal
Djibouti,Djibouti,11.595,43.1481,Africa/Djibouti,1761984900,2025-11-01 11:15,29.7,85.4,Sunny,8.9,14.4,87,E,1013.0,29.9,0.0,0.0,51,0,31.1,88.0,10.0,6.0,8.9,11.2,18.1,179.85,97.0,2.85,4.25,22.95,51.75,2,2,06:00 AM,05:42 PM,02:29 PM,01:50 AM,Waxing Gibbous,72,Normal
Austria,Vienna,48.2,16.3667,Europe/Vienna,1754123400,2025-08-02 10:30,21.1,70.0,Partly Cloudy,6.5,10.4,135,SE,1012.0,29.88,0.0,0.0,64,0,21.1,70.0,10.0,6.0,3.2,7.5,12.0,279.35,62.0,9.25,0.74,8.88,9.435,1,1,05:32 AM,08:29 PM,03:13 PM,11:37 PM,Waxing Gibbous,54,Normal
Ukraine,Kyiv,50.4333,30.5167,Europe/Kiev,1754036100,2025-08-01 11:15,23.3,73.9,Sunny,9.8,15.8,290,WNW,1012.0,29.88,0.0,0.0,51,23,24.9,76.7,10.0,6.0,5.5,11.3,18.2,340.4,55.0,30.34,4.81,14.985,19.795,1,2,05:26 AM,08:42 PM,02:11 PM,11:08 PM,First Quarter,44,Normal
Bangladesh,Dhaka,23.7231,90.4086,Asia/Dhaka,1750323600,2025-06-19 15:00,32.3,90.2,Light rain shower,18.6,29.9,171,S,1000.0,29.52,0.54,0.02,59,80,37.9,100.1,10.0,6.0,5.2,24.4,39.3,567.95,76.0,21.46,12.025,36.63,43.475,2,4,05:12 AM,06:48 PM,No moonrise,12:25 PM,Last Quarter,51,Normal
Luxembourg,Luxembourg,49.61,6.13,Europe/Luxembourg,1721306700,2024-07-18 14:45,25.0,77.0,Partly cloudy,5.6,9.0,130,SE,1022.0,30.18,0.0,0.0,47,25,26.0,78.9,10.0,6.0,6.0,7.2,11.7,165.2,111.6,1.9,1.1,4.7,5.4,1,1,05:49 AM,09:35 PM,07:47 PM,02:04 AM,Waxing Gibbous,86,Normal
Indonesia,Laos,-8.1826,114.3188,Asia/Jakarta,1759731300,2025-10-06 13:15,31.7,89.1,Patchy rain nearby,7.6,12.2,145,SE,1011.0,29.87,0.16,0.01,51,80,34.7,94.5,10.0,6.0,10.2,8.8,14.2,381.85,55.0,9.65,4.05,26.45,27.25,2,3,05:05 AM,05:17 PM,04:32 PM,04:05 AM,Waxing Gibbous,97,Normal
Madagascar,Antananarivo,-18.9167,47.5167,Indian/Antananarivo,1732437000,2024-11-24 11:30,29.0,84.2,Partly cloudy,4.9,7.9,103,ESE,1019.0,30.09,0.0,0.0,45,25,28.3,82.9,10.0,6.0,13.8,5.7,9.1,469.9,65.0,2.96,1.48,9.805,9.99,1,1,05:03 AM,06:10 PM,12:44 AM,12:41 PM,Waning Crescent,42,Normal
Thailand,Bangkok,13.75,100.5167,Asia/Bangkok,1755764100,2025-08-21 15:15,34.4,93.9,Partly cloudy,5.1,8.3,183,S,1007.0,29.74,0.02,0.0,56,50,38.5,101.2,10.0,6.0,5.2,5.9,9.5,1844.45,52.0,22.94,14.8,18.685,21.09,2,2,06:06 AM,06:36 PM,04:02 AM,05:19 PM,Waning Crescent,7,Normal
Gambia,Banjul,13.4531,-16.5775,Africa/Banjul,1740736800,2025-02-28 10:00,22.1,71.8,Sunny,8.9,14.4,24,NNE,1012.0,29.88,0.0,0.0,57,0,23.9,75.1,9.0,5.0,3.2,16.8,27.0,336.7,57.0,2.775,1.48,68.08,168.35,4,9,07:23 AM,07:15 PM,07:43 AM,07:56 PM,Waxing Crescent,0,Normal
Botswana,Gaborone,-24.65,25.91,Africa/Gaborone,1718545500,2024-06-16 15:45,22.3,72.2,Sunny,7.4,11.9,34,NE,1020.0,30.12,0.0,0.0,31,4,23.5,74.2,10.0,6.0,7.0,8.5,13.7,343.8,90.1,3.0,7.5,30.4,36.2,2,3,06:59 AM,05:36 PM,01:35 PM,01:41 AM,Waxing Gibbous,67,Normal
North Korea,Pyongyang,39.0194,125.7547,Asia/Pyongyang,1757231100,2025-09-07 16:45,26.9,80.3,Sunny,9.4,15.1,284,WNW,1008.0,29.76,0.0,0.0,57,11,28.0,82.3,10.0,6.0,2.6,12.2,19.6,603.1,58.0,10.73,14.43,27.01,30.71,2,3,06:11 AM,06:58 PM,06:47 PM,05:12 AM,Waxing Gibbous,98,Normal
Czech Republic,Prague,50.08,14.47,Europe/Prague,1725365700,2024-09-03 14:15,29.0,84.2,Sunny,5.6,9.0,40,NE,1016.0,30.0,0.0,0.0,48,0,28.3,82.9,10.0,6.0,8.0,8.2,13.2,270.4,131.6,5.4,4.6,15.3,17.3,1,2,06:20 AM,07:41 PM,06:26 AM,07:58 PM,Waxing Crescent,0,Normal
Montenegro,Podgorica,42.4411,19.2636,Europe/Podgorica,1749717900,2025-06-12 10:45,31.4,88.5,Sunny,2.2,3.6,200,SSW,1015.0,29.97,0.0,0.0,31,0,32.5,90.6,10.0,6.0,5.5,6.7,10.8,345.95,79.0,5.92,1.295,17.205,19.24,2,2,05:05 AM,08:20 PM,09:56 PM,05:24 AM,Waning Gibbous,99,Normal
Indonesia,Jakarta,-6.2146,106.8451,Asia/Jakarta,1760859900,2025-10-19 14:45,32.1,89.8,Partly cloudy,8.5,13.7,7,N,1003.0,29.62,0.0,0.0,63,50,35.2,95.3,10.0,6.0,8.0,9.8,15.7,4609.85,23.0,119.85,60.45,181.55,181.55,5,10,05:30 AM,05:46 PM,03:49 AM,04:08 PM,Waning Crescent,7,Normal
China,Beijing,39.9289,116.3883,Asia/Shanghai,1758786300,2025-09-25 15:45,27.1,80.8,Partly Cloudy,2.2,3.6,199,SSW,1018.0,30.06,0.0,0.0,48,0,25.8,78.4,10.0,6.0,1.9,6.7,10.8,2356.9,2.0,98.42,57.165,96.2,104.71,4,10,06:05 AM,06:07 PM,09:19 AM,07:22 PM,Waxing Crescent,8,Normal
Zambia,Lusaka,-15.4167,28.2833,Africa/Lusaka,1739442600,2025-02-13 12:30,26.0,78.8,Patchy rain nearby,5.4,8.6,52,NE,1011.0,29.86,0.74,0.03,63,72,27.3,81.2,9.0,5.0,15.7,6.3,10.1,442.15,49.0,0.925,0.74,4.255,4.255,1,1,06:03 AM,06:39 PM,07:26 PM,06:36 AM,Waning Gibbous,100,Normal
Tanzania,Dodoma,-6.1833,35.75,Africa/Dar_es_Salaam,1730452500,2024-11-01 12:15,29.7,85.4,Partly Cloudy,9.8,15.8,94,E,1012.0,29.87,0.0,0.0,39,31,29.6,85.3,10.0,6.0,8.0,11.3,18.2,253.45,36.0,1.11,0.185,2.96,4.255,1,1,06:11 AM,06:30 PM,05:53 AM,06:29 PM,New Moon,0,Normal
Vatican City,Vatican City,41.904,12.453,Europe/Vatican,1755682200,2025-08-20 11:30,29.2,84.6,Sunny,9.8,15.8,166,SSE,1011.0,29.85,0.0,0.0,55,25,29.4,84.9,10.0,6.0,4.5,11.3,18.2,299.7,96.0,10.73,0.925,24.79,28.49,2,3,06:23 AM,08:03 PM,02:45 AM,06:48 PM,Waning Crescent,13,Normal
Mozambique,Maputo,-25.9653,32.5892,Africa/Maputo,1730797200,2024-11-05 11:00,26.2,79.2,Partly cloudy,8.7,14.0,145,SE,1014.0,29.94,0.0,0.0,65,50,27.2,80.9,10.0,6.0,6.8,10.0,16.2,244.2,59.0,1.665,2.59,12.395,19.61,1,2,04:58 AM,06:09 PM,07:26 AM,10:00 PM,Waxing Crescent,11,Normal
Monaco,Monaco,43.7333,7.4167,Europe/Paris,1755160200,2025-08-14 10:30,32.0,89.6,Sunny,6.0,9.7,205,SSW,1015.0,29.97,0.0,0.0,34,0,36.1,96.9,10.0,6.0,2.7,8.1,13.1,277.5,83.0,11.84,0.925,19.61,24.975,2,2,06:34 AM,08:35 PM,10:54 PM,12:33 PM,Waning Gibbous,75,Normal
Jordan,Amman,31.95,35.9333,Asia/Amman,1756800000,2025-09-02 11:00,25.1,77.2,Mist,14.1,22.7,276,W,1011.0,29.85,0.0,0.0,57,25,25.3,77.5,5.0,3.0,8.1,16.2,26.1,220.15,74.0,10.175,12.95,20.165,57.905,2,2,06:12 AM,06:59 PM,03:34 PM,12:20 AM,Waxing Gibbous,65,Normal
Malta,Valletta,35.9,14.51,Europe/Malta,1718373600,2024-06-14 16:00,27.3,81.1,Partly cloudy,8.1,13.0,190,S,1018.0,30.06,0.0,0.0,58,75,29.4,84.9,10.0,6.0,6.0,8.7,14.0,178.6,121.6,2.9,41.5,35.3,43.2,2,3,05:45 AM,08:20 PM,01:12 PM,01:15 AM,First Quarter,48,Normal
Zambia,Lusaka,-15.42,28.28,Africa/Lusaka,1716387300,2024-05-22 16:15,24.9,76.7,Sunny,8.7,14.0,92,E,1016.0,29.99,0.0,0.0,33,25,24.9,76.7,10.0,6.0,7.0,10.9,17.5,1201.6,62.2,3.6,5.8,9.2,17.3,1,1,06:23 AM,05:44 PM,04:50 PM,05:12 AM,Waxing Gibbous,97,Normal
Papua New Guinea,Port Moresby,-9.4647,147.1925,Pacific/Port_Moresby,1770015600,2026-02-02 17:00,29.1,84.3,Patchy rain nearby,9.8,15.8,277,W,1008.0,29.77,0.45,0.02,70,82,33.0,91.4,9.0,5.0,1.1,13.2,21.3,156.85,36.0,1.75,1.05,6.35,7.65,1,1,06:10 AM,06:40 PM,07:03 PM,06:09 AM,Full Moon,100,Normal
Uganda,Kampala,0.3156,32.5656,Africa/Kampala,1760169600,2025-10-11 11:00,28.0,82.4,Sunny,7.8,12.6,157,SSE,1012.0,29.88,0.0,0.0,42,13,28.0,82.5,10.0,6.0,10.7,9.0,14.5,318.85,52.0,4.15,2.25,24.85,25.25,2,3,06:33 AM,06:39 PM,10:58 PM,10:26 AM,Waning Gibbous,81,Normal
Austria,Vienna,48.2,16.3667,Europe/Vienna,1752827400,2025-07-18 10:30,20.1,68.2,Moderate rain,11.4,18.4,275,W,1013.0,29.91,0.09,0.0,68,75,20.1,68.2,10.0,6.0,1.5,13.3,21.3,297.85,69.0,16.465,1.295,11.285,20.905,1,1,05:13 AM,08:48 PM,No moonrise,02:16 PM,Last Quarter,51,Normal
Ethiopia,Addis Ababa,9.0333,38.7,Africa/Addis_Ababa,1732524300,2024-11-25 11:45,20.4,68.7,Sunny,3.6,5.8,195,SSW,1026.0,30.3,0.0,0.0,32,0,20.4,68.7,10.0,6.0,9.6,4.1,6.6,1135.9,95.0,5.55,2.96,42.92,48.84,3,5,06:22 AM,06:02 PM,01:45 AM,02:06 PM,Waning Crescent,33,Normal
Austria,Vienna,48.2,16.3667,Europe/Vienna,1755333000,2025-08-16 10:30,29.3,84.7,Sunny,10.5,16.9,300,WNW,1017.0,30.03,0.0,0.0,45,0,29.4,84.9,10.0,6.0,3.8,12.1,19.5,325.6,82.0,7.585,1.295,20.72,30.525,2,2,05:51 AM,08:06 PM,11:03 PM,02:54 PM,Last Quarter,53,Normal
Rwanda,Kigali,-1.9536,30.0606,Africa/Kigali,1760515200,2025-10-15 10:00,23.3,73.9,Sunny,3.4,5.4,149,SSE,1021.0,30.15,0.0,0.0,65,25,24.5,76.1,8.0,4.0,9.1,3.9,6.2,325.85,75.0,3.05,1.95,15.75,16.05,2,2,05:41 AM,05:50 PM,01:09 AM,01:27 PM,Waning Crescent,38,Normal
Kiribati,Tarawa,-0.88,169.53,Pacific/Tarawa,1726829100,2024-09-20 22:45,29.0,84.3,Partly Cloudy,13.6,22.0,97,E,1011.0,29.85,0.0,0.0,69,44,32.7,90.9,10.0,6.0,1.0,18.3,29.5,216.45,24.0,0.0,0.37,11.84,22.94,1,1,06:32 AM,06:38 PM,08:31 PM,08:02 AM,Waning Gibbous,95,Normal
Mauritius,Port Louis,-20.1619,57.4989,Indian/Mauritius,1757059200,2025-09-05 12:00,25.3,77.5,Partly cloudy,9.2,14.8,77,ENE,1020.0,30.12,0.0,0.0,61,50,26.5,79.6,10.0,6.0,10.2,10.6,17.0,216.45,59.0,8.51,2.22,14.985,22.2,1,2,06:15 AM,06:02 PM,03:51 PM,04:29 AM,Waxing Gibbous,90,Normal
Tanzania,Dodoma,-6.1833,35.75,Africa/Dar_es_Salaam,1769324400,2026-01-25 10:00,25.5,78.0,Partly Cloudy,4.5,7.2,68,ENE,1015.0,29.97,0.0,0.0,56,31,26.5,79.7,10.0,6.0,8.0,5.1,8.3,162.85,40.0,5.25,1.45,8.25,8.65,1,1,06:37 AM,07:01 PM,11:50 AM,No moonset,Waxing Crescent,35,Normal
Sudan,Khartoum,15.5881,32.5342,Africa/Khartoum,1755504000,2025-08-18 10:00,29.8,85.7,Sunny,15.9,25.6,200,SSW,1010.0,29.82,0.0,0.0,46,13,30.7,87.2,10.0,6.0,4.2,18.5,29.8,516.15,64.0,3.33,1.665,12.765,43.29,1,2,05:36 AM,06:12 PM,12:35 AM,02:17 PM,Waning Crescent,31,Normal
Russia,Moscow,55.7522,37.6156,Europe/Moscow,1754208900,2025-08-03 11:15,23.2,73.8,Partly cloudy,7.2,11.5,333,NNW,1019.0,30.09,0.0,0.0,69,75,24.8,76.6,10.0,6.0,5.5,8.2,13.2,530.95,53.0,43.845,38.85,20.535,27.38,2,2,04:38 AM,08:31 PM,04:46 PM,10:46 PM,Waxing Gibbous,63,Normal
United Arab Emirates,Abu Dhabi,24.4667,54.3667,Asia/Dubai,1762587000,2025-11-08 11:30,29.1,84.4,Sunny,3.1,5.0,80,E,1018.0,30.06,0.0,0.0,31,0,28.6,83.4,10.0,6.0,5.2,4.3,6.9,221.85,11.0,37.45,11.55,45.55,60.35,3,5,06:33 AM,05:39 PM,08:17 PM,09:41 AM,Waning Gibbous,92,Normal
Italy,Rome,41.9,12.4833,Europe/Rome,1746348300,2025-05-04 10:45,20.1,68.2,Sunny,12.8,20.5,164,SSE,1013.0,29.91,0.0,0.0,64,0,20.1,68.2,10.0,6.0,3.2,14.7,23.6,297.85,74.0,15.355,2.035,35.89,50.135,2,3,06:02 AM,08:12 PM,12:05 PM,02:29 AM,First Quarter,43,Normal
Madagascar,Ivory,-24.3667,46.45,Indian/Antananarivo,1736937000,2025-01-15 13:30,31.4,88.5,Patchy rain nearby,9.6,15.5,41,NE,1007.0,29.75,0.01,0.0,50,85,33.8,92.8,10.0,6.0,7.4,11.4,18.4,223.85,56.0,0.555,0.185,2.59,2.96,1,1,05:20 AM,06:48 PM,08:13 PM,06:27 AM,Waning Gibbous,99,Normal
Jamaica,Kingston,18.0,-76.8,America/Jamaica,1764400500,2025-11-29 02:15,26.3,79.3,Cloudy,4.3,6.8,22,NNE,1013.0,29.91,0.0,0.0,70,0,30.6,87.0,10.0,6.0,0.0,8.9,14.4,828.85,28.0,13.35,3.75,10.75,12.15,1,1,06:21 AM,05:30 PM,01:17 PM,12:46 AM,Waxing Gibbous,60,Normal
India,New Delhi,28.6,77.2,Asia/Kolkata,1730797200,2024-11-05 14:30,31.2,88.2,Mist,3.6,5.8,60,ENE,1015.0,29.97,0.0,0.0,33,0,29.0,84.3,2.5,1.0,2.8,4.1,6.6,3655.6,81.0,67.34,60.125,151.7,236.06,5,10,06:36 AM,05:33 PM,10:05 AM,08:08 PM,Waxing Crescent,11,Normal
Eritrea,Asmara,15.3333,38.9333,Africa/Asmara,1743154200,2025-03-28 12:30,21.6,71.0,Patchy rain nearby,3.4,5.4,50,NE,1012.0,29.88,0.16,0.01,38,86,21.6,71.0,10.0,6.0,13.5,5.2,8.4,301.55,79.0,0.555,1.295,59.015,286.01,3,8,06:22 AM,06:36 PM,05:28 AM,05:44 PM,Waning Crescent,4,Normal
Lithuania,Vilnius,54.6833,25.3167,Europe/Vilnius,1754814600,2025-08-10 11:30,20.1,68.2,Partly Cloudy,7.6,12.2,182,S,1017.0,30.03,0.0,0.0,68,0,20.1,68.2,10.0,6.0,2.0,10.0,16.2,308.95,65.0,4.81,0.74,13.135,15.355,1,2,05:46 AM,09:02 PM,09:35 PM,06:45 AM,Waning Gibbous,100,Normal
Vietnam,Hanoi,21.0333,105.85,Asia/Bangkok,1760774400,2025-10-18 15:00,33.3,91.9,Partly Cloudy,4.7,7.6,118,ESE,1011.0,29.85,0.0,0.0,56,25,37.9,100.3,10.0,6.0,2.9,6.4,10.4,1520.85,58.0,53.25,53.25,109.15,109.35,4,10,05:53 AM,05:30 PM,03:00 AM,03:37 PM,Waning Crescent,13,Normal
Lesotho,Maseru,-29.3167,27.4833,Africa/Johannesburg,1739355300,2025-02-12 12:15,24.1,75.4,Partly cloudy,9.2,14.8,354,N,1024.0,30.24,0.0,0.0,57,75,25.1,77.3,10.0,6.0,14.0,10.6,17.0,186.85,73.0,2.22,14.615,9.99,10.175,1,1,05:49 AM,06:59 PM,07:11 PM,05:25 AM,Full Moon,99,Normal
Paraguay,Aurora,-23.43,-61.33,America/Argentina/Cordoba,1726916400,2024-09-21 08:00,22.8,73.1,Sunny,6.9,11.2,80,E,1007.0,29.73,0.0,0.0,70,6,24.9,76.8,10.0,6.0,7.0,10.1,16.2,1601.02,67.0,0.839,1.007,132.915,191.149,4,10,06:55 AM,07:01 PM,11:09 PM,09:18 AM,Waning Gibbous,88,Normal
Zimbabwe,Harare,-17.8178,31.0447,Africa/Harare,1739010600,2025-02-08 12:30,26.5,79.8,Patchy rain nearby,9.4,15.1,180,S,1012.0,29.88,0.29,0.01,47,88,27.0,80.5,9.0,5.0,12.2,11.5,18.5,281.2,51.0,0.555,0.185,4.81,5.365,1,1,05:47 AM,06:33 PM,03:27 PM,01:32 AM,Waxing Gibbous,77,Normal
Mexico,Mexico City,19.43,-99.13,America/Mexico_City,1716561000,2024-05-24 08:30,21.0,69.8,Sunny,3.8,6.1,80,E,1026.0,30.3,0.0,0.0,49,0,21.0,69.8,11.0,6.0,6.0,8.3,13.3,1148.2,3.1,62.4,25.5,41.6,55.6,3,4,05:59 AM,07:09 PM,08:35 PM,06:37 AM,Waning Gibbous,100,Normal
Bangladesh,Dhaka,23.7231,90.4086,Asia/Dhaka,1730365200,2024-10-31 15:00,31.4,88.5,Cloudy,4.7,7.6,294,WNW,1008.0,29.76,0.0,0.0,57,82,35.2,95.3,10.0,6.0,2.1,6.8,10.9,969.4,107.0,50.69,44.03,96.755,140.045,4,10,06:04 AM,05:20 PM,04:51 AM,04:31 PM,Waning Crescent,2,Normal
Gabon,Libreville,0.38,9.45,Africa/Libreville,1721825100,2024-07-24 13:45,26.6,80.0,Cloudy,7.2,11.5,223,SW,1016.0,30.0,0.0,0.0,69,76,28.6,83.5,10.0,6.0,6.0,8.5,13.6,514.0,69.4,3.4,5.8,7.4,10.5,1,1,06:24 AM,06:33 PM,09:33 PM,09:06 AM,Waning Gibbous,91,Normal
Morocco,Rabat,34.0253,-6.8361,Africa/Casablanca,1751013900,2025-06-27 09:45,27.3,81.1,Partly Cloudy,6.9,11.2,27,NNE,1016.0,30.0,0.0,0.0,66,0,27.4,81.4,6.0,3.0,1.9,14.3,23.0,262.7,76.0,10.545,12.025,22.755,35.705,2,2,06:18 AM,08:43 PM,08:11 AM,10:52 PM,Waxing Crescent,3,Normal
Ethiopia,Addis Ababa,9.0333,38.7,Africa/Addis_Ababa,1736591400,2025-01-11 13:30,20.3,68.5,Partly cloudy,6.5,10.4,168,SSE,1027.0,30.33,0.0,0.0,46,75,20.3,68.5,10.0,6.0,11.1,7.5,12.0,682.65,100.0,1.295,4.995,29.045,55.87,2,3,06:44 AM,06:22 PM,04:01 PM,04:08 AM,Waxing Gibbous,89,Normal
Bangladesh,Dhaka,23.72,90.41,Asia/Dhaka,1726484400,2024-09-16 17:00,31.0,87.8,Sunny,10.3,16.6,156,SSE,1002.0,29.59,0.0,0.0,66,9,36.5,97.6,10.0,6.0,8.0,14.5,23.4,370.0,95.0,9.62,7.585,31.45,50.505,2,3,05:45 AM,06:01 PM,04:57 PM,03:29 AM,Waxing Gibbous,93,Normal
Japan,Tokyo,35.6895,139.6917,Asia/Tokyo,1751705100,2025-07-05 17:45,33.0,91.4,Partly cloudy,4.3,6.8,161,SSE,1003.0,29.62,0.0,0.0,59,25,38.0,100.4,10.0,6.0,0.5,5.8,9.3,632.7,39.0,76.96,47.545,37.74,39.59,2,4,04:31 AM,07:01 PM,02:07 PM,No moonset,Waxing Gibbous,67,Normal
Belarus,Minsk,53.9,27.57,Europe/Minsk,1723378500,2024-08-11 15:15,20.5,69.0,Partly Cloudy,16.6,26.6,293,WNW,1011.0,29.85,0.0,0.0,51,25,20.5,69.0,10.0,6.0,6.0,20.4,32.8,210.3,86.6,0.5,0.2,0.7,1.0,1,1,05:42 AM,08:47 PM,01:32 PM,10:31 PM,Waxing Crescent,34,Normal
Niger,Niamey,13.5167,2.1167,Africa/Niamey,1728120600,2024-10-05 10:30,28.7,83.7,Sunny,13.6,22.0,165,SSE,1013.0,29.91,0.0,0.0,64,11,31.4,88.6,10.0,6.0,7.0,15.7,25.3,464.35,48.0,2.59,0.37,17.575,25.345,2,2,06:41 AM,06:38 PM,08:38 AM,08:20 PM,Waxing Crescent,4,Normal
Pakistan,Islamabad,33.7,73.1667,Asia/Karachi,1748681100,2025-05-31 13:45,29.2,84.6,Sunny,14.1,22.7,46,NE,1001.0,29.57,0.0,0.0,35,20,28.7,83.6,10.0,6.0,6.0,16.4,26.4,678.95,130.0,21.275,8.14,51.43,120.99,3,6,04:58 AM,07:12 PM,08:57 AM,11:30 PM,Waxing Crescent,18,Normal
Rwanda,Kigali,-1.9536,30.0606,Africa/Kigali,1760428800,2025-10-14 10:00,25.3,77.5,Clear,3.6,5.8,306,NW,1021.0,30.15,0.0,0.0,54,25,27.1,80.8,10.0,6.0,0.0,7.5,12.1,260.85,56.0,9.75,3.15,24.05,24.55,2,3,05:42 AM,05:50 PM,12:15 AM,12:34 PM,Waning Crescent,48,Normal
Luxembourg,Luxembourg,49.61,6.13,Europe/Luxembourg,1725365700,2024-09-03 14:15,23.2,73.8,Partly cloudy,6.9,11.2,180,S,1016.0,30.0,0.0,0.0,69,50,25.0,76.9,10.0,6.0,6.0,8.6,13.9,220.3,104.4,3.6,0.5,4.1,4.5,1,1,06:55 AM,08:14 PM,07:02 AM,08:31 PM,Waxing Crescent,0,Normal
Cape Verde,Praia,14.9315,-23.5125,Atlantic/Cape_Verde,1744190100,2025-04-09 08:15,26.4,79.5,Sunny,13.0,20.9,355,N,1014.0,29.94,0.0,0.0,39,0,28.5,83.3,10.0,6.0,1.0,17.1,27.6,286.75,60.0,1.48,1.11,13.32,22.015,1,2,06:24 AM,06:47 PM,04:17 PM,04:15 AM,Waxing Gibbous,86,Normal
Brazil,Bras,-2.08,-58.17,America/Manaus,1722514500,2024-08-01 08:15,28.6,83.6,Sunny,4.5,7.2,58,ENE,1014.0,29.95,0.0,0.0,47,8,29.2,84.6,10.0,6.0,8.0,5.7,9.3,233.7,31.8,0.1,0.1,3.2,3.8,1,1,05:58 AM,06:00 PM,03:27 AM,03:45 PM,Waning Crescent,12,Normal
Tanzania,Dodoma,-6.1833,35.75,Africa/Dar_es_Salaam,1756539900,2025-08-30 10:45,20.2,68.4,Sunny,10.1,16.2,100,E,1025.0,30.27,0.0,0.0,60,25,20.2,68.4,10.0,6.0,6.4,11.6,18.6,247.9,62.0,3.33,0.74,10.915,12.21,1,1,06:38 AM,06:37 PM,11:26 AM,No moonset,Waxing Crescent,37,Normal
Australia,Canberra,-35.2833,149.2167,Australia/Sydney,1761984000,2025-11-01 19:00,21.3,70.3,Partly cloudy,10.3,16.6,81,E,1014.0,29.94,0.0,0.0,64,50,21.3,70.3,10.0,6.0,0.2,19.4,31.3,123.85,67.0,4.65,1.85,8.55,10.15,1,1,06:01 AM,07:34 PM,02:39 PM,03:15 AM,Waxing Gibbous,69,Normal
Burundi,Bujumbura,-3.3761,29.36,Africa/Bujumbura,1762500600,2025-11-07 09:30,26.5,79.7,Patchy rain nearby,2.2,3.6,1,N,1012.0,29.9,0.18,0.01,58,81,27.6,81.7,9.0,5.0,5.0,2.6,4.2,216.85,47.0,3.55,1.65,17.05,17.25,2,2,05:39 AM,05:54 PM,08:02 PM,07:13 AM,Waning Gibbous,97,Normal
Mozambique,Maputo,-25.9653,32.5892,Africa/Maputo,1751965200,2025-07-08 11:00,21.2,70.2,Partly Cloudy,4.0,6.5,130,SE,1034.0,30.53,0.0,0.0,53,25,21.2,70.2,10.0,6.0,3.9,4.6,7.5,222.0,55.0,4.995,3.7,12.21,14.8,1,2,06:37 AM,05:13 PM,02:56 PM,04:32 AM,Waxing Gibbous,91,Normal
Italy,Rome,41.9,12.4833,Europe/Rome,1756627200,2025-08-31 10:00,22.0,71.6,Sunny,4.0,6.5,18,NNE,1013.0,29.91,0.0,0.0,65,0,24.4,76.0,10.0,6.0,3.2,4.6,7.5,262.7,48.0,11.1,0.74,10.175,16.28,1,1,06:35 AM,07:45 PM,02:58 PM,11:30 PM,First Quarter,47,Normal
Kenya,Nairobi,-1.28,36.82,Africa/Nairobi,1724674500,2024-08-26 15:15,23.2,73.8,Partly cloudy,6.9,11.2,10,N,1023.0,30.21,0.01,0.0,50,75,24.4,75.9,10.0,6.0,6.0,10.6,17.0,587.5,56.5,6.0,5.8,13.5,31.1,1,2,06:32 AM,06:37 PM,No moonrise,12:11 PM,Last Quarter,54,Normal
Serbia,Belgrade,44.804,20.4651,Europe/Belgrade,1749285900,2025-06-07 10:45,27.4,81.3,Sunny,4.3,6.8,159,SSE,1016.0,30.0,0.0,0.0,62,0,28.0,82.5,10.0,6.0,5.4,4.9,7.9,357.05,71.0,8.14,7.03,29.785,41.995,2,3,04:53 AM,08:21 PM,04:54 PM,02:21 AM,Waxing Gibbous,83,Normal
Madagascar,Antananarivo,-18.9167,47.5167,Indian/Antananarivo,1735727400,2025-01-01 13:30,28.4,83.1,Partly cloudy,6.5,10.4,68,ENE,1019.0,30.09,0.0,0.0,45,50,28.7,83.7,10.0,6.0,10.9,7.5,12.0,220.15,42.0,0.74,0.74,3.145,3.515,1,1,05:16 AM,06:31 PM,06:24 AM,08:05 PM,Waxing Crescent,1,Normal
Cape Verde,Praia,14.93,-23.51,Atlantic/Cape_Verde,1717076700,2024-05-30 12:45,27.0,80.6,Partly cloudy,21.7,34.9,40,NE,1016.0,30.0,0.0,0.0,58,25,29.4,84.9,10.0,6.0,6.0,26.2,42.1,170.2,70.8,0.1,0.3,3.8,16.8,1,1,06:03 AM,07:00 PM,12:34 AM,12:28 PM,Last Quarter,58,Normal
Congo,Brazzaville,-4.2592,15.2847,Africa/Brazzaville,1747127700,2025-05-13 10:15,29.1,84.4,Partly cloudy,2.2,3.6,108,ESE,1014.0,29.94,0.02,0.0,70,75,33.0,91.3,8.0,4.0,7.4,2.3,3.7,925.0,78.0,9.435,3.515,48.47,49.21,3,6,05:57 AM,05:53 PM,06:30 PM,06:21 AM,Waning Gibbous,100,Normal
China,Beijing,39.9289,116.3883,Asia/Shanghai,1759559400,2025-10-04 14:30,24.2,75.6,Sunny,3.4,5.4,187,S,1014.0,29.94,0.0,0.0,61,0,25.1,77.2,10.0,6.0,3.1,3.9,6.2,1063.85,0.0,84.65,65.95,127.55,134.05,4,10,06:13 AM,05:52 PM,04:25 PM,02:25 AM,Waxing Gibbous,84,Normal
Nepal,Kathmandu,27.7167,85.3167,Asia/Kathmandu,1744879500,2025-04-17 14:30,24.0,75.2,Patchy light rain with thunder,4.3,6.8,188,S,1013.0,29.91,0.65,0.03,57,75,25.5,77.9,7.0,4.0,1.5,6.1,9.8,821.4,183.0,1.85,19.61,78.81,107.485,4,10,05:37 AM,06:30 PM,10:36 PM,07:57 AM,Waning Gibbous,88,Normal
Democratic Republic of Congo,Kinshasa,-4.3,15.3,Africa/Brazzaville,1725971400,2024-09-10 13:30,29.1,84.4,Partly cloudy,11.9,19.1,230,SW,1013.0,29.91,0.16,0.01,58,50,28.1,82.5,7.0,4.0,9.0,16.3,26.3,717.8,86.0,2.035,0.555,29.415,42.735,2,3,05:54 AM,05:58 PM,10:55 AM,11:38 PM,Waxing Crescent,38,Normal
Sudan,Khartoum,15.5881,32.5342,Africa/Khartoum,1753260300,2025-07-23 10:45,32.9,91.3,Partly Cloudy,16.6,26.6,195,SSW,1011.0,29.84,0.0,0.0,40,44,34.4,94.0,10.0,6.0,7.5,19.0,30.6,456.95,66.0,2.775,1.665,32.19,94.165,2,3,05:30 AM,06:23 PM,03:48 AM,05:28 PM,Waning Crescent,5,Normal
Zambia,Lusaka,-15.4167,28.2833,Africa/Lusaka,1750581900,2025-06-22 10:45,20.4,68.6,Sunny,12.8,20.5,86,E,1022.0,30.17,0.0,0.0,35,5,20.4,68.6,10.0,6.0,4.9,14.7,23.6,357.05,75.0,1.295,4.07,9.99,10.175,1,1,06:32 AM,05:46 PM,03:10 AM,02:47 PM,Waning Crescent,17,Normal
Djibouti,Djibouti,11.595,43.1481,Africa/Djibouti,1758786300,2025-09-25 10:45,33.6,92.5,Sunny,5.6,9.0,257,WSW,1008.0,29.77,0.0,0.0,51,6,38.3,100.9,10.0,6.0,5.5,8.6,13.8,481.0,59.0,5.365,5.18,47.545,115.81,3,5,05:57 AM,06:01 PM,08:32 AM,08:18 PM,Waxing Crescent,9,Normal
Rwanda,Kigali,-1.95,30.06,Africa/Kigali,1717768800,2024-06-07 16:00,27.2,81.0,Partly cloudy,5.6,9.0,200,SSW,1020.0,30.12,0.0,0.0,42,50,28.9,83.9,10.0,6.0,7.0,10.1,16.2,313.8,62.9,0.7,0.8,14.0,18.8,1,2,05:58 AM,05:59 PM,06:40 AM,07:00 PM,Waxing Crescent,0,Normal
Cambodia,Phnom Penh,11.55,104.9167,Asia/Phnom_Penh,1772865000,2026-03-07 13:30,34.5,94.1,Partly Cloudy,12.3,19.8,47,NE,1010.0,29.83,0.0,0.0,33,28,35.3,95.6,10.0,6.0,8.0,14.2,22.8,375.85,38.0,17.45,2.85,38.15,38.55,2,4,06:12 AM,06:10 PM,09:20 PM,08:29 AM,Waning Gibbous,89,Normal
Bangladesh,Dhaka,23.7231,90.4086,Asia/Dhaka,1761810300,2025-10-30 13:45,32.6,90.6,Cloudy,6.3,10.1,73,ENE,1010.0,29.82,0.0,0.0,51,77,36.1,97.0,10.0,6.0,6.1,7.2,11.6,544.85,28.0,45.95,29.55,55.65,56.05,3,7,06:03 AM,05:21 PM,01:09 PM,No moonset,Waxing Gibbous,51,Normal
Eritrea,Asmara,15.3333,38.9333,Africa/Asmara,1762502400,2025-11-07 11:00,21.0,69.8,Sunny,4.5,7.2,58,ENE,1015.0,29.98,0.0,0.0,43,4,21.0,69.8,10.0,6.0,8.2,5.1,8.3,160.85,92.0,2.05,3.85,22.25,35.55,2,2,06:23 AM,05:53 PM,07:40 PM,08:13 AM,Waning Gibbous,97,Normal
Comoros,Moroni,-11.7042,43.2403,Indian/Comoro,1762156800,2025-11-03 11:00,29.1,84.4,Moderate or heavy rain shower,8.5,13.7,255,WSW,1018.0,30.06,0.2,0.01,70,75,34.5,94.2,8.0,4.0,11.5,10.2,16.5,123.85,38.0,1.15,1.15,7.85,11.55,1,1,05:35 AM,06:07 PM,04:06 PM,03:31 AM,Waxing Gibbous,90,Normal
Madagascar,Ivory,-24.37,46.45,Indian/Antananarivo,1719665100,2024-06-29 15:45,24.3,75.8,Sunny,9.4,15.1,52,NE,1018.0,30.06,0.0,0.0,30,0,24.3,75.7,10.0,6.0,7.0,11.7,18.9,220.3,53.6,0.0,0.0,0.5,1.1,1,1,06:38 AM,05:17 PM,No moonrise,12:03 PM,Waning Crescent,49,Normal
Indonesia,Jakarta,-6.2146,106.8451,Asia/Jakarta,1772001900,2026-02-25 13:45,32.2,90.0,Partly cloudy,7.8,12.6,234,SW,1007.0,29.74,0.0,0.0,63,50,38.8,101.9,10.0,6.0,12.4,10.4,16.8,1092.85,3.0,24.15,29.15,41.55,42.45,3,4,05:58 AM,06:13 PM,12:43 PM,No moonset,Waxing Gibbous,52,Normal
Azerbaijan,Baku,40.3953,49.8822,Asia/Baku,1745743500,2025-04-27 12:45,20.4,68.7,Sunny,3.1,5.0,5,N,1006.0,29.71,0.0,0.0,64,25,20.4,68.7,10.0,6.0,7.3,4.9,7.8,360.75,84.0,12.58,1.11,22.94,72.15,2,2,05:45 AM,07:32 PM,05:10 AM,07:21 PM,New Moon,2,Normal
Costa Rica,San Jose,9.9333,-84.0833,America/Costa_Rica,1766733300,2025-12-26 01:15,22.1,71.8,Partly Cloudy,5.4,8.6,68,ENE,1017.0,30.02,0.0,0.0,69,25,24.6,76.3,10.0,6.0,0.0,11.3,18.1,220.85,32.0,11.35,3.45,8.65,9.15,1,1,05:51 AM,05:24 PM,10:44 AM,11:04 PM,Waxing Crescent,34,Normal
Egypt,Cairo,30.05,31.25,Africa/Cairo,1755936000,2025-08-23 11:00,30.4,86.7,Sunny,7.8,12.6,10,N,1009.0,29.8,0.0,0.0,59,0,29.1,84.4,6.0,3.0,7.4,9.0,14.5,316.35,66.0,43.475,122.1,40.885,67.155,3,4,06:27 AM,07:28 PM,06:24 AM,07:43 PM,New Moon,0,Normal
Czech Republic,Prague,50.08,14.47,Europe/Prague,1725192000,2024-09-01 14:00,24.3,75.7,Sunny,6.9,11.2,80,E,1019.0,30.09,0.0,0.0,65,0,25.1,77.1,10.0,6.0,7.0,7.7,12.4,237.0,120.2,1.7,1.8,8.1,9.2,1,1,06:17 AM,07:46 PM,04:02 AM,07:32 PM,Waning Crescent,4,Normal
Rwanda,Kigali,-1.9536,30.0606,Africa/Kigali,1746176400,2025-05-02 11:00,24.1,75.4,Partly cloudy,2.2,3.6,153,SSE,1021.0,30.15,0.19,0.01,69,50,25.7,78.2,10.0,6.0,11.8,6.7,10.8,488.4,59.0,2.775,0.925,13.69,13.875,1,2,05:56 AM,05:58 PM,10:28 AM,10:48 PM,Waxing Crescent,23,Normal
Croatia,Zagreb,45.8,16.0,Europe/Zagreb,1756281600,2025-08-27 10:00,23.2,73.8,Sunny,5.1,8.3,226,SW,1015.0,29.97,0.0,0.0,61,0,24.8,76.6,10.0,6.0,3.2,5.9,9.5,320.05,66.0,16.465,1.48,17.39,21.46,2,2,06:11 AM,07:43 PM,10:35 AM,09:08 PM,Waxing Crescent,13,Normal
Democratic Republic of Congo,Kinshasa,-4.3,15.3,Africa/Brazzaville,1734948900,2024-12-23 11:15,30.1,86.3,Patchy rain nearby,4.3,6.8,217,SW,1011.0,29.86,0.01,0.0,62,79,33.8,92.9,10.0,6.0,6.6,4.9,7.9,834.35,86.0,2.035,1.48,16.28,16.835,2,2,05:47 AM,06:09 PM,No moonrise,12:18 PM,Waning Crescent,50,Normal
Sri Lanka,Colombo,6.9319,79.8478,Asia/Colombo,1741340700,2025-03-07 15:15,32.1,89.8,Partly cloudy,10.7,17.3,264,W,1009.0,29.78,0.06,0.0,63,25,40.5,104.9,10.0,6.0,3.8,13.0,21.0,1726.05,177.0,29.97,52.355,58.83,64.195,3,7,06:21 AM,06:22 PM,12:30 PM,12:30 AM,Waxing Gibbous,51,Normal
Burundi,Bujumbura,-3.3761,29.36,Africa/Bujumbura,1760773500,2025-10-18 09:45,24.8,76.6,Patchy rain nearby,2.2,3.6,60,ENE,1016.0,29.99,0.05,0.0,61,75,26.1,78.9,10.0,6.0,4.2,2.3,3.8,242.85,71.0,3.05,1.55,18.05,18.25,2,2,05:42 AM,05:54 PM,03:28 AM,03:45 PM,Waning Crescent,12,Normal
Oman,Muscat,23.61,58.59,Asia/Muscat,1725366600,2024-09-03 16:30,31.1,88.0,Sunny,15.9,25.6,96,E,1003.0,29.62,0.0,0.0,63,3,35.9,96.5,10.0,6.0,8.0,18.3,29.4,253.7,65.1,3.7,6.4,9.8,20.3,1,1,05:48 AM,06:21 PM,05:52 AM,06:40 PM,Waxing Crescent,0,Normal
Vietnam,Ban Lom,21.1333,104.7,Asia/Bangkok,1753690500,2025-07-28 15:15,31.9,89.5,Patchy rain nearby,2.2,3.6,311,NW,999.0,29.5,0.43,0.02,69,78,39.5,103.1,9.0,5.0,6.5,6.7,10.8,407.0,59.0,8.88,2.96,27.565,27.75,2,3,05:34 AM,06:42 PM,08:35 AM,09:09 PM,Waxing Crescent,9,Normal
Uganda,Kampala,0.32,32.57,Africa/Kampala,1716732900,2024-05-26 17:15,27.0,80.6,Partly cloudy,9.4,15.1,170,S,1017.0,30.03,0.03,0.0,66,25,27.8,82.0,10.0,6.0,6.0,10.1,16.2,363.8,35.8,0.4,0.2,2.4,3.7,1,1,06:43 AM,06:51 PM,09:40 PM,09:08 AM,Waning Gibbous,93,Normal
Morocco,Rabat,34.03,-6.84,Africa/Casablanca,1725797700,2024-09-08 13:15,25.3,77.5,Sunny,8.1,13.0,330,NNW,1015.0,29.97,0.0,0.0,65,0,26.9,80.5,5.0,3.0,6.0,11.8,19.0,264.55,89.0,1.665,2.035,12.58,49.95,1,2,07:06 AM,07:43 PM,11:56 AM,10:17 PM,Waxing Crescent,20,Normal
Thailand,Nan,18.7833,100.7833,Asia/Bangkok,1755504900,2025-08-18 15:15,32.3,90.1,Patchy rain nearby,5.8,9.4,232,SW,1007.0,29.74,0.48,0.02,67,25,42.3,108.2,10.0,6.0,6.4,7.4,12.0,301.55,56.0,7.03,3.515,15.17,15.355,1,2,05:59 AM,06:42 PM,12:43 AM,02:40 PM,Waning Crescent,33,Normal
Monaco,Monaco,43.73,7.42,Europe/Monaco,1724760900,2024-08-27 14:15,27.3,81.1,Sunny,5.1,8.3,223,SW,1014.0,29.96,0.0,0.0,58,18,28.5,83.4,10.0,6.0,7.0,5.9,9.5,220.3,103.0,0.6,0.2,2.9,3.6,1,1,06:49 AM,08:14 PM,No moonrise,04:21 PM,Waning Crescent,43,Normal
Turkey,Yaren,39.55,27.6167,Europe/Istanbul,1749027600,2025-06-04 12:00,27.2,81.0,Sunny,10.7,17.3,18,NNE,1018.0,30.06,0.0,0.0,37,0,25.9,78.6,10.0,6.0,8.9,12.3,19.9,299.7,78.0,9.065,7.77,41.255,44.03,3,4,05:43 AM,08:33 PM,02:12 PM,02:01 AM,Waxing Gibbous,57,Normal
Singapore,Singapore,1.2931,103.8558,Asia/Singapore,1740219300,2025-02-22 18:15,29.3,84.7,Overcast,7.6,12.2,29,NNE,1010.0,29.83,0.23,0.01,66,50,33.3,92.0,10.0,6.0,0.4,11.4,18.4,664.15,37.0,56.055,19.98,29.785,35.15,2,3,07:16 AM,07:21 PM,01:51 AM,02:11 PM,Waning Crescent,41,Normal
Bosnia and Herzegovina,Sarajevo,43.85,18.38,Europe/Sarajevo,1717251300,2024-06-01 16:15,25.0,77.0,Partly cloudy,9.4,15.1,180,S,1015.0,29.97,0.0,0.0,34,50,25.9,78.5,10.0,6.0,6.0,10.6,17.0,171.9,100.1,0.7,3.4,1.2,1.7,1,1,05:07 AM,08:22 PM,02:10 AM,02:30 PM,Waning Crescent,35,Normal
China,Beijing,39.9289,116.3883,Asia/Shanghai,1728035100,2024-10-04 17:45,20.9,69.6,Sunny,8.9,14.4,196,SSW,1020.0,30.12,0.0,0.0,36,0,20.9,69.6,10.0,6.0,6.0,12.2,19.6,2188.55,8.0,75.85,109.15,120.99,173.53,4,10,06:14 AM,05:52 PM,07:27 AM,06:20 PM,Waxing Crescent,1,Normal
Romania,Bucharest,44.4333,26.1,Europe/Bucharest,1757577600,2025-09-11 11:00,21.0,69.8,Partly Cloudy,11.0,17.6,83,E,1018.0,30.06,0.0,0.0,64,0,21.0,69.8,10.0,6.0,3.3,12.7,20.4,297.85,65.0,13.875,5.365,18.315,27.565,2,2,06:50 AM,07:34 PM,09:07 PM,11:21 AM,Waning Gibbous,87,Normal
Australia,Canberra,-35.2833,149.2167,Australia/Sydney,1737973800,2025-01-27 21:30,27.2,81.0,Clear,2.9,4.7,70,ENE,1010.0,29.83,0.01,0.0,48,0,28.1,82.5,10.0,6.0,0.0,6.1,9.8,190.55,94.0,2.405,4.81,16.095,16.65,2,2,06:16 AM,08:14 PM,03:15 AM,06:48 PM,Waning Crescent,10,Normal
Mozambique,Maputo,-25.97,32.59,Africa/Maputo,1723896900,2024-08-17 14:15,30.1,86.2,Sunny,15.0,24.1,40,NE,1018.0,30.06,0.0,0.0,33,0,30.1,86.2,10.0,6.0,8.0,19.5,31.3,390.5,94.4,1.2,0.3,19.9,32.0,2,2,06:16 AM,05:32 PM,03:01 PM,04:26 AM,Waxing Gibbous,90,Normal
Bosnia and Herzegovina,Sarajevo,43.85,18.3833,Europe/Sarajevo,1750064400,2025-06-16 11:00,24.1,75.4,Sunny,5.4,8.6,344,NNW,1019.0,30.09,0.0,0.0,44,0,24.1,75.3,10.0,6.0,7.4,6.2,9.9,284.9,88.0,7.215,13.505,18.315,24.605,2,2,05:04 AM,08:31 PM,No moonrise,09:54 AM,Waning Gibbous,79,Normal
Malta,Valletta,35.8997,14.5147,Europe/Malta,1752137100,2025-07-10 10:45,28.4,83.1,Patchy rain nearby,11.0,17.6,60,ENE,1015.0,29.97,0.04,0.0,51,25,31.3,88.3,10.0,6.0,5.2,13.0,21.0,240.5,106.0,7.215,1.48,8.14,19.98,1,1,05:54 AM,08:20 PM,08:32 PM,05:01 AM,Full Moon,99,Normal
Singapore,Singapore,1.2931,103.8558,Asia/Singapore,1772779500,2026-03-06 14:45,32.3,90.1,Partly cloudy,2.2,3.6,38,NE,1010.0,29.83,0.17,0.01,52,75,39.5,103.0,10.0,6.0,6.0,6.7,10.8,418.85,27.0,41.65,11.15,16.45,19.95,2,2,07:13 AM,07:19 PM,09:27 PM,09:02 AM,Waning Gibbous,95,Normal
Malawi,Lilongwe,-13.9833,33.7833,Africa/Blantyre,1735983900,2025-01-04 11:45,24.0,75.2,Partly cloudy,7.8,12.6,67,ENE,1018.0,30.06,0.07,0.0,69,75,25.6,78.1,10.0,6.0,12.0,9.4,15.2,286.75,51.0,1.295,0.37,3.7,3.7,1,1,05:22 AM,06:17 PM,09:26 AM,10:05 PM,Waxing Crescent,18,Normal
Mali,Bamako,12.65,-8.0,Africa/Bamako,1727776800,2024-10-01 10:00,30.4,86.7,Partly cloudy,6.5,10.4,204,SSW,1013.0,29.91,0.0,0.0,70,25,36.0,96.7,10.0,6.0,7.0,7.5,12.0,366.3,45.0,0.555,0.74,19.795,49.58,2,2,06:21 AM,06:21 PM,05:18 AM,05:42 PM,Waning Crescent,3,Normal
Timor-Leste,Dili,-8.5586,125.5736,Asia/Dili,1749977100,2025-06-15 17:45,25.7,78.3,Partly Cloudy,5.8,9.4,74,ENE,1011.0,29.85,0.0,0.0,68,25,27.4,81.2,10.0,6.0,0.8,6.7,10.8,197.95,82.0,2.59,2.035,27.935,31.82,2,3,06:49 AM,06:27 PM,09:59 PM,10:00 AM,Waning Gibbous,89,Normal
Nigeria,Abuja,9.1758,7.1808,Africa/Lagos,1743758100,2025-04-04 10:15,31.4,88.5,Partly cloudy,3.8,6.1,239,WSW,1014.0,29.94,0.0,0.0,63,25,31.7,89.1,10.0,6.0,6.4,4.4,7.1,730.75,106.0,12.395,3.145,72.52,168.35,4,10,06:27 AM,06:41 PM,11:51 AM,12:01 AM,Waxing Crescent,38,Normal
Sudan,Khartoum,15.5881,32.5342,Africa/Khartoum,1767770100,2026-01-07 09:15,23.4,74.2,Sunny,13.4,21.6,23,NNE,1014.0,29.95,0.0,0.0,52,0,25.0,76.9,10.0,6.0,3.7,16.6,26.8,195.85,49.0,2.45,1.85,23.75,68.85,2,2,06:18 AM,05:34 PM,09:38 PM,09:31 AM,Waning Gibbous,85,Normal
Sweden,Stockholm,59.33,18.05,Europe/Stockholm,1719839700,2024-07-01 15:15,21.2,70.2,Partly cloudy,10.5,16.9,270,W,1002.0,29.59,0.0,0.0,53,50,21.2,70.2,10.0,6.0,6.0,15.0,24.1,161.9,78.7,3.0,2.8,0.6,0.9,1,1,03:38 AM,10:05 PM,12:31 AM,05:21 PM,Waning Crescent,27,Normal
Greece,Athens,37.9795,23.7162,Europe/Athens,1761464700,2025-10-26 09:45,22.2,72.0,Sunny,5.1,8.3,257,WSW,1013.0,29.91,0.0,0.0,61,0,24.6,76.4,10.0,6.0,1.0,5.9,9.5,150.85,42.0,30.95,5.25,7.05,14.95,1,1,07:45 AM,06:33 PM,12:29 PM,09:27 PM,Waxing Crescent,17,Normal
Guinea,Conakry,9.5092,-13.7122,Africa/Conakry,1743327000,2025-03-30 09:30,28.3,82.9,Mist,2.2,3.6,283,WNW,1010.0,29.83,0.0,0.0,70,0,31.9,89.3,7.0,4.0,1.6,3.3,5.3,303.4,100.0,2.775,3.885,42.365,118.03,3,5,06:53 AM,07:05 PM,07:35 AM,08:17 PM,Waxing Crescent,0,Normal
Monaco,Monaco,43.7333,7.4167,Europe/Paris,1757231100,2025-09-07 09:45,23.3,73.9,Sunny,5.8,9.4,109,ESE,1019.0,30.09,0.0,0.0,50,0,25.1,77.1,10.0,6.0,0.9,6.7,10.8,260.85,67.0,10.545,0.925,10.73,14.8,1,1,07:01 AM,07:55 PM,07:52 PM,06:22 AM,Full Moon,99,Normal
Montenegro,Podgorica,42.4411,19.2636,Europe/Podgorica,1752741900,2025-07-17 10:45,29.1,84.4,Partly cloudy,6.5,10.4,189,S,1008.0,29.77,0.0,0.0,45,50,28.9,84.0,10.0,6.0,2.8,7.5,12.0,318.2,90.0,8.51,1.48,15.355,18.315,1,2,05:21 AM,08:17 PM,11:40 PM,12:34 PM,Waning Gibbous,63,Normal
Nigeria,Abuja,9.1758,7.1808,Africa/Lagos,1740219300,2025-02-22 11:15,33.1,91.6,Sunny,6.3,10.1,213,SSW,1012.0,29.88,0.0,0.0,56,0,35.7,96.3,8.0,4.0,7.5,7.4,11.9,641.95,97.0,5.18,1.85,52.17,93.425,3,6,06:48 AM,06:41 PM,01:50 AM,01:35 PM,Waning Crescent,38,Normal
Montenegro,Podgorica,42.4411,19.2636,Europe/Podgorica,1729847700,2024-10-25 11:15,21.4,70.5,Partly cloudy,3.4,5.4,180,S,1025.0,30.27,0.0,0.0,64,25,21.4,70.5,10.0,6.0,2.3,3.9,6.2,358.9,41.0,21.83,4.255,24.79,32.19,2,3,07:08 AM,05:45 PM,No moonrise,03:02 PM,Waning Crescent,43,Normal
Brunei Darussalam,Bandar Seri Begawan,4.8833,114.9333,Asia/Brunei,1751878800,2025-07-07 17:00,31.3,88.3,Partly cloudy,8.1,13.0,276,W,1009.0,29.8,2.11,0.08,63,75,43.1,109.6,10.0,6.0,0.3,16.2,26.1,590.15,38.0,3.515,3.33,16.65,17.76,2,2,06:13 AM,06:37 PM,03:36 PM,02:51 AM,Waxing Gibbous,83,Normal
Niger,Niamey,13.5167,2.1167,Africa/Niamey,1728467100,2024-10-09 10:45,33.1,91.6,Sunny,9.4,15.1,263,W,1015.0,29.97,0.0,0.0,53,0,36.2,97.2,10.0,6.0,4.6,10.8,17.4,351.5,57.0,3.515,0.555,24.975,91.02,2,3,06:41 AM,06:35 PM,12:12 PM,11:36 PM,Waxing Crescent,32,Normal
United Arab Emirates,Abu Dhabi,24.4667,54.3667,Asia/Dubai,1762847100,2025-11-11 11:45,29.3,84.7,Sunny,2.2,3.6,298,WNW,1016.0,30.0,0.0,0.0,45,0,31.2,88.1,10.0,6.0,4.9,3.0,4.9,313.85,69.0,34.75,16.35,63.25,72.35,3,8,06:35 AM,05:38 PM,11:34 PM,12:26 PM,Waning Gibbous,65,Normal
Comoros,Moroni,-11.7,43.24,Indian/Comoro,1721048400,2024-07-15 16:00,25.7,78.2,Patchy rain nearby,11.4,18.4,173,S,1017.0,30.03,0.01,0.0,69,85,27.3,81.1,10.0,6.0,7.0,13.1,21.1,227.0,55.1,0.2,0.2,1.5,3.1,1,1,06:28 AM,05:58 PM,12:43 PM,12:48 AM,Waxing Gibbous,60,Normal
Chad,N'djamena,12.1131,15.0492,Africa/Ndjamena,1765350900,2025-12-10 08:15,21.1,70.0,Overcast,8.5,13.7,28,NNE,1014.0,29.94,0.0,0.0,31,0,21.1,70.0,3.5,2.0,0.7,11.8,18.9,154.85,41.0,2.75,3.05,74.85,257.85,4,10,06:10 AM,05:36 PM,11:13 PM,11:08 AM,Waning Gibbous,69,Normal
United Kingdom,London,51.5171,-0.1062,Europe/London,1752570000,2025-07-15 10:00,20.1,68.2,Partly cloudy,15.2,24.5,224,SW,1015.0,29.97,0.06,0.0,53,50,20.1,68.2,10.0,6.0,3.5,17.5,28.2,236.8,54.0,14.245,1.11,7.77,16.835,1,1,05:01 AM,09:11 PM,11:16 PM,10:23 AM,Waning Gibbous,82,Normal
Antigua and Barbuda,Saint John's,17.1167,-61.85,America/Antigua,1752396300,2025-07-13 04:45,27.3,81.1,Partly Cloudy,14.1,22.7,77,ENE,1016.0,30.0,0.0,0.0,70,25,30.3,86.5,10.0,6.0,0.0,19.4,31.2,202.601,40.0,0.362,0.362,26.23,94.607,2,3,05:41 AM,06:45 PM,09:09 PM,08:06 AM,Waning Gibbous,94,Normal
Cyprus,Nicosia,35.1667,33.3667,Asia/Nicosia,1756627200,2025-08-31 11:00,30.2,86.4,Sunny,2.2,3.6,83,E,1012.0,29.88,0.0,0.0,43,25,30.1,86.1,10.0,6.0,6.9,6.7,10.8,229.4,80.0,2.22,2.035,17.945,33.115,2,2,06:18 AM,07:15 PM,02:05 PM,11:30 PM,First Quarter,46,Normal
Uganda,Kampala,0.3156,32.5656,Africa/Kampala,1760083200,2025-10-10 11:00,23.4,74.1,Partly cloudy,7.4,11.9,162,SSE,1019.0,30.09,0.36,0.01,69,50,25.1,77.2,9.0,5.0,10.5,10.0,16.1,286.85,64.0,5.15,2.35,30.85,32.25,2,3,06:33 AM,06:40 PM,09:54 PM,09:23 AM,Waning Gibbous,89,Normal
Slovenia,Ljubljana,46.06,14.51,Europe/Ljubljana,1716472800,2024-05-23 16:00,22.0,71.6,Partly cloudy,6.9,11.2,240,WSW,1016.0,30.0,0.21,0.01,57,25,24.6,76.2,10.0,6.0,4.0,11.0,17.7,193.6,86.6,2.4,0.7,2.3,2.6,1,1,05:21 AM,08:37 PM,09:04 PM,04:48 AM,Full Moon,100,Normal
Angola,Luanda,-8.84,13.23,Africa/Luanda,1720271700,2024-07-06 14:15,25.3,77.5,Partly cloudy,9.4,15.1,270,W,1013.0,29.91,0.0,0.0,69,75,27.0,80.7,10.0,6.0,7.0,17.1,27.6,1442.0,223.2,7.9,10.9,110.7,192.8,4,10,06:23 AM,06:01 PM,06:49 AM,06:38 PM,Waxing Crescent,0,Normal
Cyprus,Nicosia,35.1667,33.3667,Asia/Famagusta,1741771800,2025-03-12 11:30,22.2,72.0,Partly cloudy,7.2,11.5,85,E,1021.0,30.15,0.0,0.0,38,50,24.4,76.0,10.0,6.0,5.6,8.2,13.2,273.8,89.0,5.92,2.405,25.53,39.96,2,3,06:01 AM,05:52 PM,04:14 PM,05:11 AM,Waxing Gibbous,95,Normal
Niger,Niamey,13.6667,1.7833,Africa/Niamey,1758528000,2025-09-22 09:00,27.2,81.0,Partly Cloudy,12.3,19.8,222,SW,1012.0,29.88,0.0,0.0,70,0,29.7,85.4,8.0,4.0,0.6,15.1,24.3,384.8,51.0,3.7,0.74,25.53,80.475,2,3,06:42 AM,06:49 PM,07:04 AM,07:15 PM,Waxing Crescent,0,Normal
Qatar,Doha,25.2867,51.5333,Asia/Qatar,1772174700,2026-02-27 09:45,20.1,68.2,Sunny,7.6,12.2,332,NNW,1013.0,29.91,0.0,0.0,60,0,20.1,68.2,10.0,6.0,3.7,9.7,15.6,318.85,66.0,33.05,33.85,22.35,41.05,2,2,05:59 AM,05:35 PM,01:28 PM,02:52 AM,Waxing Gibbous,76,Normal
Nigeria,Abuja,9.1758,7.1808,Africa/Lagos,1741167900,2025-03-05 10:45,31.3,88.3,Sunny,2.9,4.7,233,SW,1011.0,29.85,0.0,0.0,66,0,33.1,91.7,8.0,4.0,5.7,3.4,5.4,675.25,75.0,5.92,1.48,45.51,84.915,3,5,06:43 AM,06:42 PM,11:02 AM,No moonset,Waxing Crescent,31,Normal
Zimbabwe,Harare,-17.8178,31.0447,Africa/Harare,1741513500,2025-03-09 11:45,24.8,76.7,Sunny,4.7,7.6,112,ESE,1014.0,29.93,0.0,0.0,52,9,25.8,78.5,10.0,6.0,14.5,5.4,8.7,505.05,53.0,1.48,0.37,7.03,7.4,1,1,05:57 AM,06:15 PM,03:13 PM,01:27 AM,Waxing Gibbous,73,Normal
Israel,Jerusalem,31.78,35.23,Asia/Jerusalem,1759303800,2025-10-01 10:30,28.1,82.6,Partly cloudy,9.6,15.5,292,WNW,1013.0,29.91,0.0,0.0,48,75,28.9,84.1,10.0,6.0,4.1,12.0,19.3,135.85,45.0,14.75,6.75,10.35,20.35,1,1,06:33 AM,06:24 PM,03:00 PM,12:07 AM,Waxing Gibbous,59,Normal
Croatia,Zagreb,45.8,16.0,Europe/Zagreb,1751619600,2025-07-04 11:00,30.4,86.7,Sunny,5.6,9.0,35,NE,1020.0,30.12,0.0,0.0,46,0,30.0,86.0,10.0,6.0,7.4,6.4,10.4,297.85,110.0,3.515,0.37,12.395,14.06,1,2,05:12 AM,08:49 PM,03:04 PM,12:42 AM,Waxing Gibbous,60,Normal
Djibouti,Djibouti,11.6,43.15,Africa/Djibouti,1726656300,2024-09-18 13:45,34.4,93.8,Sunny,4.9,7.9,45,NE,1006.0,29.71,0.0,0.0,50,7,39.7,103.5,10.0,6.0,8.0,6.4,10.4,284.9,82.0,1.48,3.33,60.125,214.415,3,8,05:57 AM,06:06 PM,06:29 PM,06:01 AM,Full Moon,100,Normal
Nigeria,Abuja,9.1758,7.1808,Africa/Lagos,1732610700,2024-11-26 09:45,27.0,80.6,Sunny,4.7,7.6,74,ENE,1015.0,29.97,0.0,0.0,39,0,25.5,77.9,10.0,6.0,2.2,5.4,8.7,551.3,64.0,9.62,2.035,82.14,205.535,4,10,06:29 AM,06:08 PM,02:37 AM,02:50 PM,Waning Crescent,24,Normal
Armenia,Yerevan,40.18,44.51,Asia/Yerevan,1726829100,2024-09-20 14:45,21.3,70.3,Partly cloudy,7.6,12.2,177,S,1015.0,29.97,0.08,0.0,53,25,21.3,70.3,10.0,6.0,5.0,8.8,14.2,320.05,33.0,32.375,2.59,11.655,14.615,1,1,06:48 AM,07:02 PM,08:14 PM,09:26 AM,Waning Gibbous,95,Normal
Morocco,Rabat,34.03,-6.84,Africa/Casablanca,1724415300,2024-08-23 13:15,25.1,77.2,Sunny,9.4,15.1,330,NNW,1013.0,29.91,0.0,0.0,61,0,26.5,79.8,6.0,3.0,6.0,10.6,17.0,208.6,98.7,0.2,0.8,5.5,22.8,1,1,06:55 AM,08:04 PM,10:25 PM,11:02 AM,Waning Gibbous,85,Normal
Mauritius,Port Louis,-20.16,57.5,Indian/Mauritius,1721392200,2024-07-19 16:30,23.7,74.6,Patchy rain nearby,7.6,12.2,107,ESE,1017.0,30.05,0.03,0.0,63,81,25.3,77.6,10.0,6.0,6.0,9.3,15.0,237.0,67.2,1.8,2.0,1.8,4.9,1,1,06:44 AM,05:49 PM,03:43 PM,04:46 AM,Waxing Gibbous,92,Normal
Timor-Leste,Dili,-8.5586,125.5736,Asia/Dili,1759131900,2025-09-29 16:45,28.3,82.9,Patchy rain nearby,8.3,13.3,55,NE,1010.0,29.82,0.13,0.0,64,70,30.6,87.1,10.0,6.0,4.0,9.5,15.3,229.4,38.0,4.995,0.555,12.58,15.54,1,2,06:23 AM,06:33 PM,11:30 AM,No moonset,Waxing Crescent,37,Normal
Czech Republic,Prague,50.08,14.47,Europe/Prague,1720443600,2024-07-08 15:00,22.3,72.1,Partly cloudy,3.8,6.1,180,S,1019.0,30.09,0.0,0.0,65,75,24.3,75.7,10.0,6.0,7.0,8.3,13.3,186.9,100.1,2.6,2.5,3.6,4.4,1,1,05:03 AM,09:12 PM,07:17 AM,11:04 PM,Waxing Crescent,5,Normal
Senegal,Dakar,14.67,-17.44,Africa/Dakar,1720875600,2024-07-13 13:00,29.1,84.4,Partly cloudy,11.9,19.1,280,W,1012.0,29.88,0.0,0.0,70,50,34.9,94.8,10.0,6.0,6.0,15.5,24.9,161.9,50.1,0.2,0.4,19.4,76.6,2,2,06:48 AM,07:44 PM,12:52 PM,12:19 AM,First Quarter,41,Normal
Albania,Tirana,41.33,19.82,Europe/Tirane,1716645600,2024-05-25 16:00,26.0,78.8,Partly cloudy,9.4,15.1,320,NW,1012.0,29.88,0.86,0.03,58,25,27.7,81.9,10.0,6.0,5.0,10.7,17.3,183.6,103.0,1.7,0.5,3.7,4.5,1,1,05:14 AM,08:02 PM,10:32 PM,06:06 AM,Waning Gibbous,98,Normal
Bangladesh,Dhaka,23.7231,90.4086,Asia/Dhaka,1754986500,2025-08-12 14:15,34.3,93.7,Cloudy,8.1,13.0,179,S,1001.0,29.55,0.0,0.0,53,80,40.6,105.1,10.0,6.0,5.7,9.3,14.9,436.6,31.0,26.825,24.605,29.045,32.19,2,3,05:33 AM,06:34 PM,08:37 PM,08:13 AM,Waning Gibbous,93,Normal
Israel,Jerusalem,31.78,35.23,Asia/Jerusalem,1749632400,2025-06-11 12:00,28.1,82.6,Sunny,8.9,14.4,297,WNW,1007.0,29.74,0.0,0.0,62,0,26.9,80.3,10.0,6.0,11.3,10.5,16.8,286.75,103.0,16.835,17.76,27.01,41.255,2,3,05:33 AM,07:45 PM,08:16 PM,05:08 AM,Full Moon,100,Normal
Mauritania,Nouakchott,18.0864,-15.9753,Africa/Nouakchott,1763277300,2025-11-16 07:15,24.8,76.6,Overcast,13.4,21.6,11,NNE,1013.0,29.91,0.0,0.0,50,96,25.7,78.2,10.0,6.0,0.0,27.7,44.5,133.85,35.0,1.45,1.05,23.15,130.75,2,2,07:11 AM,06:27 PM,04:00 AM,04:01 PM,Waning Crescent,16,Normal
Belgium,'S Gravenjansdijk,51.25,3.6333,Europe/Brussels,1754987400,2025-08-12 10:30,23.2,73.8,Sunny,9.2,14.8,108,ESE,1016.0,30.0,0.0,0.0,53,0,24.0,75.1,10.0,6.0,2.4,10.6,17.0,410.7,41.0,59.94,16.835,27.935,39.96,2,3,06:27 AM,09:13 PM,10:20 PM,10:15 AM,Waning Gibbous,92,Normal
Rwanda,Kigali,-1.95,30.06,Africa/Kigali,1715961600,2024-05-17 18:00,25.0,77.0,Partly cloudy,4.3,6.8,360,N,1018.0,30.06,0.05,0.0,61,50,27.6,81.6,10.0,6.0,1.0,8.7,14.0,320.4,21.8,2.2,1.0,3.6,6.8,1,1,05:56 AM,05:57 PM,01:41 PM,01:18 AM,Waxing Gibbous,64,Normal
Turkey,Yaren,39.55,27.6167,Europe/Istanbul,1747817100,2025-05-21 11:45,23.1,73.6,Sunny,7.6,12.2,18,NNE,1018.0,30.06,0.0,0.0,41,0,24.2,75.6,10.0,6.0,6.1,8.7,14.1,321.9,93.0,8.88,21.46,25.9,26.64,2,3,05:51 AM,08:22 PM,02:25 AM,01:43 PM,Waning Crescent,46,Normal
Israel,Jerusalem,31.78,35.23,Asia/Jerusalem,1722861000,2024-08-05 15:30,30.1,86.2,Sunny,16.1,25.9,295,WNW,1006.0,29.7,0.0,0.0,31,0,29.1,84.5,10.0,6.0,8.0,18.9,30.3,196.9,148.8,2.0,2.3,9.4,14.7,1,1,05:58 AM,07:32 PM,06:35 AM,08:24 PM,Waxing Crescent,0,Normal
Tunisia,Tunis,36.8,10.18,Africa/Tunis,1727256600,2024-09-25 10:30,27.1,80.8,Partly cloudy,12.1,19.4,256,WSW,1017.0,30.03,0.25,0.01,58,50,28.1,82.7,10.0,6.0,6.0,15.0,24.2,421.8,61.0,17.575,21.275,29.785,43.66,2,3,06:10 AM,06:11 PM,11:46 PM,02:29 PM,Waning Crescent,48,Normal
Oman,Muscat,23.61,58.59,Asia/Muscat,1720529100,2024-07-09 16:45,34.1,93.4,Sunny,16.1,25.9,60,ENE,998.0,29.47,0.0,0.0,63,0,42.2,108.0,10.0,6.0,8.0,18.3,29.4,213.6,66.5,2.1,4.2,32.6,144.8,2,3,05:26 AM,06:56 PM,08:21 AM,09:37 PM,Waxing Crescent,9,Normal
Andorra,Andorra La Vella,42.5,1.52,Europe/Andorra,1719580500,2024-06-28 15:15,23.5,74.2,Patchy rain nearby,8.9,14.4,196,SSW,1016.0,30.0,0.01,0.0,30,83,23.8,74.9,10.0,6.0,5.0,10.9,17.6,145.2,76.5,0.3,0.5,8.6,37.7,1,1,06:19 AM,09:36 PM,01:24 AM,01:32 PM,Last Quarter,60,Normal
Bangladesh,Dhaka,23.7231,90.4086,Asia/Dhaka,1730710800,2024-11-04 15:00,32.0,89.7,Sunny,6.3,10.1,10,N,1009.0,29.79,0.0,0.0,39,6,32.7,90.8,10.0,6.0,2.2,7.3,11.8,1398.6,129.0,59.755,64.75,178.34,273.985,5,10,06:06 AM,05:18 PM,08:29 AM,07:06 PM,Waxing Crescent,6,Normal
Nigeria,Abuja,9.1758,7.1808,Africa/Lagos,1729847700,2024-10-25 10:15,29.2,84.6,Partly cloudy,3.4,5.4,235,SW,1015.0,29.97,0.0,0.0,70,25,33.8,92.8,10.0,6.0,5.1,3.9,6.2,1037.85,72.0,8.695,2.405,44.955,71.04,3,5,06:20 AM,06:10 PM,12:55 AM,01:47 PM,Waning Crescent,43,Normal
Mauritania,Nouakchott,18.0864,-15.9753,Africa/Nouakchott,1732265100,2024-11-22 08:45,23.7,74.6,Sunny,8.1,13.0,49,NE,1014.0,29.93,0.0,0.0,30,0,24.0,75.2,10.0,6.0,0.1,16.9,27.2,353.35,31.0,2.035,0.74,42.18,107.3,3,5,07:14 AM,06:26 PM,12:00 AM,01:11 PM,Last Quarter,60,Normal
Somalia,Mogadishu,2.07,45.37,Africa/Mogadishu,1720701900,2024-07-11 15:45,28.1,82.6,Partly cloudy,21.7,34.9,210,SSW,1012.0,29.88,0.0,0.0,70,75,31.1,88.0,10.0,6.0,7.0,24.3,39.1,207.0,50.8,0.0,0.1,0.9,4.4,1,1,05:57 AM,06:11 PM,10:08 AM,10:27 PM,Waxing Crescent,23,Normal
Niger,Niamey,13.5167,2.1167,Africa/Niamey,1750495500,2025-06-21 09:45,29.2,84.6,Sunny,13.0,20.9,209,SSW,1014.0,29.94,0.0,0.0,70,0,29.6,85.3,10.0,6.0,2.6,14.9,24.0,358.9,53.0,4.255,0.555,27.565,105.265,2,3,06:25 AM,07:21 PM,02:26 AM,03:24 PM,Waning Crescent,26,Normal
Brunei Darussalam,Bandar Seri Begawan,4.8833,114.9333,Asia/Brunei,1752309000,2025-07-12 16:30,31.2,88.2,Partly Cloudy,3.6,5.8,314,NW,1007.0,29.74,0.0,0.0,63,25,38.1,100.5,10.0,6.0,2.4,5.6,9.0,671.55,46.0,3.7,3.7,14.615,15.54,1,2,06:14 AM,06:37 PM,08:00 PM,07:17 AM,Waning Gibbous,99,Normal
Bhutan,Thimphu,27.4833,89.6,Asia/Thimphu,1754469000,2025-08-06 14:30,22.6,72.8,Patchy rain nearby,8.3,13.3,135,SE,1003.0,29.62,0.19,0.01,53,85,24.7,76.4,10.0,6.0,9.6,9.5,15.3,432.9,78.0,2.59,0.555,3.33,3.515,1,1,05:28 AM,06:47 PM,04:47 PM,02:04 AM,Waxing Gibbous,86,Normal
Brunei Darussalam,Bandar Seri Begawan,4.8833,114.9333,Asia/Brunei,1756368900,2025-08-28 16:15,30.1,86.2,Partly cloudy,8.9,14.4,281,WNW,1008.0,29.77,0.08,0.0,62,75,33.2,91.7,10.0,6.0,2.9,11.8,19.0,717.8,40.0,4.81,4.255,30.525,31.635,2,3,06:15 AM,06:28 PM,09:47 AM,09:55 PM,Waxing Crescent,18,Normal
Pakistan,Islamabad,33.7,73.1667,Asia/Karachi,1751100300,2025-06-28 13:45,29.8,85.6,Partly Cloudy,2.7,4.3,153,SSE,1000.0,29.54,0.0,0.0,66,47,33.7,92.6,10.0,6.0,4.5,3.2,5.2,926.85,110.0,32.375,17.945,57.905,83.62,3,7,04:59 AM,07:22 PM,07:46 AM,09:59 PM,Waxing Crescent,7,Normal
Malta,Valletta,35.8997,14.5147,Europe/Malta,1750324500,2025-06-19 11:15,27.4,81.3,Sunny,2.9,4.7,281,WNW,1017.0,30.03,0.0,0.0,62,25,30.1,86.2,10.0,6.0,7.3,3.5,5.7,251.6,104.0,8.695,1.665,13.875,22.2,1,2,05:46 AM,08:21 PM,01:10 AM,01:46 PM,Waning Crescent,49,Normal
Bangladesh,Dhaka,23.7231,90.4086,Asia/Dhaka,1751360400,2025-07-01 15:00,32.0,89.5,Thundery outbreaks in nearby,14.8,23.8,151,SSE,998.0,29.47,0.06,0.0,65,58,38.6,101.5,9.0,5.0,4.1,19.2,30.9,499.5,77.0,18.315,17.945,17.205,18.87,2,2,05:15 AM,06:49 PM,10:44 AM,11:10 PM,Waxing Crescent,30,Normal
Niger,Niamey,13.5167,2.1167,Africa/Niamey,1743066900,2025-03-27 10:15,33.3,91.9,Sunny,13.6,22.0,263,W,1009.0,29.8,0.0,0.0,41,0,31.7,89.1,7.0,4.0,4.7,15.7,25.3,444.0,73.0,7.955,1.295,57.905,157.99,3,7,06:51 AM,07:03 PM,05:15 AM,05:20 PM,Waning Crescent,9,Normal
Chile,Santiago,-33.45,-70.6667,America/Santiago,1734604200,2024-12-19 07:30,20.6,69.0,Sunny,2.2,3.6,197,SSW,1014.0,29.95,0.0,0.0,34,0,20.6,69.0,10.0,6.0,0.0,6.7,10.8,728.9,152.0,20.905,76.22,41.07,41.625,3,4,06:29 AM,08:51 PM,12:00 AM,10:34 AM,Waning Gibbous,84,Normal
South Africa,Pretoria,-25.7469,28.188,Africa/Johannesburg,1741427100,2025-03-08 11:45,26.1,79.0,Sunny,9.8,15.8,85,E,1024.0,30.24,0.0,0.0,34,0,25.7,78.2,10.0,6.0,12.0,11.3,18.2,344.1,67.0,26.085,90.835,34.04,34.225,2,3,06:05 AM,06:30 PM,02:53 PM,12:16 AM,Waxing Gibbous,63,Normal
Turkey,Yaren,39.55,27.6167,Europe/Istanbul,1752050700,2025-07-09 11:45,32.0,89.6,Sunny,4.7,7.6,199,SSW,1005.0,29.68,0.0,0.0,30,0,29.8,85.6,10.0,6.0,7.5,5.4,8.7,297.85,56.0,16.835,5.735,27.75,35.52,2,3,05:51 AM,08:39 PM,08:03 PM,03:55 AM,Waxing Gibbous,96,Normal
Romania,Bucharest,44.4333,26.1,Europe/Bucharest,1728898200,2024-10-14 12:30,21.5,70.7,Partly Cloudy,7.8,12.6,278,W,1018.0,30.06,0.0,0.0,32,46,21.5,70.7,10.0,6.0,2.6,9.4,15.1,451.4,29.0,28.305,6.845,28.675,39.96,2,3,07:30 AM,06:32 PM,05:14 PM,03:12 AM,Waxing Gibbous,83,Normal
Madagascar,Ivory,-24.3667,46.45,Indian/Antananarivo,1748681100,2025-05-31 11:45,24.6,76.2,Sunny,2.2,3.6,4,N,1022.0,30.19,0.0,0.0,48,3,25.5,77.9,10.0,6.0,5.1,6.7,10.8,159.1,39.0,2.96,0.185,5.55,6.105,1,1,06:30 AM,05:14 PM,10:40 AM,09:41 PM,Waxing Crescent,18,Normal
Madagascar,Antananarivo,-18.9167,47.5167,Indian/Antananarivo,1765696500,2025-12-14 10:15,22.4,72.3,Partly cloudy,13.0,20.9,122,ESE,1022.0,30.18,0.01,0.0,69,75,24.7,76.5,10.0,6.0,9.9,14.9,24.0,101.85,39.0,1.65,1.25,3.25,3.85,1,1,05:07 AM,06:22 PM,12:59 AM,01:47 PM,Waning Crescent,31,Normal
Fiji Islands,Suva,-18.1333,178.4167,Pacific/Fiji,1750150800,2025-06-17 21:00,24.2,75.6,Partly cloudy,10.3,16.6,180,S,1014.0,29.94,0.0,0.0,65,50,25.7,78.3,10.0,6.0,0.0,17.0,27.4,133.2,66.0,0.925,0.74,11.47,18.315,1,1,06:36 AM,05:39 PM,10:56 PM,11:01 AM,Waning Gibbous,74,Normal
Brazil,Bras,-2.08,-58.17,America/Manaus,1723032000,2024-08-07 08:00,28.2,82.8,Sunny,2.7,4.3,142,SE,1012.0,29.88,0.0,0.0,50,6,29.0,84.1,10.0,6.0,8.0,3.2,5.2,217.0,22.5,0.2,0.2,5.0,5.5,1,1,05:57 AM,05:59 PM,08:12 AM,08:29 PM,Waxing Crescent,6,Normal
Romania,Bucharest,44.4333,26.1,Europe/Bucharest,1748508300,2025-05-29 11:45,22.1,71.8,Sunny,10.1,16.2,241,WSW,1009.0,29.8,0.0,0.0,53,0,24.6,76.2,10.0,6.0,5.0,11.6,18.6,320.05,48.0,27.38,7.585,14.8,20.535,1,2,05:36 AM,08:51 PM,07:11 AM,11:58 PM,Waxing Crescent,5,Normal
Eritrea,Asmara,15.33,38.93,Africa/Asmara,1724242500,2024-08-21 15:15,21.7,71.1,Patchy rain nearby,12.5,20.2,34,NE,1008.0,29.76,0.12,0.0,53,83,21.7,71.1,10.0,6.0,5.0,20.9,33.7,227.0,71.5,0.2,0.7,16.6,43.2,2,2,06:10 AM,06:44 PM,08:13 PM,07:37 AM,Waning Gibbous,98,Normal
Croatia,Zagreb,45.8,16.0,Europe/Zagreb,1754727300,2025-08-09 10:15,25.1,77.2,Sunny,2.9,4.7,133,SE,1022.0,30.18,0.0,0.0,57,0,25.1,77.1,10.0,6.0,4.4,3.4,5.4,379.25,84.0,8.51,2.22,22.57,30.71,2,2,05:49 AM,08:13 PM,08:35 PM,05:31 AM,Full Moon,100,Normal
Qatar,Doha,25.2867,51.5333,Asia/Qatar,1742376600,2025-03-19 12:30,28.2,82.8,Sunny,2.9,4.7,114,ESE,1014.0,29.94,0.0,0.0,30,0,27.1,80.8,10.0,6.0,9.1,3.9,6.2,738.15,81.0,95.645,25.9,42.735,84.36,3,5,05:39 AM,05:45 PM,10:19 PM,08:15 AM,Waning Gibbous,82,Normal
Brazil,Bras,-2.0833,-58.1667,America/Manaus,1728553500,2024-10-10 05:45,24.5,76.1,Clear,2.9,4.7,21,NNE,1009.0,29.79,0.0,0.0,59,8,25.8,78.5,10.0,6.0,0.0,6.1,9.8,410.7,34.0,0.185,0.185,13.875,21.09,1,2,05:35 AM,05:44 PM,11:43 AM,No moonset,First Quarter,42,Normal
Suriname,Paramaribo,5.83,-55.17,America/Paramaribo,1718287200,2024-06-13 11:00,29.4,84.9,Light rain shower,5.8,9.4,99,E,1013.0,29.92,0.43,0.02,67,69,33.2,91.7,10.0,6.0,6.0,7.1,11.4,250.3,22.7,3.6,3.0,0.7,0.9,1,1,06:27 AM,06:55 PM,12:23 PM,12:09 AM,Waxing Crescent,38,Normal
Thailand,Bangkok,13.75,100.5167,Asia/Bangkok,1749632400,2025-06-11 16:00,32.0,89.6,Overcast,6.9,11.2,284,WNW,1003.0,29.62,0.0,0.0,56,25,37.5,99.5,10.0,6.0,1.9,9.7,15.6,1307.95,48.0,25.715,14.985,15.91,19.055,2,2,05:50 AM,06:45 PM,06:56 PM,05:26 AM,Full Moon,99,Normal
Botswana,Gaborone,-24.6464,25.9119,Africa/Gaborone,1739614500,2025-02-15 12:15,27.7,81.8,Patchy rain nearby,8.7,14.0,76,ENE,1013.0,29.91,0.09,0.0,50,87,28.3,83.0,10.0,6.0,12.1,10.0,16.2,266.4,47.0,2.59,2.96,3.145,3.33,1,1,06:03 AM,06:57 PM,08:41 PM,08:22 AM,Waning Gibbous,95,Normal
Oman,Muscat,23.6133,58.5933,Asia/Muscat,1729330200,2024-10-19 13:30,33.3,91.9,Partly cloudy,5.8,9.4,64,ENE,1010.0,29.83,0.0,0.0,63,25,39.2,102.6,10.0,6.0,7.8,7.1,11.4,288.6,98.0,17.575,19.61,24.235,44.4,2,3,06:05 AM,05:36 PM,07:03 PM,07:58 AM,Waning Gibbous,96,Normal
Thailand,Bangkok,13.75,100.5167,Asia/Bangkok,1730278800,2024-10-30 16:00,32.9,91.2,Partly Cloudy,2.2,3.6,90,E,1006.0,29.72,0.0,0.0,50,46,36.7,98.1,10.0,6.0,0.8,6.7,10.8,3061.75,161.0,57.535,59.94,192.955,275.65,5,10,06:12 AM,05:51 PM,04:17 AM,04:25 PM,Waning Crescent,6,Normal
India,New Delhi,28.6,77.2,Asia/Kolkata,1735121700,2024-12-25 15:45,22.6,72.7,Sunny,3.6,5.8,338,NNW,1017.0,30.03,0.0,0.0,36,11,23.9,75.1,10.0,6.0,1.0,4.3,6.8,2368.0,96.0,61.05,67.525,224.775,227.365,5,10,07:12 AM,05:32 PM,01:58 AM,01:21 PM,Waning Crescent,33,Normal
Guinea,Conakry,9.51,-13.71,Africa/Conakry,1718976600,2024-06-21 13:30,31.2,88.2,Partly cloudy,4.3,6.8,290,WNW,1013.0,29.91,0.15,0.01,66,75,41.3,106.3,10.0,6.0,6.0,12.2,19.7,367.2,46.5,0.6,0.2,1.1,3.4,1,1,06:36 AM,07:17 PM,07:04 PM,05:51 AM,Full Moon,99,Normal
Nepal,Kathmandu,27.72,85.32,Asia/Kathmandu,1717510500,2024-06-04 20:00,23.0,73.4,Partly cloudy,3.8,6.1,70,ENE,1011.0,29.85,0.0,0.0,65,25,24.8,76.7,8.0,4.0,1.0,8.0,12.9,674.3,35.1,14.2,2.1,40.6,68.0,3,4,05:08 AM,06:57 PM,03:01 AM,04:49 PM,Waning Crescent,8,Normal
Turkey,Ankara,39.9272,32.8644,Europe/Istanbul,1753000200,2025-07-20 11:30,28.3,82.9,Sunny,4.7,7.6,316,NW,1012.0,29.88,0.0,0.0,40,0,27.3,81.1,10.0,6.0,8.3,5.4,8.7,257.15,68.0,13.32,5.92,19.61,23.31,2,2,05:37 AM,08:13 PM,12:50 AM,04:21 PM,Waning Crescent,29,Normal
Tanzania,Dodoma,-6.1833,35.75,Africa/Dar_es_Salaam,1755073800,2025-08-13 11:30,20.3,68.5,Sunny,8.9,14.4,102,ESE,1022.0,30.18,0.0,0.0,49,0,20.3,68.5,10.0,6.0,9.2,10.3,16.6,223.85,61.0,1.85,0.555,16.65,18.5,2,2,06:45 AM,06:39 PM,10:19 PM,09:46 AM,Waning Gibbous,85,Normal
Senegal,Dakar,14.6708,-17.4381,Africa/Dakar,1734000300,2024-12-12 10:45,24.2,75.5,Sunny,17.0,27.4,25,NNE,1015.0,29.97,0.0,0.0,65,9,25.7,78.3,10.0,6.0,2.4,23.2,37.4,281.2,76.0,1.48,2.405,66.415,296.37,4,9,07:26 AM,06:42 PM,04:06 PM,04:18 AM,Waxing Gibbous,85,Normal
Bahrain,Manama,26.2361,50.5831,Asia/Bahrain,1733222700,2024-12-03 13:45,22.2,72.0,Sunny,10.7,17.3,347,NNW,1018.0,30.06,0.0,0.0,53,0,24.5,76.2,10.0,6.0,3.8,14.2,22.8,714.1,84.0,27.565,61.42,58.09,165.02,3,7,06:10 AM,04:45 PM,08:09 AM,06:29 PM,Waxing Crescent,3,Normal
Qatar,Doha,25.2867,51.5333,Asia/Qatar,1741772700,2025-03-12 12:45,28.1,82.6,Sunny,18.6,29.9,353,N,1014.0,29.94,0.0,0.0,35,0,27.5,81.6,10.0,6.0,7.6,23.8,38.3,558.7,113.0,44.955,11.285,67.155,249.75,4,9,05:46 AM,05:42 PM,04:10 PM,04:42 AM,Waxing Gibbous,94,Normal
Rwanda,Kigali,-1.9536,30.0606,Africa/Kigali,1751273100,2025-06-30 10:45,21.3,70.3,Patchy rain nearby,4.9,7.9,158,SSE,1017.0,30.02,0.01,0.0,60,89,21.3,70.3,10.0,6.0,7.6,5.7,9.1,592.0,77.0,7.03,3.33,53.835,55.5,3,6,06:03 AM,06:04 PM,10:18 AM,10:36 PM,Waxing Crescent,23,Normal
Cambodia,Phnom Penh,11.55,104.9167,Asia/Phnom_Penh,1738924200,2025-02-07 17:30,32.2,90.0,Partly cloudy,3.6,5.8,25,NNE,1009.0,29.8,0.0,0.0,38,25,31.5,88.6,10.0,6.0,0.3,4.7,7.6,1250.6,159.0,11.285,30.895,73.075,74.74,4,10,06:23 AM,06:05 PM,01:12 PM,01:31 AM,Waxing Gibbous,65,Normal
Rwanda,Kigali,-1.9536,30.0606,Africa/Kigali,1735639200,2024-12-31 12:00,26.0,78.8,Partly cloudy,7.2,11.5,27,NNE,1020.0,30.12,0.0,0.0,48,50,25.7,78.2,10.0,6.0,11.7,8.2,13.2,612.35,95.0,2.22,2.22,30.34,31.265,2,3,05:56 AM,06:10 PM,06:14 AM,06:50 PM,Waxing Crescent,0,Normal
Bangladesh,Dhaka,23.7231,90.4086,Asia/Dhaka,1760255100,2025-10-12 13:45,31.6,88.9,Patchy rain nearby,6.5,10.4,1,N,1008.0,29.76,0.02,0.0,56,86,35.5,96.0,10.0,6.0,6.2,7.5,12.0,433.85,23.0,28.95,22.05,19.55,19.55,2,2,05:54 AM,05:35 PM,10:03 PM,11:26 AM,Waning Gibbous,72,Normal
Grenada,Saint George's,12.05,-61.75,America/Grenada,1722514500,2024-08-01 08:15,28.8,83.8,Partly Cloudy,11.2,18.0,114,ESE,1016.0,29.99,0.0,0.0,70,43,32.3,90.2,10.0,6.0,7.0,14.2,22.9,247.0,35.4,1.1,0.5,1.2,3.8,1,1,05:54 AM,06:32 PM,03:09 AM,04:31 PM,Waning Crescent,12,Normal
Bangladesh,Dhaka,23.7231,90.4086,Asia/Dhaka,1766387700,2025-12-22 13:15,26.3,79.3,Sunny,3.4,5.4,307,NW,1013.0,29.9,0.0,0.0,35,0,26.0,78.7,10.0,6.0,4.8,3.9,6.2,833.85,42.0,29.85,17.35,70.45,71.85,4,9,06:37 AM,05:17 PM,08:25 AM,07:14 PM,Waxing Crescent,3,Normal
Malta,Valletta,35.8997,14.5147,Europe/Malta,1747040400,2025-05-12 11:00,22.4,72.3,Sunny,7.6,12.2,357,N,1011.0,29.85,0.0,0.0,69,25,24.7,76.5,10.0,6.0,5.7,10.4,16.7,231.25,90.0,11.47,1.85,18.685,37.555,2,2,05:59 AM,07:58 PM,08:06 PM,05:26 AM,Full Moon,99,Normal
Bolivia,National,-11.1833,-67.0833,America/La_Paz,1752827400,2025-07-18 04:30,22.5,72.4,Clear,5.6,9.0,153,SSE,1016.0,30.01,0.0,0.0,53,23,24.6,76.3,10.0,6.0,0.0,9.3,14.9,240.5,49.0,1.48,2.22,8.325,8.51,1,1,06:48 AM,06:21 PM,12:34 AM,12:33 PM,Waning Crescent,48,Normal
Spain,Madrid,40.4,-3.6833,Europe/Madrid,1748421900,2025-05-28 10:45,24.2,75.6,Sunny,5.4,8.6,67,ENE,1026.0,30.3,0.0,0.0,39,0,24.4,75.9,10.0,6.0,2.5,6.2,9.9,323.75,30.0,56.795,7.77,18.685,23.495,2,2,06:49 AM,09:36 PM,07:29 AM,11:48 PM,Waxing Crescent,1,Normal
Maldives,Dhidhdhoo,6.8833,73.1,Indian/Maldives,1746782100,2025-05-09 14:15,29.3,84.7,Patchy rain nearby,12.1,19.4,318,NW,1009.0,29.78,0.01,0.0,69,77,33.2,91.7,10.0,6.0,8.6,16.3,26.2,219.323,67.0,0.0,0.51,21.592,46.585,2,2,05:52 AM,06:16 PM,03:49 PM,03:24 AM,Waxing Gibbous,87,Normal
Niger,Niamey,13.5167,2.1167,Africa/Niamey,1746435600,2025-05-05 10:00,34.0,93.2,Sunny,10.7,17.3,116,ESE,1010.0,29.83,0.0,0.0,39,0,32.0,89.6,6.0,3.0,3.6,12.3,19.9,442.15,77.0,2.59,1.11,62.715,213.675,3,8,06:28 AM,07:08 PM,01:41 PM,01:50 AM,Waxing Gibbous,54,Normal
Philippines,Manila,14.6042,120.9822,Asia/Manila,1769238900,2026-01-24 15:15,29.3,84.7,Partly cloudy,10.5,16.9,71,ENE,1014.0,29.94,0.0,0.0,52,50,31.2,88.2,10.0,6.0,3.2,12.2,19.6,410.85,54.0,16.45,15.65,20.15,22.55,2,2,06:25 AM,05:51 PM,10:00 AM,10:36 PM,Waxing Crescent,23,Normal
Madagascar,Ivory,-24.3667,46.45,Indian/Antananarivo,1750410000,2025-06-20 12:00,25.3,77.6,Sunny,2.2,3.6,66,ENE,1018.0,30.07,0.0,0.0,40,3,25.6,78.0,10.0,6.0,5.2,6.7,10.8,194.25,49.0,1.85,0.74,7.955,8.695,1,1,06:37 AM,05:15 PM,01:00 AM,12:51 PM,Waning Crescent,38,Normal
Jamaica,Kingston,18.0,-76.8,America/Jamaica,1773038700,2026-03-09 01:45,27.3,81.1,Clear,3.4,5.4,31,NNE,1014.0,29.94,0.0,0.0,66,0,31.9,89.4,10.0,6.0,0.0,7.0,11.3,993.85,30.0,11.95,2.85,8.25,9.25,1,1,06:20 AM,06:15 PM,11:49 PM,10:07 AM,Waning Gibbous,70,Normal
United Arab Emirates,Abu Dhabi,24.4667,54.3667,Asia/Dubai,1761552000,2025-10-27 12:00,31.1,88.0,Sunny,2.9,4.7,289,WNW,1012.0,29.88,0.0,0.0,52,25,36.1,96.9,10.0,6.0,6.7,3.9,6.3,329.85,35.0,38.65,17.45,49.75,62.35,3,6,06:26 AM,05:46 PM,11:29 AM,09:59 PM,Waxing Crescent,24,Normal
Belgium,'S Gravenjansdijk,51.25,3.63,Europe/Brussels,1723724100,2024-08-15 14:15,24.8,76.7,Sunny,14.3,23.0,241,WSW,1015.0,29.98,0.0,0.0,50,4,25.7,78.3,10.0,6.0,6.0,16.5,26.6,223.6,93.0,4.7,3.5,7.8,9.2,1,1,06:32 AM,09:06 PM,06:57 PM,12:36 AM,Waxing Gibbous,73,Normal
Equatorial Guinea,Malabo,3.75,8.7833,Africa/Malabo,1734862500,2024-12-22 11:15,28.0,82.5,Sunny,3.8,6.1,45,NE,1013.0,29.9,0.0,0.0,67,6,30.6,87.0,10.0,6.0,6.3,4.4,7.1,601.25,93.0,1.48,2.405,82.88,197.21,4,10,06:26 AM,06:21 PM,No moonrise,12:05 PM,Last Quarter,59,Normal
Spain,Madrid,40.4,-3.68,Europe/Madrid,1718114400,2024-06-11 16:00,23.2,73.8,Sunny,2.2,3.6,197,SSW,1016.0,30.0,0.0,0.0,36,0,23.0,73.4,10.0,6.0,7.0,5.4,8.7,170.2,103.0,3.8,0.1,1.4,2.1,1,1,06:44 AM,09:45 PM,11:21 AM,01:23 AM,Waxing Crescent,21,Normal
Rwanda,Kigali,-1.9536,30.0606,Africa/Kigali,1759131900,2025-09-29 09:45,25.4,77.7,Patchy rain nearby,2.2,3.6,146,SSE,1022.0,30.18,0.01,0.0,54,25,26.3,79.3,10.0,6.0,5.6,2.6,4.1,723.35,60.0,8.51,2.405,40.885,41.625,3,4,05:47 AM,05:54 PM,11:21 AM,11:55 PM,First Quarter,40,Normal
Sierra Leone,Freetown,8.49,-13.2342,Africa/Freetown,1740736800,2025-02-28 10:00,28.7,83.7,Sunny,4.7,7.6,305,NW,1013.0,29.9,0.0,0.0,55,3,30.2,86.3,10.0,6.0,3.8,5.4,8.7,397.75,89.0,1.48,1.665,127.465,281.755,4,10,07:07 AM,07:04 PM,07:27 AM,07:44 PM,Waxing Crescent,0,Normal
Madagascar,Antananarivo,-18.9167,47.5167,Indian/Antananarivo,1744449300,2025-04-12 12:15,25.2,77.4,Partly cloudy,8.7,14.0,76,ENE,1021.0,30.15,0.0,0.0,65,50,26.3,79.3,10.0,6.0,11.1,10.0,16.2,238.65,36.0,1.295,1.11,4.255,4.81,1,1,05:59 AM,05:42 PM,05:19 PM,05:19 AM,Waxing Gibbous,99,Normal
Spain,Madrid,40.4,-3.6833,Europe/Madrid,1753346700,2025-07-24 10:45,20.1,68.2,Sunny,14.3,23.0,54,NE,1016.0,30.0,0.0,0.0,46,0,20.1,68.2,10.0,6.0,2.2,16.5,26.5,279.35,48.0,19.24,2.22,9.25,10.36,1,1,07:05 AM,09:37 PM,06:15 AM,09:52 PM,New Moon,1,Normal
Mauritania,Nouakchott,18.0864,-15.9753,Africa/Nouakchott,1764141300,2025-11-26 07:15,24.4,76.0,Partly Cloudy,5.1,8.3,29,NNE,1015.0,29.98,0.0,0.0,34,29,24.7,76.4,10.0,6.0,0.0,9.7,15.6,145.85,45.0,1.65,1.25,14.55,54.85,1,2,07:16 AM,06:26 PM,12:15 PM,11:46 PM,Waxing Crescent,27,Normal
Macedonia,Skopje,42.0,21.4333,Europe/Skopje,1752309900,2025-07-12 10:45,25.2,77.4,Sunny,4.3,6.8,98,E,1016.0,30.0,0.0,0.0,39,0,24.2,75.6,10.0,6.0,5.9,4.9,7.9,301.55,62.0,23.125,15.17,21.645,26.825,2,2,05:10 AM,08:10 PM,09:36 PM,06:23 AM,Waning Gibbous,99,Normal
Malaysia,Kuala Lumpur,3.1667,101.7,Asia/Kuala_Lumpur,1771397100,2026-02-18 14:45,32.3,90.1,Partly cloudy,3.6,5.8,74,ENE,1010.0,29.83,1.0,0.04,56,50,40.6,105.0,10.0,6.0,11.9,4.8,7.7,324.85,5.0,37.55,13.95,17.25,17.35,2,2,07:27 AM,07:28 PM,07:53 AM,08:11 PM,Waxing Crescent,0,Normal
Cyprus,Nicosia,35.1667,33.3667,Asia/Nicosia,1758872700,2025-09-26 10:45,29.4,84.9,Sunny,3.8,6.1,11,NNE,1011.0,29.85,0.0,0.0,52,25,29.5,85.0,10.0,6.0,3.2,4.4,7.1,244.2,75.0,9.25,2.96,21.275,33.855,2,2,06:37 AM,06:37 PM,10:54 AM,08:46 PM,Waxing Crescent,15,Normal
Mauritania,Nouakchott,18.09,-15.98,Africa/Nouakchott,1716387300,2024-05-22 14:15,28.0,82.3,Sunny,17.2,27.7,319,NW,1011.0,29.87,0.0,0.0,42,3,28.0,82.3,10.0,6.0,7.0,36.2,58.2,223.6,79.4,0.5,0.7,35.2,176.1,2,3,06:29 AM,07:33 PM,06:49 PM,05:26 AM,Waxing Gibbous,97,Normal
Andorra,Andorra La Vella,42.5,1.5167,Europe/Andorra,1750064400,2025-06-16 11:00,22.0,71.6,Sunny,4.7,7.6,230,SW,1023.0,30.2,0.0,0.0,42,5,22.0,71.6,10.0,6.0,5.9,5.4,8.7,207.2,67.0,0.37,0.185,12.21,23.31,1,2,06:16 AM,09:34 PM,12:55 AM,11:08 AM,Waning Gibbous,79,Normal
Latvia,Riga,56.95,24.1,Europe/Riga,1724242500,2024-08-21 15:15,26.3,79.3,Partly cloudy,10.5,16.9,130,SE,1007.0,29.74,0.41,0.02,61,50,29.2,84.5,10.0,6.0,5.0,15.0,24.1,223.6,73.0,4.5,1.7,3.5,4.1,1,1,06:04 AM,08:48 PM,09:26 PM,08:07 AM,Waning Gibbous,98,Normal
Poland,Warsaw,52.25,21.0,Europe/Warsaw,1726484400,2024-09-16 13:00,23.1,73.6,Sunny,13.4,21.6,87,E,1015.0,29.97,0.0,0.0,50,0,23.6,74.5,10.0,6.0,7.0,16.3,26.2,318.2,70.0,5.18,5.92,15.17,22.385,1,2,06:12 AM,06:48 PM,06:28 PM,03:16 AM,Waxing Gibbous,93,Normal
San Marino,San Marino,43.93,12.45,Europe/Rome,1726401600,2024-09-15 14:00,22.2,72.0,Sunny,8.7,14.0,25,NNE,1011.0,29.85,0.0,0.0,38,0,24.1,75.3,10.0,6.0,6.0,10.0,16.2,314.063,84.0,2.922,1.096,4.382,6.756,1,1,06:50 AM,07:20 PM,06:19 PM,02:55 AM,Waxing Gibbous,86,Normal
Germany,Berlin,52.52,13.4,Europe/Berlin,1719580500,2024-06-28 15:15,27.3,81.1,Overcast,10.5,16.9,290,WNW,1012.0,29.88,0.0,0.0,58,25,27.5,81.5,10.0,6.0,7.0,17.2,27.8,185.3,110.2,2.2,1.9,6.3,7.0,1,1,04:46 AM,09:34 PM,12:41 AM,12:40 PM,Last Quarter,60,Normal
Tanzania,Dodoma,-6.1833,35.75,Africa/Dar_es_Salaam,1739873700,2025-02-18 13:15,28.3,82.9,Partly cloudy,6.3,10.1,82,E,1017.0,30.03,0.0,0.0,55,25,28.0,82.3,10.0,6.0,15.2,7.2,11.6,284.9,60.0,0.925,0.37,17.02,18.13,2,2,06:42 AM,06:59 PM,10:58 PM,10:51 AM,Waning Gibbous,76,Normal
Angola,Luanda,-8.8383,13.2344,Africa/Luanda,1734173100,2024-12-14 11:45,29.1,84.3,Partly Cloudy,5.1,8.3,260,W,1010.0,29.83,0.0,0.0,69,33,32.9,91.2,10.0,6.0,4.0,6.6,10.6,580.9,90.0,5.55,3.515,14.615,17.02,1,2,05:43 AM,06:21 PM,05:39 PM,04:29 AM,Waxing Gibbous,97,Normal
Djibouti,Djibouti,11.595,43.1481,Africa/Djibouti,1764140400,2025-11-26 10:00,27.5,81.6,Sunny,14.3,23.0,103,ESE,1017.0,30.02,0.0,0.0,59,16,29.0,84.1,10.0,6.0,3.4,16.5,26.5,167.85,99.0,1.65,1.75,18.45,36.35,2,2,06:09 AM,05:41 PM,11:01 AM,10:50 PM,Waxing Crescent,26,Normal
Jamaica,Port Royal,17.9333,-76.85,America/Jamaica,1744103700,2025-04-08 04:15,26.3,79.3,Partly cloudy,3.6,5.8,75,ENE,1012.0,29.88,0.0,0.0,70,25,30.1,86.2,10.0,6.0,0.0,7.5,12.1,662.3,83.0,5.55,2.775,14.985,22.94,1,2,05:56 AM,06:22 PM,03:07 PM,03:21 AM,Waxing Gibbous,80,Normal
Thailand,Nan,18.7833,100.7833,Asia/Bangkok,1769152500,2026-01-23 14:15,28.1,82.6,Sunny,3.1,5.0,229,SW,1018.0,30.06,0.0,0.0,48,0,27.4,81.3,10.0,6.0,6.1,3.6,5.8,412.85,20.0,14.35,3.15,16.75,16.85,2,2,06:52 AM,06:05 PM,09:45 AM,10:08 PM,Waxing Crescent,15,Normal
Slovakia,Bratislava,48.15,17.1167,Europe/Bratislava,1749632400,2025-06-11 11:00,21.2,70.2,Sunny,17.9,28.8,319,NW,1018.0,30.06,0.0,0.0,56,25,21.2,70.2,10.0,6.0,5.1,20.6,33.1,382.95,87.0,7.03,2.96,21.46,23.125,2,2,04:51 AM,08:51 PM,09:45 PM,04:12 AM,Full Moon,100,Normal
Latvia,Riga,56.95,24.1,Europe/Riga,1716732000,2024-05-26 17:00,25.0,77.0,Sunny,9.4,15.1,10,N,1025.0,30.27,0.0,0.0,41,0,25.5,77.9,10.0,6.0,6.0,13.9,22.3,270.4,82.3,7.9,2.5,7.3,9.4,1,1,04:46 AM,09:57 PM,01:11 AM,05:49 AM,Waning Gibbous,93,Normal
Eritrea,Asmara,15.3333,38.9333,Africa/Asmara,1762932600,2025-11-12 10:30,22.0,71.6,Sunny,4.3,6.8,66,ENE,1017.0,30.02,0.0,0.0,58,6,22.0,71.6,10.0,6.0,5.3,4.9,7.9,150.85,70.0,3.15,2.65,28.35,42.55,2,3,06:25 AM,05:52 PM,No moonrise,12:57 PM,Last Quarter,54,Normal
Djibouti,Djibouti,11.595,43.1481,Africa/Djibouti,1770965100,2026-02-13 09:45,24.4,75.9,Patchy rain nearby,11.0,17.6,105,ESE,1017.0,30.04,0.03,0.0,68,89,25.9,78.7,10.0,6.0,2.5,12.6,20.3,187.85,86.0,1.75,1.65,20.85,34.15,2,2,06:29 AM,06:14 PM,03:11 AM,02:44 PM,Waning Crescent,20,Normal
Italy,Rome,41.9,12.4833,Europe/Rome,1752655500,2025-07-16 10:45,30.4,86.7,Sunny,5.1,8.3,188,S,1011.0,29.85,0.0,0.0,49,0,30.2,86.3,10.0,6.0,5.0,5.9,9.5,331.15,64.0,22.755,1.295,19.055,29.97,2,2,05:49 AM,08:43 PM,11:45 PM,11:49 AM,Waning Gibbous,73,Normal
Switzerland,Bern,46.92,7.47,Europe/Zurich,1722342600,2024-07-30 14:30,32.4,90.2,Sunny,2.9,4.7,348,NNW,1016.0,30.01,0.0,0.0,36,5,32.7,90.8,10.0,6.0,8.0,3.4,5.4,198.6,104.4,2.1,1.4,6.5,9.0,1,1,06:08 AM,09:05 PM,12:55 AM,05:34 PM,Waning Crescent,30,Normal
Tanzania,Dodoma,-6.1833,35.75,Africa/Dar_es_Salaam,1747557900,2025-05-18 11:45,26.2,79.2,Sunny,10.5,16.9,101,ESE,1019.0,30.09,0.0,0.0,54,25,26.9,80.4,10.0,6.0,8.8,12.1,19.5,196.1,41.0,2.96,0.37,11.84,12.395,1,1,06:39 AM,06:28 PM,11:26 PM,11:21 AM,Waning Gibbous,76,Normal
Barbados,Bridgetown,13.1,-59.6167,America/Barbados,1771569900,2026-02-20 02:45,25.3,77.5,Partly cloudy,17.4,28.1,65,ENE,1014.0,29.94,0.0,0.0,69,50,26.9,80.5,10.0,6.0,0.0,24.5,39.4,111.789,66.0,1.489,1.089,9.489,14.789,1,1,06:19 AM,06:05 PM,08:22 AM,09:00 PM,Waxing Crescent,8,Normal
Mali,Bamako,12.65,-8.0,Africa/Bamako,1724932800,2024-08-29 12:00,27.1,80.8,Partly cloudy,10.5,16.9,230,SW,1017.0,30.03,0.0,0.0,70,75,29.5,85.0,10.0,6.0,7.0,13.4,21.5,387.2,21.3,0.4,0.8,1.4,2.6,1,1,06:21 AM,06:44 PM,02:16 AM,03:40 PM,Waning Crescent,24,Normal
Tajikistan,Dushanbe,38.56,68.7739,Asia/Dushanbe,1748336400,2025-05-27 14:00,24.2,75.6,Moderate or heavy rain with thunder,6.9,11.2,17,NNE,1012.0,29.88,0.19,0.01,47,100,25.2,77.3,10.0,6.0,2.5,8.0,12.9,370.0,84.0,12.58,9.99,50.505,146.52,3,6,05:05 AM,07:40 PM,04:41 AM,08:27 PM,New Moon,0,Normal
Eritrea,Asmara,15.3333,38.9333,Africa/Asmara,1762329600,2025-11-05 11:00,24.1,75.4,Sunny,2.2,3.6,88,E,1016.0,30.01,0.0,0.0,44,10,25.0,77.1,10.0,6.0,8.5,2.6,4.1,167.85,86.0,2.15,2.85,19.75,35.65,2,2,06:22 AM,05:54 PM,05:43 PM,05:57 AM,Full Moon,99,Normal
Seychelles Islands,Victoria,-4.6167,55.45,Indian/Mahe,1747817100,2025-05-21 12:45,30.3,86.5,Cloudy,14.8,23.8,147,SSE,1009.0,29.8,0.0,0.0,70,25,37.3,99.1,10.0,6.0,10.8,19.9,32.0,144.3,42.0,1.48,1.48,12.395,20.165,1,2,06:18 AM,06:11 PM,12:48 AM,01:18 PM,Waning Crescent,46,Normal
Palau,Airai,7.3575,134.5578,Pacific/Palau,1748595600,2025-05-30 18:00,30.2,86.4,Partly cloudy,6.0,9.7,73,ENE,1010.0,29.82,0.0,0.0,70,75,35.0,95.0,23.0,14.0,0.5,8.1,13.1,170.2,25.0,1.48,0.925,4.44,6.845,1,1,05:44 AM,06:15 PM,08:37 AM,09:36 PM,Waxing Crescent,9,Normal
Jamaica,Port Royal,17.9333,-76.85,America/Jamaica,1743326100,2025-03-30 04:15,26.3,79.3,Partly cloudy,4.0,6.5,38,NE,1013.0,29.91,0.0,0.0,65,25,30.0,86.0,10.0,6.0,0.0,8.5,13.6,1076.7,71.0,7.955,2.22,14.8,20.535,1,2,06:03 AM,06:20 PM,06:48 AM,07:51 PM,Waxing Crescent,1,Normal
Brunei Darussalam,Bandar Seri Begawan,4.8833,114.9333,Asia/Brunei,1737800100,2025-01-25 18:15,29.2,84.6,Partly cloudy,5.4,8.6,351,N,1007.0,29.74,0.0,0.0,70,75,35.4,95.8,10.0,6.0,0.0,8.1,13.0,673.4,77.0,3.145,4.81,13.875,14.615,1,2,06:35 AM,06:29 PM,02:31 AM,02:36 PM,Waning Crescent,24,Normal
Georgia,Tbilisi,41.73,44.79,Asia/Tbilisi,1717510500,2024-06-04 18:15,30.0,86.0,Partly cloudy,2.2,3.6,154,SSE,1016.0,30.0,0.0,0.0,46,37,29.2,84.5,10.0,6.0,7.0,10.8,17.4,188.6,87.3,1.4,0.5,3.5,4.8,1,1,05:28 AM,08:31 PM,03:36 AM,06:27 PM,Waning Crescent,8,Normal
Vietnam,Hanoi,21.03,105.85,Asia/Bangkok,1721997000,2024-07-26 19:30,32.9,91.2,Clear,6.7,10.8,163,SSE,994.0,29.35,0.0,0.0,65,6,41.1,105.9,10.0,6.0,1.0,13.1,21.1,3017.4,137.3,117.9,83.0,161.3,180.6,5,10,05:29 AM,06:38 PM,10:21 PM,10:10 AM,Waning Gibbous,74,Normal
Malta,Valletta,35.8997,14.5147,Europe/Malta,1749632400,2025-06-11 11:00,28.3,82.9,Sunny,3.8,6.1,96,E,1015.0,29.97,0.0,0.0,55,0,31.2,88.2,10.0,6.0,7.3,5.1,8.1,266.4,80.0,23.68,3.145,30.895,43.29,2,3,05:45 AM,08:18 PM,08:57 PM,05:20 AM,Full Moon,100,Normal
Thailand,Nan,18.7833,100.7833,Asia/Bangkok,1765005300,2025-12-06 14:15,30.3,86.5,Sunny,2.2,3.6,205,SSW,1015.0,29.97,0.0,0.0,55,25,33.5,92.4,10.0,6.0,5.6,2.6,4.1,373.85,21.0,18.55,3.05,20.05,20.05,2,2,06:36 AM,05:40 PM,07:02 PM,07:55 AM,Waning Gibbous,99,Normal
Rwanda,Kigali,-1.95,30.06,Africa/Kigali,1716128100,2024-05-19 16:15,28.0,82.4,Partly cloudy,5.6,9.0,90,E,1017.0,30.03,1.16,0.05,45,50,33.0,91.4,10.0,6.0,6.0,10.1,16.2,273.7,37.2,0.4,0.5,5.4,7.2,1,1,05:56 AM,05:57 PM,02:57 PM,02:38 AM,Waxing Gibbous,81,Normal
Malta,Valletta,35.9,14.51,Europe/Malta,1722688200,2024-08-03 14:30,29.5,85.1,Sunny,13.2,21.2,277,W,1009.0,29.8,0.0,0.0,70,0,33.9,93.0,10.0,6.0,7.0,18.3,29.4,223.6,90.1,0.8,3.3,24.5,29.9,2,3,06:11 AM,08:04 PM,04:46 AM,07:53 PM,Waning Crescent,2,Normal
Vietnam,S. Manian,11.2667,108.2333,Asia/Ho_Chi_Minh,1770969600,2026-02-13 15:00,29.2,84.6,Partly Cloudy,15.0,24.1,106,ESE,1009.0,29.78,0.0,0.0,52,30,30.7,87.2,10.0,6.0,7.6,17.2,27.8,304.85,63.0,9.85,2.75,16.65,19.25,2,2,07:59 AM,05:57 PM,06:15 AM,01:06 PM,Waning Crescent,20,Normal
Jordan,Amman,31.95,35.9333,Asia/Amman,1759473900,2025-10-03 09:45,23.2,73.8,Mist,7.8,12.6,137,SE,1017.0,30.03,0.0,0.0,41,0,23.2,73.8,5.0,3.0,1.7,9.0,14.5,141.85,61.0,12.85,23.45,12.15,22.35,1,2,06:31 AM,06:18 PM,04:11 PM,02:10 AM,Waxing Gibbous,78,Normal
Indonesia,Jakarta,-6.2146,106.8451,Asia/Jakarta,1732790700,2024-11-28 17:45,30.0,86.0,Partly cloudy,8.3,13.3,268,W,1007.0,29.74,1.3,0.05,62,50,35.8,96.4,9.0,5.0,0.1,12.2,19.6,3725.9,46.0,84.36,101.01,84.175,87.135,4,10,05:27 AM,05:54 PM,02:59 AM,03:32 PM,Waning Crescent,11,Normal
South Africa,Pretoria,-25.7469,28.188,Africa/Johannesburg,1731142800,2024-11-09 11:00,21.0,69.8,Sunny,2.7,4.3,285,WNW,1023.0,30.21,0.0,0.0,64,0,21.0,69.8,10.0,6.0,5.3,3.1,5.0,453.25,80.0,4.81,17.02,13.32,19.055,1,2,05:13 AM,06:29 PM,11:47 AM,12:42 AM,First Quarter,47,Normal
Brazil,Bras,-2.08,-58.17,America/Manaus,1726317000,2024-09-14 08:30,31.3,88.3,Sunny,6.5,10.4,51,NE,1011.0,29.86,0.0,0.0,47,10,32.9,91.3,10.0,6.0,9.0,7.5,12.1,384.8,64.0,0.185,0.37,18.87,27.935,2,2,05:45 AM,05:51 PM,02:53 PM,02:31 AM,Waxing Gibbous,78,Normal
Latvia,Riga,56.95,24.1,Europe/Riga,1752396300,2025-07-13 11:45,24.2,75.6,Sunny,6.0,9.7,3,N,1018.0,30.06,0.0,0.0,50,25,25.5,77.9,10.0,6.0,4.0,8.0,12.9,279.35,58.0,7.955,1.48,13.875,18.315,1,2,04:49 AM,10:09 PM,11:30 PM,07:31 AM,Waning Gibbous,95,Normal
Mauritius,Port Louis,-20.1619,57.4989,Indian/Mauritius,1768978800,2026-01-21 11:00,30.3,86.5,Partly cloudy,14.8,23.8,22,NNE,1012.0,29.88,0.26,0.01,70,75,37.3,99.2,10.0,6.0,12.6,18.1,29.1,93.85,28.0,2.45,1.65,5.95,8.15,1,1,05:47 AM,06:56 PM,07:53 AM,08:49 PM,Waxing Crescent,4,Normal
Comoros,Moroni,-11.7042,43.2403,Indian/Comoro,1767856500,2026-01-08 10:15,30.0,86.0,Patchy light drizzle,14.3,23.0,35,NE,1012.0,29.88,0.26,0.01,66,25,37.9,100.2,10.0,6.0,1.4,21.1,34.0,117.85,64.0,1.15,0.95,12.45,18.35,1,2,05:51 AM,06:37 PM,10:43 PM,10:18 AM,Waning Gibbous,77,Normal
Russia,Moscow,55.7522,37.6156,Europe/Moscow,1752827400,2025-07-18 11:30,24.4,75.9,Sunny,8.9,14.4,80,E,1014.0,29.94,0.0,0.0,54,0,25.5,77.9,10.0,6.0,5.3,11.2,18.0,627.15,37.0,66.045,65.12,40.33,53.465,2,4,04:11 AM,09:00 PM,11:07 PM,02:11 PM,Last Quarter,52,Normal
Myanmar,Rangoon,16.7833,96.1667,Asia/Yangon,1761293700,2025-10-24 14:45,33.4,92.1,Partly cloudy,6.9,11.2,89,E,1008.0,29.77,0.03,0.0,53,50,40.0,104.0,8.0,4.0,5.3,8.7,14.0,516.85,89.0,6.55,9.35,28.05,28.05,2,3,06:00 AM,05:39 PM,08:08 AM,07:23 PM,Waxing Crescent,5,Normal
Monaco,Monaco,43.73,7.42,Europe/Monaco,1727517600,2024-09-28 12:00,23.0,73.4,Sunny,9.6,15.5,113,ESE,1011.0,29.85,0.0,0.0,38,0,24.9,76.9,10.0,6.0,5.0,11.1,17.8,279.35,57.0,6.475,0.925,2.405,4.625,1,1,07:25 AM,07:16 PM,02:45 AM,05:50 PM,Waning Crescent,20,Normal
Tuvalu,Funafuti,-8.5167,179.2167,Pacific/Funafuti,1739268900,2025-02-11 22:15,28.5,83.2,Partly cloudy,10.1,16.2,355,N,1012.0,29.88,0.0,0.0,68,75,31.4,88.6,10.0,6.0,0.0,13.7,22.0,183.15,29.0,0.0,0.555,14.615,22.755,1,2,06:05 AM,06:29 PM,05:33 PM,04:34 AM,Waxing Gibbous,95,Normal
Eritrea,Asmara,15.3333,38.9333,Africa/Asmara,1764659700,2025-12-02 10:15,21.5,70.8,Sunny,4.3,6.8,64,ENE,1015.0,29.97,0.0,0.0,45,2,21.5,70.8,10.0,6.0,5.2,4.9,7.9,172.85,67.0,2.85,3.65,16.85,50.05,2,2,06:35 AM,05:52 PM,03:28 PM,03:36 AM,Waxing Gibbous,86,Normal
Ethiopia,Addis Ababa,9.0333,38.7,Africa/Addis_Ababa,1730020500,2024-10-27 12:15,20.0,68.0,Patchy rain nearby,8.3,13.3,122,ESE,1014.0,29.95,0.08,0.0,56,72,20.0,68.0,10.0,6.0,9.5,9.6,15.5,442.15,64.0,1.295,1.295,19.425,44.215,2,2,06:14 AM,06:04 PM,02:21 AM,02:56 PM,Waning Crescent,25,Normal
Paraguay,Aurora,-23.4333,-61.3333,America/Argentina/Cordoba,1738062000,2025-01-28 08:00,29.2,84.5,Sunny,6.5,10.4,31,NNE,1007.0,29.73,0.0,0.0,51,6,30.4,86.8,10.0,6.0,1.0,9.6,15.5,295.367,46.0,0.503,0.168,4.196,4.196,1,1,06:42 AM,07:55 PM,05:32 AM,07:36 PM,Waning Crescent,3,Normal
Albania,Tirana,41.33,19.82,Europe/Tirane,1716216300,2024-05-20 16:45,29.0,84.2,Partly cloudy,8.1,13.0,330,NNW,1010.0,29.83,0.0,0.0,58,50,31.2,88.2,10.0,6.0,7.0,12.5,20.2,237.0,67.2,5.6,0.3,15.7,34.2,2,2,05:18 AM,07:58 PM,05:02 PM,03:30 AM,Waxing Gibbous,88,Normal
Malaysia,Kuala Lumpur,3.1667,101.7,Asia/Kuala_Lumpur,1756454400,2025-08-29 16:00,31.2,88.2,Patchy light rain with thunder,5.8,9.4,268,W,1009.0,29.8,0.2,0.01,66,25,34.6,94.3,10.0,6.0,5.4,6.7,10.8,3949.75,20.0,140.415,68.08,108.78,108.78,4,10,07:09 AM,07:20 PM,11:24 AM,11:36 PM,Waxing Crescent,26,Normal
Singapore,Singapore,1.2931,103.8558,Asia/Singapore,1768719600,2026-01-18 15:00,31.4,88.5,Partly cloudy,5.6,9.0,13,NNE,1007.0,29.74,0.81,0.03,52,75,38.0,100.3,10.0,6.0,6.0,8.1,13.0,353.85,77.0,23.95,5.95,18.25,21.85,2,2,07:13 AM,07:17 PM,06:37 AM,06:57 PM,Waning Crescent,1,Normal
Zambia,Lusaka,-15.4167,28.2833,Africa/Lusaka,1737801000,2025-01-25 12:30,25.4,77.7,Sunny,6.0,9.7,158,SSE,1010.0,29.82,0.0,0.0,55,12,26.3,79.4,10.0,6.0,14.4,7.0,11.2,321.9,58.0,0.555,0.925,8.325,8.88,1,1,05:54 AM,06:44 PM,01:47 AM,03:21 PM,Waning Crescent,22,Normal
Madagascar,Antananarivo,-18.9167,47.5167,Indian/Antananarivo,1742376600,2025-03-19 12:30,24.3,75.7,Partly cloudy,9.8,15.8,106,ESE,1022.0,30.18,0.0,0.0,57,50,25.6,78.0,10.0,6.0,13.9,11.3,18.2,155.4,57.0,1.11,0.555,5.18,6.475,1,1,05:54 AM,06:01 PM,09:07 PM,09:53 AM,Waning Gibbous,82,Normal
Bolivia,National,-11.18,-67.08,America/La_Paz,1722170700,2024-07-28 08:45,23.3,73.9,Sunny,2.2,3.6,51,NE,1015.0,29.96,0.0,0.0,55,6,25.0,76.9,10.0,6.0,7.0,2.8,4.5,454.0,18.2,0.3,0.1,73.5,73.7,4,10,06:47 AM,06:23 PM,12:30 AM,12:25 PM,Last Quarter,51,Normal
Japan,Tokyo,35.6895,139.6917,Asia/Tokyo,1749113100,2025-06-05 17:45,26.1,79.0,Sunny,15.2,24.5,179,S,1008.0,29.77,0.0,0.0,48,25,26.2,79.1,10.0,6.0,0.8,18.5,29.8,592.0,83.0,63.64,41.625,43.105,57.535,3,5,04:25 AM,06:54 PM,01:23 PM,12:47 AM,Waxing Gibbous,64,Normal
Singapore,Singapore,1.2931,103.8558,Asia/Singapore,1771056000,2026-02-14 16:00,32.1,89.8,Partly cloudy,9.4,15.1,19,NNE,1008.0,29.77,0.87,0.03,59,75,40.2,104.4,10.0,6.0,9.4,13.2,21.2,281.85,36.0,34.95,7.75,10.45,13.15,1,1,07:17 AM,07:21 PM,04:28 AM,04:48 PM,Waning Crescent,15,Normal
Venezuela,Caracas,10.5,-66.9167,America/Caracas,1740391200,2025-02-24 06:00,24.1,75.4,Clear,4.5,7.2,157,SSE,1012.0,29.88,0.0,0.0,69,0,26.1,78.9,10.0,6.0,0.0,7.7,12.4,645.65,64.0,7.955,2.22,12.21,16.28,1,2,06:44 AM,06:37 PM,03:52 AM,03:35 PM,Waning Crescent,18,Normal
Vietnam,Hanoi,21.0333,105.85,Asia/Bangkok,1745571600,2025-04-25 16:00,28.2,82.8,Overcast,3.8,6.1,50,NE,1009.0,29.8,0.0,0.0,70,0,32.8,91.1,10.0,6.0,0.3,5.3,8.5,1143.3,86.0,32.745,29.97,51.43,53.465,3,6,05:31 AM,06:19 PM,03:25 AM,03:45 PM,Waning Crescent,14,Normal
Kuwait,Kuwait City,29.3667,47.96,Asia/Kuwait,1764485100,2025-11-30 09:45,20.2,68.4,Sunny,4.7,7.6,222,SW,1021.0,30.15,0.0,0.0,34,0,20.2,68.4,10.0,6.0,1.4,6.8,10.9,378.85,13.0,61.15,24.55,67.95,97.45,4,9,06:24 AM,04:49 PM,01:19 PM,01:04 AM,Waxing Gibbous,67,Normal
Djibouti,Djibouti,11.595,43.1481,Africa/Djibouti,1729071000,2024-10-16 12:30,34.0,93.3,Sunny,9.8,15.8,94,E,1008.0,29.77,0.0,0.0,51,5,39.2,102.6,10.0,6.0,10.4,11.3,18.2,294.15,83.0,4.255,5.365,26.825,94.35,2,3,05:57 AM,05:49 PM,05:02 PM,04:39 AM,Waxing Gibbous,97,Normal
France,Paris,48.87,2.33,Europe/Paris,1716732000,2024-05-26 16:00,22.0,71.6,Moderate rain,9.4,15.1,260,W,1014.0,29.94,0.21,0.01,50,37,24.6,76.2,9.0,5.0,4.0,14.3,23.1,190.3,77.3,1.6,0.5,1.0,1.4,1,1,05:56 AM,09:40 PM,12:26 AM,07:36 AM,Waning Gibbous,93,Normal
Turkey,Yaren,39.55,27.6167,Europe/Istanbul,1749546000,2025-06-10 12:00,28.4,83.1,Sunny,21.3,34.2,23,NNE,1015.0,29.97,0.0,0.0,48,0,27.9,82.3,10.0,6.0,9.0,24.4,39.3,273.8,89.0,6.29,4.625,26.085,37.74,2,3,05:42 AM,08:36 PM,08:18 PM,04:29 AM,Waxing Gibbous,98,Normal
Somalia,Mogadishu,2.0667,45.3667,Africa/Mogadishu,1755419400,2025-08-17 11:30,26.3,79.4,Sunny,19.9,32.0,199,SSW,1013.0,29.92,0.0,0.0,68,25,28.1,82.5,10.0,6.0,10.4,23.1,37.2,188.7,59.0,0.37,0.37,14.985,23.125,1,2,05:57 AM,06:08 PM,12:13 AM,12:50 PM,Waning Crescent,42,Normal
Ghana,Accra,5.55,-0.22,Africa/Accra,1723724100,2024-08-15 12:15,27.4,81.3,Sunny,14.1,22.7,217,SW,1014.0,29.93,0.0,0.0,64,5,29.3,84.7,10.0,6.0,7.0,19.3,31.0,440.6,65.1,1.0,1.4,3.3,7.6,1,1,05:56 AM,06:14 PM,02:27 PM,01:32 AM,Waxing Gibbous,73,Normal
Burkina Faso,Ouagadougou,12.37,-1.52,Africa/Ouagadougou,1721909700,2024-07-25 12:15,31.9,89.4,Thundery outbreaks in nearby,14.1,22.7,237,WSW,1012.0,29.89,0.0,0.0,54,64,35.5,95.8,9.0,5.0,7.0,16.2,26.1,400.5,22.7,0.9,0.6,2.2,6.1,1,1,05:51 AM,06:34 PM,10:05 PM,09:39 AM,Waning Gibbous,83,Normal
Portugal,Lisbon,38.7167,-9.1333,Europe/Lisbon,1752655500,2025-07-16 09:45,23.4,74.1,Sunny,2.7,4.3,14,NNE,1019.0,30.09,0.0,0.0,65,0,25.1,77.1,10.0,6.0,1.9,3.8,6.1,303.4,53.0,27.565,3.33,24.235,37.925,2,3,06:25 AM,09:00 PM,No moonrise,12:18 PM,Waning Gibbous,73,Normal
Finland,Helsinki,60.18,24.93,Europe/Helsinki,1720529100,2024-07-09 15:45,23.2,73.8,Overcast,20.6,33.1,210,SSW,1020.0,30.12,0.0,0.0,47,25,24.9,76.8,10.0,6.0,5.0,25.1,40.3,156.9,83.7,1.3,0.8,1.3,1.7,1,1,04:12 AM,10:38 PM,08:04 AM,12:08 AM,Waxing Crescent,9,Normal
Rwanda,Kigali,-1.95,30.06,Africa/Kigali,1726570800,2024-09-17 13:00,29.0,84.2,Partly cloudy,5.1,8.3,96,E,1020.0,30.12,0.0,0.0,35,75,26.9,80.4,10.0,6.0,9.0,5.9,9.5,636.4,110.0,1.11,1.85,30.895,44.955,2,3,05:51 AM,05:57 PM,05:32 PM,05:07 AM,Waxing Gibbous,98,Normal
Lesotho,Maseru,-29.3167,27.4833,Africa/Maseru,1763709300,2025-11-21 09:15,22.0,71.5,Sunny,6.9,11.2,12,NNE,1015.0,29.96,0.0,0.0,44,4,22.0,71.5,10.0,6.0,5.7,8.0,12.9,188.85,88.0,3.75,3.15,12.45,12.45,1,2,05:05 AM,06:47 PM,05:27 AM,08:09 PM,Waxing Crescent,1,Normal
Malta,Valletta,35.8997,14.5147,Europe/Malta,1755936900,2025-08-23 10:15,28.2,82.8,Sunny,17.9,28.8,307,NW,1014.0,29.94,0.0,0.0,66,0,31.1,87.9,10.0,6.0,3.2,22.1,35.5,286.75,105.0,7.03,0.925,11.47,30.525,1,1,06:27 AM,07:42 PM,06:25 AM,07:57 PM,New Moon,0,Normal
Poland,Warsaw,52.25,21.0,Europe/Warsaw,1717510500,2024-06-04 16:15,20.0,68.0,Partly cloudy,9.4,15.1,310,NW,1012.0,29.88,0.01,0.0,64,75,20.0,68.0,10.0,6.0,5.0,10.5,17.0,176.9,89.4,1.7,0.8,1.6,2.6,1,1,04:18 AM,08:51 PM,02:41 AM,06:48 PM,Waning Crescent,8,Normal
Uganda,Kampala,0.32,32.57,Africa/Kampala,1720962900,2024-07-14 16:15,25.3,77.6,Sunny,9.6,15.5,180,S,1012.0,29.9,0.0,0.0,54,18,26.2,79.2,10.0,6.0,7.0,11.5,18.4,270.4,47.9,0.3,0.3,4.7,6.7,1,1,06:52 AM,07:00 PM,01:00 PM,12:37 AM,Waxing Gibbous,50,Normal
Tunisia,Tunis,36.8028,10.1797,Africa/Tunis,1746348300,2025-05-04 09:45,22.3,72.1,Partly Cloudy,2.2,3.6,245,WSW,1014.0,29.94,0.0,0.0,65,25,24.3,75.7,10.0,6.0,1.8,6.7,10.8,323.75,57.0,9.25,14.245,28.49,58.645,2,3,05:22 AM,07:11 PM,11:29 AM,01:24 AM,First Quarter,44,Normal
Uzbekistan,Tashkent,41.3167,69.25,Asia/Tashkent,1744276500,2025-04-10 14:15,25.3,77.5,Sunny,5.1,8.3,324,NW,1014.0,29.94,0.0,0.0,39,0,24.9,76.9,10.0,6.0,4.9,5.9,9.5,525.4,56.0,23.125,7.4,28.86,46.805,2,3,05:52 AM,06:58 PM,04:32 PM,04:44 AM,Waxing Gibbous,91,Normal
Kenya,Nairobi,-1.28,36.82,Africa/Nairobi,1719150300,2024-06-23 16:45,22.2,72.0,Partly cloudy,10.5,16.9,150,SSE,1023.0,30.21,0.0,0.0,46,75,24.5,76.2,10.0,6.0,7.0,15.0,24.1,454.0,46.5,4.6,4.4,7.0,18.8,1,1,06:33 AM,06:36 PM,08:09 PM,07:44 AM,Waning Gibbous,99,Normal
Greece,Athens,37.98,23.72,Europe/Athens,1722083400,2024-07-27 15:30,33.1,91.6,Sunny,10.1,16.2,65,ENE,1014.0,29.94,0.0,0.0,30,7,32.6,90.7,10.0,6.0,8.0,11.6,18.6,213.6,135.9,2.5,5.5,5.8,6.2,1,1,06:24 AM,08:38 PM,No moonrise,01:12 PM,Waning Gibbous,63,Normal
Somalia,Mogadishu,2.07,45.37,Africa/Mogadishu,1726317000,2024-09-14 15:30,29.0,84.2,Partly cloudy,19.5,31.3,206,SSW,1012.0,29.88,0.0,0.0,70,25,32.4,90.2,10.0,6.0,7.0,22.7,36.5,181.3,43.0,0.185,0.555,16.65,29.415,2,2,05:50 AM,05:58 PM,02:50 PM,02:12 AM,Waxing Gibbous,78,Normal
Belarus,Minsk,53.9,27.57,Europe/Minsk,1722860100,2024-08-05 15:15,20.9,69.7,Patchy rain nearby,6.5,10.4,236,WSW,1009.0,29.8,0.19,0.01,64,86,20.9,69.7,9.0,5.0,5.0,7.6,12.3,212.0,95.8,1.5,2.0,4.1,4.7,1,1,05:31 AM,08:59 PM,06:05 AM,09:44 PM,Waxing Crescent,0,Normal
Vatican City,Vatican City,41.904,12.453,Europe/Rome,1747645200,2025-05-19 11:00,20.3,68.5,Sunny,7.4,11.9,192,SSW,1020.0,30.12,0.0,0.0,68,0,20.3,68.5,10.0,6.0,5.9,8.5,13.7,268.25,96.0,13.69,1.48,12.765,22.015,1,2,05:46 AM,08:28 PM,01:38 AM,11:20 AM,Waning Gibbous,67,Normal
Malawi,Lilongwe,-13.9833,33.7833,Africa/Blantyre,1755849600,2025-08-22 10:00,23.3,73.9,Sunny,3.8,6.1,90,E,1024.0,30.24,0.0,0.0,44,25,23.9,75.0,10.0,6.0,7.9,4.4,7.1,390.35,66.0,2.405,2.035,28.86,29.97,2,3,05:56 AM,05:40 PM,05:19 AM,05:04 PM,Waning Crescent,2,Normal
India,New Delhi,28.6,77.2,Asia/Kolkata,1754640900,2025-08-08 13:45,34.2,93.6,Mist,6.7,10.8,296,WNW,1005.0,29.68,0.0,0.0,56,50,34.9,94.8,5.0,3.0,8.6,7.7,12.4,971.25,64.0,39.035,22.94,155.955,892.44,5,10,05:47 AM,07:07 PM,06:43 PM,04:23 AM,Waxing Gibbous,97,Normal
India,New Delhi,28.6,77.2,Asia/Kolkata,1740218400,2025-02-22 15:30,23.2,73.8,Mist,8.9,14.4,300,WNW,1016.0,30.0,0.0,0.0,41,50,22.7,72.9,4.5,2.0,1.6,10.3,16.6,1135.9,108.0,26.455,42.365,111.185,192.955,4,10,06:53 AM,06:16 PM,02:18 AM,12:23 PM,Waning Crescent,40,Normal
South Africa,Pretoria,-25.7469,28.188,Africa/Johannesburg,1736070300,2025-01-05 11:45,26.4,79.5,Sunny,12.3,19.8,4,N,1013.0,29.91,0.34,0.01,70,0,27.0,80.6,9.0,5.0,11.8,16.4,26.4,299.7,60.0,5.18,8.695,13.875,14.06,1,2,05:22 AM,07:03 PM,10:40 AM,11:07 PM,Waxing Crescent,27,Normal
Eritrea,Asmara,15.33,38.93,Africa/Asmara,1727001000,2024-09-22 13:30,24.1,75.4,Sunny,13.4,21.6,52,NE,1013.0,29.91,0.0,0.0,30,2,24.2,75.6,10.0,6.0,6.0,19.6,31.5,286.75,100.0,0.37,3.7,28.675,114.145,2,3,06:13 AM,06:20 PM,09:55 PM,10:24 AM,Waning Gibbous,79,Normal
Benin,Porto-Novo,6.4833,2.6167,Africa/Porto-Novo,1736332200,2025-01-08 11:30,32.2,90.0,Partly cloudy,2.7,4.3,31,NNE,1012.0,29.88,0.0,0.0,67,50,33.5,92.2,8.0,4.0,5.4,3.1,5.0,525.4,88.0,3.33,1.85,53.65,123.21,3,6,07:03 AM,06:49 PM,01:49 PM,01:38 AM,Waxing Gibbous,61,Normal
Tanzania,Dodoma,-6.1833,35.75,Africa/Dar_es_Salaam,1757836800,2025-09-14 11:00,23.3,73.9,Sunny,8.1,13.0,97,E,1022.0,30.18,0.0,0.0,50,0,24.1,75.3,10.0,6.0,10.5,9.3,14.9,329.3,71.0,2.775,0.74,16.465,17.76,2,2,06:30 AM,06:34 PM,12:06 AM,12:08 PM,Last Quarter,56,Normal
Israel,Jerusalem,31.78,35.23,Asia/Jerusalem,1719665100,2024-06-29 15:45,32.1,89.8,Sunny,10.5,16.9,270,W,1002.0,29.59,0.0,0.0,52,0,32.3,90.1,10.0,6.0,8.0,19.8,31.9,168.6,141.6,2.1,3.3,13.9,50.3,1,2,05:37 AM,07:49 PM,12:31 AM,01:16 PM,Waning Crescent,49,Normal
Japan,Tokyo,35.6895,139.6917,Asia/Tokyo,1758700800,2025-09-24 17:00,26.2,79.2,Partly cloudy,10.5,16.9,115,ESE,1021.0,30.15,0.0,0.0,48,75,26.3,79.3,10.0,6.0,0.2,13.0,20.9,468.05,55.0,56.24,41.625,41.625,46.065,3,4,05:31 AM,05:36 PM,07:34 AM,06:30 PM,Waxing Crescent,3,Normal
United Arab Emirates,Abu Dhabi,24.47,54.37,Asia/Dubai,1717424100,2024-06-03 18:15,35.0,95.0,Sunny,10.5,16.9,240,WSW,1000.0,29.53,0.0,0.0,47,0,37.0,98.6,10.0,6.0,8.0,20.0,32.2,260.4,134.5,0.3,1.5,25.1,68.4,2,3,05:34 AM,07:08 PM,02:49 AM,04:02 PM,Waning Crescent,16,Normal
Burkina Faso,Ouagadougou,12.3703,-1.5247,Africa/Ouagadougou,1767164400,2025-12-31 07:00,23.2,73.8,Sunny,10.1,16.2,24,NNE,1014.0,29.94,0.0,0.0,38,0,23.2,73.8,10.0,6.0,0.2,21.1,34.0,218.85,46.0,3.55,1.55,53.05,456.25,3,6,06:27 AM,05:52 PM,02:53 PM,03:09 AM,Waxing Gibbous,84,Normal
Philippines,Manila,14.6042,120.9822,Asia/Manila,1750323600,2025-06-19 17:00,32.1,89.8,Partly cloudy,8.7,14.0,105,ESE,1009.0,29.8,0.0,0.0,63,75,36.6,97.9,10.0,6.0,0.8,11.8,19.0,856.55,82.0,22.015,40.885,40.33,42.92,2,4,05:28 AM,06:27 PM,No moonrise,12:16 PM,Last Quarter,52,Normal
Zimbabwe,Harare,-17.82,31.04,Africa/Harare,1719236700,2024-06-24 15:45,21.6,70.8,Sunny,9.8,15.8,113,ESE,1020.0,30.13,0.0,0.0,33,19,21.6,70.8,10.0,6.0,7.0,11.3,18.2,280.4,46.5,2.6,4.5,5.5,6.9,1,1,06:26 AM,05:31 PM,08:02 PM,08:38 AM,Waning Gibbous,95,Normal
Montenegro,Podgorica,42.4411,19.2636,Europe/Podgorica,1754295300,2025-08-04 10:15,27.2,81.0,Moderate or heavy rain with thunder,3.8,6.1,324,NW,1013.0,29.91,0.04,0.0,39,50,27.5,81.4,10.0,6.0,4.7,5.5,8.8,281.2,77.0,6.66,0.555,7.585,8.695,1,1,05:39 AM,07:59 PM,04:45 PM,12:23 AM,Waxing Gibbous,72,Normal
Greece,Athens,37.9795,23.7162,Europe/Athens,1758615300,2025-09-23 11:15,26.2,79.2,Sunny,2.2,3.6,245,WSW,1016.0,30.0,0.0,0.0,39,0,26.0,78.7,10.0,6.0,3.7,2.3,3.7,658.6,44.0,102.12,11.47,36.26,45.88,2,4,07:14 AM,07:21 PM,08:40 AM,07:54 PM,Waxing Crescent,1,Normal
Sudan,Juba,12.15,24.45,Africa/Khartoum,1718977500,2024-06-21 15:45,34.6,94.3,Sunny,4.5,7.2,158,SSE,1009.0,29.8,0.0,0.0,30,11,34.7,94.5,10.0,6.0,8.0,5.1,8.3,247.0,35.8,0.1,0.2,13.3,60.6,1,2,05:59 AM,06:49 PM,06:31 PM,05:06 AM,Full Moon,99,Normal
Egypt,Cairo,30.05,31.25,Africa/Cairo,1751445900,2025-07-02 11:45,30.3,86.5,Partly cloudy,4.7,7.6,315,NW,1008.0,29.77,0.0,0.0,55,50,29.4,84.8,6.0,3.0,8.3,5.4,8.7,362.6,57.0,43.105,121.545,35.335,58.645,2,3,05:58 AM,08:00 PM,12:42 PM,12:10 AM,First Quarter,41,Normal
Thailand,Bangkok,13.75,100.5167,Asia/Bangkok,1735901100,2025-01-03 17:45,30.1,86.2,Partly cloudy,4.9,7.9,62,ENE,1011.0,29.85,0.0,0.0,46,25,29.1,84.3,10.0,6.0,0.4,6.0,9.6,2127.5,92.0,49.21,40.515,62.53,63.085,3,8,06:42 AM,06:03 PM,09:28 AM,09:20 PM,Waxing Crescent,9,Normal
Jordan,Amman,31.95,35.93,Asia/Amman,1724415300,2024-08-23 15:15,33.4,92.1,Sunny,11.9,19.1,230,SW,1013.0,29.91,0.0,0.0,32,0,32.3,90.2,7.0,4.0,8.0,12.1,19.5,207.0,134.5,1.7,2.5,8.0,18.3,1,1,06:06 AM,07:11 PM,09:33 PM,10:00 AM,Waning Gibbous,85,Normal
Burkina Faso,Ouagadougou,12.3703,-1.5247,Africa/Ouagadougou,1767423600,2026-01-03 07:00,20.0,68.0,Sunny,8.3,13.3,60,ENE,1012.0,29.88,0.0,0.0,56,0,20.0,68.0,10.0,6.0,0.2,17.4,28.0,221.85,45.0,3.75,1.65,33.95,255.15,2,3,06:28 AM,05:53 PM,06:09 PM,06:28 AM,Full Moon,100,Normal
France,Paris,48.87,2.33,Europe/Paris,1718373600,2024-06-14 16:00,21.3,70.3,Light rain,13.6,22.0,210,SSW,1007.0,29.74,0.77,0.03,53,75,21.3,70.3,10.0,6.0,4.0,16.4,26.3,193.6,72.2,2.4,0.6,1.4,1.8,1,1,05:47 AM,09:56 PM,01:58 PM,02:13 AM,First Quarter,48,Normal
Uganda,Kampala,0.32,32.57,Africa/Kampala,1726230600,2024-09-13 15:30,29.7,85.5,Sunny,9.8,15.8,173,S,1009.0,29.81,0.0,0.0,38,5,29.5,85.1,10.0,6.0,7.0,11.3,18.2,627.15,95.0,1.11,2.22,26.085,37.925,2,3,06:42 AM,06:49 PM,02:42 PM,02:10 AM,Waxing Gibbous,68,Normal
Somalia,Mogadishu,2.0667,45.3667,Africa/Mogadishu,1762760700,2025-11-10 10:45,28.3,82.9,Sunny,12.1,19.4,90,E,1014.0,29.95,0.0,0.0,69,3,31.2,88.2,10.0,6.0,8.5,14.0,22.5,113.85,46.0,1.45,1.05,8.55,12.05,1,1,05:42 AM,05:44 PM,10:52 PM,10:30 AM,Waning Gibbous,75,Normal
Turkey,Yaren,39.55,27.6167,Europe/Istanbul,1749199500,2025-06-06 11:45,27.0,80.6,Sunny,10.5,16.9,4,N,1015.0,29.97,0.0,0.0,54,0,26.8,80.3,10.0,6.0,6.7,12.1,19.5,242.35,70.0,9.25,4.625,23.865,31.82,2,2,05:43 AM,08:34 PM,04:11 PM,02:41 AM,Waxing Gibbous,75,Normal
Brazil,Bras,-2.08,-58.17,America/Manaus,1726829100,2024-09-20 06:45,24.6,76.3,Sunny,3.1,5.0,49,NE,1007.0,29.75,0.0,0.0,56,6,25.8,78.4,10.0,6.0,7.0,6.6,10.6,436.6,52.0,0.185,0.555,14.245,21.275,1,2,05:43 AM,05:49 PM,08:18 PM,07:45 AM,Waning Gibbous,95,Normal
Mauritania,Nouakchott,18.0864,-15.9753,Africa/Nouakchott,1745485200,2025-04-24 09:00,24.7,76.5,Sunny,15.9,25.6,15,NNE,1011.0,29.87,0.0,0.0,36,4,25.0,76.9,10.0,6.0,1.9,33.0,53.1,288.6,60.0,1.11,0.555,103.97,422.91,4,10,06:41 AM,07:23 PM,04:06 AM,04:13 PM,Waning Crescent,20,Normal
Vietnam,Hanoi,21.0333,105.85,Asia/Bangkok,1760083200,2025-10-10 15:00,33.3,91.9,Cloudy,5.6,9.0,130,SE,1010.0,29.83,0.0,0.0,59,0,39.3,102.8,10.0,6.0,2.5,7.4,12.0,736.85,44.0,39.65,36.35,88.85,89.05,4,10,05:51 AM,05:37 PM,08:04 PM,08:59 AM,Waning Gibbous,90,Normal
Thailand,Nan,18.7833,100.7833,Asia/Bangkok,1751794200,2025-07-06 16:30,32.0,89.6,Partly cloudy,2.2,3.6,107,ESE,1003.0,29.62,1.27,0.05,67,50,49.4,120.9,10.0,6.0,3.1,3.4,5.4,310.8,58.0,4.995,5.365,4.255,4.44,1,1,05:45 AM,06:58 PM,03:10 PM,01:41 AM,Waxing Gibbous,76,Normal
Albania,Tirana,41.3275,19.8189,Europe/Tirane,1754900100,2025-08-11 10:15,32.1,89.8,Sunny,2.2,3.6,328,NNW,1014.0,29.94,0.0,0.0,34,0,29.9,85.8,10.0,6.0,5.7,2.6,4.1,305.25,66.0,25.345,9.99,17.02,20.535,2,2,05:46 AM,07:45 PM,08:58 PM,07:54 AM,Waning Gibbous,97,Normal
Ukraine,Kyiv,50.43,30.52,Europe/Kiev,1727431200,2024-09-27 13:00,27.8,82.1,Partly Cloudy,16.6,26.6,208,SSW,1010.0,29.82,0.0,0.0,31,25,26.9,80.5,10.0,6.0,7.0,19.0,30.6,325.6,64.0,9.805,3.7,20.72,26.825,2,2,06:52 AM,06:44 PM,12:26 AM,05:18 PM,Waning Crescent,28,Normal
Brunei Darussalam,Bandar Seri Begawan,4.8833,114.9333,Asia/Brunei,1740391200,2025-02-24 18:00,30.3,86.5,Partly cloudy,6.9,11.2,10,N,1010.0,29.83,0.37,0.01,70,75,39.7,103.4,10.0,6.0,0.0,11.3,18.2,684.5,62.0,4.07,3.7,19.24,19.98,2,2,06:33 AM,06:33 PM,03:04 AM,03:10 PM,Waning Crescent,22,Normal
Tajikistan,Dushanbe,38.56,68.77,Asia/Dushanbe,1719839700,2024-07-01 18:15,32.3,90.1,Patchy light rain with thunder,9.4,15.1,110,ESE,1006.0,29.71,0.01,0.0,36,25,31.7,89.0,10.0,6.0,7.0,13.9,22.3,191.9,90.8,0.4,0.9,16.7,50.5,2,2,05:04 AM,07:53 PM,01:06 AM,03:24 PM,Waning Crescent,27,Normal
Djibouti,Djibouti,11.595,43.1481,Africa/Djibouti,1735382700,2024-12-28 13:45,26.6,79.8,Patchy rain nearby,13.2,21.2,86,E,1018.0,30.05,0.02,0.0,59,88,27.7,81.9,10.0,6.0,7.5,15.2,24.4,286.75,98.0,1.48,1.295,40.7,133.015,3,4,06:25 AM,05:53 PM,04:01 AM,03:39 PM,Waning Crescent,10,Normal
Sierra Leone,Freetown,8.49,-13.2342,Africa/Freetown,1734259500,2024-12-15 10:45,28.7,83.6,Sunny,3.6,5.8,31,NNE,1013.0,29.93,0.0,0.0,69,24,32.1,89.8,10.0,6.0,3.6,4.1,6.6,431.05,89.0,1.48,1.665,53.65,110.63,3,6,06:59 AM,06:37 PM,06:54 PM,07:00 AM,Full Moon,100,Normal
Marshall Islands,Majuro,7.1,171.3833,Pacific/Majuro,1736591400,2025-01-11 22:30,28.1,82.6,Partly cloudy,21.3,34.2,79,E,1013.0,29.9,0.01,0.0,70,50,31.5,88.7,24.0,14.0,0.0,28.7,46.2,207.2,70.0,0.0,0.555,15.355,24.79,1,2,06:50 AM,06:34 PM,03:52 PM,03:51 AM,Waxing Gibbous,86,Normal
Lithuania,Vilnius,54.6833,25.3167,Europe/Vilnius,1754208900,2025-08-03 11:15,24.2,75.6,Sunny,7.4,11.9,165,SSE,1017.0,30.03,0.0,0.0,65,0,25.6,78.0,10.0,6.0,4.4,8.5,13.7,296.0,67.0,4.07,0.555,13.505,16.095,1,2,05:33 AM,09:16 PM,05:29 PM,11:46 PM,Waxing Gibbous,63,Normal
South Africa,Pretoria,-25.7469,28.188,Africa/Johannesburg,1742031900,2025-03-15 11:45,21.2,70.2,Partly cloudy,8.3,13.3,48,NE,1025.0,30.27,0.01,0.0,60,75,21.2,70.2,10.0,6.0,9.9,9.5,15.3,325.6,60.0,15.91,46.805,11.84,12.395,1,1,06:08 AM,06:23 PM,07:01 PM,06:57 AM,Waning Gibbous,100,Normal
Malawi,Lilongwe,-13.9833,33.7833,Africa/Blantyre,1745226900,2025-04-21 11:15,24.3,75.7,Partly cloudy,5.6,9.0,67,ENE,1020.0,30.12,0.02,0.0,65,50,25.6,78.1,10.0,6.0,11.1,6.4,10.4,247.9,52.0,1.48,0.74,12.765,15.355,1,2,05:52 AM,05:35 PM,No moonrise,12:47 PM,Last Quarter,52,Normal
Bulgaria,Bogot,43.3167,24.7,Europe/Sofia,1751099400,2025-06-28 11:30,29.4,84.9,Partly Cloudy,11.2,18.0,324,NW,1015.0,29.98,0.0,0.0,40,30,29.3,84.8,10.0,6.0,6.3,12.9,20.7,240.5,72.0,3.145,2.22,12.395,13.505,1,2,05:44 AM,09:06 PM,08:44 AM,11:37 PM,Waxing Crescent,8,Normal
Guinea-Bissau,Bissau,11.85,-15.5833,Africa/Bissau,1743066900,2025-03-27 09:15,23.0,73.4,Sunny,7.2,11.5,73,ENE,1010.0,29.83,0.0,0.0,57,0,24.7,76.4,8.0,4.0,1.9,9.0,14.5,418.1,57.0,3.145,1.48,48.47,84.915,3,6,07:02 AM,07:14 PM,05:27 AM,05:34 PM,Waning Crescent,9,Normal
Gambia,Banjul,13.45,-16.58,Africa/Banjul,1718545500,2024-06-16 13:45,30.3,86.5,Partly cloudy,5.6,9.0,270,W,1011.0,29.85,0.01,0.0,66,75,39.3,102.7,10.0,6.0,6.0,14.6,23.4,168.6,58.7,0.1,0.2,11.2,67.9,1,1,06:39 AM,07:35 PM,02:55 PM,02:18 AM,Waxing Gibbous,67,Normal
Mali,Bamako,12.65,-8.0,Africa/Bamako,1748508300,2025-05-29 08:45,29.3,84.7,Sunny,12.8,20.5,201,SSW,1015.0,29.97,0.0,0.0,66,0,29.9,85.9,10.0,6.0,1.1,14.7,23.6,362.6,55.0,1.85,1.11,65.675,200.725,4,9,06:05 AM,06:54 PM,08:17 AM,09:43 PM,Waxing Crescent,5,Normal
Botswana,Gaborone,-24.65,25.91,Africa/Gaborone,1719494100,2024-06-27 15:15,21.3,70.3,Partly cloudy,9.4,15.1,100,E,1029.0,30.39,0.0,0.0,31,25,21.3,70.3,10.0,6.0,7.0,11.8,19.0,250.3,60.1,1.1,0.5,2.1,2.7,1,1,07:01 AM,05:38 PM,11:21 PM,11:18 AM,Waning Gibbous,71,Normal
France,Paris,48.87,2.33,Europe/Paris,1724500800,2024-08-24 14:00,29.2,84.6,Sunny,16.1,25.9,180,S,1005.0,29.68,0.0,0.0,45,0,29.0,84.1,10.0,6.0,7.0,18.0,29.0,230.3,57.2,2.2,0.5,1.7,2.5,1,1,06:57 AM,08:48 PM,10:43 PM,01:08 PM,Waning Gibbous,76,Normal
Djibouti,Djibouti,11.595,43.1481,Africa/Djibouti,1738751400,2025-02-05 13:30,29.3,84.7,Partly cloudy,15.7,25.2,96,E,1015.0,29.97,0.0,0.0,58,50,31.4,88.4,10.0,6.0,9.5,18.0,29.0,320.05,114.0,0.74,3.515,53.835,227.365,3,6,06:31 AM,06:12 PM,11:41 AM,No moonset,First Quarter,45,Normal
Singapore,Singapore,1.2931,103.8558,Asia/Singapore,1772174700,2026-02-27 14:45,33.2,91.8,Partly cloudy,11.0,17.6,297,WNW,1008.0,29.77,0.0,0.0,53,75,45.6,114.1,10.0,6.0,9.8,14.9,23.9,708.85,15.0,86.25,21.15,22.65,23.85,2,2,07:15 AM,07:20 PM,03:44 PM,03:18 AM,Waxing Gibbous,74,Normal
Tunisia,Tunis,36.8,10.18,Africa/Tunis,1722861000,2024-08-05 13:30,32.4,90.3,Sunny,13.2,21.2,348,NNW,1011.0,29.85,0.0,0.0,41,0,33.6,92.5,10.0,6.0,8.0,15.2,24.4,223.6,98.7,0.4,0.9,6.0,13.0,1,1,05:29 AM,07:22 PM,06:09 AM,08:14 PM,Waxing Crescent,0,Normal
Montenegro,Podgorica,42.4411,19.2636,Europe/Podgorica,1751965200,2025-07-08 11:00,28.2,82.8,Moderate rain,6.5,10.4,142,SE,1007.0,29.74,0.08,0.0,70,75,30.3,86.5,10.0,6.0,6.5,8.7,13.9,253.45,84.0,5.92,0.74,12.21,18.5,1,2,05:14 AM,08:22 PM,06:56 PM,02:29 AM,Waxing Gibbous,91,Normal
Mozambique,Maputo,-25.97,32.59,Africa/Maputo,1718891100,2024-06-20 15:45,24.4,75.9,Partly cloudy,15.0,24.1,160,SSE,1025.0,30.27,0.2,0.01,65,50,25.7,78.3,10.0,6.0,6.0,15.8,25.5,454.0,70.1,1.8,2.8,12.5,18.2,1,2,06:36 AM,05:07 PM,03:34 PM,04:58 AM,Waxing Gibbous,95,Normal
Congo,Brazzaville,-4.26,15.28,Africa/Brazzaville,1715849100,2024-05-16 09:45,29.6,85.2,Sunny,2.7,4.3,49,NE,1012.0,29.89,0.0,0.0,66,14,33.3,92.0,10.0,6.0,8.0,3.1,5.0,694.3,5.2,11.8,2.6,17.3,72.7,2,2,05:58 AM,05:53 PM,01:05 PM,12:34 AM,Waxing Gibbous,55,Normal
Bahrain,Manama,26.2361,50.5831,Asia/Bahrain,1728811800,2024-10-13 12:30,31.2,88.1,Sunny,4.3,6.8,2,N,1009.0,29.8,0.0,0.0,49,0,33.2,91.8,10.0,6.0,7.1,5.8,9.3,394.05,117.0,57.35,80.845,53.65,129.13,3,6,05:36 AM,05:12 PM,02:36 PM,12:51 AM,Waxing Gibbous,73,Normal
Mozambique,Maputo,-25.9653,32.5892,Africa/Maputo,1754900100,2025-08-11 10:15,23.0,73.4,Partly cloudy,13.0,20.9,172,S,1025.0,30.27,0.0,0.0,53,50,24.9,76.7,10.0,6.0,2.5,16.2,26.0,190.55,61.0,2.035,2.035,5.55,7.955,1,1,06:21 AM,05:29 PM,07:45 PM,07:42 AM,Waning Gibbous,97,Normal
Israel,Jerusalem,31.78,35.23,Asia/Jerusalem,1716472800,2024-05-23 17:00,33.0,91.4,Sunny,12.5,20.2,270,W,1010.0,29.83,0.0,0.0,32,0,32.5,90.5,10.0,6.0,7.0,26.4,42.4,227.0,103.0,9.3,4.1,19.0,84.0,2,2,05:38 AM,07:35 PM,07:46 PM,05:07 AM,Full Moon,100,Normal
Vatican City,Vatican City,41.904,12.453,Europe/Rome,1746262800,2025-05-03 11:00,22.4,72.3,Overcast,5.6,9.0,217,SW,1020.0,30.12,0.0,0.0,65,0,24.1,75.3,10.0,6.0,5.1,6.4,10.4,334.85,90.0,19.425,2.035,26.085,32.005,2,3,06:04 AM,08:11 PM,10:54 AM,01:53 AM,Waxing Crescent,33,Normal
Tanzania,Dodoma,-6.1833,35.75,Africa/Dar_es_Salaam,1734174000,2024-12-14 14:00,29.0,84.2,Partly Cloudy,4.3,6.8,43,NE,1009.0,29.78,0.0,0.0,44,44,29.3,84.8,10.0,6.0,10.7,5.0,8.1,290.45,75.0,0.555,0.37,9.25,11.84,1,1,06:17 AM,06:46 PM,05:59 PM,05:01 AM,Waxing Gibbous,97,Normal
Zimbabwe,Harare,-17.8178,31.0447,Africa/Harare,1765005300,2025-12-06 09:15,21.8,71.2,Patchy rain nearby,6.3,10.1,48,NE,1017.0,30.02,0.23,0.01,61,71,21.8,71.2,9.0,5.0,6.5,7.2,11.6,172.85,45.0,3.15,1.05,8.55,8.75,1,1,05:13 AM,06:21 PM,08:17 PM,06:21 AM,Waning Gibbous,98,Normal
Jamaica,Port Royal,17.9333,-76.85,America/Jamaica,1745138700,2025-04-20 03:45,26.2,79.2,Partly Cloudy,4.9,7.9,36,NE,1014.0,29.94,0.0,0.0,70,25,29.2,84.5,10.0,6.0,0.0,9.8,15.8,806.6,62.0,7.77,3.33,14.985,22.755,1,2,05:48 AM,06:25 PM,12:22 AM,11:33 AM,Last Quarter,59,Normal
Sudan,Khartoum,15.5881,32.5342,Africa/Khartoum,1758355200,2025-09-20 10:00,27.0,80.6,Sunny,19.5,31.3,191,SSW,1011.0,29.85,0.0,0.0,66,15,28.8,83.8,10.0,6.0,7.0,22.4,36.0,431.05,70.0,3.33,2.22,36.26,87.69,2,4,05:39 AM,05:48 PM,04:20 AM,05:00 PM,Waning Crescent,4,Normal
Niger,Niamey,13.6667,1.7833,Africa/Niamey,1761984000,2025-11-01 09:00,26.1,79.0,Overcast,2.2,3.6,26,NNE,1014.0,29.94,0.0,0.0,39,0,24.5,76.2,4.0,2.0,1.6,6.7,10.8,136.85,41.0,8.05,1.35,20.45,49.05,2,2,06:47 AM,06:25 PM,03:20 PM,02:40 AM,Waxing Gibbous,73,Normal
Angola,Luanda,-8.8383,13.2344,Africa/Luanda,1733567400,2024-12-07 11:30,29.2,84.6,Partly cloudy,6.5,10.4,299,WNW,1011.0,29.85,0.0,0.0,70,75,33.2,91.7,10.0,6.0,10.5,8.0,12.9,331.15,80.0,4.44,7.955,21.275,27.75,2,2,05:40 AM,06:17 PM,11:05 AM,11:45 PM,Waxing Crescent,32,Normal
Israel,Jerusalem,31.78,35.23,Asia/Jerusalem,1756972800,2025-09-04 11:00,30.3,86.5,Partly cloudy,6.5,10.4,240,WSW,1006.0,29.71,0.0,0.0,55,50,30.2,86.4,10.0,6.0,7.8,8.1,13.1,249.75,96.0,20.165,9.62,20.72,33.3,2,2,06:16 AM,06:59 PM,05:07 PM,02:22 AM,Waxing Gibbous,83,Normal
Czech Republic,Prague,50.0833,14.4667,Europe/Prague,1754900100,2025-08-11 10:15,20.4,68.7,Sunny,4.7,7.6,78,ENE,1027.0,30.33,0.0,0.0,56,0,20.4,68.7,10.0,6.0,3.7,5.4,8.7,336.7,58.0,28.86,5.365,17.02,25.53,2,2,05:46 AM,08:28 PM,09:24 PM,08:07 AM,Waning Gibbous,97,Normal
Malawi,Lilongwe,-13.9833,33.7833,Africa/Blantyre,1751532300,2025-07-03 10:45,21.9,71.5,Patchy rain nearby,8.5,13.7,74,ENE,1022.0,30.17,0.01,0.0,48,76,21.9,71.5,10.0,6.0,6.0,9.8,15.7,314.5,54.0,1.85,1.665,15.725,17.575,2,2,06:09 AM,05:29 PM,11:53 AM,No moonset,Waxing Gibbous,51,Normal
Bangladesh,Dhaka,23.7231,90.4086,Asia/Dhaka,1763795700,2025-11-22 13:15,27.6,81.7,Sunny,7.4,11.9,320,NW,1014.0,29.94,0.0,0.0,36,0,27.1,80.9,10.0,6.0,5.4,8.5,13.7,994.85,52.0,53.95,20.75,120.55,121.95,4,10,06:17 AM,05:11 PM,08:01 AM,06:33 PM,Waxing Crescent,2,Normal
Namibia,Windhoek,-22.5717,17.0822,Africa/Windhoek,1744190100,2025-04-09 11:15,22.2,72.0,Sunny,15.9,25.6,318,NW,1025.0,30.27,0.0,0.0,50,0,23.3,74.0,10.0,6.0,8.1,18.3,29.4,225.7,70.0,1.11,0.37,2.405,3.7,1,1,07:03 AM,06:43 PM,04:52 PM,03:57 AM,Waxing Gibbous,85,Normal
Canada,Ottawa,45.42,-75.7,America/Toronto,1719926100,2024-07-02 09:15,22.1,71.8,Partly cloudy,3.8,6.1,260,W,1025.0,30.27,0.0,0.0,57,50,24.6,76.3,24.0,14.0,5.0,4.1,6.6,128.5,16.8,1.4,0.1,0.5,0.7,1,1,05:19 AM,08:54 PM,02:07 AM,06:11 PM,Waning Crescent,18,Normal
Tajikistan,Dushanbe,38.56,68.77,Asia/Dushanbe,1718115300,2024-06-11 19:15,30.3,86.5,Patchy light rain with thunder,6.9,11.2,30,NNE,1010.0,29.83,0.0,0.0,38,25,30.4,86.7,10.0,6.0,7.0,11.4,18.4,191.9,65.1,1.2,2.8,4.1,9.4,1,1,05:00 AM,07:50 PM,09:23 AM,11:51 PM,Waxing Crescent,21,Normal
Bahrain,Manama,26.2361,50.5831,Asia/Bahrain,1743929100,2025-04-06 11:45,30.3,86.5,Sunny,7.2,11.5,101,ESE,1012.0,29.88,0.0,0.0,35,0,34.9,94.8,10.0,6.0,9.0,14.6,23.5,444.0,84.0,51.8,9.62,66.97,80.845,4,9,05:24 AM,05:57 PM,12:12 PM,01:32 AM,Waxing Gibbous,58,Normal
Central African Republic,Bangui,4.37,18.58,Africa/Bangui,1726570800,2024-09-17 12:00,33.2,91.8,Patchy light rain with thunder,2.7,4.3,7,N,1013.0,29.91,0.21,0.01,56,75,40.7,105.3,10.0,6.0,7.0,3.4,5.5,347.8,41.0,0.185,2.22,22.57,33.3,2,2,05:36 AM,05:44 PM,05:23 PM,04:50 AM,Waxing Gibbous,98,Normal
Mauritania,Nouakchott,18.0864,-15.9753,Africa/Nouakchott,1729243800,2024-10-18 09:30,28.7,83.6,Partly Cloudy,4.7,7.6,297,WNW,1014.0,29.96,0.0,0.0,58,31,30.5,86.9,10.0,6.0,0.9,9.9,15.9,220.15,51.0,1.11,0.925,108.965,539.275,4,10,06:58 AM,06:39 PM,07:32 PM,07:53 AM,Waning Gibbous,100,Normal
Poland,Warsaw,52.25,21.0,Europe/Warsaw,1719063900,2024-06-22 15:45,26.2,79.2,Partly cloudy,11.9,19.1,250,WSW,1008.0,29.77,0.0,0.0,58,50,26.9,80.4,10.0,6.0,6.0,16.7,26.9,208.6,78.0,1.2,0.6,2.2,2.4,1,1,04:14 AM,09:02 PM,10:18 PM,03:41 AM,Full Moon,100,Normal
Liechtenstein,Vaduz,47.1333,9.5167,Europe/Zurich,1749717900,2025-06-12 10:45,20.3,68.5,Sunny,2.2,3.6,202,SSW,1019.0,30.09,0.0,0.0,64,0,20.3,68.5,10.0,6.0,4.3,6.7,10.8,305.25,54.0,7.955,0.185,16.28,21.09,2,2,05:26 AM,09:18 PM,11:01 PM,05:40 AM,Waning Gibbous,99,Normal
Kenya,Nairobi,-1.2833,36.8167,Africa/Nairobi,1767510000,2026-01-04 10:00,21.4,70.5,Sunny,12.1,19.4,49,NE,1023.0,30.21,0.0,0.0,56,25,21.4,70.5,10.0,6.0,7.7,13.9,22.4,325.85,55.0,6.85,4.45,19.55,20.95,2,2,06:32 AM,06:43 PM,07:58 PM,07:22 AM,Waning Gibbous,100,Normal
Mozambique,Maputo,-25.9653,32.5892,Africa/Maputo,1742981400,2025-03-26 11:30,29.3,84.7,Partly cloudy,2.7,4.3,55,NE,1014.0,29.94,0.01,0.0,62,75,31.3,88.4,10.0,6.0,8.2,3.1,5.0,234.95,41.0,1.295,0.925,7.77,9.805,1,1,05:56 AM,05:54 PM,02:27 AM,04:02 PM,Waning Crescent,17,Normal
Yemen,Sanaa,15.3547,44.2067,Asia/Aden,1730365200,2024-10-31 12:00,21.7,71.1,Sunny,4.3,6.8,152,SSE,1013.0,29.92,0.0,0.0,32,3,21.7,71.1,10.0,6.0,10.7,4.9,7.9,305.25,73.0,0.37,1.295,21.46,129.685,2,2,05:59 AM,05:34 PM,04:56 AM,04:49 PM,Waning Crescent,2,Normal
Brunei Darussalam,Bandar Seri Begawan,4.8833,114.9333,Asia/Brunei,1755936000,2025-08-23 16:00,32.1,89.8,Partly cloudy,6.0,9.7,312,NW,1008.0,29.77,0.0,0.0,56,75,41.1,105.9,10.0,6.0,3.4,8.4,13.5,1363.45,33.0,6.105,4.07,27.565,28.12,2,3,06:15 AM,06:30 PM,06:06 AM,06:37 PM,New Moon,0,Normal
Czech Republic,Prague,50.0833,14.4667,Europe/Prague,1755681300,2025-08-20 11:15,23.0,73.4,Sunny,3.8,6.1,347,NNW,1010.0,29.83,0.0,0.0,47,0,24.0,75.1,10.0,6.0,4.5,4.4,7.1,340.4,65.0,18.87,3.33,17.02,24.975,2,2,05:59 AM,08:11 PM,01:54 AM,07:17 PM,Waning Crescent,13,Normal
Tunisia,Tunis,36.8,10.18,Africa/Tunis,1719408600,2024-06-26 14:30,30.1,86.2,Partly cloudy,9.4,15.1,30,NNE,1013.0,29.91,0.0,0.0,52,25,30.4,86.7,10.0,6.0,7.0,10.8,17.4,181.9,111.6,0.8,1.5,5.1,8.3,1,1,05:02 AM,07:43 PM,11:18 PM,09:34 AM,Waning Gibbous,81,Normal
Algeria,Algiers,36.7631,3.0506,Africa/Algiers,1749372300,2025-06-08 09:45,28.2,82.8,Sunny,8.5,13.7,60,ENE,1017.0,30.03,0.0,0.0,62,0,29.7,85.5,10.0,6.0,2.8,13.5,21.8,345.95,51.0,39.775,18.685,48.655,94.905,3,6,05:29 AM,08:05 PM,05:49 PM,03:13 AM,Waxing Gibbous,90,Normal
Angola,Luanda,-8.8383,13.2344,Africa/Luanda,1733049900,2024-12-01 11:45,28.2,82.7,Partly Cloudy,4.5,7.2,298,WNW,1011.0,29.87,0.0,0.0,70,33,31.1,88.0,10.0,6.0,10.6,5.4,8.7,510.6,85.0,4.44,7.03,21.645,29.785,2,2,05:38 AM,06:14 PM,05:33 AM,06:35 PM,New Moon,0,Normal
Namibia,Windhoek,-22.5717,17.0822,Africa/Windhoek,1741513500,2025-03-09 11:45,26.6,79.8,Patchy rain nearby,12.3,19.8,356,N,1014.0,29.94,0.37,0.01,39,73,26.4,79.6,9.0,5.0,9.3,14.2,22.8,214.6,62.0,0.555,0.37,17.76,18.13,2,2,06:51 AM,07:13 PM,04:21 PM,02:13 AM,Waxing Gibbous,73,Normal
Central African Republic,Bangui,4.3667,18.5833,Africa/Bangui,1731661200,2024-11-15 10:00,30.9,87.6,Sunny,4.3,6.8,8,N,1009.0,29.79,0.0,0.0,49,6,32.7,90.9,10.0,6.0,7.4,4.9,7.9,329.3,47.0,0.37,0.0,24.05,36.445,2,3,05:33 AM,05:28 PM,05:07 PM,04:50 AM,Full Moon,99,Normal
Kenya,Nairobi,-1.2833,36.8167,Africa/Nairobi,1761206400,2025-10-23 11:00,21.1,70.0,Partly cloudy,7.8,12.6,77,ENE,1026.0,30.3,0.14,0.01,56,75,21.1,70.0,10.0,6.0,11.7,9.0,14.5,384.85,84.0,6.15,5.45,16.35,16.65,2,2,06:12 AM,06:21 PM,07:21 AM,07:48 PM,Waxing Crescent,2,Normal
Bhutan,Thimphu,27.4833,89.6,Asia/Thimphu,1752396300,2025-07-13 14:45,22.1,71.7,Patchy light rain in area with thunder,6.0,9.7,148,SSE,1006.0,29.7,0.52,0.02,47,73,24.4,75.8,10.0,6.0,5.6,7.3,11.7,266.4,88.0,2.035,0.74,4.81,7.77,1,1,05:15 AM,06:59 PM,09:00 PM,07:20 AM,Waning Gibbous,96,Normal
Botswana,Gaborone,-24.6464,25.9119,Africa/Gaborone,1757664900,2025-09-12 10:15,22.3,72.1,Sunny,6.9,11.2,36,NE,1024.0,30.24,0.0,0.0,38,0,22.6,72.7,10.0,6.0,4.9,8.0,12.9,1265.4,51.0,24.79,7.03,24.79,25.16,2,3,06:16 AM,06:09 PM,11:24 PM,09:16 AM,Waning Gibbous,78,Normal
Zambia,Lusaka,-15.4167,28.2833,Africa/Lusaka,1745832600,2025-04-28 11:30,23.9,75.1,Patchy rain nearby,10.3,16.6,89,E,1016.0,30.01,0.01,0.0,52,76,25.2,77.4,10.0,6.0,9.2,11.8,19.0,264.55,57.0,0.555,0.925,12.95,13.32,1,2,06:17 AM,05:52 PM,06:44 AM,06:22 PM,Waxing Crescent,0,Normal
Mozambique,Maputo,-25.9653,32.5892,Africa/Maputo,1733481900,2024-12-06 12:45,31.2,88.2,Partly cloudy,13.0,20.9,95,E,1008.0,29.77,0.0,0.0,59,50,35.5,95.9,10.0,6.0,12.9,14.9,24.0,236.8,78.0,0.74,2.775,15.17,17.205,1,2,04:50 AM,06:32 PM,09:22 AM,11:04 PM,Waxing Crescent,22,Normal
Georgia,Tbilisi,41.725,44.7908,Asia/Tbilisi,1750928400,2025-06-26 13:00,28.1,82.6,Sunny,7.4,11.9,154,SSE,1015.0,29.97,0.0,0.0,37,0,26.8,80.2,10.0,6.0,10.4,8.5,13.7,314.5,72.0,8.14,9.99,13.32,20.35,1,2,05:28 AM,08:39 PM,05:54 AM,10:03 PM,Waxing Crescent,0,Normal
Czech Republic,Prague,50.0833,14.4667,Europe/Prague,1754727300,2025-08-09 10:15,21.2,70.2,Partly Cloudy,2.2,3.6,125,SE,1022.0,30.18,0.0,0.0,56,0,21.2,70.2,10.0,6.0,3.5,2.6,4.1,371.85,54.0,20.535,3.885,23.495,27.38,2,2,05:43 AM,08:31 PM,08:54 PM,05:22 AM,Full Moon,100,Normal
Tanzania,Dodoma,-6.1833,35.75,Africa/Dar_es_Salaam,1734260400,2024-12-15 14:00,28.6,83.5,Light rain shower,3.4,5.4,141,SE,1009.0,29.79,0.45,0.02,47,69,29.2,84.6,10.0,6.0,10.4,4.2,6.7,279.35,78.0,0.74,0.37,9.25,10.545,1,1,06:18 AM,06:47 PM,07:03 PM,06:02 AM,Full Moon,99,Normal
Georgia,Tbilisi,41.725,44.7908,Asia/Tbilisi,1752222600,2025-07-11 12:30,29.1,84.4,Sunny,7.2,11.5,144,SE,1014.0,29.94,0.0,0.0,45,0,28.3,83.0,10.0,6.0,10.0,8.2,13.2,301.55,55.0,13.69,9.25,40.515,86.58,3,4,05:37 AM,08:36 PM,09:28 PM,05:36 AM,Waning Gibbous,100,Normal
United Arab Emirates,Abu Dhabi,24.4667,54.3667,Asia/Dubai,1728120600,2024-10-05 13:30,32.4,90.3,Sunny,12.8,20.5,285,WNW,1007.0,29.72,0.0,0.0,52,0,36.2,97.1,10.0,6.0,8.0,17.0,27.3,362.6,136.0,17.205,10.73,54.575,182.225,3,7,06:16 AM,06:05 PM,08:18 AM,07:28 PM,Waxing Crescent,4,Normal
France,Paris,48.8667,2.3333,Europe/Paris,1750064400,2025-06-16 11:00,20.0,68.0,Sunny,4.0,6.5,353,N,1029.0,30.39,0.0,0.0,64,0,20.0,68.0,10.0,6.0,5.0,4.6,7.5,508.75,47.0,34.04,4.07,15.725,22.57,2,2,05:47 AM,09:57 PM,01:10 AM,10:48 AM,Waning Gibbous,79,Normal
Turkmenistan,Ashgabat,37.95,58.38,Asia/Ashgabat,1715849100,2024-05-16 13:45,23.0,73.4,Partly cloudy,4.3,6.8,50,NE,1016.0,30.0,0.02,0.0,69,75,24.9,76.7,10.0,6.0,5.0,8.7,14.0,240.3,85.1,6.9,6.8,9.0,39.0,1,1,05:55 AM,08:11 PM,01:23 PM,02:31 AM,Waxing Gibbous,55,Normal
Thailand,Bangkok,13.75,100.5167,Asia/Bangkok,1734346800,2024-12-16 18:00,29.3,84.7,Partly cloudy,6.0,9.7,76,ENE,1013.0,29.91,0.0,0.0,45,50,29.3,84.7,10.0,6.0,0.0,8.3,13.4,1594.7,97.0,39.22,37.185,43.475,43.845,3,5,06:34 AM,05:53 PM,06:50 PM,07:21 AM,Waning Gibbous,100,Normal
Oman,Muscat,23.6133,58.5933,Asia/Muscat,1736332200,2025-01-08 14:30,24.2,75.6,Partly cloudy,7.2,11.5,47,NE,1016.0,30.0,0.0,0.0,39,25,24.6,76.2,10.0,6.0,3.9,8.2,13.2,307.1,93.0,17.39,14.985,24.975,78.995,2,3,06:49 AM,05:36 PM,12:35 PM,01:04 AM,Waxing Gibbous,59,Normal
Uganda,Kampala,0.32,32.57,Africa/Kampala,1719063900,2024-06-22 16:45,26.4,79.5,Partly cloudy,13.6,22.0,190,S,1018.0,30.06,0.0,0.0,58,25,27.3,81.1,10.0,6.0,6.0,18.1,29.2,283.7,54.4,0.4,0.4,6.5,8.2,1,1,06:48 AM,06:56 PM,07:30 PM,06:57 AM,Full Moon,100,Normal
Botswana,Gaborone,-24.6464,25.9119,Africa/Gaborone,1735208100,2024-12-26 12:15,25.8,78.4,Patchy rain nearby,9.8,15.8,32,NNE,1017.0,30.02,0.01,0.0,52,72,26.6,79.8,10.0,6.0,7.5,11.3,18.2,238.65,65.0,1.48,4.07,10.73,11.285,1,1,05:27 AM,07:07 PM,01:43 AM,03:15 PM,Waning Crescent,23,Normal
Algeria,Algiers,36.7631,3.0506,Africa/Algiers,1761034500,2025-10-21 09:15,20.2,68.4,Partly cloudy,5.1,8.3,260,W,1013.0,29.91,0.0,0.0,64,50,20.2,68.4,10.0,6.0,0.7,7.3,11.8,148.85,52.0,15.65,5.55,8.15,13.45,1,1,07:01 AM,06:03 PM,06:56 AM,05:48 PM,New Moon,0,Normal
France,Paris,48.87,2.33,Europe/Paris,1718632800,2024-06-17 16:00,21.6,70.8,Light rain shower,7.2,11.5,214,SW,1012.0,29.88,0.2,0.01,65,73,21.6,70.8,10.0,6.0,5.0,9.3,14.9,176.9,45.1,4.6,0.7,0.6,1.0,1,1,05:47 AM,09:57 PM,05:22 PM,02:51 AM,Waxing Gibbous,75,Normal
Lithuania,Vilnius,54.68,25.32,Europe/Vilnius,1717076700,2024-05-30 16:45,22.0,71.6,Moderate or heavy rain shower,6.9,11.2,140,SE,1010.0,29.83,0.02,0.0,53,62,24.6,76.2,10.0,6.0,5.0,17.5,28.2,180.2,90.8,1.4,0.8,1.4,1.6,1,1,04:51 AM,09:43 PM,02:28 AM,12:02 PM,Last Quarter,58,Normal
San Marino,San Marino,43.93,12.45,Europe/Rome,1722601800,2024-08-02 14:30,28.9,84.1,Sunny,13.2,21.2,71,ENE,1008.0,29.76,0.0,0.0,58,12,30.9,87.6,10.0,6.0,7.0,15.2,24.4,223.6,145.9,0.7,1.6,14.3,16.8,1,2,06:00 AM,08:32 PM,03:18 AM,07:52 PM,Waning Crescent,6,Normal
Indonesia,Laos,-8.1826,114.3188,Asia/Jakarta,1748767500,2025-06-01 15:45,29.0,84.2,Sunny,5.8,9.4,161,SSE,1011.0,29.84,0.0,0.0,62,5,31.7,89.0,10.0,6.0,2.3,6.7,10.8,1222.85,35.0,11.655,3.145,22.755,26.085,2,2,05:31 AM,05:11 PM,10:17 AM,10:19 PM,Waxing Crescent,26,Normal
France,Paris,48.87,2.33,Europe/Paris,1723810500,2024-08-16 14:15,25.3,77.5,Partly cloudy,10.5,16.9,210,SSW,1018.0,30.06,0.02,0.0,61,75,26.4,79.4,10.0,6.0,5.0,11.1,17.9,205.3,67.2,3.6,1.0,1.8,3.0,1,1,06:45 AM,09:04 PM,07:40 PM,01:51 AM,Waxing Gibbous,82,Normal
Cyprus,Nicosia,35.1667,33.3667,Asia/Famagusta,1745398800,2025-04-23 12:00,28.1,82.6,Overcast,12.8,20.5,101,ESE,1007.0,29.74,0.0,0.0,35,0,27.0,80.5,10.0,6.0,8.2,14.7,23.6,214.6,87.0,2.96,2.405,16.835,33.3,2,2,06:04 AM,07:26 PM,03:27 AM,02:29 PM,Waning Crescent,31,Normal
Brunei Darussalam,Bandar Seri Begawan,4.8833,114.9333,Asia/Brunei,1740132000,2025-02-21 18:00,30.0,86.0,Partly cloudy,4.3,6.8,326,NNW,1009.0,29.8,0.01,0.0,70,75,37.3,99.2,10.0,6.0,0.0,6.4,10.3,643.8,58.0,4.255,3.7,11.84,12.395,1,1,06:34 AM,06:33 PM,12:21 AM,12:25 PM,Last Quarter,51,Normal
Solomon Islands,Honiara,-9.4333,159.95,Pacific/Guadalcanal,1759824000,2025-10-07 19:00,30.1,86.2,Clear,10.5,16.9,113,ESE,1010.0,29.83,0.0,0.0,70,25,38.7,101.6,10.0,6.0,0.0,14.9,24.0,84.85,27.0,1.05,1.45,4.75,6.05,1,1,06:01 AM,06:15 PM,06:18 PM,05:42 AM,Full Moon,99,Normal
Chad,N'djamena,12.11,15.05,Africa/Douala,1721825100,2024-07-24 13:45,30.3,86.5,Sunny,4.0,6.5,119,ESE,1013.0,29.92,0.0,0.0,56,25,32.9,91.3,10.0,6.0,8.0,4.6,7.5,494.0,31.1,0.5,0.4,3.2,4.1,1,1,05:45 AM,06:27 PM,09:15 PM,08:34 AM,Waning Gibbous,91,Normal
Jordan,Amman,31.95,35.93,Asia/Amman,1726401600,2024-09-15 15:00,28.2,82.8,Overcast,23.5,37.8,293,WNW,1012.0,29.88,0.0,0.0,48,75,28.1,82.7,5.0,3.0,7.0,27.0,43.5,216.45,88.0,2.96,7.03,12.95,22.57,1,2,06:20 AM,06:42 PM,05:14 PM,02:51 AM,Waxing Gibbous,86,Normal
Maldives,Dhidhdhoo,6.8833,73.1,Indian/Maldives,1731315600,2024-11-11 14:00,28.5,83.4,Partly Cloudy,5.6,9.0,8,N,1008.0,29.77,0.0,0.0,67,25,31.5,88.7,10.0,6.0,7.5,7.5,12.1,204.022,62.0,0.17,0.34,12.751,21.082,1,2,05:57 AM,05:47 PM,02:02 PM,01:29 AM,Waxing Gibbous,69,Normal
Namibia,Windhoek,-22.5717,17.0822,Africa/Windhoek,1743239700,2025-03-29 11:15,22.1,71.8,Patchy light rain,11.9,19.1,40,NE,1026.0,30.3,0.0,0.0,69,75,24.2,75.6,10.0,6.0,1.7,13.6,22.0,207.2,69.0,0.74,1.48,33.3,33.855,2,3,06:59 AM,06:54 PM,06:47 AM,06:56 PM,New Moon,0,Normal
Seychelles Islands,Victoria,-4.6167,55.45,Indian/Mahe,1771656300,2026-02-21 10:45,30.2,86.4,Cloudy,13.4,21.6,309,NW,1011.0,29.85,0.0,0.0,70,25,36.3,97.3,10.0,6.0,9.0,18.0,28.9,125.85,55.0,1.65,1.65,9.95,16.95,1,1,06:25 AM,06:38 PM,09:24 AM,09:40 PM,Waxing Crescent,13,Normal
Vatican City,Vatican City,41.904,12.453,Europe/Vatican,1749891600,2025-06-14 11:00,31.4,88.5,Sunny,4.0,6.5,233,SW,1019.0,30.09,0.0,0.0,43,0,30.4,86.7,10.0,6.0,6.7,4.6,7.5,342.25,92.0,6.66,0.74,17.39,21.275,2,2,05:35 AM,08:47 PM,11:40 PM,08:02 AM,Waning Gibbous,93,Normal
Indonesia,Jakarta,-6.2146,106.8451,Asia/Jakarta,1734517800,2024-12-18 17:30,33.4,92.1,Sunny,18.8,30.2,255,WSW,1005.0,29.67,0.0,0.0,47,20,36.8,98.2,10.0,6.0,0.5,21.6,34.8,1346.8,27.0,33.855,56.24,32.19,32.56,2,3,05:35 AM,06:04 PM,08:58 PM,08:08 AM,Waning Gibbous,93,Normal
Pakistan,Islamabad,33.7,73.17,Asia/Karachi,1723206600,2024-08-09 17:30,31.8,89.2,Patchy rain nearby,3.6,5.8,145,SE,1001.0,29.57,0.04,0.0,65,82,37.9,100.3,10.0,6.0,7.0,4.4,7.1,2937.3,226.0,100.1,25.5,90.5,95.9,4,10,05:25 AM,07:00 PM,09:40 AM,09:29 PM,Waxing Crescent,18,Normal
Turkey,Ankara,39.93,32.86,Europe/Istanbul,1727688600,2024-09-30 12:30,24.2,75.6,Moderate or heavy rain with thunder,8.5,13.7,250,WSW,1007.0,29.74,0.16,0.01,36,75,24.1,75.4,10.0,6.0,6.0,9.8,15.7,342.25,48.0,26.64,16.465,19.055,29.415,2,2,06:44 AM,06:32 PM,04:16 AM,05:41 PM,Waning Crescent,7,Normal
San Marino,San Marino,43.93,12.45,Europe/Rome,1723810500,2024-08-16 14:15,30.1,86.2,Sunny,6.9,11.2,40,NE,1015.0,29.97,0.05,0.0,55,0,31.8,89.3,10.0,6.0,7.0,11.7,18.8,273.7,123.0,2.7,2.5,23.1,27.3,2,2,06:15 AM,08:12 PM,06:30 PM,01:38 AM,Waxing Gibbous,82,Normal
Palau,Koror,7.3333,134.4833,Pacific/Palau,1771915500,2026-02-24 15:45,30.2,86.4,Partly cloudy,7.2,11.5,71,ENE,1007.0,29.73,0.02,0.0,70,75,36.2,97.2,21.0,13.0,8.4,9.4,15.0,110.85,36.0,1.65,1.55,5.95,8.75,1,1,06:17 AM,06:14 PM,11:19 AM,No moonset,First Quarter,40,Normal
Bahrain,Manama,26.2361,50.5831,Asia/Bahrain,1761984900,2025-11-01 11:15,28.2,82.8,Partly cloudy,5.8,9.4,318,NW,1015.0,29.97,0.0,0.0,66,50,29.9,85.9,9.0,5.0,6.1,7.8,12.6,406.85,89.0,27.25,38.55,46.15,85.35,3,5,05:47 AM,04:56 PM,02:06 PM,01:06 AM,Waxing Gibbous,72,Normal
Brunei Darussalam,Bandar Seri Begawan,4.8833,114.9333,Asia/Brunei,1770446700,2026-02-07 14:45,29.0,84.2,Partly cloudy,6.3,10.1,324,NW,1010.0,29.83,0.14,0.01,70,75,33.4,92.1,10.0,6.0,8.9,7.7,12.5,353.85,25.0,11.75,3.55,24.75,27.05,2,3,06:36 AM,06:32 PM,10:52 PM,10:20 AM,Waning Gibbous,76,Normal
Djibouti,Djibouti,11.595,43.1481,Africa/Djibouti,1756281600,2025-08-27 11:00,32.6,90.6,Light rain shower,7.2,11.5,285,WNW,1008.0,29.75,0.22,0.01,58,58,38.1,100.6,10.0,6.0,9.9,10.8,17.4,366.3,77.0,2.22,1.85,20.72,52.725,2,2,05:57 AM,06:20 PM,09:04 AM,09:04 PM,Waxing Crescent,13,Normal
Guinea-Bissau,Bissau,11.85,-15.5833,Africa/Bissau,1735296300,2024-12-27 10:45,27.4,81.3,Sunny,10.7,17.3,74,ENE,1014.0,29.94,0.0,0.0,37,0,26.1,79.0,10.0,6.0,3.0,13.7,22.1,327.45,53.0,1.85,0.925,72.15,228.29,4,10,07:21 AM,06:47 PM,04:12 AM,03:53 PM,Waning Crescent,15,Normal
Slovenia,Ljubljana,46.0553,14.5144,Europe/Ljubljana,1752050700,2025-07-09 10:45,20.3,68.5,Partly cloudy,4.3,6.8,303,WNW,1015.0,29.97,0.0,0.0,43,75,20.3,68.5,10.0,6.0,4.0,4.9,7.9,273.8,63.0,15.17,0.925,9.62,13.505,1,1,05:21 AM,08:54 PM,08:29 PM,03:18 AM,Waxing Gibbous,96,Normal
Hungary,Budapest,47.5,19.08,Europe/Budapest,1719150300,2024-06-23 15:45,28.1,82.6,Partly cloudy,6.9,11.2,40,NE,1012.0,29.88,0.0,0.0,51,75,28.6,83.6,10.0,6.0,7.0,11.4,18.4,193.6,85.1,1.5,1.0,3.9,5.0,1,1,04:47 AM,08:45 PM,10:38 PM,05:30 AM,Waning Gibbous,99,Normal
Oman,Muscat,23.61,58.59,Asia/Muscat,1726056900,2024-09-11 16:15,32.6,90.7,Sunny,11.6,18.7,81,E,1001.0,29.56,0.0,0.0,57,0,37.9,100.3,10.0,6.0,8.0,13.4,21.5,418.1,199.0,14.245,34.595,78.44,176.675,4,10,05:51 AM,06:13 PM,12:54 PM,11:27 PM,First Quarter,47,Normal
Algeria,Algiers,36.7631,3.0506,Africa/Algiers,1749199500,2025-06-06 09:45,26.3,79.3,Partly cloudy,2.7,4.3,4,N,1017.0,30.03,0.0,0.0,70,50,27.8,82.0,7.0,4.0,2.9,3.5,5.6,336.7,61.0,45.14,19.61,51.615,87.875,3,6,05:29 AM,08:04 PM,03:50 PM,02:23 AM,Waxing Gibbous,76,Normal
Myanmar,Yangon,16.7833,96.1667,Asia/Yangon,1736677800,2025-01-12 17:00,29.3,84.7,Sunny,4.9,7.9,89,E,1013.0,29.91,0.0,0.0,45,0,28.9,84.0,7.0,4.0,0.0,8.7,13.9,725.2,133.0,3.515,18.87,60.68,61.605,3,8,06:37 AM,05:50 PM,04:13 PM,05:00 AM,Waxing Gibbous,94,Normal
Azerbaijan,Baku,40.4,49.88,Asia/Baku,1727256600,2024-09-25 13:30,26.3,79.3,Sunny,23.7,38.2,349,N,1017.0,30.03,0.0,0.0,45,0,27.3,81.1,10.0,6.0,6.0,27.3,43.9,307.1,75.0,6.66,1.11,30.71,88.8,2,3,06:31 AM,06:32 PM,11:46 PM,02:59 PM,Waning Crescent,48,Normal
Thailand,Nan,18.7833,100.7833,Asia/Bangkok,1772088300,2026-02-26 13:45,31.4,88.5,Sunny,3.8,6.1,172,S,1009.0,29.8,0.0,0.0,46,25,30.9,87.7,10.0,6.0,10.5,4.4,7.1,263.85,25.0,9.65,2.35,20.45,20.55,2,2,06:38 AM,06:21 PM,01:13 PM,02:09 AM,Waxing Gibbous,63,Normal
Albania,Tirana,41.33,19.82,Europe/Tirane,1724242500,2024-08-21 14:15,32.0,89.6,Sunny,6.9,11.2,330,NNW,1008.0,29.77,0.04,0.0,43,0,34.0,93.2,10.0,6.0,6.0,13.6,22.0,220.3,93.0,0.6,0.2,2.4,2.7,1,1,05:56 AM,07:31 PM,08:37 PM,07:42 AM,Waning Gibbous,98,Normal
Mauritius,Port Louis,-20.1619,57.4989,Indian/Mauritius,1747386000,2025-05-16 13:00,28.1,82.6,Partly cloudy,16.1,25.9,104,ESE,1019.0,30.09,0.01,0.0,66,50,30.4,86.6,10.0,6.0,6.5,20.4,32.9,159.1,55.0,2.035,1.48,8.88,14.245,1,1,06:32 AM,05:41 PM,08:35 PM,09:41 AM,Waning Gibbous,91,Normal
Tanzania,Dodoma,-6.1833,35.75,Africa/Dar_es_Salaam,1749546000,2025-06-10 12:00,23.1,73.6,Sunny,9.8,15.8,109,ESE,1023.0,30.21,0.0,0.0,53,25,24.6,76.2,10.0,6.0,10.2,11.3,18.2,181.3,68.0,1.11,0.555,6.29,7.77,1,1,06:43 AM,06:29 PM,05:47 PM,05:46 AM,Waxing Gibbous,98,Normal
Mozambique,Maputo,-25.9653,32.5892,Africa/Maputo,1756627200,2025-08-31 10:00,23.4,74.1,Sunny,2.9,4.7,33,NNE,1024.0,30.24,0.0,0.0,69,25,25.1,77.2,10.0,6.0,4.0,3.4,5.4,477.3,87.0,3.7,2.22,23.31,24.79,2,2,06:03 AM,05:37 PM,10:40 AM,12:10 AM,First Quarter,47,Normal
Turkey,Yaren,39.55,27.6167,Europe/Istanbul,1743155100,2025-03-28 12:45,21.1,70.0,Partly cloudy,8.9,14.4,240,WSW,1001.0,29.56,0.0,0.0,60,75,21.1,70.0,10.0,6.0,4.3,10.6,17.0,342.25,59.0,19.24,11.84,48.1,89.725,3,6,07:00 AM,07:30 PM,06:25 AM,06:27 PM,Waning Crescent,4,Normal
Vietnam,Hanoi,21.0333,105.85,Asia/Bangkok,1735383600,2024-12-28 18:00,21.1,70.0,Clear,4.5,7.2,87,E,1022.0,30.18,0.0,0.0,46,0,21.1,70.0,10.0,6.0,0.0,8.2,13.2,963.85,104.0,10.36,47.545,78.255,78.625,4,10,06:32 AM,05:25 PM,04:00 AM,02:58 PM,Waning Crescent,11,Normal
Oman,Muscat,23.6133,58.5933,Asia/Muscat,1770969600,2026-02-13 12:00,26.1,79.0,Sunny,3.1,5.0,10,N,1019.0,30.09,0.0,0.0,70,25,27.0,80.6,6.0,3.0,6.4,3.7,6.0,254.85,55.0,20.55,18.85,28.45,72.75,2,3,06:40 AM,06:00 PM,03:38 AM,02:10 PM,Waning Crescent,21,Normal
Djibouti,Djibouti,11.595,43.1481,Africa/Djibouti,1732791600,2024-11-28 14:00,28.7,83.6,Sunny,12.5,20.2,80,E,1012.0,29.88,0.0,0.0,66,5,31.5,88.7,10.0,6.0,6.3,14.4,23.2,286.75,99.0,1.11,1.48,28.12,43.845,2,3,06:10 AM,05:41 PM,03:39 AM,03:33 PM,Waning Crescent,11,Normal
India,New Delhi,28.6,77.2,Asia/Kolkata,1749026700,2025-06-04 14:15,32.2,90.0,Mist,3.4,5.4,310,NW,1005.0,29.68,0.0,0.0,43,25,30.0,86.0,5.0,3.0,6.8,3.9,6.2,789.95,140.0,46.99,90.28,150.405,487.66,5,10,05:23 AM,07:16 PM,01:17 PM,01:06 AM,Waxing Gibbous,56,Normal
Uganda,Kampala,0.32,32.57,Africa/Kampala,1721825100,2024-07-24 15:45,26.1,79.1,Partly Cloudy,8.7,14.0,179,S,1014.0,29.93,0.0,0.0,43,31,26.4,79.5,10.0,6.0,7.0,10.0,16.2,487.3,23.6,0.6,0.6,3.7,6.0,1,1,06:52 AM,07:00 PM,09:57 PM,09:31 AM,Waning Gibbous,91,Normal
Malta,Valletta,35.8997,14.5147,Europe/Malta,1749113100,2025-06-05 10:45,26.2,79.2,Sunny,10.5,16.9,143,SE,1019.0,30.09,0.0,0.0,58,0,27.9,82.2,10.0,6.0,4.7,17.4,28.0,218.3,75.0,24.42,2.035,13.505,35.52,1,2,05:46 AM,08:15 PM,03:03 PM,02:15 AM,Waxing Gibbous,67,Normal
Algeria,Algiers,36.76,3.05,Africa/Algiers,1724156100,2024-08-20 13:15,32.4,90.3,Sunny,9.4,15.1,50,NE,1014.0,29.94,0.0,0.0,41,0,35.5,95.8,10.0,6.0,7.0,12.9,20.7,273.7,147.3,7.1,3.2,7.4,18.8,1,1,06:09 AM,07:32 PM,08:16 PM,06:41 AM,Waning Gibbous,100,Normal
Tanzania,Dodoma,-6.1833,35.75,Africa/Dar_es_Salaam,1762155000,2025-11-03 10:30,24.1,75.4,Sunny,10.3,16.6,93,E,1022.0,30.18,0.0,0.0,54,25,25.0,76.9,10.0,6.0,7.6,11.8,19.0,146.85,62.0,2.35,1.05,5.65,6.35,1,1,06:10 AM,06:31 PM,04:34 PM,04:03 AM,Waxing Gibbous,90,Normal
Greece,Athens,37.98,23.72,Europe/Athens,1725451200,2024-09-04 15:00,32.1,89.8,Light rain,6.9,11.2,200,SSW,1012.0,29.88,0.09,0.0,36,50,32.3,90.2,10.0,6.0,7.0,11.4,18.4,270.4,135.9,5.4,9.7,8.2,10.2,1,1,06:58 AM,07:50 PM,08:02 AM,08:31 PM,Waxing Crescent,1,Normal
Egypt,Cairo,30.05,31.25,Africa/Cairo,1758440700,2025-09-21 10:45,27.3,81.1,Partly cloudy,11.2,18.0,28,NNE,1012.0,29.88,0.0,0.0,37,50,27.2,81.0,10.0,6.0,3.7,12.9,20.7,394.05,45.0,50.135,80.29,27.935,42.365,2,3,06:43 AM,06:53 PM,06:11 AM,06:40 PM,New Moon,1,Normal
Singapore,Singapore,1.2931,103.8558,Asia/Singapore,1754036100,2025-08-01 16:15,31.2,88.2,Overcast,8.5,13.7,178,S,1007.0,29.74,0.01,0.0,66,50,37.5,99.6,10.0,6.0,5.4,11.1,17.9,405.15,48.0,30.34,7.215,17.205,22.755,2,2,07:06 AM,07:16 PM,12:34 PM,12:09 AM,First Quarter,42,Normal
Philippines,Manila,14.6,120.98,Asia/Manila,1727256600,2024-09-25 17:30,34.1,93.4,Partly cloudy,5.1,8.3,153,SSE,1008.0,29.77,0.0,0.0,60,50,45.6,114.0,10.0,6.0,8.0,7.3,11.7,532.8,74.0,21.83,21.83,30.71,44.215,2,3,05:46 AM,05:50 PM,No moonrise,12:45 PM,Waning Crescent,48,Normal
Zimbabwe,Harare,-17.8178,31.0447,Africa/Harare,1772262000,2026-02-28 09:00,21.6,71.0,Patchy rain nearby,6.0,9.7,55,NE,1013.0,29.91,0.01,0.0,70,78,21.6,71.0,10.0,6.0,7.0,7.0,11.2,168.85,43.0,3.95,1.55,13.15,13.55,1,2,05:55 AM,06:22 PM,04:19 PM,02:43 AM,Waxing Gibbous,85,Normal
Tunisia,Tunis,36.8,10.18,Africa/Tunis,1716732900,2024-05-26 15:15,27.0,80.6,Partly cloudy,10.5,16.9,30,NNE,1018.0,30.06,0.0,0.0,39,25,27.0,80.6,10.0,6.0,7.0,15.9,25.7,181.9,111.6,0.5,0.8,3.4,7.0,1,1,05:04 AM,07:29 PM,10:48 PM,07:03 AM,Waning Gibbous,93,Normal
Mauritius,Port Louis,-20.16,57.5,Indian/Mauritius,1722255300,2024-07-29 16:15,23.6,74.4,Sunny,6.9,11.2,117,ESE,1017.0,30.02,0.0,0.0,54,4,25.1,77.2,10.0,6.0,7.0,8.0,12.9,253.7,78.0,1.8,2.2,2.5,5.2,1,1,06:41 AM,05:52 PM,01:03 AM,12:22 PM,Waning Crescent,40,Normal
Zimbabwe,Harare,-17.8178,31.0447,Africa/Harare,1738578600,2025-02-03 12:30,26.7,80.1,Partly Cloudy,6.5,10.4,73,ENE,1011.0,29.85,0.0,0.0,46,28,27.0,80.6,10.0,6.0,15.4,7.5,12.0,334.85,65.0,0.925,0.74,10.36,10.545,1,1,05:44 AM,06:35 PM,10:19 AM,10:14 PM,Waxing Crescent,24,Normal
Vietnam,Hanoi,21.0333,105.85,Asia/Bangkok,1750410000,2025-06-20 16:00,34.1,93.4,Partly Cloudy,6.3,10.1,109,ESE,1001.0,29.56,0.0,0.0,60,25,39.9,103.8,10.0,6.0,1.4,9.1,14.7,690.05,92.0,46.99,53.835,64.565,69.005,3,8,05:16 AM,06:40 PM,12:32 AM,01:20 PM,Waning Crescent,40,Normal
Kazakhstan,Astana,51.1811,71.4278,Asia/Almaty,1746782100,2025-05-09 14:15,25.3,77.5,Partly cloudy,12.1,19.4,230,SW,1005.0,29.68,0.0,0.0,39,37,24.5,76.1,10.0,6.0,3.1,13.9,22.4,556.85,84.0,8.88,15.91,21.09,54.02,2,2,04:33 AM,07:50 PM,04:29 PM,03:12 AM,Waxing Gibbous,87,Normal
Armenia,Yerevan,40.18,44.51,Asia/Yerevan,1725971400,2024-09-10 16:30,27.3,81.1,Partly cloudy,3.8,6.1,280,W,1016.0,30.0,0.43,0.02,37,25,26.3,79.3,10.0,6.0,6.0,4.7,7.5,266.4,85.0,9.435,2.59,34.965,67.71,2,3,06:38 AM,07:19 PM,01:45 PM,10:41 PM,Waxing Crescent,38,Normal
Lebanon,Beirut,33.87,35.51,Asia/Beirut,1724760900,2024-08-27 15:15,32.1,89.8,Partly cloudy,8.1,13.0,250,WSW,1012.0,29.88,0.0,0.0,59,50,38.3,100.9,8.0,4.0,7.0,9.6,15.5,223.6,100.1,0.2,0.9,12.0,22.0,1,2,06:08 AM,07:10 PM,No moonrise,02:43 PM,Waning Crescent,43,Normal
Indonesia,Jakarta,-6.21,106.85,Asia/Jakarta,1723206600,2024-08-09 19:30,28.8,83.8,Patchy rain nearby,9.4,15.1,37,NE,1009.0,29.79,0.02,0.0,69,71,32.2,90.0,10.0,6.0,1.0,11.9,19.2,3204.4,17.2,89.1,32.0,51.6,75.6,3,6,06:02 AM,05:55 PM,09:09 AM,09:32 PM,Waxing Crescent,18,Normal
Georgia,Tbilisi,41.725,44.7908,Asia/Tbilisi,1748594700,2025-05-30 12:45,25.4,77.7,Patchy light drizzle,2.2,3.6,148,SSE,1011.0,29.85,0.59,0.02,36,0,26.3,79.3,10.0,6.0,8.2,2.3,3.7,255.3,64.0,11.655,5.365,20.165,35.335,2,2,05:30 AM,08:27 PM,08:18 AM,No moonset,Waxing Crescent,10,Normal
Timor-Leste,Dili,-8.5586,125.5736,Asia/Dili,1751186700,2025-06-29 17:45,25.9,78.5,Patchy rain nearby,2.7,4.3,209,SSW,1009.0,29.81,0.01,0.0,70,88,27.6,81.7,10.0,6.0,0.8,3.1,5.0,205.35,59.0,2.405,0.925,14.06,17.39,1,2,06:52 AM,06:30 PM,10:08 AM,10:11 PM,Waxing Crescent,13,Normal
Malawi,Lilongwe,-13.9833,33.7833,Africa/Blantyre,1751877900,2025-07-07 10:45,22.3,72.1,Sunny,3.4,5.4,113,ESE,1025.0,30.27,0.0,0.0,43,0,23.8,74.8,10.0,6.0,5.9,3.9,6.2,399.6,52.0,2.405,1.85,17.205,17.76,2,2,06:10 AM,05:30 PM,02:32 PM,03:03 AM,Waxing Gibbous,85,Normal
Lesotho,Maseru,-29.3167,27.4833,Africa/Johannesburg,1743326100,2025-03-30 11:15,23.3,73.9,Partly cloudy,5.1,8.3,325,NW,1025.0,30.27,0.0,0.0,61,25,23.8,74.8,10.0,6.0,9.2,5.9,9.5,473.6,62.0,5.18,2.775,23.495,23.68,2,2,06:19 AM,06:09 PM,07:15 AM,06:45 PM,Waxing Crescent,0,Normal
North Korea,Pyongyang,39.0194,125.7547,Asia/Pyongyang,1750150800,2025-06-17 18:00,26.4,79.5,Sunny,10.3,16.6,302,WNW,1004.0,29.66,0.0,0.0,46,6,26.8,80.2,10.0,6.0,0.8,13.0,20.8,664.15,129.0,6.845,19.795,71.41,138.75,4,10,05:11 AM,08:05 PM,No moonrise,10:43 AM,Waning Gibbous,73,Normal
Mauritius,Port Louis,-20.1619,57.4989,Indian/Mauritius,1748854800,2025-06-02 13:00,26.0,78.8,Overcast,20.8,33.5,104,ESE,1022.0,30.18,0.01,0.0,58,75,27.5,81.4,10.0,6.0,5.5,26.5,42.7,131.35,64.0,2.035,1.48,9.435,15.17,1,1,06:38 AM,05:38 PM,12:06 PM,11:53 PM,Waxing Crescent,37,Normal
Thailand,Bangkok,13.75,100.5167,Asia/Bangkok,1768633200,2026-01-17 14:00,31.1,88.0,Partly cloudy,6.3,10.1,188,S,1008.0,29.77,0.0,0.0,49,50,31.4,88.5,9.0,5.0,6.8,7.2,11.6,1557.85,84.0,17.45,9.55,25.75,26.15,2,3,06:45 AM,06:10 PM,05:28 AM,04:51 PM,Waning Crescent,4,Normal
Eritrea,Asmara,15.3333,38.9333,Africa/Asmara,1751531400,2025-07-03 11:30,21.9,71.4,Patchy rain nearby,3.1,5.0,231,SW,1015.0,29.96,0.04,0.0,45,83,21.9,71.3,10.0,6.0,10.5,5.3,8.5,316.35,81.0,2.035,0.555,21.46,82.51,2,2,05:58 AM,06:59 PM,12:52 PM,12:13 AM,Waxing Gibbous,51,Normal
Slovenia,Ljubljana,46.0553,14.5144,Europe/Ljubljana,1755245700,2025-08-15 10:15,27.0,80.6,Sunny,3.4,5.4,97,E,1020.0,30.12,0.0,0.0,58,25,26.6,79.9,10.0,6.0,4.0,3.9,6.2,321.9,56.0,22.94,1.48,26.455,30.34,2,3,06:01 AM,08:10 PM,10:46 PM,01:30 PM,Waning Gibbous,65,Normal
Italy,Rome,41.9,12.48,Europe/Rome,1719926100,2024-07-02 15:15,32.1,89.8,Partly cloudy,9.4,15.1,280,W,1005.0,29.68,0.0,0.0,32,25,33.3,91.9,10.0,6.0,8.0,13.9,22.4,175.2,86.6,0.9,0.2,1.4,1.6,1,1,05:40 AM,08:49 PM,02:18 AM,05:46 PM,Waning Crescent,18,Normal
Brazil,Bras,-2.08,-58.17,America/Manaus,1726656300,2024-09-18 06:45,24.5,76.1,Sunny,2.7,4.3,27,NNE,1009.0,29.81,0.0,0.0,61,9,25.9,78.5,10.0,6.0,7.0,5.6,9.1,434.75,45.0,0.185,0.37,12.58,18.13,1,2,05:44 AM,05:50 PM,06:30 PM,06:03 AM,Full Moon,100,Normal
Azerbaijan,Baku,40.4,49.88,Asia/Baku,1720616400,2024-07-10 17:00,33.3,91.9,Clear,18.6,29.9,360,N,1010.0,29.83,0.0,0.0,41,0,38.0,100.4,10.0,6.0,1.0,23.0,37.1,181.9,68.7,6.2,2.3,4.4,5.1,1,1,05:20 AM,08:12 PM,09:31 AM,10:57 PM,Waxing Crescent,16,Normal
United Kingdom,London,51.52,-0.11,Europe/London,1718632800,2024-06-17 15:00,21.3,70.4,Partly Cloudy,8.9,14.4,260,W,1010.0,29.83,0.0,0.0,38,37,21.3,70.4,10.0,6.0,6.0,10.3,16.6,170.2,93.0,4.5,3.5,1.4,1.9,1,1,04:42 AM,09:21 PM,04:40 PM,01:55 AM,Waxing Gibbous,75,Normal
Israel,Jerusalem,31.78,35.23,Asia/Jerusalem,1760343300,2025-10-13 11:15,25.1,77.2,Sunny,4.5,7.2,305,NW,1015.0,29.97,0.0,0.0,54,0,25.7,78.3,10.0,6.0,5.0,6.0,9.7,155.85,54.0,23.15,9.65,9.45,19.15,1,1,06:41 AM,06:09 PM,11:38 PM,01:36 PM,Last Quarter,60,Normal
Lebanon,Beirut,33.8719,35.5097,Asia/Beirut,1745398800,2025-04-23 12:00,26.2,79.2,Overcast,17.7,28.4,194,SSW,1009.0,29.8,0.0,0.0,51,50,25.8,78.4,5.0,3.0,5.4,36.9,59.4,288.6,73.0,8.695,18.685,50.875,199.8,3,6,05:58 AM,07:16 PM,03:16 AM,02:22 PM,Waning Crescent,31,Normal
Uganda,Kampala,0.3156,32.5656,Africa/Kampala,1761551100,2025-10-27 10:45,26.3,79.4,Sunny,3.4,5.4,23,NNE,1013.0,29.92,0.0,0.0,55,11,27.2,81.0,10.0,6.0,6.1,3.9,6.2,720.85,34.0,9.65,1.25,49.35,50.05,3,6,06:30 AM,06:36 PM,11:02 AM,11:25 PM,Waxing Crescent,24,Normal
Swaziland,Mbabane,-26.3167,31.1333,Africa/Mbabane,1749372300,2025-06-08 10:45,24.4,75.9,Sunny,7.6,12.2,301,WNW,1018.0,30.06,0.0,0.0,31,0,24.8,76.6,10.0,6.0,3.2,8.7,14.1,462.5,60.0,26.64,82.325,33.3,33.67,2,3,06:38 AM,05:11 PM,02:58 PM,03:59 AM,Waxing Gibbous,89,Normal
Montenegro,Podgorica,42.4411,19.2636,Europe/Podgorica,1752655500,2025-07-16 10:45,33.2,91.8,Sunny,4.7,7.6,38,NE,1010.0,29.83,0.0,0.0,32,25,33.1,91.6,10.0,6.0,5.3,5.4,8.7,275.65,87.0,4.625,0.925,12.395,13.135,1,2,05:20 AM,08:17 PM,11:17 PM,11:21 AM,Waning Gibbous,73,Normal
Thailand,Bangkok,13.75,100.5167,Asia/Bangkok,1773210600,2026-03-11 13:30,34.2,93.6,Sunny,6.9,11.2,108,ESE,1012.0,29.88,0.0,0.0,39,25,33.9,93.0,10.0,6.0,12.2,8.0,12.9,908.85,62.0,24.85,15.05,19.35,19.35,2,2,06:28 AM,06:28 PM,12:16 AM,11:39 AM,Last Quarter,57,Normal
Guinea,Conakry,9.5092,-13.7122,Africa/Conakry,1745053200,2025-04-19 09:00,28.2,82.8,Partly cloudy,9.8,15.8,325,NW,1010.0,29.83,0.0,0.0,66,75,32.2,90.0,10.0,6.0,1.9,15.7,25.3,247.9,77.0,3.145,4.81,46.99,115.07,3,5,06:43 AM,07:05 PM,No moonrise,11:32 AM,Waning Gibbous,70,Normal
Djibouti,Djibouti,11.595,43.1481,Africa/Djibouti,1769756400,2026-01-30 10:00,24.7,76.5,Patchy rain nearby,12.1,19.4,95,E,1018.0,30.07,0.05,0.0,69,62,26.3,79.3,10.0,6.0,4.1,14.2,22.9,178.85,90.0,1.95,1.85,30.35,57.55,2,3,06:32 AM,06:09 PM,03:43 PM,04:02 AM,Waxing Gibbous,88,Normal
Russia,Moscow,55.75,37.62,Europe/Moscow,1723896900,2024-08-17 15:15,22.1,71.8,Partly cloudy,9.4,15.1,220,SW,1011.0,29.85,0.0,0.0,69,25,24.2,75.6,10.0,6.0,6.0,12.2,19.6,223.6,80.1,11.5,8.7,6.2,6.9,1,1,05:06 AM,08:00 PM,07:44 PM,12:35 AM,Waxing Gibbous,90,Normal
Qatar,Doha,25.29,51.53,Asia/Qatar,1716302700,2024-05-21 17:45,34.0,93.2,Clear,9.4,15.1,90,E,1004.0,29.65,0.0,0.0,36,0,34.8,94.6,10.0,6.0,1.0,10.8,17.4,310.4,85.8,31.5,19.6,32.4,85.6,2,3,04:46 AM,06:15 PM,04:25 PM,03:04 AM,Waxing Gibbous,93,Normal
Sierra Leone,Freetown,8.49,-13.2342,Africa/Freetown,1735035300,2024-12-24 10:15,28.6,83.5,Sunny,3.4,5.4,238,WSW,1013.0,29.91,0.0,0.0,55,6,30.1,86.2,10.0,6.0,3.1,3.9,6.2,506.9,78.0,1.85,2.035,63.455,106.19,3,8,07:04 AM,06:42 PM,01:39 AM,01:47 PM,Waning Crescent,40,Normal
San Marino,San Marino,43.93,12.45,Europe/Rome,1726056900,2024-09-11 14:15,28.3,82.9,Partly cloudy,12.5,20.2,90,E,1007.0,29.74,0.0,0.0,48,25,28.8,83.9,10.0,6.0,7.0,17.8,28.6,290.326,108.0,2.191,0.73,6.573,8.399,1,1,06:45 AM,07:28 PM,03:20 PM,11:24 PM,First Quarter,47,Normal
Oman,Muscat,23.61,58.59,Asia/Muscat,1725624900,2024-09-06 16:15,33.3,92.0,Sunny,8.7,14.0,80,E,1001.0,29.57,0.0,0.0,56,0,39.2,102.6,10.0,6.0,8.0,11.9,19.2,376.122,148.0,18.624,40.534,58.244,167.064,3,7,05:49 AM,06:18 PM,08:21 AM,08:06 PM,Waxing Crescent,7,Normal
Georgia,Tbilisi,41.725,44.7908,Asia/Tbilisi,1728206100,2024-10-06 13:15,23.0,73.4,Sunny,7.4,11.9,144,SE,1021.0,30.15,0.0,0.0,50,0,24.5,76.2,10.0,6.0,6.0,8.5,13.7,349.65,48.0,11.47,3.515,16.65,24.235,2,2,07:03 AM,06:33 PM,10:35 AM,07:58 PM,Waxing Crescent,9,Normal
Malta,Valletta,35.9,14.51,Europe/Malta,1718114400,2024-06-11 16:00,30.2,86.4,Sunny,10.5,16.9,140,SE,1010.0,29.83,0.0,0.0,49,0,37.5,99.4,10.0,6.0,6.0,17.4,28.0,180.2,104.4,3.3,5.0,21.3,72.9,2,2,05:45 AM,08:18 PM,10:16 AM,No moonset,Waxing Crescent,21,Normal
Madagascar,Ivory,-24.37,46.45,Indian/Antananarivo,1716042600,2024-05-18 17:30,26.4,79.4,Patchy rain nearby,12.1,19.4,183,S,1015.0,29.97,0.24,0.01,56,84,27.3,81.2,9.0,5.0,7.0,16.6,26.7,223.6,52.9,0.1,0.0,0.5,0.7,1,1,06:24 AM,05:17 PM,02:14 PM,01:44 AM,Waxing Gibbous,73,Normal
Sudan,Khartoum,15.5881,32.5342,Africa/Khartoum,1737279900,2025-01-19 11:45,28.2,82.8,Sunny,13.6,22.0,51,NE,1012.0,29.89,0.0,0.0,35,0,27.6,81.7,10.0,6.0,7.8,15.7,25.3,586.45,68.0,6.29,3.33,105.265,335.96,4,10,06:20 AM,05:41 PM,10:26 PM,10:00 AM,Waning Gibbous,76,Normal
Bangladesh,Dhaka,23.7231,90.4086,Asia/Dhaka,1766214000,2025-12-20 13:00,27.1,80.7,Sunny,3.1,5.0,332,NNW,1011.0,29.87,0.0,0.0,35,0,26.6,79.8,10.0,6.0,4.3,3.6,5.8,779.85,36.0,37.65,23.05,68.65,69.35,4,9,06:36 AM,05:16 PM,06:49 AM,05:21 PM,New Moon,0,Normal
Mali,Bamako,12.65,-8.0,Africa/Bamako,1748941200,2025-06-03 09:00,28.4,83.1,Sunny,8.5,13.7,266,W,1015.0,29.97,0.0,0.0,70,0,26.8,80.2,10.0,6.0,3.3,9.8,15.7,334.85,74.0,1.11,2.59,67.34,260.11,4,9,06:05 AM,06:55 PM,12:54 PM,12:45 AM,First Quarter,48,Normal
Lithuania,Vilnius,54.6833,25.3167,Europe/Vilnius,1757231100,2025-09-07 10:45,22.3,72.1,Partly Cloudy,8.7,14.0,147,SSE,1024.0,30.24,0.0,0.0,65,0,24.6,76.4,10.0,6.0,1.8,10.0,16.2,271.95,56.0,5.18,1.11,14.615,19.24,1,2,06:37 AM,07:55 PM,07:52 PM,05:47 AM,Full Moon,99,Normal
Georgia,Tbilisi,41.725,44.7908,Asia/Tbilisi,1745313300,2025-04-22 13:15,23.3,73.9,Partly cloudy,5.1,8.3,130,SE,1016.0,30.0,0.03,0.0,47,37,24.6,76.4,10.0,6.0,7.1,5.9,9.5,392.2,51.0,22.015,12.95,31.265,76.96,2,3,06:10 AM,07:50 PM,03:25 AM,01:17 PM,Waning Crescent,42,Normal
Portugal,Lisbon,38.72,-9.13,Europe/Lisbon,1722514500,2024-08-01 13:15,26.4,79.5,Sunny,15.0,24.1,331,NNW,1017.0,30.02,0.0,0.0,51,0,27.0,80.7,10.0,6.0,7.0,18.3,29.4,188.6,100.1,1.4,1.0,4.9,8.7,1,1,06:38 AM,08:47 PM,03:11 AM,07:11 PM,Waning Crescent,12,Normal
Bangladesh,Dhaka,23.7231,90.4086,Asia/Dhaka,1733742000,2024-12-09 17:00,24.4,75.9,Sunny,7.4,11.9,337,NNW,1011.0,29.85,0.0,0.0,38,22,24.9,76.8,10.0,6.0,0.0,12.6,20.3,1805.6,134.0,53.65,59.57,190.365,196.47,5,10,06:29 AM,05:12 PM,12:35 PM,No moonset,Waxing Gibbous,51,Normal
Bahrain,Manama,26.2361,50.5831,Asia/Bahrain,1741686300,2025-03-11 12:45,23.4,74.1,Sunny,15.4,24.8,341,NNW,1016.0,30.0,0.0,0.0,65,0,25.3,77.6,10.0,6.0,7.3,24.8,39.9,632.7,105.0,30.155,12.95,56.61,169.645,3,7,05:51 AM,05:45 PM,03:17 PM,04:13 AM,Waxing Gibbous,89,Normal
Malta,Valletta,35.9,14.51,Europe/Malta,1725797700,2024-09-08 14:15,33.2,91.8,Sunny,10.5,16.9,160,SSE,1015.0,29.97,0.0,0.0,53,0,41.9,107.3,10.0,6.0,8.0,15.0,24.1,238.65,63.0,24.235,10.73,38.665,90.28,2,4,06:39 AM,07:19 PM,11:31 AM,09:46 PM,Waxing Crescent,20,Normal
Djibouti,Djibouti,11.595,43.1481,Africa/Djibouti,1756368900,2025-08-28 11:15,34.1,93.4,Sunny,20.1,32.4,258,WSW,1009.0,29.8,0.0,0.0,56,25,41.0,105.8,10.0,6.0,10.2,26.5,42.7,355.2,71.0,2.96,1.85,28.86,70.855,2,3,05:57 AM,06:20 PM,09:51 AM,09:42 PM,Waxing Crescent,20,Normal
Egypt,Cairo,30.05,31.25,Africa/Cairo,1759131900,2025-09-29 10:45,27.2,81.0,Sunny,10.7,17.3,30,NNE,1015.0,29.97,0.0,0.0,58,0,27.4,81.3,10.0,6.0,3.4,12.3,19.9,382.95,40.0,55.13,56.055,46.805,77.515,3,5,06:47 AM,06:43 PM,01:37 PM,11:31 PM,Waxing Crescent,39,Normal
Senegal,Dakar,14.67,-17.44,Africa/Dakar,1720271700,2024-07-06 13:15,31.3,88.3,Partly cloudy,13.6,22.0,140,SE,1012.0,29.88,0.0,0.0,63,50,39.0,102.2,10.0,6.0,7.0,18.9,30.3,175.2,70.1,0.3,0.5,6.8,36.9,1,1,06:46 AM,07:44 PM,07:05 AM,08:33 PM,Waxing Crescent,0,Normal
Tanzania,Dodoma,-6.1833,35.75,Africa/Dar_es_Salaam,1764486000,2025-11-30 10:00,26.1,79.0,Sunny,10.7,17.3,77,ENE,1013.0,29.91,0.0,0.0,43,7,26.4,79.5,10.0,6.0,7.5,12.3,19.9,126.85,42.0,3.45,1.55,5.95,6.25,1,1,06:12 AM,06:39 PM,02:20 PM,01:53 AM,Waxing Gibbous,67,Normal
Zimbabwe,Harare,-17.8178,31.0447,Africa/Harare,1730538900,2024-11-02 11:15,28.2,82.8,Sunny,6.3,10.1,63,ENE,1015.0,29.97,0.0,0.0,32,13,27.3,81.2,10.0,6.0,12.4,7.2,11.6,455.1,64.0,1.11,0.74,8.14,11.84,1,1,05:16 AM,06:03 PM,05:36 AM,06:57 PM,Waxing Crescent,0,Normal
India,New Delhi,28.6,77.2,Asia/Kolkata,1758355200,2025-09-20 13:30,34.0,93.2,Mist,10.3,16.6,322,NW,1007.0,29.74,0.0,0.0,53,75,34.2,93.5,5.0,3.0,7.5,11.8,19.0,1274.65,98.0,58.83,49.395,112.85,170.2,4,10,06:08 AM,06:20 PM,04:34 AM,05:35 PM,Waning Crescent,4,Normal
Georgia,Tbilisi,41.73,44.79,Asia/Tbilisi,1723293000,2024-08-10 16:30,25.3,77.5,Partly Cloudy,2.2,3.6,59,ENE,1013.0,29.92,0.0,0.0,56,41,26.3,79.4,10.0,6.0,1.0,6.7,10.8,243.7,21.5,5.5,0.2,6.3,9.2,1,1,06:04 AM,08:07 PM,11:43 AM,10:37 PM,Waxing Crescent,26,Normal
Serbia,Belgrade,44.804,20.4651,Europe/Belgrade,1750581900,2025-06-22 10:45,25.2,77.4,Sunny,4.5,7.2,338,NNW,1023.0,30.21,0.0,0.0,34,0,24.6,76.3,10.0,6.0,5.2,5.1,8.3,373.7,66.0,8.695,3.885,12.58,15.725,1,2,04:52 AM,08:28 PM,01:53 AM,05:29 PM,Waning Crescent,17,Normal
Madagascar,Antananarivo,-18.9167,47.5167,Indian/Antananarivo,1759045500,2025-09-28 10:45,23.4,74.1,Partly cloudy,6.7,10.8,73,ENE,1024.0,30.24,0.0,0.0,47,50,24.7,76.5,10.0,6.0,9.0,7.7,12.4,253.45,60.0,1.85,0.555,9.435,11.1,1,1,05:35 AM,05:47 PM,09:38 AM,11:30 PM,Waxing Crescent,30,Normal
Thailand,Bangkok,13.75,100.5167,Asia/Bangkok,1763709300,2025-11-21 14:15,26.2,79.2,Partly Cloudy,9.4,15.1,7,N,1014.0,29.94,0.0,0.0,51,25,27.7,81.8,10.0,6.0,1.8,12.6,20.3,853.85,69.0,22.85,20.75,21.75,21.95,2,2,06:20 AM,05:47 PM,07:01 AM,06:26 PM,Waxing Crescent,0,Normal
Lesotho,Maseru,-29.3167,27.4833,Africa/Johannesburg,1739097000,2025-02-09 12:30,26.1,79.0,Partly cloudy,3.6,5.8,233,SW,1022.0,30.18,0.0,0.0,54,50,25.8,78.4,10.0,6.0,14.9,4.1,6.6,310.8,100.0,0.74,3.33,16.465,16.65,2,2,05:47 AM,07:02 PM,05:10 PM,02:15 AM,Waxing Gibbous,86,Normal
Nigeria,Abuja,9.1758,7.1808,Africa/Lagos,1771056000,2026-02-14 09:00,24.3,75.7,Partly Cloudy,2.2,3.6,76,ENE,1012.0,29.88,0.0,0.0,54,0,23.4,74.1,10.0,6.0,0.7,6.7,10.8,385.85,26.0,19.25,3.65,87.25,362.25,4,10,06:50 AM,06:40 PM,04:26 AM,04:13 PM,Waning Crescent,13,Normal
India,New Delhi,28.6,77.2,Asia/Kolkata,1772606700,2026-03-04 12:15,27.3,81.1,Mist,13.2,21.2,307,NW,1015.0,29.97,0.0,0.0,42,0,25.5,77.8,3.5,2.0,7.9,15.2,24.4,985.85,46.0,27.75,20.25,80.05,251.35,4,10,06:43 AM,06:23 PM,07:21 PM,07:03 AM,Waning Gibbous,100,Normal
Algeria,Algiers,36.76,3.05,Africa/Algiers,1727343000,2024-09-26 10:30,28.0,82.4,Sunny,2.2,3.6,337,NNW,1016.0,30.0,0.0,0.0,40,0,27.7,81.8,10.0,6.0,7.0,6.7,10.8,418.1,58.0,80.29,32.375,20.905,28.675,2,2,06:39 AM,06:38 PM,12:16 AM,03:44 PM,Waning Crescent,37,Normal
Benin,Porto-Novo,6.4833,2.6167,Africa/Porto-Novo,1737366300,2025-01-20 10:45,30.2,86.4,Partly cloudy,7.2,11.5,241,WSW,1014.0,29.94,0.0,0.0,70,50,33.7,92.6,10.0,6.0,2.7,8.2,13.2,456.95,81.0,3.515,1.48,41.81,80.845,3,4,07:07 AM,06:55 PM,No moonrise,11:40 AM,Waning Gibbous,67,Normal
Estonia,Tallinn,59.43,24.73,Europe/Tallinn,1716906600,2024-05-28 17:30,26.0,78.8,Sunny,6.9,11.2,350,N,1018.0,30.06,0.0,0.0,34,0,26.9,80.4,10.0,6.0,5.0,9.9,15.9,183.6,68.7,3.6,2.4,8.7,9.1,1,1,04:21 AM,10:17 PM,02:42 AM,08:16 AM,Waning Gibbous,79,Normal
Yemen,Sanaa,15.35,44.21,Asia/Aden,1723465800,2024-08-12 15:30,24.7,76.5,Patchy rain nearby,4.0,6.5,310,NW,1007.0,29.74,0.47,0.02,40,83,25.2,77.4,10.0,6.0,5.0,4.6,7.5,240.3,105.9,3.0,11.7,27.3,84.6,2,3,05:48 AM,06:28 PM,11:57 AM,11:29 PM,First Quarter,44,Normal
Somalia,Mogadishu,2.0667,45.3667,Africa/Mogadishu,1736506800,2025-01-10 14:00,29.3,84.7,Sunny,22.8,36.7,87,E,1011.0,29.85,0.0,0.0,66,0,32.2,89.9,10.0,6.0,7.7,26.4,42.6,275.65,85.0,0.185,0.925,17.575,24.605,2,2,06:06 AM,06:06 PM,02:48 PM,02:25 AM,Waxing Gibbous,80,Normal
Estonia,Tallinn,59.4339,24.7281,Europe/Tallinn,1754208900,2025-08-03 11:15,24.1,75.4,Partly Cloudy,3.4,5.4,143,SE,1017.0,30.03,0.0,0.0,57,0,25.6,78.2,10.0,6.0,3.5,4.8,7.7,320.05,75.0,8.14,1.11,12.025,12.95,1,2,05:11 AM,09:43 PM,06:23 PM,10:55 PM,Waxing Gibbous,63,Normal
South Africa,Pretoria,-25.7469,28.188,Africa/Johannesburg,1731919500,2024-11-18 10:45,26.6,79.8,Sunny,8.1,13.0,358,N,1014.0,29.95,0.0,0.0,36,8,26.3,79.3,10.0,6.0,9.3,9.3,14.9,403.3,128.0,6.475,25.715,45.325,45.695,3,5,05:10 AM,06:36 PM,09:44 PM,07:05 AM,Waning Gibbous,94,Normal
Kenya,Nairobi,-1.2833,36.8167,Africa/Nairobi,1729243800,2024-10-18 12:30,26.1,79.0,Partly cloudy,4.9,7.9,101,ESE,1023.0,30.21,0.45,0.02,45,75,26.3,79.4,10.0,6.0,12.2,6.3,10.2,777.0,111.0,4.625,13.32,31.08,46.25,2,3,06:13 AM,06:22 PM,07:22 PM,06:49 AM,Waning Gibbous,100,Normal
South Korea,Seoul,37.5664,126.9997,Asia/Seoul,1757231100,2025-09-07 16:45,28.1,82.6,Partly cloudy,6.7,10.8,297,WNW,1008.0,29.77,0.0,0.0,62,75,29.0,84.2,10.0,6.0,2.0,8.4,13.5,725.2,41.0,45.695,37.37,35.52,35.89,2,3,06:07 AM,06:52 PM,06:40 PM,05:09 AM,Waxing Gibbous,98,Normal
Ukraine,Kyiv,50.43,30.52,Europe/Kiev,1717856100,2024-06-08 17:15,22.0,71.6,Sunny,5.4,8.6,311,NW,1012.0,29.9,0.0,0.0,58,24,24.6,76.2,10.0,6.0,6.0,7.1,11.5,185.3,104.4,0.8,0.5,2.1,2.2,1,1,04:47 AM,09:07 PM,05:45 AM,11:40 PM,Waxing Crescent,3,Normal
Burundi,Bujumbura,-3.38,29.36,Africa/Bujumbura,1721048400,2024-07-15 15:00,23.5,74.3,Sunny,7.2,11.5,204,SSW,1012.0,29.87,0.0,0.0,40,4,24.5,76.2,10.0,6.0,7.0,12.5,20.1,363.8,86.6,0.6,0.4,15.8,21.1,2,2,06:10 AM,06:07 PM,12:51 PM,12:36 AM,Waxing Gibbous,60,Normal
Chad,N'djamena,12.11,15.05,Africa/Douala,1721479500,2024-07-20 13:45,30.4,86.7,Partly cloudy,9.4,15.1,240,WSW,1010.0,29.83,0.17,0.01,70,50,40.1,104.2,8.0,4.0,5.0,24.3,39.1,527.4,28.3,0.5,0.3,3.6,4.7,1,1,05:44 AM,06:28 PM,05:54 PM,04:29 AM,Waxing Gibbous,97,Normal
Vietnam,Ban Lom,21.1333,104.7,Asia/Bangkok,1732524300,2024-11-25 15:45,25.3,77.5,Patchy rain nearby,4.5,7.2,94,E,1015.0,29.96,0.02,0.0,67,76,26.8,80.2,10.0,6.0,2.1,5.1,8.3,704.85,69.0,8.695,30.34,68.08,68.635,4,9,06:18 AM,05:18 PM,01:09 AM,01:37 PM,Waning Crescent,35,Normal
Bolivia,National,-11.18,-67.08,America/La_Paz,1725192000,2024-09-01 08:00,25.8,78.4,Sunny,2.5,4.0,56,ENE,1015.0,29.98,0.0,0.0,37,9,25.7,78.3,10.0,6.0,8.0,3.6,5.8,680.9,3.1,0.2,0.1,161.8,162.0,5,10,06:31 AM,06:25 PM,05:38 AM,05:30 PM,Waning Crescent,4,Normal
China,Beijing,39.9289,116.3883,Asia/Shanghai,1753086600,2025-07-21 16:30,34.2,93.6,Sunny,5.1,8.3,186,S,1008.0,29.77,0.0,0.0,47,0,33.2,91.7,10.0,6.0,3.2,5.9,9.5,2358.75,61.0,146.705,98.235,133.015,133.94,4,10,05:03 AM,07:39 PM,12:48 AM,04:44 PM,Waning Crescent,21,Normal
Namibia,Windhoek,-22.5717,17.0822,Africa/Windhoek,1745053200,2025-04-19 11:00,21.1,70.0,Partly cloudy,13.0,20.9,349,N,1026.0,30.3,0.0,0.0,69,50,21.1,70.0,10.0,6.0,7.2,14.9,24.0,233.1,62.0,0.74,0.37,13.69,14.06,1,2,07:06 AM,06:35 PM,11:23 PM,12:39 PM,Waning Gibbous,71,Normal
United Arab Emirates,Abu Dhabi,24.47,54.37,Asia/Dubai,1723032900,2024-08-07 16:15,34.8,94.7,Sunny,11.9,19.1,336,NNW,997.0,29.43,0.0,0.0,59,11,43.9,111.0,10.0,6.0,8.0,19.3,31.0,317.1,171.7,0.6,1.0,58.2,132.7,3,7,05:54 AM,07:02 PM,08:14 AM,08:56 PM,Waxing Crescent,6,Normal
Botswana,Gaborone,-24.6464,25.9119,Africa/Gaborone,1732961700,2024-11-30 12:15,29.3,84.7,Partly cloudy,7.2,11.5,24,NNE,1022.0,30.18,0.0,0.0,31,25,27.1,80.9,10.0,6.0,14.1,8.2,13.2,229.4,95.0,1.48,5.55,16.28,16.65,2,2,05:19 AM,06:52 PM,04:21 AM,06:21 PM,Waning Crescent,2,Normal
Mozambique,Maputo,-25.97,32.59,Africa/Maputo,1726742700,2024-09-19 12:45,27.1,80.8,Partly cloudy,11.6,18.7,107,ESE,1008.0,29.77,0.0,0.0,66,25,28.6,83.5,10.0,6.0,8.0,13.4,21.5,373.7,74.0,0.925,1.11,19.795,30.155,2,2,05:42 AM,05:45 PM,07:24 PM,06:28 AM,Waning Gibbous,99,Normal
Russia,Moscow,55.75,37.62,Europe/Moscow,1719665100,2024-06-29 15:45,31.2,88.2,Partly cloudy,9.4,15.1,20,NNE,1014.0,29.94,0.0,0.0,36,37,30.7,87.3,10.0,6.0,8.0,10.4,16.7,188.6,83.0,14.1,11.4,5.3,6.2,1,1,03:49 AM,09:18 PM,12:13 AM,01:28 PM,Waning Crescent,49,Normal
North Korea,Pyongyang,39.02,125.75,Asia/Pyongyang,1719665100,2024-06-29 21:45,24.7,76.5,Clear,3.1,5.0,242,WSW,1001.0,29.56,0.0,0.0,63,14,26.1,78.9,10.0,6.0,1.0,5.7,9.1,440.6,55.1,16.5,26.5,17.1,24.5,2,2,05:14 AM,08:07 PM,12:21 AM,01:01 PM,Waning Crescent,49,Normal
Belarus,Minsk,53.9,27.57,Europe/Minsk,1725537600,2024-09-05 15:00,23.2,73.8,Partly cloudy,11.9,19.1,90,E,1026.0,30.3,0.0,0.0,53,50,24.4,75.9,10.0,6.0,6.0,14.4,23.2,189.0,80.0,3.3,2.2,8.5,10.0,1,1,06:26 AM,07:50 PM,08:50 AM,08:22 PM,Waxing Crescent,3,Normal
Poland,Warsaw,52.25,21.0,Europe/Warsaw,1716216300,2024-05-20 16:45,23.0,73.4,Partly cloudy,4.3,6.8,320,NW,1012.0,29.88,0.0,0.0,50,25,24.3,75.7,10.0,6.0,6.0,5.1,8.3,243.7,95.8,9.3,8.0,5.7,7.0,1,1,04:33 AM,08:33 PM,05:17 PM,03:12 AM,Waxing Gibbous,88,Normal
Cambodia,Phnom Penh,11.55,104.9167,Asia/Phnom_Penh,1738665000,2025-02-04 17:30,33.2,91.8,Partly cloudy,9.8,15.8,30,NNE,1008.0,29.77,0.0,0.0,41,25,32.2,90.0,10.0,6.0,0.3,13.3,21.4,456.95,90.0,2.96,5.365,14.06,15.355,1,2,06:24 AM,06:04 PM,10:39 AM,11:31 PM,Waxing Crescent,32,Normal
Bosnia and Herzegovina,Sarajevo,43.85,18.3833,Europe/Sarajevo,1757405700,2025-09-09 10:15,21.0,69.8,Sunny,2.7,4.3,236,WSW,1016.0,30.0,0.0,0.0,60,25,21.0,69.8,10.0,6.0,3.4,3.1,5.0,347.8,66.0,16.65,10.73,32.745,39.96,2,3,06:19 AM,07:08 PM,07:50 PM,08:11 AM,Waning Gibbous,98,Normal
Botswana,Gaborone,-24.6464,25.9119,Africa/Gaborone,1762932600,2025-11-12 09:30,24.0,75.2,Partly cloudy,7.6,12.2,46,NE,1020.0,30.12,0.0,0.0,65,75,25.1,77.2,10.0,6.0,5.2,8.7,14.1,218.85,63.0,3.85,3.15,8.35,8.55,1,1,05:23 AM,06:38 PM,12:45 AM,12:01 PM,Last Quarter,53,Normal
Tanzania,Dodoma,-6.1833,35.75,Africa/Dar_es_Salaam,1745916300,2025-04-29 11:45,25.2,77.4,Partly Cloudy,5.8,9.4,110,ESE,1013.0,29.92,0.0,0.0,59,46,26.4,79.4,10.0,6.0,9.2,6.7,10.8,177.6,40.0,3.145,0.37,9.25,9.435,1,1,06:37 AM,06:31 PM,08:02 AM,08:08 PM,Waxing Crescent,2,Normal
Macedonia,Skopje,42.0,21.43,Europe/Skopje,1717596900,2024-06-05 16:15,29.0,84.2,Partly cloudy,2.2,3.6,353,N,1014.0,29.94,0.0,0.0,40,25,29.1,84.4,10.0,6.0,7.0,3.0,4.8,181.9,113.0,1.0,1.0,1.8,2.7,1,1,05:00 AM,08:06 PM,03:43 AM,07:24 PM,Waning Crescent,3,Normal
Jordan,Amman,31.95,35.9333,Asia/Amman,1750668300,2025-06-23 11:45,28.4,83.1,Mist,8.9,14.4,281,WNW,1012.0,29.88,0.0,0.0,48,0,27.7,81.8,5.0,3.0,9.8,10.3,16.6,277.5,97.0,9.065,17.39,29.97,52.91,2,3,05:32 AM,07:46 PM,03:06 AM,05:58 PM,Waning Crescent,9,Normal
Malta,Valletta,35.8997,14.5147,Europe/Malta,1748421900,2025-05-28 10:45,24.3,75.7,Sunny,17.9,28.8,301,WNW,1018.0,30.06,0.0,0.0,65,25,26.1,79.1,10.0,6.0,4.6,24.1,38.8,220.15,80.0,12.765,1.295,11.47,22.2,1,1,05:49 AM,08:10 PM,06:31 AM,10:14 PM,Waxing Crescent,1,Normal
Angola,Luanda,-8.84,13.23,Africa/Luanda,1724932800,2024-08-29 13:00,26.2,79.2,Partly cloudy,6.9,11.2,300,WNW,1014.0,29.94,0.0,0.0,61,50,28.4,83.1,9.0,5.0,7.0,16.1,25.8,2136.2,371.9,14.4,24.6,229.4,339.9,5,10,06:10 AM,06:05 PM,02:37 AM,02:24 PM,Waning Crescent,24,Normal
Bangladesh,Dhaka,23.7231,90.4086,Asia/Dhaka,1762760700,2025-11-10 13:45,29.6,85.3,Sunny,7.4,11.9,332,NNW,1010.0,29.83,0.0,0.0,43,0,30.0,86.0,10.0,6.0,5.9,8.5,13.7,734.85,64.0,25.45,19.85,100.05,102.85,4,10,06:09 AM,05:15 PM,10:02 PM,11:09 AM,Waning Gibbous,76,Normal
Lithuania,Vilnius,54.68,25.32,Europe/Vilnius,1721392200,2024-07-19 15:30,23.2,73.8,Partly cloudy,10.5,16.9,270,W,1019.0,30.09,0.0,0.0,50,75,24.4,76.0,10.0,6.0,6.0,12.9,20.7,156.9,90.1,0.6,0.5,1.2,1.9,1,1,05:08 AM,09:41 PM,09:12 PM,01:47 AM,Waxing Gibbous,92,Normal
Niger,Niamey,13.52,2.12,Africa/Niamey,1723119300,2024-08-08 13:15,31.0,87.7,Sunny,12.3,19.8,223,SW,1009.0,29.79,0.0,0.0,55,9,34.0,93.2,10.0,6.0,8.0,14.2,22.8,313.8,21.8,0.8,0.5,1.5,3.2,1,1,06:38 AM,07:17 PM,09:42 AM,09:59 PM,Waxing Crescent,11,Normal
Bulgaria,Sofia,42.6833,23.3167,Europe/Sofia,1750063500,2025-06-16 11:45,22.4,72.3,Sunny,4.0,6.5,313,NW,1019.0,30.09,0.0,0.0,50,0,24.3,75.7,10.0,6.0,6.2,4.6,7.5,407.0,57.0,22.94,14.615,20.72,26.64,2,2,05:48 AM,09:07 PM,12:27 AM,10:35 AM,Waning Gibbous,80,Normal
Madagascar,Antananarivo,-18.9167,47.5167,Indian/Antananarivo,1764745200,2025-12-03 10:00,23.2,73.8,Partly cloudy,2.2,3.6,269,W,1020.0,30.12,0.19,0.01,65,50,25.2,77.4,10.0,6.0,3.3,2.8,4.6,203.85,48.0,3.65,1.65,8.95,8.95,1,1,05:04 AM,06:16 PM,04:45 PM,03:10 AM,Waxing Gibbous,93,Normal
Greece,Athens,37.98,23.72,Europe/Athens,1725020100,2024-08-30 15:15,30.1,86.2,Patchy light rain with thunder,13.6,22.0,90,E,1011.0,29.85,0.45,0.02,49,75,32.3,90.1,10.0,6.0,6.0,18.1,29.2,300.4,128.8,10.6,24.1,15.1,16.0,1,2,06:53 AM,07:57 PM,02:52 AM,06:22 PM,Waning Crescent,15,Normal
Mauritius,Port Louis,-20.1619,57.4989,Indian/Mauritius,1733653800,2024-12-08 14:30,30.3,86.5,Overcast,5.1,8.3,355,N,1013.0,29.91,0.05,0.0,62,50,35.2,95.3,10.0,6.0,11.0,6.0,9.6,177.6,46.0,1.665,2.96,11.655,17.39,1,1,05:23 AM,06:41 PM,11:46 AM,No moonset,First Quarter,41,Normal
Uganda,Kampala,0.3156,32.5656,Africa/Kampala,1737801000,2025-01-25 13:30,29.0,84.1,Sunny,6.7,10.8,338,NNW,1010.0,29.81,0.0,0.0,34,24,28.3,82.9,10.0,6.0,6.1,7.7,12.4,671.55,90.0,5.18,3.7,53.65,55.5,3,6,06:59 AM,07:05 PM,03:03 AM,03:28 PM,Waning Crescent,23,Normal
Brunei Darussalam,Bandar Seri Begawan,4.8833,114.9333,Asia/Brunei,1749891600,2025-06-14 17:00,34.1,93.4,Partly cloudy,8.5,13.7,296,WNW,1008.0,29.77,0.0,0.0,44,50,45.7,114.3,10.0,6.0,1.1,11.1,17.9,677.1,70.0,4.81,4.995,27.38,31.82,2,3,06:08 AM,06:32 PM,09:15 PM,08:28 AM,Waning Gibbous,94,Normal
Ethiopia,Addis Ababa,9.0333,38.7,Africa/Addis_Ababa,1761638400,2025-10-28 11:00,20.4,68.7,Patchy rain nearby,8.3,13.3,110,ESE,1028.0,30.36,0.01,0.0,43,0,20.4,68.7,10.0,6.0,10.7,9.5,15.3,497.85,69.0,4.75,2.05,19.75,33.95,2,2,06:14 AM,06:04 PM,11:46 AM,11:34 PM,Waxing Crescent,32,Normal
Armenia,Yerevan,40.18,44.51,Asia/Yerevan,1722600900,2024-08-02 16:15,31.6,88.9,Patchy rain nearby,2.2,3.6,19,NNE,1003.0,29.61,0.01,0.0,32,80,31.0,87.9,10.0,6.0,7.0,6.7,10.8,198.6,121.6,1.1,0.8,5.3,6.9,1,1,06:01 AM,08:15 PM,03:21 AM,07:24 PM,Waning Crescent,6,Normal
Syria,Damascus,33.5,36.3,Asia/Damascus,1728811800,2024-10-13 12:30,28.3,82.9,Sunny,6.3,10.1,151,SSE,1016.0,30.0,0.0,0.0,37,0,27.0,80.5,10.0,6.0,6.2,7.2,11.6,270.1,55.0,36.26,100.825,56.24,84.915,3,7,06:38 AM,06:03 PM,03:46 PM,01:36 AM,Waxing Gibbous,73,Normal
Azerbaijan,Baku,40.3953,49.8822,Asia/Baku,1747127700,2025-05-13 13:15,25.3,77.5,Sunny,6.3,10.1,163,SSE,1004.0,29.65,0.0,0.0,54,0,26.5,79.7,10.0,6.0,7.6,8.2,13.2,266.4,86.0,7.77,0.74,12.395,17.575,1,2,05:26 AM,07:48 PM,08:56 PM,05:20 AM,Waning Gibbous,100,Normal
Cape Verde,Praia,14.9315,-23.5125,Atlantic/Cape_Verde,1729329300,2024-10-19 08:15,28.0,82.4,Sunny,8.3,13.3,356,N,1013.0,29.91,0.0,0.0,58,0,32.5,90.5,10.0,6.0,0.4,11.7,18.8,212.75,60.0,1.48,1.85,46.435,132.275,3,5,06:26 AM,06:11 PM,08:01 PM,08:25 AM,Waning Gibbous,96,Normal
United Arab Emirates,Abu Dhabi,24.4667,54.3667,Asia/Dubai,1737455400,2025-01-21 14:30,23.2,73.8,Sunny,15.7,25.2,313,NW,1017.0,30.03,0.0,0.0,38,0,24.9,76.7,10.0,6.0,3.9,20.9,33.6,301.55,103.0,17.39,14.06,50.69,181.855,3,6,07:08 AM,06:00 PM,No moonrise,11:28 AM,Last Quarter,60,Normal
Malawi,Lilongwe,-13.9833,33.7833,Africa/Blantyre,1742549400,2025-03-21 11:30,25.0,77.0,Partly cloudy,2.5,4.0,76,ENE,1023.0,30.21,0.11,0.0,61,75,26.2,79.1,10.0,6.0,13.8,2.8,4.6,246.05,46.0,2.405,0.37,11.1,12.95,1,1,05:49 AM,05:55 PM,10:51 PM,11:27 AM,Waning Gibbous,65,Normal
Algeria,Algiers,36.7631,3.0506,Africa/Algiers,1737973800,2025-01-27 11:30,21.2,70.2,Sunny,5.1,8.3,186,S,1020.0,30.12,0.0,0.0,40,0,21.2,70.2,10.0,6.0,1.6,8.6,13.9,394.05,48.0,66.6,32.56,21.645,28.305,2,2,07:54 AM,06:08 PM,06:35 AM,03:49 PM,Waning Crescent,8,Normal
Mauritania,Nouakchott,18.09,-15.98,Africa/Nouakchott,1715868000,2024-05-16 14:00,22.7,72.8,Sunny,16.1,25.9,294,WNW,1011.0,29.86,0.0,0.0,65,0,24.8,76.7,10.0,6.0,6.0,30.1,48.5,201.9,74.4,0.2,0.5,28.3,139.7,2,3,06:30 AM,07:31 PM,01:54 PM,02:07 AM,Waxing Gibbous,55,Normal
Zambia,Lusaka,-15.4167,28.2833,Africa/Lusaka,1753432200,2025-07-25 10:30,20.8,69.4,Sunny,6.9,11.2,108,ESE,1021.0,30.16,0.0,0.0,36,5,20.8,69.4,10.0,6.0,5.4,8.0,12.9,331.15,70.0,1.48,2.775,8.325,9.805,1,1,06:32 AM,05:55 PM,07:05 AM,06:40 PM,Waxing Crescent,0,Normal
Tunisia,Tunis,36.8028,10.1797,Africa/Tunis,1732877100,2024-11-29 11:45,20.1,68.2,Partly cloudy,11.6,18.7,289,WNW,1026.0,30.3,0.0,0.0,64,50,20.1,68.2,10.0,6.0,1.8,13.9,22.3,353.35,55.0,14.06,14.43,34.04,55.13,2,3,07:12 AM,05:04 PM,05:28 AM,03:39 PM,Waning Crescent,5,Normal
Madagascar,Antananarivo,-18.9167,47.5167,Indian/Antananarivo,1763191800,2025-11-15 10:30,23.2,73.8,Partly cloudy,7.2,11.5,86,E,1021.0,30.15,0.01,0.0,61,75,25.1,77.2,10.0,6.0,5.2,8.2,13.2,99.85,54.0,1.65,1.35,1.75,1.75,1,1,05:04 AM,06:05 PM,01:54 AM,02:13 PM,Waning Crescent,24,Normal
Burundi,Bujumbura,-3.3761,29.36,Africa/Bujumbura,1747731600,2025-05-20 11:00,28.0,82.4,Partly cloudy,2.2,3.6,93,E,1016.0,30.0,0.61,0.02,66,75,30.8,87.4,10.0,6.0,10.7,2.9,4.7,431.05,61.0,3.145,1.665,14.615,15.355,1,2,06:00 AM,05:58 PM,No moonrise,12:19 PM,Last Quarter,56,Normal
Thailand,Bangkok,13.75,100.5167,Asia/Bangkok,1734862500,2024-12-22 17:15,29.9,85.9,Partly Cloudy,5.1,8.3,53,NE,1009.0,29.81,0.0,0.0,34,27,29.3,84.7,10.0,6.0,0.4,6.3,10.2,1818.55,104.0,33.115,30.525,44.4,45.14,3,5,06:37 AM,05:56 PM,No moonrise,11:51 AM,Waning Gibbous,62,Normal
Singapore,Singapore,1.29,103.86,Asia/Singapore,1724932800,2024-08-29 20:00,30.2,86.4,Partly cloudy,6.9,11.2,140,SE,1009.0,29.8,0.0,0.0,62,75,35.2,95.3,10.0,6.0,1.0,14.3,23.0,1255.0,0.0,54.2,34.3,22.0,28.5,2,2,07:01 AM,07:10 PM,02:57 AM,03:30 PM,Waning Crescent,24,Normal
Mozambique,Maputo,-25.97,32.59,Africa/Maputo,1727343000,2024-09-26 11:30,33.1,91.6,Partly cloudy,10.5,16.9,358,N,1010.0,29.83,0.0,0.0,32,25,34.0,93.3,10.0,6.0,9.0,15.4,24.8,386.65,56.0,1.295,1.665,14.245,21.83,1,2,05:35 AM,05:48 PM,01:49 AM,12:15 PM,Waning Crescent,37,Normal
Mexico,Mexico City,19.43,-99.13,America/Mexico_City,1716820200,2024-05-27 08:30,21.0,69.8,Partly cloudy,2.2,3.6,10,N,1028.0,30.37,0.0,0.0,46,50,21.0,69.8,13.0,8.0,6.0,2.3,3.7,1575.5,6.4,77.5,39.1,39.9,53.6,2,4,05:58 AM,07:10 PM,11:22 PM,09:35 AM,Waning Gibbous,87,Normal
Djibouti,Djibouti,11.595,43.1481,Africa/Djibouti,1762932600,2025-11-12 10:30,27.5,81.5,Sunny,12.5,20.2,108,ESE,1016.0,30.0,0.0,0.0,55,3,28.6,83.4,10.0,6.0,6.1,15.8,25.4,144.85,91.0,2.15,2.05,19.45,57.15,2,2,06:03 AM,05:40 PM,No moonrise,12:35 PM,Last Quarter,54,Normal
Norway,Oslo,59.92,10.75,Europe/Oslo,1722688200,2024-08-03 14:30,21.0,69.7,Partly Cloudy,4.3,6.8,192,SSW,1007.0,29.75,0.0,0.0,53,50,21.0,69.7,10.0,6.0,6.0,4.9,7.9,198.6,91.6,3.9,3.3,2.6,3.7,1,1,05:04 AM,09:41 PM,02:29 AM,10:11 PM,Waning Crescent,2,Normal
Kuwait,Kuwait City,29.3667,47.96,Asia/Kuwait,1728553500,2024-10-10 12:45,33.2,91.8,Sunny,2.2,3.6,62,ENE,1010.0,29.83,0.0,0.0,30,0,32.9,91.2,10.0,6.0,6.9,6.7,10.8,765.9,102.0,103.23,58.83,97.495,165.76,4,10,05:47 AM,05:23 PM,12:39 PM,10:43 PM,First Quarter,42,Normal
Kyrghyzstan,Bishkek,42.87,74.6,Asia/Bishkek,1725624900,2024-09-06 18:15,22.3,72.1,Sunny,13.9,22.3,329,NNW,1009.0,29.78,0.0,0.0,30,19,23.4,74.2,10.0,6.0,6.0,15.9,25.7,345.95,106.0,2.59,11.1,23.68,37.925,2,2,06:32 AM,07:27 PM,09:31 AM,08:39 PM,Waxing Crescent,7,Normal
Thailand,Bangkok,13.75,100.5167,Asia/Bangkok,1729157400,2024-10-17 16:30,30.7,87.3,Light rain shower,4.7,7.6,159,SSE,1007.0,29.72,0.96,0.04,66,60,35.8,96.4,10.0,6.0,2.0,6.3,10.2,900.95,61.0,51.06,40.885,45.14,65.12,3,5,06:09 AM,05:57 PM,05:49 PM,05:40 AM,Full Moon,100,Normal
Bosnia and Herzegovina,Sarajevo,43.85,18.38,Europe/Sarajevo,1721220300,2024-07-17 14:45,31.1,88.0,Partly cloudy,2.2,3.6,11,NNE,1016.0,30.0,0.08,0.0,59,75,30.8,87.5,10.0,6.0,7.0,5.4,8.7,186.9,100.1,1.8,14.0,11.1,12.0,1,1,05:20 AM,08:24 PM,05:13 PM,01:08 AM,Waxing Gibbous,78,Normal
Andorra,Andorra La Vella,42.5,1.52,Europe/Andorra,1718632800,2024-06-17 16:00,20.8,69.5,Sunny,11.4,18.4,212,SSW,1013.0,29.92,0.0,0.0,36,6,20.8,69.5,10.0,6.0,6.0,13.1,21.1,141.9,65.1,0.2,0.2,1.2,1.8,1,1,06:16 AM,09:34 PM,05:11 PM,03:06 AM,Waxing Gibbous,75,Normal
Djibouti,Djibouti,11.595,43.1481,Africa/Djibouti,1745398800,2025-04-23 12:00,33.1,91.6,Sunny,7.6,12.2,62,ENE,1014.0,29.94,0.0,0.0,53,25,35.7,96.3,10.0,6.0,12.2,8.7,14.1,290.45,89.0,2.96,3.33,22.755,54.575,2,2,05:52 AM,06:20 PM,02:14 AM,02:14 PM,Waning Crescent,31,Normal
Lebanon,Beirut,33.8719,35.5097,Asia/Beirut,1748681100,2025-05-31 11:45,26.0,78.8,Sunny,11.2,18.0,2,N,1011.0,29.85,0.0,0.0,51,0,26.8,80.2,10.0,6.0,8.4,12.9,20.7,308.95,69.0,20.35,52.91,27.565,36.26,2,3,05:29 AM,07:44 PM,09:35 AM,No moonset,Waxing Crescent,18,Normal
Paraguay,Aurora,-23.4333,-61.3333,America/Argentina/Cordoba,1734345900,2024-12-16 07:45,20.3,68.6,Sunny,4.0,6.5,91,E,1013.0,29.93,0.0,0.0,60,5,20.3,68.6,10.0,6.0,0.2,8.0,12.8,261.802,72.0,1.343,0.839,12.587,13.09,1,2,06:14 AM,07:49 PM,09:29 PM,07:08 AM,Waning Gibbous,99,Normal
Sweden,Stockholm,59.3333,18.05,Europe/Stockholm,1753346700,2025-07-24 10:45,25.2,77.4,Partly Cloudy,7.4,11.9,101,ESE,1009.0,29.8,0.0,0.0,61,25,26.2,79.1,10.0,6.0,3.7,8.5,13.7,331.15,79.0,17.205,1.48,16.28,21.09,2,2,04:15 AM,09:32 PM,02:35 AM,10:03 PM,New Moon,1,Normal
Indonesia,Jakarta,-6.2146,106.8451,Asia/Jakarta,1759219200,2025-09-30 15:00,32.2,90.0,Patchy rain nearby,3.1,5.0,53,NE,1007.0,29.74,0.01,0.0,67,25,37.6,99.7,10.0,6.0,0.9,3.6,5.8,4277.85,41.0,101.15,50.85,170.35,170.35,5,10,05:38 AM,05:47 PM,11:47 AM,No moonset,First Quarter,47,Normal
Italy,Rome,41.9,12.4833,Europe/Rome,1752050700,2025-07-09 10:45,24.1,75.4,Sunny,6.9,11.2,342,NNW,1013.0,29.91,0.0,0.0,31,0,24.0,75.2,10.0,6.0,4.5,8.0,12.9,273.8,83.0,9.62,0.74,7.77,12.21,1,1,05:44 AM,08:47 PM,08:16 PM,03:47 AM,Waxing Gibbous,96,Normal
Bhutan,Thimphu,27.4833,89.6,Asia/Thimphu,1758700800,2025-09-24 14:00,21.1,70.0,Patchy rain nearby,7.2,11.5,130,SE,1004.0,29.65,0.19,0.01,50,89,21.1,70.0,10.0,6.0,8.0,8.2,13.2,308.95,87.0,2.035,0.74,4.81,5.365,1,1,05:51 AM,05:56 PM,07:51 AM,07:07 PM,Waxing Crescent,4,Normal
Denmark,Copenhagen,55.67,12.58,Europe/Copenhagen,1717164900,2024-05-31 16:15,21.0,69.8,Partly cloudy,5.6,9.0,110,ESE,1010.0,29.83,0.0,0.0,69,25,21.0,69.8,10.0,6.0,5.0,13.5,21.7,223.6,93.0,7.4,1.6,4.6,5.2,1,1,04:34 AM,09:41 PM,02:31 AM,01:26 PM,Waning Crescent,47,Normal
Algeria,Algiers,36.7631,3.0506,Africa/Algiers,1746176400,2025-05-02 10:00,28.1,82.6,Partly cloudy,6.3,10.1,128,SE,1015.0,29.97,0.0,0.0,58,75,27.9,82.2,10.0,6.0,3.1,11.2,18.0,292.3,44.0,29.6,15.54,45.51,121.36,3,5,05:53 AM,07:38 PM,09:42 AM,12:23 AM,Waxing Crescent,23,Normal
Japan,Tokyo,35.6895,139.6917,Asia/Tokyo,1759996800,2025-10-09 17:00,22.4,72.3,Partly cloudy,18.3,29.5,22,NNE,1014.0,29.94,0.0,0.0,57,75,24.6,76.3,10.0,6.0,0.0,23.3,37.5,191.85,59.0,22.95,11.75,12.15,13.25,1,2,05:43 AM,05:14 PM,06:18 PM,07:56 AM,Waning Gibbous,97,Normal
Slovenia,Ljubljana,46.0553,14.5144,Europe/Ljubljana,1755073800,2025-08-13 10:30,24.1,75.4,Sunny,2.5,4.0,96,E,1020.0,30.12,0.0,0.0,65,0,25.1,77.2,10.0,6.0,4.0,2.8,4.6,333.0,57.0,21.645,1.295,23.865,30.155,2,2,05:59 AM,08:14 PM,09:58 PM,10:48 AM,Waning Gibbous,85,Normal
Uganda,Kampala,0.3156,32.5656,Africa/Kampala,1758786300,2025-09-25 10:45,26.2,79.2,Partly cloudy,4.5,7.2,21,NNE,1021.0,30.15,0.03,0.0,65,50,28.7,83.7,10.0,6.0,2.6,6.3,10.1,390.35,46.0,4.44,1.295,17.76,17.945,2,2,06:38 AM,06:44 PM,09:00 AM,09:20 PM,Waxing Crescent,9,Normal
Poland,Warsaw,52.25,21.0,Europe/Warsaw,1716387300,2024-05-22 16:15,27.0,80.6,Sunny,13.6,22.0,110,ESE,1008.0,29.77,0.0,0.0,37,0,27.1,80.7,10.0,6.0,7.0,18.1,29.2,190.3,93.0,1.8,1.6,4.3,5.0,1,1,04:31 AM,08:35 PM,07:51 PM,03:35 AM,Waxing Gibbous,97,Normal
Ireland,Dublin,53.33,-6.25,Europe/Dublin,1721392200,2024-07-19 13:30,21.2,70.2,Partly cloudy,16.1,25.9,220,SW,1011.0,29.85,0.01,0.0,69,75,21.2,70.2,10.0,6.0,5.0,20.6,33.1,155.2,59.4,1.8,1.2,1.0,1.6,1,1,05:22 AM,09:40 PM,09:10 PM,02:11 AM,Waxing Gibbous,92,Normal
Thailand,Bangkok,13.75,100.5167,Asia/Bangkok,1765524600,2025-12-12 14:30,29.0,84.2,Partly Cloudy,4.5,7.2,50,NE,1010.0,29.83,0.0,0.0,66,25,31.6,88.9,10.0,6.0,5.9,5.1,8.3,854.85,51.0,24.25,15.15,17.05,17.15,2,2,06:31 AM,05:52 PM,12:07 AM,12:32 PM,Last Quarter,52,Normal
Lithuania,Vilnius,54.68,25.32,Europe/Vilnius,1725105600,2024-08-31 15:00,24.2,75.6,Partly cloudy,6.9,11.2,340,NNW,1021.0,30.15,0.0,0.0,57,37,25.5,77.9,10.0,6.0,6.0,7.9,12.8,230.3,97.3,0.9,0.4,4.8,5.0,1,1,06:24 AM,08:12 PM,02:33 AM,07:53 PM,Waning Crescent,9,Normal
Tanzania,Dodoma,-6.1833,35.75,Africa/Dar_es_Salaam,1752050700,2025-07-09 11:45,21.9,71.4,Sunny,6.0,9.7,120,ESE,1022.0,30.17,0.0,0.0,38,7,21.9,71.4,10.0,6.0,8.2,7.0,11.2,225.7,60.0,3.33,0.925,16.465,17.02,2,2,06:49 AM,06:36 PM,05:26 PM,05:26 AM,Waxing Gibbous,96,Normal
Sri Lanka,Colombo,6.9319,79.8478,Asia/Colombo,1770446700,2026-02-07 12:15,31.1,88.0,Partly cloudy,10.5,16.9,341,NNW,1013.0,29.91,0.15,0.01,63,50,36.5,97.7,10.0,6.0,11.7,13.0,21.0,523.85,69.0,19.35,4.75,26.95,27.95,2,3,06:29 AM,06:20 PM,10:49 PM,10:13 AM,Waning Gibbous,75,Normal
Kenya,Nairobi,-1.2833,36.8167,Africa/Nairobi,1734689700,2024-12-20 13:15,20.2,68.3,Partly Cloudy,4.5,7.2,40,NE,1015.0,29.98,0.0,0.0,69,44,20.2,68.3,10.0,6.0,6.0,5.1,8.3,677.1,123.0,3.515,14.615,24.42,28.305,2,3,06:24 AM,06:36 PM,11:11 PM,10:46 AM,Waning Gibbous,78,Normal
Thailand,Bangkok,13.75,100.5167,Asia/Bangkok,1767164400,2025-12-31 14:00,32.3,90.1,Sunny,2.2,3.6,90,E,1008.0,29.77,0.0,0.0,38,0,31.4,88.5,10.0,6.0,6.0,6.7,10.8,3094.85,19.0,65.95,28.75,42.75,42.85,3,5,06:41 AM,06:01 PM,02:46 PM,03:05 AM,Waxing Gibbous,81,Normal
Mauritius,Port Louis,-20.1619,57.4989,Indian/Mauritius,1741167900,2025-03-05 13:45,31.1,88.0,Partly cloudy,13.2,21.2,95,E,1014.0,29.94,0.0,0.0,63,50,35.2,95.3,10.0,6.0,13.6,15.2,24.4,168.35,47.0,2.035,1.85,13.135,20.35,1,2,06:09 AM,06:33 PM,11:30 AM,10:36 PM,Waxing Crescent,29,Normal
Bulgaria,Bogot,43.3167,24.7,Europe/Sofia,1728639900,2024-10-11 12:45,23.8,74.9,Partly Cloudy,2.9,4.7,323,NW,1008.0,29.76,0.0,0.0,42,35,24.8,76.7,10.0,6.0,1.6,4.2,6.7,279.35,54.0,13.135,4.995,16.65,24.235,2,2,07:31 AM,06:44 PM,03:51 PM,No moonset,Waxing Gibbous,52,Normal
Qatar,Doha,25.2867,51.5333,Asia/Qatar,1770274800,2026-02-05 10:00,21.1,70.0,Sunny,13.2,21.2,355,N,1021.0,30.15,0.0,0.0,53,0,21.1,70.0,10.0,6.0,5.0,16.3,26.2,206.85,83.0,14.15,4.35,30.15,113.35,2,3,06:15 AM,05:21 PM,08:51 PM,08:19 AM,Waning Gibbous,90,Normal
Greece,Athens,37.9795,23.7162,Europe/Athens,1728811800,2024-10-13 12:30,26.0,78.8,Partly cloudy,5.6,9.0,356,N,1016.0,30.0,0.0,0.0,48,50,26.6,79.8,10.0,6.0,3.8,6.4,10.4,301.55,58.0,30.525,6.475,13.875,21.275,1,2,07:32 AM,06:50 PM,04:46 PM,02:18 AM,Waxing Gibbous,73,Normal
Cape Verde,Praia,14.93,-23.51,Atlantic/Cape_Verde,1716216300,2024-05-20 13:45,28.0,82.4,Partly cloudy,20.6,33.1,40,NE,1014.0,29.94,0.0,0.0,55,25,30.9,87.6,10.0,6.0,6.0,25.1,40.3,180.2,56.5,0.1,0.3,3.4,15.6,1,1,06:04 AM,06:57 PM,04:32 PM,03:48 AM,Waxing Gibbous,88,Normal
Philippines,Manila,14.6042,120.9822,Asia/Manila,1769670000,2026-01-29 15:00,30.1,86.2,Partly cloudy,16.6,26.6,89,E,1014.0,29.94,0.0,0.0,52,50,32.3,90.1,10.0,6.0,3.0,19.8,31.9,376.85,67.0,8.15,8.75,8.75,10.95,1,1,06:25 AM,05:54 PM,02:05 PM,02:38 AM,Waxing Gibbous,77,Normal
Israel,Jerusalem,31.78,35.23,Asia/Jerusalem,1750754700,2025-06-24 11:45,29.3,84.7,Partly cloudy,4.9,7.9,8,N,1008.0,29.77,0.0,0.0,58,50,29.4,84.9,10.0,6.0,9.5,6.1,9.9,283.05,85.0,16.65,12.395,23.68,44.215,2,2,05:35 AM,07:49 PM,04:01 AM,07:12 PM,Waning Crescent,4,Normal
Monaco,Monaco,43.73,7.42,Europe/Monaco,1727171100,2024-09-24 11:45,23.2,73.8,Sunny,4.9,7.9,205,SSW,1011.0,29.85,0.0,0.0,50,0,25.0,76.9,10.0,6.0,6.0,5.7,9.1,290.45,51.0,16.28,1.48,6.66,9.065,1,1,07:20 AM,07:24 PM,11:25 PM,03:16 PM,Last Quarter,58,Normal
Zimbabwe,Harare,-17.8178,31.0447,Africa/Harare,1757492100,2025-09-10 10:15,23.9,74.9,Sunny,9.6,15.5,57,ENE,1021.0,30.14,0.0,0.0,30,3,24.1,75.3,10.0,6.0,6.9,11.1,17.8,997.15,89.0,5.92,1.85,38.665,40.885,2,4,05:56 AM,05:50 PM,08:38 PM,07:37 AM,Waning Gibbous,94,Normal
Ethiopia,Addis Ababa,9.03,38.7,Africa/Addis_Ababa,1716302700,2024-05-21 17:45,22.0,71.6,Partly cloudy,2.2,3.6,109,ESE,1025.0,30.27,0.0,0.0,57,50,23.6,74.5,10.0,6.0,6.0,7.5,12.0,1068.1,78.0,1.3,3.4,28.2,96.7,2,3,06:05 AM,06:39 PM,04:56 PM,04:14 AM,Waxing Gibbous,93,Normal
Serbia,Belgrade,44.804,20.4651,Europe/Belgrade,1758354300,2025-09-20 09:45,24.2,75.6,Sunny,2.7,4.3,123,ESE,1027.0,30.33,0.0,0.0,50,0,24.9,76.9,10.0,6.0,1.6,3.1,5.0,447.7,35.0,17.575,7.77,29.785,41.81,2,3,06:23 AM,06:39 PM,04:42 AM,06:07 PM,Waning Crescent,4,Normal
Tanzania,Dodoma,-6.1833,35.75,Africa/Dar_es_Salaam,1742636700,2025-03-22 12:45,27.4,81.3,Partly cloudy,6.0,9.7,97,E,1019.0,30.09,0.09,0.0,62,25,28.7,83.6,10.0,6.0,15.6,7.0,11.2,210.9,46.0,1.665,0.37,9.435,9.99,1,1,06:41 AM,06:47 PM,12:01 AM,12:55 PM,Last Quarter,56,Normal
Belarus,Minsk,53.9,27.5667,Europe/Minsk,1745053200,2025-04-19 12:00,21.1,70.0,Sunny,15.0,24.1,185,S,1014.0,29.94,0.0,0.0,38,0,21.1,70.0,10.0,6.0,3.8,17.2,27.8,323.75,64.0,10.175,5.18,17.76,29.6,2,2,06:00 AM,08:19 PM,02:57 AM,08:43 AM,Waning Gibbous,72,Normal
United Kingdom,London,51.52,-0.11,Europe/London,1719321300,2024-06-25 14:15,28.1,82.6,Partly Cloudy,9.6,15.5,96,E,1015.0,29.96,0.0,0.0,39,30,27.9,82.2,10.0,6.0,7.0,11.1,17.8,195.3,183.1,10.2,15.7,15.7,17.1,2,2,04:44 AM,09:22 PM,No moonrise,08:16 AM,Waning Gibbous,89,Normal
Nepal,Kathmandu,27.72,85.32,Asia/Kathmandu,1725710400,2024-09-07 17:45,27.3,81.1,Partly cloudy,10.5,16.9,230,SW,1011.0,29.85,1.0,0.04,66,50,31.6,88.9,10.0,6.0,5.0,15.0,24.1,440.3,133.0,2.405,5.735,25.715,36.63,2,3,05:46 AM,06:17 PM,09:11 AM,08:27 PM,Waxing Crescent,13,Normal
Oman,Muscat,23.6133,58.5933,Asia/Muscat,1760947200,2025-10-20 12:00,32.0,89.6,Sunny,6.5,10.4,41,NE,1010.0,29.83,0.0,0.0,63,0,33.0,91.3,10.0,6.0,7.7,7.5,12.1,232.85,64.0,19.15,19.25,23.65,31.05,2,2,06:05 AM,05:36 PM,04:58 AM,04:50 PM,Waning Crescent,3,Normal
Tanzania,Dodoma,-6.18,35.75,Africa/Dar_es_Salaam,1723810500,2024-08-16 15:15,27.3,81.1,Partly cloudy,18.6,29.9,120,ESE,1020.0,30.12,0.0,0.0,37,50,25.8,78.5,10.0,6.0,8.0,23.0,37.1,208.6,55.1,0.3,0.1,2.4,3.5,1,1,06:44 AM,06:38 PM,03:31 PM,03:27 AM,Waxing Gibbous,82,Normal
Brunei Darussalam,Bandar Seri Begawan,4.8833,114.9333,Asia/Brunei,1765350900,2025-12-10 15:15,31.0,87.8,Partly cloudy,5.1,8.3,335,NNW,1007.0,29.74,0.4,0.02,59,75,38.5,101.4,10.0,6.0,5.8,6.5,10.4,397.85,20.0,4.15,2.65,8.65,8.95,1,1,06:17 AM,06:08 PM,11:25 PM,11:10 AM,Waning Gibbous,72,Normal
Indonesia,Jakarta,-6.2146,106.8451,Asia/Jakarta,1735121700,2024-12-25 17:15,29.2,84.6,Light rain shower,8.3,13.3,298,WNW,1008.0,29.77,0.45,0.02,68,53,32.9,91.3,10.0,6.0,0.5,12.8,20.6,3809.15,40.0,43.29,68.08,32.56,34.595,2,3,05:38 AM,06:07 PM,12:56 AM,01:26 PM,Waning Crescent,34,Normal
Cameroon,Ngaoundere,7.32,13.58,Africa/Douala,1718976600,2024-06-21 14:30,28.4,83.1,Partly cloudy,9.4,15.1,200,SSW,1017.0,30.03,0.0,0.0,70,50,28.4,83.1,10.0,6.0,8.0,13.9,22.3,367.2,11.1,0.2,0.1,0.7,1.1,1,1,05:51 AM,06:24 PM,06:05 PM,05:02 AM,Full Moon,99,Normal
El Salvador,San Salvador,13.7086,-89.2031,America/El_Salvador,1761984900,2025-11-01 02:15,25.2,77.4,Clear,3.1,5.0,340,NNW,1012.0,29.87,0.0,0.0,69,0,28.2,82.8,10.0,6.0,0.0,6.0,9.7,273.85,66.0,6.75,3.45,11.95,12.55,1,1,05:52 AM,05:29 PM,02:34 PM,01:57 AM,Waxing Gibbous,76,Normal
Thailand,Nan,18.7833,100.7833,Asia/Bangkok,1768719600,2026-01-18 14:00,29.3,84.7,Sunny,4.5,7.2,151,SSE,1010.0,29.83,0.0,0.0,48,25,27.5,81.5,10.0,6.0,5.8,5.1,8.3,350.65,33.0,21.25,4.15,20.15,20.55,2,2,06:53 AM,06:02 PM,06:27 AM,05:35 PM,New Moon,1,Normal
Romania,Bucharest,44.4333,26.1,Europe/Bucharest,1754814600,2025-08-10 11:30,31.3,88.3,Sunny,4.0,6.5,125,SE,1022.0,30.18,0.0,0.0,38,0,29.1,84.3,10.0,6.0,5.9,4.6,7.5,307.1,74.0,5.365,2.775,14.615,18.5,1,2,06:13 AM,08:28 PM,09:14 PM,07:09 AM,Waning Gibbous,100,Normal
Bangladesh,Dhaka,23.7231,90.4086,Asia/Dhaka,1752913800,2025-07-19 14:30,32.5,90.4,Light rain shower,5.6,9.0,180,S,998.0,29.48,0.18,0.01,61,77,38.8,101.8,10.0,6.0,4.6,7.5,12.0,562.4,28.0,32.19,29.6,53.465,65.675,3,6,05:22 AM,06:47 PM,No moonrise,01:26 PM,Waning Crescent,42,Normal
Brunei Darussalam,Bandar Seri Begawan,4.8833,114.9333,Asia/Brunei,1748508300,2025-05-29 16:45,31.2,88.2,Partly cloudy,2.2,3.6,28,NNE,1008.0,29.77,0.0,0.0,66,75,35.0,94.9,10.0,6.0,3.3,3.1,5.0,804.75,33.0,8.14,3.515,18.5,19.055,2,2,06:06 AM,06:29 PM,08:01 AM,08:53 PM,Waxing Crescent,4,Normal
Bulgaria,Bogot,43.3167,24.7,Europe/Sofia,1749891600,2025-06-14 12:00,22.2,72.0,Patchy rain nearby,3.6,5.8,17,NNE,1021.0,30.15,0.01,0.0,55,83,24.6,76.2,10.0,6.0,6.5,4.1,6.6,299.7,75.0,3.33,2.59,10.175,11.1,1,1,05:41 AM,09:03 PM,11:55 PM,08:05 AM,Waning Gibbous,93,Normal
Ukraine,Kyiv,50.4333,30.5167,Europe/Kiev,1751013900,2025-06-27 11:45,21.9,71.4,Partly Cloudy,6.9,11.2,244,WSW,1015.0,29.98,0.0,0.0,45,46,21.9,71.4,10.0,6.0,6.2,8.0,12.9,342.25,54.0,31.08,5.18,10.915,14.8,1,1,04:48 AM,09:14 PM,06:30 AM,11:13 PM,Waxing Crescent,3,Normal
Malaysia,Kuala Lumpur,3.17,101.7,Asia/Kuala_Lumpur,1720789200,2024-07-12 21:00,30.0,86.0,Partly cloudy,3.8,6.1,290,WNW,1008.0,29.77,0.0,0.0,70,25,40.0,104.0,10.0,6.0,1.0,8.3,13.3,10894.8,0.0,69.9,101.1,131.1,159.3,4,10,07:10 AM,07:28 PM,11:56 AM,No moonset,Waxing Crescent,32,Normal
Qatar,Doha,25.2867,51.5333,Asia/Qatar,1771224300,2026-02-16 09:45,23.3,73.9,Sunny,25.9,41.8,325,NW,1016.0,30.0,0.0,0.0,47,0,24.8,76.6,10.0,6.0,3.5,32.5,52.3,200.85,78.0,14.85,13.45,64.65,291.45,3,8,06:08 AM,05:29 PM,05:25 AM,04:31 PM,Waning Crescent,3,Normal
Brazil,Bras,-2.0833,-58.1667,America/Manaus,1756800000,2025-09-02 04:00,24.4,75.9,Clear,3.6,5.8,65,ENE,1010.0,29.82,0.0,0.0,63,18,25.8,78.5,10.0,6.0,0.0,7.5,12.1,247.9,52.0,1.665,0.37,12.395,13.69,1,2,05:50 AM,05:55 PM,01:38 PM,01:19 AM,Waxing Gibbous,68,Normal
Turkey,Yaren,39.55,27.6167,Europe/Istanbul,1757319300,2025-09-08 11:15,25.1,77.2,Partly cloudy,17.4,28.1,25,NNE,1013.0,29.91,0.0,0.0,44,50,25.3,77.5,10.0,6.0,4.4,20.1,32.3,260.85,78.0,4.44,1.665,12.395,18.315,1,2,06:44 AM,07:30 PM,07:51 PM,07:16 AM,Waning Gibbous,100,Normal
Nepal,Kathmandu,27.72,85.32,Asia/Kathmandu,1725797700,2024-09-08 18:00,26.3,79.3,Partly cloudy,8.1,13.0,230,SW,1011.0,29.85,0.26,0.01,70,75,29.6,85.3,8.0,4.0,1.0,12.5,20.2,523.55,131.0,2.775,6.29,31.265,44.77,2,3,05:46 AM,06:16 PM,10:05 AM,08:59 PM,Waxing Crescent,20,Normal
Bahrain,Manama,26.2361,50.5831,Asia/Bahrain,1743499800,2025-04-01 12:30,33.4,92.1,Sunny,4.0,6.5,274,W,1013.0,29.91,0.0,0.0,30,0,39.8,103.7,10.0,6.0,9.5,8.5,13.6,1757.5,52.0,105.82,31.08,66.415,81.4,4,9,05:29 AM,05:55 PM,07:20 AM,09:29 PM,Waxing Crescent,9,Normal
Tanzania,Dodoma,-6.1833,35.75,Africa/Dar_es_Salaam,1759473900,2025-10-03 09:45,22.2,72.0,Sunny,8.5,13.7,82,E,1021.0,30.15,0.0,0.0,69,25,24.6,76.3,10.0,6.0,2.9,9.8,15.7,154.85,40.0,3.65,1.05,7.55,7.75,1,1,06:21 AM,06:31 PM,03:22 PM,03:12 AM,Waxing Gibbous,78,Normal
Turkey,Yaren,39.55,27.62,Europe/Istanbul,1725537600,2024-09-05 15:00,32.3,90.1,Sunny,19.2,31.0,10,N,1011.0,29.85,0.0,0.0,32,0,30.5,86.9,10.0,6.0,8.0,20.9,33.7,169.0,93.0,1.1,1.4,18.4,35.3,2,2,06:42 AM,07:34 PM,08:44 AM,08:34 PM,Waxing Crescent,3,Normal
Namibia,Windhoek,-22.5717,17.0822,Africa/Windhoek,1761811200,2025-10-30 10:00,25.3,77.5,Sunny,10.1,16.2,329,NNW,1024.0,30.24,0.0,0.0,54,25,24.0,75.2,10.0,6.0,6.5,11.6,18.6,185.85,70.0,1.25,1.05,8.95,9.65,1,1,06:08 AM,07:03 PM,01:03 PM,01:48 AM,Waxing Gibbous,52,Normal
Sweden,Stockholm,59.33,18.05,Europe/Stockholm,1725885000,2024-09-09 14:30,22.1,71.8,Sunny,17.4,28.1,140,SE,1005.0,29.68,0.0,0.0,50,0,24.6,76.2,10.0,6.0,5.0,18.7,30.0,331.15,82.0,7.955,1.665,14.615,19.98,1,2,06:03 AM,07:25 PM,02:19 PM,07:58 PM,Waxing Crescent,28,Normal
Gambia,Banjul,13.4531,-16.5775,Africa/Banjul,1734087600,2024-12-13 11:00,26.1,79.0,Sunny,10.7,17.3,27,NNE,1012.0,29.88,0.0,0.0,45,0,26.1,79.0,10.0,6.0,4.5,17.3,27.9,275.65,64.0,2.22,1.85,38.295,78.255,2,4,07:21 AM,06:41 PM,04:57 PM,05:15 AM,Waxing Gibbous,92,Normal
Thailand,Bangkok,13.75,100.5167,Asia/Bangkok,1756972800,2025-09-04 15:00,32.3,90.1,Partly cloudy,8.3,13.3,246,WSW,1005.0,29.68,0.14,0.01,63,50,36.4,97.6,10.0,6.0,5.3,9.5,15.3,2012.8,44.0,51.43,35.52,30.34,33.3,2,3,06:06 AM,06:27 PM,03:58 PM,02:35 AM,Waxing Gibbous,81,Normal
South Africa,Pretoria,-25.7469,28.188,Africa/Johannesburg,1731661200,2024-11-15 11:00,24.0,75.1,Sunny,8.1,13.0,355,N,1018.0,30.07,0.0,0.0,40,9,24.8,76.6,10.0,6.0,11.2,9.3,14.9,273.8,85.0,4.44,9.435,11.84,12.58,1,1,05:11 AM,06:33 PM,06:20 PM,04:26 AM,Full Moon,99,Normal
Thailand,Nan,18.7833,100.7833,Asia/Bangkok,1763709300,2025-11-21 14:15,26.1,79.0,Partly Cloudy,2.2,3.6,211,SSW,1017.0,30.03,0.0,0.0,54,25,27.2,81.0,10.0,6.0,6.1,6.7,10.8,307.85,24.0,11.85,3.25,12.65,12.85,1,2,06:27 AM,05:38 PM,07:11 AM,06:13 PM,Waxing Crescent,0,Normal
Bosnia and Herzegovina,Sarajevo,43.85,18.3833,Europe/Sarajevo,1752655500,2025-07-16 10:45,23.4,74.1,Patchy rain nearby,6.0,9.7,17,NNE,1016.0,30.0,0.02,0.0,61,25,24.8,76.6,10.0,6.0,5.6,7.0,11.2,297.85,78.0,9.435,12.58,17.205,21.275,2,2,05:19 AM,08:25 PM,11:19 PM,11:25 AM,Waning Gibbous,73,Normal
Denmark,Copenhagen,55.6667,12.5833,Europe/Copenhagen,1753086600,2025-07-21 10:30,22.0,71.6,Light rain,14.3,23.0,136,SE,1006.0,29.71,0.2,0.01,69,75,24.5,76.2,10.0,6.0,2.6,22.6,36.3,340.4,68.0,22.2,1.48,13.32,15.91,1,2,04:56 AM,09:35 PM,12:26 AM,07:44 PM,Waning Crescent,19,Normal
Serbia,Belgrade,44.8,20.47,Europe/Belgrade,1716991200,2024-05-29 16:00,24.0,75.2,Partly cloudy,18.6,29.9,300,WNW,1011.0,29.85,0.0,0.0,50,50,25.5,77.8,10.0,6.0,6.0,23.0,37.1,186.9,94.4,1.2,0.5,2.9,3.3,1,1,04:57 AM,08:15 PM,12:54 AM,10:27 AM,Waning Gibbous,69,Normal
Seychelles Islands,Victoria,-4.6167,55.45,Indian/Mahe,1745485200,2025-04-24 13:00,31.3,88.3,Partly Cloudy,4.7,7.6,267,W,1010.0,29.83,0.0,0.0,66,25,37.6,99.7,10.0,6.0,11.9,6.2,9.9,148.0,30.0,2.405,3.7,3.515,5.18,1,1,06:17 AM,06:15 PM,02:57 AM,03:25 PM,Waning Crescent,22,Normal
Macedonia,Skopje,42.0,21.4333,Europe/Skopje,1755245700,2025-08-15 10:15,23.2,73.8,Partly cloudy,6.0,9.7,79,E,1018.0,30.06,0.0,0.0,47,50,23.0,73.4,10.0,6.0,4.0,7.0,11.2,321.9,56.0,32.005,18.13,24.05,27.01,2,3,05:42 AM,07:35 PM,10:32 PM,12:48 PM,Waning Gibbous,65,Normal
Myanmar,Yangon,16.7833,96.1667,Asia/Yangon,1739183400,2025-02-10 17:00,33.3,91.9,Partly cloudy,11.0,17.6,178,S,1010.0,29.83,0.0,0.0,53,25,35.5,96.0,7.0,4.0,0.0,14.7,23.6,838.05,138.0,3.33,8.14,49.395,50.875,3,6,06:33 AM,06:06 PM,04:05 PM,04:47 AM,Waxing Gibbous,91,Normal
Albania,Tirana,41.3275,19.8189,Europe/Tirane,1746176400,2025-05-02 11:00,24.0,75.2,Sunny,3.6,5.8,344,NNW,1018.0,30.06,0.0,0.0,41,0,24.7,76.4,10.0,6.0,5.9,4.1,6.6,275.65,81.0,10.175,6.66,15.17,17.02,1,2,05:37 AM,07:40 PM,09:14 AM,12:32 AM,Waxing Crescent,23,Normal
Thailand,Nan,18.7833,100.7833,Asia/Bangkok,1769065200,2026-01-22 14:00,27.1,80.8,Sunny,5.4,8.6,212,SSW,1016.0,30.0,0.0,0.0,51,0,26.3,79.3,10.0,6.0,6.0,6.2,9.9,291.85,42.0,9.55,3.65,13.85,13.95,1,2,06:52 AM,06:04 PM,09:10 AM,09:14 PM,Waxing Crescent,8,Normal
Jamaica,Port Royal,17.9333,-76.85,America/Jamaica,1751274000,2025-06-30 04:00,27.3,81.1,Clear,4.7,7.6,40,NE,1014.0,29.94,0.0,0.0,70,0,31.5,88.8,10.0,6.0,0.0,9.9,15.9,736.3,51.0,6.29,2.59,4.255,5.735,1,1,05:36 AM,06:47 PM,10:28 AM,11:01 PM,Waxing Crescent,25,Normal
Gambia,Banjul,13.4531,-16.5775,Africa/Banjul,1734777900,2024-12-21 10:45,23.4,74.0,Sunny,13.4,21.6,72,ENE,1016.0,29.99,0.0,0.0,37,11,24.3,75.8,10.0,6.0,2.4,19.1,30.7,284.9,55.0,2.59,1.11,203.685,653.05,5,10,07:25 AM,06:45 PM,No moonrise,12:16 PM,Waning Gibbous,68,Normal
Philippines,Manila,14.6042,120.9822,Asia/Manila,1746607500,2025-05-07 16:45,30.1,86.2,Partly cloudy,8.1,13.0,228,SW,1006.0,29.71,0.07,0.0,70,75,32.8,91.1,10.0,6.0,1.8,10.0,16.0,991.6,92.0,39.405,66.785,52.91,52.91,3,6,05:31 AM,06:14 PM,02:05 PM,01:59 AM,Waxing Gibbous,70,Normal
Italy,Rome,41.9,12.4833,Europe/Rome,1751014800,2025-06-27 11:00,30.2,86.4,Sunny,2.2,3.6,217,SW,1017.0,30.03,0.0,0.0,43,0,28.7,83.6,10.0,6.0,6.5,2.6,4.1,284.9,89.0,9.435,0.925,23.495,35.89,2,2,05:37 AM,08:49 PM,07:25 AM,10:54 PM,Waxing Crescent,3,Normal
Bolivia,National,-11.1833,-67.0833,America/La_Paz,1758440700,2025-09-21 03:45,25.7,78.3,Clear,4.7,7.6,341,NNW,1007.0,29.75,0.0,0.0,59,9,26.8,80.3,10.0,6.0,0.0,9.1,14.7,429.2,18.0,1.11,0.185,17.02,17.205,2,2,06:18 AM,06:24 PM,06:05 AM,06:24 PM,New Moon,0,Normal
Mozambique,Maputo,-25.9653,32.5892,Africa/Maputo,1728294300,2024-10-07 11:45,29.2,84.5,Sunny,6.7,10.8,59,ENE,1013.0,29.92,0.0,0.0,33,0,28.4,83.1,10.0,6.0,8.0,7.7,12.4,290.45,63.0,1.48,1.11,10.175,16.095,1,1,05:23 AM,05:53 PM,07:53 AM,10:10 PM,Waxing Crescent,15,Normal
Singapore,Singapore,1.29,103.86,Asia/Singapore,1724328000,2024-08-22 20:00,30.1,86.2,Partly cloudy,5.6,9.0,120,ESE,1010.0,29.83,0.0,0.0,66,75,36.2,97.2,10.0,6.0,1.0,13.6,21.9,3418.0,0.0,66.5,79.2,33.3,37.5,2,3,07:03 AM,07:12 PM,09:32 PM,09:06 AM,Waning Gibbous,93,Normal
Belarus,Minsk,53.9,27.57,Europe/Minsk,1721479500,2024-07-20 15:45,24.4,75.9,Partly cloudy,9.4,15.1,320,NW,1012.0,29.88,0.0,0.0,50,75,25.6,78.2,10.0,6.0,6.0,13.9,22.3,161.9,85.1,0.7,0.4,2.0,2.5,1,1,05:05 AM,09:27 PM,09:41 PM,02:46 AM,Waxing Gibbous,97,Normal
Cyprus,Nicosia,35.1667,33.3667,Asia/Nicosia,1752137100,2025-07-10 11:45,33.0,91.4,Sunny,2.2,3.6,333,NNW,1004.0,29.65,0.0,0.0,49,0,33.0,91.3,10.0,6.0,8.8,2.6,4.1,233.1,87.0,3.145,3.7,32.56,44.585,2,3,05:41 AM,08:03 PM,08:11 PM,04:45 AM,Full Moon,99,Normal
Vatican City,Vatican City,41.904,12.453,Europe/Vatican,1752396300,2025-07-13 10:45,26.3,79.3,Patchy rain nearby,9.8,15.8,163,SSE,1016.0,30.0,0.24,0.01,48,25,26.9,80.3,10.0,6.0,2.3,13.0,20.8,251.6,87.0,8.51,0.925,9.62,12.395,1,1,05:47 AM,08:45 PM,10:38 PM,08:13 AM,Waning Gibbous,95,Normal
Gambia,Banjul,13.45,-16.58,Africa/Banjul,1716991200,2024-05-29 14:00,34.0,93.2,Sunny,5.6,9.0,280,W,1015.0,29.97,0.0,0.0,47,0,36.0,96.8,10.0,6.0,6.0,14.1,22.7,183.6,74.4,0.3,0.6,29.3,146.0,2,3,06:38 AM,07:30 PM,12:18 AM,12:04 PM,Waning Gibbous,69,Normal
Iran,Tehran,35.7261,51.3304,Asia/Tehran,1744449300,2025-04-12 12:45,20.1,68.2,Overcast,14.8,23.8,238,WSW,1009.0,29.8,0.13,0.01,40,100,20.1,68.2,10.0,6.0,3.7,17.2,27.6,986.05,76.0,60.68,19.425,92.13,513.375,4,10,05:36 AM,06:35 PM,06:13 PM,05:07 AM,Waxing Gibbous,99,Normal
Vatican City,Vatican City,41.9,12.45,Europe/Rome,1720271700,2024-07-06 15:15,31.0,87.8,Sunny,10.5,16.9,210,SSW,1013.0,29.91,0.0,0.0,43,0,30.8,87.4,10.0,6.0,8.0,14.2,22.8,183.6,98.7,1.0,0.3,6.1,8.5,1,1,05:42 AM,08:48 PM,05:39 AM,09:46 PM,Waxing Crescent,0,Normal
Burkina Faso,Ouagadougou,12.3703,-1.5247,Africa/Ouagadougou,1750063500,2025-06-16 08:45,28.1,82.6,Partly Cloudy,13.0,20.9,232,SW,1015.0,29.97,0.0,0.0,70,0,29.7,85.4,10.0,6.0,1.9,14.9,24.0,442.15,67.0,2.405,0.74,26.085,137.455,2,3,05:42 AM,06:32 PM,10:56 PM,10:06 AM,Waning Gibbous,79,Normal
Kiribati,Tarawa,-0.88,169.53,Pacific/Tarawa,1726915500,2024-09-21 22:45,28.7,83.7,Partly Cloudy,18.1,29.2,60,ENE,1013.0,29.9,0.0,0.0,70,57,32.3,90.1,10.0,6.0,1.0,24.6,39.6,197.95,25.0,0.0,0.37,16.095,30.71,2,2,06:31 AM,06:38 PM,09:27 PM,08:55 AM,Waning Gibbous,88,Normal
San Marino,San Marino,43.9333,12.45,Europe/San_Marino,1752396300,2025-07-13 10:45,24.2,75.6,Partly cloudy,5.6,9.0,192,SSW,1015.0,29.97,0.0,0.0,54,50,25.2,77.3,10.0,6.0,3.9,6.4,10.4,220.94,88.0,2.739,0.365,7.486,11.869,1,1,05:40 AM,08:52 PM,10:42 PM,08:08 AM,Waning Gibbous,95,Normal
Nepal,Kathmandu,27.7167,85.3167,Asia/Kathmandu,1729071000,2024-10-16 15:15,21.0,69.7,Patchy rain nearby,2.2,3.6,264,W,1010.0,29.83,0.09,0.0,68,70,21.0,69.7,10.0,6.0,1.0,6.7,10.8,740.0,135.0,5.365,5.365,40.33,64.565,2,4,06:04 AM,05:34 PM,04:47 PM,04:29 AM,Waxing Gibbous,97,Normal
Madagascar,Antananarivo,-18.9167,47.5167,Indian/Antananarivo,1743412500,2025-03-31 12:15,24.1,75.4,Partly cloudy,10.7,17.3,102,ESE,1022.0,30.18,0.01,0.0,61,75,25.4,77.8,10.0,6.0,12.1,12.3,19.9,179.45,47.0,1.11,0.74,3.145,3.7,1,1,05:56 AM,05:52 PM,07:46 AM,07:21 PM,Waxing Crescent,3,Normal
Albania,Tirana,41.3275,19.8189,Europe/Tirane,1761292800,2025-10-24 10:00,21.2,70.2,Partly cloudy,3.8,6.1,277,W,1008.0,29.77,0.23,0.01,64,50,21.2,70.2,10.0,6.0,1.4,4.7,7.6,123.85,56.0,10.95,2.75,5.45,11.45,1,1,07:03 AM,05:47 PM,10:03 AM,06:57 PM,Waxing Crescent,5,Normal
Indonesia,Laos,-8.1826,114.3188,Asia/Jakarta,1759910400,2025-10-08 15:00,29.0,84.2,Sunny,7.8,12.6,174,S,1010.0,29.84,0.0,0.0,55,4,30.7,87.2,10.0,6.0,2.9,9.0,14.5,463.85,69.0,3.45,2.25,13.15,16.25,1,2,05:04 AM,05:17 PM,06:24 PM,05:39 AM,Waning Gibbous,99,Normal
Vietnam,S. Manian,11.2667,108.2333,Asia/Ho_Chi_Minh,1770446700,2026-02-07 13:45,28.6,83.4,Sunny,12.1,19.4,129,SE,1011.0,29.85,0.0,0.0,59,7,30.5,86.9,10.0,6.0,9.5,13.9,22.4,240.85,66.0,6.15,2.45,15.85,20.25,2,2,08:09 AM,05:47 PM,No moonrise,09:53 AM,Waning Gibbous,74,Normal
Tajikistan,Dushanbe,38.56,68.7739,Asia/Dushanbe,1728984600,2024-10-15 14:30,24.2,75.6,Partly cloudy,3.1,5.0,225,SW,1018.0,30.06,0.04,0.0,36,50,24.5,76.1,10.0,6.0,2.9,3.6,5.8,453.25,56.0,13.69,8.88,33.3,68.265,2,3,06:34 AM,05:47 PM,04:39 PM,03:38 AM,Waxing Gibbous,91,Normal
Monaco,Monaco,43.7333,7.4167,Europe/Monaco,1748594700,2025-05-30 10:45,23.4,74.1,Sunny,5.1,8.3,144,SE,1020.0,30.12,0.0,0.0,69,0,25.2,77.3,10.0,6.0,3.8,7.0,11.3,253.45,58.0,18.87,2.22,10.73,12.025,1,1,05:53 AM,09:04 PM,08:47 AM,12:12 AM,Waxing Crescent,11,Normal
Madagascar,Antananarivo,-18.9167,47.5167,Indian/Antananarivo,1757231100,2025-09-07 10:45,20.2,68.4,Partly cloudy,11.2,18.0,88,E,1028.0,30.36,0.0,0.0,64,75,20.2,68.4,10.0,6.0,8.4,12.9,20.7,264.55,67.0,3.33,1.48,11.84,13.135,1,1,05:53 AM,05:44 PM,05:32 PM,05:31 AM,Full Moon,99,Normal
Swaziland,Mbabane,-26.3167,31.1333,Africa/Mbabane,1743499800,2025-04-01 11:30,26.2,79.2,Partly cloudy,4.5,7.2,309,NW,1016.0,30.0,0.0,0.0,70,50,26.6,79.8,10.0,6.0,8.3,5.1,8.3,225.7,60.0,12.395,42.735,44.215,44.215,3,5,06:05 AM,05:54 PM,09:17 AM,08:02 PM,Waxing Crescent,9,Normal
Gabon,Libreville,0.38,9.45,Africa/Libreville,1721909700,2024-07-25 13:15,27.6,81.7,Sunny,9.2,14.8,247,WSW,1015.0,29.96,0.0,0.0,68,23,30.0,86.1,10.0,6.0,7.0,10.6,17.0,494.0,65.8,2.2,2.5,3.9,7.7,1,1,06:24 AM,06:33 PM,10:21 PM,09:56 AM,Waning Gibbous,83,Normal
Tanzania,Dodoma,-6.18,35.75,Africa/Dar_es_Salaam,1720443600,2024-07-08 16:00,29.1,84.4,Sunny,2.2,3.6,10,N,1016.0,30.0,0.0,0.0,33,0,27.6,81.6,10.0,6.0,8.0,5.1,8.3,237.0,57.2,0.3,0.4,5.3,7.4,1,1,06:49 AM,06:35 PM,08:50 AM,08:54 PM,Waxing Crescent,5,Normal
Chad,N'djamena,12.1131,15.0492,Africa/Ndjamena,1762588800,2025-11-08 09:00,28.1,82.6,Sunny,12.3,19.8,28,NNE,1012.0,29.88,0.0,0.0,30,0,26.1,79.0,6.0,3.0,3.0,14.2,22.8,162.85,44.0,2.65,1.45,16.85,45.25,2,2,05:55 AM,05:33 PM,08:33 PM,08:54 AM,Waning Gibbous,91,Normal
Albania,Tirana,41.3275,19.8189,Europe/Tirane,1728380700,2024-10-08 11:45,22.2,72.0,Sunny,4.9,7.9,197,SSW,1019.0,30.09,0.0,0.0,53,0,24.3,75.7,10.0,6.0,6.0,5.7,9.1,320.05,67.0,28.675,7.215,13.875,19.24,1,2,06:45 AM,06:10 PM,12:27 PM,09:00 PM,Waxing Crescent,23,Normal
Oman,Muscat,23.61,58.59,Asia/Muscat,1715868900,2024-05-16 18:15,33.0,91.4,Sunny,5.6,9.0,80,E,1007.0,29.74,0.0,0.0,59,0,37.9,100.2,10.0,6.0,8.0,10.1,16.2,198.6,121.6,0.9,2.1,28.1,76.6,2,3,05:23 AM,06:41 PM,12:40 PM,01:09 AM,Waxing Gibbous,55,Normal
Kenya,Nairobi,-1.28,36.82,Africa/Nairobi,1722946500,2024-08-06 15:15,25.2,77.4,Sunny,7.4,11.9,192,SSW,1011.0,29.86,0.0,0.0,35,10,25.2,77.3,10.0,6.0,8.0,8.5,13.7,514.0,86.6,2.7,3.9,11.0,27.1,1,1,06:36 AM,06:40 PM,08:01 AM,08:18 PM,Waxing Crescent,2,Normal
Democratic Republic of Congo,Kinshasa,-4.3,15.3,Africa/Brazzaville,1717424100,2024-06-03 15:15,31.0,87.8,Partly cloudy,11.9,19.1,360,N,1012.0,29.88,0.0,0.0,55,25,34.5,94.1,7.0,4.0,8.0,16.3,26.3,417.2,62.9,1.3,0.3,5.2,15.6,1,1,06:01 AM,05:54 PM,02:55 AM,03:12 PM,Waning Crescent,16,Normal
Madagascar,Ivory,-24.37,46.45,Indian/Antananarivo,1717768800,2024-06-07 17:00,26.6,80.0,Sunny,5.4,8.6,72,ENE,1017.0,30.02,0.0,0.0,39,5,26.5,79.8,10.0,6.0,8.0,9.8,15.7,227.0,42.9,0.3,0.0,1.2,1.5,1,1,06:33 AM,05:13 PM,07:26 AM,05:57 PM,Waxing Crescent,0,Normal
