elevation,latitude,longitude,precipitation,pressure,soil_moisture,temperature,wind_speed,humidity,precip_3day_avg,precip_7day_avg,temp_3day_avg,soil_3day_avg,month,is_monsoon,water_area_change,water_area_pct_change,days_since_last_flood,flood_event
,,,19.59,101867.3,0.2509,26.08,1.57,59.42,17.27,9.6,27.34,0.2519,12,0,,,,0
,,,13.64,101614.5,0.1961,35.25,0.75,40.93,7.3,6.53,35.42,0.1839,3,0,,,,0
,,,207.15,99821.9,0.788,32.47,8.34,81.05,128.82,92.48,31.35,0.7925,6,1,,,,1
,,,26.7,101047.0,0.3154,21.7,3.11,67.22,20.0,13.3,23.6,0.3237,3,0,,,,0
,,,29.63,100500.0,0.35,29.19,1.79,69.71,20.0,13.18,31.13,0.3682,8,1,,,,0
,,,18.76,100875.5,0.2849,33.98,1.82,50.27,12.94,10.71,35.21,0.3029,3,0,,,,0
,,,18.0,101031.3,0.2309,37.16,1.14,43.37,12.06,10.13,37.92,0.2344,4,0,,,,0
,,,294.02,98073.6,0.9057,28.09,6.23,92.27,228.7,180.0,29.2,0.8959,7,1,,,,1
,,,150.6,100107.6,0.6711,23.95,5.34,80.91,95.28,66.38,23.53,0.687,9,1,,,,1
,,,176.51,99851.6,0.748,31.49,4.03,81.31,138.9,96.2,31.22,0.7437,7,1,,,,1
,,,10.35,101527.8,0.1442,23.74,1.67,41.19,8.07,7.14,24.59,0.1552,9,1,,,,0
,,,29.85,100500.0,0.3042,34.91,4.14,68.55,20.0,15.0,34.11,0.3195,7,1,,,,0
,,,2.8,102945.6,0.0969,33.03,1.08,22.35,2.27,1.39,33.93,0.1104,11,0,,,,0
,,,7.1,101843.6,0.1595,18.07,0.47,29.36,4.56,2.59,17.61,0.1668,5,0,,,,0
,,,116.67,99786.1,0.6519,21.48,3.0,75.88,75.49,49.71,20.14,0.6659,9,1,,,,1
109.1929732,26.24925128,68.0,0.000181055,100101.793,0.085874087,24.02650013,0.918761279,62.51026952,0.000639279,0.000682068,24.1864126,0.085890957,11,0,-157.0218929,-0.654388609,8.0,0
,,,0.74,102207.4,0.08,23.42,0.59,23.25,0.5,0.26,23.4,0.0787,2,0,,,,0
,,,12.7,102153.3,0.196,35.66,1.43,37.82,11.28,8.54,34.39,0.1951,11,0,,,,0
,,,229.48,99094.3,0.7686,21.04,6.99,93.86,126.99,100.04,22.78,0.7713,8,1,,,,1
,,,165.45,99675.9,0.7084,25.28,5.62,80.01,103.11,83.65,24.98,0.7041,7,1,,,,1
,,,19.37,101002.3,0.2162,37.42,1.26,50.81,10.3,6.06,36.71,0.2272,12,0,,,,0
,,,252.7,99167.5,0.801,23.0,3.3,91.06,196.74,136.36,22.55,0.7761,7,1,,,,1
,,,296.94,98879.2,0.8594,26.65,8.66,93.85,246.33,180.0,26.46,0.8686,8,1,,,,1
,,,261.82,98660.5,0.834,28.23,8.65,89.06,155.84,118.58,29.59,0.8125,2,0,,,,1
,,,0.16,102122.9,0.08,24.17,0.0,20.73,0.08,0.06,25.77,0.082,2,0,,,,0
,,,5.31,102853.1,0.1316,18.54,1.41,27.97,3.67,2.49,18.46,0.1138,12,0,,,,0
,,,149.68,99448.9,0.6653,34.39,4.63,81.8,96.62,70.85,36.38,0.6423,8,1,,,,1
,,,275.2,98456.4,0.8758,22.82,10.65,94.87,227.01,162.91,22.38,0.8823,1,0,,,,1
,,,19.23,101065.6,0.2228,32.07,2.13,50.26,12.45,9.57,30.3,0.2217,2,0,,,,0
109.1929732,26.24925128,68.0,0.091574213,100313.3358,0.092313633,20.81820653,3.898885647,56.83253696,0.085788528,0.036770823,21.80812135,0.087917246,11,0,270.7697515,0.997021465,13.0,0
,,,15.55,101193.0,0.2362,20.23,0.91,47.7,9.94,8.81,19.43,0.2385,12,0,,,,0
,,,281.97,98416.8,0.8649,20.0,8.46,93.57,197.85,130.57,20.22,0.8922,9,1,,,,1
,,,201.0,99295.0,0.7025,29.85,6.2,85.38,112.09,77.44,30.98,0.6997,6,1,,,,1
,,,156.18,98980.9,0.6657,26.23,4.89,80.94,121.42,99.03,26.78,0.6709,6,1,,,,1
,,,133.08,100418.3,0.6523,25.22,3.0,84.29,92.25,54.15,23.4,0.6792,2,0,,,,1
109.1929732,26.24925128,68.0,0.034844698,99922.63393,0.087521255,28.50919291,1.131231318,51.05021563,0.011614899,0.007625627,28.59755865,0.08831255,10,0,-166.4491466,-0.438881582,5.0,0
,,,300.72,98588.1,0.8373,27.66,7.45,100.0,187.05,126.05,26.46,0.8381,6,1,,,,1
109.1929732,26.24925128,68.0,0.002990754,98721.17928,0.085406507,34.74594678,3.57609097,51.02933002,0.01115762,0.1120771,34.6130658,0.08604343,7,1,-138.9184191,-0.498603418,6.0,0
,,,11.87,101386.0,0.2021,21.35,0.84,43.1,9.87,8.45,19.51,0.2025,1,0,,,,0
,,,14.9,101901.2,0.1696,19.96,0.59,46.56,12.44,10.14,18.27,0.1608,8,1,,,,0
,,,116.36,100422.2,0.6433,29.82,3.0,83.81,88.39,57.89,29.28,0.6549,5,0,,,,1
,,,27.8,101343.7,0.3197,22.88,3.34,66.14,19.69,14.04,21.82,0.3166,7,1,,,,0
,,,218.09,99591.9,0.7427,23.29,6.02,89.17,174.36,134.6,21.53,0.7534,7,1,,,,1
,,,19.49,101061.7,0.2406,29.3,1.43,48.97,14.71,11.71,27.58,0.2411,7,1,,,,0
,,,10.9,101240.1,0.1984,24.07,1.35,38.77,9.16,6.84,22.55,0.2098,11,0,,,,0
,,,252.97,98575.2,0.7894,24.61,8.64,89.91,206.59,170.14,26.14,0.7933,6,1,,,,1
,,,171.9,100153.4,0.7176,33.78,6.6,82.14,95.02,72.79,34.75,0.7467,8,1,,,,1
,,,192.89,99277.8,0.8183,29.4,4.9,84.77,135.24,98.6,28.34,0.7922,7,1,,,,1
,,,131.08,100232.5,0.6564,28.96,4.56,80.14,80.41,48.0,29.21,0.6267,7,1,,,,1
,,,26.03,100598.0,0.313,24.46,4.03,62.4,14.44,12.29,25.86,0.3197,3,0,,,,0
,,,316.57,98000.0,0.9387,26.09,3.86,96.33,200.99,111.32,24.09,0.9666,7,1,,,,1
109.1929732,26.24925128,68.0,0.0,98224.53627,0.080801372,35.50223843,2.324674139,15.70885912,0.0,4.85e-05,35.60203224,0.080969497,5,0,466.4345417,0.99764844,0.0,1
,,,10.93,101312.0,0.1834,36.0,0.9,43.13,7.14,6.28,37.73,0.1913,6,1,,,,0
,,,18.72,101056.6,0.256,23.0,1.25,54.16,15.53,10.37,22.69,0.2436,10,0,,,,0
,,,20.49,101366.3,0.2613,35.87,1.62,49.36,12.08,6.62,34.16,0.2617,9,1,,,,0
,,,15.65,101672.8,0.2206,36.86,1.28,47.97,12.98,10.06,37.41,0.217,3,0,,,,0
109.1929732,26.24925128,68.0,0.0,99381.20269,0.084709567,28.37394179,3.464761687,34.1441003,0.0,0.0,27.51131997,0.084725522,3,0,472.5531578,172.0966412,8.0,0
,,,16.5,101612.1,0.2054,29.46,1.07,51.67,9.53,5.11,30.84,0.2063,10,0,,,,0
109.1929732,26.24925128,68.0,7.47e-05,99206.54853,0.087304625,30.9522709,1.940836364,44.58225644,0.000276749,0.044662342,31.90401808,0.088666291,9,1,-117.80343,-0.956309505,8.0,0
,,,9.04,101751.7,0.1568,31.89,0.22,36.8,5.17,3.88,32.07,0.1404,11,0,,,,0
,,,1.99,102504.8,0.0959,34.24,0.21,20.0,1.4,0.9,32.26,0.1054,11,0,,,,0
109.1929732,26.24925128,68.0,0.000170996,100252.6728,0.087680051,20.91329016,0.439625379,46.48795286,5.7e-05,0.000575609,20.49761461,0.087996786,2,0,-285.9485521,-0.301508928,1.0,0
,,,167.44,99537.8,0.6995,20.69,4.25,78.71,121.72,80.35,22.5,0.7271,9,1,,,,1
,,,16.98,101246.5,0.2503,27.97,2.32,46.53,11.0,7.2,27.96,0.2392,8,1,,,,0
,,,17.48,101464.4,0.247,34.26,0.54,52.03,14.41,12.14,34.37,0.2495,4,0,,,,0
109.1929732,26.24925128,68.0,0.0,98592.93941,0.081995873,34.53370099,4.192158247,20.02615183,3.02e-05,3.52e-05,35.42922673,0.082115478,5,0,-220.4805147,-0.283526823,1.0,0
,,,274.85,98981.1,0.8821,21.4,8.24,94.58,151.23,125.53,20.49,0.8958,6,1,,,,1
,,,227.0,99153.0,0.734,28.62,6.01,90.28,182.69,119.26,28.44,0.7438,9,1,,,,1
,,,17.98,100572.5,0.2211,36.27,2.09,50.37,10.87,6.19,36.9,0.2392,11,0,,,,0
109.1929732,26.24925128,68.0,0.0,99524.72256,0.084891052,30.74811053,2.226166919,49.33794559,7.95e-07,3.41e-07,30.27943132,0.084906354,10,0,-163.4205129,-0.598783944,6.0,0
,,,12.13,101087.8,0.1686,33.25,1.06,42.03,8.29,4.74,31.48,0.1501,3,0,,,,0
109.1929732,26.24925128,68.0,0.001689133,99020.12405,0.087927563,32.73125006,3.564590449,36.80646375,0.000673275,0.000600821,33.30231002,0.086914158,4,0,467.0792279,0.996118731,0.0,1
109.1929732,26.24925128,68.0,0.001593877,98895.67161,0.093094461,32.43319351,1.739352791,54.68466077,0.001618039,0.001910959,32.05529531,0.094471572,9,1,-148.5172013,-0.257512,5.0,0
,,,194.61,99257.0,0.7138,29.47,5.97,89.28,128.78,88.6,30.99,0.6885,8,1,,,,1
109.1929732,26.24925128,68.0,0.0,99761.86216,0.085748443,29.04590131,0.994323167,46.74689718,0.0,1.87e-05,29.13656799,0.085747687,10,0,266.4347901,0.563472331,3.0,0
,,,339.79,98069.0,0.9401,20.0,9.64,100.0,250.0,180.0,20.13,0.9592,6,1,,,,1
,,,12.77,101489.0,0.2076,26.04,1.85,43.71,6.78,5.77,26.2,0.2149,7,1,,,,0
109.1929732,26.24925128,68.0,0.0,99183.794,0.084767181,29.97739542,3.008371255,31.871163,0.000513406,0.000220031,29.95681374,0.084865655,3,0,-223.9171881,-0.401512125,2.0,0
,,,5.97,102116.5,0.144,26.24,0.89,34.2,4.15,3.68,27.04,0.1353,1,0,,,,0
,,,11.37,101579.8,0.1872,27.09,0.48,34.45,8.09,4.22,25.26,0.1737,11,0,,,,0
,,,87.69,100500.0,0.6,26.12,3.0,75.0,55.2,42.62,25.43,0.6068,2,0,,,,1
,,,9.37,101901.3,0.1353,27.45,0.32,40.47,8.31,4.87,29.16,0.1275,11,0,,,,0
,,,152.5,99868.2,0.6997,20.69,5.74,78.65,87.52,50.36,20.75,0.713,6,1,,,,1
,,,130.55,100047.4,0.6155,29.01,3.43,78.12,86.67,48.92,30.45,0.6297,8,1,,,,1
,,,20.34,100500.0,0.2645,30.68,2.0,57.69,13.39,11.97,31.66,0.2725,9,1,,,,0
109.1929732,26.24925128,68.0,0.001804717,98621.60793,0.093288764,31.9076276,2.35752295,61.7481195,0.00126013,0.000681404,31.58173704,0.094666927,8,1,-191.6705614,-0.211513242,1.0,0
,,,26.77,100500.0,0.2825,35.29,4.18,65.76,20.0,15.0,33.42,0.2751,11,0,,,,0
,,,235.82,98754.5,0.8377,30.83,4.86,88.01,176.57,135.42,30.87,0.8113,10,0,,,,1
,,,141.46,100256.9,0.6779,22.47,3.0,83.26,90.79,64.95,22.4,0.688,9,1,,,,1
,,,168.4,99495.2,0.6987,20.0,5.44,79.99,96.72,79.42,21.24,0.6744,6,1,,,,1
,,,5.39,102304.8,0.1051,25.91,0.89,34.81,4.04,2.59,25.3,0.1157,12,0,,,,0
,,,24.85,101236.4,0.3161,30.02,2.95,60.05,16.82,12.77,31.91,0.3025,9,1,,,,0
,,,19.84,101604.5,0.2568,25.33,2.87,56.89,14.12,9.61,26.47,0.2492,9,1,,,,0
,,,12.51,101398.9,0.1762,23.37,0.78,47.92,8.14,6.32,22.45,0.1878,2,0,,,,0
109.1929732,26.24925128,68.0,0.0,100550.8202,0.086100333,16.70322359,1.537694553,64.29428074,6.05e-05,6.07e-05,16.75747385,0.086187048,1,0,-434.1940469,-0.316935574,0.0,1
,,,113.31,100102.7,0.658,23.7,3.0,79.93,65.17,53.08,23.51,0.6671,7,1,,,,1
,,,28.32,100565.6,0.35,27.21,4.23,67.06,20.0,15.0,27.97,0.3547,3,0,,,,0
109.1929732,26.24925128,68.0,0.420533514,98568.92252,0.204366144,31.62476346,1.158424061,75.1861958,0.278533002,0.121537101,33.63607943,0.127170574,7,1,-236.1399781,-0.692438796,3.0,0
,,,131.98,99816.5,0.68,22.02,4.0,79.15,89.26,72.38,23.41,0.708,8,1,,,,1
,,,13.11,101838.8,0.2083,30.65,1.8,42.69,9.24,7.03,30.7,0.208,11,0,,,,0
,,,29.99,100627.5,0.3263,22.95,4.83,70.0,20.0,15.0,22.04,0.3083,4,0,,,,0
,,,99.04,100500.0,0.6736,31.7,3.6,77.97,80.86,54.96,33.31,0.6559,9,1,,,,1
,,,91.04,100500.0,0.6231,20.83,3.79,75.0,60.26,50.96,19.19,0.6276,8,1,,,,1
109.1929732,26.24925128,68.0,1.284957676,98465.0288,0.179764519,30.93899448,0.64050661,72.16601424,0.491107608,0.226949124,33.11299338,0.114093821,7,1,-245.7396588,-0.404918945,2.0,0
,,,21.7,100551.2,0.2742,33.77,1.72,60.45,15.18,8.76,35.09,0.2793,2,0,,,,0
,,,97.39,100307.0,0.6377,22.54,3.89,77.07,61.28,48.61,21.79,0.6383,10,0,,,,1
,,,21.1,101655.9,0.2608,31.7,2.01,55.3,15.82,10.03,33.58,0.2494,5,0,,,,0
,,,343.1,98000.0,0.95,28.6,9.17,91.63,228.87,130.47,29.5,0.9761,6,1,,,,1
,,,28.41,100902.7,0.35,22.86,3.38,70.0,20.0,10.92,22.07,0.3366,7,1,,,,0
,,,121.57,100105.7,0.6529,23.81,3.0,77.6,99.59,79.26,24.93,0.6578,6,1,,,,1
,,,129.52,100109.9,0.6601,24.91,6.9,79.78,73.6,47.61,24.58,0.6386,8,1,,,,1
109.1929732,26.24925128,68.0,0.000250347,98963.8364,0.100434186,30.81072758,3.909309324,63.12694035,0.000258391,0.000514103,30.76370629,0.102972808,8,1,-260.2636716,-0.159076635,0.0,1
109.1929732,26.24925128,68.0,0.0,100456.9948,0.086872924,12.28469162,2.359397589,28.24177956,0.0,0.000242547,13.30339003,0.086905164,1,0,311.1836002,3.36977301,5.0,0
,,,25.06,100958.1,0.311,35.26,2.53,66.33,17.7,10.36,33.26,0.3027,11,0,,,,0
,,,292.07,98353.4,0.9306,26.96,7.24,97.7,168.01,95.82,27.12,0.9023,6,1,,,,1
,,,325.64,98474.3,0.8727,31.34,5.51,93.3,230.62,157.18,31.09,0.892,6,1,,,,1
,,,10.95,101523.4,0.1757,29.26,0.91,43.8,5.88,3.84,27.32,0.1647,3,0,,,,0
109.1929732,26.24925128,68.0,1.12e-05,100022.0693,0.107028296,17.66974511,0.660720648,66.25865285,7.45e-06,4.6e-05,17.24024639,0.107839988,1,0,136.7416362,1.121424624,4.0,0
,,,11.98,101256.8,0.1894,26.67,1.34,30.59,8.68,7.2,27.46,0.1884,12,0,,,,0
,,,116.41,100500.0,0.6483,21.35,3.0,80.05,69.24,41.43,19.56,0.6211,1,0,,,,1
,,,265.32,98921.6,0.8453,24.84,4.83,87.82,220.3,167.51,23.97,0.8247,5,0,,,,1
,,,133.35,99991.8,0.6521,20.02,5.54,81.35,88.6,68.28,20.1,0.6754,7,1,,,,1
,,,116.57,100244.0,0.6372,27.72,4.14,75.0,78.37,58.73,27.68,0.6286,7,1,,,,1
,,,290.34,99252.5,0.8341,30.15,9.33,98.89,222.12,130.08,31.53,0.8399,6,1,,,,1
,,,18.38,100995.5,0.2672,20.54,0.69,52.97,9.48,5.44,19.21,0.2629,1,0,,,,0
,,,220.99,99051.5,0.8103,27.32,6.57,86.17,177.18,113.84,25.5,0.7888,7,1,,,,1
,,,7.26,101511.2,0.1383,21.78,0.34,33.14,4.29,3.44,20.27,0.1509,6,1,,,,0
,,,284.25,99005.0,0.8251,20.25,7.7,93.12,222.35,156.0,21.53,0.8261,10,0,,,,1
109.1929732,26.24925128,68.0,0.0,99417.716,0.084831162,30.69721794,3.183051441,31.70233865,0.00155714,0.00145204,31.0473665,0.085051856,4,0,-110.5783322,-0.497794826,7.0,0
,,,12.2,101038.8,0.2307,36.41,1.04,41.47,10.21,7.28,35.73,0.2383,12,0,,,,0
,,,19.23,100500.0,0.2575,25.11,1.87,49.72,10.47,7.61,26.76,0.2426,1,0,,,,0
,,,207.21,99260.3,0.776,23.24,3.24,86.92,153.38,98.63,21.83,0.7987,6,1,,,,1
,,,28.4,100500.0,0.3134,19.07,1.23,59.87,17.38,9.93,18.83,0.333,12,0,,,,0
,,,247.3,98842.7,0.8511,21.83,5.52,91.87,159.32,127.37,23.36,0.8414,6,1,,,,1
,,,188.99,99590.4,0.7034,31.31,6.51,86.14,127.66,70.95,32.05,0.7027,9,1,,,,1
,,,135.72,100443.8,0.6311,30.54,3.49,81.4,103.1,75.92,31.88,0.6447,1,0,,,,1
,,,164.41,99090.5,0.7182,27.19,4.45,82.75,134.27,74.44,29.0,0.7228,6,1,,,,1
,,,172.51,100020.4,0.7499,23.8,6.0,82.96,144.65,102.83,25.16,0.7704,6,1,,,,1
,,,178.72,99108.9,0.7204,28.3,6.49,81.51,120.96,86.8,26.86,0.7007,2,0,,,,1
,,,339.29,98063.9,0.95,31.7,9.72,93.03,197.43,122.85,30.07,0.9789,7,1,,,,1
,,,345.74,98225.0,0.892,20.48,6.83,100.0,250.0,150.15,19.99,0.8958,7,1,,,,1
109.1929732,26.24925128,68.0,0.008485755,100164.2771,0.091656774,23.84343844,1.502590029,37.7844746,0.002847034,0.018559287,22.67112516,0.093974071,3,0,-222.8525245,-0.287581491,1.0,0
109.1929732,26.24925128,68.0,1.226815531,98745.85758,0.410387573,27.99322201,2.47115592,89.77197454,1.965195671,1.056584681,28.4084908,0.369815218,7,1,203.0739657,2.268983998,5.0,0
,,,14.15,101847.7,0.2469,26.62,2.12,40.3,12.5,9.78,25.84,0.2428,9,1,,,,0
,,,16.12,101646.3,0.2183,27.38,1.97,47.46,10.36,5.9,28.13,0.2065,5,0,,,,0
,,,327.76,98000.0,0.9279,32.84,6.28,96.12,242.36,135.21,34.69,0.946,8,1,,,,1
,,,202.83,99042.6,0.7405,33.07,6.68,89.63,172.18,126.35,31.67,0.7211,8,1,,,,1
,,,134.38,100108.8,0.6241,28.36,4.0,76.38,86.31,70.9,28.74,0.6273,9,1,,,,1
,,,1.07,102343.9,0.1199,33.39,0.32,25.99,0.67,0.35,32.99,0.1259,8,1,,,,0
,,,17.22,101065.7,0.2632,22.9,2.68,47.1,9.79,5.02,21.24,0.2482,1,0,,,,0
,,,21.45,101333.5,0.2474,19.03,0.45,58.17,16.6,9.81,17.42,0.2333,3,0,,,,0
,,,95.1,100401.6,0.633,34.12,4.23,78.37,52.64,40.0,33.74,0.6607,10,0,,,,1
,,,15.13,102114.9,0.2185,33.28,1.86,51.79,10.17,7.45,32.82,0.2351,8,1,,,,0
,,,5.16,102253.3,0.1062,26.12,0.0,27.28,3.12,2.17,27.1,0.0952,1,0,,,,0
109.1929732,26.24925128,68.0,0.254276368,98738.33165,0.141196052,30.83328804,1.973536018,68.4830566,0.192130941,0.090770774,31.20837892,0.142572843,8,1,667.8333297,0.657479647,0.0,1
,,,14.6,101550.5,0.1888,19.33,2.79,41.73,10.56,9.14,20.45,0.1849,7,1,,,,0
,,,346.25,98000.0,0.95,22.86,10.08,95.69,240.75,145.57,23.19,0.9758,9,1,,,,1
,,,28.96,101278.6,0.3329,23.64,4.6,65.56,19.6,15.0,23.76,0.3214,4,0,,,,0
,,,135.92,100320.2,0.6739,33.97,3.31,78.92,110.73,65.5,33.61,0.7034,7,1,,,,1
109.1929732,26.24925128,68.0,0.040132794,99027.66811,0.16936868,31.20288029,2.25442184,64.75446702,0.128989356,0.084650842,31.26789787,0.169066596,9,1,-347.2209225,-0.245384189,0.0,1
,,,12.17,101863.5,0.1815,37.11,1.61,40.52,9.4,5.15,38.52,0.1631,6,1,,,,0
109.1929732,26.24925128,68.0,2.24e-06,98964.14023,0.088068291,31.28339095,1.241404211,57.06568054,1.49e-06,0.00036941,30.97291699,0.089019755,8,1,-133.7604136,-0.485670142,7.0,0
,,,243.0,98725.9,0.8623,30.52,3.88,88.55,178.0,104.81,31.97,0.8524,7,1,,,,1
,,,17.16,100996.6,0.2299,37.23,1.57,44.64,14.38,12.73,37.01,0.2142,9,1,,,,0
109.1929732,26.24925128,68.0,0.091344382,98870.96247,0.32083737,29.61329259,4.313749833,73.48757865,0.080719222,0.305750194,29.23383725,0.337013511,7,1,-143.2962922,-0.33011321,6.0,0
,,,27.62,100500.0,0.35,31.1,2.78,63.81,19.18,9.63,29.18,0.3331,9,1,,,,0
,,,343.87,98584.0,0.9255,22.97,7.94,98.79,250.0,174.35,22.85,0.9126,6,1,,,,1
,,,140.45,100232.6,0.6548,31.77,5.37,80.45,88.08,67.32,31.95,0.6537,9,1,,,,1
,,,25.98,101727.4,0.3123,30.6,1.83,69.25,14.02,11.35,30.39,0.3134,4,0,,,,0
,,,197.68,99515.1,0.7751,26.07,7.03,88.59,117.76,85.74,24.13,0.7873,6,1,,,,1
109.1929732,26.24925128,68.0,0.064778289,99683.73637,0.094293746,28.59895348,0.173182076,44.50539911,0.033526545,0.087449065,28.48125669,0.09897123,4,0,334.2437919,870.3211107,9.0,0
,,,160.13,99100.1,0.6869,33.63,5.42,77.37,116.0,76.41,33.21,0.6883,6,1,,,,1
,,,199.73,98950.1,0.7637,27.8,4.53,85.87,147.24,122.12,28.2,0.7832,8,1,,,,1
,,,27.03,100500.0,0.35,24.67,2.64,60.56,19.62,14.95,26.05,0.3364,1,0,,,,0
109.1929732,26.24925128,68.0,0.000564802,100249.9239,0.087362097,20.01679934,3.332657223,61.07498073,0.000383134,0.000217698,20.16354924,0.087280204,12,0,-123.8572793,-0.495373441,9.0,0
,,,16.45,101525.2,0.2395,21.52,0.48,48.87,13.69,8.35,20.28,0.2572,2,0,,,,0
,,,298.55,98414.9,0.8827,26.0,6.8,94.97,250.0,174.82,24.64,0.896,6,1,,,,1
,,,274.84,98740.8,0.9009,27.94,3.12,94.32,210.69,170.11,28.91,0.8749,1,0,,,,1
,,,21.24,100572.7,0.2953,28.47,2.86,60.33,12.96,7.41,26.77,0.3082,6,1,,,,0
,,,15.8,101029.2,0.2615,37.27,2.21,40.6,10.73,8.05,35.41,0.2455,6,1,,,,0
,,,21.3,101278.1,0.297,23.99,0.27,55.89,13.25,7.17,22.12,0.3001,12,0,,,,0
,,,1.37,102552.9,0.0995,25.86,0.0,22.54,0.94,0.74,24.34,0.0875,1,0,,,,0
,,,104.83,100455.4,0.616,25.98,5.33,78.13,63.17,42.19,27.76,0.621,8,1,,,,1
,,,182.08,99239.3,0.7114,29.01,4.58,84.54,125.42,84.88,29.73,0.7226,7,1,,,,1
,,,323.33,98288.6,0.9053,20.57,5.77,97.32,191.08,151.32,21.28,0.891,8,1,,,,1
,,,93.1,100500.0,0.6062,24.92,3.88,75.78,73.74,56.79,23.67,0.5988,6,1,,,,1
,,,27.0,100500.0,0.3219,18.34,2.48,64.42,20.0,15.0,16.38,0.3284,10,0,,,,0
,,,16.23,100999.1,0.2325,24.86,2.33,41.6,12.63,6.77,23.81,0.2433,3,0,,,,0
,,,265.87,99128.9,0.8294,31.2,7.28,88.71,185.82,124.27,31.08,0.8239,6,1,,,,1
,,,26.98,100720.6,0.3251,21.43,3.61,69.62,20.0,13.46,21.2,0.3385,1,0,,,,0
,,,8.23,102278.0,0.1594,30.3,0.48,34.16,6.84,5.55,29.9,0.1737,9,1,,,,0
,,,4.81,101678.8,0.0981,21.63,0.63,32.98,3.53,2.75,20.99,0.1138,3,0,,,,0
,,,25.94,101412.1,0.3234,24.31,0.65,56.82,13.89,10.7,24.85,0.3188,11,0,,,,0
,,,279.66,99013.2,0.8745,28.05,7.74,92.11,156.28,104.35,26.34,0.8644,8,1,,,,1
,,,5.54,102620.6,0.1246,26.15,1.04,25.3,4.12,3.33,24.27,0.118,1,0,,,,0
109.1929732,26.24925128,68.0,3.56e-05,98638.24819,0.080090345,35.89945872,3.537672319,32.9406218,0.001865749,0.000799607,37.26365081,0.080285843,5,0,-207.0181811,-0.68145959,4.0,0
,,,4.55,102257.3,0.147,29.54,0.22,24.43,3.84,2.95,31.53,0.1614,10,0,,,,0
,,,23.62,100586.9,0.2811,30.51,3.72,62.24,17.72,9.72,30.01,0.2628,12,0,,,,0
,,,316.62,98897.5,0.9006,22.94,10.56,98.89,219.89,131.37,23.0,0.8761,4,0,,,,1
,,,23.65,100767.6,0.2963,27.82,2.98,65.53,16.22,8.6,27.53,0.2848,10,0,,,,0
,,,13.07,101283.4,0.1591,37.23,3.03,46.56,7.66,6.3,36.71,0.1627,11,0,,,,0
,,,17.1,101071.6,0.267,27.06,0.59,42.99,8.71,4.46,27.33,0.2692,9,1,,,,0
,,,6.45,102207.3,0.1253,28.17,0.55,34.45,4.71,3.34,27.95,0.1334,6,1,,,,0
,,,15.61,101818.3,0.1916,21.37,1.45,47.79,12.87,7.13,22.1,0.1791,6,1,,,,0
109.1929732,26.24925128,68.0,0.088911913,99538.26851,0.117652591,30.32373904,0.962968572,57.63758978,0.078204101,0.046322872,31.6598639,0.116557295,5,0,318.1507323,0.997530077,10.0,0
,,,8.16,100981.9,0.1372,30.15,0.02,30.72,6.43,5.35,28.37,0.1321,2,0,,,,0
109.1929732,26.24925128,68.0,0.169876829,98639.67621,0.31267816,30.15089336,5.645487959,73.31908632,0.073949083,0.397135945,30.18779094,0.34160619,7,1,454.0425634,829.899349,8.0,0
,,,12.03,101783.8,0.1984,22.39,1.99,36.79,8.57,5.68,22.91,0.1875,8,1,,,,0
,,,100.15,100409.0,0.6377,28.04,3.41,77.93,79.67,57.3,28.04,0.6332,1,0,,,,1
,,,27.3,100596.7,0.3135,26.88,1.11,63.29,15.17,10.44,24.92,0.3275,2,0,,,,0
,,,230.29,99072.4,0.8069,29.77,6.3,90.3,140.12,111.55,30.72,0.7853,8,1,,,,1
109.1929732,26.24925128,68.0,0.0,99791.4373,0.097490142,18.68880295,1.246173063,31.10501875,4.1e-05,4.02e-05,20.06844762,0.10009946,2,0,483.3854963,317.5537033,8.0,0
,,,295.29,98149.7,0.8696,25.69,7.73,91.62,228.9,138.76,25.32,0.8402,6,1,,,,1
,,,254.82,99019.8,0.7948,29.76,9.75,95.09,160.36,92.11,27.78,0.7846,7,1,,,,1
,,,278.14,98763.6,0.8507,22.75,7.03,90.66,233.38,166.83,22.75,0.8609,9,1,,,,1
,,,163.9,100070.2,0.7267,26.31,6.76,87.28,125.02,82.4,25.8,0.7517,8,1,,,,1
,,,293.54,98222.3,0.8335,29.11,5.47,97.76,220.31,151.26,29.33,0.8603,7,1,,,,1
,,,8.36,101355.8,0.1572,31.83,0.67,27.9,5.95,3.18,30.38,0.1478,1,0,,,,0
,,,258.47,98231.1,0.8301,21.21,7.26,95.22,184.54,153.05,22.84,0.8291,8,1,,,,1
,,,9.3,101740.0,0.1807,18.88,1.54,29.97,7.64,4.62,18.37,0.1979,6,1,,,,0
109.1929732,26.24925128,68.0,0.000168585,98636.62612,0.082433513,35.33566081,3.958953079,33.27744393,0.000273478,0.000164459,35.02806673,0.081980409,5,0,-236.6275089,-0.407429407,2.0,0
,,,1.09,102368.2,0.1252,23.33,0.0,22.2,0.96,0.71,25.27,0.1283,8,1,,,,0
,,,198.24,99434.7,0.6798,21.92,7.58,86.1,125.01,78.6,23.63,0.6796,5,0,,,,1
,,,227.52,99031.5,0.8096,29.84,6.22,92.21,145.42,92.37,31.01,0.828,9,1,,,,1
,,,286.25,98550.4,0.8837,32.85,8.29,85.74,226.26,169.88,31.07,0.8583,8,1,,,,1
,,,301.67,98000.0,0.8365,33.55,8.69,96.48,213.57,136.24,35.39,0.8101,9,1,,,,1
,,,139.84,99901.9,0.6505,22.68,5.77,82.45,108.31,72.53,24.37,0.6439,8,1,,,,1
,,,89.96,100480.1,0.6,27.58,4.23,76.97,52.87,40.0,27.07,0.5733,7,1,,,,1
,,,259.35,98264.9,0.8204,20.0,3.31,90.52,178.52,98.26,21.1,0.8251,9,1,,,,1
,,,28.5,100568.4,0.35,19.97,1.97,66.59,15.93,11.23,18.74,0.369,12,0,,,,0
109.1929732,26.24925128,68.0,0.001490731,98858.06129,0.245904137,27.86552155,4.218481409,73.86710286,0.012901908,0.111667443,28.22878884,0.256125391,9,1,-366.5498068,-0.329560227,1.0,0
,,,2.66,101915.4,0.1302,29.1,0.91,26.99,2.01,1.28,28.74,0.1241,4,0,,,,0
109.1929732,26.24925128,68.0,0.000438778,99845.40251,0.086225276,28.46330999,1.861396458,29.65387258,0.000307241,0.001232495,26.77372802,0.087034513,3,0,435.6401164,0.996635612,0.0,1
,,,22.62,101295.7,0.2759,27.72,1.61,53.08,16.7,11.75,27.9,0.2782,7,1,,,,0
,,,1.15,102970.9,0.1015,20.55,0.0,23.36,0.96,0.75,20.43,0.1143,11,0,,,,0
109.1929732,26.24925128,68.0,0.088375801,99493.92304,0.109690068,24.20919964,1.325143284,54.32357289,0.029747303,0.064957436,23.29215561,0.112258471,3,0,-99.59692257,-0.089923457,0.0,1
,,,19.3,101077.7,0.2644,27.87,3.61,53.9,16.53,10.39,29.85,0.266,10,0,,,,0
,,,234.4,98744.9,0.7951,31.61,7.22,84.2,170.42,143.62,33.58,0.824,8,1,,,,1
,,,244.92,99098.4,0.8177,27.21,8.14,86.19,161.32,91.78,27.32,0.8402,4,0,,,,1
,,,8.77,101300.2,0.1693,24.29,1.03,33.87,4.97,3.42,24.6,0.1494,5,0,,,,0
,,,13.87,101097.9,0.2083,29.25,1.83,42.93,8.39,6.52,29.86,0.2121,1,0,,,,0
,,,13.3,101257.7,0.1762,22.42,2.23,45.18,10.79,8.42,22.69,0.1823,4,0,,,,0
109.1929732,26.24925128,68.0,0.005690948,98585.49002,0.278920525,31.28669234,3.606402132,75.16846933,0.282252659,0.180980519,31.51207309,0.229217604,7,1,-93.92868436,-0.331515376,5.0,0
109.1929732,26.24925128,68.0,0.000137016,100687.9927,0.087546211,15.39872369,1.54395548,54.55744924,8.96e-05,3.84e-05,14.70133798,0.087610341,1,0,-168.3848005,-0.163486781,0.0,1
109.1929732,26.24925128,68.0,0.013109046,100828.9379,0.118404496,17.16174777,0.235036443,55.01912726,0.008820801,0.091641364,17.18941379,0.127029082,2,0,-237.9134081,-0.214315433,0.0,1
,,,272.97,98599.5,0.8848,22.64,9.39,90.65,174.46,132.51,22.57,0.8928,6,1,,,,1
,,,26.85,101077.1,0.35,32.6,0.62,63.36,17.62,12.28,33.27,0.3654,1,0,,,,0
,,,18.47,101247.1,0.2461,36.45,1.58,48.56,10.02,7.27,36.83,0.2305,5,0,,,,0
,,,325.77,98549.6,0.95,29.91,6.49,100.0,199.91,131.97,31.28,0.9734,9,1,,,,1
,,,93.63,100500.0,0.6311,28.65,3.0,80.31,78.88,60.54,30.63,0.6542,9,1,,,,1
,,,18.07,101270.3,0.2368,25.4,1.67,50.16,11.81,7.81,23.97,0.2208,12,0,,,,0
109.1929732,26.24925128,68.0,0.0,99559.03927,0.082724172,35.26541707,2.666733652,24.06622954,0.000111284,0.00031255,35.12505538,0.082767997,5,0,87.02891328,0.112804761,0.0,1
,,,16.85,101192.9,0.2079,35.86,2.07,56.72,10.53,9.14,37.15,0.2163,1,0,,,,0
,,,127.99,99929.4,0.6892,21.61,3.0,78.12,107.2,75.38,19.92,0.6902,7,1,,,,1
,,,217.47,98900.9,0.7818,25.97,5.43,84.77,146.46,102.9,27.01,0.7751,7,1,,,,1
,,,232.68,99450.3,0.8337,21.64,4.56,87.86,135.3,83.96,19.92,0.8464,7,1,,,,1
,,,27.66,100500.0,0.333,33.32,2.19,65.01,16.61,12.81,34.88,0.3299,1,0,,,,0
109.1929732,26.24925128,68.0,0.000841595,99704.21114,0.084359044,27.6170542,0.753312266,23.79653591,0.00056982,0.000627801,27.55481641,0.084375772,4,0,199.2226353,2.448730751,5.0,0
,,,28.55,100551.9,0.35,20.56,2.69,68.63,20.0,13.41,22.11,0.3612,8,1,,,,0
,,,20.61,100582.1,0.2474,23.04,0.65,52.49,16.46,14.28,21.18,0.2573,3,0,,,,0
,,,255.88,98616.4,0.8585,32.21,7.12,96.27,216.35,133.97,31.32,0.8858,6,1,,,,1
,,,15.26,101429.9,0.2237,36.12,1.5,44.15,13.11,11.34,34.23,0.2082,11,0,,,,0
,,,17.73,101309.4,0.2315,26.25,2.1,50.32,13.78,8.46,26.27,0.2446,11,0,,,,0
,,,198.25,99196.9,0.7176,33.29,8.49,81.46,143.65,82.52,31.37,0.7276,7,1,,,,1
,,,225.04,99553.9,0.7736,20.0,5.23,88.01,136.14,87.83,21.15,0.7744,8,1,,,,1
,,,26.34,100907.4,0.3466,34.25,4.37,54.95,20.0,15.0,36.07,0.346,5,0,,,,0
109.1929732,26.24925128,68.0,0.040493484,98223.65832,0.086704877,34.89390404,3.134854401,55.66369604,0.043144634,0.064760379,35.92841068,0.091037658,7,1,458.288668,0.996861168,0.0,1
,,,254.02,98673.9,0.8435,26.45,7.26,90.34,152.19,104.11,26.64,0.8557,9,1,,,,1
,,,127.47,100015.5,0.7073,30.9,4.79,83.56,99.33,60.74,31.68,0.6979,6,1,,,,1
109.1929732,26.24925128,68.0,0.000110325,100033.021,0.085943484,22.43054394,0.622419525,40.67440778,0.000165674,0.000836549,21.92189475,0.086169345,2,0,-126.5090131,-0.49695011,7.0,0
,,,267.38,98770.6,0.8028,30.67,9.54,95.17,207.27,135.76,28.71,0.8228,7,1,,,,1
,,,26.75,101218.1,0.2976,19.75,3.38,66.52,14.15,11.35,21.24,0.2825,2,0,,,,0
109.1929732,26.24925128,68.0,0.014232663,99127.99167,0.098765906,32.94301576,4.909958091,48.82920911,0.008350981,0.004111864,33.25274951,0.096960788,5,0,-127.7477973,-0.994204311,8.0,0
,,,22.08,102027.1,0.2398,28.67,1.83,50.82,13.7,10.97,28.7,0.2546,1,0,,,,0
,,,0.23,102515.4,0.08,26.08,0.0,20.0,0.14,0.09,28.03,0.0694,4,0,,,,0
,,,176.5,99013.6,0.718,21.12,6.79,86.11,133.39,73.61,20.17,0.7396,6,1,,,,1
,,,17.64,101328.6,0.2241,21.37,2.33,47.94,14.04,7.34,22.38,0.2251,7,1,,,,0
,,,2.68,102013.5,0.1513,36.15,0.42,25.06,2.33,1.52,37.83,0.1665,12,0,,,,0
,,,159.07,99349.2,0.7266,22.46,6.09,79.47,90.02,57.33,22.5,0.7261,6,1,,,,1
,,,84.02,100484.8,0.6128,21.18,5.96,76.03,67.97,43.59,21.76,0.5835,10,0,,,,1
,,,165.63,99318.5,0.7527,26.99,3.26,81.99,97.27,78.9,26.53,0.7432,7,1,,,,1
,,,171.43,99431.2,0.7165,25.68,5.82,86.18,97.78,64.44,24.65,0.7073,7,1,,,,1
,,,8.64,101298.5,0.1729,29.34,0.23,39.9,4.97,3.75,27.65,0.1625,1,0,,,,0
,,,21.29,100954.8,0.2794,22.1,2.6,57.38,18.36,15.0,23.41,0.2957,12,0,,,,0
,,,216.09,99297.0,0.7937,23.55,8.07,92.84,146.73,84.61,25.12,0.8002,7,1,,,,1
,,,124.68,99905.9,0.6947,23.27,4.76,80.5,82.4,58.33,24.41,0.6899,7,1,,,,1
109.1929732,26.24925128,68.0,0.043264987,100736.8615,0.183944348,14.61533684,2.608556805,68.27094184,0.014421662,0.006180712,14.16073968,0.194352446,1,0,-212.2899209,-0.282631366,2.0,0
,,,11.23,102089.4,0.1977,21.12,0.88,35.87,9.01,5.59,22.88,0.1837,12,0,,,,0
109.1929732,26.24925128,68.0,0.0,100284.5247,0.08703535,21.28055226,0.659173667,40.32380217,8.36e-05,0.000447284,21.84785754,0.087092285,11,0,-183.0575444,-0.220787614,1.0,0
,,,181.58,99951.8,0.7258,20.0,5.23,87.33,107.53,61.02,18.04,0.7144,11,0,,,,1
,,,238.78,99380.2,0.8237,27.78,6.92,87.7,178.61,145.21,29.71,0.8357,7,1,,,,1
109.1929732,26.24925128,68.0,0.054553266,98740.58852,0.36857493,29.69993274,1.136332912,80.01814647,0.133839994,0.616144604,29.20244982,0.373883706,7,1,-95.54561737,-0.086876414,0.0,1
,,,4.99,102037.0,0.124,24.78,1.08,33.6,3.43,2.96,24.45,0.1417,8,1,,,,0
,,,12.07,101965.1,0.2141,37.2,1.43,38.35,7.23,5.47,37.63,0.2114,12,0,,,,0
,,,157.12,99873.4,0.7366,29.25,3.42,78.97,97.58,75.91,28.95,0.7528,4,0,,,,1
,,,194.01,99166.1,0.7639,29.09,5.55,82.69,133.14,110.85,28.52,0.7593,12,0,,,,1
,,,14.99,101133.3,0.2234,26.0,0.68,40.07,10.76,7.74,26.32,0.2147,8,1,,,,0
,,,15.53,101214.9,0.212,31.23,3.29,51.47,10.55,9.04,31.83,0.195,8,1,,,,0
,,,319.23,98472.7,0.9373,20.0,11.03,100.0,222.85,169.46,20.4,0.9464,7,1,,,,1
,,,27.03,101046.8,0.3483,19.59,2.35,67.3,17.15,10.48,19.83,0.3467,4,0,,,,0
,,,155.18,99841.6,0.7422,28.9,7.61,85.57,127.98,104.43,27.76,0.7529,9,1,,,,1
,,,280.28,98330.6,0.7864,30.25,6.71,95.71,189.73,125.32,29.77,0.7715,9,1,,,,1
,,,347.62,98282.3,0.95,23.03,6.45,100.0,233.39,166.13,22.46,0.9649,7,1,,,,1
,,,196.83,98996.5,0.7559,24.66,5.3,88.34,146.72,101.45,25.23,0.7832,8,1,,,,1
,,,12.62,101931.5,0.1993,20.12,1.89,41.24,6.83,3.44,20.88,0.217,10,0,,,,0
109.1929732,26.24925128,68.0,0.001609905,99080.6223,0.10405788,29.55618502,3.106365606,62.9478383,0.002182312,0.001724957,29.51861014,0.104777175,9,1,-205.2911219,-0.141100183,0.0,1
,,,102.21,100390.9,0.6,26.54,3.01,77.28,76.59,53.98,26.97,0.5861,6,1,,,,1
,,,95.69,100302.5,0.6477,20.0,3.05,79.21,66.8,51.35,20.88,0.6483,11,0,,,,1
,,,116.28,100011.1,0.6,34.34,3.32,75.0,86.46,63.89,34.71,0.6058,9,1,,,,1
,,,4.02,102553.4,0.1088,21.03,0.38,25.6,2.49,1.93,21.54,0.0971,2,0,,,,0
,,,7.05,102587.5,0.1212,34.49,0.59,25.3,5.83,4.06,32.5,0.1324,2,0,,,,0
,,,244.36,98794.5,0.8508,26.14,4.9,90.27,189.36,153.63,24.29,0.8379,7,1,,,,1
,,,102.03,100500.0,0.6184,31.37,3.96,75.0,86.39,52.25,30.29,0.6152,8,1,,,,1
,,,109.78,100338.1,0.6,27.17,3.84,75.0,62.41,40.0,26.34,0.6028,9,1,,,,1
,,,149.76,100017.5,0.657,20.41,4.85,86.49,93.99,74.53,19.51,0.659,6,1,,,,1
,,,177.9,99267.5,0.7158,21.82,4.34,83.84,149.83,87.15,22.07,0.701,6,1,,,,1
109.1929732,26.24925128,68.0,0.001629645,100217.3901,0.085642566,25.31366193,1.497917543,39.57451286,0.001087616,0.001015049,25.32646919,0.085490899,3,0,639.292401,0.956117996,0.0,1
,,,9.66,101347.8,0.1803,28.51,1.9,36.35,6.94,5.08,26.7,0.1873,12,0,,,,0
,,,319.16,98548.2,0.9171,22.03,7.65,95.81,212.97,166.98,23.5,0.9006,9,1,,,,1
109.1929732,26.24925128,68.0,0.0,100525.0999,0.085461059,21.72315614,2.929769055,53.65724045,0.0,0.00077323,21.3754419,0.085490056,11,0,-160.7390836,-0.401660495,6.0,0
,,,108.04,100220.4,0.6487,22.03,4.03,75.36,77.8,60.14,20.1,0.659,8,1,,,,1
,,,101.09,100389.0,0.6157,26.4,3.38,77.43,85.55,47.79,27.51,0.5976,5,0,,,,1
109.1929732,26.24925128,68.0,0.000154232,100428.7674,0.086308147,21.14893065,2.031816472,60.2619921,5.14e-05,0.000194785,21.67154796,0.086262584,12,0,-157.9512713,-0.228477876,2.0,0
109.1929732,26.24925128,68.0,0.00421319,98520.34279,0.079473168,35.63842117,4.691849326,42.49155856,0.006730288,0.002988657,36.49909044,0.079715271,6,1,486.4088442,0.996690439,0.0,1
,,,15.63,101782.0,0.2231,31.17,0.86,39.41,13.98,8.37,31.19,0.2126,8,1,,,,0
,,,263.01,98508.5,0.8656,24.03,8.74,89.82,146.54,112.77,25.89,0.8932,7,1,,,,1
,,,318.78,98328.7,0.8831,20.0,9.98,97.93,210.12,151.66,20.6,0.888,7,1,,,,1
109.1929732,26.24925128,68.0,0.01931705,99259.72862,0.08412113,31.4938635,2.35772175,14.97482197,0.006444977,0.002866335,30.01723133,0.084221557,5,0,-221.9164875,-0.174065545,0.0,1
,,,334.34,98019.5,0.94,29.09,11.59,100.0,208.42,162.08,28.15,0.9474,8,1,,,,1
,,,10.59,101490.2,0.1639,30.06,1.92,35.09,9.43,4.82,29.06,0.1589,8,1,,,,0
,,,120.36,100234.8,0.7,22.5,4.41,78.41,85.87,63.36,23.22,0.6775,8,1,,,,1
,,,243.44,99303.1,0.8709,22.46,8.77,87.11,162.52,126.83,20.51,0.8812,7,1,,,,1
,,,240.93,99103.6,0.7384,29.01,7.01,85.1,189.28,112.38,30.32,0.7432,7,1,,,,1
,,,14.76,102336.0,0.2174,33.5,2.15,44.23,11.33,8.11,32.44,0.2361,10,0,,,,0
,,,1.65,102227.2,0.095,36.67,0.61,20.6,0.98,0.54,35.94,0.1093,1,0,,,,0
,,,23.19,101291.1,0.3165,29.42,1.52,59.47,12.74,8.55,30.06,0.3206,3,0,,,,0
,,,311.03,98225.0,0.9,28.35,7.62,96.31,198.37,154.06,28.21,0.8847,6,1,,,,1
,,,29.2,101192.5,0.348,21.81,1.99,64.47,19.25,15.0,22.99,0.3549,11,0,,,,0
,,,15.36,101893.1,0.2057,30.77,1.73,48.31,11.34,6.42,31.11,0.1875,5,0,,,,0
109.1929732,26.24925128,68.0,0.007750781,98850.24532,0.079919138,33.72344022,5.397387235,51.68066197,0.00291974,0.001270597,33.84781702,0.079875479,6,1,406.6022243,0.998132683,0.0,1
,,,296.22,98184.9,0.8192,22.62,8.44,96.32,239.22,155.14,22.88,0.8232,9,1,,,,1
,,,136.92,100080.2,0.7047,24.45,3.64,79.8,105.94,63.37,24.13,0.7347,2,0,,,,1
,,,167.09,99326.2,0.7053,27.31,3.84,85.74,124.19,80.54,27.88,0.6771,6,1,,,,1
,,,336.12,98418.9,0.9012,27.17,6.25,100.0,250.0,159.62,26.59,0.8783,6,1,,,,1
,,,6.89,102073.0,0.1529,22.95,0.51,34.87,6.1,5.29,21.44,0.1652,7,1,,,,0
,,,268.67,98809.1,0.8224,26.1,6.35,89.45,153.11,110.12,24.55,0.8052,8,1,,,,1
109.1929732,26.24925128,68.0,2.63e-05,100079.6935,0.084409226,27.43034082,2.312699435,19.36834333,1.25e-05,0.000731505,27.23124154,0.084426814,3,0,-176.0710266,-0.406161947,3.0,0
,,,13.6,102064.3,0.2298,33.47,2.72,43.09,8.45,6.19,33.08,0.2419,11,0,,,,0
,,,342.97,98000.0,0.9314,30.32,6.98,100.0,245.42,152.98,29.35,0.9544,6,1,,,,1
,,,14.6,101696.1,0.2236,28.9,3.02,46.95,12.55,9.83,27.26,0.2336,7,1,,,,0
,,,23.81,100968.7,0.2937,31.54,0.33,64.47,20.0,14.87,32.96,0.304,6,1,,,,0
,,,13.32,101311.7,0.1551,32.58,2.41,43.81,7.38,4.99,31.67,0.1575,10,0,,,,0
,,,303.19,98932.2,0.8925,25.54,4.8,100.0,245.13,170.72,25.71,0.8918,7,1,,,,1
109.1929732,26.24925128,68.0,0.0,99404.20504,0.089168989,29.29871675,0.780003856,35.18067621,0.000344422,0.015676894,28.81263866,0.091751448,4,0,-178.1333063,-0.173902258,0.0,1
,,,192.17,99945.9,0.7132,29.61,6.38,84.25,143.14,118.7,29.72,0.7242,7,1,,,,1
,,,309.13,98608.6,0.9078,20.0,5.08,97.7,225.54,140.3,18.86,0.8847,8,1,,,,1
,,,0.54,102604.5,0.08,32.52,0.1,20.0,0.4,0.35,32.03,0.0744,6,1,,,,0
,,,27.18,100905.3,0.339,18.35,2.39,59.62,20.0,14.04,20.05,0.3408,4,0,,,,0
109.1929732,26.24925128,68.0,0.00075485,100001.8985,0.084850884,28.09358606,0.641959103,28.99496855,0.000522605,0.001642386,28.20792434,0.084896888,3,0,188.7256864,2.260681346,5.0,0
,,,95.23,100500.0,0.6327,26.64,3.0,75.0,67.85,46.38,27.75,0.6533,7,1,,,,1
,,,13.99,101494.3,0.2003,33.95,0.55,44.83,11.74,7.75,35.39,0.1872,5,0,,,,0
,,,235.2,98553.9,0.8028,29.99,6.78,86.44,179.89,138.43,28.96,0.8128,6,1,,,,1
109.1929732,26.24925128,68.0,0.000176277,100546.2274,0.08760662,24.15609001,1.187292058,60.41862778,0.000638853,0.015222686,24.35023159,0.087738779,11,0,-183.4026757,-0.220219457,1.0,0
,,,156.25,99558.7,0.6991,24.35,6.39,84.85,131.95,93.36,23.77,0.6844,9,1,,,,1
109.1929732,26.24925128,68.0,6.04e-05,100512.2006,0.089762551,17.13332901,0.548015686,52.02415377,0.000105609,0.001084938,16.1506461,0.090236181,2,0,-298.9418559,-0.287751528,1.0,0
109.1929732,26.24925128,68.0,0.0,100042.4244,0.085683136,27.8408078,1.549201083,56.21589515,0.0,0.000219213,27.86881234,0.085692192,11,0,294.3693824,0.674659749,4.0,0
,,,13.59,102448.3,0.2051,18.16,1.44,41.43,9.01,5.15,18.29,0.1982,1,0,,,,0
109.1929732,26.24925128,68.0,0.0,100559.9237,0.09323958,18.51344987,0.678643228,45.05811124,0.002922751,0.001622143,18.16497065,0.094438097,2,0,-231.8831935,-0.403640115,2.0,0
,,,27.81,100871.2,0.3185,35.18,1.92,64.6,20.0,15.0,34.06,0.3161,4,0,,,,0
109.1929732,26.24925128,68.0,0.850102285,98561.55076,0.41414522,27.90415959,4.458608908,86.20880668,0.928726583,0.412119357,28.76759903,0.361328698,7,1,-227.2777499,-0.420493589,2.0,0
,,,21.26,101261.7,0.2745,30.21,2.12,60.21,17.06,15.0,32.19,0.273,9,1,,,,0
109.1929732,26.24925128,68.0,0.001211716,100114.1824,0.08511993,28.10567829,2.95574524,28.50915038,0.000403905,0.000188911,27.53416331,0.085188709,4,0,-179.2759346,-0.648606519,4.0,0
,,,107.33,100261.7,0.6384,22.69,3.0,77.6,75.15,44.68,21.06,0.6245,9,1,,,,1
,,,166.31,99233.5,0.7264,22.11,6.21,86.03,94.18,59.13,20.45,0.7146,8,1,,,,1
,,,91.78,100333.5,0.6,32.74,3.47,75.0,52.79,40.0,31.17,0.5704,8,1,,,,1
,,,322.05,98000.0,0.932,29.95,8.48,100.0,207.53,149.84,28.67,0.9405,8,1,,,,1
,,,318.8,98678.7,0.95,28.1,8.05,95.95,186.51,156.2,29.57,0.9542,7,1,,,,1
,,,241.33,99391.9,0.8405,30.43,8.12,85.8,185.64,135.81,29.86,0.8192,7,1,,,,1
,,,123.66,99718.6,0.6846,21.39,3.61,76.82,68.23,57.17,20.51,0.7023,9,1,,,,1
,,,28.99,101095.3,0.3432,22.37,2.85,66.03,20.0,12.18,22.03,0.3601,4,0,,,,0
,,,104.47,99845.3,0.6474,31.03,3.35,76.1,86.54,50.49,32.45,0.6399,7,1,,,,1
,,,25.14,100975.7,0.3035,26.46,2.25,64.9,20.0,15.0,27.29,0.3001,12,0,,,,0
,,,19.3,100935.7,0.2437,18.29,2.2,50.48,10.71,8.77,16.53,0.2473,11,0,,,,0
,,,5.17,102507.3,0.124,26.91,0.69,31.74,4.05,3.46,26.75,0.1253,9,1,,,,0
,,,106.06,100150.9,0.6828,30.73,3.0,78.02,84.52,61.35,30.09,0.6656,4,0,,,,1
109.1929732,26.24925128,68.0,0.007352202,98946.39791,0.143188711,30.70906779,2.28706356,61.45891823,0.021756434,0.075813578,31.07196253,0.15585507,9,1,-347.2209225,-0.481871467,2.0,0
,,,2.25,102353.3,0.1123,25.38,0.0,25.93,1.42,0.8,23.41,0.1047,11,0,,,,0
,,,4.88,102640.5,0.1265,27.35,0.0,24.46,4.17,2.1,28.31,0.1303,9,1,,,,0
,,,347.43,98074.6,0.9499,21.58,9.9,96.2,244.75,180.0,19.79,0.959,9,1,,,,1
,,,9.65,102188.2,0.1744,23.59,0.68,37.59,6.41,4.06,25.05,0.192,1,0,,,,0
,,,248.39,99248.9,0.787,26.81,8.31,92.34,181.86,100.06,27.92,0.8121,6,1,,,,1
,,,15.64,101827.3,0.2245,22.19,0.62,49.55,11.67,8.32,23.6,0.2332,7,1,,,,0
,,,14.91,101069.5,0.1945,29.25,1.13,48.9,7.9,5.81,29.01,0.1747,1,0,,,,0
,,,102.1,100500.0,0.6152,20.64,3.29,76.12,84.1,47.46,20.44,0.6176,2,0,,,,1
,,,209.97,98749.8,0.7594,28.25,6.75,91.63,148.36,122.0,27.6,0.7617,12,0,,,,1
,,,6.11,101428.0,0.1402,36.67,1.57,26.46,3.48,2.12,38.25,0.16,2,0,,,,0
,,,12.63,102083.2,0.2055,25.62,3.05,40.48,8.16,7.2,26.21,0.2029,11,0,,,,0
,,,125.53,100392.3,0.6987,29.83,3.0,80.32,97.34,57.21,29.65,0.7036,6,1,,,,1
,,,21.49,101317.1,0.2709,21.09,1.05,54.95,17.86,10.94,21.25,0.2697,8,1,,,,0
,,,326.7,98000.0,0.95,25.84,5.28,99.13,201.51,125.48,25.38,0.9711,6,1,,,,1
109.1929732,26.24925128,68.0,7.82e-06,100078.4467,0.087694978,20.28776901,1.219339175,46.40736853,6.43e-05,4.61e-05,20.45018513,0.087919612,2,0,-133.8329213,-0.331568333,6.0,0
,,,138.06,99878.1,0.721,34.35,4.14,79.43,96.87,65.18,36.02,0.7293,9,1,,,,1
109.1929732,26.24925128,68.0,0.0,100408.4906,0.085788063,19.6484257,2.017836586,51.18993065,8.32e-06,4.33e-06,19.78881268,0.085908105,12,0,-69.6005198,-0.497861053,11.0,0
109.1929732,26.24925128,68.0,1.241188541,98656.24292,0.337454144,29.8730667,1.746214125,81.56434271,0.47097655,0.41997429,31.01904796,0.267625232,7,1,-120.1447754,-0.332955437,5.0,0
109.1929732,26.24925128,68.0,0.000346988,99496.35176,0.086494169,23.77568083,3.523836188,39.97661967,0.001712511,0.000782789,23.86190399,0.086818216,2,0,-209.5601786,-0.393934257,3.0,0
109.1929732,26.24925128,68.0,0.0,100195.5339,0.085876005,24.57994359,0.72275904,55.69208942,0.001234599,0.000656203,24.26666827,0.085904677,11,0,-157.0218929,-0.395547095,7.0,0
,,,3.34,103000.0,0.088,21.11,0.36,27.86,2.43,1.46,21.45,0.0712,6,1,,,,0
,,,14.17,101027.8,0.2123,28.66,1.67,41.97,12.56,8.42,27.79,0.2241,8,1,,,,0
,,,293.64,98685.7,0.8963,27.23,8.82,93.6,229.74,180.0,28.42,0.8855,7,1,,,,1
109.1929732,26.24925128,68.0,6.41e-05,99853.50396,0.084820834,30.5694032,3.048760619,50.44505437,4.27e-05,3.43e-05,30.38804505,0.084812993,10,0,113.1480556,0.177838527,2.0,0
109.1929732,26.24925128,68.0,0.000240289,100013.5965,0.086895866,26.964054,1.395917891,57.95351417,0.000127376,8.26e-05,27.03912153,0.086842184,11,0,-194.6328289,-0.636929921,4.0,0
,,,84.14,100500.0,0.6071,20.51,3.0,75.0,69.0,56.18,20.77,0.5836,8,1,,,,1
,,,337.14,98000.0,0.881,20.02,10.17,92.66,202.42,138.36,18.34,0.8841,8,1,,,,1
,,,18.56,101186.3,0.2328,30.78,2.53,50.26,11.58,6.19,31.13,0.2514,4,0,,,,0
,,,282.64,98411.9,0.8173,24.4,10.62,91.3,224.98,162.48,22.7,0.7875,12,0,,,,1
109.1929732,26.24925128,68.0,0.00014082,99253.01181,0.080841108,33.84643418,1.845099038,39.51021548,0.000558305,0.001554752,33.35883291,0.080815482,6,1,328.8783759,2.345523793,4.0,0
,,,250.97,98874.3,0.8207,23.01,8.34,85.11,165.96,131.18,22.66,0.8165,9,1,,,,1
,,,25.89,100745.1,0.284,26.92,0.27,69.59,15.92,11.12,28.29,0.2823,1,0,,,,0
109.1929732,26.24925128,68.0,0.104552721,98571.3545,0.086911475,34.15931313,4.634467551,51.39408339,0.03675828,0.016007069,34.12032575,0.087645605,6,1,-232.2486867,-0.18701213,0.0,1
,,,11.68,101652.6,0.207,32.57,1.34,39.1,9.08,4.81,32.86,0.2139,12,0,,,,0
,,,1.61,102326.5,0.103,20.87,1.33,20.4,1.04,0.84,22.18,0.123,10,0,,,,0
,,,23.93,100500.0,0.3025,35.01,2.96,60.21,16.45,10.92,33.58,0.2943,12,0,,,,0
109.1929732,26.24925128,68.0,0.0,100159.2786,0.085641554,28.32662495,0.867588896,49.45453243,0.0,9.47e-05,28.50656694,0.085672783,11,0,-71.56865319,-0.954564379,11.0,0
,,,192.9,99917.2,0.7274,33.37,6.31,88.59,157.89,129.46,33.21,0.7017,8,1,,,,1
,,,1.58,102913.6,0.1167,30.76,0.0,27.94,1.11,0.7,30.82,0.1016,2,0,,,,0
,,,12.47,101485.5,0.2088,29.29,1.54,40.3,7.89,5.62,27.41,0.1902,2,0,,,,0
,,,26.37,100500.0,0.3217,28.53,4.33,64.56,20.0,15.0,26.67,0.3076,11,0,,,,0
,,,157.2,99867.0,0.6821,21.9,3.33,85.62,125.22,74.67,22.16,0.7022,5,0,,,,1
,,,10.5,101321.4,0.1559,30.6,0.96,35.51,5.78,3.34,32.07,0.1502,5,0,,,,0
,,,147.45,99778.6,0.6815,31.3,3.0,80.74,86.26,64.3,32.45,0.6731,8,1,,,,1
109.1929732,26.24925128,68.0,0.000987837,98447.15171,0.095356008,31.41879176,4.249458582,60.15496767,0.00072998,0.000478408,31.22008154,0.096101552,8,1,50.88819137,0.059497555,0.0,1
,,,179.26,99382.2,0.7694,27.14,3.0,86.35,145.95,93.73,26.82,0.7617,7,1,,,,1
,,,9.82,101270.4,0.1419,24.98,1.17,35.89,5.02,2.9,26.36,0.1369,3,0,,,,0
,,,265.0,98612.8,0.792,30.38,9.48,90.33,216.16,130.28,31.66,0.8004,9,1,,,,1
109.1929732,26.24925128,68.0,0.000447868,100607.6221,0.087374347,16.9765707,0.249085019,59.11077811,0.000449276,0.000230934,16.53457019,0.08743134,1,0,-171.4898028,-0.220337595,1.0,0
,,,87.51,100179.7,0.6127,32.51,3.0,77.74,65.85,40.38,32.25,0.6112,7,1,,,,1
,,,267.23,98716.7,0.8662,21.25,6.3,94.28,197.98,112.7,21.03,0.8716,1,0,,,,1
,,,236.39,98552.9,0.7337,33.36,7.94,92.09,132.13,78.36,34.28,0.7618,9,1,,,,1
109.1929732,26.24925128,68.0,0.00053087,98964.39192,0.085534188,30.53836545,3.372272995,57.45020493,0.000615578,0.00226226,30.23174806,0.085573803,9,1,-280.3981156,-0.177079149,0.0,1
,,,13.12,101455.5,0.1878,26.89,2.03,38.9,10.74,7.08,25.43,0.1825,9,1,,,,0
109.1929732,26.24925128,68.0,0.396243632,98692.19383,0.339956464,28.66191648,4.398035482,79.38627084,0.59074518,0.614709057,28.43586826,0.359498447,8,1,-134.2640189,-0.14602805,0.0,1
109.1929732,26.24925128,68.0,0.000134985,100639.5491,0.087775761,16.71212559,0.625040886,50.78715822,0.000203987,0.002868376,16.42900713,0.087848987,1,0,301.1873389,4.096582681,5.0,0
109.1929732,26.24925128,68.0,0.002808783,100478.3637,0.085759133,17.39801771,1.007933852,61.74003775,0.00117193,0.000545077,16.77628953,0.085835577,1,0,7.557324963,0.091594782,5.0,0
,,,20.55,100840.9,0.275,32.07,3.44,56.01,17.35,8.69,30.58,0.278,3,0,,,,0
,,,26.42,100787.5,0.3494,28.59,3.84,60.95,20.0,15.0,28.57,0.35,8,1,,,,0
,,,271.37,98517.0,0.82,29.45,8.79,93.52,189.68,104.78,29.28,0.8263,9,1,,,,1
,,,171.68,99381.8,0.7139,20.0,3.99,90.18,133.16,86.83,19.66,0.7333,6,1,,,,1
,,,0.25,102934.9,0.1037,37.06,0.0,24.65,0.17,0.1,37.49,0.1168,3,0,,,,0
,,,6.4,102135.0,0.1477,31.51,1.83,22.4,3.33,1.88,30.2,0.1406,11,0,,,,0
,,,14.32,101497.1,0.2251,29.82,0.81,38.72,8.09,5.41,29.87,0.2069,5,0,,,,0
,,,25.89,100582.2,0.2767,23.97,2.91,67.5,17.38,9.28,23.77,0.2826,6,1,,,,0
,,,225.33,99833.3,0.7509,29.25,7.37,80.18,167.53,132.26,28.7,0.7767,9,1,,,,1
,,,11.12,101628.3,0.172,25.3,1.31,34.07,8.63,6.34,25.06,0.1737,8,1,,,,0
,,,291.88,98904.4,0.8736,21.11,6.55,93.42,243.77,138.94,19.66,0.8773,12,0,,,,1
,,,292.07,98582.2,0.9036,28.42,7.17,97.34,246.06,180.0,29.96,0.8822,10,0,,,,1
,,,127.83,100367.1,0.6605,29.87,3.76,76.52,103.99,68.39,28.96,0.6852,6,1,,,,1
,,,29.76,100500.0,0.3262,20.3,4.81,65.73,19.82,9.93,18.54,0.3109,10,0,,,,0
,,,25.65,100500.0,0.2942,36.53,1.49,65.81,15.06,8.57,37.3,0.2899,11,0,,,,0
,,,289.88,98180.0,0.8488,28.07,7.06,94.97,161.92,89.28,26.35,0.8686,6,1,,,,1
,,,148.0,100111.2,0.6877,24.68,3.53,81.05,97.86,70.85,23.43,0.6985,6,1,,,,1
,,,13.12,101933.4,0.2054,30.12,0.57,42.06,9.58,7.74,29.31,0.2011,9,1,,,,0
,,,10.87,101836.2,0.202,22.69,0.48,33.49,5.94,4.65,22.64,0.1902,7,1,,,,0
,,,29.93,100500.0,0.3255,34.44,5.0,63.95,17.57,9.81,35.12,0.3445,12,0,,,,0
,,,15.29,100666.8,0.2063,21.4,1.76,41.56,8.81,4.8,22.88,0.2092,6,1,,,,0
,,,222.33,99492.1,0.7628,29.79,3.63,89.27,135.21,105.59,30.21,0.7791,8,1,,,,1
,,,339.08,98000.0,0.8864,24.83,4.8,95.24,250.0,159.61,23.89,0.8714,10,0,,,,1
,,,102.39,100268.1,0.6412,30.07,3.52,75.71,58.78,41.45,31.7,0.6275,7,1,,,,1
,,,29.58,101302.9,0.3484,25.47,2.52,62.77,15.13,10.07,23.66,0.3507,8,1,,,,0
,,,156.7,99840.7,0.6826,31.83,7.42,82.69,92.85,62.92,32.18,0.6725,10,0,,,,1
,,,22.4,101167.9,0.2543,29.19,2.39,61.94,14.93,11.04,28.06,0.2454,11,0,,,,0
109.1929732,26.24925128,68.0,0.008768254,100180.4218,0.095255205,17.51421292,1.374391074,68.15092615,0.003755936,0.001622143,18.08273938,0.094176465,2,0,-231.8831935,-0.223341189,0.0,1
,,,28.16,100500.0,0.3008,26.26,3.0,69.75,20.0,15.0,24.89,0.3001,1,0,,,,0
,,,5.44,102340.7,0.159,28.0,0.04,28.45,4.36,2.3,29.55,0.1546,11,0,,,,0
109.1929732,26.24925128,68.0,0.291599028,98923.33092,0.172750224,30.7521712,1.81911187,68.89419509,0.13402384,0.08067804,31.4831518,0.16763733,9,1,-347.2209225,-0.197034932,0.0,1
,,,156.67,100206.4,0.6282,30.61,4.22,78.49,110.94,91.78,30.51,0.6232,9,1,,,,1
109.1929732,26.24925128,68.0,0.0,98173.52298,0.08098353,35.64509163,4.112153921,32.09923797,0.0,6.89e-05,35.36020297,0.081098049,5,0,466.4345417,424.2495469,8.0,0
,,,346.31,98145.1,0.95,32.27,8.73,95.03,240.36,142.64,33.44,0.9324,7,1,,,,1
,,,1.86,102334.2,0.08,37.95,0.0,21.32,1.58,1.31,36.23,0.0842,7,1,,,,0
,,,23.8,100997.6,0.2984,35.99,2.88,60.09,13.68,11.72,34.14,0.2804,3,0,,,,0
,,,239.91,98459.1,0.7667,31.61,6.55,96.85,134.79,85.18,31.91,0.771,7,1,,,,1
,,,3.66,102622.7,0.1383,18.53,0.03,33.02,1.85,1.21,18.95,0.1321,9,1,,,,0
,,,90.38,100492.6,0.6276,24.53,3.22,76.35,52.93,40.0,23.03,0.6017,7,1,,,,1
,,,101.08,100392.2,0.6251,27.73,3.0,80.67,80.84,53.16,28.74,0.6186,4,0,,,,1
,,,145.74,100260.0,0.6961,25.68,5.11,80.66,110.93,65.1,25.29,0.7003,12,0,,,,1
,,,177.92,99746.5,0.7149,25.62,4.7,87.03,144.34,80.55,24.85,0.7441,8,1,,,,1
,,,1.8,102349.9,0.1049,26.44,0.18,32.22,0.91,0.59,26.38,0.1084,2,0,,,,0
,,,203.96,99200.6,0.7415,28.8,7.04,91.31,137.56,75.72,27.16,0.7541,9,1,,,,1
,,,8.98,101515.8,0.1751,28.39,1.16,37.26,7.04,4.87,26.56,0.1951,5,0,,,,0
109.1929732,26.24925128,68.0,0.0,99583.96211,0.085147827,29.41126495,1.987965499,35.88223771,0.0,0.000194357,29.29979933,0.085407147,3,0,-134.0792553,-0.145935075,0.0,1
,,,242.06,99120.8,0.7885,24.17,5.65,89.73,151.57,100.17,26.12,0.8175,7,1,,,,1
,,,270.4,98951.0,0.8077,28.19,6.71,92.52,206.34,125.66,26.56,0.8044,8,1,,,,1
109.1929732,26.24925128,68.0,0.001435779,98849.42996,0.085129717,31.21882298,3.967862681,56.40256489,0.000986406,0.001113159,31.99145807,0.08507596,9,1,-116.3491427,-0.48654659,7.0,0
109.1929732,26.24925128,68.0,0.000331789,99472.83116,0.088785317,23.36719509,5.309771472,48.25318207,0.000221193,0.00270548,23.0015883,0.089071854,2,0,458.862079,0.675981065,0.0,1
,,,17.28,101134.8,0.2207,28.61,1.23,49.23,9.74,6.23,28.39,0.2297,8,1,,,,0
109.1929732,26.24925128,68.0,0.0,100233.4029,0.087258659,18.75706879,0.198532761,51.01333744,6.33e-05,0.000328628,18.80520037,0.08731928,12,0,-154.5988595,-0.156423012,0.0,1
,,,265.43,98456.6,0.8243,25.67,5.86,86.6,160.89,125.77,25.15,0.8334,4,0,,,,1
109.1929732,26.24925128,68.0,0.0,99995.04693,0.085695181,28.14166478,1.235433963,58.67532538,0.0,0.0,28.45982203,0.085653538,11,0,314.3045464,0.989277854,13.0,0
,,,25.38,100707.8,0.2711,26.68,1.89,64.94,18.06,15.0,28.62,0.281,1,0,,,,0
,,,14.91,101205.5,0.249,19.96,1.3,36.87,11.62,9.6,20.51,0.2471,9,1,,,,0
,,,18.06,101369.6,0.236,27.1,0.0,55.18,12.54,6.68,25.25,0.2411,11,0,,,,0
,,,23.76,100878.1,0.2927,28.18,3.2,67.21,13.17,9.14,27.14,0.2965,9,1,,,,0
,,,136.53,100288.6,0.643,33.49,4.85,82.86,105.28,81.68,32.11,0.6533,6,1,,,,1
,,,325.16,98293.0,0.8868,31.48,6.5,97.8,188.68,156.89,29.71,0.9047,7,1,,,,1
,,,314.91,98555.6,0.8823,22.87,8.84,96.23,208.02,143.42,23.1,0.862,8,1,,,,1
,,,23.79,101853.4,0.291,18.28,3.73,55.3,12.26,8.41,18.75,0.2737,6,1,,,,0
,,,148.23,99845.9,0.6852,27.7,3.56,81.45,123.36,83.22,29.29,0.6591,8,1,,,,1
109.1929732,26.24925128,68.0,0.0,99542.90733,0.084413446,31.81583427,3.278793662,14.75308261,0.0,0.0,30.71420944,0.084475436,3,0,-198.9997758,-0.187673814,0.0,1
,,,14.01,100841.8,0.2345,24.84,2.64,39.29,10.84,7.58,24.89,0.2205,9,1,,,,0
109.1929732,26.24925128,68.0,0.0,100821.5122,0.086479461,18.26805785,2.339869899,36.39633652,0.0,0.000149345,19.69802642,0.086595548,2,0,-242.320438,-0.149904486,0.0,1
,,,25.87,100760.9,0.3067,33.29,4.46,55.03,18.46,12.69,32.08,0.2891,9,1,,,,0
,,,215.15,99154.4,0.7405,22.54,6.18,85.64,174.38,141.68,23.0,0.7559,1,0,,,,1
,,,213.48,99078.1,0.7543,33.81,7.34,88.03,159.72,89.29,31.96,0.762,9,1,,,,1
,,,0.97,102393.0,0.0873,23.07,0.0,22.1,0.76,0.57,23.78,0.1072,8,1,,,,0
,,,101.83,100390.5,0.6197,28.85,5.36,75.98,61.68,49.84,29.94,0.6351,9,1,,,,1
,,,5.64,101857.9,0.1252,21.9,0.78,25.38,5.04,3.58,22.07,0.1124,10,0,,,,0
,,,153.98,100071.7,0.6923,34.27,3.1,82.45,124.6,87.81,35.11,0.6704,9,1,,,,1
,,,7.77,102435.5,0.1475,34.88,0.6,38.41,5.29,3.96,32.96,0.1289,11,0,,,,0
,,,207.92,99095.6,0.7855,25.31,7.35,88.67,123.93,98.55,24.87,0.7739,9,1,,,,1
109.1929732,26.24925128,68.0,3.69e-05,100339.4849,0.086483088,14.80294538,2.467943432,50.0767983,2.85e-05,3.33e-05,15.00361011,0.0864685,12,0,128.9649896,1.622370096,5.0,0
109.1929732,26.24925128,68.0,0.009675118,100059.6707,0.084965358,26.77718561,1.124204083,26.56622637,0.010891628,0.004900647,27.12295552,0.085039013,3,0,-179.6217787,-0.283903312,2.0,0
,,,12.94,102007.1,0.2091,34.58,1.56,44.2,11.63,5.85,34.99,0.211,6,1,,,,0
,,,144.57,99552.2,0.6819,20.85,4.89,84.12,121.27,83.95,22.17,0.6559,8,1,,,,1
,,,7.3,102591.8,0.1421,36.21,0.4,33.01,6.03,4.97,36.16,0.1371,3,0,,,,0
,,,2.84,102630.1,0.0949,36.03,0.0,29.95,1.81,1.58,37.77,0.0866,6,1,,,,0
109.1929732,26.24925128,68.0,9.05e-05,98527.5496,0.082240215,37.4073567,5.028112043,15.68743599,6.04e-05,4.4e-05,37.36821531,0.082328748,5,0,82.26646813,0.089825311,0.0,1
,,,144.15,99900.9,0.6852,28.32,4.94,76.49,106.16,81.97,27.09,0.6952,7,1,,,,1
,,,220.61,99260.0,0.8354,30.12,7.67,94.45,131.95,78.17,32.01,0.8189,11,0,,,,1
,,,288.77,98000.0,0.865,28.28,8.61,98.01,244.1,147.73,29.74,0.8672,7,1,,,,1
,,,10.02,102096.0,0.198,25.0,0.45,41.02,8.84,6.28,24.6,0.2064,8,1,,,,0
,,,29.3,100542.4,0.3274,21.7,4.6,62.7,20.0,14.02,21.07,0.3338,6,1,,,,0
,,,8.44,102666.2,0.1611,22.0,0.71,38.3,6.84,5.82,22.28,0.1429,1,0,,,,0
,,,143.31,99607.6,0.6652,31.09,4.3,80.82,90.55,60.4,29.22,0.6563,9,1,,,,1
,,,11.24,101474.2,0.1703,19.08,0.68,38.09,6.74,4.8,17.12,0.1506,1,0,,,,0
,,,347.61,98000.0,0.8476,29.64,6.18,98.25,248.39,179.44,29.28,0.8715,8,1,,,,1
,,,116.95,100039.7,0.6487,26.01,3.0,82.61,92.11,62.51,24.28,0.6316,7,1,,,,1
,,,17.73,101270.5,0.2937,28.99,2.22,47.53,11.75,8.2,30.17,0.2892,8,1,,,,0
,,,22.16,100984.2,0.2694,27.77,1.26,58.32,13.61,11.87,26.18,0.2873,8,1,,,,0
109.1929732,26.24925128,68.0,0.000876276,98633.80497,0.081699826,38.26435145,2.195083842,24.22767445,0.001560669,0.001528069,37.98362196,0.081956673,5,0,387.3586995,363.9394221,9.0,0
,,,20.63,101227.3,0.2213,34.36,2.63,51.87,15.77,13.05,35.98,0.2258,12,0,,,,0
,,,19.08,100530.4,0.2311,20.53,0.69,53.86,16.76,10.83,22.19,0.2284,11,0,,,,0
,,,0.0,102620.4,0.1064,34.01,0.07,20.83,0.0,0.0,34.47,0.1028,4,0,,,,0
,,,256.11,98833.3,0.903,31.4,8.78,87.12,178.33,101.26,30.36,0.8758,11,0,,,,1
,,,13.77,101806.3,0.217,33.81,2.26,32.97,7.38,4.1,33.4,0.2053,2,0,,,,0
,,,128.42,100164.4,0.6145,26.78,3.78,80.4,92.62,69.22,26.15,0.5942,9,1,,,,1
,,,212.35,98668.4,0.766,27.14,4.75,86.58,130.0,89.38,25.72,0.738,7,1,,,,1
,,,349.57,98332.5,0.8797,26.71,10.05,100.0,216.73,179.56,24.91,0.8946,3,0,,,,1
,,,14.39,100999.9,0.1869,27.1,0.47,47.73,9.39,5.16,26.16,0.1725,6,1,,,,0
,,,343.14,98210.6,0.95,30.62,10.15,96.97,209.79,126.17,30.03,0.9691,9,1,,,,1
109.1929732,26.24925128,68.0,0.0,100287.0911,0.086099311,20.99785922,0.610724469,45.77777557,0.0,0.00010035,19.58165259,0.086291273,2,0,-242.320438,-0.21409084,0.0,1
,,,29.92,100503.1,0.35,24.63,0.98,59.13,20.0,10.65,23.04,0.3667,9,1,,,,0
,,,159.63,99487.9,0.7062,34.56,4.48,85.62,132.96,90.28,33.18,0.6967,8,1,,,,1
,,,21.06,101847.3,0.2955,20.92,2.09,59.59,15.13,12.82,20.73,0.3123,4,0,,,,0
,,,210.88,99017.7,0.7606,24.31,4.78,85.08,151.0,104.76,23.32,0.754,6,1,,,,1
109.1929732,26.24925128,68.0,0.000493046,99406.49439,0.084340507,28.58999042,1.951496626,30.94617859,0.000725412,0.000507238,27.94136627,0.084352865,4,0,-92.87560972,-0.331012766,6.0,0
,,,236.4,99049.6,0.8074,32.39,6.79,82.48,132.97,101.46,30.91,0.7836,8,1,,,,1
,,,27.65,101473.1,0.3387,22.39,4.56,63.66,20.0,12.22,20.68,0.3495,9,1,,,,0
,,,153.69,99464.5,0.6766,33.57,3.48,81.58,130.5,75.48,35.08,0.698,8,1,,,,1
,,,80.67,100143.2,0.6,21.49,3.12,75.22,50.0,40.0,21.64,0.5712,8,1,,,,1
109.1929732,26.24925128,68.0,0.0,99452.55214,0.083119578,33.98239007,1.68256839,35.71031216,0.00017909,0.000129349,33.34546435,0.083158616,5,0,576.6476593,0.719819953,0.0,1
,,,272.08,98466.0,0.832,23.89,4.37,96.03,229.7,138.7,25.23,0.8614,11,0,,,,1
,,,7.01,102244.0,0.1293,29.27,0.43,28.21,5.44,3.49,30.77,0.1146,5,0,,,,0
,,,23.79,101264.3,0.2948,26.85,4.26,56.59,14.14,8.74,26.89,0.2826,6,1,,,,0
,,,21.99,101633.0,0.2772,18.98,1.62,53.63,11.79,10.51,19.15,0.2727,3,0,,,,0
,,,16.3,101100.1,0.2098,32.46,2.18,45.58,8.56,6.75,30.85,0.1922,3,0,,,,0
,,,9.48,102599.2,0.1802,21.37,0.2,40.99,6.13,3.46,22.98,0.1619,12,0,,,,0
,,,156.86,99947.5,0.6855,25.7,8.19,81.6,104.3,58.87,24.9,0.6933,9,1,,,,1
,,,229.39,98780.6,0.7937,23.66,5.95,91.97,139.66,90.33,21.89,0.8205,10,0,,,,1
109.1929732,26.24925128,68.0,0.000279405,100431.3158,0.085837394,20.70097639,0.500843555,48.55506399,0.00018627,0.000178728,20.37719723,0.085872803,2,0,491.2686408,0.556749567,0.0,1
,,,237.47,99172.4,0.8174,27.44,8.98,91.04,164.48,139.21,25.53,0.8316,9,1,,,,1
,,,262.6,98921.5,0.8471,22.87,5.48,93.46,152.63,96.62,22.26,0.8383,8,1,,,,1
,,,27.28,100500.0,0.35,33.16,3.89,68.48,20.0,12.68,31.66,0.3525,1,0,,,,0
,,,204.39,99238.7,0.7677,27.13,5.46,93.11,158.87,129.6,28.45,0.7417,8,1,,,,1
,,,14.77,101681.0,0.2374,32.38,0.76,47.74,12.07,10.37,33.59,0.2518,12,0,,,,0
,,,23.39,101147.2,0.2887,27.04,2.69,53.96,13.48,10.8,28.51,0.2871,4,0,,,,0
,,,231.97,99108.0,0.8097,24.73,8.65,87.22,173.18,133.43,23.85,0.7827,7,1,,,,1
,,,302.77,98603.7,0.9185,26.4,8.14,92.91,220.46,130.54,27.95,0.9272,8,1,,,,1
109.1929732,26.24925128,68.0,0.0,98852.05627,0.080609426,33.82935243,1.246231143,28.71564149,0.0,4.85e-05,34.94460976,0.08073739,5,0,-224.7398687,-0.143336415,0.0,1
,,,12.75,101429.9,0.206,37.45,1.02,41.87,8.43,5.58,38.9,0.1971,3,0,,,,0
,,,19.07,101630.2,0.2705,34.25,2.8,47.84,11.83,6.58,33.84,0.2605,12,0,,,,0
,,,347.88,98055.9,0.942,22.2,10.7,97.77,250.0,178.94,23.08,0.9402,8,1,,,,1
,,,7.03,102874.3,0.1216,34.18,0.45,25.27,5.54,4.07,35.22,0.1156,6,1,,,,0
,,,1.58,102016.2,0.1178,36.02,1.14,26.51,1.42,1.03,37.69,0.0988,12,0,,,,0
109.1929732,26.24925128,68.0,6.04e-05,100396.6454,0.119498307,14.65701954,0.555800223,54.96182642,2.01e-05,8.62e-06,14.17740946,0.123320981,1,0,-280.1818491,-0.314830132,1.0,0
,,,22.56,101087.4,0.251,37.88,0.49,55.85,17.1,10.39,37.14,0.2496,5,0,,,,0
,,,1.85,102066.0,0.1108,31.0,0.0,25.06,1.6,1.27,31.18,0.1231,10,0,,,,0
,,,15.86,100862.8,0.2219,24.23,1.21,54.39,11.48,8.5,26.21,0.2211,7,1,,,,0
109.1929732,26.24925128,68.0,0.0,98664.08457,0.082110346,34.3466225,5.792034138,31.87982407,6.04e-05,3.52e-05,36.38711197,0.082196925,5,0,-220.4805147,-0.220896687,0.0,1
,,,18.33,101238.9,0.2168,19.89,2.52,54.06,13.06,7.74,20.23,0.2322,12,0,,,,0
,,,19.6,101637.4,0.2696,18.39,0.94,50.14,16.98,8.5,18.05,0.2888,3,0,,,,0
,,,337.24,98000.0,0.95,33.26,10.92,98.26,240.75,152.89,34.23,0.9217,7,1,,,,1
,,,173.8,99657.7,0.784,23.34,3.0,84.35,140.71,100.87,22.26,0.76,6,1,,,,1
,,,10.82,101003.3,0.1466,18.3,0.66,37.72,9.31,6.62,18.33,0.1466,11,0,,,,0
,,,13.24,102006.7,0.2133,24.84,1.11,46.09,6.89,5.25,26.33,0.23,11,0,,,,0
109.1929732,26.24925128,68.0,0.001723503,98796.91268,0.183685488,31.0480469,2.150151982,70.64711895,0.001719079,0.00469332,30.90872529,0.194969818,8,1,-136.9607228,-0.326884558,7.0,0
109.1929732,26.24925128,68.0,0.00063732,99497.35055,0.084609942,31.34195081,2.039506016,27.39821959,0.000395835,0.001543085,30.94417654,0.084834036,4,0,-110.5783322,-0.991218037,8.0,0
,,,18.14,101197.2,0.2598,26.47,1.18,50.19,10.08,8.12,26.86,0.2452,2,0,,,,0
109.1929732,26.24925128,68.0,0.022473536,99937.37411,0.09728051,29.02778796,2.13623545,48.17728797,0.081274105,0.078213437,27.1387877,0.103741177,4,0,-92.25780188,-0.995854503,8.0,0
,,,19.91,101020.9,0.2451,34.74,2.96,57.47,14.12,11.71,34.97,0.2382,6,1,,,,0
,,,21.38,101001.1,0.2948,24.57,1.24,61.15,14.44,8.42,22.72,0.2771,2,0,,,,0
,,,185.01,99467.4,0.7284,34.31,3.89,87.99,127.33,93.56,34.35,0.7035,4,0,,,,1
,,,8.23,102551.9,0.1468,28.7,1.58,39.06,6.19,4.55,28.5,0.1406,11,0,,,,0
,,,14.41,101117.9,0.1911,21.61,0.5,39.38,9.02,8.03,20.72,0.2039,7,1,,,,0
,,,286.95,98444.9,0.8614,34.12,7.18,95.44,194.31,154.26,33.76,0.8328,10,0,,,,1
,,,181.85,99451.2,0.7443,32.19,8.04,88.92,118.34,86.82,31.6,0.7597,9,1,,,,1
,,,301.34,98501.7,0.8657,30.96,6.53,99.5,231.01,143.62,31.89,0.8728,9,1,,,,1
,,,243.83,99073.8,0.7885,22.38,4.78,89.98,143.2,89.2,22.62,0.7859,9,1,,,,1
,,,124.95,100397.9,0.6754,25.65,4.04,78.87,76.18,48.09,23.98,0.6668,6,1,,,,1
,,,21.8,100807.4,0.2768,22.33,1.0,53.85,11.33,5.67,23.92,0.2715,9,1,,,,0
,,,157.23,99488.6,0.749,29.63,4.27,81.33,107.7,70.97,30.49,0.7289,8,1,,,,1
,,,8.19,102333.0,0.1709,19.29,1.36,30.7,7.3,4.94,20.5,0.1596,10,0,,,,0
,,,247.61,99095.2,0.8497,23.18,6.48,89.53,138.87,84.03,24.69,0.8583,6,1,,,,1
,,,138.9,99993.3,0.6712,23.27,3.3,84.37,85.79,47.55,25.1,0.6666,1,0,,,,1
,,,293.34,98558.0,0.897,34.23,10.02,94.91,179.38,120.92,33.45,0.9004,8,1,,,,1
,,,210.08,99290.8,0.7196,20.0,4.38,83.84,129.1,93.4,18.62,0.7148,8,1,,,,1
109.1929732,26.24925128,68.0,6.93e-05,99830.97685,0.088320294,20.54218961,2.319228856,57.21245481,2.31e-05,6.38e-05,19.30819682,0.088735471,2,0,-178.1491213,-0.395254224,3.0,0
109.1929732,26.24925128,68.0,0.0,100085.157,0.087162477,18.86241161,0.845663014,51.24581577,0.0,0.000134264,18.82729734,0.087194538,12,0,139.1167944,0.204842401,0.0,1
,,,27.44,100951.5,0.3459,23.76,1.73,63.45,16.08,13.52,25.41,0.3431,6,1,,,,0
,,,239.62,99007.0,0.8537,27.82,4.59,91.53,165.0,132.64,28.13,0.8603,6,1,,,,1
,,,23.63,101410.7,0.3204,27.31,2.62,54.34,14.22,10.69,28.25,0.3385,1,0,,,,0
,,,1.06,102646.2,0.0904,34.4,0.0,20.61,0.55,0.31,35.56,0.0918,1,0,,,,0
109.1929732,26.24925128,68.0,0.00483251,99834.85387,0.090210293,23.93683711,2.136259625,34.26873278,0.004439422,0.019209731,23.53550895,0.09185754,3,0,-222.8525245,-0.403669314,2.0,0
109.1929732,26.24925128,68.0,0.0,98903.38643,0.088990766,30.91101757,2.445188125,57.68047657,1.49e-06,0.00051021,30.78656748,0.089663726,8,1,-133.7604136,-0.326903078,6.0,0
,,,336.64,98704.5,0.95,21.66,6.85,100.0,250.0,180.0,20.41,0.9603,6,1,,,,1
,,,29.05,100500.0,0.3305,22.46,2.07,65.98,16.94,10.13,21.46,0.3375,12,0,,,,0
,,,87.24,100213.4,0.6,22.88,3.0,75.0,72.73,40.38,21.13,0.594,3,0,,,,1
,,,206.94,99230.0,0.7912,27.47,3.76,90.4,133.0,105.55,26.85,0.8005,7,1,,,,1
,,,136.56,100103.4,0.6592,27.61,7.83,81.61,115.73,73.71,26.52,0.6517,7,1,,,,1
,,,21.82,101350.8,0.266,33.32,2.93,60.15,17.28,10.87,32.05,0.2506,4,0,,,,0
,,,238.4,99149.0,0.8014,20.47,8.05,91.51,156.89,98.51,18.9,0.8187,9,1,,,,1
,,,14.72,101437.0,0.2277,35.8,0.62,48.05,13.1,8.43,37.6,0.2298,12,0,,,,0
,,,334.19,98000.0,0.9287,21.93,5.4,100.0,249.03,170.86,22.49,0.9074,7,1,,,,1
,,,137.66,100125.2,0.708,22.55,3.0,82.5,97.04,68.23,22.34,0.7032,9,1,,,,1
,,,14.38,101155.7,0.2026,26.62,1.7,46.35,8.91,6.89,26.34,0.2124,12,0,,,,0
109.1929732,26.24925128,68.0,0.002158512,98476.97681,0.087761379,30.26291256,5.322693266,59.38057691,0.000902794,0.000757169,30.92479346,0.088664347,8,1,-205.2219673,-0.135196457,0.0,1
,,,85.66,100353.8,0.6355,30.86,4.24,75.0,50.23,40.0,29.5,0.6513,7,1,,,,1
109.1929732,26.24925128,68.0,0.000125138,100654.1027,0.085326092,23.91291897,2.51549963,53.62036579,0.000231612,0.000735557,23.448531,0.085349114,3,0,-125.8606804,-0.497388366,7.0,0
,,,275.39,98359.0,0.795,23.58,7.78,92.4,225.41,177.84,24.13,0.8054,7,1,,,,1
,,,24.31,100768.5,0.2793,26.01,3.56,55.36,14.33,8.42,24.97,0.2701,5,0,,,,0
109.1929732,26.24925128,68.0,8.94e-05,99564.52484,0.084866417,31.47680831,1.438355045,27.91555897,5.44e-05,0.005996706,30.69583123,0.085346744,4,0,-226.1037142,-0.164129782,0.0,1
,,,13.78,101613.8,0.177,28.53,0.95,40.15,7.58,3.94,30.24,0.183,8,1,,,,0
,,,18.9,101055.2,0.2351,22.35,2.51,51.02,10.59,9.13,20.56,0.2415,1,0,,,,0
,,,13.47,101896.1,0.1815,25.23,2.22,36.07,9.65,7.73,23.87,0.188,4,0,,,,0
,,,16.27,102302.4,0.2139,37.46,1.33,47.51,11.28,5.71,38.22,0.2196,4,0,,,,0
,,,265.85,98518.1,0.8487,33.39,6.62,95.21,206.72,171.88,32.35,0.8345,8,1,,,,1
,,,21.65,101187.8,0.2793,18.18,2.31,56.96,14.39,7.21,19.61,0.2927,12,0,,,,0
,,,108.21,100174.2,0.6312,24.4,3.0,81.16,71.09,50.89,23.44,0.6258,8,1,,,,1
,,,94.64,100036.0,0.6558,21.37,3.0,77.24,53.42,40.0,23.31,0.6619,8,1,,,,1
,,,27.55,100500.0,0.3119,30.23,1.36,67.07,20.0,14.62,30.9,0.2978,12,0,,,,0
,,,90.17,100500.0,0.6,34.69,3.0,75.0,66.73,47.44,36.15,0.5728,3,0,,,,1
,,,308.6,98023.8,0.8583,30.8,6.01,95.14,250.0,152.31,30.17,0.8332,6,1,,,,1
,,,228.43,98959.5,0.8209,23.23,7.06,92.67,186.54,145.88,23.87,0.791,9,1,,,,1
,,,5.17,102125.9,0.0923,35.37,1.41,32.71,2.89,2.08,36.17,0.1026,8,1,,,,0
,,,25.08,101109.8,0.2972,30.06,2.91,69.66,18.9,15.0,29.79,0.3078,7,1,,,,0
,,,88.97,100500.0,0.6294,26.63,3.0,79.28,58.87,46.63,27.83,0.6393,8,1,,,,1
,,,2.14,102303.4,0.0906,26.97,0.43,22.44,1.22,0.79,25.2,0.0765,12,0,,,,0
,,,4.91,102190.9,0.1028,36.45,0.25,26.45,3.19,2.51,37.78,0.0924,2,0,,,,0
,,,17.92,101288.4,0.2301,33.6,3.28,53.6,9.21,7.6,35.45,0.2145,12,0,,,,0
,,,271.1,98348.0,0.9043,21.1,6.7,89.47,161.51,109.97,22.71,0.9013,11,0,,,,1
,,,330.28,98560.5,0.95,28.68,11.79,92.91,250.0,180.0,27.83,0.9314,6,1,,,,1
,,,27.3,100739.6,0.3229,18.9,2.42,59.14,17.91,9.8,19.83,0.3069,6,1,,,,0
109.1929732,26.24925128,68.0,0.020824181,98235.06704,0.084253107,35.38717131,0.82636865,53.45618105,0.007126174,0.003488997,34.75541904,0.084180424,7,1,-128.0850644,-0.333199187,5.0,0
,,,24.34,101170.4,0.2792,28.83,2.99,66.21,20.0,11.13,29.52,0.2812,11,0,,,,0
,,,245.42,99038.0,0.8423,32.81,5.48,84.69,151.54,105.87,32.25,0.8263,6,1,,,,1
109.1929732,26.24925128,68.0,0.00047878,100206.2445,0.087250168,23.1498583,0.617127138,59.83069777,0.000238572,0.0004955,22.97580277,0.087241073,11,0,295.8254151,82.83885429,9.0,0
,,,4.94,102062.7,0.1241,18.83,0.98,29.16,3.67,3.07,17.76,0.1379,4,0,,,,0
109.1929732,26.24925128,68.0,0.000425814,99225.53503,0.084167383,34.29565405,2.492680791,24.30139816,0.015429165,0.006612499,34.02267424,0.084170553,5,0,319.6840529,3.097165735,4.0,0
,,,18.25,101103.0,0.2395,35.24,1.39,55.58,12.63,8.08,35.91,0.2371,1,0,,,,0
,,,139.77,99675.7,0.7069,30.12,6.92,75.0,107.3,63.46,29.27,0.7,10,0,,,,1
,,,120.79,99644.0,0.6093,30.69,4.92,76.58,90.24,71.29,30.72,0.6312,7,1,,,,1
,,,302.72,98611.5,0.8832,22.63,6.96,97.6,181.65,145.67,21.35,0.8963,10,0,,,,1
,,,217.23,98966.3,0.8141,28.91,5.8,89.64,170.99,141.16,27.39,0.8004,8,1,,,,1
,,,293.0,98697.3,0.8668,27.32,6.33,97.32,222.16,180.0,28.0,0.8815,9,1,,,,1
,,,14.29,101449.2,0.2359,18.28,0.73,46.38,7.18,4.79,17.77,0.2227,9,1,,,,0
,,,23.53,100798.7,0.3198,37.53,1.37,63.51,14.73,9.4,36.23,0.3331,2,0,,,,0
,,,6.37,102782.0,0.1283,31.64,0.21,28.08,4.2,2.44,31.18,0.1473,6,1,,,,0
,,,203.28,99029.2,0.785,26.22,7.3,86.67,132.28,89.2,26.38,0.8118,3,0,,,,1
,,,228.64,99444.8,0.759,26.06,4.52,89.64,166.63,127.52,27.25,0.771,8,1,,,,1
109.1929732,26.24925128,68.0,5.09e-05,99684.65108,0.085578615,26.83550564,1.392245708,40.49985569,2.23e-05,5.22e-05,27.31994106,0.085787073,4,0,-179.2759346,-0.220178632,1.0,0
109.1929732,26.24925128,68.0,0.0,100373.0191,0.085533889,20.99247069,1.772743219,46.94932541,0.001804203,0.000776423,21.34519031,0.085572089,11,0,-160.7390836,-0.222733777,4.0,0
,,,193.65,99606.9,0.7886,33.07,4.23,84.94,125.79,71.55,32.13,0.7702,12,0,,,,1
,,,24.58,101117.6,0.3018,34.17,2.12,56.25,20.0,15.0,33.56,0.3049,12,0,,,,0
,,,2.99,102040.9,0.1243,24.01,0.0,28.36,1.91,1.16,24.83,0.1079,10,0,,,,0
109.1929732,26.24925128,68.0,0.003147659,100562.7765,0.085213233,24.9568908,1.790820641,45.23130671,0.001090933,0.001182065,24.11381359,0.085307175,3,0,-125.8606804,-0.989607746,8.0,0
,,,2.7,102434.7,0.0967,22.92,0.44,24.87,2.39,1.84,23.39,0.0795,3,0,,,,0
,,,300.84,98193.8,0.9301,29.64,8.52,94.4,177.86,126.07,29.48,0.909,9,1,,,,1
,,,23.65,101691.3,0.3103,24.68,1.75,62.18,13.11,11.5,23.36,0.2931,3,0,,,,0
,,,22.32,100677.2,0.2722,34.66,1.25,51.74,18.23,13.73,34.72,0.2636,2,0,,,,0
,,,161.43,100112.9,0.658,28.57,5.12,81.49,134.2,108.03,30.0,0.6818,6,1,,,,1
109.1929732,26.24925128,68.0,0.004435838,99170.73011,0.093994177,31.65559768,2.5136821,63.13077011,0.004393368,0.05320855,31.40325663,0.096017382,9,1,230.0413332,1.786715052,5.0,0
,,,107.41,100013.1,0.6639,23.6,4.16,75.33,64.82,50.51,22.68,0.6895,6,1,,,,1
,,,16.32,101487.1,0.2439,23.67,1.75,49.8,14.03,10.38,23.82,0.2607,6,1,,,,0
,,,329.53,98497.3,0.8804,29.07,11.0,100.0,187.12,138.41,30.41,0.8518,9,1,,,,1
,,,0.55,102327.1,0.0848,23.22,0.64,20.0,0.35,0.3,25.21,0.1026,1,0,,,,0
109.1929732,26.24925128,68.0,0.000699964,99509.56442,0.084129406,30.95235359,1.599603304,25.18585347,0.003729665,0.004813773,31.68894916,0.08420969,4,0,-197.9627118,-0.232124408,1.0,0
109.1929732,26.24925128,68.0,0.000268948,100690.8254,0.086933468,12.04357608,1.523957503,37.05896491,8.96e-05,0.000216685,12.20431977,0.086893105,1,0,-133.8295902,-0.331647873,6.0,0
,,,28.08,100500.0,0.35,22.89,2.12,60.48,20.0,11.59,22.5,0.3685,2,0,,,,0
,,,28.15,100500.0,0.35,29.55,3.0,68.12,20.0,14.95,28.61,0.3562,3,0,,,,0
,,,10.03,101276.9,0.1739,20.49,1.63,36.66,7.98,4.4,20.18,0.1596,7,1,,,,0
,,,250.86,98207.1,0.7762,26.68,8.78,91.9,180.92,124.97,26.87,0.7974,9,1,,,,1
,,,208.8,99142.0,0.7203,28.98,3.99,84.43,122.6,69.03,28.28,0.7128,7,1,,,,1
,,,26.07,100576.5,0.296,27.0,2.34,65.59,16.77,8.93,28.77,0.2806,6,1,,,,0
109.1929732,26.24925128,68.0,0.000349999,100064.4118,0.087254577,19.2073715,2.85264028,55.25205389,0.000415949,0.000280934,17.49917071,0.08736292,1,0,-171.4898028,-0.282606412,2.0,0
,,,6.1,103000.0,0.1402,21.86,0.95,29.9,5.17,2.61,19.92,0.1465,4,0,,,,0
,,,202.2,99198.6,0.759,32.41,4.82,85.26,121.44,97.34,34.02,0.7364,7,1,,,,1
,,,90.76,100284.5,0.6,34.11,3.0,75.0,61.83,40.75,35.65,0.6121,9,1,,,,1
109.1929732,26.24925128,68.0,0.448852272,98354.60152,0.24959917,30.2645434,3.323718991,76.15679343,0.155309773,0.246008834,31.03500583,0.252731758,8,1,-93.92868436,-0.983814928,7.0,0
109.1929732,26.24925128,68.0,0.675104451,98770.49358,0.416937835,27.50825284,3.229620038,88.89352942,0.733437062,0.592489453,27.64022175,0.416006963,7,1,308.3255992,3.587400762,4.0,0
,,,127.16,100009.2,0.6731,27.78,3.0,80.46,74.7,49.03,26.05,0.6721,6,1,,,,1
,,,309.53,98946.9,0.8875,26.72,6.29,94.58,183.51,115.97,24.87,0.8796,9,1,,,,1
,,,3.28,102617.4,0.1241,32.95,0.57,22.5,2.06,1.85,32.5,0.1298,7,1,,,,0
,,,344.35,98471.9,0.9493,22.41,5.2,96.04,214.22,151.25,22.3,0.9753,9,1,,,,1
,,,27.27,100500.0,0.3207,24.4,4.56,60.0,19.4,15.0,23.19,0.3236,11,0,,,,0
,,,124.33,100292.7,0.6563,23.21,3.77,79.8,79.04,52.58,24.63,0.6625,7,1,,,,1
,,,18.04,101189.4,0.2321,32.22,2.11,47.16,12.73,8.4,30.41,0.2515,1,0,,,,0
,,,21.94,101324.3,0.2782,21.72,3.71,59.67,13.99,11.23,21.93,0.2592,11,0,,,,0
,,,25.4,100500.0,0.3379,34.67,2.94,66.16,16.53,9.14,33.97,0.3574,9,1,,,,0
,,,6.32,102347.8,0.1347,33.73,0.0,24.58,5.44,2.75,32.44,0.1323,4,0,,,,0
109.1929732,26.24925128,68.0,0.06996203,98256.56496,0.080098715,33.9757721,3.565248024,54.14719313,0.05903238,0.027672779,34.61923841,0.079670663,7,1,-245.7396588,-0.223732163,0.0,1
109.1929732,26.24925128,68.0,0.098348671,99187.39026,0.295685951,29.7787349,1.098746843,72.88700082,0.042980555,0.101640525,29.20460639,0.318330419,9,1,-176.6501926,-0.220774527,1.0,0
,,,215.84,99252.2,0.8173,23.22,8.54,86.79,180.54,131.35,23.64,0.7949,8,1,,,,1
109.1929732,26.24925128,68.0,0.0,100654.5598,0.204971739,13.85334201,2.003695935,69.77053687,0.0,0.0,13.96045703,0.208881072,1,0,580.6283002,1.516867782,0.0,1
,,,291.97,99032.9,0.8873,33.4,9.0,97.85,230.35,180.0,33.47,0.8713,6,1,,,,1
,,,10.79,101276.2,0.2017,27.91,1.08,36.2,6.95,4.74,26.44,0.1884,8,1,,,,0
,,,19.34,101734.2,0.2377,33.97,1.61,49.98,12.07,9.23,32.29,0.2488,5,0,,,,0
,,,254.59,98662.2,0.8129,20.64,7.12,93.1,165.02,137.23,21.93,0.7997,6,1,,,,1
,,,101.55,100500.0,0.6305,25.07,4.24,75.94,68.5,46.11,26.5,0.6588,7,1,,,,1
,,,10.29,101639.7,0.1604,26.16,1.19,32.6,7.6,5.16,25.07,0.1617,9,1,,,,0
,,,100.69,100193.1,0.6497,26.03,4.85,75.0,81.54,64.92,24.58,0.669,9,1,,,,1
,,,268.09,98924.8,0.8945,25.86,4.99,89.98,191.73,123.54,26.23,0.8661,6,1,,,,1
,,,23.94,100646.7,0.2961,19.52,3.11,61.87,12.01,9.29,18.09,0.2811,6,1,,,,0
,,,94.97,99850.2,0.6345,25.51,4.56,81.07,80.49,61.66,26.47,0.6288,8,1,,,,1
,,,16.55,101456.7,0.2401,20.84,2.42,45.72,9.2,7.39,21.02,0.2342,9,1,,,,0
,,,24.91,101998.3,0.2511,19.87,3.61,56.19,15.3,12.42,20.66,0.2388,8,1,,,,0
,,,255.69,98565.4,0.9025,22.19,6.92,91.16,200.17,134.05,22.56,0.8869,6,1,,,,1
109.1929732,26.24925128,68.0,0.126367321,100324.0121,0.088970673,21.50030853,0.829263753,42.37784308,0.047536617,0.02291754,21.16460933,0.087226003,3,0,-112.5320918,-0.496903909,7.0,0
,,,113.36,99897.2,0.6287,23.13,5.27,81.05,66.37,40.0,22.22,0.6279,9,1,,,,1
,,,10.41,101741.0,0.1675,26.65,2.17,38.25,7.06,6.07,25.75,0.1618,1,0,,,,0
109.1929732,26.24925128,68.0,0.022999764,100068.3806,0.085019079,27.60960441,2.203548482,21.56635691,0.007666588,0.003751293,27.1912525,0.085094762,3,0,-179.6217787,-0.22112515,1.0,0
,,,7.41,101864.5,0.1455,36.34,0.29,29.87,5.79,4.5,35.81,0.144,1,0,,,,0
,,,20.88,101625.5,0.2744,25.02,2.63,48.65,18.5,13.46,23.53,0.2807,10,0,,,,0
,,,214.35,99567.2,0.8012,33.0,4.99,89.06,136.01,92.99,31.71,0.7796,8,1,,,,1
,,,161.57,99840.8,0.7501,30.04,3.6,82.97,129.49,77.93,29.94,0.7288,8,1,,,,1
,,,14.38,102087.4,0.1908,23.42,2.35,43.05,9.47,6.87,24.05,0.1752,8,1,,,,0
109.1929732,26.24925128,68.0,0.000181055,100101.793,0.085874087,24.02650013,0.918761279,62.51026952,0.000120703,0.000707933,24.21098128,0.085874726,11,0,107.8644547,1.300666116,9.0,0
109.1929732,26.24925128,68.0,0.002072854,99049.45413,0.09588153,31.9979246,2.426120729,58.94148687,0.00219252,0.001971541,32.07108329,0.096478113,9,1,180.4243562,0.331156069,3.0,0
,,,278.45,98256.4,0.8555,25.93,7.5,95.13,182.32,131.6,27.08,0.8758,6,1,,,,1
,,,94.11,100168.9,0.6192,32.23,3.0,75.0,74.29,52.51,33.35,0.6417,7,1,,,,1
109.1929732,26.24925128,68.0,0.0,99102.43612,0.084694858,29.62911915,1.810470146,30.34518478,0.000513406,0.000220031,29.83597504,0.084773236,3,0,-223.9171881,-0.670877627,3.0,0
,,,115.34,100500.0,0.6627,21.73,3.0,78.56,70.37,53.1,21.9,0.6782,1,0,,,,1
,,,98.89,100354.6,0.6307,25.79,3.0,75.59,74.19,52.5,26.56,0.6417,8,1,,,,1
,,,22.76,100819.7,0.2997,26.97,1.0,63.24,16.36,9.41,27.48,0.3072,9,1,,,,0
,,,253.05,98427.9,0.8127,24.69,7.27,88.88,169.8,107.81,26.64,0.7931,9,1,,,,1
109.1929732,26.24925128,68.0,0.0,99934.32011,0.086160883,29.43391035,0.279273139,44.15527484,0.0,7.41e-05,29.42978304,0.08617424,10,0,135.7893322,1.205775877,8.0,0
109.1929732,26.24925128,68.0,0.000425814,99225.53503,0.084167383,34.29565405,2.492680791,24.30139816,0.015287227,0.006687359,33.47300876,0.084151692,5,0,-233.5881046,-0.693538277,3.0,0
,,,310.99,98783.9,0.8799,31.54,5.79,96.45,179.34,151.13,31.15,0.8649,9,1,,,,1
,,,184.41,99550.5,0.7507,34.37,4.01,81.13,116.98,64.36,32.51,0.7667,8,1,,,,1
,,,128.62,99482.6,0.6979,32.29,4.78,82.87,97.42,71.21,33.94,0.6684,7,1,,,,1
,,,25.13,100500.0,0.3073,33.04,1.64,56.6,20.0,14.91,34.26,0.3219,2,0,,,,0
,,,1.32,102365.5,0.0819,23.6,1.41,23.36,0.75,0.38,22.77,0.065,12,0,,,,0
,,,22.21,100667.0,0.2636,30.63,3.67,59.31,17.86,13.34,30.56,0.2511,7,1,,,,0
,,,302.77,98000.0,0.9165,22.24,7.8,100.0,250.0,180.0,21.47,0.9418,9,1,,,,1
109.1929732,26.24925128,68.0,0.0,98643.16228,0.088348587,33.8121306,4.492808771,50.05947346,0.000618697,0.003778031,33.97313821,0.089050795,7,1,340.191943,3.82106022,7.0,0
109.1929732,26.24925128,68.0,0.0,100359.0081,0.087524186,19.96033581,0.248126995,55.6607145,2.46e-05,1.11e-05,19.35894054,0.087517026,12,0,-163.7271927,-0.398475439,5.0,0
,,,17.8,102226.7,0.2187,36.18,1.13,54.16,14.01,10.23,37.19,0.2168,7,1,,,,0
109.1929732,26.24925128,68.0,0.339941534,98895.69326,0.40496808,28.42025189,0.222958934,86.3425207,0.931190866,1.08935801,28.1355653,0.408581075,7,1,-97.38498259,-0.332855992,6.0,0
,,,29.23,100500.0,0.3329,29.13,5.0,70.0,17.56,13.01,30.37,0.3449,1,0,,,,0
,,,310.67,98167.8,0.8593,23.06,9.55,93.99,209.03,170.54,21.91,0.8834,8,1,,,,1
,,,18.91,101217.5,0.2662,19.59,2.06,50.54,16.04,12.55,21.21,0.26,12,0,,,,0
109.1929732,26.24925128,68.0,0.001316729,99484.0435,0.082986239,34.39274753,1.700218051,31.85415273,0.00043891,0.000305251,34.11917589,0.083075132,5,0,-202.0823856,-0.146675921,0.0,1
109.1929732,26.24925128,68.0,0.006777723,100457.0116,0.087319608,15.5691955,1.337457486,58.73457005,0.003093815,0.001406921,16.05365673,0.087254703,12,0,333.4888213,0.995038004,10.0,0
,,,195.92,99440.0,0.7343,21.03,6.41,85.57,137.23,96.03,19.25,0.7265,9,1,,,,1
,,,105.5,100261.2,0.6,29.58,3.0,77.35,74.15,46.41,30.58,0.5772,11,0,,,,1
,,,172.93,98948.4,0.7246,28.52,7.77,83.48,99.65,59.85,26.98,0.7261,7,1,,,,1
109.1929732,26.24925128,68.0,0.002155803,99399.86823,0.088807669,29.48385398,2.836327822,28.84565566,0.023656454,0.014373612,29.59718848,0.088983801,4,0,341.5548927,3.723753771,5.0,0
,,,27.05,100545.5,0.2718,31.69,3.01,70.0,20.0,13.38,32.39,0.2813,7,1,,,,0
,,,171.93,100076.5,0.7004,30.19,4.66,84.06,94.97,61.96,31.51,0.7201,9,1,,,,1
,,,15.79,101426.0,0.2181,22.83,0.75,49.63,12.38,8.9,22.59,0.1993,7,1,,,,0
109.1929732,26.24925128,68.0,0.000206295,98867.95614,0.086531637,33.43118897,2.686520355,26.74031774,0.000194025,0.000423435,33.08348165,0.087265054,4,0,467.0792279,256.647683,8.0,0
109.1929732,26.24925128,68.0,0.002899964,100266.976,0.08611338,23.11641758,1.81451552,34.23431601,0.000966655,0.020643727,22.92141471,0.086568704,3,0,-74.9485503,-0.083796588,0.0,1
109.1929732,26.24925128,68.0,0.000775322,99654.62074,0.088188292,30.12679276,1.301026825,48.28238139,0.000842368,0.001066495,30.44311542,0.088325244,10,0,-149.2558878,-0.553329727,7.0,0
,,,21.07,100853.9,0.2601,36.52,3.04,60.89,16.07,11.56,35.97,0.2732,5,0,,,,0
,,,2.79,102548.5,0.1008,25.5,0.74,24.69,2.5,1.77,25.7,0.0847,5,0,,,,0
109.1929732,26.24925128,68.0,0.002597386,98943.48562,0.099102107,32.88338423,4.694570061,46.54457347,0.00422083,0.002091879,33.97336131,0.093917463,5,0,-127.7477973,-0.498546867,7.0,0
,,,337.83,98030.6,0.95,28.59,6.52,100.0,246.2,165.37,27.61,0.9791,7,1,,,,1
,,,13.43,101644.0,0.1849,18.22,2.55,39.53,10.13,7.83,18.36,0.1694,11,0,,,,0
,,,265.79,99435.3,0.8699,24.05,5.14,93.97,202.3,115.13,25.65,0.8978,9,1,,,,1
,,,14.19,101881.0,0.2161,31.29,0.54,43.25,7.68,6.32,30.72,0.2308,3,0,,,,0
109.1929732,26.24925128,68.0,0.143878733,99573.58856,0.093625055,29.07080753,1.995548216,49.5352906,0.10118095,0.044980106,29.9337634,0.090449978,4,0,216.178071,3.545101097,5.0,0
,,,191.76,99076.2,0.7163,21.81,4.88,83.22,154.16,86.6,20.88,0.7074,9,1,,,,1
,,,223.45,99130.0,0.8382,24.56,8.82,86.22,152.81,117.35,26.22,0.8368,6,1,,,,1
109.1929732,26.24925128,68.0,0.002001541,98988.64274,0.085970332,31.07920935,2.676635103,59.28551095,0.001428153,0.001515525,30.9616288,0.086047698,8,1,214.5090807,1.123961349,5.0,0
,,,347.86,98000.0,0.9161,31.07,11.08,100.0,196.06,117.96,29.58,0.8996,11,0,,,,1
,,,1.71,102602.0,0.138,32.87,0.59,20.0,1.43,1.03,31.54,0.1452,10,0,,,,0
,,,14.5,101152.6,0.1908,25.16,2.69,49.58,8.34,5.0,26.21,0.1717,12,0,,,,0
,,,3.91,101706.4,0.1018,24.83,0.0,28.25,2.46,1.45,23.11,0.0921,12,0,,,,0
109.1929732,26.24925128,68.0,0.0,99427.72758,0.084972115,29.99163526,2.025999248,37.99862741,0.0,0.000125365,29.60472172,0.085089256,3,0,-223.9171881,-0.222688145,0.0,1
,,,142.05,99931.8,0.7418,24.1,3.0,85.49,83.37,69.33,22.76,0.7523,6,1,,,,1
,,,12.54,101255.9,0.1943,28.63,1.42,50.31,6.37,3.83,28.43,0.1855,8,1,,,,0
,,,27.44,100838.9,0.35,34.5,0.87,63.78,20.0,15.0,32.83,0.343,3,0,,,,0
109.1929732,26.24925128,68.0,0.091574213,100313.3358,0.092313633,20.81820653,3.898885647,56.83253696,0.11562902,0.049851895,21.24937375,0.090247702,11,0,339.9408094,0.626794148,0.0,1
,,,199.87,99297.0,0.7812,26.23,5.44,86.36,159.47,99.27,26.36,0.7973,7,1,,,,1
109.1929732,26.24925128,68.0,0.00027717,97838.91613,0.084144083,34.43954291,5.572943084,54.4114237,0.000942418,0.000542407,34.8220137,0.084373547,7,1,-230.5504001,-0.727296855,3.0,0
,,,158.03,99255.1,0.6826,25.57,3.88,82.72,111.82,91.6,25.99,0.6914,6,1,,,,1
,,,212.18,99859.6,0.8218,30.91,5.92,90.05,177.03,112.52,31.53,0.8131,9,1,,,,1
,,,18.58,100500.0,0.2399,18.35,1.68,55.26,13.56,8.98,17.63,0.2307,8,1,,,,0
,,,106.24,100500.0,0.62,29.59,3.36,77.89,62.1,50.66,30.47,0.606,6,1,,,,1
109.1929732,26.24925128,68.0,0.00188878,99077.38818,0.08537057,30.74895129,1.983492824,58.06474536,0.001025861,0.00238005,30.45525204,0.085499456,9,1,-280.3981156,-0.215183694,0.0,1
,,,270.04,98204.2,0.8123,21.56,6.37,88.71,217.74,126.79,20.4,0.8038,1,0,,,,1
109.1929732,26.24925128,68.0,0.000514737,100521.6277,0.086997784,14.482067,0.879996504,49.28191669,0.000174103,0.000113037,13.55241386,0.086986265,1,0,345.8473311,169.5000279,9.0,0
,,,14.29,100518.9,0.1975,28.11,1.64,50.47,8.68,5.61,27.86,0.2051,5,0,,,,0
,,,294.49,98387.5,0.8565,21.6,5.67,95.21,210.81,135.88,23.07,0.8697,8,1,,,,1
,,,11.66,102137.2,0.173,37.71,1.14,44.42,7.4,4.52,39.66,0.1714,5,0,,,,0
,,,16.64,100763.0,0.2295,22.41,0.96,48.83,9.81,6.8,23.98,0.2189,12,0,,,,0
109.1929732,26.24925128,68.0,0.009878731,99114.47126,0.223188813,30.25477274,2.529981604,70.71075428,0.00481524,0.01971753,29.89188425,0.241779963,9,1,377.4920955,39.56082078,7.0,0
,,,21.01,101210.9,0.2754,25.4,1.13,56.32,14.89,13.03,23.61,0.2761,2,0,,,,0
,,,2.19,102042.2,0.08,35.24,0.22,22.29,1.86,1.05,34.91,0.0607,1,0,,,,0
,,,3.23,102625.5,0.1202,26.94,0.0,29.79,2.12,1.25,28.43,0.1299,8,1,,,,0
,,,300.27,98668.8,0.8761,22.88,8.94,100.0,248.2,155.05,22.14,0.8943,9,1,,,,1
,,,2.17,102070.5,0.0828,34.82,1.26,20.0,1.67,1.5,33.13,0.0668,4,0,,,,0
,,,21.06,100500.0,0.261,28.96,1.5,50.76,14.5,11.97,29.98,0.2458,9,1,,,,0
109.1929732,26.24925128,68.0,0.002537206,98820.67703,0.086678562,30.1089316,4.14867188,59.47998886,0.001419631,0.001326725,29.97388693,0.086782233,8,1,-179.3093183,-0.197458039,1.0,0
,,,125.58,99739.7,0.6952,31.31,3.88,78.33,82.38,51.94,33.27,0.6891,7,1,,,,1
,,,7.4,101638.5,0.1428,28.35,0.38,37.25,6.63,3.47,29.36,0.1348,11,0,,,,0
,,,256.4,98827.3,0.8038,24.07,6.12,86.74,143.18,97.26,24.12,0.7888,6,1,,,,1
109.1929732,26.24925128,68.0,2.24e-06,99677.0386,0.089383794,28.64574529,0.844578214,47.48751494,7.45e-07,1.85e-05,28.92107128,0.089704784,10,0,-191.9029697,-0.506686444,4.0,0
109.1929732,26.24925128,68.0,0.000228052,100627.7943,0.093635225,12.04995127,1.943689676,42.35618537,0.000400046,0.000257584,12.22992509,0.093972686,1,0,346.4156276,3.38683206,5.0,0
,,,12.71,101641.6,0.1803,20.62,2.68,49.18,10.67,5.34,22.03,0.1646,7,1,,,,0
,,,29.21,100662.6,0.3289,23.68,3.05,70.0,16.25,12.52,22.29,0.3222,9,1,,,,0
,,,2.57,102146.3,0.1188,25.01,0.0,25.34,2.13,1.5,26.2,0.109,8,1,,,,0
,,,25.07,100500.0,0.2915,20.87,3.63,59.15,16.56,11.57,20.25,0.278,7,1,,,,0
,,,343.36,98111.7,0.95,26.78,5.92,100.0,250.0,175.41,25.22,0.9327,12,0,,,,1
,,,220.58,99342.3,0.7723,27.85,5.13,96.99,130.74,80.21,29.35,0.759,9,1,,,,1
109.1929732,26.24925128,68.0,0.001028794,99372.49897,0.091072584,28.99781179,1.072060832,35.43823019,0.00391995,0.017580867,28.39524748,0.094499808,4,0,-178.1333063,-0.148140322,0.0,1
,,,23.06,101510.9,0.2677,29.13,1.39,52.95,18.65,9.39,27.18,0.2853,11,0,,,,0
109.1929732,26.24925128,68.0,0.0,100023.0622,0.09333497,24.06033758,1.259892189,41.58886806,3.54e-05,0.010104509,23.82938162,0.098965506,3,0,-185.6544608,-0.644188933,4.0,0
,,,5.69,101692.5,0.1262,33.33,0.43,23.81,3.9,3.01,32.38,0.1397,3,0,,,,0
,,,182.54,99166.1,0.7378,22.14,6.49,81.56,102.55,78.81,23.54,0.7173,8,1,,,,1
109.1929732,26.24925128,68.0,6.04e-05,100448.4466,0.086530791,20.33120168,1.437730385,38.54063062,5.92e-05,0.002553326,20.08276811,0.086674585,3,0,237.4541592,2.338426049,5.0,0
,,,129.47,100068.0,0.6629,22.38,3.54,80.4,75.45,55.92,20.97,0.6885,8,1,,,,1
109.1929732,26.24925128,68.0,0.000720866,99147.04365,0.100884008,28.81054266,3.640564335,63.02680588,0.000896737,0.001472649,29.14818783,0.102388274,9,1,-252.6130284,-0.25336616,1.0,0
,,,186.92,99904.3,0.7081,32.85,4.19,90.31,122.67,101.35,32.36,0.7318,7,1,,,,1
,,,330.01,98000.0,0.9185,31.13,5.87,97.48,188.74,119.01,31.5,0.9093,9,1,,,,1
,,,139.93,100123.1,0.6719,22.65,3.0,79.44,113.67,72.5,21.8,0.6773,4,0,,,,1
,,,346.6,98417.0,0.9484,30.83,4.53,95.27,214.76,178.44,30.03,0.9218,6,1,,,,1
109.1929732,26.24925128,68.0,0.00027717,98368.20081,0.086105778,37.90676559,1.02914577,27.8410458,0.000568716,0.002224051,37.552157,0.086664527,6,1,265.2630969,1.963815762,4.0,0
,,,27.63,100954.4,0.344,31.31,0.0,64.71,19.34,15.0,30.11,0.3582,9,1,,,,0
109.1929732,26.24925128,68.0,0.054655982,100111.1798,0.157809546,17.17088456,0.776090092,67.68778123,0.04247104,0.024491515,16.21823465,0.162700276,1,0,-76.60374769,-0.331682872,6.0,0
,,,14.01,101060.6,0.2125,29.72,2.27,42.2,11.8,6.81,29.73,0.199,4,0,,,,0
,,,3.97,101796.9,0.087,23.17,0.42,29.61,2.66,1.36,25.08,0.071,8,1,,,,0
,,,1.18,102222.4,0.0851,30.68,0.0,21.28,0.64,0.53,31.4,0.0973,2,0,,,,0
,,,4.07,102152.0,0.1099,35.18,0.84,27.98,3.39,2.98,35.15,0.1145,2,0,,,,0
109.1929732,26.24925128,68.0,0.000140483,98438.29038,0.08801074,34.73425938,6.051648109,52.84709847,0.001231016,0.049817625,35.02449354,0.089094353,7,1,604.3421117,0.676794805,0.0,1
,,,154.62,99518.5,0.7067,30.23,5.22,81.66,92.38,64.85,29.38,0.7201,8,1,,,,1
,,,20.49,100856.6,0.271,22.62,1.23,57.2,16.18,13.9,23.83,0.2865,8,1,,,,0
109.1929732,26.24925128,68.0,0.0,100731.4208,0.093430971,19.06665413,1.164003449,48.20279345,0.012183188,0.009117231,18.65382387,0.094505918,2,0,-111.1750406,-0.330367716,6.0,0
,,,15.2,101331.4,0.192,22.54,1.29,43.68,13.47,10.28,22.72,0.2106,5,0,,,,0
,,,1.08,102523.3,0.1134,31.15,0.0,23.28,0.71,0.37,32.21,0.1122,10,0,,,,0
109.1929732,26.24925128,68.0,5.59e-05,100196.1912,0.087201527,16.51226114,0.716521417,50.12945479,4.99e-05,0.000287458,16.73133396,0.087210889,12,0,-126.9953682,-0.987074127,8.0,0
,,,289.09,98833.7,0.8667,23.86,4.05,96.55,169.93,109.63,22.44,0.8902,5,0,,,,1
,,,19.82,101694.7,0.258,28.86,0.47,48.44,16.44,11.0,30.13,0.24,9,1,,,,0
,,,208.29,99668.3,0.7974,26.09,5.07,89.17,147.69,109.36,25.33,0.8194,4,0,,,,1
,,,28.85,100500.0,0.35,19.65,1.44,68.15,20.0,15.0,18.98,0.3539,3,0,,,,0
,,,243.72,99248.6,0.8487,20.1,6.78,87.5,150.86,109.16,20.83,0.8658,9,1,,,,1
,,,19.8,101277.6,0.263,37.34,1.69,49.84,10.38,5.7,37.54,0.2685,3,0,,,,0
,,,18.06,101395.6,0.254,21.21,1.11,46.39,11.48,5.76,21.55,0.2671,8,1,,,,0
,,,225.92,99048.9,0.787,28.54,8.76,84.92,177.7,129.0,28.56,0.779,7,1,,,,1
,,,19.46,101189.1,0.2587,29.85,2.04,58.05,11.72,8.81,31.38,0.2716,1,0,,,,0
,,,8.43,101163.1,0.1901,22.09,0.04,34.97,5.02,4.28,22.48,0.1828,10,0,,,,0
109.1929732,26.24925128,68.0,0.04541671,98305.03588,0.085191204,35.03118312,3.000822951,51.02710757,0.031028848,0.014146094,34.80642338,0.085395551,7,1,163.0265588,0.179973587,0.0,1
,,,3.96,102157.5,0.1258,34.11,0.54,34.76,2.21,1.83,34.46,0.1266,6,1,,,,0
,,,302.01,98340.9,0.95,20.0,11.62,95.44,207.24,142.08,21.89,0.9227,9,1,,,,1
,,,9.26,102354.5,0.1331,32.32,0.9,35.18,6.4,3.75,33.67,0.1364,10,0,,,,0
,,,288.54,98968.1,0.8175,27.45,6.61,94.78,201.7,119.88,26.02,0.8346,7,1,,,,1
,,,29.43,101306.1,0.3448,28.01,3.0,70.0,20.0,15.0,28.26,0.3507,3,0,,,,0
109.1929732,26.24925128,68.0,6.71e-06,100221.7634,0.087422906,25.75770511,2.002025323,51.37169711,0.000368485,0.000345152,26.86312168,0.086951652,11,0,-174.5699228,-0.286944586,2.0,0
,,,3.14,101873.3,0.1252,22.11,0.88,28.76,2.81,1.93,23.79,0.1196,2,0,,,,0
,,,118.3,99915.0,0.6679,31.49,4.48,83.96,80.93,51.2,33.18,0.6531,11,0,,,,1
,,,277.73,98185.8,0.8408,22.61,6.61,89.85,177.68,125.22,20.72,0.8509,9,1,,,,1
109.1929732,26.24925128,68.0,8.16e-05,99738.68832,0.085823548,30.43961871,0.618621607,45.10268265,5.4e-05,2.32e-05,30.17374412,0.085867763,10,0,308.6716104,86.95688319,12.0,0
,,,294.28,98747.7,0.9106,22.87,8.59,92.78,225.52,152.25,24.0,0.9392,8,1,,,,1
,,,192.88,99520.3,0.744,25.28,3.77,88.73,111.4,88.52,23.37,0.7213,3,0,,,,1
,,,3.68,102228.9,0.1041,28.49,0.38,34.27,2.0,1.52,30.29,0.086,7,1,,,,0
109.1929732,26.24925128,68.0,0.005538369,98886.25615,0.082224729,35.74811765,2.705503473,34.29761734,0.001989178,0.00086432,35.41064053,0.082167001,5,0,-106.6175225,-0.332227804,6.0,0
,,,5.21,103000.0,0.1087,32.03,0.54,30.59,3.2,2.69,32.66,0.1247,5,0,,,,0
109.1929732,26.24925128,68.0,8.54e-05,100797.1159,0.104871327,18.62940519,2.139301234,47.13149333,2.85e-05,0.004797916,18.71974364,0.108876368,2,0,-200.8496809,-0.21861846,1.0,0
,,,135.17,99898.3,0.6665,27.95,4.12,79.47,100.07,69.09,26.88,0.6806,7,1,,,,1
,,,20.54,101156.8,0.2376,31.16,1.51,50.53,12.6,6.73,30.78,0.2414,3,0,,,,0
,,,281.71,98561.2,0.8397,22.71,11.41,96.99,159.11,109.68,24.58,0.8123,4,0,,,,1
,,,23.15,100859.7,0.2717,21.37,2.46,59.29,18.45,11.18,21.09,0.2548,9,1,,,,0
109.1929732,26.24925128,68.0,0.0,100126.2257,0.086858682,26.19419145,1.358837002,40.97882996,0.0,3.05e-05,26.29625932,0.086986242,10,0,-194.6328289,-0.218816875,1.0,0
109.1929732,26.24925128,68.0,0.00219975,98077.27757,0.084698776,35.15686178,3.625103556,54.68030289,0.004106762,0.021698131,34.99566276,0.084849458,7,1,209.0240611,0.248713109,0.0,1
,,,27.98,100500.0,0.325,22.92,3.68,70.0,16.33,13.7,22.66,0.3382,3,0,,,,0
,,,347.66,98301.1,0.95,26.6,9.94,100.0,241.53,180.0,26.63,0.9681,6,1,,,,1
109.1929732,26.24925128,68.0,0.0,98454.44415,0.080324273,32.91677719,6.039046749,48.69715125,0.0,0.0,33.06206798,0.080362498,6,1,-235.4438154,-0.28910236,1.0,0
,,,250.59,98928.2,0.8287,28.34,5.6,97.69,199.65,119.54,29.77,0.8499,8,1,,,,1
,,,281.43,98287.8,0.9184,32.47,4.33,92.41,213.9,132.89,33.62,0.893,6,1,,,,1
,,,27.61,101217.5,0.3287,22.73,4.48,68.12,20.0,11.74,21.21,0.316,11,0,,,,0
,,,12.87,101015.4,0.2015,24.15,1.47,37.66,7.39,5.85,24.12,0.216,10,0,,,,0
,,,113.04,100046.1,0.6139,24.45,3.33,78.91,85.75,61.92,24.53,0.63,2,0,,,,1
,,,7.8,102264.7,0.1609,29.61,0.74,33.21,5.59,4.05,30.34,0.1432,1,0,,,,0
,,,9.11,102309.4,0.1862,22.46,1.48,32.52,5.26,2.87,23.01,0.1919,9,1,,,,0
,,,2.07,102798.6,0.08,25.72,0.5,22.98,1.25,0.8,25.51,0.072,3,0,,,,0
,,,270.82,98085.9,0.8229,25.69,7.05,89.03,181.87,111.18,26.53,0.8064,9,1,,,,1
,,,21.27,101676.2,0.2951,27.78,2.61,49.06,15.7,8.26,25.97,0.2816,5,0,,,,0
,,,167.75,99782.2,0.6795,22.08,5.71,84.58,96.06,53.7,22.69,0.6703,10,0,,,,1
109.1929732,26.24925128,68.0,3.46e-05,100385.7393,0.091909363,19.44286624,2.236781328,54.56772596,0.030761817,0.035268837,18.46735563,0.094097387,2,0,-101.3361537,-0.989073445,8.0,0
,,,90.22,100269.8,0.6186,22.3,3.81,75.08,71.62,58.29,21.3,0.5908,8,1,,,,1
,,,175.41,99822.4,0.7239,24.21,3.77,79.46,141.15,108.77,22.68,0.7216,8,1,,,,1
,,,2.26,102936.3,0.1055,22.26,0.14,28.19,1.66,1.06,23.13,0.1032,4,0,,,,0
,,,14.51,101774.9,0.1802,19.19,0.72,46.65,8.25,7.14,20.11,0.1806,2,0,,,,0
,,,5.3,102614.8,0.1189,25.09,0.65,31.83,4.2,3.47,26.44,0.111,2,0,,,,0
,,,88.85,100500.0,0.6517,23.63,3.53,79.93,71.49,40.0,24.41,0.6516,11,0,,,,1
109.1929732,26.24925128,68.0,0.001782728,99380.83505,0.086919797,29.44893479,3.014599317,36.79318293,0.004310308,0.003393849,30.19314703,0.085780985,4,0,-213.2987098,-0.185917026,0.0,1
,,,233.95,98889.1,0.8029,20.63,8.43,87.57,177.96,148.17,19.84,0.8112,1,0,,,,1
109.1929732,26.24925128,68.0,0.0,100260.2194,0.086029558,18.04674305,2.2223748,28.37890462,0.000113997,7.98e-05,19.47864096,0.086093723,12,0,-166.1913375,-0.397350247,7.0,0
,,,11.49,101250.1,0.1987,31.76,0.14,39.81,9.46,5.21,31.6,0.1986,2,0,,,,0
,,,0.77,102640.8,0.1151,23.07,0.0,26.47,0.4,0.25,21.38,0.1147,3,0,,,,0
,,,295.0,98934.3,0.8334,26.11,8.27,93.93,170.62,110.27,27.21,0.8269,6,1,,,,1
,,,187.15,99573.0,0.7049,22.18,3.54,88.31,117.95,79.19,23.18,0.6811,5,0,,,,1
,,,199.94,99335.8,0.7826,22.84,5.46,83.4,146.78,118.52,23.06,0.7826,9,1,,,,1
,,,106.32,99935.1,0.6447,26.03,3.08,81.77,64.53,49.76,25.63,0.6368,6,1,,,,1
,,,1.55,102437.4,0.08,22.27,0.0,20.0,0.89,0.74,22.88,0.0651,8,1,,,,0
,,,23.87,100952.3,0.302,31.5,3.76,55.82,12.46,6.65,31.37,0.3007,10,0,,,,0
,,,282.67,98682.9,0.8581,27.71,4.7,91.39,172.45,112.16,26.95,0.8603,8,1,,,,1
,,,19.92,101543.5,0.2391,24.2,2.12,50.65,11.15,8.02,23.23,0.2344,8,1,,,,0
,,,142.98,99613.4,0.6968,32.87,3.0,81.01,115.53,89.29,34.77,0.6835,8,1,,,,1
,,,333.54,98287.1,0.9312,20.0,7.47,96.84,188.28,150.82,20.07,0.9202,7,1,,,,1
,,,13.43,101848.6,0.2008,26.51,1.28,45.6,8.24,5.53,25.96,0.2116,9,1,,,,0
,,,327.8,98000.0,0.9409,30.17,8.71,99.23,219.88,176.26,29.15,0.9143,7,1,,,,1
,,,10.46,102248.9,0.1574,37.19,0.11,37.37,8.22,5.76,35.5,0.1749,6,1,,,,0
,,,104.66,100500.0,0.6485,22.36,4.63,79.68,80.41,65.84,21.63,0.6517,8,1,,,,1
,,,329.29,98091.0,0.9409,32.71,11.48,99.01,233.01,173.84,34.35,0.9187,8,1,,,,1
,,,22.4,100847.6,0.2581,23.47,2.92,51.25,13.11,8.06,23.63,0.2578,10,0,,,,0
,,,244.4,99778.9,0.8118,24.74,7.67,85.41,153.18,127.08,25.68,0.8175,7,1,,,,1
,,,19.42,101705.9,0.2421,31.46,2.4,60.31,17.39,10.06,32.14,0.2481,4,0,,,,0
,,,21.91,101250.5,0.268,20.07,3.29,53.66,12.68,6.73,22.07,0.2675,10,0,,,,0
,,,5.05,102241.0,0.1299,26.92,0.58,23.4,2.96,1.57,27.85,0.1478,3,0,,,,0
,,,288.92,98010.6,0.8803,31.83,5.48,95.65,219.28,164.27,32.63,0.8789,6,1,,,,1
109.1929732,26.24925128,68.0,0.00367554,99734.27346,0.084881893,27.24588385,1.131189283,31.13542614,0.002549828,0.005760624,27.07525834,0.084896542,3,0,290.2649322,3.093812457,5.0,0
,,,15.17,101481.5,0.2276,21.97,1.93,39.15,9.46,6.95,21.23,0.2216,2,0,,,,0
,,,18.78,101281.2,0.2473,19.85,2.91,49.7,16.76,12.62,18.23,0.2498,5,0,,,,0
,,,198.16,99977.2,0.8176,24.26,5.28,90.63,149.08,89.59,23.08,0.8036,6,1,,,,1
,,,188.84,100071.5,0.6763,27.14,3.0,83.49,113.92,92.9,28.43,0.691,8,1,,,,1
,,,1.2,102576.5,0.1187,30.18,0.25,30.93,0.87,0.63,29.44,0.1051,10,0,,,,0
,,,334.39,98084.0,0.9298,28.4,6.45,95.15,250.0,170.16,27.39,0.9339,9,1,,,,1
,,,22.42,101346.9,0.2689,18.21,1.99,53.52,18.64,11.43,17.54,0.288,8,1,,,,0
,,,0.95,102728.4,0.08,26.94,0.0,20.0,0.53,0.4,24.99,0.0601,6,1,,,,0
,,,238.63,99053.6,0.8254,23.53,9.09,91.31,133.94,83.09,22.52,0.8084,8,1,,,,1
,,,264.34,98813.7,0.8044,22.1,6.35,93.07,219.21,147.13,21.37,0.8075,7,1,,,,1
,,,298.64,98705.8,0.8386,21.43,7.14,96.73,245.0,180.0,20.21,0.864,7,1,,,,1
109.1929732,26.24925128,68.0,0.0,100319.4987,0.088525438,23.51558226,1.150420896,45.80882821,0.0475165,0.021643965,22.22606953,0.087890885,3,0,-112.5320918,-0.98769185,8.0,0
,,,11.76,101746.8,0.1712,31.48,1.41,45.28,8.09,6.29,33.11,0.1626,2,0,,,,0
,,,17.53,101722.2,0.229,31.41,3.06,47.04,12.39,9.64,32.84,0.2316,3,0,,,,0
,,,20.98,100500.0,0.268,32.65,3.15,54.24,11.27,8.19,30.85,0.2873,5,0,,,,0
,,,9.09,102075.8,0.1619,25.51,0.76,35.38,5.21,3.53,23.65,0.1544,4,0,,,,0
,,,4.35,101970.4,0.1301,24.76,0.0,28.15,2.99,2.51,23.67,0.1467,6,1,,,,0
,,,26.42,100743.0,0.3167,24.62,3.42,56.61,18.17,12.38,23.05,0.3142,5,0,,,,0
,,,18.06,101170.6,0.2243,28.39,2.59,48.87,9.61,7.64,30.27,0.2278,5,0,,,,0
,,,23.73,101092.8,0.2953,23.56,2.72,70.0,12.1,10.67,24.8,0.3018,2,0,,,,0
,,,242.38,98587.8,0.7942,23.06,6.93,90.09,193.44,125.55,24.5,0.8152,6,1,,,,1
109.1929732,26.24925128,68.0,0.0,99856.78854,0.085529402,24.51346957,1.860321177,37.97943532,0.0,2.61e-05,23.76072951,0.085644222,2,0,-149.5102633,-0.332262225,6.0,0
109.1929732,26.24925128,68.0,0.033124412,99404.18809,0.093198745,31.67782131,0.899314536,33.98901037,0.01229159,0.013037671,31.17201668,0.098646802,5,0,409.6195981,806.6186483,9.0,0
,,,165.18,99503.4,0.744,28.53,4.02,85.21,110.65,73.53,28.68,0.7631,9,1,,,,1
,,,26.68,101036.7,0.2981,28.53,3.33,57.75,18.78,10.49,29.94,0.2989,1,0,,,,0
,,,9.16,101511.7,0.1486,20.56,1.21,34.6,7.62,4.78,22.29,0.1482,11,0,,,,0
,,,16.1,101507.8,0.1812,30.2,0.45,49.87,13.56,8.05,31.02,0.1671,5,0,,,,0
109.1929732,26.24925128,68.0,0.000303537,100234.5709,0.085463456,25.0351098,1.352705469,31.99475167,0.003307393,0.001831735,24.56446866,0.085670747,3,0,-186.3570018,-0.224821816,1.0,0
,,,2.64,103000.0,0.1217,22.02,0.48,27.58,2.19,1.65,23.08,0.1033,2,0,,,,0
,,,11.2,101651.5,0.1731,33.89,0.42,32.18,6.4,5.42,33.86,0.193,10,0,,,,0
109.1929732,26.24925128,68.0,0.00040713,99966.39859,0.091678765,15.00981109,0.82242318,42.48506729,0.003538238,0.001687836,14.09530827,0.091749665,1,0,374.5769742,83.59936239,9.0,0
,,,22.74,100700.3,0.2787,37.41,2.4,57.01,13.43,6.74,38.39,0.2674,9,1,,,,0
,,,8.04,101946.5,0.1725,19.19,0.25,34.78,5.24,3.55,19.25,0.1607,6,1,,,,0
109.1929732,26.24925128,68.0,0.001336386,98650.25364,0.134291461,29.20843283,3.658342547,65.96880714,0.00534693,0.060113309,30.20885614,0.140222961,9,1,-306.6470027,-0.32986997,1.0,0
,,,197.52,99094.4,0.7687,32.21,3.0,86.16,116.78,85.11,31.52,0.7444,7,1,,,,1
,,,3.6,101545.9,0.1333,19.59,0.0,26.14,2.37,1.6,19.13,0.1143,9,1,,,,0
,,,183.45,99698.0,0.7936,23.13,5.49,90.47,131.22,104.59,24.33,0.7834,10,0,,,,1
,,,17.69,101260.4,0.2278,22.66,0.87,47.58,13.61,10.88,21.93,0.2353,8,1,,,,0
,,,173.83,99249.1,0.7193,32.6,4.4,81.67,104.59,85.7,32.89,0.7258,9,1,,,,1
109.1929732,26.24925128,68.0,0.024092456,99034.18682,0.337704986,28.46385363,3.158678074,79.18589569,0.201506067,0.312255075,28.13097372,0.344882056,8,1,-22.21027887,-0.023325273,0.0,1
,,,29.24,100548.0,0.35,22.51,2.84,65.09,17.65,11.93,22.1,0.3586,2,0,,,,0
,,,14.63,100980.7,0.2151,18.57,2.05,41.0,10.74,9.15,18.99,0.2338,7,1,,,,0
109.1929732,26.24925128,68.0,9.21e-05,99618.6582,0.084449499,30.5178907,2.685065804,13.58794661,0.000243139,0.001556242,30.85235315,0.084630201,4,0,415.9777251,424.5976875,9.0,0
,,,183.26,99606.4,0.8102,33.59,4.94,82.59,139.78,96.9,35.25,0.8007,8,1,,,,1
,,,26.49,100500.0,0.3272,20.22,3.41,62.64,13.93,8.81,19.4,0.3377,2,0,,,,0
,,,0.52,102546.2,0.0939,35.96,0.0,27.42,0.33,0.25,37.09,0.1023,10,0,,,,0
109.1929732,26.24925128,68.0,0.001034391,98899.29858,0.127672263,28.92556403,3.693489875,66.59965045,0.003240993,0.052370187,29.61435488,0.135050812,9,1,-306.6470027,-0.492247707,2.0,0
,,,198.81,99638.1,0.725,31.14,3.54,87.19,156.21,113.28,30.17,0.7048,7,1,,,,1
,,,2.82,101521.6,0.1088,24.61,0.85,23.11,1.79,1.47,22.64,0.0995,8,1,,,,0
,,,91.06,100500.0,0.6085,27.44,3.0,75.55,51.62,40.0,29.05,0.6243,11,0,,,,1
109.1929732,26.24925128,68.0,0.010723784,99411.69972,0.084741167,31.51358649,2.272695261,34.21381619,0.003604398,0.007155244,31.28071539,0.084918813,4,0,-226.1037142,-0.196357973,0.0,1
,,,171.22,99746.0,0.7215,33.84,5.3,83.48,110.81,82.79,34.96,0.7032,9,1,,,,1
,,,16.62,101375.6,0.236,26.84,1.56,54.13,10.08,5.48,28.45,0.2295,1,0,,,,0
,,,124.99,100245.6,0.6579,34.42,4.53,75.0,77.06,63.04,34.62,0.6388,8,1,,,,1
109.1929732,26.24925128,68.0,0.110528229,98659.27835,0.10171739,32.0192667,1.125456819,64.2386047,0.094461277,0.0464643,32.79744128,0.096021734,7,1,65.40962211,0.073690436,0.0,1
,,,213.32,99292.7,0.8064,21.54,4.94,85.56,170.31,143.15,19.64,0.7974,2,0,,,,1
,,,124.8,100089.2,0.6154,27.82,4.28,83.45,95.48,72.1,29.57,0.605,3,0,,,,1
,,,320.39,98000.0,0.9481,26.91,8.73,96.45,244.9,171.65,26.35,0.9713,7,1,,,,1
,,,2.56,102386.5,0.1062,36.86,0.18,25.29,1.76,0.91,36.83,0.1231,9,1,,,,0
,,,133.05,99666.0,0.6557,25.59,4.4,83.75,91.77,58.99,25.19,0.6776,8,1,,,,1
,,,8.37,101701.6,0.15,21.59,1.2,43.21,5.82,4.54,21.77,0.1564,3,0,,,,0
,,,3.53,102197.9,0.1413,37.21,0.32,23.47,3.12,1.65,36.52,0.1376,3,0,,,,0
,,,10.04,101934.6,0.1499,18.23,1.72,38.25,5.38,4.38,17.86,0.1544,8,1,,,,0
,,,183.45,99177.4,0.7258,24.7,6.1,82.39,152.89,98.02,23.15,0.7023,9,1,,,,1
,,,269.46,98547.8,0.8596,20.0,7.36,94.28,154.3,109.55,20.59,0.866,9,1,,,,1
109.1929732,26.24925128,68.0,0.0,98508.21168,0.080324634,32.96928327,6.754557022,52.59636922,0.0,0.001967999,33.31952766,0.080350949,6,1,580.4720407,0.621801534,0.0,1
,,,26.37,100519.2,0.3382,36.67,4.82,60.87,13.97,9.29,37.82,0.3576,10,0,,,,0
109.1929732,26.24925128,68.0,0.000274935,98742.02214,0.089115831,31.2557339,4.702592991,57.42503303,0.00018329,0.00044913,31.7759384,0.089202112,8,1,879.0450086,1.375853805,0.0,1
,,,27.82,100576.6,0.3144,30.64,2.12,67.4,20.0,12.63,30.18,0.295,7,1,,,,0
,,,189.09,99821.2,0.7537,26.23,4.15,87.33,157.42,121.36,25.99,0.7359,8,1,,,,1
109.1929732,26.24925128,68.0,0.0,99411.18477,0.084926102,30.03605035,0.468488088,24.26805399,0.0,0.000293934,30.00520999,0.085053784,10,0,-163.4205129,-0.272475743,4.0,0
109.1929732,26.24925128,68.0,0.000438778,99845.40251,0.086225276,28.46330999,1.861396458,29.65387258,0.00038327,0.000798191,27.85948759,0.086526343,3,0,314.1672981,0.359973641,0.0,1
109.1929732,26.24925128,68.0,0.000214268,98772.86878,0.09759264,30.8226611,4.863963926,61.63989807,0.000242343,0.000341719,30.79119477,0.100756315,8,1,-260.2636716,-0.189169003,0.0,1
,,,6.06,101889.3,0.0973,22.35,0.49,23.22,4.14,3.43,22.13,0.0972,1,0,,,,0
109.1929732,26.24925128,68.0,0.012238161,99056.47984,0.278052223,30.12000354,2.2875647,75.38645373,0.015524795,0.269450143,29.45503439,0.305728255,8,1,-139.2740592,-0.176137152,1.0,0
,,,16.08,100691.1,0.2497,22.36,1.32,44.24,12.49,6.27,22.04,0.2414,9,1,,,,0
,,,2.04,102030.8,0.0926,23.36,1.02,23.19,1.15,0.8,21.5,0.1002,11,0,,,,0
,,,184.52,99597.2,0.7618,34.65,4.52,87.56,149.67,85.72,36.52,0.7584,9,1,,,,1
,,,7.0,102301.1,0.1022,32.91,1.13,32.11,4.04,2.19,31.9,0.0923,4,0,,,,0
109.1929732,26.24925128,68.0,0.0,100522.0154,0.085702046,22.1521986,2.397634038,52.48463046,7.45e-06,0.000904076,22.38793497,0.085761267,11,0,-157.4395826,-0.155814305,0.0,1
109.1929732,26.24925128,68.0,0.000228052,100627.7943,0.093635225,12.04995127,1.943689676,42.35618537,0.000475968,0.000225005,12.47144649,0.094753851,1,0,-184.6710831,-0.643556025,4.0,0
,,,3.16,102133.5,0.08,20.64,0.0,20.0,2.36,1.61,22.07,0.0733,5,0,,,,0
,,,22.85,101085.8,0.2576,22.88,3.46,55.96,14.17,10.01,22.55,0.2686,12,0,,,,0
,,,15.78,100833.9,0.2199,31.66,1.28,36.01,9.72,5.72,32.49,0.2339,1,0,,,,0
,,,5.04,102184.6,0.1017,36.28,0.76,26.68,3.97,3.02,37.9,0.1185,1,0,,,,0
,,,24.9,100500.0,0.3152,33.13,1.11,61.31,14.87,9.66,33.75,0.2959,11,0,,,,0
109.1929732,26.24925128,68.0,0.0,98600.47099,0.080352801,33.14445669,5.419578583,41.38497703,0.0,0.0,33.13146561,0.080391215,6,1,-235.4438154,-0.224266412,0.0,1
,,,262.33,98423.0,0.8833,20.0,7.19,87.78,180.12,114.06,19.57,0.8778,9,1,,,,1
,,,199.49,99216.6,0.7582,23.98,4.91,88.82,133.47,92.92,25.12,0.7402,7,1,,,,1
109.1929732,26.24925128,68.0,0.01429507,99503.30996,0.085252968,26.89066644,2.535805193,34.75809275,0.007215383,0.007802777,27.12747805,0.085005585,3,0,-127.9547064,-0.333140731,6.0,0
,,,22.47,101122.3,0.2729,32.22,2.1,56.78,14.95,10.39,33.64,0.2914,7,1,,,,0
,,,17.61,100500.0,0.2391,36.88,0.69,57.42,14.85,11.24,36.49,0.225,6,1,,,,0
,,,93.68,100234.2,0.6,21.88,3.0,80.34,51.93,40.0,20.43,0.5987,9,1,,,,1
,,,221.6,99218.0,0.7966,25.98,3.68,87.23,148.02,98.6,24.04,0.7731,9,1,,,,1
,,,4.27,102304.4,0.1019,24.26,0.44,21.54,2.76,2.35,24.72,0.0839,12,0,,,,0
,,,207.28,99130.3,0.7558,21.83,3.86,89.12,154.23,108.89,22.29,0.7265,9,1,,,,1
,,,23.24,100918.5,0.305,26.37,3.04,54.69,15.43,9.44,27.66,0.2969,10,0,,,,0
,,,263.88,98616.6,0.8246,30.19,4.3,92.74,216.3,138.03,29.09,0.8173,9,1,,,,1
,,,294.14,98097.3,0.8763,29.58,6.9,100.0,222.88,137.78,27.77,0.8811,4,0,,,,1
,,,24.71,101429.3,0.2994,18.49,4.25,57.08,13.43,9.45,17.23,0.3192,4,0,,,,0
,,,181.11,99688.9,0.722,22.25,4.29,84.02,102.08,77.37,23.7,0.7302,3,0,,,,1
109.1929732,26.24925128,68.0,0.0,100562.6153,0.085724081,16.8557528,1.348574868,65.90596123,0.0,0.000853211,17.66320832,0.085988693,1,0,-81.3831188,-0.971955635,10.0,0
,,,29.69,100618.3,0.35,22.5,2.31,70.0,15.37,8.91,21.19,0.3392,6,1,,,,0
,,,5.14,101907.1,0.1269,37.61,0.64,32.99,4.03,2.15,38.32,0.1146,2,0,,,,0
,,,19.17,100863.9,0.2797,25.15,2.87,53.52,9.99,8.21,25.62,0.2715,12,0,,,,0
,,,28.4,100500.0,0.3426,29.65,1.93,67.07,20.0,15.0,28.0,0.3585,8,1,,,,0
,,,18.21,101489.8,0.2571,18.83,1.65,50.21,10.49,6.28,20.16,0.277,10,0,,,,0
,,,147.59,99690.7,0.683,30.37,5.44,80.56,92.89,62.65,30.12,0.7101,7,1,,,,1
,,,200.21,99699.3,0.7624,22.52,6.02,85.74,125.95,89.27,22.24,0.7535,9,1,,,,1
,,,23.83,101127.8,0.317,31.38,1.92,57.35,12.68,9.8,31.31,0.3096,1,0,,,,0
,,,143.5,100059.5,0.693,26.3,3.47,79.41,105.16,84.96,26.36,0.7225,8,1,,,,1
109.1929732,26.24925128,68.0,3.68e-05,99151.28007,0.084798103,35.35359965,2.773723951,25.14598458,4.62e-05,1.98e-05,34.73292917,0.08503659,5,0,-206.4463087,-0.431702413,3.0,0
,,,7.43,102018.6,0.1636,19.87,0.05,35.39,4.17,3.67,20.93,0.159,5,0,,,,0
,,,23.76,100507.8,0.2807,36.96,3.88,68.26,15.95,9.88,36.33,0.2822,1,0,,,,0
,,,28.81,100500.0,0.35,18.56,2.44,70.0,20.0,15.0,19.62,0.3699,6,1,,,,0
109.1929732,26.24925128,68.0,0.000130762,100568.6874,0.086896849,15.24580164,1.850499772,45.37685015,0.000258753,0.000150397,14.99122343,0.086930494,1,0,609.6158801,0.878744518,0.0,1
,,,13.34,101257.7,0.2107,19.65,1.03,43.97,8.49,6.84,19.84,0.2177,7,1,,,,0
,,,345.81,98340.9,0.9349,20.0,7.09,100.0,202.76,164.24,18.82,0.9535,8,1,,,,1
,,,260.58,99113.3,0.8144,22.24,3.71,92.64,201.33,154.74,24.12,0.8072,6,1,,,,1
,,,6.95,102035.1,0.1432,18.73,0.34,26.71,3.85,2.66,18.79,0.1631,2,0,,,,0
,,,239.56,99242.6,0.8288,27.91,4.77,92.2,175.48,110.91,26.34,0.803,4,0,,,,1
109.1929732,26.24925128,68.0,0.000444813,100110.8685,0.085835567,24.45819966,0.479257321,58.21499475,0.000296542,0.000127089,24.30408764,0.085819591,11,0,340.7453394,0.920255851,4.0,0
109.1929732,26.24925128,68.0,0.010413283,99531.62063,0.084202725,32.14807251,2.156927751,16.25122184,0.003496344,0.004893785,31.54041323,0.084305166,4,0,-197.9627118,-0.188393645,0.0,1
,,,294.03,98277.3,0.9002,28.54,7.69,97.49,175.42,143.43,28.78,0.8936,6,1,,,,1
109.1929732,26.24925128,68.0,5.351311374,98496.22469,0.425487947,26.36983993,3.733270148,90.31079719,2.59402336,1.514465793,27.46035777,0.416328863,8,1,-154.4078659,-0.160210312,0.0,1
109.1929732,26.24925128,68.0,0.007302672,99790.432,0.100336113,25.31046556,1.93659546,51.93055637,0.054833329,0.025974941,26.01507455,0.093598878,3,0,-127.9547064,-0.998268582,8.0,0
,,,20.19,101010.2,0.2671,18.95,2.41,53.31,15.29,11.56,17.47,0.2707,1,0,,,,0
,,,29.77,100500.0,0.3179,36.95,2.98,68.4,17.39,10.87,35.05,0.3005,5,0,,,,0
,,,294.65,98053.7,0.8706,31.65,8.56,91.23,210.04,170.57,32.21,0.8912,8,1,,,,1
,,,11.29,101103.2,0.1719,28.5,1.67,41.69,7.49,6.06,27.39,0.1639,4,0,,,,0
,,,4.8,101839.2,0.1155,31.87,0.78,32.65,3.89,3.01,30.66,0.1031,9,1,,,,0
,,,7.63,102317.2,0.1533,37.09,0.84,33.55,5.41,3.63,38.59,0.1455,7,1,,,,0
,,,106.86,100444.6,0.6,24.8,3.98,75.0,63.98,44.27,25.17,0.6095,8,1,,,,1
,,,23.14,100856.2,0.3038,24.93,4.79,60.89,13.74,10.49,26.74,0.3042,2,0,,,,0
,,,96.49,100500.0,0.6,34.84,4.38,75.0,55.19,40.0,36.38,0.6069,3,0,,,,1
,,,257.32,98572.4,0.9152,21.38,10.19,93.67,184.15,111.97,20.37,0.9311,1,0,,,,1
,,,29.52,100500.0,0.34,26.1,3.19,70.0,20.0,15.0,26.65,0.3345,2,0,,,,0
,,,29.08,101168.7,0.3237,32.48,4.04,66.0,15.15,9.94,32.96,0.3172,1,0,,,,0
,,,349.74,98000.0,0.9328,23.65,10.51,100.0,240.9,134.34,23.8,0.9474,8,1,,,,1
,,,101.81,100167.0,0.6057,26.76,3.0,76.69,80.83,61.32,25.66,0.6028,6,1,,,,1
,,,1.75,102209.7,0.08,35.42,0.22,20.08,1.33,0.78,37.29,0.0802,4,0,,,,0
,,,22.3,101180.7,0.2567,23.9,0.93,68.84,19.82,15.0,25.21,0.2415,9,1,,,,0
,,,9.12,101316.8,0.1438,18.06,1.52,32.01,5.77,4.18,16.98,0.1257,7,1,,,,0
,,,14.36,101914.7,0.2148,32.43,0.86,43.37,7.53,3.96,33.07,0.1948,2,0,,,,0
,,,248.02,99139.1,0.8346,29.73,7.33,87.42,180.86,122.12,28.63,0.8169,7,1,,,,1
,,,105.79,100315.2,0.6,28.24,3.34,76.14,65.32,51.11,28.12,0.626,6,1,,,,1
109.1929732,26.24925128,68.0,0.018168302,98614.51722,0.08495713,34.02559536,2.905762361,52.41876618,0.007973598,0.003424281,33.73445248,0.085331092,7,1,393.1772027,0.997219557,0.0,1
,,,3.23,102848.6,0.134,32.9,0.24,24.39,1.84,1.48,34.66,0.1307,6,1,,,,0
,,,334.47,98000.0,0.9171,24.68,7.41,100.0,250.0,144.24,25.51,0.9354,9,1,,,,1
,,,269.1,98689.0,0.8343,28.88,10.5,94.04,214.12,133.01,29.99,0.8474,8,1,,,,1
,,,5.43,102007.4,0.1247,22.56,0.29,28.32,3.9,2.63,23.63,0.1397,3,0,,,,0
,,,81.0,100500.0,0.6062,21.1,3.45,82.61,50.0,40.0,23.08,0.5826,8,1,,,,1
109.1929732,26.24925128,68.0,0.0,100224.0318,0.088041625,27.98081343,1.98617078,37.79575974,0.0,0.06443147,27.95292675,0.090154898,10,0,-65.43054027,-0.967102068,10.0,0
,,,17.93,100500.0,0.2684,37.87,1.82,50.36,10.8,7.03,37.79,0.249,11,0,,,,0
109.1929732,26.24925128,68.0,0.142902244,99588.44144,0.095207554,25.84409167,1.2522789,53.37318608,0.053624285,0.028217383,26.66021398,0.088447472,3,0,-127.9547064,-0.49956677,7.0,0
109.1929732,26.24925128,68.0,1.12e-05,99726.50384,0.084447691,26.9189817,2.538063459,35.33241793,0.000895049,0.003274606,27.43387007,0.084450951,3,0,-176.0710266,-0.224111125,1.0,0
109.1929732,26.24925128,68.0,0.35779318,98908.75949,0.410432771,28.13762572,0.219979206,86.6510302,0.569334027,0.64281437,27.7180438,0.41476948,7,1,-131.241763,-0.332870789,5.0,0
,,,26.66,101436.3,0.3056,32.73,1.59,60.87,19.82,10.71,33.53,0.2941,4,0,,,,0
109.1929732,26.24925128,68.0,0.511424345,99128.60878,0.383661765,27.21919917,2.802950027,79.83595249,1.470421251,1.279628271,26.38256015,0.403822521,8,1,428.8433819,45.29956888,4.0,0
,,,216.11,99120.3,0.8028,26.46,7.03,86.41,136.83,94.29,26.14,0.7762,5,0,,,,1
,,,13.37,101945.7,0.2012,35.67,0.97,43.76,10.54,9.32,36.46,0.2128,2,0,,,,0
,,,0.42,102075.9,0.0875,21.06,0.0,23.77,0.22,0.18,19.76,0.0744,9,1,,,,0
,,,2.79,102026.3,0.1202,27.93,0.54,25.07,1.68,0.9,29.56,0.1272,12,0,,,,0
109.1929732,26.24925128,68.0,0.0,99538.10746,0.084725966,25.92332997,3.210001157,42.52972779,0.0,0.000220031,27.71135346,0.084731113,3,0,-97.58780039,-0.972632721,7.0,0
,,,239.39,98929.6,0.8328,27.96,8.4,89.35,150.35,105.79,29.56,0.8213,7,1,,,,1
,,,9.62,101634.6,0.1501,34.66,0.0,37.19,6.74,4.5,34.42,0.1602,3,0,,,,0
,,,25.82,100839.7,0.3048,23.26,3.09,66.16,19.44,10.77,22.5,0.3188,6,1,,,,0
,,,257.76,98999.4,0.7856,25.64,7.55,91.91,153.35,97.06,24.07,0.7754,6,1,,,,1
,,,22.82,100500.0,0.2976,20.78,2.09,61.06,12.85,9.74,21.66,0.3142,6,1,,,,0
,,,13.36,101864.6,0.2066,32.61,1.82,41.61,8.29,6.22,31.14,0.2249,1,0,,,,0
,,,171.84,99424.8,0.6826,29.37,3.98,82.04,125.77,104.9,29.12,0.7082,8,1,,,,1
,,,8.3,101762.0,0.112,25.22,0.0,29.27,7.12,3.78,23.28,0.1048,1,0,,,,0
109.1929732,26.24925128,68.0,4.35e-05,99528.76741,0.09112089,29.03500142,1.81248523,50.88072786,0.000560993,0.002794596,28.92302338,0.091884596,10,0,-222.788912,-0.151472002,0.0,1
,,,349.46,98140.0,0.9455,26.42,11.24,98.96,224.84,159.87,28.25,0.9505,9,1,,,,1
,,,27.02,100626.0,0.35,34.33,4.07,66.22,17.13,8.98,35.0,0.3456,12,0,,,,0
109.1929732,26.24925128,68.0,0.015125261,98453.5666,0.086818876,34.53382113,4.917386648,51.84372539,0.014053328,0.12489618,34.59708348,0.086839252,6,1,336.8858763,4.177258619,4.0,0
,,,113.96,100193.8,0.6339,20.24,4.4,84.14,67.21,47.0,21.63,0.6524,1,0,,,,1
,,,146.57,99553.1,0.6696,26.38,5.93,79.7,89.48,49.35,27.06,0.6981,8,1,,,,1
,,,13.23,101232.8,0.2054,19.68,1.0,36.21,6.89,6.13,20.74,0.1856,6,1,,,,0
,,,282.11,98934.7,0.8951,22.56,6.94,91.01,200.45,123.12,23.39,0.9176,6,1,,,,1
109.1929732,26.24925128,68.0,0.0113861,98297.49066,0.22967558,31.55378174,5.670374647,71.56018816,0.145870187,0.182292854,31.48841252,0.237654083,8,1,-93.92868436,-0.49592072,6.0,0
,,,83.94,100500.0,0.6,22.87,3.0,77.48,53.04,40.1,24.03,0.6264,7,1,,,,1
,,,307.01,98833.2,0.9301,33.14,8.84,93.07,248.77,146.04,34.89,0.9274,12,0,,,,1
,,,6.05,101776.3,0.1395,28.95,1.23,32.23,4.26,2.75,28.36,0.1311,7,1,,,,0
,,,207.89,98768.1,0.7793,29.8,3.87,88.41,172.29,145.45,31.32,0.7936,4,0,,,,1
,,,26.43,100605.3,0.3123,33.52,4.63,56.07,20.0,13.33,33.22,0.3172,7,1,,,,0
,,,4.96,102668.5,0.1351,31.91,0.96,20.17,4.19,2.48,31.25,0.1185,12,0,,,,0
,,,292.79,98448.4,0.8726,27.1,9.09,100.0,201.86,143.02,25.45,0.8704,6,1,,,,1
,,,202.93,99664.9,0.738,31.82,5.99,86.25,168.45,125.78,32.92,0.7438,7,1,,,,1
,,,141.01,99798.0,0.7121,33.47,4.4,82.51,84.1,58.45,34.71,0.7337,9,1,,,,1
,,,12.93,101929.9,0.2228,25.98,1.38,42.13,9.54,6.45,26.39,0.2392,1,0,,,,0
,,,262.84,99043.8,0.8485,31.46,8.82,92.87,212.2,133.31,33.31,0.8415,7,1,,,,1
,,,5.56,103000.0,0.1416,23.77,0.05,27.26,4.32,3.15,25.2,0.1329,4,0,,,,0
109.1929732,26.24925128,68.0,0.000747934,100099.2558,0.087784974,24.45376797,1.086349092,50.68483798,0.001408946,0.00300343,23.66862016,0.088480476,3,0,-116.5357881,-0.496864935,6.0,0
,,,179.23,99240.2,0.7558,31.69,5.48,80.25,117.17,73.98,32.98,0.7543,8,1,,,,1
,,,0.83,102577.4,0.0837,25.6,0.29,20.0,0.6,0.52,24.92,0.0918,11,0,,,,0
,,,15.77,100668.6,0.2049,24.2,1.69,48.44,10.47,7.56,24.47,0.1854,11,0,,,,0
,,,4.59,101718.6,0.0948,36.47,0.38,35.98,3.9,1.97,37.71,0.0832,10,0,,,,0
,,,299.02,98000.0,0.8995,27.62,9.44,93.5,241.1,180.0,25.78,0.912,8,1,,,,1
,,,191.65,99304.9,0.735,33.3,6.53,91.56,133.36,79.89,35.11,0.7394,8,1,,,,1
,,,173.74,100354.6,0.7189,22.92,4.49,83.82,139.88,105.43,22.72,0.691,7,1,,,,1
,,,190.98,98799.4,0.7495,33.82,5.82,90.97,152.46,89.54,33.83,0.7415,3,0,,,,1
,,,85.16,100500.0,0.6072,28.14,3.73,76.47,66.29,54.05,29.3,0.5981,7,1,,,,1
,,,17.83,101678.6,0.2327,34.95,2.49,52.81,12.59,6.65,35.48,0.2154,8,1,,,,0
,,,175.8,99704.9,0.6611,26.67,5.33,77.88,136.96,80.07,25.06,0.6655,12,0,,,,1
,,,22.23,100905.7,0.2645,21.4,3.48,57.16,13.58,8.84,23.21,0.2583,9,1,,,,0
,,,17.48,101676.2,0.2246,28.73,2.13,48.23,13.6,7.12,29.29,0.2193,12,0,,,,0
,,,97.02,100274.1,0.6361,33.92,3.51,78.77,55.04,40.0,33.16,0.6123,6,1,,,,1
,,,17.83,101052.0,0.2521,33.31,2.61,50.8,14.11,8.67,31.44,0.2599,12,0,,,,0
,,,13.96,101556.9,0.2125,18.84,2.41,51.33,9.09,5.0,17.45,0.2318,7,1,,,,0
,,,179.69,99768.3,0.7451,25.64,6.05,82.67,129.52,109.08,26.45,0.7343,7,1,,,,1
,,,16.5,101496.0,0.2295,19.52,1.56,51.51,10.27,8.86,21.13,0.2282,4,0,,,,0
,,,24.33,100500.0,0.3341,32.85,1.52,63.31,14.06,10.04,33.61,0.3202,3,0,,,,0
,,,9.35,101938.3,0.1627,27.13,0.62,33.95,7.44,4.52,26.68,0.1466,4,0,,,,0
,,,26.05,100500.0,0.3327,21.4,1.58,58.28,13.04,9.56,21.29,0.3272,3,0,,,,0
,,,20.3,101051.0,0.2782,33.12,3.22,55.99,15.6,11.91,33.3,0.2872,1,0,,,,0
,,,274.74,98294.4,0.8114,25.05,6.62,90.68,210.62,147.66,26.28,0.7913,6,1,,,,1
,,,162.88,99665.1,0.6442,29.23,4.41,82.51,136.73,92.86,28.54,0.6418,8,1,,,,1
,,,0.3,102623.1,0.08,33.27,0.49,23.83,0.23,0.19,31.49,0.0899,1,0,,,,0
,,,19.6,101601.5,0.252,36.0,0.93,51.64,15.54,11.27,36.81,0.2361,8,1,,,,0
,,,21.11,101074.3,0.2492,37.78,2.35,56.36,16.62,9.67,39.28,0.2356,7,1,,,,0
,,,19.87,100980.3,0.2672,19.23,0.66,52.23,10.26,6.02,18.47,0.2734,10,0,,,,0
,,,268.37,99141.5,0.8308,22.55,3.8,90.22,172.56,142.06,20.65,0.844,7,1,,,,1
109.1929732,26.24925128,68.0,0.0,100065.8152,0.08578764,23.99586359,0.875923616,54.20316065,0.0,0.000184407,24.19462557,0.085776824,11,0,-166.7237318,-0.236917758,2.0,0
109.1929732,26.24925128,68.0,0.0,99960.02498,0.087364626,26.86818769,1.208539254,57.61009389,0.0,3.18e-05,26.80424223,0.087351956,10,0,933.3236677,1.520328604,0.0,1
,,,146.5,98974.7,0.6622,22.69,3.8,81.37,108.31,74.02,24.07,0.6705,9,1,,,,1
,,,327.0,98072.3,0.8783,26.77,9.79,94.48,201.8,113.18,26.15,0.8832,7,1,,,,1
,,,10.84,102220.6,0.1907,37.09,0.58,45.45,8.93,6.71,37.19,0.1708,1,0,,,,0
,,,23.59,101254.9,0.2841,34.43,2.19,58.45,20.0,15.0,33.47,0.2885,5,0,,,,0
,,,16.49,101315.6,0.253,25.09,0.48,47.21,9.79,8.78,25.72,0.2416,3,0,,,,0
,,,309.85,99001.6,0.8841,27.17,11.57,100.0,234.01,140.29,27.36,0.8872,7,1,,,,1
,,,3.95,102757.7,0.1032,37.1,0.14,22.58,3.5,2.51,35.51,0.0891,4,0,,,,0
,,,298.84,98936.2,0.8474,27.88,9.83,97.14,223.55,143.04,27.41,0.8189,9,1,,,,1
,,,297.33,98000.0,0.8597,22.5,8.18,93.72,237.98,180.0,20.87,0.868,7,1,,,,1
,,,327.13,98247.3,0.929,29.93,6.42,99.89,232.91,154.69,31.86,0.9385,6,1,,,,1
,,,25.66,100505.5,0.2916,34.75,2.66,66.4,19.61,14.77,33.44,0.3108,1,0,,,,0
109.1929732,26.24925128,68.0,0.000264876,99870.44077,0.084874968,29.89572315,3.568324109,51.98867028,0.000130998,5.61e-05,30.34484319,0.084838879,10,0,-113.3646333,-0.151276194,3.0,0
,,,216.87,99058.5,0.7786,22.46,5.19,87.65,160.68,121.31,23.95,0.7801,8,1,,,,1
109.1929732,26.24925128,68.0,0.0,100116.1918,0.086167764,21.83473193,2.955139331,63.56450511,8.2e-06,0.000387181,22.04713301,0.086125644,12,0,207.7618593,0.323864205,0.0,1
,,,4.92,101591.5,0.0891,35.28,0.79,26.16,2.67,1.51,33.92,0.1028,3,0,,,,0
,,,4.01,102172.5,0.1014,22.39,0.16,30.52,3.26,2.1,21.75,0.1057,5,0,,,,0
,,,125.98,100156.9,0.6244,20.59,7.17,83.78,94.33,62.69,18.85,0.5989,9,1,,,,1
,,,133.04,99874.0,0.6691,21.97,4.66,82.21,96.38,80.43,20.26,0.6762,8,1,,,,1
,,,334.24,98247.6,0.8876,24.92,8.01,100.0,250.0,180.0,26.26,0.861,7,1,,,,1
,,,108.46,100436.5,0.6114,23.77,5.0,76.61,87.0,48.19,22.52,0.6306,7,1,,,,1
,,,22.58,101180.6,0.2639,35.84,0.96,58.05,11.45,10.0,37.22,0.248,6,1,,,,0
109.1929732,26.24925128,68.0,0.0,100883.8306,0.087232709,14.29943079,2.76046498,70.49955827,0.000143055,0.002265807,14.41940828,0.087389418,1,0,-82.64018915,-0.33176315,9.0,0
109.1929732,26.24925128,68.0,0.007352202,98946.39791,0.143188711,30.70906779,2.28706356,61.45891823,0.01082957,0.067813289,30.90735837,0.147128413,9,1,556.253044,1.489910618,0.0,1
,,,13.35,101841.2,0.1779,28.06,0.4,40.45,12.0,8.77,27.16,0.1689,8,1,,,,0
,,,259.84,99423.6,0.8918,29.79,6.3,90.77,212.46,167.95,31.61,0.8734,7,1,,,,1
,,,225.99,98952.6,0.7794,31.18,5.26,82.59,156.23,128.92,30.06,0.7837,12,0,,,,1
,,,220.81,99313.7,0.7671,28.63,7.86,89.59,137.46,93.53,28.99,0.7468,6,1,,,,1
,,,9.12,101622.9,0.149,31.84,0.08,37.76,6.71,4.05,30.91,0.1617,9,1,,,,0
,,,29.61,100500.0,0.35,27.22,2.85,62.17,20.0,15.0,26.69,0.3522,6,1,,,,0
,,,315.7,98303.1,0.9287,20.0,6.13,100.0,190.57,139.87,21.51,0.9139,8,1,,,,1
109.1929732,26.24925128,68.0,0.085870555,98429.1808,0.232710777,31.59203859,1.064207193,72.0646719,0.49641045,0.238781651,32.31841554,0.164964508,7,1,-245.7396588,-0.680443347,3.0,0
,,,253.69,98871.2,0.8247,27.89,6.73,90.13,195.67,137.6,28.01,0.805,9,1,,,,1
,,,152.09,99804.7,0.6701,26.08,3.67,82.76,123.96,68.54,27.86,0.6472,8,1,,,,1
,,,95.82,100219.4,0.6508,23.2,3.0,75.0,56.89,41.47,21.89,0.6786,1,0,,,,1
109.1929732,26.24925128,68.0,0.0,99474.78474,0.082584053,35.70466479,2.954682936,19.97955053,0.0,0.000235797,35.41183298,0.082677466,5,0,-192.7145573,-0.224470573,1.0,0
,,,91.54,100500.0,0.6131,30.78,3.0,75.0,68.62,44.75,30.18,0.6288,6,1,,,,1
109.1929732,26.24925128,68.0,0.002384811,98661.11103,0.085803303,34.32334599,4.92201125,50.33781667,0.00170729,0.010088549,34.13941422,0.086200708,6,1,-129.5561325,-0.498154739,7.0,0
,,,297.79,98483.7,0.8338,20.0,5.41,95.56,206.39,133.88,19.34,0.8298,8,1,,,,1
,,,16.72,101807.1,0.21,27.89,1.61,50.36,13.18,9.91,26.07,0.199,12,0,,,,0
,,,18.67,101622.7,0.2628,33.73,1.71,51.86,13.61,9.48,35.57,0.258,8,1,,,,0
,,,25.23,100500.0,0.3274,37.24,4.26,59.96,14.43,10.97,35.59,0.3325,4,0,,,,0
109.1929732,26.24925128,68.0,1.12e-05,99658.80889,0.087767116,29.77051525,1.499127762,47.69032979,0.000520607,0.000826112,30.00803359,0.0880479,10,0,-87.36441978,-0.327656265,9.0,0
,,,1.77,102359.7,0.1169,30.88,0.76,20.61,0.92,0.52,32.13,0.1213,10,0,,,,0
,,,87.92,100385.7,0.6443,26.41,3.0,75.0,56.38,47.05,26.45,0.6437,6,1,,,,1
,,,27.85,100500.0,0.306,23.6,1.08,64.63,20.0,12.76,24.54,0.2967,12,0,,,,0
,,,214.35,99262.6,0.7228,30.94,5.81,85.66,172.32,144.46,30.52,0.7349,6,1,,,,1
,,,16.9,101397.0,0.2285,29.78,0.8,47.22,9.1,7.54,28.33,0.2465,3,0,,,,0
,,,164.57,99553.8,0.7006,24.87,4.92,80.9,91.42,53.62,26.46,0.7057,12,0,,,,1
,,,291.59,98905.3,0.8921,21.35,8.14,94.49,174.08,134.86,22.84,0.9123,9,1,,,,1
109.1929732,26.24925128,68.0,0.02534217,98688.87271,0.280638834,30.09450932,3.840108506,75.33495797,0.06771769,0.121822645,29.82609568,0.300123294,8,1,-143.2962922,-0.971568209,8.0,0
109.1929732,26.24925128,68.0,0.016561615,100881.3274,0.121050657,15.01658176,2.390465819,60.27172789,0.016561615,0.016561615,15.01658176,0.121050657,1,0,0.0,0.0,0.0,0
,,,22.97,100500.0,0.2752,30.17,2.77,64.94,18.58,12.44,30.06,0.2808,11,0,,,,0
,,,311.05,98370.6,0.91,20.0,4.9,97.4,212.89,121.81,18.75,0.9326,6,1,,,,1
109.1929732,26.24925128,68.0,0.00045311,99917.99629,0.086238987,27.34236877,1.396443969,47.85837146,0.000194644,8.34e-05,27.75058588,0.086456022,11,0,-156.3380604,-0.169208083,0.0,1
109.1929732,26.24925128,68.0,0.0,100591.5283,0.228841604,14.12038805,0.121034112,66.30391018,0.0,0.002235371,13.72525482,0.237558572,1,0,-162.1949327,-0.18656694,1.0,0
,,,260.54,99088.3,0.8772,20.0,8.82,93.79,163.96,100.46,21.76,0.9071,8,1,,,,1
,,,174.39,100321.6,0.7072,21.04,4.87,76.35,129.88,101.35,19.44,0.7242,9,1,,,,1
,,,17.93,101953.4,0.2411,35.42,3.06,51.8,10.71,8.97,36.01,0.2334,4,0,,,,0
109.1929732,26.24925128,68.0,0.015212917,100223.1072,0.338370361,12.67137206,2.341025464,80.08952867,0.335463014,0.369888942,14.50834584,0.323610532,1,0,-37.11915383,-0.332573963,5.0,0
,,,314.02,98734.7,0.8973,29.04,5.31,100.0,189.73,150.34,30.46,0.9253,6,1,,,,1
109.1929732,26.24925128,68.0,0.208020969,99970.98891,0.108603586,24.57154652,0.187121883,66.8651559,0.165259478,0.074686566,27.57105386,0.098617899,4,0,-92.25780188,-0.332871446,6.0,0
,,,20.18,101278.2,0.2626,37.69,1.22,52.25,15.51,7.81,39.48,0.2696,5,0,,,,0
,,,297.42,98629.0,0.9221,32.76,6.24,99.31,248.08,172.56,33.2,0.925,6,1,,,,1
,,,325.1,98277.0,0.842,28.08,9.68,95.34,205.17,148.35,27.29,0.8442,8,1,,,,1
,,,290.33,98200.5,0.896,26.95,6.18,92.31,244.9,153.72,26.41,0.8966,1,0,,,,1
,,,16.18,101398.4,0.2107,35.94,3.83,48.06,14.45,10.71,37.58,0.2004,11,0,,,,0
109.1929732,26.24925128,68.0,0.00213836,99353.35697,0.095987245,28.89807943,2.652495842,59.29853013,0.002702802,0.002030021,28.80771473,0.096997552,9,1,-229.0613661,-0.490991469,6.0,0
,,,151.32,99990.4,0.6743,33.69,3.9,86.33,91.58,73.69,33.64,0.6587,8,1,,,,1
,,,17.38,101109.7,0.253,19.68,3.68,44.88,14.49,8.32,20.18,0.2482,1,0,,,,0
,,,151.92,99933.0,0.6946,32.65,6.19,86.54,84.12,47.99,31.06,0.698,6,1,,,,1
109.1929732,26.24925128,68.0,0.00183399,98673.07316,0.081179308,38.4518308,1.785719866,27.49905973,0.00253187,0.002545141,38.1977285,0.081354919,5,0,-180.5768735,-0.132683273,0.0,1
,,,335.51,98573.6,0.95,23.69,9.52,99.01,228.89,136.41,22.42,0.9748,9,1,,,,1
,,,263.92,98292.7,0.7985,26.09,8.22,89.02,190.62,144.13,24.97,0.7723,6,1,,,,1
109.1929732,26.24925128,68.0,0.001842208,99117.42419,0.089635932,35.10485116,2.268960469,28.69778718,0.001240388,0.000546124,35.18776732,0.088023322,5,0,318.6663163,4.878408467,5.0,0
,,,2.73,102816.2,0.08,29.5,0.0,25.52,1.66,1.26,27.6,0.0693,8,1,,,,0
,,,106.24,100244.8,0.6398,21.9,3.0,80.24,62.2,40.0,22.3,0.612,9,1,,,,1
,,,262.26,99038.5,0.8393,24.29,8.19,87.35,218.74,177.13,26.07,0.8481,8,1,,,,1
,,,340.35,98097.8,0.9055,30.84,7.05,98.23,210.67,178.2,30.76,0.8763,4,0,,,,1
,,,218.97,99226.8,0.7872,23.14,5.88,90.96,146.26,95.42,22.81,0.7877,6,1,,,,1
,,,288.84,98266.0,0.8899,31.95,8.19,98.75,203.37,161.67,32.23,0.9067,8,1,,,,1
,,,20.29,101418.9,0.2634,33.23,1.54,56.3,12.72,9.8,34.11,0.2757,9,1,,,,0
109.1929732,26.24925128,68.0,0.0,100483.9715,0.085569151,18.03793409,1.413394173,59.97763343,8.04e-05,3.94e-05,18.19349761,0.085550206,12,0,-163.1674465,-0.646527383,7.0,0
,,,24.31,101174.2,0.35,31.35,3.03,63.06,18.4,14.72,32.39,0.3651,1,0,,,,0
,,,167.43,99583.5,0.7272,20.41,4.25,86.19,101.49,72.94,20.18,0.7229,8,1,,,,1
109.1929732,26.24925128,68.0,0.0,98700.76765,0.080410422,33.12497007,5.779179488,36.5636048,0.0,2.79e-05,33.79154683,0.080517674,6,1,-186.1649665,-0.167863975,0.0,1
,,,2.71,102538.8,0.1094,33.06,0.03,20.77,2.21,1.42,32.55,0.1113,1,0,,,,0
,,,20.63,101144.1,0.2859,31.02,2.19,54.36,13.67,10.59,32.17,0.2785,2,0,,,,0
,,,211.73,99757.4,0.7985,21.74,5.61,83.78,135.67,112.47,21.7,0.8249,6,1,,,,1
,,,207.83,99270.9,0.7526,21.42,6.74,90.78,144.78,101.05,21.11,0.733,11,0,,,,1
,,,29.94,100500.0,0.35,25.35,2.48,69.02,17.61,13.24,24.55,0.3556,10,0,,,,0
109.1929732,26.24925128,68.0,0.000189996,100534.1003,0.087411992,19.10615887,3.698457473,50.6681079,0.0005152,0.000427961,19.21893463,0.087434993,12,0,303.6578792,0.992438707,12.0,0
,,,161.34,99807.6,0.7016,20.0,5.34,84.8,119.85,94.09,19.44,0.6716,6,1,,,,1
,,,188.86,99857.7,0.707,20.08,4.71,86.02,142.18,84.37,19.06,0.7101,7,1,,,,1
,,,313.36,98487.2,0.8717,28.55,11.42,99.66,250.0,180.0,29.04,0.8658,1,0,,,,1
,,,289.41,98751.1,0.8395,20.0,9.78,90.64,172.65,143.37,18.66,0.8632,10,0,,,,1
109.1929732,26.24925128,68.0,0.009645262,98881.58117,0.096145631,33.79645702,2.615176042,48.21142498,0.07294146,0.059692131,33.90205465,0.093680637,6,1,47.60562657,0.060868238,0.0,1
,,,141.76,99760.0,0.7083,24.08,5.57,82.62,109.27,87.78,23.55,0.6916,7,1,,,,1
,,,234.44,99027.5,0.811,29.16,6.98,91.2,162.0,108.05,28.08,0.8337,4,0,,,,1
,,,0.32,103000.0,0.0828,36.06,0.0,22.27,0.21,0.12,36.37,0.0802,9,1,,,,0
,,,267.68,99137.2,0.8053,20.0,8.46,92.52,156.03,105.8,19.95,0.8091,7,1,,,,1
,,,285.53,98432.9,0.8837,25.55,8.95,90.69,205.62,119.25,24.59,0.9036,6,1,,,,1
109.1929732,26.24925128,68.0,0.55633329,99086.17373,0.359236197,27.46521391,2.835988207,87.03527014,0.605161387,0.313308977,28.78202945,0.267783049,8,1,-243.7942756,-0.169326675,0.0,1
,,,135.72,100210.3,0.6544,25.67,3.0,80.75,86.97,63.2,25.46,0.6428,6,1,,,,1
109.1929732,26.24925128,68.0,0.069333581,99528.89228,0.12357921,25.17086834,1.20732758,63.62039882,0.065094072,0.030431909,27.38577319,0.102946353,4,0,-184.5544744,-0.289702157,2.0,0
,,,15.24,101708.0,0.2195,34.5,1.15,46.98,7.78,6.96,34.66,0.2107,3,0,,,,0
,,,160.41,100184.9,0.7076,32.99,6.29,84.06,112.27,86.12,32.09,0.6909,3,0,,,,1
109.1929732,26.24925128,68.0,9.39e-05,98977.56171,0.260749414,29.70396343,2.413616345,74.19437804,0.004650651,0.022037695,29.67741774,0.281998471,9,1,-160.3597046,-0.485553766,5.0,0
,,,143.41,99872.5,0.7025,28.31,4.56,87.12,87.75,61.87,29.03,0.7074,8,1,,,,1
,,,18.03,101796.6,0.2411,22.63,2.01,51.02,11.21,6.69,20.85,0.24,8,1,,,,0
,,,0.74,101769.7,0.1088,24.37,0.38,25.56,0.51,0.28,22.95,0.0996,6,1,,,,0
,,,25.64,100500.0,0.3003,20.96,3.53,55.82,20.0,10.04,21.21,0.2906,7,1,,,,0
,,,205.84,99234.9,0.7797,22.67,8.15,81.45,151.1,92.31,23.01,0.7799,8,1,,,,1
,,,242.7,98650.0,0.8209,24.7,7.15,92.18,146.71,111.12,26.22,0.8396,9,1,,,,1
,,,7.19,101794.4,0.1585,32.77,1.79,32.19,6.41,4.78,33.38,0.1589,3,0,,,,0
109.1929732,26.24925128,68.0,0.063026578,98337.07849,0.086873981,35.898282,3.123809641,52.98681391,0.08201692,0.050524312,36.02287464,0.086261915,7,1,252.7280405,2.107772682,4.0,0
,,,145.63,100095.3,0.6227,32.45,3.95,84.72,93.78,62.26,34.24,0.6054,5,0,,,,1
,,,234.83,98856.5,0.8585,29.74,8.45,93.27,165.69,137.96,29.55,0.8586,6,1,,,,1
,,,11.74,102125.5,0.1899,22.13,0.51,43.97,8.88,5.87,24.03,0.208,11,0,,,,0
,,,4.25,102127.6,0.1409,22.83,0.41,29.78,3.66,2.97,21.07,0.1401,7,1,,,,0
,,,339.63,98562.6,0.9149,20.16,6.03,98.46,244.97,180.0,21.67,0.9371,6,1,,,,1
,,,315.84,98958.0,0.853,34.64,7.64,100.0,208.38,172.21,34.5,0.8374,9,1,,,,1
,,,155.84,99938.5,0.7122,32.73,3.52,80.29,121.9,72.31,33.73,0.7143,3,0,,,,1
,,,9.25,102191.3,0.1708,24.31,0.0,39.11,5.58,4.65,24.56,0.1756,12,0,,,,0
,,,297.96,98000.0,0.8865,33.6,9.88,94.38,197.21,112.08,34.09,0.8641,11,0,,,,1
,,,291.9,98739.8,0.8361,29.17,6.94,94.57,233.94,157.56,28.53,0.8297,6,1,,,,1
,,,26.37,101215.6,0.3366,30.83,1.28,62.8,15.31,10.36,29.27,0.335,9,1,,,,0
109.1929732,26.24925128,68.0,0.000230734,100765.584,0.085382966,18.4138975,3.039419993,57.3948101,0.000197666,0.000428986,18.46600996,0.085399768,12,0,-166.8579295,-0.70685474,7.0,0
,,,286.1,99112.6,0.9232,25.68,9.82,91.63,194.43,115.01,26.13,0.9155,8,1,,,,1
,,,19.13,101194.2,0.209,30.2,0.52,52.38,10.89,9.68,30.87,0.2114,2,0,,,,0
,,,13.91,102410.4,0.2095,32.13,1.06,51.23,7.96,6.93,33.14,0.2169,1,0,,,,0
,,,87.65,100500.0,0.6058,26.42,3.0,78.97,60.43,43.56,25.07,0.6266,9,1,,,,1
,,,117.69,100357.5,0.6132,27.56,3.85,77.53,93.04,60.7,29.32,0.6068,8,1,,,,1
,,,137.67,99684.6,0.6461,20.31,6.25,81.2,86.98,72.15,20.46,0.6271,9,1,,,,1
,,,114.34,100256.8,0.6455,25.36,5.38,78.46,81.23,52.45,25.43,0.671,8,1,,,,1
,,,256.48,99454.9,0.8514,26.68,7.71,91.97,193.62,131.59,28.68,0.8702,10,0,,,,1
,,,307.25,98546.8,0.9017,20.0,8.41,95.45,193.84,154.49,20.21,0.8766,9,1,,,,1
,,,18.1,101297.4,0.2601,26.35,1.78,48.25,15.48,9.28,27.57,0.2724,2,0,,,,0
,,,1.66,101996.8,0.08,31.43,0.23,20.0,1.31,0.99,30.05,0.0644,12,0,,,,0
,,,193.18,99378.0,0.7539,25.03,6.1,84.55,141.08,85.95,26.98,0.7286,11,0,,,,1
,,,1.25,102160.8,0.0946,29.28,0.0,23.08,1.05,0.84,28.16,0.0811,4,0,,,,0
,,,21.88,101222.6,0.2825,20.86,3.58,58.22,18.47,10.06,19.15,0.2956,10,0,,,,0
,,,238.43,99611.5,0.8221,21.12,8.3,90.95,136.94,82.8,19.81,0.8241,8,1,,,,1
,,,80.41,100500.0,0.6,23.53,3.86,75.67,51.96,40.0,22.52,0.5716,7,1,,,,1
,,,253.96,98738.6,0.8754,29.13,7.66,87.79,163.63,110.52,27.4,0.8604,8,1,,,,1
109.1929732,26.24925128,68.0,0.789410709,98774.99528,0.309607558,29.31345982,1.233482335,80.16702044,0.642493169,0.358159991,29.84260125,0.298836012,7,1,-179.0353322,-0.125498104,0.0,1
,,,5.2,102753.7,0.0949,24.06,0.0,29.51,4.46,2.51,25.89,0.0751,6,1,,,,0
,,,280.25,98883.0,0.8301,23.87,4.7,95.12,210.4,146.8,22.48,0.8069,11,0,,,,1
109.1929732,26.24925128,68.0,0.002350747,98576.25174,0.079702203,37.03175578,0.678750154,30.47703308,0.005435536,0.002585812,36.68034992,0.079951956,6,1,486.4088442,301.1548345,8.0,0
109.1929732,26.24925128,68.0,0.006477043,98832.63349,0.246524753,30.52968706,1.649557399,74.5383712,0.018205373,0.054748615,30.37175228,0.263875615,8,1,445.4439672,0.990673827,0.0,1
109.1929732,26.24925128,68.0,0.0,99542.90733,0.084413446,31.81583427,3.278793662,14.75308261,0.0,0.0,31.42983771,0.084430723,3,0,105.5592709,0.122551046,0.0,1
,,,191.89,99037.1,0.7433,20.96,3.6,86.22,157.23,99.23,21.96,0.7189,6,1,,,,1
109.1929732,26.24925128,68.0,0.000971213,98845.90297,0.164017237,30.29558287,3.813554456,62.50987243,0.004171255,0.005939932,29.91616753,0.177841341,9,1,-233.1014404,-0.276627485,1.0,0
,,,24.52,101887.0,0.3088,22.58,3.44,61.28,12.6,7.22,22.51,0.3046,11,0,,,,0
,,,126.13,100413.3,0.6037,22.34,3.13,78.47,79.21,50.16,22.33,0.6126,6,1,,,,1
,,,22.74,101559.4,0.2673,19.16,0.74,50.89,12.96,10.63,17.94,0.2639,8,1,,,,0
,,,1.66,102067.3,0.0836,32.92,0.22,24.01,0.89,0.72,31.9,0.0841,5,0,,,,0
,,,9.14,101461.0,0.1698,28.96,0.96,36.55,6.75,5.27,27.27,0.1786,1,0,,,,0
,,,221.9,99019.1,0.7468,20.85,6.29,88.09,175.37,137.26,22.03,0.7661,6,1,,,,1
,,,1.74,102565.9,0.1184,29.85,0.0,23.23,1.17,0.84,30.12,0.1125,11,0,,,,0
,,,322.44,98183.8,0.9147,20.0,9.26,96.89,250.0,176.14,19.87,0.9343,7,1,,,,1
109.1929732,26.24925128,68.0,0.079189258,99021.22684,0.391809185,26.4494533,4.273974337,83.79720851,0.695623343,0.679595988,26.82796297,0.396823315,8,1,-143.0018604,-0.110995454,0.0,1
,,,176.43,99851.0,0.7268,27.74,4.19,85.83,149.66,100.92,28.7,0.7339,2,0,,,,1
,,,13.66,101160.8,0.1902,37.55,1.28,41.25,7.91,6.18,37.64,0.2077,10,0,,,,0
,,,22.11,101305.8,0.2526,27.26,1.74,57.96,13.7,10.66,26.57,0.2454,5,0,,,,0
,,,5.29,101375.4,0.1109,25.46,0.39,22.28,4.48,2.54,27.2,0.0981,8,1,,,,0
109.1929732,26.24925128,68.0,0.0,100102.8827,0.087050022,26.34729326,1.742163608,42.15647697,7.11e-05,3.48e-05,26.42132074,0.08721868,10,0,-175.614674,-0.146836199,0.0,1
,,,10.81,101522.9,0.2041,19.33,1.5,37.47,5.64,3.76,20.12,0.1993,12,0,,,,0
109.1929732,26.24925128,68.0,0.002001541,98988.64274,0.085970332,31.07920935,2.676635103,59.28551095,0.001449414,0.001560991,30.70883512,0.086202205,8,1,-179.3093183,-0.484409966,4.0,0
109.1929732,26.24925128,68.0,0.464151692,98800.57639,0.395207547,26.75287923,0.669218016,86.91607029,0.81948978,2.406291985,26.86429465,0.405988046,8,1,-119.9089943,-0.233411919,4.0,0
,,,116.44,100366.0,0.6031,23.1,4.87,80.52,91.5,77.45,24.17,0.6286,7,1,,,,1
,,,164.76,99689.4,0.7121,26.02,4.3,83.75,92.86,52.24,24.62,0.7001,6,1,,,,1
109.1929732,26.24925128,68.0,0.001122166,98728.82095,0.08164951,34.30213447,4.216963758,37.58337184,0.000463211,0.000333016,34.73952186,0.08175667,5,0,-141.7400046,-0.332295794,5.0,0
,,,184.82,99832.2,0.7371,25.44,5.96,82.63,107.25,68.0,27.44,0.7352,8,1,,,,1
109.1929732,26.24925128,68.0,0.032354472,99007.54786,0.244734435,30.99434624,1.819290307,72.05092303,0.03230744,0.101669184,30.45718311,0.264675747,8,1,-139.2740592,-0.271931704,3.0,0
,,,341.13,98066.3,0.9321,27.57,10.24,99.01,250.0,143.14,26.23,0.9028,4,0,,,,1
,,,247.64,99070.3,0.8107,20.0,9.13,93.42,184.74,105.07,19.78,0.8165,6,1,,,,1
,,,15.25,101304.4,0.2304,35.81,0.0,46.64,9.31,8.18,37.47,0.2127,11,0,,,,0
,,,192.08,99865.0,0.7745,33.58,5.72,82.97,134.72,109.56,33.87,0.7526,10,0,,,,1
109.1929732,26.24925128,68.0,9.25e-05,100087.4952,0.088031929,20.53139319,1.555009524,52.4522967,5.39e-05,5.98e-05,20.10250261,0.088342315,2,0,-178.1491213,-0.653587409,4.0,0
,,,167.56,99661.1,0.7174,20.62,4.08,81.57,141.95,94.65,20.69,0.7099,8,1,,,,1
,,,20.78,101386.3,0.281,31.56,3.18,55.83,12.54,9.28,33.37,0.2821,10,0,,,,0
,,,145.09,100453.4,0.7464,28.97,3.07,86.3,108.92,65.99,27.54,0.7575,6,1,,,,1
,,,84.73,100328.9,0.6,23.68,5.23,81.37,60.45,40.0,24.68,0.585,12,0,,,,1
,,,17.77,101342.1,0.2591,18.34,3.28,54.91,9.68,7.29,17.64,0.2402,6,1,,,,0
,,,17.88,101538.7,0.2462,30.47,2.29,49.77,9.36,5.01,32.34,0.235,2,0,,,,0
,,,23.43,101066.7,0.2585,19.56,3.37,54.6,18.33,14.68,21.43,0.264,4,0,,,,0
109.1929732,26.24925128,68.0,0.000148573,98615.00113,0.090088817,33.99718828,5.130568806,50.95328698,0.000542023,0.002051059,33.97645257,0.093404838,6,1,355.6184431,0.998008415,10.0,0
,,,0.93,102445.7,0.08,28.33,0.85,27.97,0.55,0.43,27.83,0.0762,1,0,,,,0
,,,194.9,99294.3,0.7163,20.0,3.11,84.55,116.94,77.19,21.67,0.7435,8,1,,,,1
,,,11.54,102294.3,0.218,19.84,1.28,40.09,7.61,4.21,18.82,0.2131,8,1,,,,0
,,,21.81,101275.2,0.2725,31.41,0.87,57.93,19.29,12.25,32.07,0.2879,12,0,,,,0
,,,28.59,101483.1,0.3453,34.91,2.5,70.0,16.47,12.56,33.98,0.3271,12,0,,,,0
,,,24.61,101579.2,0.258,22.65,2.13,60.88,15.98,12.52,22.97,0.2748,11,0,,,,0
,,,302.57,98815.7,0.9414,28.69,7.57,98.97,234.29,180.0,30.01,0.9712,7,1,,,,1
109.1929732,26.24925128,68.0,0.254276368,98738.33165,0.141196052,30.83328804,1.973536018,68.4830566,0.113845927,0.054690845,31.60978244,0.148738543,8,1,503.8208271,0.984165937,0.0,1
,,,17.19,101642.7,0.2429,26.2,2.66,46.37,13.92,11.55,26.42,0.2559,7,1,,,,0
,,,28.5,100563.6,0.3232,22.5,4.98,56.75,20.0,15.0,22.28,0.339,11,0,,,,0
109.1929732,26.24925128,68.0,0.00014082,99253.01181,0.080841108,33.84643418,1.845099038,39.51021548,0.002107791,0.004657589,33.12691879,0.080669443,6,1,-231.9924772,-0.623287522,3.0,0
,,,9.59,102599.4,0.1225,35.17,0.56,42.31,5.79,4.25,37.14,0.1319,11,0,,,,0
,,,260.07,99380.2,0.8745,27.63,9.46,97.13,145.49,93.59,26.52,0.8544,8,1,,,,1
109.1929732,26.24925128,68.0,0.0,100386.3784,0.087422446,18.86303403,2.040689747,57.24643092,1.21e-06,7.07e-06,19.16632704,0.087359982,12,0,-183.2678983,-0.22068585,1.0,0
109.1929732,26.24925128,68.0,0.000230629,99704.36991,0.087009302,22.82821568,4.170439531,49.37444864,0.000191198,0.000118278,21.36102415,0.087336546,2,0,-133.8329213,-0.984281456,8.0,0
,,,151.8,100075.7,0.7198,30.63,3.0,82.32,120.18,88.37,32.01,0.7197,6,1,,,,1
,,,4.71,102303.0,0.1406,33.86,0.29,22.83,3.35,1.84,32.51,0.1433,5,0,,,,0
,,,321.9,98286.0,0.8904,29.05,10.41,94.57,250.0,180.0,27.68,0.9099,8,1,,,,1
,,,8.08,102079.6,0.1562,31.11,0.91,27.62,5.44,3.61,32.71,0.1611,1,0,,,,0
109.1929732,26.24925128,68.0,0.00047182,99886.40888,0.086839794,21.86049759,1.609090595,61.43152258,0.000345864,0.000185681,21.88526701,0.087051485,2,0,361.4408951,169.1146824,9.0,0
,,,19.15,101247.1,0.2506,28.72,2.09,55.56,12.74,9.26,29.12,0.2582,1,0,,,,0
,,,148.14,99408.2,0.6604,21.01,3.28,81.54,84.23,64.92,22.79,0.6801,7,1,,,,1
,,,188.84,99352.8,0.7127,20.08,6.41,88.24,147.38,124.39,18.96,0.7383,11,0,,,,1
,,,22.77,100891.3,0.2916,33.68,2.42,61.69,12.82,10.4,34.97,0.3064,2,0,,,,0
,,,6.39,102290.8,0.1539,18.42,0.43,35.66,3.61,2.71,18.19,0.1488,9,1,,,,0
,,,177.72,99372.9,0.7695,32.5,5.51,84.97,142.98,106.65,33.47,0.788,9,1,,,,1
,,,290.95,99023.1,0.8894,20.58,10.29,97.2,234.46,144.48,20.2,0.8908,6,1,,,,1
,,,115.24,100500.0,0.6543,31.39,4.46,77.44,97.77,54.88,30.22,0.6277,9,1,,,,1
,,,5.16,102503.3,0.1437,18.17,0.45,28.22,3.65,2.21,17.24,0.1249,8,1,,,,0
,,,118.26,99678.2,0.6646,24.35,5.37,78.33,73.92,57.31,23.73,0.653,9,1,,,,1
,,,154.23,99851.1,0.6604,30.47,4.3,82.78,107.49,86.51,30.66,0.6421,8,1,,,,1
,,,90.52,100500.0,0.6,29.34,3.0,76.12,71.0,58.58,29.96,0.5916,9,1,,,,1
109.1929732,26.24925128,68.0,4.35e-05,99528.76741,0.09112089,29.03500142,1.81248523,50.88072786,4.24e-05,0.002362138,28.99842059,0.09134984,10,0,-293.5867933,-0.235238895,0.0,1
,,,23.3,101614.5,0.3231,24.02,2.21,49.74,19.7,14.01,22.39,0.3079,7,1,,,,0
109.1929732,26.24925128,68.0,0.00035944,98987.88463,0.102222933,29.07783583,3.102978379,63.52484839,0.001193083,0.00162984,29.39673529,0.103446231,9,1,-252.6130284,-0.202148557,0.0,1
,,,26.79,100500.0,0.35,20.81,4.15,66.34,20.0,12.25,21.79,0.3331,1,0,,,,0
,,,2.14,102223.8,0.0934,37.52,0.14,26.17,1.52,1.01,37.43,0.0912,9,1,,,,0
,,,25.13,101201.4,0.3179,26.78,1.07,64.93,20.0,12.73,26.18,0.3124,11,0,,,,0
,,,5.78,102615.8,0.1161,26.53,0.71,24.76,3.42,2.22,27.01,0.1358,10,0,,,,0
,,,29.51,100500.0,0.35,26.4,4.72,69.63,15.74,8.38,25.57,0.3676,12,0,,,,0
,,,13.27,101870.0,0.1897,23.91,1.53,41.92,7.62,4.3,25.71,0.1698,5,0,,,,0
,,,94.91,100357.8,0.6,31.55,3.0,75.14,58.1,40.0,31.03,0.5883,9,1,,,,1
,,,242.7,98630.4,0.7959,22.43,4.39,88.94,190.26,113.2,20.7,0.7723,8,1,,,,1
109.1929732,26.24925128,68.0,0.000274935,98742.02214,0.089115831,31.2557339,4.702592991,57.42503303,0.000954834,0.000410173,32.06169163,0.088709833,8,1,315.5077203,0.975592871,10.0,0
,,,226.48,99167.6,0.7728,34.1,7.54,83.61,177.63,127.76,35.36,0.7607,9,1,,,,1
,,,3.59,102021.1,0.1203,22.48,0.86,28.19,1.87,1.53,21.27,0.1312,12,0,,,,0
,,,239.49,99254.7,0.8234,28.09,5.21,91.23,140.53,93.67,26.54,0.8134,12,0,,,,1
,,,13.19,101580.2,0.1694,33.57,0.11,42.18,7.5,5.09,32.85,0.1719,5,0,,,,0
,,,114.53,100148.6,0.661,25.63,3.02,76.52,82.65,50.43,26.82,0.6401,9,1,,,,1
,,,20.53,101101.5,0.2471,31.98,1.46,58.9,11.58,9.04,31.69,0.2401,12,0,,,,0
,,,258.87,98911.4,0.8341,29.82,4.8,91.01,159.79,126.73,30.48,0.8213,6,1,,,,1
,,,178.31,99417.6,0.7307,23.88,3.39,82.87,105.43,77.79,23.66,0.7088,8,1,,,,1
,,,19.06,101419.9,0.2251,25.6,0.52,55.21,13.47,11.45,27.38,0.2399,1,0,,,,0
109.1929732,26.24925128,68.0,0.401580566,99149.62826,0.400527108,27.97878566,2.514610829,83.47845213,0.600294032,0.730119562,27.67751184,0.404229889,7,1,-177.9003322,-0.290524673,2.0,0
,,,321.56,98000.0,0.9141,29.19,7.76,98.58,212.11,175.11,29.17,0.9285,7,1,,,,1
,,,209.74,98888.3,0.7743,25.25,3.56,90.52,118.89,81.97,23.65,0.7505,8,1,,,,1
,,,238.03,98780.4,0.8338,20.0,5.81,88.41,157.3,124.13,21.37,0.8151,7,1,,,,1
,,,150.98,99492.9,0.699,23.27,5.01,83.44,93.09,77.4,24.02,0.6991,9,1,,,,1
,,,28.75,100607.0,0.3462,28.38,5.0,70.0,16.02,9.57,29.65,0.3419,1,0,,,,0
,,,346.69,98354.9,0.9191,29.17,9.23,99.44,193.04,149.87,28.14,0.9037,7,1,,,,1
109.1929732,26.24925128,68.0,0.007401066,99562.03286,0.084909987,30.89038032,0.747588407,23.36877363,0.005673838,0.002623189,30.70559426,0.085031499,4,0,-213.2987098,-0.135524429,0.0,1
109.1929732,26.24925128,68.0,8.72e-05,100074.4023,0.094103758,18.07238893,1.41977776,61.46536714,2.91e-05,3e-05,17.96184343,0.094847262,2,0,-309.2579041,-0.243563096,0.0,1
,,,5.74,102493.9,0.1432,25.9,1.46,26.03,2.89,2.35,24.33,0.1565,6,1,,,,0
,,,96.48,100056.9,0.6244,31.1,4.61,80.48,57.53,40.0,31.87,0.6205,8,1,,,,1
,,,1.15,103000.0,0.08,31.25,0.05,20.0,0.72,0.37,32.98,0.0739,3,0,,,,0
,,,13.85,101646.4,0.1707,32.33,2.62,41.66,7.67,4.0,32.42,0.1838,4,0,,,,0
,,,128.54,100034.0,0.7349,34.13,3.0,75.0,107.39,85.57,34.76,0.7167,8,1,,,,1
,,,213.13,99003.3,0.7645,32.75,4.74,88.8,132.69,83.01,33.85,0.7892,5,0,,,,1
,,,14.2,101002.7,0.2096,25.42,1.33,43.03,9.73,6.88,26.98,0.2068,8,1,,,,0
,,,7.44,101951.8,0.1122,22.44,1.0,32.49,6.14,3.19,24.21,0.0952,10,0,,,,0
,,,24.2,100604.2,0.2676,26.24,1.19,62.84,17.36,11.64,28.09,0.2617,5,0,,,,0
,,,291.93,98225.6,0.907,21.82,5.39,97.27,175.61,125.3,21.49,0.9295,9,1,,,,1
,,,201.58,99418.1,0.7338,20.0,6.27,83.03,122.06,85.54,18.4,0.7116,5,0,,,,1
,,,187.95,99490.9,0.7286,23.99,4.96,82.89,139.55,90.34,25.16,0.7314,6,1,,,,1
,,,23.84,100704.8,0.3211,31.24,2.38,58.0,17.41,12.62,33.16,0.3135,11,0,,,,0
,,,163.95,99741.6,0.6661,31.28,6.07,81.35,98.93,76.35,29.64,0.6801,6,1,,,,1
,,,26.43,100878.2,0.3039,31.7,3.45,61.36,18.0,14.7,30.23,0.3144,7,1,,,,0
109.1929732,26.24925128,68.0,0.0,99995.04693,0.085695181,28.14166478,1.235433963,58.67532538,0.0,0.0,28.39816865,0.085671414,11,0,298.5892616,0.472439674,0.0,1
109.1929732,26.24925128,68.0,0.000300723,100210.3067,0.087277476,20.6426404,0.556736419,49.58229637,0.000100241,5.35e-05,19.90298639,0.087449049,12,0,-163.7271927,-0.662442508,6.0,0
,,,16.23,101239.7,0.2265,19.01,0.5,50.74,8.42,6.93,17.9,0.2311,1,0,,,,0
109.1929732,26.24925128,68.0,0.000111762,99552.43695,0.084952326,31.37828612,2.962023319,58.17184412,0.000419853,0.000180278,31.10175248,0.084964672,10,0,307.9275652,80.98484758,11.0,0
109.1929732,26.24925128,68.0,3.56e-06,100309.3687,0.087037914,20.45342228,1.371289096,51.93764112,1.19e-06,0.000263544,20.9300332,0.087012095,11,0,-183.0575444,-0.395375752,3.0,0
,,,306.21,98847.7,0.9405,23.89,10.78,98.65,233.37,180.0,23.04,0.9171,6,1,,,,1
,,,24.14,100500.0,0.2823,36.04,2.03,57.94,14.13,7.44,36.58,0.292,11,0,,,,0
109.1929732,26.24925128,68.0,1.01e-05,100262.9806,0.08710278,18.94090853,0.81560598,52.943834,3.37e-06,5.57e-05,18.88857725,0.087142578,12,0,-183.8050234,-0.22462983,1.0,0
,,,25.45,100500.0,0.2938,18.96,1.6,70.0,13.4,10.89,20.74,0.2967,3,0,,,,0
,,,187.99,99407.5,0.6751,23.03,5.4,86.05,149.42,125.8,23.06,0.6892,9,1,,,,1
109.1929732,26.24925128,68.0,0.0,100475.151,0.087287189,18.55237345,1.538890599,51.05960439,0.000126664,0.000369182,18.92156373,0.087370391,12,0,-154.5988595,-0.135264527,0.0,1
109.1929732,26.24925128,68.0,0.000860844,98553.18702,0.086834069,29.9063646,4.508990102,60.29615007,0.001347163,0.000964267,29.99384624,0.086946041,8,1,5.800376259,0.006428521,0.0,1
,,,2.91,101850.3,0.1122,28.92,0.43,24.54,1.69,1.39,29.93,0.094,10,0,,,,0
,,,11.61,101206.5,0.2107,18.3,1.85,37.29,8.56,6.94,19.46,0.2256,1,0,,,,0
,,,27.27,101000.9,0.3089,23.97,1.53,65.23,20.0,15.0,24.15,0.2969,1,0,,,,0
,,,6.37,102202.0,0.1387,22.53,0.05,25.44,4.38,3.45,22.39,0.1475,1,0,,,,0
,,,8.38,101937.6,0.1217,19.67,0.06,34.28,6.75,3.7,21.5,0.1262,12,0,,,,0
,,,14.44,101700.4,0.2016,36.07,1.04,43.49,11.44,9.26,35.87,0.192,6,1,,,,0
,,,12.58,101624.5,0.2016,35.62,1.82,42.86,8.87,6.53,34.51,0.2126,12,0,,,,0
109.1929732,26.24925128,68.0,0.0,99414.26731,0.087857219,30.5001949,1.734684658,28.03237172,0.0,0.003212348,29.69920947,0.088731732,4,0,-214.7392457,-0.226214267,1.0,0
109.1929732,26.24925128,68.0,0.000205673,99262.6257,0.093609591,32.50059159,5.400256446,47.59264233,0.005678574,0.004139969,32.77566386,0.097159201,5,0,384.0992331,515.7753146,9.0,0
,,,129.27,100176.4,0.6389,31.85,3.71,76.74,103.28,73.83,30.18,0.6496,8,1,,,,1
109.1929732,26.24925128,68.0,0.007356957,98838.72867,0.206126768,29.84662716,2.76775803,71.75514821,0.008197549,0.006145387,29.98267568,0.211814117,9,1,544.3312829,0.71198507,0.0,1
109.1929732,26.24925128,68.0,0.021860677,98623.45759,0.080377079,33.3919034,4.374595459,51.75991921,0.008311989,0.003811998,33.12033772,0.08033202,6,1,-186.6333841,-0.140603749,0.0,1
,,,25.58,101596.6,0.3249,20.28,3.76,64.77,18.71,10.12,21.09,0.3263,10,0,,,,0
,,,247.42,98580.2,0.8473,27.73,5.61,89.49,200.2,149.22,26.98,0.8538,6,1,,,,1
109.1929732,26.24925128,68.0,0.0,99447.53096,0.084320199,30.27828386,1.740012593,17.09925939,0.0,0.0,31.08143309,0.084353079,3,0,-216.2425683,-0.4046277,3.0,0
109.1929732,26.24925128,68.0,0.0,100416.8968,0.091962474,18.59903659,0.866763365,41.42189416,0.0,0.001622143,18.52657854,0.093340519,2,0,-231.8831935,-0.676839817,3.0,0
109.1929732,26.24925128,68.0,0.063314941,98943.16487,0.095165292,34.3341696,2.383283059,44.79837868,0.027535155,0.068602816,33.97569455,0.095818851,6,1,-183.5199968,-0.221184349,1.0,0
,,,93.44,100500.0,0.635,29.35,3.0,75.0,78.32,45.14,29.4,0.632,8,1,,,,1
,,,165.35,99861.0,0.6594,26.69,4.67,81.83,123.26,80.31,25.14,0.642,9,1,,,,1
,,,13.12,101744.0,0.2211,22.65,0.25,35.63,8.48,6.67,22.32,0.2057,11,0,,,,0
,,,100.93,100268.4,0.6579,25.6,3.57,79.65,73.74,42.0,23.68,0.6627,6,1,,,,1
,,,83.92,100036.0,0.6197,23.78,3.0,75.0,58.37,49.56,24.29,0.6335,8,1,,,,1
,,,17.52,101478.7,0.206,31.89,3.42,54.41,14.67,10.47,29.97,0.2244,7,1,,,,0
,,,236.21,99001.3,0.777,27.85,7.16,89.11,170.68,97.75,27.95,0.7476,9,1,,,,1
,,,9.39,101923.1,0.1533,35.16,1.48,38.34,8.15,4.53,35.02,0.1698,5,0,,,,0
,,,113.33,100106.6,0.7088,30.15,3.0,76.75,73.98,55.79,29.28,0.6829,8,1,,,,1
,,,25.3,100500.0,0.2763,23.75,2.29,62.36,14.83,10.37,22.35,0.2822,2,0,,,,0
,,,29.47,100683.8,0.3457,18.7,4.41,69.03,17.42,13.35,19.92,0.3423,5,0,,,,0
,,,18.07,101162.6,0.2551,26.46,2.19,46.42,15.44,7.75,26.55,0.2711,3,0,,,,0
,,,16.22,101125.4,0.2119,24.75,1.71,51.9,9.83,7.16,24.51,0.2268,11,0,,,,0
,,,172.52,99629.2,0.7274,20.0,4.64,91.31,100.37,63.37,20.29,0.7149,7,1,,,,1
,,,118.06,100188.2,0.6398,20.27,3.0,77.99,90.98,57.52,19.69,0.6434,10,0,,,,1
,,,108.16,99783.2,0.6325,20.0,4.58,79.5,68.24,42.62,19.44,0.6136,1,0,,,,1
,,,9.38,101570.4,0.1443,36.27,0.85,32.2,6.26,4.95,35.79,0.1637,4,0,,,,0
,,,4.21,102966.2,0.1327,28.67,0.0,23.96,3.21,1.76,28.11,0.1342,10,0,,,,0
,,,1.6,102676.5,0.1191,34.27,0.2,23.63,1.03,0.85,33.35,0.1342,4,0,,,,0
,,,138.49,100098.0,0.6736,21.19,4.6,84.86,89.26,67.24,20.41,0.698,6,1,,,,1
,,,19.15,100961.6,0.247,26.5,2.42,50.09,11.81,7.36,26.28,0.2321,6,1,,,,0
109.1929732,26.24925128,68.0,0.110528229,98659.27835,0.10171739,32.0192667,1.125456819,64.2386047,0.057873759,0.030815768,33.54742456,0.090371595,7,1,-242.3151272,-0.214449144,0.0,1
,,,1.22,102164.3,0.143,29.32,0.45,26.82,0.81,0.68,28.19,0.1304,3,0,,,,0
,,,253.78,99182.3,0.8347,31.2,6.5,91.3,155.29,119.65,32.65,0.8107,8,1,,,,1
,,,17.21,101107.9,0.2492,24.37,2.44,49.08,13.15,7.72,25.41,0.2389,7,1,,,,0
109.1929732,26.24925128,68.0,0.001690961,99784.23672,0.08880325,20.64061354,0.16894238,47.37140509,0.000722435,0.000442173,19.9585419,0.089318591,2,0,456.4330743,0.995196819,0.0,1
,,,9.86,101429.0,0.1556,18.32,0.0,38.17,8.18,6.75,20.21,0.1456,5,0,,,,0
,,,243.89,99014.8,0.8078,27.57,6.1,88.06,148.97,93.39,29.31,0.8352,1,0,,,,1
109.1929732,26.24925128,68.0,7.26e-05,100422.7162,0.085237013,25.03212352,0.244946576,48.45467074,5.07e-05,5.98e-05,24.69432811,0.085261551,2,0,79.28854846,0.111892854,0.0,1
,,,9.36,101807.5,0.1598,19.46,1.29,43.05,5.45,4.27,20.04,0.177,1,0,,,,0
,,,0.23,103000.0,0.0934,31.73,0.3,20.0,0.17,0.1,30.95,0.1015,11,0,,,,0
109.1929732,26.24925128,68.0,0.002403998,99587.76282,0.088347231,26.25635107,3.408506627,40.05507983,0.00555897,0.002397598,26.53711225,0.089565905,3,0,-141.7816717,-0.991043851,8.0,0
,,,4.5,102063.1,0.1457,21.78,0.11,30.02,2.61,1.89,22.93,0.1398,8,1,,,,0
,,,4.93,101785.0,0.1719,24.14,1.42,31.31,3.58,2.18,24.1,0.1851,12,0,,,,0
109.1929732,26.24925128,68.0,0.036138908,99122.86227,0.110417864,33.28759874,1.730462182,48.78931023,0.041753659,0.035422475,34.1381796,0.097925547,5,0,-134.0833328,-0.994159212,8.0,0
,,,10.46,102052.7,0.1781,26.84,0.88,39.89,7.29,4.08,28.18,0.1747,11,0,,,,0
,,,202.56,99421.2,0.7906,21.86,7.48,86.32,116.51,94.06,22.35,0.7624,7,1,,,,1
109.1929732,26.24925128,68.0,0.000383743,98821.29919,0.109163058,30.69880489,4.51060135,64.10697505,0.000467531,0.000748145,30.54881319,0.11616448,8,1,375.319362,41.80174492,8.0,0
,,,162.12,99398.2,0.7281,28.16,5.0,82.83,98.54,66.01,27.78,0.7099,5,0,,,,1
,,,138.14,100426.7,0.7003,22.82,4.06,77.85,87.22,67.69,22.35,0.6872,10,0,,,,1
,,,338.99,98001.8,0.9044,21.59,9.12,96.99,215.07,128.79,21.62,0.9149,7,1,,,,1
109.1929732,26.24925128,68.0,0.000642943,99357.88942,0.121982241,28.7508514,1.906437361,66.73361002,0.001004573,0.010805032,28.96161609,0.127981988,9,1,-306.6470027,-0.969464272,3.0,0
,,,161.81,99567.8,0.7346,29.67,6.01,88.88,117.15,68.37,28.54,0.7394,3,0,,,,1
109.1929732,26.24925128,68.0,1.68058599,98804.13966,0.414017055,26.62417597,2.383184401,88.20932634,1.45960721,2.501743298,27.05308797,0.412489906,8,1,-119.9089943,-0.189240849,3.0,0
,,,28.03,100500.0,0.321,32.68,1.33,68.12,14.49,9.95,30.85,0.3249,7,1,,,,0
,,,213.86,99084.4,0.7784,32.5,7.56,86.95,122.17,79.04,33.14,0.7798,7,1,,,,1
,,,27.62,100745.5,0.3066,30.08,1.74,66.47,15.99,13.59,29.34,0.3244,12,0,,,,0
,,,15.95,101737.9,0.2473,28.13,2.01,50.31,11.81,7.45,26.55,0.2554,3,0,,,,0
,,,97.22,99840.2,0.6,25.49,3.0,75.37,64.18,44.66,25.0,0.5854,5,0,,,,1
,,,122.62,100257.3,0.658,28.31,4.33,77.27,99.56,69.44,29.82,0.6471,8,1,,,,1
,,,159.21,99677.4,0.6597,25.5,4.18,81.09,115.25,88.06,27.26,0.6714,7,1,,,,1
,,,12.38,101516.8,0.2311,23.24,1.56,43.94,9.85,5.21,23.17,0.212,3,0,,,,0
,,,120.39,99996.8,0.6659,23.51,3.0,80.73,82.57,66.67,24.19,0.6863,9,1,,,,1
,,,281.02,98122.0,0.8699,22.36,6.55,94.19,192.5,116.9,24.31,0.8859,6,1,,,,1
,,,148.09,99686.8,0.6826,27.44,4.04,77.51,93.49,76.05,25.52,0.6777,9,1,,,,1
109.1929732,26.24925128,68.0,0.163738636,100346.2911,0.086115838,22.11170819,3.437960686,54.79510411,0.055263791,0.023688793,22.5931807,0.085572452,11,0,270.7697515,334.7355324,12.0,0
,,,307.13,98329.4,0.9168,30.58,7.48,95.79,224.15,173.77,30.77,0.935,8,1,,,,1
,,,17.03,101115.3,0.2515,23.46,3.0,53.53,13.33,7.08,24.48,0.27,1,0,,,,0
,,,88.38,100500.0,0.6,20.36,3.34,75.0,70.41,40.0,19.08,0.6283,9,1,,,,1
,,,5.04,101847.0,0.1522,25.7,0.19,29.42,3.02,2.54,25.53,0.149,3,0,,,,0
,,,20.9,100877.7,0.2487,27.57,2.7,52.39,12.22,7.94,27.58,0.2687,11,0,,,,0
,,,302.15,98499.8,0.8629,30.48,4.48,95.22,187.95,145.7,31.29,0.8473,9,1,,,,1
109.1929732,26.24925128,68.0,0.0,99700.25502,0.087326617,26.67635132,1.60679222,52.49408621,2.34e-05,4.73e-05,26.490956,0.087364569,10,0,303.7359211,47.28017724,9.0,0
,,,8.48,101957.5,0.1408,37.62,2.35,40.2,5.67,5.02,36.27,0.1354,11,0,,,,0
,,,101.6,100454.7,0.6665,26.32,3.89,82.39,58.34,40.0,26.51,0.6854,6,1,,,,1
,,,327.96,98477.6,0.8442,26.32,8.5,99.53,250.0,180.0,27.84,0.8595,9,1,,,,1
,,,20.23,101730.4,0.2262,20.32,2.21,49.09,12.81,10.95,18.55,0.2318,12,0,,,,0
,,,3.14,102001.1,0.1076,34.32,0.44,28.45,2.31,1.93,35.15,0.1224,5,0,,,,0
,,,193.03,99586.0,0.7037,20.06,6.4,82.74,138.0,85.61,21.4,0.7197,4,0,,,,1
,,,7.54,102262.7,0.1409,25.38,0.28,33.78,4.58,3.76,26.66,0.1305,10,0,,,,0
,,,207.84,99290.7,0.7999,28.59,5.43,88.93,144.44,103.36,29.66,0.7797,9,1,,,,1
,,,27.83,100545.6,0.312,25.84,3.87,62.48,20.0,15.0,24.18,0.3126,9,1,,,,0
,,,155.93,99890.9,0.6502,26.25,6.01,81.53,114.32,69.58,25.93,0.6527,7,1,,,,1
,,,129.91,100263.3,0.7089,30.84,3.0,82.2,110.28,67.45,29.68,0.6959,6,1,,,,1
109.1929732,26.24925128,68.0,0.000786805,100591.9424,0.085532777,16.00680665,1.989654466,65.6363241,0.000599417,0.000320989,16.10062153,0.085519396,1,0,439.3512552,0.575421373,0.0,1
,,,281.54,98463.9,0.8239,24.31,4.47,96.79,170.32,135.44,23.49,0.8236,9,1,,,,1
,,,237.41,98971.4,0.7697,20.0,3.29,87.17,141.33,113.58,20.68,0.7409,7,1,,,,1
,,,224.13,98939.4,0.7808,20.59,4.6,90.08,147.68,106.14,20.14,0.7944,10,0,,,,1
,,,178.66,99660.3,0.7267,31.44,6.35,84.86,110.11,66.63,29.65,0.7098,8,1,,,,1
,,,139.44,99520.8,0.6679,28.07,3.88,79.06,100.27,72.02,26.61,0.673,7,1,,,,1
,,,26.67,100540.1,0.3239,24.83,3.81,60.31,16.04,13.48,23.19,0.3416,8,1,,,,0
,,,22.4,101346.0,0.2756,27.08,1.55,59.92,19.71,15.0,27.32,0.2749,10,0,,,,0
,,,102.06,100167.3,0.6,21.95,3.0,75.0,80.69,52.84,22.19,0.6042,6,1,,,,1
,,,6.59,101874.9,0.1118,20.86,0.67,27.28,3.67,2.02,19.53,0.107,10,0,,,,0
109.1929732,26.24925128,68.0,0.0,99294.35436,0.083823174,33.71703115,1.949878152,17.76030555,0.0,1.08e-05,33.91316158,0.083852937,4,0,87.30660621,0.093250847,0.0,1
109.1929732,26.24925128,68.0,0.028292923,100622.7805,0.094009802,13.33132981,3.972410192,64.34433494,0.009518149,0.004192243,14.60764436,0.089267834,1,0,-194.2009387,-0.149001265,0.0,1
,,,23.22,101268.3,0.2657,19.82,2.72,56.92,18.91,10.23,21.14,0.2591,11,0,,,,0
,,,97.26,100500.0,0.6764,26.34,3.0,76.11,60.67,43.24,27.92,0.6829,8,1,,,,1
109.1929732,26.24925128,68.0,1.937244771,98796.77449,0.397627393,27.70857829,2.07625372,84.38448588,0.955182718,1.799383023,27.07144558,0.396014162,8,1,-290.0307116,-0.329745614,1.0,0
,,,9.17,101970.7,0.1734,33.38,0.16,31.3,6.14,4.49,33.19,0.193,8,1,,,,0
,,,27.68,100500.0,0.3114,25.22,0.53,65.06,18.28,14.87,24.41,0.3117,8,1,,,,0
109.1929732,26.24925128,68.0,0.000433716,100595.1645,0.085520289,16.5040048,0.857572273,65.12490122,0.000312089,0.000313701,16.4334202,0.08555419,1,0,928.9756564,0.977534141,0.0,1
,,,321.39,98241.6,0.95,26.71,8.33,99.89,187.82,124.95,27.51,0.9724,9,1,,,,1
,,,24.9,100572.7,0.2842,28.47,3.27,56.69,20.0,10.16,27.68,0.2839,12,0,,,,0
109.1929732,26.24925128,68.0,0.000116233,100273.1916,0.087121101,18.74525071,1.164432245,57.01622753,4.21e-05,4.52e-05,18.84952362,0.087128786,12,0,-183.8050234,-0.289706568,2.0,0
,,,22.53,101025.1,0.2915,26.0,0.81,57.93,17.66,11.93,26.43,0.3055,2,0,,,,0
109.1929732,26.24925128,68.0,0.0,100659.4601,0.086205729,22.52882226,1.202993262,50.64480642,0.000161564,0.000304799,24.56649531,0.086609774,11,0,-76.59261268,-0.496565451,7.0,0
,,,14.67,101737.6,0.1715,26.94,0.31,49.64,12.4,7.4,26.85,0.1605,5,0,,,,0
,,,80.7,100500.0,0.625,20.53,3.0,75.43,51.63,40.0,22.07,0.6193,6,1,,,,1
,,,23.16,101226.1,0.2537,28.88,0.64,58.67,14.29,11.45,27.33,0.2462,7,1,,,,0
,,,332.71,98060.0,0.9047,22.95,7.36,100.0,234.22,143.65,21.4,0.933,8,1,,,,1
,,,23.69,101043.4,0.3056,22.92,3.43,57.15,14.15,12.15,23.92,0.3098,12,0,,,,0
,,,133.68,99896.6,0.6805,24.39,3.98,79.28,86.02,70.82,24.83,0.6519,7,1,,,,1
109.1929732,26.24925128,68.0,0.420533514,98568.92252,0.204366144,31.62476346,1.158424061,75.1861958,0.414596731,0.180481776,32.49777325,0.167248771,7,1,178.4447853,1.701312855,4.0,0
,,,331.98,98108.9,0.8721,24.5,6.9,100.0,200.61,158.63,24.33,0.8656,8,1,,,,1
,,,281.99,98751.0,0.857,25.38,8.24,94.77,199.99,118.99,24.53,0.864,6,1,,,,1
,,,26.85,100886.5,0.3372,21.47,1.64,69.17,16.19,11.88,22.02,0.3326,2,0,,,,0
,,,19.28,101175.2,0.2862,21.91,1.75,55.16,11.79,9.16,20.76,0.29,2,0,,,,0
,,,16.38,100641.0,0.236,31.35,1.26,47.57,11.14,5.81,29.41,0.2253,9,1,,,,0
,,,17.0,101503.3,0.2396,29.98,2.4,49.56,13.58,12.02,31.35,0.2205,11,0,,,,0
,,,29.3,101079.3,0.35,23.13,5.0,70.0,20.0,14.12,21.18,0.3587,1,0,,,,0
109.1929732,26.24925128,68.0,0.64473215,98481.05416,0.334101046,28.58804263,3.409361682,82.96154817,0.533559925,0.51200445,30.64044489,0.27711398,8,1,-132.8561552,-0.483086136,6.0,0
,,,330.46,98000.0,0.9289,31.4,6.46,99.13,250.0,157.86,30.91,0.9324,4,0,,,,1
,,,283.86,98734.9,0.856,25.16,6.02,91.64,220.38,180.0,26.39,0.8426,9,1,,,,1
,,,223.48,99568.9,0.7505,20.0,5.12,84.78,166.11,134.85,20.32,0.7481,9,1,,,,1
,,,5.82,102469.2,0.1381,27.2,0.95,24.9,3.3,1.71,27.81,0.1343,12,0,,,,0
,,,10.95,102272.2,0.1569,33.1,1.37,40.4,9.01,5.08,33.77,0.1569,8,1,,,,0
,,,13.52,101181.6,0.1998,18.27,2.15,47.62,8.64,6.22,16.5,0.2106,12,0,,,,0
,,,7.67,101722.0,0.1709,23.72,1.26,31.15,4.34,2.51,23.62,0.173,11,0,,,,0
,,,201.6,99377.7,0.759,27.0,6.54,90.16,169.15,94.34,25.16,0.7666,8,1,,,,1
,,,14.68,101697.7,0.1949,34.46,0.79,48.65,7.35,4.99,35.87,0.1806,4,0,,,,0
109.1929732,26.24925128,68.0,6.83e-05,98915.85711,0.079835988,34.38149179,4.332931299,43.17088515,4.4e-05,0.000823558,34.83716473,0.079891887,6,1,-112.5529827,-0.993286992,8.0,0
,,,1.02,102956.4,0.1149,30.5,1.1,20.0,0.74,0.61,30.62,0.1267,2,0,,,,0
,,,14.49,101853.9,0.2369,27.27,1.58,37.84,7.37,5.28,25.78,0.2207,7,1,,,,0
,,,251.46,99039.2,0.8309,20.33,7.38,91.68,209.7,150.5,19.61,0.8148,6,1,,,,1
,,,258.27,99136.5,0.8053,30.94,7.76,92.23,183.12,137.28,32.53,0.8195,7,1,,,,1
,,,312.38,98707.7,0.8775,33.45,8.63,99.9,227.22,162.31,34.14,0.8724,10,0,,,,1
,,,12.09,101923.8,0.1707,23.91,0.14,35.03,8.63,7.71,22.07,0.1721,12,0,,,,0
109.1929732,26.24925128,68.0,0.001211716,100114.1824,0.08511993,28.10567829,2.95574524,28.50915038,0.000807811,0.000355749,27.84525195,0.08513834,4,0,321.0545322,3.30555524,5.0,0
109.1929732,26.24925128,68.0,0.0,99715.52465,0.088316504,20.32431394,0.695103766,47.37035233,0.001127307,0.000683739,20.53518034,0.088641002,2,0,-285.9485521,-0.188088315,0.0,1
,,,23.25,100612.6,0.2878,20.08,3.87,54.87,14.6,11.35,19.97,0.2963,10,0,,,,0
109.1929732,26.24925128,68.0,0.000571104,99183.37496,0.090348006,32.81829498,2.670387505,52.56004492,0.003147593,0.052436985,32.04316344,0.092778787,9,1,-117.80343,-0.328333195,6.0,0
,,,1.41,102541.3,0.1003,36.07,0.0,20.0,1.26,0.92,35.45,0.1111,2,0,,,,0
,,,24.15,101119.5,0.2964,25.51,0.69,60.72,16.48,14.8,24.2,0.3156,1,0,,,,0
,,,25.46,101036.9,0.2678,35.69,1.9,64.58,20.0,11.5,37.38,0.248,12,0,,,,0
,,,19.51,101266.5,0.2455,29.56,2.72,37.6,13.31,9.16,30.44,0.2493,6,1,,,,0
,,,26.5,101101.8,0.3141,31.36,3.49,61.42,16.06,14.26,29.91,0.3243,11,0,,,,0
,,,96.53,100440.9,0.6305,29.77,3.78,75.0,81.44,52.48,30.1,0.6016,8,1,,,,1
,,,22.67,101507.2,0.2853,22.55,1.92,58.89,12.9,6.66,24.29,0.2728,3,0,,,,0
109.1929732,26.24925128,68.0,0.000311816,100463.1814,0.086339353,16.33794078,1.923113817,47.06311871,0.000139703,8.72e-05,15.76934853,0.086348262,12,0,-140.0404109,-0.186137556,2.0,0
,,,10.6,101228.3,0.1746,26.05,1.07,34.45,7.88,6.8,25.62,0.1658,6,1,,,,0
109.1929732,26.24925128,68.0,0.005024114,98831.91993,0.279307622,30.43843972,3.559512646,72.49824743,0.137672407,0.551356945,29.672227,0.309755474,8,1,-134.2640189,-0.206270653,2.0,0
,,,286.36,98803.3,0.8778,31.0,5.24,95.05,188.53,143.18,29.74,0.8588,6,1,,,,1
,,,25.85,100592.1,0.2915,28.02,2.78,67.95,20.0,10.7,26.47,0.2738,4,0,,,,0
,,,234.74,98936.4,0.726,23.29,4.9,96.05,182.19,153.63,22.04,0.7241,8,1,,,,1
,,,18.93,100926.5,0.2593,36.46,3.25,51.73,13.75,10.0,35.52,0.2557,5,0,,,,0
,,,288.7,98000.0,0.8948,30.19,5.17,97.06,197.08,122.65,31.66,0.8729,8,1,,,,1
,,,22.97,100954.6,0.2754,34.08,1.52,56.95,17.38,12.5,33.73,0.2936,6,1,,,,0
,,,288.51,98307.6,0.8824,33.53,9.62,90.95,182.05,109.26,32.68,0.8933,6,1,,,,1
109.1929732,26.24925128,68.0,0.0,98549.7237,0.082479167,35.2857166,3.570209812,38.86443552,0.000257631,0.000140376,34.45762544,0.08128773,5,0,-236.6275089,-0.289484791,1.0,0
,,,14.29,101347.5,0.1844,19.45,2.18,42.04,7.68,4.42,20.96,0.1784,7,1,,,,0
,,,9.34,102080.3,0.1615,36.98,1.59,33.42,8.3,4.67,36.88,0.1609,5,0,,,,0
,,,20.72,101021.7,0.2493,24.24,0.21,51.08,15.16,8.53,23.26,0.2527,3,0,,,,0
109.1929732,26.24925128,68.0,0.0,100241.4824,0.087348705,19.17768339,2.293818332,55.84650853,8.85e-06,7.07e-06,19.40874063,0.087334451,12,0,-183.2678983,-0.180788407,0.0,1
,,,169.04,99974.6,0.683,32.02,5.95,83.75,100.18,79.62,32.96,0.6618,7,1,,,,1
109.1929732,26.24925128,68.0,0.000433054,99699.72509,0.113542673,22.8336336,0.918748634,65.06703645,0.067275422,0.052857399,23.29618368,0.108035908,3,0,421.8145753,0.615105373,0.0,1
,,,14.33,101395.6,0.2,37.74,0.85,42.54,12.76,9.75,39.21,0.1851,10,0,,,,0
,,,8.25,101499.3,0.1949,28.4,0.0,29.37,4.98,4.41,29.77,0.1825,6,1,,,,0
,,,299.95,98413.3,0.8632,29.29,7.03,92.36,231.33,180.0,29.47,0.8715,6,1,,,,1
,,,222.74,99303.4,0.7815,23.78,6.39,90.14,126.65,102.17,24.46,0.7718,7,1,,,,1
,,,112.17,100133.8,0.607,21.75,3.0,78.53,85.42,69.6,20.96,0.6288,6,1,,,,1
,,,11.72,101615.3,0.1934,34.66,0.91,38.16,10.04,6.76,36.17,0.19,1,0,,,,0
109.1929732,26.24925128,68.0,0.0,100307.799,0.087227812,17.03954083,2.282302351,46.3947703,0.000157709,0.000267506,17.56298778,0.087250298,12,0,-126.9953682,-0.331884641,6.0,0
,,,99.13,100058.2,0.6222,23.43,4.41,75.0,84.2,65.66,22.57,0.6206,8,1,,,,1
,,,23.52,101012.6,0.2873,22.36,3.07,55.03,17.65,15.0,23.49,0.2979,9,1,,,,0
,,,81.28,100385.1,0.6135,27.61,3.0,76.02,51.07,43.15,26.99,0.5839,6,1,,,,1
,,,187.58,99578.1,0.7966,29.82,6.04,84.47,105.99,63.58,30.92,0.8263,4,0,,,,1
,,,16.11,100936.2,0.2112,36.1,1.2,48.99,10.81,9.59,35.01,0.1938,11,0,,,,0
109.1929732,26.24925128,68.0,0.000161928,98802.68317,0.094165701,34.34333774,2.652282282,48.96990917,0.00506795,0.052939781,33.67243219,0.100867481,7,1,-168.9434099,-0.283528221,4.0,0
,,,10.68,101798.5,0.1659,21.11,1.2,44.77,6.88,4.21,19.14,0.185,1,0,,,,0
,,,18.21,101157.1,0.2784,29.92,3.61,48.66,16.26,13.49,28.83,0.2804,7,1,,,,0
,,,0.65,102562.9,0.0927,22.94,0.0,27.41,0.52,0.37,24.46,0.0811,7,1,,,,0
109.1929732,26.24925128,68.0,0.000121045,98770.23159,0.080355476,33.62433695,4.465752293,49.07561188,6.99e-05,3e-05,33.88758346,0.080467952,5,0,-224.7398687,-0.200940635,0.0,1
,,,1.66,102609.4,0.098,28.5,0.24,20.0,1.28,0.81,30.32,0.1068,9,1,,,,0
109.1929732,26.24925128,68.0,0.0,99302.02874,0.08526997,32.15099941,0.749054515,29.69876731,0.000685847,0.000639897,32.49019097,0.085627611,9,1,-194.7204679,-0.179243915,0.0,1
,,,24.37,100756.8,0.2696,20.28,3.71,65.82,19.41,13.66,20.81,0.2859,2,0,,,,0
,,,289.69,98871.7,0.8896,29.42,6.76,93.33,172.53,121.8,28.41,0.8934,5,0,,,,1
,,,107.23,100383.4,0.6787,29.26,3.25,79.92,82.42,59.49,29.78,0.6577,8,1,,,,1
,,,289.16,98653.1,0.9112,23.77,9.04,93.65,174.66,135.3,22.92,0.8843,10,0,,,,1
,,,170.3,99320.6,0.6794,21.01,5.02,81.67,137.13,99.7,19.6,0.6712,8,1,,,,1
,,,231.8,99088.0,0.7842,22.55,5.87,91.03,164.78,134.69,23.99,0.7668,8,1,,,,1
,,,245.09,99219.5,0.7848,31.81,6.2,94.53,152.97,129.51,30.06,0.8035,9,1,,,,1
,,,3.44,102929.8,0.0994,24.69,0.0,23.15,2.36,1.62,24.34,0.0879,7,1,,,,0
,,,216.21,99124.5,0.7838,32.46,5.1,89.5,140.16,86.82,30.85,0.8116,9,1,,,,1
,,,15.72,101693.2,0.2413,26.01,2.91,46.06,10.43,7.35,26.31,0.261,4,0,,,,0
109.1929732,26.24925128,68.0,0.00385891,100584.5646,0.085236838,22.72633579,3.714471582,55.97107416,0.001294789,0.000578146,24.40071804,0.085166822,3,0,-176.228703,-0.404711754,3.0,0
,,,0.3,101954.9,0.1156,37.59,0.27,29.33,0.16,0.11,36.51,0.099,2,0,,,,0
,,,160.65,99471.1,0.7251,28.43,3.31,81.14,93.75,54.35,30.36,0.7469,4,0,,,,1
,,,346.37,98000.0,0.8938,27.52,10.85,100.0,237.1,180.0,28.51,0.9125,11,0,,,,1
109.1929732,26.24925128,68.0,1.226815531,98745.85758,0.410387573,27.99322201,2.47115592,89.77197454,1.804004135,0.89022923,30.01230784,0.267831886,7,1,-215.8841733,-0.706926632,4.0,0
,,,19.59,101235.4,0.2592,25.55,3.0,51.1,12.89,7.09,26.94,0.2705,2,0,,,,0
,,,253.29,98823.5,0.8176,26.63,6.02,88.8,180.55,102.51,28.57,0.8361,4,0,,,,1
109.1929732,26.24925128,68.0,0.02739475,99510.45384,0.106243029,23.30729396,2.476770723,63.36990413,0.022334489,0.02283817,24.5214966,0.100432289,3,0,-185.6544608,-0.219667267,1.0,0
,,,20.1,101170.9,0.2887,37.87,1.9,45.62,14.14,11.23,36.52,0.2747,1,0,,,,0
,,,288.61,98730.0,0.8829,21.98,5.42,97.65,184.22,124.81,20.07,0.8777,8,1,,,,1
,,,113.91,100500.0,0.6962,23.64,3.75,75.17,67.2,49.62,23.72,0.6861,10,0,,,,1
,,,344.84,98336.2,0.95,23.61,9.55,99.04,250.0,178.28,25.44,0.9273,8,1,,,,1
,,,141.57,100312.3,0.715,31.0,4.06,75.0,81.25,57.1,32.42,0.7169,9,1,,,,1
109.1929732,26.24925128,68.0,0.0,100505.6155,0.085414864,18.17344277,2.567840205,56.91740807,7.69e-05,0.000117676,18.23829847,0.085403584,12,0,-71.89738929,-0.496809856,10.0,0
,,,14.68,101468.3,0.2079,18.08,1.98,42.93,7.72,4.38,16.72,0.1998,10,0,,,,0
,,,4.14,102173.6,0.1363,31.92,0.31,26.74,2.65,2.32,32.74,0.1196,11,0,,,,0
,,,15.22,101759.0,0.231,23.96,0.95,48.53,13.13,11.26,25.02,0.2272,6,1,,,,0
,,,185.66,99582.6,0.7823,22.56,5.12,88.03,125.1,79.39,23.33,0.7681,6,1,,,,1
,,,141.62,99987.9,0.6662,29.93,6.3,85.08,111.09,69.36,28.59,0.6696,9,1,,,,1
,,,19.38,101619.5,0.2471,20.89,3.07,57.69,15.56,9.62,22.69,0.2616,5,0,,,,0
,,,4.57,100621.6,0.1173,32.67,0.02,26.51,3.06,2.42,32.55,0.1289,2,0,,,,0
,,,11.44,101786.3,0.1906,26.26,1.51,39.74,7.51,4.71,24.32,0.1727,8,1,,,,0
,,,335.26,98259.2,0.9446,31.03,10.64,100.0,239.22,179.01,29.86,0.9402,9,1,,,,1
,,,137.08,99786.5,0.6242,22.01,4.31,76.16,81.79,51.29,20.05,0.6343,7,1,,,,1
109.1929732,26.24925128,68.0,9.08e-05,100372.1852,0.086230406,16.78459898,0.46895777,57.52567918,8.81e-05,9.14e-05,16.54911306,0.086294015,1,0,580.0628614,0.734337771,0.0,1
,,,187.58,99610.0,0.7662,28.67,3.0,87.15,126.22,82.95,30.24,0.7712,5,0,,,,1
,,,160.94,100074.9,0.6948,28.35,6.15,85.35,124.02,98.0,26.53,0.6765,9,1,,,,1
,,,7.7,102280.0,0.1385,30.22,1.2,31.08,4.15,2.41,30.77,0.1251,5,0,,,,0
109.1929732,26.24925128,68.0,0.0,100529.8843,0.216699737,14.17468706,0.769752708,64.15002873,0.0,6.21e-05,13.9409211,0.229152799,1,0,-162.1949327,-0.229357459,2.0,0
,,,99.66,100181.5,0.6267,22.59,3.0,81.48,56.09,40.82,23.42,0.6212,8,1,,,,1
109.1929732,26.24925128,68.0,0.063354225,99176.68779,0.1761403,31.70038547,1.166454469,60.96609633,0.050117193,0.035536233,30.71027269,0.189802839,9,1,-330.1230694,-0.126270652,0.0,1
,,,10.68,101684.6,0.1866,30.0,0.74,39.65,5.91,4.16,31.3,0.1828,6,1,,,,0
,,,88.43,100500.0,0.6495,29.09,3.0,75.0,50.79,40.0,28.64,0.6322,8,1,,,,1
109.1929732,26.24925128,68.0,0.030370817,98432.25674,0.097169858,36.11290584,1.421810887,51.67830132,0.076068805,0.067785782,35.75281861,0.091279304,7,1,-123.7293041,-0.988471729,7.0,0
,,,14.09,102186.7,0.2181,28.69,0.82,37.35,11.4,7.64,26.72,0.2365,3,0,,,,0
,,,341.4,98000.0,0.95,31.24,7.87,99.89,250.0,180.0,32.65,0.9281,9,1,,,,1
,,,21.87,101276.7,0.2786,22.5,1.51,54.53,19.12,14.67,23.37,0.2637,4,0,,,,0
,,,237.76,99062.4,0.7736,21.24,6.46,90.1,172.9,118.45,21.39,0.8002,7,1,,,,1
109.1929732,26.24925128,68.0,0.000128526,100873.2552,0.086329721,15.41403552,1.646473753,47.92386948,8.57e-05,4.31e-05,15.72785744,0.086371281,12,0,-136.2374916,-0.191649992,2.0,0
109.1929732,26.24925128,68.0,0.0,100068.6186,0.087180483,20.13382714,1.896623009,54.57425457,1.64e-05,7.53e-06,20.57581088,0.08709723,11,0,-140.0812341,-0.495099561,7.0,0
109.1929732,26.24925128,68.0,0.015294982,99342.42782,0.371740248,27.3593041,1.373874713,81.04862656,0.036593074,0.614072506,27.0560205,0.378429894,8,1,151.0847668,0.150729935,0.0,1
,,,20.48,101060.0,0.2583,25.81,2.34,47.48,17.87,14.91,25.29,0.2622,9,1,,,,0
,,,253.39,98906.0,0.8674,31.13,7.73,92.41,203.46,168.56,29.18,0.8848,7,1,,,,1
,,,5.05,102549.4,0.1447,19.93,0.6,26.84,3.27,1.96,21.84,0.1259,2,0,,,,0
,,,311.04,98565.9,0.8754,20.0,8.29,94.17,185.52,149.22,21.97,0.858,9,1,,,,1
,,,4.7,101614.8,0.1021,34.31,0.23,27.6,4.02,3.34,34.09,0.1064,6,1,,,,0
,,,15.98,101237.7,0.2018,33.58,1.38,48.7,10.54,7.99,35.15,0.2068,3,0,,,,0
109.1929732,26.24925128,68.0,0.012342327,98261.01593,0.084131553,35.039682,2.89897127,53.34070855,0.005794162,0.009715224,35.16858904,0.084400849,7,1,-236.1399781,-0.290345634,1.0,0
,,,229.69,99529.9,0.7945,22.25,8.8,83.19,150.53,90.51,21.96,0.8071,8,1,,,,1
,,,112.4,100438.1,0.6461,31.75,3.81,79.68,92.37,71.51,30.49,0.6344,9,1,,,,1
,,,19.8,101059.6,0.261,19.88,1.11,51.49,14.7,10.6,19.68,0.2613,3,0,,,,0
,,,4.63,101653.9,0.1093,29.89,0.0,32.81,3.88,2.82,28.62,0.1032,5,0,,,,0
,,,0.47,102570.5,0.08,20.39,0.45,20.0,0.41,0.26,21.29,0.0826,9,1,,,,0
,,,95.73,100265.9,0.6505,28.17,4.86,78.13,60.86,44.3,28.38,0.6686,9,1,,,,1
109.1929732,26.24925128,68.0,0.001319946,100186.6774,0.085904507,24.18382633,1.303061004,61.37402847,0.000560685,0.000832952,24.0789422,0.085884227,11,0,-63.22725424,-0.331389085,10.0,0
,,,101.33,99792.4,0.6213,26.91,4.31,77.52,77.0,45.53,26.29,0.6329,9,1,,,,1
,,,92.6,100066.3,0.6,27.97,3.0,75.0,68.68,41.47,29.01,0.5908,9,1,,,,1
,,,184.73,99490.4,0.6854,24.8,8.14,82.42,124.73,69.91,23.64,0.6871,5,0,,,,1
,,,20.7,100681.8,0.2575,27.0,0.6,56.66,13.99,8.25,26.57,0.27,3,0,,,,0
,,,182.07,99300.8,0.7108,33.34,6.35,84.45,137.06,89.11,33.19,0.6821,12,0,,,,1
,,,18.21,100588.9,0.2427,20.35,2.6,46.73,14.82,8.61,22.05,0.2397,5,0,,,,0
,,,11.88,102544.4,0.1798,19.88,1.43,46.11,10.17,7.8,20.6,0.1831,4,0,,,,0
109.1929732,26.24925128,68.0,0.050452495,100258.8504,0.087120419,23.4838203,2.393361985,60.94441951,0.018525039,0.00801482,25.45789654,0.086734614,11,0,313.6716498,0.985779318,10.0,0
,,,127.1,100242.0,0.6626,21.88,3.92,78.33,75.71,53.73,22.58,0.6473,9,1,,,,1
109.1929732,26.24925128,68.0,7.57e-05,99543.42556,0.08429694,31.96642137,2.65259825,16.8456732,0.00321367,0.003414397,30.61976044,0.08442518,4,0,-197.9627118,-0.158527981,0.0,1
,,,192.8,99590.7,0.7353,30.74,6.22,83.3,111.15,71.38,29.76,0.7327,5,0,,,,1
,,,29.39,100500.0,0.3434,33.16,1.36,70.0,20.0,14.09,31.5,0.349,11,0,,,,0
,,,29.87,100690.0,0.35,33.28,1.62,66.26,20.0,11.76,33.57,0.3571,8,1,,,,0
,,,129.25,100152.5,0.6474,33.27,4.95,76.71,72.28,45.01,34.06,0.6696,9,1,,,,1
,,,246.79,99281.5,0.8447,20.8,7.49,91.84,168.02,135.64,19.87,0.8246,7,1,,,,1
,,,112.06,100059.1,0.6677,30.33,4.32,77.04,71.31,54.58,31.27,0.6684,10,0,,,,1
,,,338.8,98410.7,0.95,29.61,6.18,100.0,224.79,156.72,28.22,0.9204,6,1,,,,1
109.1929732,26.24925128,68.0,0.0,99612.10578,0.084721128,29.06770406,2.769690968,24.86553392,0.000503233,0.00095534,28.41829206,0.084807632,3,0,-90.24814161,-0.331541766,6.0,0
,,,293.24,98613.0,0.9131,21.22,4.88,91.42,210.18,124.54,22.86,0.9337,6,1,,,,1
109.1929732,26.24925128,68.0,0.00064442,100470.5815,0.085850456,16.49238116,1.553566416,61.83058377,0.000235669,0.000156786,16.89310561,0.085899987,1,0,7.557324963,0.100830313,4.0,0
,,,128.99,100137.1,0.6793,20.0,4.07,80.88,101.44,73.79,18.7,0.6935,8,1,,,,1
109.1929732,26.24925128,68.0,0.009386272,98772.03313,0.107457531,32.40762867,0.284184402,62.73030991,0.103971616,0.052387671,32.90488234,0.10361818,7,1,27.73610138,0.0376303,2.0,0
109.1929732,26.24925128,68.0,0.0,100744.5571,0.0853822,23.47163102,3.005863021,57.66314861,0.000379798,0.000728058,23.13123902,0.085353434,3,0,-125.8606804,-0.332170583,6.0,0
,,,25.89,100500.0,0.2943,27.96,3.88,58.09,17.47,13.9,26.38,0.3111,3,0,,,,0
,,,22.49,101038.9,0.2897,36.69,2.12,51.73,14.1,10.91,37.78,0.3059,5,0,,,,0
,,,335.0,98627.5,0.9248,23.81,9.57,100.0,242.86,137.89,25.28,0.9309,9,1,,,,1
109.1929732,26.24925128,68.0,8.38e-05,98870.67232,0.087753087,34.92243188,1.673116122,46.94793415,0.002325927,0.029928125,34.71835939,0.088040219,6,1,325.7035372,3.266126451,5.0,0
109.1929732,26.24925128,68.0,0.000178819,100484.1798,0.116035942,15.48296722,0.742452627,49.22845901,9.98e-05,4.28e-05,14.93233543,0.118344185,1,0,-249.4179563,-0.222772679,0.0,1
,,,5.5,102277.3,0.1094,24.73,0.96,26.95,4.36,2.26,25.27,0.093,9,1,,,,0
109.1929732,26.24925128,68.0,0.0,99844.13356,0.094671913,17.63573196,0.67134616,50.71372322,0.0,3.7e-05,17.99685025,0.095401382,2,0,-309.2579041,-0.195859057,0.0,1
,,,28.84,100500.0,0.35,21.92,3.98,67.06,17.84,15.0,21.88,0.3396,12,0,,,,0
,,,339.72,98077.3,0.9411,29.34,8.77,100.0,250.0,180.0,30.46,0.9181,9,1,,,,1
109.1929732,26.24925128,68.0,0.018274783,100720.5637,0.095043391,18.44740874,0.809663988,47.13114814,0.020741944,0.009117231,18.63312917,0.095734643,2,0,221.1953855,1.918039331,5.0,0
,,,7.86,101765.1,0.1463,20.3,0.0,36.52,4.25,2.88,18.78,0.1637,1,0,,,,0
,,,6.71,102181.8,0.1062,31.21,0.72,33.39,3.95,2.68,32.0,0.1197,2,0,,,,0
,,,29.05,101143.4,0.35,28.45,3.97,70.0,17.84,13.38,29.13,0.3557,4,0,,,,0
,,,317.56,98000.0,0.9164,25.12,6.92,95.48,250.0,150.82,26.29,0.9424,8,1,,,,1
,,,7.03,102290.1,0.157,27.04,0.31,32.68,5.77,3.96,28.62,0.1766,1,0,,,,0
,,,316.06,98465.8,0.8745,23.68,6.99,96.13,250.0,148.53,22.31,0.8567,2,0,,,,1
,,,11.98,101995.5,0.1816,23.47,1.18,38.58,9.63,7.87,23.93,0.1781,10,0,,,,0
,,,142.71,99901.2,0.6715,28.62,4.04,82.06,109.51,60.77,28.28,0.6457,6,1,,,,1
,,,16.94,101216.2,0.2236,20.95,3.09,40.83,12.44,9.65,20.68,0.2163,7,1,,,,0
,,,18.64,101209.0,0.2405,20.17,2.91,49.86,13.92,7.84,20.47,0.2367,6,1,,,,0
,,,9.82,101967.4,0.1717,34.9,0.85,34.75,8.58,6.71,36.65,0.1681,6,1,,,,0
,,,13.03,102458.1,0.1987,23.86,1.34,37.23,9.5,5.56,25.51,0.1883,6,1,,,,0
109.1929732,26.24925128,68.0,0.0,99677.62485,0.13803634,13.89352635,2.835171436,46.96014667,3.76e-05,0.018326928,16.50895546,0.144376785,1,0,548.9550693,480.0463375,9.0,0
,,,1.52,101930.0,0.0968,31.01,0.9,22.9,1.29,0.76,29.82,0.0898,8,1,,,,0
109.1929732,26.24925128,68.0,0.004066313,99837.85097,0.087209078,23.12155522,1.307652976,34.80593279,0.001469435,0.001112889,21.64937851,0.08752306,2,0,-209.5601786,-0.220337376,1.0,0
109.1929732,26.24925128,68.0,0.010726585,99416.53892,0.097414069,28.0465432,4.267527511,52.60126789,0.028743819,0.067704644,28.23067996,0.096373961,4,0,711.7250168,1.064068178,0.0,1
,,,200.22,99311.0,0.8185,33.31,4.85,87.07,155.81,120.0,31.81,0.8439,7,1,,,,1
,,,116.02,100500.0,0.6346,34.92,3.26,82.51,84.47,64.18,35.05,0.6201,7,1,,,,1
,,,171.59,98933.0,0.7291,25.49,6.34,80.8,115.73,84.36,27.44,0.7272,9,1,,,,1
,,,294.21,98417.0,0.8774,24.94,9.8,97.28,224.52,174.85,25.69,0.8913,12,0,,,,1
109.1929732,26.24925128,68.0,0.053567556,98260.6952,0.079456638,34.94097156,4.670540602,50.80568457,0.037426058,0.018014025,34.63695949,0.079407516,7,1,130.1399866,0.13441084,0.0,1
,,,204.0,99091.0,0.7892,33.56,4.99,86.31,164.28,93.99,31.84,0.7918,8,1,,,,1
,,,288.88,98935.6,0.9405,27.7,9.91,92.46,217.15,121.52,28.3,0.9446,2,0,,,,1
,,,323.72,98173.3,0.8877,32.89,10.33,96.35,237.12,180.0,32.09,0.8769,2,0,,,,1
,,,170.84,100071.0,0.77,22.07,5.15,81.48,141.01,111.76,23.19,0.7874,7,1,,,,1
,,,167.6,99682.5,0.7351,33.63,5.56,85.1,119.28,72.1,35.33,0.7397,6,1,,,,1
109.1929732,26.24925128,68.0,0.159869265,99014.56092,0.229349216,31.03249716,0.875000986,73.48138646,0.074859403,0.046211754,31.00706322,0.239606029,8,1,-160.9546078,-0.325891791,5.0,0
,,,26.69,100565.2,0.3217,30.12,2.8,57.63,17.52,10.52,29.21,0.3411,10,0,,,,0
109.1929732,26.24925128,68.0,0.000331789,99472.83116,0.088785317,23.36719509,5.309771472,48.25318207,0.000110596,0.005268765,22.09711778,0.089698691,2,0,337.9075557,0.991217521,10.0,0
,,,17.19,100895.7,0.2381,32.69,0.41,54.79,14.43,9.54,33.93,0.2282,2,0,,,,0
,,,192.72,99692.2,0.7103,21.39,3.0,85.29,110.68,64.72,20.13,0.7014,7,1,,,,1
,,,0.88,103000.0,0.1236,37.76,0.17,20.64,0.45,0.35,35.83,0.1416,9,1,,,,0
,,,23.55,100500.0,0.3311,21.85,1.76,57.98,16.44,8.62,21.4,0.3256,3,0,,,,0
,,,20.84,101153.8,0.239,18.74,1.4,54.59,15.2,12.96,17.43,0.2576,10,0,,,,0
,,,15.53,101353.2,0.2041,24.37,1.93,44.49,13.24,9.47,24.37,0.2169,6,1,,,,0
,,,246.8,98853.3,0.8222,26.66,7.34,86.78,145.3,98.05,24.89,0.7994,6,1,,,,1
,,,154.97,99589.7,0.7104,33.6,5.43,83.26,95.29,59.95,33.09,0.7098,9,1,,,,1
,,,1.69,102696.0,0.1002,19.26,0.48,26.09,0.93,0.62,18.49,0.1106,9,1,,,,0
,,,202.97,99362.4,0.7611,27.66,5.11,88.31,158.29,101.71,29.54,0.7488,10,0,,,,1
,,,17.35,101572.6,0.249,21.53,1.11,55.31,13.62,7.96,22.72,0.2601,10,0,,,,0
,,,8.35,102157.1,0.1643,31.08,0.0,35.06,7.12,4.45,32.99,0.1692,5,0,,,,0
,,,161.37,99724.6,0.7009,20.0,3.27,82.72,101.04,56.12,20.04,0.671,7,1,,,,1
,,,250.18,98978.9,0.8215,26.25,8.75,91.96,210.57,146.55,26.67,0.7977,7,1,,,,1
,,,148.71,99584.8,0.7077,33.64,4.27,84.47,98.49,54.82,33.29,0.7359,1,0,,,,1
109.1929732,26.24925128,68.0,0.569034399,98852.96997,0.29345024,30.10717197,3.469567437,74.3220687,0.252540338,0.35698339,30.18613633,0.315280057,7,1,454.0425634,0.998796485,0.0,1
,,,302.87,98234.9,0.8474,31.58,8.91,96.34,237.54,163.26,32.04,0.8438,8,1,,,,1
,,,309.68,98849.6,0.8802,20.0,5.06,91.74,175.1,96.38,21.45,0.8889,6,1,,,,1
,,,269.71,98781.6,0.8494,27.25,5.11,96.85,202.38,139.45,27.78,0.8593,6,1,,,,1
,,,130.62,99891.8,0.6015,34.45,5.43,82.65,106.54,88.63,33.81,0.6165,8,1,,,,1
,,,218.13,99104.5,0.7864,26.99,4.54,85.32,126.73,91.77,28.73,0.8125,6,1,,,,1
,,,308.24,98435.4,0.8654,20.0,10.93,100.0,218.48,152.5,19.25,0.8757,9,1,,,,1
,,,3.89,102653.7,0.1168,27.63,0.0,30.34,2.2,1.6,27.19,0.1124,10,0,,,,0
,,,154.88,99972.6,0.6824,24.56,3.98,80.79,98.21,81.82,24.02,0.688,7,1,,,,1
,,,253.6,99256.8,0.7865,24.99,4.9,90.7,157.72,107.2,26.63,0.7591,7,1,,,,1
,,,174.47,100160.4,0.6734,27.18,5.91,82.52,107.17,85.83,25.24,0.6612,7,1,,,,1
,,,272.91,98848.3,0.8669,31.26,4.42,93.09,202.81,117.86,29.82,0.8512,6,1,,,,1
,,,3.94,102798.7,0.1419,29.59,0.0,27.8,2.43,1.54,30.91,0.1394,11,0,,,,0
,,,29.56,100903.9,0.3278,25.08,2.04,66.37,20.0,15.0,25.14,0.3407,9,1,,,,0
,,,138.05,99856.8,0.686,24.7,5.39,80.97,113.87,93.15,22.95,0.69,6,1,,,,1
,,,183.49,99388.0,0.7037,20.07,3.3,83.02,144.78,89.83,19.37,0.7302,6,1,,,,1
109.1929732,26.24925128,68.0,0.109561483,99394.58113,0.121601429,31.36825392,0.919378084,56.00484276,0.078274153,0.033889033,32.95171986,0.107614349,5,0,318.1507323,403.8709316,9.0,0
,,,26.17,101179.0,0.3101,26.5,2.02,57.47,20.0,14.75,27.64,0.3131,6,1,,,,0
,,,25.69,100719.6,0.2828,36.34,2.94,64.2,15.09,12.73,34.75,0.2854,12,0,,,,0
,,,11.99,102304.1,0.2236,23.56,2.38,36.91,8.96,7.73,23.49,0.2278,6,1,,,,0
,,,243.2,98922.3,0.7643,23.26,7.59,89.83,175.06,101.76,21.9,0.7877,9,1,,,,1
,,,141.69,99737.5,0.6893,29.16,3.91,82.26,116.28,77.87,30.83,0.6822,12,0,,,,1
109.1929732,26.24925128,68.0,0.17181724,99125.19547,0.367370519,27.50873009,2.623998389,77.89946389,0.346985074,1.064089878,27.00020482,0.385083525,8,1,428.8433819,0.978401527,0.0,1
109.1929732,26.24925128,68.0,0.4943778,99312.6305,0.306786631,28.53507944,2.880009073,75.53804613,0.260771955,0.229180192,28.39977969,0.317289033,8,1,-374.6405134,-0.237945453,0.0,1
,,,3.72,102577.0,0.1346,37.13,0.24,28.36,2.51,1.8,36.28,0.1276,10,0,,,,0
,,,262.36,99080.0,0.8131,23.7,6.47,93.58,177.42,134.36,22.5,0.8322,6,1,,,,1
,,,26.69,100500.0,0.318,25.07,2.16,60.12,20.0,14.86,25.98,0.332,9,1,,,,0
,,,313.53,98506.0,0.8753,32.24,7.82,99.33,234.27,145.42,30.76,0.8715,6,1,,,,1
,,,18.24,101757.2,0.2377,28.92,2.06,55.48,15.54,11.32,27.16,0.2307,11,0,,,,0
,,,6.09,101567.7,0.1177,36.55,0.37,27.57,4.03,3.6,35.01,0.1279,8,1,,,,0
109.1929732,26.24925128,68.0,0.004502886,98685.5978,0.085188609,33.68440201,5.038223395,52.40725448,0.002654386,0.002337192,34.10343326,0.085765633,6,1,-141.596059,-0.995521323,8.0,0
,,,4.15,101871.2,0.1184,34.99,0.92,27.59,2.22,1.81,33.39,0.1346,6,1,,,,0
,,,199.63,99298.8,0.7801,20.0,4.77,84.67,144.16,87.3,19.1,0.7758,3,0,,,,1
,,,26.46,100809.5,0.3267,25.47,3.54,62.06,17.71,11.36,25.47,0.3173,4,0,,,,0
,,,5.14,102149.9,0.0937,18.21,0.82,20.0,3.76,2.67,19.36,0.0745,9,1,,,,0
,,,12.31,101409.6,0.1622,21.73,0.65,33.84,6.35,4.55,20.65,0.1725,1,0,,,,0
109.1929732,26.24925128,68.0,0.033064968,98649.33339,0.341025697,30.57282477,0.847636955,75.23433206,0.087033864,0.443555522,29.74215529,0.36204624,7,1,-95.54561737,-0.09514201,0.0,1
109.1929732,26.24925128,68.0,0.298626041,99198.66525,0.102486196,31.15988655,3.234565113,64.73070229,0.117769228,0.056979959,32.26896272,0.097408142,9,1,-165.6874213,-0.264755372,2.0,0
109.1929732,26.24925128,68.0,0.0,100353.1533,0.086537076,15.30510843,1.996573313,53.7789415,6.52e-05,3.49e-05,15.01529987,0.086516244,12,0,-69.15169139,-0.496404883,7.0,0
109.1929732,26.24925128,68.0,0.001336986,99898.01449,0.084452581,27.69131425,3.038088313,48.77353775,0.0012487,0.003570977,30.03087191,0.084435424,3,0,-152.6846859,-0.177568556,1.0,0
,,,7.56,101591.6,0.1523,18.81,0.21,35.19,5.63,4.27,17.14,0.1678,11,0,,,,0
109.1929732,26.24925128,68.0,2.99e-05,100294.3594,0.086133407,19.79784159,0.962518241,30.89742457,5.94e-05,0.000105904,19.75171317,0.086420769,2,0,-209.3121033,-0.412318127,3.0,0
109.1929732,26.24925128,68.0,0.0,99825.24807,0.08479731,30.02532873,0.361731492,48.36220665,0.0,0.000179937,30.55395756,0.084848869,10,0,-191.976003,-0.188176271,0.0,1
,,,14.3,101374.7,0.2057,36.55,2.74,37.97,12.83,9.72,36.7,0.1953,2,0,,,,0
,,,253.61,98763.5,0.8225,33.53,9.43,89.22,182.68,131.14,33.71,0.8127,12,0,,,,1
109.1929732,26.24925128,68.0,0.590814079,98792.39984,0.408806131,27.23436425,0.344280905,88.70148255,0.84744127,0.66281145,27.2449925,0.406917824,7,1,-99.25000854,-0.111580564,0.0,1
,,,345.04,98000.0,0.9445,25.01,11.07,100.0,247.24,180.0,25.33,0.9306,12,0,,,,1
109.1929732,26.24925128,68.0,0.000166232,100886.9715,0.085543761,17.00279903,2.938543495,56.0996836,6.03e-05,6.03e-05,17.76779316,0.085561584,12,0,-76.53402459,-0.991479188,11.0,0
,,,174.72,99611.3,0.6552,24.87,4.33,86.98,139.38,93.97,24.36,0.6633,10,0,,,,1
,,,263.3,98952.4,0.8636,27.35,6.25,94.9,155.34,105.63,28.46,0.8603,6,1,,,,1
,,,2.42,101931.1,0.08,36.9,0.25,20.0,1.38,0.73,38.62,0.0929,9,1,,,,0
,,,11.73,102273.9,0.1974,23.65,0.85,36.0,6.66,5.56,24.49,0.1856,3,0,,,,0
,,,94.94,100123.5,0.6442,34.83,4.64,79.38,79.47,60.91,33.07,0.6616,9,1,,,,1
,,,9.22,101709.8,0.1435,33.09,0.83,42.1,5.04,4.26,33.45,0.1575,3,0,,,,0
,,,2.88,102285.8,0.108,30.24,0.23,23.29,2.13,1.83,28.47,0.1025,11,0,,,,0
,,,8.86,102337.1,0.1596,22.48,0.61,38.06,5.84,4.88,20.53,0.1774,9,1,,,,0
,,,9.27,101813.2,0.1498,36.8,0.47,40.91,6.23,5.59,35.66,0.1364,5,0,,,,0
,,,265.39,98567.7,0.8614,24.79,7.27,85.67,205.51,155.26,24.32,0.8694,9,1,,,,1
,,,14.41,101355.3,0.2023,31.45,0.75,44.94,8.97,6.04,29.72,0.2008,4,0,,,,0
,,,10.62,102231.6,0.1915,32.1,0.87,36.61,8.15,6.65,30.72,0.1811,7,1,,,,0
,,,337.89,98000.0,0.95,30.49,8.97,100.0,199.94,161.94,30.98,0.9641,8,1,,,,1
,,,211.26,99464.8,0.7753,31.37,5.16,91.87,153.32,85.9,31.78,0.7825,6,1,,,,1
,,,14.75,102235.1,0.2014,25.19,1.74,50.32,12.31,9.31,26.45,0.2077,7,1,,,,0
,,,5.0,101923.4,0.1421,36.91,0.76,31.29,3.04,2.27,35.7,0.1308,9,1,,,,0
109.1929732,26.24925128,68.0,0.0,100814.6995,0.086749549,14.95515142,3.143633525,54.60810762,0.0,3.32e-05,14.85971355,0.086710118,12,0,333.9927237,0.997009993,10.0,0
,,,15.49,101261.5,0.2536,36.14,1.93,45.34,9.33,6.71,37.83,0.2381,3,0,,,,0
,,,195.07,99599.3,0.7666,30.09,5.93,88.74,145.65,91.7,29.43,0.7802,9,1,,,,1
,,,93.8,99835.5,0.6047,33.64,3.68,75.0,75.54,49.7,35.26,0.5758,9,1,,,,1
,,,135.72,99899.0,0.698,29.72,5.34,76.97,106.82,71.59,30.34,0.7063,6,1,,,,1
,,,17.96,100972.0,0.2232,35.16,1.19,44.56,9.15,6.99,36.2,0.2174,1,0,,,,0
,,,303.27,98388.3,0.9027,26.98,5.89,95.3,196.54,108.99,26.17,0.9006,9,1,,,,1
,,,26.51,100597.2,0.3145,35.95,2.7,66.03,17.64,13.8,34.57,0.3218,9,1,,,,0
,,,11.92,101369.3,0.2146,18.45,0.6,42.35,7.57,6.44,19.78,0.2111,3,0,,,,0
,,,22.23,100627.9,0.2875,21.29,4.02,59.65,16.35,9.97,22.34,0.2835,2,0,,,,0
,,,138.23,100201.5,0.6393,22.61,5.33,80.61,91.0,76.28,22.62,0.6471,5,0,,,,1
,,,144.09,99968.7,0.6814,27.19,5.3,84.48,114.63,78.32,27.7,0.6628,4,0,,,,1
,,,9.04,101542.7,0.1111,34.88,0.49,43.47,4.88,3.6,34.92,0.1172,2,0,,,,0
109.1929732,26.24925128,68.0,0.000104294,100389.3371,0.087899203,26.00042251,2.757464794,56.65494428,7.1e-05,3.43e-05,26.30788868,0.087850264,10,0,418.4598253,2.841690799,5.0,0
,,,13.91,101093.7,0.2254,32.78,1.56,41.33,10.01,7.8,33.02,0.2375,9,1,,,,0
,,,283.57,98841.3,0.8683,30.09,5.35,88.58,220.44,168.73,28.6,0.8725,12,0,,,,1
,,,1.3,102803.8,0.1019,28.16,0.02,24.29,0.97,0.71,29.0,0.1145,9,1,,,,0
,,,258.59,98939.5,0.8361,31.99,7.51,87.41,208.2,167.66,33.85,0.8086,5,0,,,,1
109.1929732,26.24925128,68.0,0.0,100240.2425,0.127240261,13.6400604,0.984074316,51.56963432,0.0,0.007824123,13.37637913,0.130472232,1,0,-280.1818491,-0.193187586,0.0,1
,,,8.56,101896.8,0.1286,21.67,1.34,33.01,4.35,2.72,20.55,0.1332,11,0,,,,0
,,,104.24,100411.5,0.6373,32.92,4.53,79.75,70.12,46.61,34.79,0.6232,1,0,,,,1
,,,14.39,101901.2,0.1969,33.26,1.83,40.97,11.72,9.26,35.25,0.214,12,0,,,,0
,,,21.67,101607.5,0.2499,35.85,3.0,59.2,11.04,9.06,34.1,0.2495,7,1,,,,0
109.1929732,26.24925128,68.0,0.0,98440.86473,0.080846489,38.86718671,3.154148448,25.77616421,0.00061133,0.001352449,38.82637108,0.081003538,5,0,-180.5768735,-0.18061153,0.0,1
,,,18.63,100691.2,0.2479,22.69,0.89,58.47,14.16,10.15,24.54,0.2302,2,0,,,,0
109.1929732,26.24925128,68.0,0.000122781,99180.27153,0.083641486,33.72176706,1.660877083,20.67441604,4.09e-05,2.83e-05,33.59699217,0.083733262,4,0,-231.0188037,-0.291490499,1.0,0
,,,9.03,102366.0,0.1457,24.55,1.0,36.79,7.21,3.71,25.08,0.1534,7,1,,,,0
,,,250.64,98309.0,0.8022,25.25,7.48,90.14,143.3,82.29,26.1,0.7823,6,1,,,,1
,,,4.48,102358.3,0.1394,35.22,1.45,26.52,3.9,2.83,33.78,0.1365,10,0,,,,0
,,,333.51,98107.0,0.9408,23.6,7.16,99.93,250.0,180.0,25.38,0.9252,6,1,,,,1
,,,27.43,100500.0,0.3356,27.07,3.22,62.24,19.58,10.3,26.14,0.3388,4,0,,,,0
,,,28.49,100945.4,0.3411,22.61,4.26,70.0,20.0,15.0,20.98,0.3293,8,1,,,,0
,,,250.24,98535.5,0.8123,22.51,4.82,90.52,191.27,106.9,21.33,0.8069,8,1,,,,1
,,,14.58,101504.8,0.2062,21.4,0.8,48.39,12.48,8.97,21.41,0.2118,2,0,,,,0
,,,193.61,99867.0,0.8007,30.58,3.39,85.38,157.9,133.02,32.06,0.8253,7,1,,,,1
,,,25.0,100591.1,0.2969,35.86,3.88,62.05,12.84,10.4,36.31,0.2975,6,1,,,,0
109.1929732,26.24925128,68.0,0.004810223,99576.21636,0.085092255,30.61320124,1.152988728,21.03852077,0.00320742,0.001873865,30.25303068,0.085190882,4,0,870.4006404,1.237285775,0.0,1
109.1929732,26.24925128,68.0,0.015818572,100391.2962,0.097795869,21.14096033,2.750710881,60.63478619,0.040439521,0.017414794,21.38314766,0.089841399,3,0,-246.6477012,-0.218851766,0.0,1
109.1929732,26.24925128,68.0,0.0,100517.2011,0.086219392,16.42065696,2.041498733,46.726335,2.12e-05,6.71e-05,16.46345234,0.086132598,12,0,-68.80353959,-0.496212893,11.0,0
,,,0.6,102128.4,0.0915,32.59,0.6,20.45,0.42,0.29,33.07,0.0751,9,1,,,,0
,,,166.58,99709.2,0.6978,29.18,3.51,81.21,120.8,76.78,30.3,0.7235,1,0,,,,1
,,,188.32,99584.2,0.7359,25.3,4.58,85.73,135.48,77.9,26.76,0.7331,6,1,,,,1
,,,252.81,98856.3,0.8699,27.04,6.38,85.82,187.94,104.29,27.14,0.8431,9,1,,,,1
,,,29.56,100575.3,0.3104,26.97,0.89,62.58,20.0,12.65,27.89,0.2922,1,0,,,,0
,,,25.37,101008.8,0.3181,37.71,2.78,68.45,14.12,8.18,39.33,0.3172,6,1,,,,0
,,,1.2,102984.1,0.0839,31.34,1.21,22.15,1.05,0.59,33.32,0.0697,4,0,,,,0
109.1929732,26.24925128,68.0,2.02e-05,98804.40458,0.086836979,36.20805727,1.808882669,23.59976788,0.010563135,0.004703637,35.48059129,0.086613221,4,0,-200.851227,-0.126818108,0.0,1
,,,160.02,99922.0,0.74,31.17,3.63,86.87,104.02,64.92,32.1,0.7316,7,1,,,,1
,,,169.13,100093.6,0.6795,31.35,5.63,81.58,136.54,105.68,31.83,0.654,6,1,,,,1
,,,7.82,101540.4,0.191,36.19,0.0,36.45,3.99,2.98,36.72,0.1932,1,0,,,,0
109.1929732,26.24925128,68.0,0.00086844,100428.2493,0.088400942,20.92873116,2.143574614,57.2266053,0.00648889,0.006279215,19.41673792,0.08806804,12,0,-178.2355388,-0.226629055,1.0,0
,,,2.79,102412.5,0.0979,27.78,0.55,23.64,2.3,1.69,28.35,0.087,5,0,,,,0
,,,223.25,99498.3,0.7403,20.0,5.99,86.34,133.0,94.03,18.51,0.7195,5,0,,,,1
109.1929732,26.24925128,68.0,0.0,100299.4597,0.087285247,19.69299831,2.415468451,52.97858593,1.64e-05,7.53e-06,20.18152821,0.087179989,11,0,-140.0812341,-0.980588495,8.0,0
,,,133.45,100500.0,0.7135,23.49,3.0,82.07,108.86,79.18,21.92,0.7144,7,1,,,,1
109.1929732,26.24925128,68.0,0.0,99714.73813,0.084837186,30.45799833,0.991989327,44.9380732,0.0,0.000179937,30.93836318,0.084887137,10,0,-191.976003,-0.158374036,0.0,1
,,,16.6,101853.1,0.2382,20.77,0.79,41.95,13.11,8.76,21.18,0.2249,9,1,,,,0
,,,2.59,101862.1,0.0973,29.18,0.52,28.99,1.6,1.23,30.91,0.0969,7,1,,,,0
109.1929732,26.24925128,68.0,0.0,100528.6053,0.110878888,18.76491286,0.837797945,46.39682492,0.006474935,0.006289115,17.6711912,0.118696311,2,0,-237.9134081,-0.272775414,1.0,0
,,,179.98,99542.7,0.7234,33.97,5.33,83.82,135.8,83.73,34.44,0.7297,6,1,,,,1
109.1929732,26.24925128,68.0,0.0,98748.56637,0.084735493,34.63387824,4.53986112,49.95177088,0.0,0.000755869,34.8267533,0.084889456,6,1,555.7585829,0.615494854,0.0,1
,,,232.0,98710.5,0.8416,25.28,6.44,91.96,190.53,139.04,24.16,0.8238,7,1,,,,1
109.1929732,26.24925128,68.0,6.41e-05,99853.50396,0.084820834,30.5694032,3.048760619,50.44505437,2.14e-05,0.000165299,30.35091009,0.084818444,10,0,-191.976003,-0.231794495,1.0,0
,,,301.26,98066.7,0.8605,30.6,5.75,90.15,196.73,131.23,29.2,0.8683,7,1,,,,1
109.1929732,26.24925128,68.0,0.001974056,98173.04749,0.084941626,38.10179029,0.556937794,30.97894397,0.000842799,0.002277485,37.97177382,0.085717727,6,1,-133.0593678,-0.3323672,5.0,0
109.1929732,26.24925128,68.0,0.0,100270.6845,0.087331296,27.85138527,1.755946994,38.97472895,0.0,0.06443147,27.91880733,0.088288357,11,0,337.1594968,151.4811544,11.0,0
,,,321.61,98458.3,0.9185,20.0,10.19,95.17,205.79,171.1,20.5,0.9295,7,1,,,,1
,,,106.46,100036.3,0.6,21.25,4.35,85.38,76.05,60.71,19.69,0.6064,7,1,,,,1
,,,231.93,98783.2,0.8243,29.54,6.1,89.13,149.69,97.06,27.59,0.8433,2,0,,,,1
,,,23.36,101656.8,0.2817,23.11,0.94,63.92,12.79,9.46,22.39,0.27,9,1,,,,0
109.1929732,26.24925128,68.0,0.00695489,99298.06238,0.110143433,31.36039247,0.936737449,57.41434295,0.004808254,0.006926434,30.81756886,0.115164313,9,1,-96.5111428,-0.925026323,8.0,0
109.1929732,26.24925128,68.0,0.004837704,98931.1391,0.178087298,30.04211632,1.861664916,68.50955007,0.006299837,0.005814598,29.76651563,0.191877852,9,1,-233.1014404,-0.216686143,0.0,1
,,,23.08,101626.0,0.2372,18.74,1.71,55.24,11.75,7.89,17.92,0.2402,3,0,,,,0
,,,156.15,99748.8,0.6462,30.61,5.12,77.29,120.59,102.34,31.49,0.6563,6,1,,,,1
,,,90.13,99945.1,0.6188,29.85,4.31,75.0,75.65,54.28,31.51,0.6423,7,1,,,,1
,,,15.98,101270.4,0.1937,31.74,0.03,42.19,12.97,11.27,30.9,0.2022,3,0,,,,0
,,,172.75,99653.3,0.7499,21.78,4.27,90.18,101.13,66.64,22.98,0.7729,9,1,,,,1
,,,29.54,101028.8,0.35,18.77,3.39,66.15,20.0,10.5,17.48,0.3536,3,0,,,,0
,,,95.71,100459.0,0.6,33.34,3.0,76.01,58.83,47.39,35.2,0.6193,8,1,,,,1
,,,348.2,98000.0,0.9469,20.0,10.87,98.25,204.59,135.2,18.39,0.9472,10,0,,,,1
,,,3.87,102149.7,0.0947,33.05,0.19,23.36,2.3,1.4,31.07,0.1031,9,1,,,,0
,,,87.37,100500.0,0.6,27.39,3.32,75.0,66.61,43.38,27.07,0.6144,9,1,,,,1
,,,93.09,100500.0,0.662,32.31,3.0,79.33,55.59,40.0,32.06,0.662,6,1,,,,1
,,,14.97,100814.3,0.1972,33.78,0.45,48.0,8.04,4.68,33.08,0.1804,1,0,,,,0
109.1929732,26.24925128,68.0,0.001260045,99655.41619,0.084283513,29.04539356,1.244061205,25.63238194,0.000603553,0.000502874,28.81685475,0.084315301,4,0,-92.87560972,-0.97940169,8.0,0
,,,10.34,101966.9,0.1599,29.71,0.53,35.87,8.36,7.02,29.77,0.1658,1,0,,,,0
,,,95.99,100166.9,0.6811,22.64,3.0,82.26,69.06,47.46,23.03,0.6525,9,1,,,,1
,,,271.88,98954.4,0.8528,33.69,7.63,93.45,167.97,131.29,34.07,0.8431,6,1,,,,1
,,,287.98,98545.6,0.854,32.96,7.64,93.72,194.8,148.8,33.72,0.8708,9,1,,,,1
109.1929732,26.24925128,68.0,0.0,99477.92201,0.090069686,29.33401432,2.280220913,43.00236848,1.45e-05,0.001098746,29.14404452,0.090566,10,0,-191.9029697,-0.251660508,2.0,0
109.1929732,26.24925128,68.0,0.009299116,100554.3454,0.087901588,18.6607413,0.603914823,55.68259594,0.008887575,0.006504844,17.75131328,0.087824303,12,0,106.4419407,0.156527243,0.0,1
109.1929732,26.24925128,68.0,0.00562699,98684.69762,0.085751833,32.07044128,4.169247113,53.00032994,0.007307145,0.004769598,32.46870026,0.085534756,6,1,22.06609943,0.024618061,0.0,1
109.1929732,26.24925128,68.0,0.0,98804.97723,0.08150011,35.58216764,1.48736261,25.74166883,4.75e-05,4.62e-05,35.57522498,0.081590756,5,0,300.4283932,2.585577411,4.0,0
,,,234.13,99124.6,0.798,29.37,8.06,89.48,184.22,128.58,28.6,0.7837,1,0,,,,1
,,,203.29,99390.0,0.7472,32.46,6.2,88.64,154.35,96.02,32.28,0.7463,1,0,,,,1
,,,279.35,99024.6,0.807,22.12,8.38,92.7,231.57,141.06,22.73,0.8069,9,1,,,,1
,,,137.38,99373.7,0.6576,32.77,3.0,83.89,78.97,52.0,33.29,0.6831,7,1,,,,1
109.1929732,26.24925128,68.0,0.0,100386.3784,0.087422446,18.86303403,2.040689747,57.24643092,0.0,7.07e-06,18.96791715,0.087397866,12,0,91.1593265,0.140856416,2.0,0
,,,84.01,100064.9,0.6,25.49,3.0,75.0,63.6,42.4,26.02,0.6056,8,1,,,,1
,,,9.96,101838.3,0.1448,34.77,0.87,38.06,5.8,4.68,34.84,0.1434,7,1,,,,0
109.1929732,26.24925128,68.0,0.004473109,99115.93483,0.241401661,29.71691659,2.069206853,72.595193,0.002351605,0.020607891,29.74137471,0.2621459,9,1,-160.3597046,-0.94383773,6.0,0
109.1929732,26.24925128,68.0,0.0,100307.1455,0.085610008,19.10318879,0.919284048,50.55348161,0.0,3.57e-06,18.98390675,0.0856282,12,0,328.8209477,0.494402799,0.0,1
,,,260.56,99040.8,0.8827,21.13,4.8,90.49,209.55,151.36,23.08,0.9111,8,1,,,,1
109.1929732,26.24925128,68.0,0.00107179,99080.29137,0.091832793,32.30407105,3.49560125,53.86019335,0.001047261,0.00130588,32.28553454,0.092326725,10,0,506.2299287,0.8600828,0.0,1
,,,21.26,100912.1,0.2442,29.39,2.73,57.11,13.35,7.51,27.59,0.2244,7,1,,,,0
,,,87.28,100500.0,0.6,20.62,3.0,75.0,56.1,47.36,22.38,0.5927,9,1,,,,1
,,,147.87,99868.4,0.6909,23.24,3.24,86.82,114.71,81.46,23.19,0.6707,6,1,,,,1
,,,296.53,98517.0,0.8967,23.39,7.08,96.5,188.15,133.91,22.8,0.9076,7,1,,,,1
,,,268.49,99020.0,0.95,21.07,8.96,96.23,197.02,126.88,20.61,0.975,9,1,,,,1
,,,313.13,98957.6,0.9422,29.27,8.47,94.45,194.36,107.55,29.73,0.9196,6,1,,,,1
109.1929732,26.24925128,68.0,0.0,99364.38833,0.084621739,29.47890467,0.562484104,22.7906732,0.0,0.0,27.92539214,0.084685757,3,0,472.5531578,0.99422288,0.0,1
,,,176.31,99249.8,0.7314,31.43,5.42,83.62,129.42,90.45,30.66,0.7348,7,1,,,,1
,,,255.22,98729.9,0.8609,20.7,6.7,92.71,157.02,96.84,22.68,0.8601,11,0,,,,1
,,,264.56,98754.1,0.8474,20.95,8.33,92.72,155.69,99.55,22.35,0.849,6,1,,,,1
,,,143.19,99950.6,0.6443,24.95,5.13,83.81,97.67,55.73,22.97,0.6581,8,1,,,,1
,,,24.62,100863.0,0.3341,34.13,2.25,58.37,19.42,11.16,35.03,0.3507,11,0,,,,0
,,,6.48,101596.6,0.123,22.6,1.15,34.4,4.42,3.94,21.74,0.1063,8,1,,,,0
,,,262.78,98473.3,0.839,33.55,6.32,92.22,220.07,124.48,35.08,0.8231,10,0,,,,1
,,,22.12,100968.9,0.2745,33.23,3.19,63.32,15.17,8.37,32.81,0.2631,3,0,,,,0
,,,28.93,100561.9,0.3408,37.54,4.23,68.73,20.0,15.0,38.36,0.3371,2,0,,,,0
,,,275.93,98485.7,0.9265,30.85,7.21,94.78,157.5,114.05,29.59,0.9481,6,1,,,,1
,,,145.09,100001.2,0.6519,25.7,3.59,79.8,114.0,69.44,24.36,0.6286,9,1,,,,1
,,,21.83,100593.5,0.2707,29.73,5.0,47.91,18.78,15.0,31.46,0.259,8,1,,,,0
,,,5.15,102816.7,0.1562,26.53,0.0,22.89,3.66,2.97,28.15,0.1733,7,1,,,,0
109.1929732,26.24925128,68.0,0.0,99617.89804,0.088200346,32.23758179,3.29773818,37.76847399,0.001075248,0.000785279,32.55313137,0.08807684,4,0,-225.6389026,-0.159353147,0.0,1
,,,27.16,100797.7,0.35,23.8,2.63,67.6,16.49,9.34,25.16,0.3535,2,0,,,,0
,,,1.24,102922.6,0.08,23.83,0.11,21.23,0.96,0.52,22.01,0.0985,6,1,,,,0
109.1929732,26.24925128,68.0,0.001175737,100307.8556,0.085815817,24.2824095,1.40532654,47.64522619,0.000430284,0.000184407,24.65214362,0.085786847,11,0,-65.4337712,-0.965755295,12.0,0
,,,8.44,101614.1,0.1299,31.15,1.56,40.6,4.79,2.83,32.02,0.1125,12,0,,,,0
,,,190.26,99931.1,0.7708,31.96,5.79,86.43,121.03,93.3,33.71,0.7465,7,1,,,,1
,,,325.76,98000.0,0.9123,20.0,8.07,98.13,190.66,148.97,19.75,0.8828,8,1,,,,1
,,,25.38,101211.9,0.3037,28.81,4.38,64.68,16.74,12.29,27.87,0.2839,7,1,,,,0
,,,8.12,102498.4,0.1501,37.95,0.51,26.75,4.84,3.21,38.53,0.1367,1,0,,,,0
,,,2.66,102505.9,0.1099,35.7,0.4,22.37,2.12,1.64,36.97,0.1264,1,0,,,,0
,,,27.39,100594.3,0.3366,20.5,1.39,70.0,20.0,15.0,21.12,0.3182,5,0,,,,0
,,,306.45,98507.5,0.9194,30.89,8.22,94.69,250.0,171.04,32.18,0.9193,9,1,,,,1
,,,246.06,99063.2,0.8053,23.66,7.93,88.32,136.58,96.1,25.34,0.8075,8,1,,,,1
,,,6.64,102425.7,0.1926,30.22,0.57,32.67,5.68,3.79,30.58,0.1894,12,0,,,,0
,,,337.24,98123.7,0.9165,25.67,12.0,99.03,249.37,180.0,26.84,0.9195,8,1,,,,1
,,,154.05,99955.1,0.7776,20.0,5.4,79.0,93.65,75.93,21.71,0.7985,9,1,,,,1
109.1929732,26.24925128,68.0,0.0,99591.82798,0.084912112,31.17854561,2.878216468,46.57525211,3.73e-05,0.000179937,31.24512578,0.084925516,10,0,592.5109934,0.95619124,0.0,1
,,,303.83,98532.6,0.8867,21.61,9.1,98.74,196.14,135.17,23.07,0.8942,7,1,,,,1
,,,149.53,100032.2,0.7172,32.39,3.61,75.0,108.69,62.22,32.98,0.7095,7,1,,,,1
109.1929732,26.24925128,68.0,0.0,101019.8371,0.087655907,14.27301106,3.055811785,49.21468254,0.0,3.86e-05,14.33648947,0.087655829,1,0,330.6421053,0.994723778,10.0,0
109.1929732,26.24925128,68.0,0.0,100438.7864,0.085664585,18.74534268,1.656286809,53.51018056,0.0,4.33e-06,19.078907,0.085718819,12,0,332.2445514,555.5504809,13.0,0
,,,112.92,100159.5,0.6206,28.04,4.11,81.6,66.76,50.81,29.38,0.6437,12,0,,,,1
,,,4.81,102914.4,0.1271,20.4,0.34,21.83,3.85,1.97,20.63,0.1343,6,1,,,,0
,,,193.41,99497.9,0.763,31.36,4.17,83.78,115.83,98.02,31.17,0.7381,7,1,,,,1
,,,16.29,100934.9,0.2123,36.32,1.81,49.06,12.24,8.51,35.31,0.2228,12,0,,,,0
,,,192.32,99542.9,0.7542,31.07,6.29,87.29,161.61,136.7,32.82,0.7388,9,1,,,,1
,,,25.12,100855.8,0.344,31.04,3.97,62.12,14.97,7.96,29.92,0.3519,7,1,,,,0
109.1929732,26.24925128,68.0,2.38e-06,99532.96091,0.084901907,30.05413309,0.953246646,38.54670304,7.95e-07,3.41e-07,30.0090476,0.084960502,10,0,-163.4205129,-0.374524617,5.0,0
109.1929732,26.24925128,68.0,0.0,99606.58906,0.088672378,27.78918411,0.713817607,36.63771035,2.61e-05,1.15e-05,28.36379459,0.089037028,10,0,-208.2141868,-0.49247667,7.0,0
,,,216.31,99038.8,0.7717,26.03,6.83,86.54,177.29,145.39,27.04,0.7823,9,1,,,,1
109.1929732,26.24925128,68.0,0.0,99452.55214,0.083119578,33.98239007,1.68256839,35.71031216,0.00025099,0.00014155,33.34373757,0.083227595,5,0,400.1192974,0.997852117,0.0,1
,,,8.78,101675.8,0.1596,34.36,0.44,32.35,5.69,3.85,35.24,0.1484,4,0,,,,0
,,,313.84,98000.0,0.8963,20.45,9.48,100.0,200.29,141.24,20.7,0.8796,6,1,,,,1
109.1929732,26.24925128,68.0,0.000373285,99188.07533,0.084683307,34.32789563,2.063474062,29.03172152,0.000156781,0.00071037,33.91740426,0.084527644,4,0,-143.4878334,-0.49774404,6.0,0
109.1929732,26.24925128,68.0,4.58e-05,100072.661,0.086845481,27.25878251,1.333149522,56.64556407,4.73e-05,5.07e-05,26.78250068,0.086829789,11,0,-194.6328289,-0.389100298,3.0,0
109.1929732,26.24925128,68.0,8.38e-05,100600.4506,0.086234735,15.66075635,2.847677185,34.83203582,2.79e-05,3.02e-05,16.11345514,0.086196791,12,0,-68.80353959,-0.984965447,12.0,0
,,,176.26,99447.3,0.7436,26.0,4.82,84.76,114.72,83.8,27.47,0.7305,6,1,,,,1
,,,25.11,100806.0,0.32,22.31,2.44,61.55,12.86,7.22,23.82,0.3369,7,1,,,,0
,,,201.24,99333.3,0.7463,23.06,4.83,82.08,168.03,119.22,21.52,0.7608,7,1,,,,1
,,,307.68,98412.8,0.9068,33.64,10.32,98.82,223.14,177.23,34.4,0.894,6,1,,,,1
109.1929732,26.24925128,68.0,0.0,99294.35436,0.083823174,33.71703115,1.949878152,17.76030555,2.51e-05,1.08e-05,33.79654335,0.083901941,4,0,-229.1103936,-0.196599558,0.0,1
,,,115.57,99991.4,0.6579,25.45,3.48,79.61,82.02,52.5,27.0,0.6764,9,1,,,,1
,,,15.21,101403.8,0.2414,21.83,0.25,38.26,10.89,7.75,21.82,0.2289,1,0,,,,0
,,,174.09,99478.3,0.7611,29.1,4.28,86.2,113.46,85.73,27.28,0.787,7,1,,,,1
,,,22.06,101152.7,0.253,36.22,2.06,57.35,13.09,10.94,35.47,0.2559,5,0,,,,0
,,,298.8,98007.0,0.9022,28.4,5.75,94.88,193.99,125.34,27.57,0.8806,6,1,,,,1
,,,8.53,101917.2,0.1742,31.91,1.17,38.05,4.33,2.94,30.55,0.16,3,0,,,,0
109.1929732,26.24925128,68.0,0.0,100717.0874,0.086454401,16.35550128,0.594419423,36.26540931,1.49e-05,6.39e-06,15.48955687,0.086622223,12,0,-72.35360048,-0.084567385,0.0,1
109.1929732,26.24925128,68.0,2.29e-05,100224.233,0.087345852,19.59027482,0.827884864,51.32000531,1.53e-05,1.36e-05,19.62521892,0.087342136,12,0,580.3714741,0.941227429,0.0,1
,,,165.74,100108.7,0.7141,22.93,4.68,77.53,134.56,87.07,21.16,0.6924,8,1,,,,1
,,,117.92,100242.2,0.6563,32.36,3.0,78.45,66.74,45.17,30.93,0.664,11,0,,,,1
,,,6.96,103000.0,0.1323,26.05,1.27,36.57,6.19,5.0,27.77,0.1447,12,0,,,,0
,,,21.59,101721.6,0.2562,19.28,2.69,60.53,16.77,13.31,21.0,0.2479,11,0,,,,0
,,,3.11,102299.1,0.1025,27.09,0.0,24.21,1.85,1.65,27.41,0.104,1,0,,,,0
,,,311.44,98420.7,0.9243,30.78,5.59,95.42,248.64,180.0,29.58,0.9368,7,1,,,,1
,,,327.79,98373.1,0.9361,27.21,6.74,93.86,244.75,140.84,28.36,0.9251,7,1,,,,1
109.1929732,26.24925128,68.0,0.003621815,99492.89408,0.101975479,25.0634121,2.710364587,44.36925771,0.030810223,0.063432686,24.03541512,0.10840274,3,0,-99.59692257,-0.098808675,0.0,1
,,,85.4,100282.7,0.6,29.94,4.21,76.62,72.52,51.06,28.41,0.617,5,0,,,,1
,,,148.23,99848.9,0.7476,32.09,3.0,79.69,84.41,59.49,31.92,0.7637,2,0,,,,1
,,,9.2,100989.1,0.1286,26.67,0.0,35.82,4.66,2.84,27.02,0.1106,11,0,,,,0
,,,292.1,98812.0,0.9263,20.0,6.51,93.06,213.18,123.94,20.84,0.9228,8,1,,,,1
,,,97.9,100500.0,0.6107,26.63,4.06,77.2,62.5,40.0,25.47,0.6013,6,1,,,,1
109.1929732,26.24925128,68.0,0.000222407,99671.28089,0.086821007,29.39262293,0.184471379,49.5015262,0.000185874,0.014732138,29.23932458,0.086890185,10,0,220.3421835,0.427385659,3.0,0
,,,2.91,102145.0,0.0857,33.09,0.17,22.84,1.5,0.87,34.55,0.0999,5,0,,,,0
,,,246.84,98680.5,0.8157,33.97,8.39,84.54,147.31,115.86,32.68,0.8003,3,0,,,,1
,,,212.63,99462.8,0.7613,28.85,7.89,95.05,171.15,98.53,29.45,0.7901,7,1,,,,1
,,,7.53,102776.9,0.1412,18.86,1.26,30.11,6.67,5.29,16.95,0.1384,10,0,,,,0
,,,3.21,102280.8,0.134,29.18,0.57,20.0,2.23,1.32,30.64,0.1397,8,1,,,,0
,,,10.81,101181.8,0.1911,34.55,1.66,33.56,7.13,4.68,35.97,0.1716,3,0,,,,0
,,,29.7,100541.6,0.3366,24.49,2.37,69.28,18.32,13.42,24.03,0.3527,1,0,,,,0
,,,101.76,99911.0,0.6344,20.0,3.89,75.56,69.02,42.44,20.57,0.6201,9,1,,,,1
,,,0.75,102085.5,0.0805,27.91,0.56,20.0,0.49,0.26,26.87,0.0917,10,0,,,,0
,,,2.89,102260.7,0.129,30.72,0.63,20.54,2.03,1.27,32.46,0.1437,10,0,,,,0
,,,12.77,101491.3,0.178,28.53,0.93,34.04,7.97,4.18,29.53,0.1581,5,0,,,,0
,,,287.02,98067.7,0.8433,21.39,5.06,98.02,183.92,120.07,21.36,0.8634,7,1,,,,1
,,,12.91,101071.9,0.1661,24.15,0.0,35.59,6.77,3.91,23.56,0.1844,11,0,,,,0
,,,9.83,102105.0,0.1787,34.57,1.03,25.21,5.54,4.66,33.58,0.1746,5,0,,,,0
,,,4.42,102960.6,0.1326,32.31,1.1,27.63,3.85,2.37,32.84,0.1401,1,0,,,,0
,,,22.51,100961.2,0.3127,37.75,3.1,62.1,15.07,7.55,37.09,0.3058,11,0,,,,0
,,,8.23,102019.5,0.1547,20.24,0.0,38.64,4.92,2.67,20.73,0.1517,6,1,,,,0
,,,27.03,100500.0,0.3328,26.13,3.67,70.0,16.1,12.85,24.98,0.3476,11,0,,,,0
109.1929732,26.24925128,68.0,0.000156783,100628.5064,0.093925614,17.61591178,4.094668803,60.59431362,0.056486657,0.035263887,18.57025087,0.092703736,2,0,-101.3361537,-0.497253356,7.0,0
,,,324.58,98000.0,0.9148,22.63,6.36,100.0,220.9,180.0,24.2,0.9078,9,1,,,,1
,,,24.07,101029.3,0.2998,20.32,1.17,55.28,20.0,12.63,21.76,0.3036,2,0,,,,0
,,,17.13,101226.5,0.2163,33.65,2.31,46.66,9.34,4.77,35.34,0.2167,8,1,,,,0
,,,1.12,102587.9,0.08,33.73,0.14,20.03,0.78,0.63,33.46,0.0859,8,1,,,,0
,,,27.29,100575.1,0.3303,28.26,3.18,60.72,20.0,15.0,26.81,0.3442,1,0,,,,0
109.1929732,26.24925128,68.0,0.015181037,99817.91462,0.087393833,29.16957956,0.502785604,45.46781035,0.031036512,0.013418349,29.28852398,0.08734787,10,0,449.1410588,0.728160842,0.0,1
,,,84.12,100493.2,0.6,25.21,3.0,75.0,65.9,48.06,26.21,0.6185,8,1,,,,1
109.1929732,26.24925128,68.0,0.006477043,98832.63349,0.246524753,30.52968706,1.649557399,74.5383712,0.011916997,0.044901529,30.51681153,0.252504254,8,1,833.5155277,0.931217644,0.0,1
109.1929732,26.24925128,68.0,0.003399922,98936.00159,0.085545825,34.36276843,3.993641523,49.2679764,0.001181365,0.02834502,34.51610988,0.086620459,6,1,-141.596059,-0.498877818,7.0,0
,,,3.98,102051.2,0.1352,34.31,0.0,27.19,3.22,2.7,33.55,0.1388,8,1,,,,0
,,,29.68,100688.8,0.35,36.49,3.41,63.73,20.0,11.18,38.4,0.3539,10,0,,,,0
,,,0.69,101734.4,0.106,37.9,0.42,20.0,0.5,0.44,36.89,0.103,4,0,,,,0
,,,6.27,101946.8,0.1584,28.65,0.92,30.74,4.09,3.05,28.84,0.1772,9,1,,,,0
109.1929732,26.24925128,68.0,0.006933252,99477.74856,0.089226735,31.14338539,3.199204718,31.9699621,0.00630738,0.004258442,31.1644704,0.087565262,4,0,-191.040078,-0.287345932,2.0,0
,,,13.94,101658.6,0.2266,30.17,1.74,44.26,12.27,10.16,28.47,0.211,6,1,,,,0
,,,319.72,98230.7,0.95,30.6,4.34,94.61,209.95,126.31,32.2,0.9588,8,1,,,,1
,,,13.94,102396.9,0.197,37.63,0.0,40.29,11.86,9.72,36.69,0.1849,2,0,,,,0
,,,215.66,99175.2,0.7683,23.26,5.28,90.35,133.61,111.87,24.5,0.7476,7,1,,,,1
,,,18.03,101512.6,0.2184,21.21,1.18,41.97,9.31,5.2,20.17,0.2144,8,1,,,,0
,,,2.48,101883.1,0.1139,34.39,0.06,25.38,1.8,1.16,36.33,0.1151,4,0,,,,0
,,,268.6,98999.8,0.7956,33.49,11.53,92.26,177.12,128.57,31.94,0.7972,7,1,,,,1
,,,18.29,101222.4,0.2732,19.28,1.99,54.4,10.1,5.67,18.71,0.2602,10,0,,,,0
,,,100.96,100500.0,0.6,22.56,4.97,75.0,77.53,58.94,24.16,0.5952,8,1,,,,1
,,,9.09,102402.2,0.186,19.69,1.17,28.71,4.9,3.7,21.17,0.1742,3,0,,,,0
,,,335.62,98000.0,0.95,22.28,6.53,93.36,237.58,142.82,22.1,0.9216,7,1,,,,1
109.1929732,26.24925128,68.0,0.70315541,98694.43577,0.086533953,34.71492822,2.747478237,49.28628743,0.27041219,0.116454808,34.35442837,0.086980534,6,1,-232.2486867,-0.230030652,0.0,1
,,,14.16,101090.0,0.2182,36.86,0.61,47.07,10.66,8.55,36.35,0.2156,3,0,,,,0
,,,0.03,102850.2,0.0998,22.91,1.0,24.13,0.02,0.02,22.95,0.1172,6,1,,,,0
,,,21.51,101583.4,0.2873,35.14,2.22,57.34,14.64,12.43,36.1,0.2764,7,1,,,,0
,,,215.39,99500.3,0.7726,32.15,9.54,91.5,159.91,100.73,33.76,0.7788,9,1,,,,1
,,,236.07,99491.5,0.7705,30.37,6.24,93.13,146.65,98.81,32.27,0.7743,2,0,,,,1
,,,138.15,99597.6,0.7182,22.55,3.31,80.43,99.28,81.07,21.74,0.6987,6,1,,,,1
,,,22.23,101174.3,0.3137,37.68,1.17,52.57,11.26,7.53,36.39,0.2951,6,1,,,,0
,,,322.51,98742.3,0.9244,22.0,9.97,92.36,224.1,164.17,20.3,0.9513,9,1,,,,1
,,,229.64,99166.5,0.7614,26.99,4.91,86.26,135.77,76.7,27.42,0.7691,6,1,,,,1
,,,29.02,100509.0,0.2969,20.09,2.53,63.31,20.0,14.34,18.86,0.3169,6,1,,,,0
,,,330.28,98000.0,0.9124,20.79,11.37,100.0,246.12,180.0,21.58,0.8871,9,1,,,,1
,,,25.86,100955.4,0.3442,36.1,4.4,63.6,20.0,15.0,36.35,0.3258,11,0,,,,0
,,,2.99,101898.3,0.0839,19.31,0.61,26.57,1.67,1.46,18.63,0.0783,3,0,,,,0
,,,298.07,98456.2,0.9023,21.84,8.42,90.76,244.56,173.44,23.83,0.8875,6,1,,,,1
,,,347.54,98000.0,0.95,27.32,9.38,100.0,235.94,174.32,27.28,0.973,6,1,,,,1
,,,7.95,102429.6,0.1576,19.18,0.64,30.3,5.28,4.66,19.11,0.1504,5,0,,,,0
,,,329.17,98157.5,0.9004,34.11,12.0,94.16,231.86,152.63,32.57,0.9234,9,1,,,,1
,,,5.32,101829.9,0.1037,34.32,0.62,26.64,3.34,2.76,33.07,0.1219,5,0,,,,0
109.1929732,26.24925128,68.0,0.010434088,99360.76031,0.139949618,25.41886057,0.320799691,60.81794434,0.067977858,0.031235318,26.04241512,0.12062296,4,0,-184.5544744,-0.407860112,3.0,0
,,,22.95,101169.8,0.3071,37.79,2.1,57.21,13.59,7.43,39.03,0.2881,6,1,,,,0
,,,304.06,98500.9,0.896,27.17,6.32,93.84,201.67,125.07,27.12,0.8664,9,1,,,,1
,,,103.08,100437.0,0.6541,34.35,3.0,76.91,80.27,54.65,35.96,0.6665,6,1,,,,1
,,,10.92,102296.4,0.204,37.72,1.53,39.48,6.14,5.0,36.28,0.2109,7,1,,,,0
,,,2.54,102056.6,0.0975,22.69,0.0,20.0,1.96,1.67,23.49,0.106,9,1,,,,0
,,,16.3,100998.9,0.2026,32.05,1.01,46.34,14.66,12.64,32.4,0.2115,6,1,,,,0
,,,27.37,101051.8,0.3396,24.26,3.95,64.09,17.7,14.14,22.29,0.3227,6,1,,,,0
,,,13.99,100860.3,0.18,31.67,0.81,38.25,12.18,8.74,30.37,0.1701,11,0,,,,0
,,,5.44,102172.4,0.1694,30.29,0.38,29.43,3.64,2.69,28.71,0.1732,4,0,,,,0
,,,4.34,102030.1,0.1348,24.07,0.36,26.15,3.56,3.17,23.99,0.1342,11,0,,,,0
,,,29.4,100500.0,0.35,23.19,3.69,67.35,20.0,11.73,22.31,0.3625,7,1,,,,0
,,,12.98,100734.5,0.2072,37.53,1.27,43.3,10.72,8.29,38.5,0.2138,10,0,,,,0
,,,140.74,99916.0,0.694,26.46,5.04,76.07,87.0,59.54,27.21,0.6694,1,0,,,,1
,,,250.82,99191.3,0.8215,21.14,8.88,88.68,179.98,104.4,20.05,0.836,7,1,,,,1
,,,211.82,99205.9,0.7525,22.2,5.89,89.02,165.26,91.05,21.72,0.7766,4,0,,,,1
,,,12.92,101810.8,0.2106,30.45,0.55,31.85,8.39,5.79,29.85,0.2077,3,0,,,,0
109.1929732,26.24925128,68.0,0.0,99770.48993,0.085148854,30.85175137,1.019574269,27.04381141,4.92e-05,0.005983933,30.12320645,0.085732926,4,0,-226.1037142,-0.140989247,0.0,1
,,,0.89,102692.0,0.1127,33.38,0.0,24.33,0.51,0.42,31.99,0.1235,12,0,,,,0
,,,168.37,99701.9,0.7451,32.22,3.03,84.55,96.88,55.62,33.56,0.7413,6,1,,,,1
,,,28.44,100500.0,0.3437,22.09,4.07,67.73,14.44,9.55,20.48,0.354,7,1,,,,0
,,,6.05,101752.0,0.094,18.97,0.95,37.21,4.14,3.38,17.84,0.1121,11,0,,,,0
,,,12.12,102226.9,0.1763,20.79,0.0,38.73,7.21,5.25,22.38,0.1794,7,1,,,,0
,,,20.93,100500.0,0.259,30.87,3.21,50.97,16.78,9.48,31.62,0.2755,11,0,,,,0
,,,299.89,98558.4,0.8577,28.32,5.66,97.0,224.77,180.0,30.09,0.849,6,1,,,,1
,,,332.94,98098.7,0.95,23.3,12.0,94.53,204.52,142.0,24.1,0.9352,10,0,,,,1
,,,0.65,102039.2,0.099,22.26,0.0,20.0,0.44,0.35,20.88,0.1124,7,1,,,,0
,,,26.15,101055.5,0.3371,24.44,1.68,60.17,17.75,10.88,25.58,0.3299,2,0,,,,0
,,,18.85,102035.1,0.2327,35.95,2.84,51.2,13.39,7.64,36.37,0.216,6,1,,,,0
,,,247.71,99379.9,0.7762,30.08,7.26,89.17,148.06,87.79,29.24,0.794,7,1,,,,1
109.1929732,26.24925128,68.0,0.001599377,99557.02778,0.092725158,28.80880979,1.647076437,58.12200835,0.004509621,0.003738184,28.75982146,0.093311333,10,0,-222.788912,-0.116253654,0.0,1
,,,256.65,99245.9,0.8089,30.12,6.33,95.45,144.4,95.52,32.07,0.7845,2,0,,,,1
,,,4.12,102280.6,0.1154,27.42,0.61,28.99,3.48,2.12,25.74,0.1135,5,0,,,,0
,,,24.07,100500.0,0.3066,28.67,3.33,58.61,19.14,14.42,30.6,0.2871,12,0,,,,0
,,,168.39,99995.5,0.6937,33.69,4.0,82.66,135.37,81.91,32.47,0.6895,8,1,,,,1
,,,204.02,98992.7,0.8048,27.91,3.0,86.13,141.67,115.45,29.37,0.7798,8,1,,,,1
,,,246.76,98969.9,0.7693,29.57,6.19,94.03,147.2,106.0,29.28,0.764,8,1,,,,1
,,,29.48,100500.0,0.35,26.08,4.03,68.1,18.86,10.63,27.64,0.351,2,0,,,,0
109.1929732,26.24925128,68.0,0.0,99766.15512,0.085372251,29.50744614,2.374574671,27.29027446,0.000146259,0.000301205,28.98381434,0.085766296,3,0,-134.0792553,-0.127350212,0.0,1
,,,17.38,101544.7,0.253,25.78,1.53,44.98,13.46,9.97,26.33,0.2631,9,1,,,,0
,,,253.03,98534.5,0.7723,25.72,5.36,91.65,173.62,119.1,25.9,0.7437,7,1,,,,1
,,,345.19,98205.3,0.9412,29.21,8.24,97.94,250.0,180.0,27.51,0.9413,9,1,,,,1
,,,16.64,101188.5,0.2319,35.42,2.08,47.66,14.26,10.4,37.3,0.2175,9,1,,,,0
,,,185.17,99581.4,0.7572,30.1,5.85,89.08,103.82,61.37,31.65,0.761,6,1,,,,1
,,,11.12,102268.1,0.2167,20.21,1.14,41.89,9.14,7.15,20.06,0.2202,2,0,,,,0
,,,314.78,98044.1,0.9194,28.86,4.88,90.76,206.64,168.9,28.99,0.918,7,1,,,,1
,,,291.75,99067.2,0.869,25.59,4.63,95.82,173.99,103.98,25.28,0.8749,6,1,,,,1
,,,10.35,101938.7,0.1441,23.63,0.65,31.77,7.56,6.55,25.27,0.1253,2,0,,,,0
109.1929732,26.24925128,68.0,0.000696401,100111.6916,0.085234711,20.36365899,0.566185885,66.40501772,0.007240278,0.005896765,19.71396463,0.085322585,1,0,-186.024585,-0.384471279,3.0,0
,,,323.88,98337.7,0.9217,20.27,9.11,100.0,244.47,174.03,21.55,0.9187,8,1,,,,1
,,,22.93,101003.4,0.302,37.78,1.66,60.39,16.35,12.77,36.31,0.2894,6,1,,,,0
,,,179.09,99468.9,0.7513,25.21,6.41,88.69,105.09,69.63,24.16,0.7499,6,1,,,,1
,,,318.6,98086.5,0.9253,32.57,8.9,97.79,196.37,164.21,34.09,0.9158,8,1,,,,1
,,,11.03,101035.4,0.1241,36.21,1.0,37.87,9.15,6.03,36.14,0.1237,5,0,,,,0
,,,288.16,98332.9,0.8818,30.05,7.02,98.65,181.61,102.31,30.29,0.8944,6,1,,,,1
,,,24.46,101176.8,0.3053,23.95,2.95,54.2,17.4,14.42,25.92,0.3202,8,1,,,,0
,,,29.06,100500.0,0.3277,30.61,1.19,70.0,17.82,11.69,29.56,0.3158,5,0,,,,0
,,,13.78,101999.5,0.1931,23.35,1.32,43.77,7.37,3.96,23.67,0.1831,9,1,,,,0
,,,168.84,99613.1,0.733,31.54,3.0,86.34,123.78,73.41,32.78,0.7497,8,1,,,,1
,,,106.49,99886.8,0.6297,34.53,5.06,79.95,82.27,60.78,36.19,0.6208,8,1,,,,1
,,,0.54,102327.4,0.08,33.79,0.0,21.73,0.39,0.32,34.2,0.0699,3,0,,,,0
,,,111.09,99811.7,0.6365,33.91,4.12,75.0,82.07,55.25,32.75,0.6229,6,1,,,,1
,,,334.01,98249.2,0.9243,31.68,7.28,95.8,217.37,180.0,33.54,0.9348,4,0,,,,1
,,,211.67,99486.1,0.7819,25.64,7.99,89.15,129.76,99.07,26.32,0.7806,10,0,,,,1
,,,236.24,99217.5,0.8027,22.66,7.06,90.08,148.97,87.44,21.61,0.8131,6,1,,,,1
,,,107.99,100283.7,0.6,25.96,3.54,78.75,70.17,41.44,25.03,0.5748,7,1,,,,1
,,,136.62,99623.0,0.6418,20.05,4.82,81.55,85.14,55.94,21.15,0.6289,8,1,,,,1
,,,297.56,98504.2,0.889,23.51,8.41,97.17,173.14,107.64,22.57,0.8865,7,1,,,,1
,,,254.5,99463.4,0.7793,27.62,9.88,89.06,179.52,109.32,28.14,0.7726,4,0,,,,1
,,,5.47,101259.3,0.1347,20.31,0.0,24.87,4.58,3.21,22.15,0.1546,8,1,,,,0
,,,23.9,100952.6,0.3385,21.66,2.54,65.58,19.52,10.56,20.88,0.3417,8,1,,,,0
109.1929732,26.24925128,68.0,0.001716868,98552.78905,0.200611983,30.83906449,4.451201905,68.49482433,0.004213092,0.129638221,30.85861164,0.225981518,8,1,-134.2640189,-0.541125719,5.0,0
,,,164.66,99631.9,0.6534,32.6,4.31,85.22,94.26,54.96,34.05,0.6264,7,1,,,,1
,,,288.01,98542.5,0.7849,23.34,12.0,96.68,220.68,138.38,23.52,0.8131,9,1,,,,1
,,,25.76,100888.5,0.3054,24.44,1.65,63.84,18.43,10.04,24.2,0.3062,3,0,,,,0
,,,113.04,100120.5,0.6701,27.64,3.09,84.63,84.66,66.43,26.73,0.6554,6,1,,,,1
109.1929732,26.24925128,68.0,0.0,98622.11792,0.084723892,32.76879807,6.998411321,27.51176105,0.000323341,0.004773892,35.26944678,0.085655094,5,0,-200.851227,-0.169914605,0.0,1
109.1929732,26.24925128,68.0,0.003941078,100555.746,0.085642236,14.66609822,2.179618972,67.35364175,0.003136178,0.001803681,14.95470768,0.085626253,1,0,219.0323465,0.42648086,3.0,0
109.1929732,26.24925128,68.0,0.0,100063.6881,0.085690018,25.97991735,1.056256741,46.73530422,0.0,0.000219213,26.3990232,0.085708759,11,0,-161.8974149,-0.397882764,7.0,0
,,,22.49,100572.3,0.2648,29.21,1.44,58.77,17.47,14.6,27.41,0.2766,4,0,,,,0
,,,8.59,101907.3,0.1705,29.19,0.9,23.9,5.27,3.63,30.06,0.1873,5,0,,,,0
,,,249.5,99034.9,0.7937,28.58,4.73,88.19,199.38,114.75,27.32,0.8187,9,1,,,,1
,,,6.51,102297.0,0.1282,30.13,0.0,29.96,3.55,2.92,29.09,0.1118,10,0,,,,0
,,,167.87,99505.8,0.7148,20.88,4.61,83.88,105.2,65.17,20.46,0.7359,6,1,,,,1
109.1929732,26.24925128,68.0,0.000651849,98573.15587,0.081028547,34.46282278,4.420731442,45.40680454,0.00029798,0.000140376,33.90383223,0.080579833,5,0,-236.6275089,-0.224496475,0.0,1
,,,138.61,99512.6,0.6805,28.24,6.56,82.15,117.29,83.69,28.13,0.701,9,1,,,,1
,,,88.9,100500.0,0.6174,31.07,6.0,75.38,69.3,43.86,31.09,0.6246,9,1,,,,1
,,,27.95,100706.8,0.3047,24.24,2.59,67.34,14.44,8.76,24.5,0.2972,1,0,,,,0
109.1929732,26.24925128,68.0,0.0,100456.9948,0.086872924,12.28469162,2.359397589,28.24177956,0.000116666,0.000262121,15.61094999,0.087032382,1,0,-171.4898028,-0.649987918,4.0,0
109.1929732,26.24925128,68.0,0.0,100582.4485,0.090665827,20.65378353,0.531642416,39.61641937,0.0,0.009105029,19.89379998,0.091999166,2,0,-111.1750406,-0.973776067,8.0,0
109.1929732,26.24925128,68.0,0.00307529,98464.11465,0.080294347,32.99982649,6.514676188,52.97308981,0.001025097,0.002345177,32.97946434,0.080314539,6,1,-186.6333841,-0.123271337,0.0,1
,,,23.56,101063.2,0.2999,25.43,1.92,66.55,12.27,9.58,24.13,0.2846,1,0,,,,0
109.1929732,26.24925128,68.0,6.71e-05,100697.9454,0.085538447,16.75421339,1.420159371,51.51518246,0.000392143,0.000193884,16.74469114,0.085545345,12,0,376.6898552,0.538712153,0.0,1
,,,15.5,101104.2,0.2206,25.48,1.17,46.37,8.8,7.09,24.74,0.2182,8,1,,,,0
,,,299.71,98082.7,0.8617,21.35,10.55,99.9,180.11,141.41,19.94,0.8836,7,1,,,,1
,,,273.95,98853.6,0.8831,30.88,7.59,95.41,192.01,144.67,31.71,0.8775,1,0,,,,1
,,,153.82,100167.4,0.7156,24.54,5.11,81.21,128.74,78.82,26.21,0.7185,7,1,,,,1
,,,2.12,102105.1,0.0978,24.25,0.0,28.8,1.23,0.86,25.02,0.1067,12,0,,,,0
109.1929732,26.24925128,68.0,0.472762787,98723.34033,0.397576021,27.64629274,4.901880037,84.09923346,1.180866252,0.691121703,26.80752616,0.399915166,8,1,-143.0018604,-0.099906308,0.0,1
,,,213.55,98932.1,0.7401,24.82,6.13,85.96,166.03,100.76,24.62,0.7127,7,1,,,,1
,,,26.31,100500.0,0.3128,36.22,3.19,60.1,13.94,7.8,35.53,0.318,4,0,,,,0
,,,252.36,98615.9,0.8176,28.44,5.41,87.63,201.58,144.03,29.53,0.8366,8,1,,,,1
,,,27.93,100719.7,0.3402,27.68,4.1,66.69,16.17,11.97,27.54,0.3424,2,0,,,,0
,,,143.47,99831.1,0.7206,30.04,3.0,82.81,82.34,46.59,30.79,0.725,8,1,,,,1
,,,146.06,99515.3,0.7326,26.27,5.03,83.48,116.33,81.12,26.6,0.7403,6,1,,,,1
,,,204.26,98959.3,0.7739,32.09,7.05,88.88,158.55,129.97,31.3,0.7784,7,1,,,,1
,,,19.74,100963.1,0.2582,19.39,1.17,49.48,14.85,10.46,21.38,0.2462,7,1,,,,0
109.1929732,26.24925128,68.0,0.464151692,98800.57639,0.395207547,26.75287923,0.669218016,86.91607029,0.869629791,2.287106823,26.70997814,0.401477383,8,1,485.7452907,1.233439367,0.0,1
,,,300.99,98000.0,0.858,21.54,6.47,92.96,246.81,180.0,22.75,0.8644,8,1,,,,1
,,,25.3,100710.0,0.3064,32.58,3.26,63.89,16.87,9.37,34.55,0.2972,6,1,,,,0
,,,144.59,99787.6,0.7083,20.39,4.11,84.79,86.97,63.64,19.1,0.6979,8,1,,,,1
109.1929732,26.24925128,68.0,0.513186287,98568.08675,0.231642269,29.83823056,0.277566331,79.52088768,0.413270508,0.188691292,30.2247617,0.226562092,8,1,133.1544641,0.133748865,0.0,1
,,,29.38,100500.0,0.2859,29.8,5.0,59.58,20.0,11.95,31.3,0.2963,1,0,,,,0
,,,14.14,101834.9,0.2126,23.86,1.74,35.31,11.04,5.59,25.85,0.2118,10,0,,,,0
,,,246.31,98940.4,0.7848,31.45,6.54,91.17,194.16,158.69,30.95,0.7727,6,1,,,,1
,,,10.41,101493.8,0.1588,31.84,0.59,41.32,6.65,4.3,30.06,0.1524,7,1,,,,0
,,,273.35,98858.8,0.8533,31.06,8.88,87.84,151.45,116.13,30.96,0.8725,7,1,,,,1
109.1929732,26.24925128,68.0,0.000995253,98797.8976,0.081961356,38.10768882,1.615539091,24.80875807,0.0031147,0.001407996,37.14487736,0.082131641,5,0,-106.6175225,-0.990115798,8.0,0
,,,277.12,98993.4,0.8599,23.77,9.28,88.99,209.91,136.31,23.17,0.873,8,1,,,,1
,,,341.81,98224.5,0.95,33.66,9.21,97.87,209.71,176.01,33.35,0.9264,10,0,,,,1
,,,141.12,99628.3,0.7024,24.04,3.65,75.14,105.58,66.24,23.73,0.7124,8,1,,,,1
,,,265.93,98434.9,0.8989,20.0,8.49,95.43,185.91,139.44,19.62,0.892,9,1,,,,1
,,,11.8,101332.6,0.1896,32.91,1.73,44.69,8.2,5.49,31.77,0.2018,8,1,,,,0
,,,118.57,99982.2,0.6607,25.01,3.36,78.69,77.62,52.93,24.25,0.6867,3,0,,,,1
,,,279.03,98652.0,0.9218,31.7,4.59,96.36,162.63,93.2,32.9,0.9009,7,1,,,,1
,,,143.73,99991.4,0.6882,23.16,3.0,76.23,85.55,65.82,21.35,0.6695,9,1,,,,1
,,,302.54,98000.0,0.9433,32.51,7.46,93.84,246.69,173.48,31.24,0.9291,2,0,,,,1
,,,222.33,98755.0,0.7546,20.0,3.48,84.78,161.47,119.71,20.4,0.7556,8,1,,,,1
,,,313.77,98081.3,0.9156,20.36,6.24,95.89,182.15,106.88,21.68,0.8904,6,1,,,,1
,,,103.18,100110.8,0.6558,29.31,4.68,79.11,84.89,67.66,27.82,0.6805,9,1,,,,1
109.1929732,26.24925128,68.0,0.000243777,99367.83715,0.090187952,32.26625724,1.523911041,30.27136994,0.011203989,0.008511346,32.07011193,0.09119155,5,0,730.2805449,0.890860873,0.0,1
,,,27.39,100500.0,0.3321,18.75,3.54,68.43,20.0,11.61,18.05,0.3319,11,0,,,,0
,,,122.3,100201.8,0.7064,28.46,3.0,79.66,72.66,40.0,28.93,0.701,8,1,,,,1
,,,28.01,100793.2,0.2925,35.82,3.28,67.51,20.0,15.0,36.22,0.2816,1,0,,,,0
,,,8.22,101768.9,0.1564,31.27,0.11,42.17,4.96,2.66,30.71,0.1466,9,1,,,,0
,,,275.82,98218.1,0.859,31.41,4.29,96.26,197.06,144.46,29.86,0.8479,7,1,,,,1
,,,15.41,101454.1,0.2228,27.49,0.18,46.76,13.05,10.07,28.44,0.209,2,0,,,,0
,,,20.5,100947.0,0.2624,32.3,1.45,53.12,12.26,6.57,32.56,0.2743,11,0,,,,0
,,,152.17,99624.4,0.7591,32.87,5.63,82.58,99.81,58.89,34.24,0.766,8,1,,,,1
,,,17.63,101228.3,0.2578,20.63,2.21,45.34,9.25,5.39,21.85,0.2735,10,0,,,,0
,,,7.23,102075.5,0.1523,19.34,0.47,32.85,4.08,2.33,20.88,0.1554,11,0,,,,0
,,,13.01,101997.1,0.2027,24.9,1.13,46.17,8.31,6.77,25.72,0.2169,5,0,,,,0
109.1929732,26.24925128,68.0,0.0,100606.5397,0.08635199,15.74837003,1.427971858,45.70444579,7.15e-05,4.26e-05,15.39727986,0.086352959,12,0,-140.0404109,-0.156927462,1.0,0
,,,14.83,101745.7,0.2247,32.89,2.55,50.01,10.67,6.38,33.81,0.2435,4,0,,,,0
,,,338.41,98240.0,0.95,34.48,8.08,94.16,190.29,116.47,32.87,0.9369,7,1,,,,1
,,,344.24,98000.0,0.9224,20.0,9.59,99.01,242.39,177.49,21.02,0.9037,9,1,,,,1
109.1929732,26.24925128,68.0,0.008910196,100407.3618,0.150639907,16.77027926,1.258372835,78.82584632,0.248456685,0.108173236,18.33423957,0.117645371,2,0,-104.2283956,-0.992208768,8.0,0
,,,11.98,101884.1,0.1827,22.4,1.1,46.68,7.78,5.82,21.39,0.1887,10,0,,,,0
,,,27.17,100760.4,0.3126,36.75,4.66,64.87,20.0,15.0,37.65,0.322,8,1,,,,0
,,,10.21,101542.8,0.1658,30.19,1.12,41.63,8.91,7.87,28.92,0.1467,10,0,,,,0
,,,292.28,98580.3,0.8789,20.0,6.79,92.56,212.26,131.37,19.42,0.8579,7,1,,,,1
,,,334.02,98000.0,0.938,30.56,10.67,100.0,189.89,131.76,32.14,0.9578,9,1,,,,1
109.1929732,26.24925128,68.0,0.0,98093.79867,0.084217297,35.44685204,3.894918768,43.17797202,2.21e-05,0.000374332,34.85240687,0.08446563,6,1,-205.7632542,-0.164224181,0.0,1
,,,102.6,99698.6,0.6274,29.74,3.96,77.41,80.86,57.43,30.03,0.5994,5,0,,,,1
,,,3.44,102761.0,0.1097,18.91,1.17,30.69,3.06,1.93,18.29,0.1046,7,1,,,,0
,,,303.09,98000.0,0.8912,27.82,7.09,89.94,198.5,115.66,26.73,0.9167,6,1,,,,1
,,,106.68,100260.1,0.6787,29.71,3.0,75.0,70.05,51.1,28.94,0.6542,9,1,,,,1
,,,2.4,102284.0,0.1092,19.04,0.02,20.0,1.66,1.34,19.66,0.0919,9,1,,,,0
109.1929732,26.24925128,68.0,0.0,100402.9988,0.087334703,19.69510712,1.914441335,52.04191134,0.0,7.53e-06,19.84064419,0.087266811,11,0,306.9191448,110.6806243,9.0,0
,,,274.75,98533.4,0.8209,27.7,5.75,90.4,195.5,151.13,25.84,0.8459,9,1,,,,1
109.1929732,26.24925128,68.0,0.01427291,99620.61974,0.089311317,26.98770309,2.748491175,31.75776285,0.004757637,0.005967706,25.80510775,0.091228485,3,0,-141.7816717,-0.497750891,7.0,0
109.1929732,26.24925128,68.0,0.00670485,98816.17685,0.191419489,29.41080341,2.184077673,71.59996948,0.007139588,0.005478901,29.70135257,0.201224342,9,1,-233.1014404,-0.178095349,0.0,1
109.1929732,26.24925128,68.0,1.23e-05,99350.10449,0.084587214,33.46314604,1.872476918,25.10763116,8.2e-06,0.00405355,33.07009465,0.084815686,4,0,324.9333465,3.041568962,4.0,0
,,,230.71,98551.3,0.7627,22.59,4.72,89.69,175.58,98.44,21.67,0.7613,9,1,,,,1
,,,191.22,100168.0,0.7408,26.19,3.39,82.4,154.57,105.7,26.29,0.764,8,1,,,,1
,,,22.57,100923.1,0.2827,30.55,2.91,58.4,16.2,9.15,31.53,0.2954,8,1,,,,0
,,,290.71,98241.7,0.8795,20.0,6.88,92.12,206.64,145.53,21.95,0.8984,9,1,,,,1
109.1929732,26.24925128,68.0,1.004874503,98928.86939,0.3029169,28.04758641,2.185812804,85.08608265,0.504475746,0.234079008,29.90472083,0.195103001,8,1,-243.7942756,-0.144806989,0.0,1
,,,26.23,100647.6,0.3175,19.62,1.11,68.0,19.34,10.14,19.07,0.3289,6,1,,,,0
,,,254.99,99221.6,0.8188,30.63,9.13,93.36,158.31,125.72,32.26,0.8127,7,1,,,,1
109.1929732,26.24925128,68.0,6.04e-05,100512.2006,0.089762551,17.13332901,0.548015686,52.02415377,8.55e-05,0.000112044,16.75805138,0.089925203,2,0,67.0715881,0.090643773,0.0,1
,,,302.25,98472.8,0.9052,23.45,8.41,98.75,196.98,150.64,25.03,0.9194,7,1,,,,1
,,,320.27,98096.0,0.8954,28.08,7.41,98.09,207.67,126.99,27.48,0.8731,9,1,,,,1
,,,124.39,100072.0,0.659,22.46,4.49,75.0,105.73,60.54,20.8,0.6848,7,1,,,,1
109.1929732,26.24925128,68.0,0.002386459,98511.99422,0.225797709,30.47916386,4.474231141,71.63662335,0.043785746,0.06480619,30.48229697,0.233912219,8,1,71.67517878,0.071004822,0.0,1
,,,193.92,99402.1,0.7457,27.06,6.76,90.8,143.34,116.96,26.69,0.7555,7,1,,,,1
,,,138.36,99777.0,0.6747,30.07,3.17,82.42,117.59,72.24,28.36,0.665,8,1,,,,1
,,,20.86,101394.5,0.3066,24.49,0.88,64.73,13.6,7.34,25.81,0.3035,4,0,,,,0
,,,255.78,99440.2,0.8607,28.9,4.13,87.7,175.55,118.92,30.14,0.8896,8,1,,,,1
,,,124.82,99928.8,0.6303,20.0,4.82,85.71,81.61,47.2,21.28,0.6499,10,0,,,,1
,,,23.94,100724.3,0.264,18.99,2.88,61.18,19.38,10.57,18.4,0.2572,12,0,,,,0
,,,5.12,102525.1,0.1261,20.41,0.45,29.17,3.74,2.73,19.71,0.1248,9,1,,,,0
,,,112.55,100500.0,0.6808,34.45,3.0,84.13,89.41,64.9,32.58,0.6765,9,1,,,,1
,,,5.2,102016.4,0.1336,32.83,1.22,27.24,3.32,2.41,33.5,0.1216,7,1,,,,0
,,,10.82,101658.0,0.1972,33.23,0.55,36.87,6.22,4.72,31.96,0.1961,11,0,,,,0
109.1929732,26.24925128,68.0,0.0,99388.57182,0.084390205,31.87709963,3.340304455,20.26397292,0.0,0.0,31.83625606,0.084405699,3,0,-216.2425683,-0.223643218,1.0,0
,,,15.62,101806.0,0.2181,25.54,2.52,41.73,13.23,8.58,24.49,0.2136,11,0,,,,0
,,,13.63,101429.4,0.2014,34.81,2.49,45.94,7.67,5.61,35.45,0.2062,7,1,,,,0
109.1929732,26.24925128,68.0,3.69e-05,100339.4849,0.086483088,14.80294538,2.467943432,50.0767983,1.62e-05,7.25e-05,15.34850046,0.086448097,12,0,-181.3418796,-0.695239723,4.0,0
,,,210.66,99390.1,0.7138,32.42,6.52,85.66,154.13,107.37,30.69,0.711,11,0,,,,1
,,,1.13,102890.1,0.08,37.87,0.08,20.0,0.91,0.59,39.16,0.088,8,1,,,,0
,,,120.18,99641.0,0.6481,20.34,6.1,77.09,70.22,53.22,19.58,0.6485,7,1,,,,1
,,,26.31,100500.0,0.3035,31.12,3.56,64.08,20.0,15.0,30.84,0.3116,3,0,,,,0
109.1929732,26.24925128,68.0,0.001419694,99404.69327,0.098065781,28.86948804,2.522038656,58.08658696,0.001914101,0.001806954,28.69825027,0.099520614,9,1,-252.6130284,-0.513648412,3.0,0
,,,104.98,100272.6,0.6158,30.54,3.64,77.0,83.17,57.99,28.76,0.5966,4,0,,,,1
,,,17.12,101215.1,0.2375,36.17,0.74,55.69,12.87,10.3,38.01,0.2387,2,0,,,,0
,,,157.38,99501.0,0.7219,22.99,4.47,78.61,108.78,73.66,23.36,0.7081,7,1,,,,1
,,,0.18,102307.6,0.08,29.53,0.0,20.0,0.1,0.09,30.16,0.0957,6,1,,,,0
109.1929732,26.24925128,68.0,0.001630763,98688.82594,0.163905462,30.46991729,3.524996195,69.74133645,0.001038416,0.020999199,30.41314728,0.18302899,8,1,-244.4133734,-0.412658672,2.0,0
109.1929732,26.24925128,68.0,0.000414173,99164.04623,0.085194278,32.02013014,2.173509955,51.35777217,0.000944607,0.001757526,31.10248229,0.085366345,9,1,-280.3981156,-0.274183516,1.0,0
,,,169.53,100171.6,0.7507,25.99,6.32,81.25,122.4,69.12,26.74,0.7636,7,1,,,,1
,,,16.92,101428.2,0.2308,21.28,2.65,42.76,9.03,4.91,22.7,0.2382,5,0,,,,0
109.1929732,26.24925128,68.0,0.018607496,99097.79853,0.261236018,28.41042249,3.95738559,74.65126675,0.033011414,0.132021486,28.49249496,0.266264261,9,1,1036.320609,13.65041751,0.0,1
109.1929732,26.24925128,68.0,0.0,100001.9648,0.086073296,29.56029832,0.244695291,41.62019177,0.0,4.23e-05,29.47603968,0.086131687,10,0,-81.61845157,-0.328569999,9.0,0
,,,307.34,98094.7,0.8798,23.67,9.85,92.98,219.34,135.33,22.64,0.8545,8,1,,,,1
,,,4.42,102465.8,0.1234,19.16,0.4,21.59,3.51,1.97,18.02,0.1266,11,0,,,,0
,,,3.05,101474.5,0.08,23.32,0.82,21.03,2.37,1.72,22.3,0.0897,3,0,,,,0
,,,295.73,98391.7,0.8372,24.66,6.95,94.95,183.33,110.5,24.26,0.8577,6,1,,,,1
,,,343.57,98000.0,0.95,23.19,7.2,99.45,250.0,180.0,21.53,0.9256,8,1,,,,1
,,,7.59,101988.9,0.1434,18.94,0.39,24.0,5.63,3.06,20.73,0.1492,6,1,,,,0
,,,271.74,98533.5,0.8594,23.36,6.7,89.21,168.59,111.47,21.8,0.8294,9,1,,,,1
,,,87.94,100500.0,0.6001,26.68,4.1,75.0,56.12,40.0,26.41,0.6298,9,1,,,,1
,,,235.87,99160.7,0.8247,30.03,6.46,91.01,182.74,128.44,29.31,0.8357,8,1,,,,1
,,,25.44,101216.4,0.2913,28.75,4.22,63.86,15.71,8.17,29.98,0.2851,8,1,,,,0
,,,17.82,100959.7,0.2467,35.33,2.24,48.7,11.47,8.95,33.86,0.2475,9,1,,,,0
,,,87.07,100500.0,0.6475,23.74,3.0,75.05,56.81,43.41,23.98,0.6668,8,1,,,,1
109.1929732,26.24925128,68.0,0.0,100668.4233,0.085943622,19.72963892,3.301014379,49.7420177,0.000101863,0.00018008,20.94825199,0.085934852,2,0,440.4171412,283.6229359,9.0,0
,,,151.29,99976.6,0.6633,31.47,5.09,80.27,115.19,66.42,30.46,0.6534,6,1,,,,1
,,,19.45,100839.1,0.243,26.3,2.33,49.45,14.25,7.25,25.71,0.2302,10,0,,,,0
,,,12.61,101581.3,0.1976,35.35,1.84,42.35,10.17,6.98,33.94,0.2138,12,0,,,,0
109.1929732,26.24925128,68.0,0.000563259,99741.95049,0.088386285,30.4939773,0.295782015,47.93958426,0.000583927,0.000961073,30.62086657,0.088596381,10,0,-149.2558878,-0.356221681,6.0,0
,,,113.38,99693.6,0.6685,31.18,4.92,77.64,91.33,54.67,30.97,0.6554,8,1,,,,1
,,,25.28,100894.5,0.3198,23.13,3.29,57.51,19.77,12.62,22.17,0.329,10,0,,,,0
,,,19.33,101496.2,0.2542,20.91,1.22,48.48,13.85,11.8,22.8,0.2451,5,0,,,,0
,,,189.22,99624.5,0.7596,24.52,7.15,85.38,148.1,95.92,24.97,0.7531,8,1,,,,1
,,,247.25,99018.6,0.7791,20.0,6.26,91.66,168.74,120.06,18.29,0.8006,7,1,,,,1
,,,12.48,101299.0,0.1975,20.18,0.41,40.36,7.16,4.0,20.92,0.1963,4,0,,,,0
,,,179.71,99071.7,0.723,26.29,6.96,91.01,112.71,83.3,27.29,0.7124,6,1,,,,1
,,,154.23,100015.6,0.6999,29.69,6.36,77.38,102.96,64.89,31.27,0.6769,8,1,,,,1
109.1929732,26.24925128,68.0,0.005554953,98318.70192,0.080507624,38.19744678,1.606921988,15.73441843,0.001851651,0.001467108,38.42407342,0.0806965,5,0,-207.0181811,-0.288397333,2.0,0
,,,2.76,101943.3,0.095,36.14,0.0,26.46,2.45,1.58,34.49,0.11,3,0,,,,0
,,,10.33,101858.4,0.1696,24.83,0.23,34.49,6.74,3.88,23.92,0.1671,5,0,,,,0
,,,12.38,102068.4,0.2004,21.26,2.39,36.81,7.68,6.64,20.82,0.2026,11,0,,,,0
,,,1.85,102541.5,0.106,30.9,0.0,20.0,1.49,1.24,31.19,0.1147,10,0,,,,0
,,,177.92,99381.6,0.7256,25.4,5.25,80.93,147.09,93.96,23.58,0.7478,7,1,,,,1
,,,199.66,99711.0,0.7558,25.32,6.21,84.94,111.35,66.71,26.08,0.735,8,1,,,,1
,,,3.37,102324.3,0.0958,31.87,0.43,26.35,1.78,1.33,33.07,0.0894,5,0,,,,0
,,,3.76,101395.6,0.136,23.9,0.1,28.68,2.74,2.03,24.32,0.1298,4,0,,,,0
,,,144.11,99891.4,0.7167,29.25,3.0,80.63,102.02,75.26,29.06,0.6919,7,1,,,,1
109.1929732,26.24925128,68.0,0.077209166,100398.8217,0.087728409,19.75155198,2.07908528,35.0051042,0.025795747,0.011117972,19.68866847,0.086757513,2,0,-209.3121033,-0.701600894,4.0,0
,,,303.68,98478.4,0.853,28.07,9.34,93.78,195.11,149.38,29.85,0.8318,7,1,,,,1
,,,330.19,98000.0,0.903,34.16,8.26,99.51,238.4,156.89,34.11,0.9324,9,1,,,,1
,,,11.09,101911.5,0.175,28.9,1.1,36.32,6.36,5.27,27.33,0.1786,9,1,,,,0
109.1929732,26.24925128,68.0,1.4e-07,100546.65,0.086028836,23.26267916,0.370685732,48.78426403,4.68e-08,0.000251666,23.62929921,0.086257867,11,0,-76.59261268,-0.98635553,8.0,0
,,,13.78,101543.5,0.2002,28.91,1.75,40.73,10.74,8.56,28.15,0.2091,12,0,,,,0
,,,28.39,100824.0,0.3446,22.66,0.03,63.39,18.52,12.33,21.04,0.3331,6,1,,,,0
,,,111.4,100000.6,0.636,24.57,3.0,79.16,77.46,53.64,25.85,0.6409,7,1,,,,1
,,,180.36,99477.3,0.7649,30.78,6.59,86.62,153.16,125.22,32.0,0.7899,8,1,,,,1
,,,3.64,102601.2,0.1201,25.5,0.76,23.03,2.82,2.34,25.15,0.1225,10,0,,,,0
109.1929732,26.24925128,68.0,0.001249776,100222.0027,0.093637095,18.36700261,1.502280884,65.29335806,0.000862248,0.000369535,18.26879805,0.093792649,2,0,387.0382615,0.594338763,0.0,1
,,,9.02,101840.2,0.1752,33.37,2.18,35.01,5.9,4.82,32.66,0.1555,12,0,,,,0
109.1929732,26.24925128,68.0,1.16e-05,100441.6452,0.086439323,15.40493957,2.887899753,46.67533106,3.88e-06,6.73e-05,15.72393036,0.086414987,12,0,-181.3418796,-0.410112926,3.0,0
,,,112.98,100030.1,0.7193,22.56,4.05,76.95,68.04,42.29,21.24,0.7166,7,1,,,,1
109.1929732,26.24925128,68.0,0.00244784,100455.355,0.087242973,16.07951354,1.792695773,52.75518866,0.000865867,0.000620545,16.41132486,0.087215943,12,0,333.4888213,200.5318145,9.0,0
,,,202.12,99522.2,0.7444,31.52,7.2,85.94,148.98,93.95,30.2,0.7421,9,1,,,,1
,,,20.27,100855.0,0.2525,22.04,1.63,49.57,14.47,12.66,23.35,0.2659,1,0,,,,0
109.1929732,26.24925128,68.0,0.000484693,100140.8439,0.087084559,26.07426747,0.451188384,50.02725966,0.000425609,0.000507909,25.97876678,0.087326609,11,0,-174.5699228,-0.673403646,4.0,0
,,,5.92,101958.0,0.1146,22.47,0.26,31.86,5.1,2.87,21.72,0.1135,6,1,,,,0
,,,203.75,99625.3,0.7868,21.9,4.85,81.63,122.47,70.83,23.54,0.7976,9,1,,,,1
109.1929732,26.24925128,68.0,0.020876705,98764.29347,0.086317686,34.78412859,3.282504472,49.77851252,0.276194945,0.119229157,34.55278998,0.086587705,6,1,-232.2486867,-0.298752999,1.0,0
,,,216.63,99305.6,0.7064,31.7,4.67,82.75,175.88,104.64,30.45,0.7292,9,1,,,,1
,,,27.57,101413.6,0.35,26.74,3.57,65.01,16.84,13.24,26.53,0.3369,4,0,,,,0
109.1929732,26.24925128,68.0,0.0,100051.194,0.085662559,28.52562309,2.051755231,44.35053354,0.0,9.47e-05,28.5053639,0.085707487,11,0,-71.56865319,-0.488377047,10.0,0
,,,0.16,102877.9,0.08,24.09,0.53,20.0,0.1,0.08,22.47,0.0809,1,0,,,,0
,,,7.16,102823.2,0.1416,24.72,0.44,34.8,3.72,2.2,25.66,0.1427,6,1,,,,0
,,,209.44,99465.2,0.7138,23.77,3.91,82.43,161.25,128.75,24.42,0.7037,9,1,,,,1
,,,2.41,102667.9,0.1233,27.27,0.0,27.4,1.3,0.91,25.32,0.1308,9,1,,,,0
,,,29.01,101054.1,0.3423,33.97,0.72,70.0,19.02,12.56,32.23,0.3559,9,1,,,,0
,,,154.41,99492.5,0.6089,23.97,3.55,85.95,91.74,68.92,24.58,0.6142,8,1,,,,1
109.1929732,26.24925128,68.0,4.51e-05,98826.95413,0.086855842,34.1355705,4.221262043,47.64699534,0.000727678,0.040617479,34.45218723,0.08905451,6,1,-183.5199968,-0.657412253,4.0,0
109.1929732,26.24925128,68.0,0.006844544,99093.03989,0.085529761,32.22808398,2.550442032,54.30027367,0.003212865,0.001822058,31.65105219,0.085229969,9,1,289.6949178,0.978271994,10.0,0
,,,24.41,100904.2,0.3313,22.89,3.05,52.95,19.38,10.03,21.43,0.34,7,1,,,,0
,,,134.33,99578.6,0.6744,22.56,5.25,79.63,92.13,75.67,22.07,0.6969,7,1,,,,1
,,,0.94,102637.2,0.0922,30.74,0.57,20.0,0.55,0.48,32.55,0.0907,4,0,,,,0
,,,301.68,98148.6,0.8932,25.57,8.81,88.74,188.0,112.64,24.75,0.9102,7,1,,,,1
,,,13.62,101224.1,0.2367,24.16,2.14,40.79,11.84,7.69,25.56,0.2275,11,0,,,,0
,,,28.84,100500.0,0.3488,30.44,4.65,70.0,20.0,12.59,29.2,0.3592,8,1,,,,0
,,,311.76,98352.4,0.8789,31.08,5.28,94.02,250.0,171.53,29.16,0.8818,9,1,,,,1
,,,259.7,98843.0,0.8918,24.4,6.97,89.4,204.0,115.61,22.87,0.8947,9,1,,,,1
,,,13.65,101652.3,0.1814,18.62,1.87,42.99,6.89,5.91,19.64,0.2012,2,0,,,,0
,,,4.08,101372.4,0.1083,27.54,0.82,25.47,3.43,1.86,27.98,0.1155,8,1,,,,0
,,,90.2,100004.8,0.6,27.16,3.0,75.0,67.38,54.27,28.3,0.5868,8,1,,,,1
,,,15.3,101270.1,0.202,21.59,0.45,43.52,9.95,8.9,23.18,0.1839,2,0,,,,0
,,,172.75,99655.3,0.7685,25.44,3.26,88.14,129.33,106.95,23.83,0.7884,7,1,,,,1
,,,149.2,99776.6,0.7014,31.3,4.82,79.29,122.34,100.36,29.53,0.7,9,1,,,,1
,,,11.43,101460.6,0.1878,34.57,0.6,38.33,10.03,5.91,34.17,0.1946,6,1,,,,0
109.1929732,26.24925128,68.0,0.000744033,100448.6172,0.094647609,12.58987273,1.419554837,40.92859339,0.000426642,0.004234272,12.76266665,0.096082015,1,0,-184.6710831,-0.391563181,3.0,0
,,,91.03,100142.8,0.6226,23.41,3.49,75.54,54.1,40.0,23.6,0.5949,8,1,,,,1
,,,328.75,98302.9,0.9219,20.0,7.11,99.82,248.04,180.0,19.94,0.9275,5,0,,,,1
,,,103.86,100027.3,0.6877,33.66,3.0,84.67,83.85,47.13,32.63,0.6649,1,0,,,,1
,,,102.99,100282.3,0.6138,30.91,5.08,81.6,72.64,54.06,32.38,0.63,7,1,,,,1
109.1929732,26.24925128,68.0,0.0,100289.2392,0.123224376,14.23514845,0.510319861,52.60262508,0.0,1.61e-05,13.70658245,0.127517618,1,0,-280.1818491,-0.23944548,0.0,1
,,,160.03,99603.0,0.6948,28.14,3.87,77.4,90.65,61.33,28.18,0.7226,6,1,,,,1
,,,337.01,98000.0,0.9199,32.19,8.01,95.77,193.84,145.35,33.97,0.9378,6,1,,,,1
,,,302.53,98000.0,0.9113,31.45,6.91,98.44,191.44,128.71,33.09,0.8921,7,1,,,,1
,,,192.11,99266.6,0.7387,27.2,5.73,90.98,151.54,95.93,27.0,0.7645,6,1,,,,1
,,,26.63,100798.7,0.2978,18.96,1.38,63.63,14.82,11.12,18.51,0.2887,12,0,,,,0
,,,341.05,98323.5,0.9139,28.37,6.67,100.0,226.02,138.73,27.96,0.8912,1,0,,,,1
,,,9.58,102623.1,0.163,29.54,2.11,29.13,5.02,3.9,28.07,0.1453,3,0,,,,0
109.1929732,26.24925128,68.0,0.000262864,98810.70733,0.098878423,34.5577289,5.001746617,40.45862634,0.040811161,0.017738239,34.19735463,0.097458343,5,0,-200.2142267,-0.743999525,4.0,0
,,,27.1,100546.7,0.3275,24.26,0.82,60.67,20.0,14.95,24.81,0.3086,5,0,,,,0
,,,186.08,99722.0,0.7304,28.67,4.93,85.33,106.43,84.94,27.99,0.7128,7,1,,,,1
109.1929732,26.24925128,68.0,0.000214583,98879.86672,0.082138137,35.24190198,3.949703253,26.55692806,0.000158702,7.31e-05,35.60267251,0.082174602,5,0,233.245876,2.6604666,5.0,0
109.1929732,26.24925128,68.0,1.68e-05,100141.9951,0.085373885,22.50433579,1.338268444,48.0112593,1.01e-05,0.000390926,21.88544324,0.085422811,11,0,-68.90642071,-0.332034062,9.0,0
,,,4.99,101767.8,0.1569,23.22,0.17,28.18,4.27,3.23,23.94,0.1583,6,1,,,,0
109.1929732,26.24925128,68.0,0.000362263,100552.8274,0.085387528,18.78290243,0.63462241,51.11595318,0.000120754,0.000573271,18.3251452,0.085423638,12,0,-166.8579295,-0.414127063,6.0,0
,,,29.15,100500.0,0.35,23.75,1.24,61.93,14.62,10.28,22.1,0.359,11,0,,,,0
109.1929732,26.24925128,68.0,0.0,99308.99244,0.084348833,31.08891576,1.061002425,24.66063309,0.0,0.0,31.59394989,0.084384161,3,0,-216.2425683,-0.288067578,2.0,0
,,,24.47,100720.5,0.3137,23.21,2.17,60.19,20.0,10.9,23.45,0.3069,12,0,,,,0
,,,251.8,98836.5,0.8856,23.4,5.98,94.65,146.68,121.24,22.78,0.8571,9,1,,,,1
,,,299.88,98374.3,0.895,32.54,8.66,91.63,189.82,110.32,31.74,0.886,8,1,,,,1
,,,137.06,100128.2,0.6659,23.29,5.49,79.83,98.97,75.1,22.39,0.6877,9,1,,,,1
,,,202.14,100182.1,0.7144,27.92,4.85,91.6,139.97,116.12,27.87,0.7267,10,0,,,,1
,,,327.2,98000.0,0.8807,22.94,12.0,98.32,237.77,177.13,21.46,0.8815,7,1,,,,1
,,,161.57,99680.3,0.6799,30.72,5.58,77.35,127.38,73.64,32.08,0.706,5,0,,,,1
,,,15.29,101598.4,0.2191,27.96,1.24,44.57,11.72,10.38,29.33,0.216,6,1,,,,0
,,,24.82,100631.2,0.2981,31.15,1.38,56.5,14.05,11.08,30.94,0.3055,8,1,,,,0
109.1929732,26.24925128,68.0,0.048709585,99112.2365,0.095779041,32.40572205,3.76577611,57.33984864,0.020217901,0.015296888,32.96276039,0.094565805,9,1,-165.6874213,-0.209333266,1.0,0
,,,212.75,99919.7,0.7553,28.56,6.58,87.85,130.69,88.14,28.25,0.7388,9,1,,,,1
,,,235.08,98853.0,0.8541,20.64,6.15,83.58,150.55,87.21,21.88,0.8576,9,1,,,,1
,,,9.97,102292.3,0.1851,33.52,1.68,32.55,6.47,4.85,33.54,0.1769,9,1,,,,0
,,,14.8,101452.7,0.2028,27.56,0.79,39.12,9.48,8.02,27.69,0.2028,9,1,,,,0
,,,29.92,100857.5,0.35,31.9,1.07,65.88,17.79,15.0,31.35,0.3699,6,1,,,,0
,,,13.34,101321.5,0.1899,32.65,1.07,37.43,7.58,4.18,32.02,0.1921,12,0,,,,0
,,,299.22,98325.8,0.9232,22.46,9.22,99.15,184.0,116.45,22.62,0.92,8,1,,,,1
109.1929732,26.24925128,68.0,0.0,98258.51279,0.080735388,38.20758676,3.684420294,22.83534347,0.0,0.001085087,38.64732006,0.080809455,5,0,-207.0181811,-0.22384192,1.0,0
,,,18.25,100918.7,0.2345,20.45,1.96,51.63,10.7,5.56,22.11,0.2388,6,1,,,,0
,,,199.13,99110.2,0.7673,32.81,3.14,89.55,115.14,78.09,31.83,0.7549,6,1,,,,1
,,,21.51,101229.5,0.2506,37.91,1.82,59.42,13.32,8.55,36.34,0.2706,9,1,,,,0
,,,15.36,101282.6,0.2327,23.08,2.15,50.25,10.45,6.82,21.74,0.2163,6,1,,,,0
,,,18.66,101505.5,0.2208,24.15,0.94,50.3,12.64,6.51,24.4,0.2335,4,0,,,,0
,,,272.66,99239.6,0.8298,25.32,8.26,91.97,163.01,132.57,27.28,0.8267,6,1,,,,1
,,,193.71,99471.8,0.7832,22.74,4.78,86.35,116.99,88.99,21.99,0.7719,1,0,,,,1
,,,14.21,101228.0,0.1928,27.42,2.34,40.53,10.03,6.61,27.22,0.1811,8,1,,,,0
,,,311.33,98182.8,0.9233,25.9,8.8,93.08,246.42,180.0,26.44,0.9037,8,1,,,,1
,,,0.28,103000.0,0.0842,28.4,0.85,23.26,0.15,0.09,28.24,0.0653,5,0,,,,0
,,,16.51,101558.5,0.2121,34.9,2.84,45.62,11.47,7.35,35.13,0.2229,1,0,,,,0
,,,14.46,101159.9,0.2294,24.41,0.22,41.53,11.79,8.22,23.97,0.2255,9,1,,,,0
,,,2.53,102853.9,0.1065,32.82,0.0,22.61,1.38,0.87,33.09,0.1076,11,0,,,,0
,,,337.58,98506.2,0.95,24.38,12.0,100.0,197.47,148.72,24.5,0.9255,6,1,,,,1
,,,18.39,101161.4,0.2383,18.21,2.28,52.85,14.39,12.82,18.7,0.2262,7,1,,,,0
,,,7.6,101440.7,0.1313,21.38,0.83,30.85,5.58,4.36,19.68,0.1217,2,0,,,,0
,,,276.18,98503.5,0.8565,31.97,3.61,89.75,206.42,167.98,32.35,0.8593,7,1,,,,1
109.1929732,26.24925128,68.0,0.0,98224.53627,0.080801372,35.50223843,2.324674139,15.70885912,0.0,4.85e-05,35.54985616,0.080862091,5,0,633.9503464,0.678770573,0.0,1
,,,29.31,100853.9,0.3275,18.09,1.05,66.59,18.92,15.0,18.41,0.3155,8,1,,,,0
,,,13.45,101663.3,0.1882,29.34,3.0,39.32,9.82,7.28,30.37,0.2045,4,0,,,,0
,,,241.16,99239.6,0.834,20.69,4.6,88.43,170.66,116.11,20.92,0.8057,7,1,,,,1
109.1929732,26.24925128,68.0,0.073475892,98799.11219,0.215131262,31.7374447,1.0003882,68.69950276,0.088566543,0.053266531,31.2547627,0.229738304,8,1,-160.9546078,-0.483441362,6.0,0
,,,4.1,102311.1,0.1389,19.98,0.89,28.04,2.17,1.56,21.04,0.1436,12,0,,,,0
,,,278.29,98979.9,0.8785,30.87,7.2,91.45,210.2,137.18,31.5,0.8962,6,1,,,,1
,,,0.06,102281.0,0.08,28.5,0.19,21.86,0.04,0.03,27.99,0.088,5,0,,,,0
,,,2.16,102533.2,0.0802,32.04,0.0,26.42,1.21,0.83,32.59,0.0733,1,0,,,,0
,,,265.07,98834.7,0.8255,22.51,6.33,92.44,168.78,138.62,23.68,0.825,9,1,,,,1
,,,2.28,101544.0,0.08,29.42,0.71,25.82,1.46,0.84,30.84,0.0749,3,0,,,,0
,,,29.06,100500.0,0.3257,20.6,1.77,70.0,16.8,9.69,20.04,0.3307,10,0,,,,0
109.1929732,26.24925128,68.0,0.208087794,100023.0471,0.092760193,27.60683927,0.610453409,56.44016185,0.080977498,0.037338295,28.36088502,0.089478246,10,0,-166.4491466,-0.782155011,6.0,0
,,,4.34,102715.1,0.1257,21.42,0.0,35.29,3.57,3.05,21.02,0.1321,10,0,,,,0
,,,8.9,101573.7,0.1931,19.87,0.87,37.27,6.34,5.62,19.98,0.1838,2,0,,,,0
109.1929732,26.24925128,68.0,0.009602052,99557.89161,0.09187486,33.59766214,1.136054412,42.87912055,0.008013463,0.005506441,33.0137565,0.094750119,5,0,384.0992331,0.998064923,0.0,1
,,,9.14,101821.7,0.1778,34.35,2.25,37.77,6.73,5.81,32.62,0.1915,7,1,,,,0
,,,244.65,98968.7,0.8209,32.26,6.77,92.02,169.33,126.42,31.28,0.7941,6,1,,,,1
109.1929732,26.24925128,68.0,9.08e-05,100372.1852,0.086230406,16.78459898,0.46895777,57.52567918,0.000111464,0.00010908,16.2120257,0.08643918,1,0,394.3697534,0.997033523,0.0,1
109.1929732,26.24925128,68.0,0.357713637,98870.98324,0.404218292,26.2726852,2.696586749,81.98444839,1.945694727,1.251386459,26.54568652,0.40847773,8,1,-290.0307116,-0.968390955,3.0,0
109.1929732,26.24925128,68.0,0.004121234,99249.01459,0.085263402,31.65152068,1.995961876,31.40158663,0.001830953,0.000931665,31.25235962,0.08591246,4,0,-214.7392457,-0.703934022,4.0,0
,,,162.07,99667.8,0.7413,25.73,5.81,79.65,116.16,92.02,26.19,0.7306,6,1,,,,1
,,,23.83,101080.2,0.2855,35.25,0.75,52.81,15.77,12.1,37.24,0.2743,8,1,,,,0
,,,28.56,100500.0,0.3243,34.29,2.59,68.63,20.0,12.31,32.42,0.3223,1,0,,,,0
109.1929732,26.24925128,68.0,0.000325166,100359.0572,0.08545457,18.40275868,1.413096216,64.96969039,0.003825821,0.002927541,17.69866275,0.085467723,1,0,133.4450944,0.184712059,0.0,1
,,,9.88,102253.0,0.1467,25.9,1.32,30.87,6.13,4.5,26.63,0.1575,12,0,,,,0
,,,0.26,103000.0,0.08,18.54,0.41,26.13,0.16,0.1,17.07,0.0611,6,1,,,,0
109.1929732,26.24925128,68.0,0.0,100726.3533,0.241917055,13.52768821,1.521418111,71.99833843,0.000141168,0.14383196,13.54830622,0.257622071,1,0,444.6900371,0.999428549,0.0,1
109.1929732,26.24925128,68.0,0.0,98737.04044,0.085197381,35.21250343,3.792975013,48.19901283,0.000851342,0.000765502,34.83839952,0.085582051,6,1,450.9930719,469.8814554,9.0,0
,,,10.38,101487.1,0.1533,18.32,0.4,37.15,9.27,7.09,18.08,0.1642,9,1,,,,0
,,,180.64,99913.7,0.7142,28.57,3.59,84.03,120.83,84.16,29.31,0.7303,12,0,,,,1
,,,216.28,99213.7,0.7332,24.0,6.29,84.4,128.65,97.0,25.71,0.7213,7,1,,,,1
,,,325.09,98000.0,0.9044,24.65,9.73,97.77,238.72,180.0,25.82,0.9192,7,1,,,,1
109.1929732,26.24925128,68.0,0.001736783,100318.371,0.08592278,23.95279407,0.427125704,57.66380061,0.00138287,0.000656203,24.22608696,0.085891197,11,0,-157.0218929,-0.283435146,6.0,0
109.1929732,26.24925128,68.0,0.027557305,98814.5255,0.086495485,33.61502853,1.403337075,52.25124425,0.013193324,0.007236335,32.79229136,0.086076074,9,1,-198.1453684,-0.177633128,0.0,1
,,,16.25,101665.6,0.2081,28.71,2.74,48.02,13.39,7.86,29.2,0.1889,8,1,,,,0
,,,16.05,102398.6,0.2115,20.68,1.66,40.19,9.44,7.95,21.77,0.222,3,0,,,,0
,,,10.88,101981.6,0.1694,27.13,0.56,35.69,7.42,3.99,28.15,0.1509,4,0,,,,0
,,,252.99,98961.0,0.8482,25.48,6.49,96.19,190.03,120.34,25.32,0.8298,9,1,,,,1
,,,302.8,98123.1,0.8852,30.99,7.02,93.96,247.96,180.0,29.63,0.8684,7,1,,,,1
109.1929732,26.24925128,68.0,6.04e-05,98923.20731,0.086562465,34.26312933,2.094575521,51.49682936,7.6e-05,0.028898032,34.70266436,0.087356213,6,1,-141.596059,-0.332834212,6.0,0
,,,3.81,101447.1,0.1059,35.35,0.83,21.39,3.21,2.28,36.11,0.1021,8,1,,,,0
,,,27.85,100885.2,0.3342,21.32,1.87,64.26,20.0,13.64,20.63,0.346,6,1,,,,0
,,,250.62,99148.5,0.8001,24.13,8.43,93.24,166.75,102.81,24.49,0.8009,7,1,,,,1
,,,153.61,99506.0,0.7119,20.59,4.8,77.55,90.21,60.5,22.28,0.7365,2,0,,,,1
,,,27.71,101066.2,0.35,28.97,2.18,70.0,20.0,10.4,27.17,0.3652,2,0,,,,0
,,,9.21,101783.4,0.1569,22.67,1.58,30.21,6.07,4.44,22.7,0.1523,6,1,,,,0
,,,14.17,101803.2,0.2271,27.41,2.28,39.21,12.65,7.09,25.82,0.2226,5,0,,,,0
,,,13.31,102390.2,0.2183,29.69,0.7,41.74,10.79,6.3,30.62,0.2243,4,0,,,,0
,,,268.78,98639.9,0.869,29.78,8.02,89.41,173.08,131.6,31.1,0.8723,9,1,,,,1
,,,27.4,100924.4,0.3371,32.29,1.82,70.0,20.0,12.92,30.97,0.3281,1,0,,,,0
,,,273.0,98631.5,0.8577,23.78,8.32,93.95,223.1,155.3,22.1,0.8484,3,0,,,,1
109.1929732,26.24925128,68.0,4.39e-05,99394.75734,0.086250087,27.21742282,3.35626958,43.61335625,9.95e-05,0.003879818,26.53678739,0.086884566,4,0,-213.6950859,-0.170559375,0.0,1
,,,8.1,101926.0,0.1645,24.54,0.0,29.23,4.19,3.51,22.84,0.1571,6,1,,,,0
,,,118.89,100246.1,0.6552,20.52,3.0,79.77,91.69,64.6,19.12,0.6448,11,0,,,,1
,,,170.53,99490.4,0.71,22.08,5.32,83.41,97.78,80.39,20.59,0.7306,9,1,,,,1
,,,173.0,99353.7,0.7505,28.25,7.24,86.56,132.92,85.81,28.68,0.778,6,1,,,,1
,,,16.55,100948.3,0.2348,31.74,1.3,47.82,14.1,11.58,32.19,0.236,10,0,,,,0
,,,152.96,99673.2,0.6907,33.79,5.62,79.38,99.36,77.33,32.54,0.7204,9,1,,,,1
,,,13.57,101147.6,0.2058,21.58,1.79,47.0,9.21,4.63,23.04,0.1954,5,0,,,,0
109.1929732,26.24925128,68.0,5.351311374,98496.22469,0.425487947,26.36983993,3.733270148,90.31079719,4.000356857,2.146348582,26.94887308,0.421750149,8,1,64.07519785,0.079166321,0.0,1
,,,22.92,100805.8,0.2692,20.04,4.09,56.71,12.21,9.75,19.38,0.262,1,0,,,,0
,,,12.62,101767.9,0.1765,20.9,1.84,43.17,10.57,6.7,20.34,0.1668,12,0,,,,0
,,,29.45,100510.2,0.35,24.11,4.5,63.66,20.0,13.85,25.61,0.3433,4,0,,,,0
,,,2.55,102846.1,0.1168,24.66,0.0,25.65,1.59,0.92,26.12,0.1142,11,0,,,,0
,,,267.72,98667.6,0.8294,20.0,8.73,91.69,183.55,128.05,18.1,0.8515,9,1,,,,1
,,,17.12,100899.6,0.1823,23.79,2.68,48.74,9.4,5.77,24.0,0.1684,7,1,,,,0
,,,273.03,98977.0,0.8113,34.24,4.15,94.26,163.41,121.25,32.7,0.8411,3,0,,,,1
,,,301.01,98085.8,0.9087,24.37,8.86,96.2,224.9,150.97,25.28,0.9046,9,1,,,,1
,,,297.5,98337.7,0.8959,30.14,6.21,95.98,246.76,152.39,28.61,0.9081,4,0,,,,1
,,,23.06,101234.1,0.2906,18.65,3.2,55.86,19.34,13.93,17.81,0.2997,10,0,,,,0
109.1929732,26.24925128,68.0,0.0,100548.4733,0.086136245,16.25895211,1.092956535,42.48063723,4.25e-05,7.15e-05,16.56014933,0.08607352,12,0,-68.80353959,-0.331645914,10.0,0
,,,5.34,102033.9,0.176,35.9,0.59,29.53,4.67,3.92,35.84,0.1935,6,1,,,,0
,,,336.4,98594.7,0.9292,20.0,8.56,100.0,250.0,180.0,20.43,0.9168,9,1,,,,1
,,,213.5,99234.3,0.7535,27.65,6.39,95.06,175.58,119.04,26.39,0.7593,1,0,,,,1
,,,29.34,100500.0,0.3451,18.2,3.49,70.0,20.0,15.0,18.63,0.3331,2,0,,,,0
,,,348.57,98000.0,0.95,29.24,10.24,100.0,250.0,180.0,27.8,0.924,8,1,,,,1
,,,325.28,98762.6,0.8877,27.95,9.72,100.0,242.89,148.6,26.42,0.9155,10,0,,,,1
,,,249.28,99322.8,0.823,29.36,6.48,94.59,160.59,111.34,31.2,0.8031,9,1,,,,1
,,,258.78,98688.9,0.8614,31.49,8.28,93.44,157.11,94.23,32.28,0.8572,9,1,,,,1
,,,7.22,102193.8,0.1296,19.55,0.21,35.01,5.25,4.18,18.23,0.1131,11,0,,,,0
,,,17.24,101571.8,0.2129,35.33,1.5,49.61,11.62,8.04,35.18,0.2289,5,0,,,,0
,,,14.17,101603.2,0.2199,21.34,1.69,40.95,7.54,5.65,23.04,0.2021,12,0,,,,0
,,,12.54,101482.4,0.1956,31.04,0.38,46.7,11.19,9.29,31.2,0.1942,4,0,,,,0
,,,25.53,100754.5,0.3201,25.17,2.34,55.6,20.0,12.2,24.51,0.325,9,1,,,,0
,,,142.55,99862.1,0.667,34.52,4.84,79.78,81.74,62.17,34.53,0.642,8,1,,,,1
,,,223.4,99003.2,0.8338,30.59,8.63,88.03,128.77,85.6,31.01,0.8144,8,1,,,,1
,,,25.71,100716.0,0.2967,23.01,2.33,59.05,15.33,9.46,21.95,0.3054,5,0,,,,0
109.1929732,26.24925128,68.0,0.016649586,99243.42494,0.126591442,29.85795391,2.656555872,65.33461192,0.005803562,0.00351006,29.36410946,0.133940852,9,1,-185.5629321,-0.542218225,4.0,0
,,,29.58,100500.0,0.35,33.85,3.98,70.0,20.0,15.0,33.79,0.3451,1,0,,,,0
109.1929732,26.24925128,68.0,0.0,100002.9796,0.089001704,30.66004619,0.12593003,48.79501285,0.00164612,0.001017044,30.36003929,0.089407025,10,0,-149.2558878,-0.20801954,4.0,0
,,,24.47,100550.0,0.2755,22.93,2.31,58.36,13.21,7.17,24.26,0.2724,11,0,,,,0
,,,21.83,100826.7,0.2802,25.97,2.45,58.89,11.78,7.48,27.02,0.2698,6,1,,,,0
,,,118.75,100400.0,0.642,26.7,5.19,80.73,97.21,56.45,28.49,0.6591,8,1,,,,1
109.1929732,26.24925128,68.0,0.000141483,99551.06593,0.084243417,30.96419282,0.930858265,16.80402636,4.72e-05,2.02e-05,30.11325128,0.084279838,4,0,-121.7690323,-0.330873631,6.0,0
,,,19.17,101378.2,0.2419,36.25,2.91,54.68,17.1,13.84,35.68,0.2462,1,0,,,,0
,,,17.54,101099.6,0.2157,23.18,1.65,51.11,12.06,9.68,22.12,0.2304,8,1,,,,0
,,,20.07,101456.4,0.2501,37.65,2.39,43.71,10.21,8.87,38.62,0.2345,10,0,,,,0
,,,13.98,101477.3,0.2441,37.83,0.0,37.46,8.05,4.24,38.72,0.2364,2,0,,,,0
109.1929732,26.24925128,68.0,0.0,100469.0587,0.086653591,20.4130107,2.546566332,35.15058209,0.00023415,0.000175782,21.70057466,0.086834229,2,0,361.4408951,0.994121613,10.0,0
,,,308.68,98415.4,0.8878,27.33,8.19,86.16,250.0,180.0,27.56,0.9104,7,1,,,,1
,,,17.05,101700.8,0.2179,33.24,1.67,46.98,8.63,7.25,31.62,0.216,6,1,,,,0
,,,298.72,98358.6,0.8779,28.76,6.51,96.24,168.8,134.87,27.73,0.8762,6,1,,,,1
,,,19.71,101099.2,0.2545,19.6,3.79,54.13,10.29,7.45,19.05,0.2384,5,0,,,,0
,,,7.67,102299.2,0.1612,21.36,0.64,29.88,4.1,2.18,21.0,0.1674,1,0,,,,0
,,,0.87,102289.4,0.08,36.5,1.4,26.82,0.49,0.41,34.56,0.0747,10,0,,,,0
,,,97.1,100458.6,0.7063,27.02,3.43,75.0,75.62,44.14,26.31,0.6959,9,1,,,,1
,,,174.48,100369.2,0.7087,20.55,6.68,87.27,126.7,101.3,20.55,0.7124,7,1,,,,1
109.1929732,26.24925128,68.0,0.0,99610.22074,0.089660872,28.78345424,3.462985605,44.86602,0.0,0.00024664,29.06019546,0.090079328,10,0,-191.9029697,-0.336291898,3.0,0
,,,321.83,98730.9,0.9448,22.59,8.92,99.29,212.34,146.67,20.86,0.9554,8,1,,,,1
,,,8.54,101851.9,0.1582,36.04,0.11,37.38,4.77,3.59,35.08,0.1474,2,0,,,,0
,,,23.82,101000.3,0.3083,33.97,3.8,61.37,13.52,8.76,32.28,0.3129,3,0,,,,0
,,,218.79,99526.2,0.8191,30.26,7.51,90.5,132.46,103.74,31.51,0.8135,9,1,,,,1
,,,260.83,98457.4,0.8236,26.62,7.11,92.97,170.73,104.92,26.09,0.8466,7,1,,,,1
109.1929732,26.24925128,68.0,0.002691985,98734.14551,0.085942979,33.95932616,5.085168698,50.42155361,0.000927377,0.011125757,34.07682239,0.086551554,6,1,-129.5561325,-0.332512207,6.0,0
,,,334.09,98327.7,0.95,24.52,4.7,94.11,250.0,180.0,24.05,0.9667,3,0,,,,1
109.1929732,26.24925128,68.0,0.17181724,99125.19547,0.367370519,27.50873009,2.623998389,77.89946389,0.285019608,1.022327814,27.41221979,0.372800935,8,1,1832.621168,2.113375506,0.0,1
,,,21.82,100549.9,0.3084,21.8,1.2,61.88,15.27,9.51,23.12,0.3081,4,0,,,,0
,,,26.27,100500.0,0.275,33.92,3.17,67.01,20.0,15.0,33.4,0.2848,3,0,,,,0
,,,268.2,98647.1,0.806,20.0,6.18,100.0,209.32,133.49,21.62,0.8092,2,0,,,,1
,,,20.03,101422.9,0.2496,37.18,1.68,55.41,17.41,12.78,37.82,0.2372,9,1,,,,0
,,,7.15,102000.5,0.1676,22.74,0.58,25.8,5.63,3.56,24.34,0.1819,8,1,,,,0
,,,291.02,98713.3,0.8696,22.42,6.53,96.64,179.13,110.2,21.71,0.8517,6,1,,,,1
,,,149.23,99538.7,0.7004,31.57,3.0,83.34,113.8,70.69,30.29,0.676,6,1,,,,1
109.1929732,26.24925128,68.0,0.118403118,98350.42429,0.082418228,34.42421356,2.804640398,53.96208607,0.080644234,0.043985626,34.44698574,0.08065786,7,1,-245.7396588,-0.288215165,1.0,0
,,,130.98,100174.1,0.6811,23.9,3.5,80.72,93.15,56.28,24.02,0.6576,3,0,,,,1
,,,22.83,100690.5,0.2838,29.41,0.37,55.83,17.93,10.24,31.04,0.2772,3,0,,,,0
,,,28.67,100500.0,0.3209,36.76,4.79,63.58,20.0,15.0,36.3,0.3022,5,0,,,,0
,,,18.51,100972.6,0.2475,32.64,3.51,52.88,9.9,6.19,30.69,0.2393,4,0,,,,0
,,,214.15,98937.0,0.7793,33.86,6.8,89.35,123.14,103.63,35.26,0.7812,8,1,,,,1
,,,12.8,100840.1,0.2132,36.03,1.81,40.86,6.88,5.04,37.22,0.223,9,1,,,,0
,,,21.09,101217.7,0.3076,18.29,1.52,57.08,18.14,13.74,20.21,0.3067,9,1,,,,0
,,,327.01,98000.0,0.901,21.57,5.18,94.71,205.42,153.82,22.68,0.9258,7,1,,,,1
,,,327.85,98000.0,0.9044,30.54,5.0,96.28,187.03,144.04,31.03,0.9298,9,1,,,,1
,,,17.91,100715.4,0.2711,30.14,3.47,57.99,14.54,10.17,31.47,0.2708,7,1,,,,0
,,,199.23,99249.7,0.6966,27.87,5.36,86.43,126.99,87.82,29.51,0.6833,6,1,,,,1
109.1929732,26.24925128,68.0,0.021737744,99283.96131,0.126334333,28.13332097,0.31716036,50.46793004,0.017969859,0.035853503,27.22850084,0.130872762,5,0,343.3702144,4.117860183,5.0,0
,,,321.06,98870.2,0.8727,30.58,7.0,100.0,216.58,168.17,29.84,0.8452,11,0,,,,1
109.1929732,26.24925128,68.0,0.0,98440.86473,0.080846489,38.86718671,3.154148448,25.77616421,0.0,0.00121027,38.96482305,0.080892598,5,0,105.6097408,0.128913225,0.0,1
,,,14.05,102277.0,0.2236,31.55,1.03,47.34,9.32,6.74,31.36,0.2347,3,0,,,,0
,,,23.05,101001.5,0.2399,24.13,3.23,60.47,16.98,9.22,25.92,0.2355,7,1,,,,0
,,,175.44,99511.2,0.7395,27.49,6.15,83.11,144.95,114.05,26.86,0.7203,9,1,,,,1
109.1929732,26.24925128,68.0,0.011592925,98718.73583,0.080555957,33.4817451,5.107912596,50.55162729,0.004154338,0.001809474,32.86370967,0.080400537,6,1,-147.4598548,-0.332246085,5.0,0
,,,4.19,103000.0,0.0904,25.07,0.55,26.02,2.29,1.39,24.66,0.0945,6,1,,,,0
,,,8.26,101545.3,0.1447,19.01,0.8,30.79,6.74,5.56,18.13,0.1558,12,0,,,,0
,,,0.88,103000.0,0.0812,27.02,0.0,29.26,0.77,0.65,25.85,0.0666,2,0,,,,0
109.1929732,26.24925128,68.0,0.000130823,99851.18731,0.086342955,27.67568169,0.761140774,40.7947377,4.36e-05,1.87e-05,28.04769867,0.086638402,11,0,-156.3380604,-0.144720248,0.0,1
,,,201.23,99408.3,0.7787,25.64,5.82,88.5,112.94,72.21,26.41,0.7701,8,1,,,,1
,,,326.07,98608.3,0.9254,20.0,10.09,95.6,179.47,150.06,21.26,0.946,7,1,,,,1
109.1929732,26.24925128,68.0,0.0,99076.78493,0.133619885,29.21723467,2.451698107,66.30718747,0.000380235,0.002089383,29.08621156,0.142220885,9,1,-185.5629321,-0.351583334,3.0,0
,,,319.83,98681.1,0.8628,32.61,6.48,95.2,196.23,155.13,33.69,0.8526,9,1,,,,1
,,,192.81,99816.1,0.7475,29.2,6.38,85.96,156.25,101.44,28.99,0.7642,2,0,,,,1
,,,15.85,102046.1,0.2211,25.9,1.99,43.97,12.81,11.37,26.11,0.2314,5,0,,,,0
,,,125.41,100144.5,0.6521,24.86,4.17,75.0,96.02,59.66,25.28,0.6593,6,1,,,,1
,,,245.73,99222.6,0.7998,25.49,6.9,90.68,147.27,117.39,25.11,0.7886,6,1,,,,1
,,,15.76,100834.7,0.2375,21.62,1.05,43.5,9.24,7.41,21.99,0.2311,5,0,,,,0
,,,21.63,100500.0,0.2821,34.9,1.01,56.03,13.99,7.49,36.62,0.2903,9,1,,,,0
,,,272.84,98795.3,0.8117,20.0,9.49,93.79,196.33,155.18,19.45,0.8268,9,1,,,,1
,,,141.85,99326.9,0.6692,32.59,6.42,81.4,91.63,69.53,31.47,0.6528,1,0,,,,1
,,,22.91,100500.0,0.3286,34.92,3.56,53.61,17.09,9.84,36.79,0.335,4,0,,,,0
,,,20.3,100835.9,0.3084,20.37,2.16,53.49,13.31,8.3,20.75,0.3076,7,1,,,,0
,,,20.82,101128.4,0.2995,25.38,2.24,60.78,11.03,6.94,26.43,0.3147,11,0,,,,0
,,,239.84,99268.9,0.7919,23.56,4.87,90.35,155.12,103.48,25.06,0.7931,9,1,,,,1
109.1929732,26.24925128,68.0,0.002952255,98582.06365,0.084749012,34.80477976,4.098881917,43.04936904,0.004064501,0.002260203,34.08253713,0.084968124,6,1,397.1907606,0.998398764,0.0,1
109.1929732,26.24925128,68.0,0.000105056,99482.58697,0.08661271,31.13980262,0.751716898,45.47917472,0.0001214,0.002016487,31.34452062,0.087421192,9,1,322.5469959,59.93031635,9.0,0
,,,135.73,99855.7,0.649,25.16,5.81,78.77,114.56,81.8,24.54,0.6546,7,1,,,,1
,,,15.35,101699.0,0.1867,23.65,1.2,52.97,11.31,9.28,22.16,0.2017,4,0,,,,0
,,,143.56,99960.0,0.6888,30.7,4.16,76.7,83.13,49.16,29.53,0.6965,8,1,,,,1
,,,10.16,102289.1,0.1765,18.99,1.37,40.22,9.02,6.87,18.91,0.1933,5,0,,,,0
109.1929732,26.24925128,68.0,4.47e-05,100768.8546,0.086662718,15.1580179,2.11934969,45.79678662,1.49e-05,2.91e-05,15.02277358,0.086720605,12,0,-72.35360048,-0.07797338,0.0,1
,,,10.54,101787.0,0.1631,28.6,0.95,37.72,7.12,6.16,29.18,0.1774,6,1,,,,0
,,,332.83,98388.6,0.95,32.16,3.66,97.83,227.6,136.78,33.7,0.9759,8,1,,,,1
,,,300.56,98434.0,0.9075,30.21,7.55,93.18,206.06,121.42,31.3,0.924,2,0,,,,1
,,,17.98,101376.4,0.2575,35.13,1.06,48.26,12.95,6.58,36.41,0.2667,1,0,,,,0
,,,276.58,98230.4,0.7916,20.17,7.28,92.32,200.86,164.96,20.32,0.772,6,1,,,,1
,,,5.74,101811.8,0.1492,21.7,1.25,35.47,4.21,2.56,21.35,0.1642,9,1,,,,0
,,,218.46,98840.6,0.814,22.84,6.87,84.95,166.02,131.72,22.53,0.7889,10,0,,,,1
,,,87.99,100500.0,0.6,32.12,3.96,77.37,51.61,40.0,32.98,0.6261,9,1,,,,1
,,,266.7,98505.6,0.8138,25.95,5.09,89.78,180.34,115.9,25.33,0.838,3,0,,,,1
,,,308.4,98575.0,0.8918,24.06,5.63,93.05,240.88,136.63,23.08,0.9196,6,1,,,,1
,,,92.53,100321.2,0.6523,32.87,4.53,75.0,64.89,49.87,33.16,0.6466,6,1,,,,1
,,,23.94,100749.6,0.3117,25.7,3.01,62.67,18.07,13.15,25.39,0.3278,5,0,,,,0
,,,2.2,102292.8,0.102,32.06,0.54,22.79,1.41,1.2,32.08,0.0826,4,0,,,,0
,,,3.45,101760.3,0.1421,23.66,0.0,21.03,1.86,0.95,22.6,0.1535,6,1,,,,0
,,,286.85,98689.2,0.8412,28.91,7.21,94.59,235.95,179.04,30.33,0.8244,8,1,,,,1
,,,2.91,102694.1,0.0959,28.69,1.3,20.3,2.61,2.14,28.01,0.1131,12,0,,,,0
109.1929732,26.24925128,68.0,0.000166526,99271.04182,0.084959521,30.81133343,3.657521709,59.98428154,5.55e-05,2.41e-05,30.82575681,0.084913861,10,0,-105.6780364,-0.491163982,9.0,0
109.1929732,26.24925128,68.0,0.0,100433.8238,0.08547522,21.41069888,2.138383393,49.61835803,0.000902101,0.000774826,21.3082399,0.085533433,11,0,-160.7390836,-0.286560473,5.0,0
,,,191.95,99836.8,0.7774,26.51,5.08,84.57,112.94,78.84,27.84,0.7714,7,1,,,,1
,,,201.35,99149.0,0.7933,23.67,4.35,86.36,132.25,100.46,22.55,0.7911,6,1,,,,1
,,,165.24,99864.9,0.7167,29.45,4.71,87.01,92.29,57.24,28.29,0.7198,9,1,,,,1
,,,6.29,102113.8,0.1327,27.48,0.1,33.25,4.17,3.7,28.18,0.1446,5,0,,,,0
109.1929732,26.24925128,68.0,0.000328936,98402.82741,0.080183223,36.18219961,3.046330088,34.06634047,0.000196305,0.000995772,35.41728025,0.080498162,6,1,-155.8261845,-0.497422099,6.0,0
109.1929732,26.24925128,68.0,0.0,100004.5692,0.085790716,28.72708368,1.296338743,52.83116446,0.0,7.03e-06,28.93962877,0.085762534,10,0,-160.4263934,-0.217003772,4.0,0
109.1929732,26.24925128,68.0,7.38e-05,99898.69713,0.086024961,29.75893399,0.809893562,29.80332861,0.013066584,0.0063196,29.6160196,0.086151975,4,0,360.0755586,0.997145995,10.0,0
,,,10.77,101802.9,0.1786,36.59,1.84,42.31,7.54,4.51,36.64,0.1713,1,0,,,,0
109.1929732,26.24925128,68.0,0.0,99684.22373,0.095766116,18.17740939,1.075409617,31.37500577,0.0,3.86e-05,18.34787391,0.096340792,2,0,610.6886785,0.630685698,0.0,1
109.1929732,26.24925128,68.0,0.003811088,99204.67212,0.114909844,30.61895776,1.746973052,60.14116527,0.00803982,0.005987107,30.31675601,0.120646983,9,1,-96.5111428,-0.480526584,7.0,0
,,,277.85,99101.6,0.8206,20.0,7.8,95.97,173.96,103.16,19.06,0.8371,2,0,,,,1
,,,122.42,100500.0,0.6079,26.72,3.91,76.94,93.74,78.43,25.11,0.6244,11,0,,,,1
,,,8.09,102000.3,0.1434,28.95,1.01,31.81,7.04,5.05,27.2,0.1368,11,0,,,,0
,,,2.45,102399.8,0.1085,29.19,0.0,20.0,1.86,1.25,29.44,0.1183,10,0,,,,0
,,,132.18,99943.3,0.6676,28.41,4.49,75.0,73.63,54.47,27.89,0.6423,2,0,,,,1
,,,235.0,99035.4,0.8466,20.92,6.81,94.99,132.75,87.41,20.19,0.8269,6,1,,,,1
,,,22.42,101432.7,0.276,25.69,1.14,53.95,19.34,15.0,26.11,0.2825,8,1,,,,0
,,,17.58,100500.0,0.2742,27.95,3.15,46.87,10.35,6.35,26.92,0.2683,9,1,,,,0
109.1929732,26.24925128,68.0,0.000215701,99258.91106,0.083326515,33.97720974,3.881213389,30.74794863,9.43e-05,0.000355482,35.48320614,0.083437807,5,0,-97.10063997,-0.99120822,8.0,0
109.1929732,26.24925128,68.0,0.012521909,98653.88274,0.273912,30.14674681,3.184154578,74.1574593,0.085441715,0.106355646,30.00684908,0.290314687,7,1,-164.7493808,-0.109563457,0.0,1
,,,12.61,101442.5,0.1947,30.59,0.09,40.82,8.95,5.19,29.28,0.1919,10,0,,,,0
,,,157.67,99473.1,0.683,31.33,5.03,78.81,111.9,70.44,30.6,0.7105,7,1,,,,1
109.1929732,26.24925128,68.0,2.12e-05,98636.31145,0.097451045,33.98942519,5.173670348,53.97890873,0.003092633,0.02578602,33.75689139,0.107656895,6,1,-136.8276206,-0.994840252,8.0,0
,,,111.83,100500.0,0.6468,22.6,5.61,76.84,62.88,48.07,23.93,0.6231,7,1,,,,1
,,,252.39,98904.4,0.8341,20.4,6.1,93.79,155.11,85.86,19.59,0.8065,9,1,,,,1
,,,13.65,101581.8,0.2361,26.95,0.13,43.19,10.91,5.82,25.81,0.2312,2,0,,,,0
,,,83.08,100350.5,0.6395,30.99,3.18,79.37,61.02,43.4,31.46,0.6122,9,1,,,,1
109.1929732,26.24925128,68.0,0.001240735,100494.9946,0.085473708,17.48212449,1.697099199,47.29452322,0.000458283,0.000371132,16.99685043,0.085516867,12,0,-179.5911349,-0.166916919,0.0,1
,,,334.88,98125.2,0.9105,24.23,8.76,98.24,213.05,137.42,24.94,0.9021,1,0,,,,1
,,,304.41,98279.5,0.878,20.0,8.59,95.16,211.7,172.99,20.34,0.8982,1,0,,,,1
,,,339.71,98000.0,0.903,28.78,9.12,100.0,250.0,177.47,28.23,0.9103,12,0,,,,1
,,,101.61,100500.0,0.6,25.55,3.37,80.04,85.62,65.01,25.84,0.5904,7,1,,,,1
,,,264.86,98381.7,0.8456,20.22,6.08,92.27,160.58,117.66,21.38,0.8418,9,1,,,,1
,,,7.44,102839.8,0.1322,21.16,1.99,35.07,5.82,4.98,21.7,0.1184,12,0,,,,0
,,,286.06,98467.5,0.8407,31.36,9.32,92.03,179.93,106.88,33.02,0.8639,9,1,,,,1
,,,330.02,98254.1,0.9193,29.23,8.88,98.58,240.47,170.56,30.31,0.9186,7,1,,,,1
,,,9.68,101860.4,0.1776,31.31,0.56,34.56,5.21,2.85,31.69,0.1696,9,1,,,,0
,,,267.12,98602.2,0.862,30.15,6.63,93.78,175.53,106.34,31.5,0.8875,11,0,,,,1
,,,28.31,101050.5,0.3299,23.78,3.95,67.57,18.53,15.0,22.7,0.3166,6,1,,,,0
,,,183.6,99515.8,0.7635,25.97,4.59,82.13,125.27,72.05,27.66,0.7531,10,0,,,,1
,,,10.7,101983.4,0.1592,19.61,0.27,45.18,8.07,6.96,20.21,0.1747,1,0,,,,0
,,,8.03,101963.4,0.1411,30.58,1.26,37.21,6.93,3.87,30.27,0.1455,5,0,,,,0
,,,303.46,98487.2,0.8663,20.0,7.52,92.46,250.0,141.44,19.49,0.8461,8,1,,,,1
,,,281.44,98483.2,0.8621,30.61,6.8,91.5,229.78,153.04,31.82,0.8321,10,0,,,,1
,,,84.33,100500.0,0.6498,32.58,3.15,77.61,64.77,46.18,32.66,0.6256,7,1,,,,1
109.1929732,26.24925128,68.0,0.000569697,100716.8679,0.085339051,22.96104303,2.892163381,58.00452582,0.00147732,0.000658009,23.57794069,0.085222818,3,0,-176.228703,-0.679858467,4.0,0
,,,26.51,100758.2,0.3055,28.93,2.03,64.86,20.0,13.96,27.78,0.2994,11,0,,,,0
,,,0.13,102476.0,0.08,19.82,0.0,22.76,0.11,0.09,18.94,0.0922,6,1,,,,0
,,,91.16,100500.0,0.6,34.76,3.0,80.57,51.49,40.0,32.89,0.5837,5,0,,,,1
,,,24.79,100763.5,0.2982,36.34,4.88,60.33,16.58,14.38,34.61,0.3101,8,1,,,,0
,,,188.76,99859.9,0.7042,34.63,4.53,85.23,120.08,94.87,33.43,0.7208,7,1,,,,1
,,,126.84,100014.8,0.6797,26.32,3.45,78.6,90.32,72.19,26.44,0.7089,6,1,,,,1
109.1929732,26.24925128,68.0,0.000262413,98943.81928,0.104242118,30.74019564,4.082156002,63.7045586,0.000522557,0.000552666,30.68348636,0.109674179,8,1,375.319362,0.976636467,9.0,0
,,,103.17,100388.0,0.628,32.44,4.86,80.25,80.12,65.74,32.63,0.604,7,1,,,,1
,,,10.05,102288.3,0.191,27.79,1.92,39.02,8.78,7.84,27.89,0.1939,11,0,,,,0
,,,90.52,99915.9,0.6021,28.74,4.76,76.27,54.2,41.25,27.34,0.6278,8,1,,,,1
,,,226.25,99352.7,0.8064,25.38,6.48,91.43,185.55,155.23,24.25,0.7983,6,1,,,,1
,,,268.48,99694.2,0.8467,29.83,9.42,90.07,213.62,120.26,30.83,0.8397,8,1,,,,1
,,,207.15,99192.0,0.7601,26.82,6.62,85.75,159.36,110.21,24.94,0.7434,8,1,,,,1
,,,267.02,99028.8,0.9217,20.76,4.67,90.0,148.83,95.11,19.16,0.9427,9,1,,,,1
,,,91.05,100500.0,0.6209,33.33,3.57,77.39,66.11,54.8,32.01,0.6196,9,1,,,,1
,,,130.09,100302.6,0.6597,26.23,5.02,77.32,99.65,82.14,27.38,0.6518,9,1,,,,1
109.1929732,26.24925128,68.0,0.0,99363.78385,0.0900679,30.70559797,2.003259694,63.29715232,0.000369719,0.000533501,31.37576307,0.09090203,10,0,-193.3781961,-0.214522733,1.0,0
,,,342.95,98000.0,0.9474,20.0,11.28,100.0,208.34,143.84,18.11,0.9611,7,1,,,,1
,,,14.63,101402.4,0.2052,30.67,1.22,47.66,10.77,7.08,29.36,0.2009,7,1,,,,0
,,,24.9,100758.7,0.282,35.27,3.52,57.21,15.83,13.51,36.65,0.2836,12,0,,,,0
109.1929732,26.24925128,68.0,0.002090263,100411.6444,0.085421401,17.70079531,2.426362276,49.66487273,0.001132685,0.000667666,17.31237773,0.085477852,12,0,-179.5911349,-0.200360472,1.0,0
109.1929732,26.24925128,68.0,0.000283876,100142.2929,0.087201037,19.83120798,2.213424449,58.28356831,0.000295107,0.000137012,20.37216293,0.087251997,12,0,-123.8572793,-0.331270723,8.0,0
,,,0.06,102333.4,0.1031,25.01,0.95,21.91,0.04,0.04,24.45,0.1022,5,0,,,,0
,,,13.22,101395.7,0.157,24.41,0.93,41.42,11.56,8.94,25.57,0.1434,12,0,,,,0
,,,116.9,100086.4,0.6959,22.13,4.2,80.76,76.92,42.87,20.21,0.6665,9,1,,,,1
,,,26.63,100738.8,0.306,30.52,1.69,65.45,18.9,14.27,29.74,0.3081,2,0,,,,0
109.1929732,26.24925128,68.0,0.007356957,98838.72867,0.206126768,29.84662716,2.76775803,71.75514821,0.007236266,0.006718714,29.93943883,0.223572414,9,1,377.4920955,0.975345667,8.0,0
,,,29.32,100594.7,0.3032,34.19,3.79,64.09,19.85,15.0,36.08,0.3172,11,0,,,,0
,,,7.9,102471.3,0.1541,36.02,0.0,29.81,5.23,4.7,35.39,0.1606,5,0,,,,0
,,,160.87,99202.2,0.6993,26.69,5.71,85.53,114.28,90.2,25.81,0.7021,10,0,,,,1
,,,275.02,98952.7,0.859,32.88,8.59,87.44,182.59,120.8,32.25,0.8723,7,1,,,,1
,,,182.69,99896.1,0.7175,30.61,6.61,86.12,103.12,71.56,29.99,0.7081,6,1,,,,1
,,,305.73,98590.2,0.8599,32.29,4.71,97.47,244.52,180.0,33.07,0.8391,9,1,,,,1
,,,320.06,98691.4,0.95,31.61,7.15,94.91,250.0,154.78,29.95,0.9332,8,1,,,,1
,,,186.09,99661.7,0.7195,24.19,3.88,86.49,157.2,117.22,23.04,0.7294,6,1,,,,1
,,,15.71,101403.6,0.2084,24.96,0.75,43.31,10.13,8.75,25.92,0.2241,3,0,,,,0
109.1929732,26.24925128,68.0,6.71e-06,98579.59295,0.080259559,37.69404692,1.16702964,18.3857314,0.001853886,0.001056521,38.03302682,0.080500857,5,0,-207.0181811,-0.405278601,3.0,0
,,,25.4,101552.6,0.3098,35.65,2.91,61.68,19.19,11.85,34.29,0.2954,2,0,,,,0
,,,18.7,101153.6,0.2474,28.33,1.27,55.61,12.63,10.88,26.93,0.2329,7,1,,,,0
,,,5.87,101467.6,0.1612,25.0,0.93,26.91,4.46,2.68,26.37,0.147,3,0,,,,0
,,,9.37,101549.8,0.1336,31.34,0.07,43.07,5.23,3.25,31.79,0.1428,6,1,,,,0
,,,28.34,100595.6,0.315,31.78,1.58,69.52,20.0,12.29,30.75,0.311,8,1,,,,0
,,,287.77,99182.8,0.8965,32.96,9.48,94.93,181.36,100.8,34.4,0.9104,6,1,,,,1
,,,130.27,100169.4,0.6774,20.51,3.71,77.55,88.09,62.78,19.54,0.7072,9,1,,,,1
,,,13.22,101728.8,0.1921,24.59,1.27,40.35,10.32,9.09,23.88,0.1773,6,1,,,,0
,,,28.27,100500.0,0.35,18.18,0.54,67.82,16.72,12.37,19.97,0.3412,11,0,,,,0
109.1929732,26.24925128,68.0,2.21e-05,100337.1147,0.085171062,25.42937507,0.241319688,44.98349087,5.58e-05,4.11e-05,25.1645407,0.085215029,2,0,-176.228703,-0.223668894,1.0,0
,,,5.35,102689.1,0.1309,32.32,0.68,20.0,4.78,4.07,32.26,0.1292,5,0,,,,0
109.1929732,26.24925128,68.0,0.0,98629.88727,0.080787276,34.34248119,3.512420415,28.94144207,6.52e-05,0.000806357,35.09206419,0.080993164,6,1,442.0647073,0.997005631,0.0,1
,,,235.39,98689.6,0.7809,21.35,6.64,92.17,147.47,94.38,21.69,0.798,8,1,,,,1
109.1929732,26.24925128,68.0,0.001151807,98593.5734,0.087782025,36.8429398,0.279767452,35.06088842,0.003937993,0.002154331,35.5688519,0.088712827,6,1,-213.5519879,-0.379864536,2.0,0
,,,111.79,100151.4,0.6556,24.04,3.59,84.47,73.19,40.94,23.09,0.6853,10,0,,,,1
,,,0.52,102803.0,0.1178,27.67,0.0,21.0,0.4,0.24,25.77,0.129,2,0,,,,0
,,,318.17,98476.5,0.9071,27.03,11.1,97.88,245.98,169.05,28.84,0.8944,9,1,,,,1
109.1929732,26.24925128,68.0,0.042800296,99247.90083,0.290483825,28.76964472,2.515799269,76.85865233,0.227049043,0.2107492,28.54561799,0.306603563,9,1,-374.6405134,-0.312242023,0.0,1
,,,14.68,102145.4,0.1832,28.89,0.46,49.66,12.65,11.03,28.77,0.1765,5,0,,,,0
109.1929732,26.24925128,68.0,0.0,100025.23,0.085745664,28.32301584,1.001060921,51.09692658,0.000220916,9.47e-05,28.49369179,0.085729175,11,0,120.5387925,1.235361352,8.0,0
109.1929732,26.24925128,68.0,0.000195264,100352.2054,0.08591745,20.6845731,3.108514271,52.27808786,0.000156999,0.000283542,21.84397083,0.086014847,2,0,-126.5090131,-0.987874403,8.0,0
,,,130.49,100218.9,0.6866,27.36,3.0,82.29,71.78,60.31,28.86,0.6935,9,1,,,,1
,,,28.65,100500.0,0.3487,32.34,3.17,70.0,20.0,14.83,31.54,0.3447,6,1,,,,0
,,,93.42,100500.0,0.6,24.48,3.0,77.33,64.78,40.0,24.02,0.6215,9,1,,,,1
,,,286.1,98360.6,0.8563,28.38,9.28,88.91,191.02,159.8,27.78,0.8748,9,1,,,,1
109.1929732,26.24925128,68.0,0.0,100075.3109,0.092930919,27.9537435,0.553963269,44.60951877,0.138725196,0.064481729,27.72247402,0.092817101,10,0,-65.43054027,-0.329596041,8.0,0
,,,4.99,102420.5,0.1657,36.49,0.75,24.63,4.43,3.89,35.55,0.177,5,0,,,,0
,,,19.8,101513.5,0.2729,30.97,2.28,53.83,13.48,11.12,31.22,0.2759,4,0,,,,0
,,,14.18,101704.6,0.1929,26.63,1.07,42.67,11.07,9.58,27.83,0.1915,4,0,,,,0
,,,265.06,98840.5,0.8862,27.73,9.5,93.83,199.03,138.16,26.51,0.8931,6,1,,,,1
109.1929732,26.24925128,68.0,0.173483359,98628.68134,0.376538094,28.95370836,1.413453801,81.05172615,0.150884294,0.620618502,28.94743662,0.382838613,7,1,587.4896168,1.146772852,0.0,1
109.1929732,26.24925128,68.0,0.0,99583.96211,0.085147827,29.41126495,1.987965499,35.88223771,0.0,0.000164258,29.44332534,0.085222635,3,0,220.8387487,0.281437839,0.0,1
,,,241.59,98477.3,0.795,22.64,5.92,85.65,178.36,122.38,22.37,0.8246,9,1,,,,1
,,,260.66,98824.3,0.8184,23.38,4.27,89.48,191.07,122.29,22.08,0.792,1,0,,,,1
,,,19.68,101387.6,0.2599,29.88,2.51,56.63,13.78,10.45,28.15,0.2535,6,1,,,,0
,,,12.36,102214.1,0.1858,19.84,2.45,37.78,10.18,5.62,18.25,0.2006,1,0,,,,0
,,,253.88,99069.5,0.7859,20.0,5.63,87.06,190.13,121.31,21.52,0.7585,7,1,,,,1
,,,29.48,101014.6,0.3345,24.23,3.74,67.69,16.45,11.32,25.97,0.3215,7,1,,,,0
,,,126.12,100234.0,0.677,34.21,3.0,76.02,70.74,56.09,35.9,0.6639,7,1,,,,1
109.1929732,26.24925128,68.0,0.0,100331.2041,0.086510081,21.96648384,3.160332484,29.12345892,0.0,0.022541187,23.10972308,0.086891794,3,0,-74.9485503,-0.077317634,0.0,1
,,,157.72,99156.9,0.6121,24.03,3.0,80.67,102.07,65.38,25.05,0.5824,2,0,,,,1
,,,252.36,99081.9,0.9069,27.67,7.1,89.55,145.86,82.96,27.62,0.9231,9,1,,,,1
,,,22.49,101023.1,0.3015,30.92,3.71,64.33,11.58,6.21,32.61,0.2855,4,0,,,,0
,,,227.89,99531.7,0.7638,21.2,6.25,84.55,192.84,127.34,22.31,0.7366,4,0,,,,1
,,,10.37,101890.2,0.1666,29.95,1.04,36.54,5.89,3.65,28.88,0.1505,3,0,,,,0
,,,241.42,99414.0,0.7672,29.14,3.14,85.2,181.56,138.21,27.63,0.7907,9,1,,,,1
,,,168.29,99661.4,0.7356,22.39,3.7,82.38,92.81,74.95,22.87,0.7298,9,1,,,,1
,,,6.65,102228.6,0.1855,35.1,0.21,31.48,4.14,3.24,35.22,0.1807,1,0,,,,0
,,,271.23,98966.1,0.88,20.12,6.54,89.68,179.66,115.83,18.62,0.8635,10,0,,,,1
109.1929732,26.24925128,68.0,0.0,100090.5582,0.08703697,20.87584631,0.29997262,49.49169682,1.19e-06,0.000104216,20.79513122,0.087012635,11,0,-183.0575444,-0.653919773,4.0,0
,,,11.83,101404.4,0.2131,31.16,1.43,42.27,6.43,4.35,32.41,0.2208,4,0,,,,0
,,,26.91,100500.0,0.3026,32.95,2.05,55.61,20.0,10.1,31.42,0.3008,4,0,,,,0
,,,190.41,100071.6,0.7237,23.78,5.84,89.37,141.19,102.68,23.33,0.7057,8,1,,,,1
,,,348.14,98000.0,0.9124,33.72,9.12,100.0,212.78,161.03,33.46,0.9387,1,0,,,,1
,,,322.75,98364.2,0.897,24.88,5.99,99.21,240.45,180.0,23.1,0.8703,6,1,,,,1
,,,287.81,98944.2,0.8828,20.59,6.97,89.61,214.58,155.07,18.6,0.8767,9,1,,,,1
,,,13.1,101914.2,0.2052,24.98,0.79,46.49,9.55,8.27,26.44,0.1883,1,0,,,,0
,,,16.89,101438.3,0.2241,26.13,1.44,49.03,11.75,9.52,27.78,0.2369,6,1,,,,0
,,,2.85,102693.3,0.1015,35.89,0.0,20.0,1.94,1.0,35.18,0.1126,6,1,,,,0
,,,29.47,100500.0,0.3397,29.14,2.33,66.69,15.77,13.87,28.26,0.354,6,1,,,,0
109.1929732,26.24925128,68.0,0.001382396,99224.37076,0.089142912,33.83833077,4.71386717,49.88876849,0.000530378,0.003159018,33.61400166,0.08818451,5,0,-200.2142267,-0.230197974,1.0,0
109.1929732,26.24925128,68.0,0.0,100382.8658,0.089211397,18.14847584,0.284495178,49.37514922,4.02e-05,5.39e-05,17.47171129,0.089578833,2,0,-178.1491213,-0.220749712,1.0,0
,,,15.25,102014.6,0.2311,21.4,0.45,42.96,8.04,6.1,20.64,0.2306,3,0,,,,0
,,,8.45,101623.0,0.1488,29.13,1.02,27.43,4.64,4.05,27.43,0.1411,4,0,,,,0
109.1929732,26.24925128,68.0,0.000262864,98810.70733,0.098878423,34.5577289,5.001746617,40.45862634,0.000800256,0.017755354,34.37724606,0.099740872,5,0,334.1466633,4.850361209,5.0,0
109.1929732,26.24925128,68.0,0.002386459,98511.99422,0.225797709,30.47916386,4.474231141,71.63662335,0.047164229,0.071266436,30.37149129,0.249950316,8,1,-164.7493808,-0.140308916,0.0,1
109.1929732,26.24925128,68.0,2.384503981,98664.63409,0.414713127,27.31925917,5.092830602,85.56571992,4.362375576,2.466338451,26.68631301,0.42189634,8,1,-119.9089943,-0.13728209,1.0,0
109.1929732,26.24925128,68.0,0.001064251,99234.78897,0.085667391,31.57701479,2.531366673,56.36422434,0.001689111,0.001544584,31.24514449,0.085869352,8,1,-132.4959613,-0.326859962,6.0,0
,,,18.5,100882.2,0.231,23.46,1.22,51.1,12.64,8.95,23.36,0.2187,11,0,,,,0
,,,133.5,99924.0,0.6509,23.06,4.82,82.83,101.95,65.07,23.52,0.6585,8,1,,,,1
,,,133.8,100166.0,0.6744,30.85,3.18,76.81,85.49,56.93,28.92,0.7011,7,1,,,,1
,,,11.09,102038.3,0.2356,24.15,0.09,40.07,5.56,2.94,24.19,0.2282,2,0,,,,0
,,,261.44,98260.9,0.8016,23.41,5.91,94.46,217.97,140.43,25.35,0.8118,7,1,,,,1
,,,6.52,102547.2,0.153,20.86,1.63,31.51,5.17,3.52,19.03,0.1546,10,0,,,,0
109.1929732,26.24925128,68.0,1.81e-06,99463.35691,0.085388136,29.53268955,1.106697975,20.65313778,0.000401857,0.010330024,29.65273948,0.08586751,4,0,351.3304016,431.0650036,9.0,0
,,,8.13,102129.7,0.1459,18.75,0.15,28.73,4.37,3.53,18.65,0.1505,1,0,,,,0
109.1929732,26.24925128,68.0,8.54e-05,99220.1393,0.083754653,35.80341504,2.654077061,23.9577563,0.000726638,0.008539963,35.32999651,0.083806881,5,0,195.3097789,2.016550559,5.0,0
,,,334.58,98000.0,0.8922,27.45,8.23,99.83,214.3,168.3,27.7,0.873,9,1,,,,1
,,,15.12,101117.7,0.1795,27.87,0.46,47.4,9.6,5.19,27.81,0.1808,3,0,,,,0
,,,5.19,102338.0,0.1108,32.97,0.1,29.97,4.12,3.04,33.72,0.1133,9,1,,,,0
,,,7.91,102274.4,0.1689,22.63,0.99,27.21,4.4,2.72,23.72,0.1572,11,0,,,,0
,,,16.77,101466.9,0.2459,21.86,2.28,43.77,10.72,6.97,22.8,0.2575,4,0,,,,0
,,,19.41,100663.8,0.2448,26.6,2.94,51.06,13.52,9.06,24.65,0.237,3,0,,,,0
,,,93.62,100282.0,0.6146,32.98,3.0,75.31,72.88,44.93,31.62,0.6052,6,1,,,,1
,,,83.18,100214.6,0.6,31.13,3.0,75.75,55.75,40.0,32.67,0.5973,8,1,,,,1
,,,22.39,101166.8,0.2751,19.7,3.19,54.97,19.44,14.7,18.05,0.2627,4,0,,,,0
,,,89.69,100500.0,0.6,29.43,3.64,78.66,59.08,40.0,29.4,0.6259,7,1,,,,1
,,,13.81,101719.4,0.2172,19.57,0.34,47.11,7.23,4.11,20.58,0.2083,10,0,,,,0
,,,131.74,100398.9,0.6622,22.62,3.56,81.57,104.73,59.12,22.96,0.6391,3,0,,,,1
,,,24.63,100924.0,0.3057,21.51,2.5,61.68,13.08,11.51,22.36,0.2859,7,1,,,,0
109.1929732,26.24925128,68.0,0.000272252,100082.5067,0.087128479,26.65184278,0.147840253,42.13516802,0.000410293,0.001860171,25.43721401,0.087554412,3,0,435.6401164,296.230922,8.0,0
,,,303.92,98663.9,0.8905,32.63,8.79,97.57,167.91,102.11,31.56,0.8691,6,1,,,,1
,,,241.32,99470.2,0.7821,29.31,4.03,85.99,171.97,123.73,27.84,0.7731,6,1,,,,1
,,,349.23,98002.5,0.9153,21.15,8.33,100.0,250.0,146.94,21.73,0.9097,6,1,,,,1
,,,19.41,101722.9,0.2465,21.87,1.29,51.42,11.58,8.14,20.24,0.2358,9,1,,,,0
,,,226.93,98996.0,0.7979,32.16,8.46,88.05,167.76,135.52,30.47,0.7927,7,1,,,,1
,,,20.98,101186.0,0.2699,23.24,3.91,57.61,12.53,10.65,22.14,0.2895,10,0,,,,0
109.1929732,26.24925128,68.0,0.009565263,99587.19691,0.084562769,29.38611415,0.183043792,28.27386534,0.004734066,0.002348,29.19502634,0.08445057,4,0,364.319936,0.994667054,10.0,0
,,,307.63,98011.3,0.9123,33.59,10.57,93.48,184.85,145.52,35.54,0.8838,6,1,,,,1
,,,16.84,100816.2,0.2548,28.27,2.55,51.6,11.79,7.82,28.26,0.2519,9,1,,,,0
,,,235.75,99235.8,0.8239,20.33,4.92,86.97,178.38,110.32,22.23,0.8164,7,1,,,,1
,,,196.25,99228.0,0.7383,24.31,7.2,80.74,153.91,95.56,22.93,0.712,4,0,,,,1
109.1929732,26.24925128,68.0,0.052329686,99022.20217,0.271240583,30.25719954,1.620242307,75.90652209,0.024937205,0.240600617,30.05281636,0.283573454,8,1,-139.2740592,-0.213794265,2.0,0
,,,330.72,98533.3,0.8648,33.4,5.66,100.0,198.83,130.16,33.79,0.8549,8,1,,,,1
109.1929732,26.24925128,68.0,0.001842208,99117.42419,0.089635932,35.10485116,2.268960469,28.69778718,0.0006293,0.000282952,35.22214977,0.08646041,5,0,-206.4463087,-0.759641469,4.0,0
,,,4.1,101856.8,0.0878,36.01,0.0,24.08,3.69,2.45,35.78,0.095,6,1,,,,0
109.1929732,26.24925128,68.0,0.010183439,99604.22348,0.087959439,24.16510215,2.071910282,52.16450746,0.008953449,0.003837192,25.8030521,0.088539329,3,0,362.6305747,283.0192072,9.0,0
,,,2.46,102216.8,0.1141,18.35,0.58,25.82,2.13,1.67,20.2,0.1237,9,1,,,,0
,,,4.87,102215.5,0.1446,25.0,0.88,22.66,2.54,1.77,26.06,0.1524,6,1,,,,0
109.1929732,26.24925128,68.0,0.0,100042.2825,0.086097186,19.54137446,0.960481185,45.56006155,0.000124428,7.98e-05,20.55311661,0.086172289,12,0,-166.1913375,-0.284359807,6.0,0
,,,12.83,101184.8,0.1753,33.31,1.1,44.93,6.76,3.7,33.29,0.1773,4,0,,,,0
,,,345.82,98000.0,0.937,27.27,6.59,100.0,246.05,180.0,26.85,0.9141,8,1,,,,1
,,,20.44,101070.4,0.2674,30.02,2.04,50.59,14.97,10.15,31.36,0.2629,3,0,,,,0
,,,0.49,101999.8,0.0822,28.15,0.44,21.77,0.27,0.15,27.98,0.0748,2,0,,,,0
,,,83.49,100500.0,0.6215,32.68,3.0,76.1,50.0,40.0,33.66,0.647,7,1,,,,1
,,,9.3,101987.8,0.1881,34.22,0.42,33.93,5.13,2.83,35.33,0.2003,6,1,,,,0
,,,25.44,100558.0,0.3006,30.94,0.94,61.76,20.0,15.0,29.01,0.2934,10,0,,,,0
109.1929732,26.24925128,68.0,0.0,98910.24608,0.089374673,32.8163474,2.752367717,53.33111365,0.000863934,0.000379518,32.07091065,0.088360653,8,1,315.5077203,39.97163569,9.0,0
,,,14.36,101194.4,0.2035,37.25,2.1,47.72,11.59,8.65,37.17,0.2031,1,0,,,,0
,,,21.18,101241.9,0.3026,31.11,2.88,55.1,13.34,9.93,29.61,0.287,11,0,,,,0
,,,13.49,102134.7,0.2014,34.72,2.27,43.07,9.94,5.27,33.07,0.1868,7,1,,,,0
109.1929732,26.24925128,68.0,0.0,98714.63057,0.080498315,34.14044776,5.053678802,30.49668141,0.0,0.000607838,34.19738387,0.080643292,6,1,-186.1649665,-0.143735896,0.0,1
109.1929732,26.24925128,68.0,0.04541671,98305.03588,0.085191204,35.03118312,3.000822951,51.02710757,0.016637633,0.018358355,34.51824093,0.085868925,7,1,-197.1511381,-0.178742913,0.0,1
,,,23.48,101311.1,0.2896,23.52,0.31,48.9,14.69,10.11,23.99,0.3059,12,0,,,,0
,,,81.54,100500.0,0.6,24.77,3.53,75.89,50.34,40.0,26.03,0.5907,3,0,,,,1
109.1929732,26.24925128,68.0,0.0,99389.88106,0.084891009,30.91782647,2.898285675,55.80218492,0.0,3.41e-07,30.80468251,0.084891037,10,0,-105.6780364,-0.329382944,8.0,0
,,,9.05,102369.6,0.1363,20.27,1.33,32.92,5.24,3.19,20.96,0.1294,7,1,,,,0
,,,108.13,99876.6,0.6726,24.36,4.65,77.65,62.64,40.0,25.99,0.6978,1,0,,,,1
,,,146.98,100132.1,0.6619,23.06,3.0,80.69,118.94,92.23,21.2,0.641,8,1,,,,1
,,,313.6,98093.6,0.8891,24.21,5.24,97.73,250.0,180.0,23.82,0.8885,9,1,,,,1
,,,273.77,98030.4,0.8479,27.94,9.1,92.76,217.18,170.99,29.34,0.8482,8,1,,,,1
,,,11.26,101405.1,0.1637,24.8,0.22,39.51,6.46,4.34,26.15,0.1724,7,1,,,,0
,,,28.28,101443.9,0.3268,22.8,4.22,66.19,20.0,15.0,22.47,0.335,11,0,,,,0
,,,197.73,99361.3,0.7435,29.88,5.24,87.4,119.92,99.05,29.31,0.7192,7,1,,,,1
109.1929732,26.24925128,68.0,0.006251911,99254.55036,0.107682537,31.23246393,3.833386953,54.13499916,0.061358579,0.059842599,30.62664733,0.114329239,5,0,-138.3708514,-0.105641916,0.0,1
,,,19.28,101447.6,0.2203,32.66,0.94,54.55,10.56,5.53,33.64,0.2168,8,1,,,,0
,,,19.48,101346.4,0.2525,36.62,1.8,54.05,15.05,10.11,38.27,0.2526,7,1,,,,0
,,,20.21,101530.7,0.2472,21.61,0.7,50.79,17.32,11.77,20.82,0.2379,1,0,,,,0
,,,328.32,98245.1,0.916,20.0,9.12,96.16,234.66,180.0,18.52,0.9094,7,1,,,,1
109.1929732,26.24925128,68.0,0.0,99595.77803,0.083912462,34.30542245,2.91807247,17.17578833,2.51e-05,1.08e-05,33.11168423,0.083972294,4,0,-229.1103936,-0.164298538,0.0,1
,,,98.06,99939.4,0.6375,20.56,4.74,80.89,58.69,40.0,22.39,0.6571,7,1,,,,1
,,,1.88,102086.0,0.1143,30.8,0.48,20.0,1.3,0.86,32.38,0.1251,12,0,,,,0
,,,203.21,99610.3,0.7741,22.57,6.07,84.87,139.1,104.62,23.71,0.7763,9,1,,,,1
,,,305.26,98000.0,0.9459,26.44,10.34,92.43,242.91,138.72,26.64,0.9686,9,1,,,,1
,,,108.14,100444.2,0.6,21.44,3.47,77.4,76.53,46.69,20.26,0.6287,7,1,,,,1
,,,10.04,101640.3,0.1414,35.11,0.97,43.15,5.44,2.8,34.37,0.1274,12,0,,,,0
109.1929732,26.24925128,68.0,0.001536611,99370.71972,0.088102612,32.69056226,4.084531224,34.37748934,0.001638292,0.000816102,32.71768746,0.087985913,4,0,-225.6389026,-0.137450049,0.0,1
,,,193.05,99250.1,0.7366,22.15,5.64,87.39,112.79,64.39,21.05,0.7558,9,1,,,,1
,,,191.94,99528.5,0.7428,23.7,7.95,85.16,155.25,105.75,24.2,0.7394,8,1,,,,1
,,,12.08,100815.6,0.1856,30.84,1.68,43.21,10.64,6.77,29.12,0.1749,8,1,,,,0
,,,318.44,98208.1,0.8669,20.98,9.14,98.15,197.8,155.35,21.83,0.854,12,0,,,,1
,,,1.69,102727.8,0.0872,22.03,0.17,31.28,1.47,1.32,21.36,0.0729,6,1,,,,0
109.1929732,26.24925128,68.0,0.000170996,100252.6728,0.087680051,20.91329016,0.439625379,46.48795286,0.000113997,0.000531988,20.69394002,0.087784635,2,0,288.6446411,0.435727444,0.0,1
,,,227.45,99060.3,0.7792,21.53,5.41,90.56,181.73,109.23,21.84,0.7577,6,1,,,,1
,,,242.93,98701.2,0.8218,26.15,5.8,87.39,155.73,123.64,25.36,0.8307,6,1,,,,1
,,,25.09,101488.9,0.3119,32.73,1.38,57.9,18.3,12.32,32.45,0.3119,5,0,,,,0
,,,12.52,101232.9,0.2058,28.32,2.21,39.56,6.4,3.32,26.33,0.1883,6,1,,,,0
,,,9.71,101656.6,0.1593,30.22,1.27,32.97,6.21,3.6,30.0,0.1739,4,0,,,,0
109.1929732,26.24925128,68.0,0.011909462,98632.00832,0.086880003,34.72360818,3.761056986,51.25117498,0.245313859,0.120909284,34.74088833,0.086577214,6,1,-232.2486867,-0.426031053,2.0,0
,,,80.25,100500.0,0.6017,32.69,3.0,75.0,50.51,40.0,30.7,0.63,2,0,,,,1
109.1929732,26.24925128,68.0,2.24e-06,98975.40043,0.090000206,30.72434244,3.872615534,57.15877831,2.16e-05,0.00065133,30.99514593,0.090308654,8,1,269.6697221,1.933049651,5.0,0
109.1929732,26.24925128,68.0,0.015294982,99342.42782,0.371740248,27.3593041,1.373874713,81.04862656,0.189082342,0.671284429,27.15168338,0.387041818,8,1,-143.0018604,-0.124853641,0.0,1
,,,329.94,98368.1,0.9419,28.59,4.45,99.14,210.96,132.5,26.63,0.9324,3,0,,,,1
,,,197.76,99114.9,0.753,22.21,6.12,81.99,138.02,100.12,23.0,0.7315,8,1,,,,1
,,,294.99,98830.1,0.905,27.24,8.31,100.0,220.73,160.35,27.19,0.9267,7,1,,,,1
,,,18.94,100918.6,0.2401,20.88,3.07,52.18,16.99,10.27,19.6,0.23,3,0,,,,0
109.1929732,26.24925128,68.0,0.0,99507.54489,0.087613831,25.59477765,0.423619049,45.04367126,0.004195812,0.003837192,25.33874362,0.0879735,3,0,362.6305747,0.996479111,10.0,0
,,,244.57,98815.6,0.8653,30.77,8.26,93.65,193.47,163.07,30.4,0.866,6,1,,,,1
,,,184.83,99623.2,0.7895,20.76,5.53,85.08,138.31,79.28,19.62,0.7708,7,1,,,,1
,,,278.83,99134.2,0.8662,29.99,10.3,94.13,209.9,175.15,28.76,0.8613,6,1,,,,1
,,,233.13,99708.6,0.7555,22.66,5.41,88.77,146.44,102.81,23.17,0.7425,6,1,,,,1
,,,134.6,100255.9,0.6464,22.59,3.2,75.34,84.44,62.01,21.03,0.671,8,1,,,,1
,,,17.18,100885.3,0.2017,37.23,1.9,51.75,12.79,6.52,38.8,0.2004,5,0,,,,0
,,,7.33,102289.4,0.1458,23.29,0.3,28.56,4.17,2.91,24.58,0.1306,6,1,,,,0
,,,92.16,100500.0,0.6077,23.27,3.0,75.0,57.03,41.53,24.33,0.6011,6,1,,,,1
,,,222.56,98728.5,0.7371,27.19,8.83,89.2,142.35,115.23,26.3,0.7071,9,1,,,,1
,,,13.72,101802.7,0.1845,21.71,2.09,43.45,11.74,7.04,20.64,0.1801,4,0,,,,0
109.1929732,26.24925128,68.0,0.003336975,100737.4347,0.09213238,13.33528711,2.966708923,38.97620035,0.001188342,0.000724715,12.62299245,0.092871135,1,0,-148.0726972,-0.492547851,7.0,0
109.1929732,26.24925128,68.0,0.0,100601.3541,0.091165981,15.0348888,2.401746183,50.39286438,0.00013571,0.001548966,15.02652956,0.091336909,1,0,883.1380014,1.171838499,0.0,1
109.1929732,26.24925128,68.0,0.009386272,98772.03313,0.107457531,32.40762867,0.284184402,62.73030991,0.118451087,0.051859837,33.51750129,0.09615708,7,1,-303.8569052,-0.291910409,1.0,0
,,,13.33,101767.0,0.1753,24.89,1.66,48.4,8.31,5.37,26.49,0.172,9,1,,,,0
109.1929732,26.24925128,68.0,0.001782728,99380.83505,0.086919797,29.44893479,3.014599317,36.79318293,0.002437529,0.003476559,29.71266519,0.086450921,4,0,-112.3768524,-0.120320361,0.0,1
,,,129.83,99829.9,0.6692,32.06,4.32,81.87,108.63,68.33,31.39,0.651,12,0,,,,1
,,,189.96,99590.5,0.7432,33.89,5.49,87.12,155.73,122.96,33.5,0.7709,8,1,,,,1
,,,2.73,102432.3,0.08,25.72,0.09,26.19,2.13,1.13,25.05,0.0924,5,0,,,,0
,,,113.2,100500.0,0.6452,27.43,3.0,85.88,70.43,48.91,27.45,0.6574,8,1,,,,1
,,,23.81,101010.4,0.3106,23.83,3.09,61.14,20.0,13.69,25.51,0.2923,5,0,,,,0
,,,11.31,101588.9,0.1651,30.02,1.46,46.61,9.0,4.95,31.99,0.1764,5,0,,,,0
,,,15.7,100535.2,0.236,34.05,1.24,49.93,10.89,6.12,35.88,0.2497,9,1,,,,0
,,,164.61,99521.0,0.6895,30.55,5.81,83.23,128.13,103.56,30.04,0.7112,11,0,,,,1
,,,23.73,100940.7,0.2935,22.65,4.25,55.73,14.66,8.0,23.84,0.3064,3,0,,,,0
109.1929732,26.24925128,68.0,0.001716868,98552.78905,0.200611983,30.83906449,4.451201905,68.49482433,0.002806963,0.061053338,30.86179544,0.208832754,8,1,305.1322417,2.679988408,6.0,0
109.1929732,26.24925128,68.0,0.414422456,98499.22277,0.216862114,31.47630911,0.637762456,72.77315643,0.403769066,0.284240858,30.88903296,0.225312643,8,1,-216.527765,-0.237373282,1.0,0
,,,116.55,99646.4,0.6,24.97,4.94,79.07,77.57,60.49,24.36,0.5857,9,1,,,,1
,,,17.08,101712.5,0.2238,19.7,0.89,54.63,9.24,5.13,19.61,0.2085,3,0,,,,0
109.1929732,26.24925128,68.0,0.000128526,100873.2552,0.086329721,15.41403552,1.646473753,47.92386948,5.77e-05,2.47e-05,15.64251823,0.08648228,12,0,-72.35360048,-0.092379694,1.0,0
,,,276.57,98787.2,0.7919,31.56,4.27,91.44,170.35,137.7,31.44,0.8174,6,1,,,,1
,,,1.92,102538.2,0.0932,34.72,0.0,22.49,1.19,1.02,35.46,0.0802,10,0,,,,0
,,,16.9,101799.2,0.2298,27.86,1.43,46.31,10.38,5.65,29.78,0.2124,5,0,,,,0
,,,18.27,101691.6,0.2386,24.28,2.26,48.94,10.05,7.4,24.27,0.2324,1,0,,,,0
,,,14.28,101419.6,0.2037,18.1,2.15,47.33,8.98,5.85,17.96,0.2142,6,1,,,,0
,,,206.3,100142.2,0.7664,20.35,3.96,88.15,127.66,78.46,20.29,0.7922,7,1,,,,1
,,,7.02,101813.6,0.1571,24.46,0.76,34.47,5.53,2.91,22.84,0.1712,1,0,,,,0
,,,10.55,101627.8,0.1613,34.72,0.52,32.9,8.57,5.21,35.93,0.1758,8,1,,,,0
109.1929732,26.24925128,68.0,6.37e-05,100518.4795,0.086042158,16.71074795,1.863433991,32.09120279,4.25e-05,7.6e-05,17.15607965,0.086037958,12,0,121.5945291,1.416091241,9.0,0
109.1929732,26.24925128,68.0,0.010026884,100481.1864,0.085384319,19.04680414,1.807571868,67.79631534,0.003559072,0.004350119,18.6174405,0.085431153,1,0,-186.024585,-0.217345259,1.0,0
,,,21.15,100500.0,0.2835,21.58,3.27,55.77,13.18,10.55,23.24,0.2798,12,0,,,,0
,,,173.89,99926.3,0.712,26.04,6.04,83.2,105.56,65.81,25.05,0.7241,11,0,,,,1
,,,27.88,101272.7,0.3336,19.78,2.09,70.0,17.69,11.51,21.5,0.3487,4,0,,,,0
,,,295.06,98168.4,0.8865,25.07,6.44,94.98,228.15,180.0,24.58,0.8946,7,1,,,,1
,,,114.05,100279.7,0.626,33.84,3.8,75.0,82.82,56.04,32.18,0.6205,8,1,,,,1
,,,1.32,102580.7,0.0866,32.79,0.0,26.47,0.77,0.64,33.03,0.0893,8,1,,,,0
109.1929732,26.24925128,68.0,0.000165408,100261.8323,0.086183609,22.41679546,1.222182564,39.16409163,0.000202662,0.000845216,21.41782838,0.086315164,2,0,-126.5090131,-0.331975065,6.0,0
,,,128.41,99702.9,0.6321,33.61,5.49,81.2,77.77,45.79,35.5,0.6345,8,1,,,,1
,,,345.17,98000.0,0.929,28.69,7.69,100.0,250.0,180.0,28.95,0.9079,11,0,,,,1
,,,29.72,100507.3,0.35,21.8,2.89,69.84,20.0,15.0,22.75,0.3492,5,0,,,,0
,,,279.92,98490.9,0.8871,22.15,6.69,84.89,162.62,122.56,22.42,0.9057,8,1,,,,1
,,,9.92,101894.3,0.1799,21.68,1.31,29.54,7.21,4.75,23.43,0.183,4,0,,,,0
,,,12.44,102051.6,0.1984,32.34,0.17,38.64,9.04,4.87,34.26,0.1867,10,0,,,,0
,,,0.03,102122.2,0.1054,20.18,0.49,20.67,0.03,0.02,20.12,0.1026,10,0,,,,0
,,,20.64,101334.9,0.2708,18.24,0.91,55.24,13.33,7.92,16.29,0.2619,8,1,,,,0
,,,163.57,100065.6,0.7369,30.68,3.63,85.5,106.94,64.92,29.33,0.7166,9,1,,,,1
109.1929732,26.24925128,68.0,0.000949835,98606.07032,0.08540441,36.83148501,3.776098548,19.99652929,0.005601544,0.004827218,36.05213353,0.086247577,5,0,-200.851227,-0.145236759,0.0,1
,,,114.54,100129.4,0.6892,20.98,3.39,76.51,74.24,50.46,21.24,0.6749,6,1,,,,1
,,,29.63,100500.0,0.3374,23.35,1.45,68.9,18.93,14.18,23.63,0.3469,1,0,,,,0
,,,19.14,101134.8,0.2664,36.0,3.37,46.49,16.24,8.45,36.22,0.2711,11,0,,,,0
,,,106.34,100218.6,0.6422,21.65,3.0,75.0,74.11,52.77,23.5,0.6137,6,1,,,,1
,,,190.6,99026.8,0.7165,23.19,4.71,87.68,148.86,124.54,21.86,0.7175,6,1,,,,1
,,,193.97,99406.7,0.7187,34.76,4.08,81.67,125.71,75.95,32.94,0.7385,10,0,,,,1
,,,14.9,101651.0,0.1931,24.15,2.16,45.12,11.41,5.78,25.05,0.1856,7,1,,,,0
,,,97.88,100003.6,0.6663,21.79,3.0,75.0,70.52,57.21,20.03,0.6488,6,1,,,,1
,,,316.34,98111.1,0.8741,30.46,4.21,96.1,179.46,148.91,31.69,0.8593,8,1,,,,1
109.1929732,26.24925128,68.0,6.71e-06,100460.2793,0.085447274,21.57599697,2.08245793,55.00973464,2.24e-06,0.000774188,21.56995066,0.085461184,11,0,-160.7390836,-0.671291953,7.0,0
,,,133.23,99815.0,0.6393,20.83,4.76,80.9,92.22,67.47,19.69,0.6347,12,0,,,,1
,,,103.09,100253.3,0.6333,28.73,3.55,75.0,77.48,45.22,29.82,0.647,9,1,,,,1
,,,180.24,99410.3,0.7358,25.34,5.66,84.87,134.73,101.07,25.23,0.7147,11,0,,,,1
,,,1.59,103000.0,0.1306,31.73,0.25,22.39,1.34,0.9,33.05,0.1151,2,0,,,,0
109.1929732,26.24925128,68.0,0.000104294,100389.3371,0.087899203,26.00042251,2.757464794,56.65494428,3.63e-05,1.94e-05,26.5636094,0.087772446,10,0,-180.7927687,-0.551113273,4.0,0
,,,14.04,101396.2,0.22,34.45,1.73,41.72,12.18,7.85,35.25,0.2228,9,1,,,,0
,,,6.6,102574.0,0.1618,35.78,1.24,27.1,3.94,3.12,34.53,0.1505,3,0,,,,0
,,,339.33,98136.7,0.941,30.51,9.73,96.53,191.57,119.95,28.66,0.9406,6,1,,,,1
,,,113.08,100466.2,0.6263,29.0,3.0,77.55,95.05,68.95,30.54,0.6355,4,0,,,,1
,,,23.1,101973.9,0.3373,24.9,0.21,57.51,16.73,11.67,24.13,0.3493,7,1,,,,0
,,,87.3,100452.1,0.6072,21.86,3.0,75.0,55.23,40.0,22.21,0.611,6,1,,,,1
,,,10.29,102076.8,0.1417,18.96,0.0,36.51,8.03,4.26,17.7,0.1487,2,0,,,,0
109.1929732,26.24925128,68.0,0.000372071,100196.623,0.086898321,27.43067699,0.886757823,46.15052844,0.000608475,0.000344194,27.41088097,0.08665526,11,0,-174.5699228,-0.222965766,1.0,0
,,,9.21,102054.6,0.1457,20.55,0.95,39.77,7.31,6.09,21.12,0.1541,5,0,,,,0
109.1929732,26.24925128,68.0,0.036140897,98976.38633,0.172545379,31.75386082,1.819935277,68.45941307,0.013193756,0.008177808,31.2136574,0.185614283,8,1,-136.9607228,-0.485629265,8.0,0
109.1929732,26.24925128,68.0,0.0,98441.2825,0.08112359,35.65876665,4.25592522,28.22329251,0.000113252,6.89e-05,35.48482544,0.081197128,5,0,-138.5076286,-0.992124794,7.0,0
,,,334.54,98374.1,0.9483,25.12,5.94,100.0,250.0,164.53,26.7,0.9706,9,1,,,,1
109.1929732,26.24925128,68.0,0.0,99413.03049,0.085976513,32.71208215,1.034742129,22.19546194,0.0,0.004801709,32.75671864,0.086277688,5,0,-16.58639837,-0.018273129,0.0,1
,,,247.42,99158.0,0.8364,34.37,5.39,90.32,179.49,106.57,36.04,0.8315,6,1,,,,1
,,,27.26,101112.4,0.3,36.26,4.29,68.46,19.12,12.23,34.57,0.2827,9,1,,,,0
109.1929732,26.24925128,68.0,0.003478904,100108.7326,0.089200562,23.40194955,2.96825798,48.69169224,0.003930106,0.002912395,23.5802454,0.089537139,3,0,244.7159808,2.30078408,4.0,0
109.1929732,26.24925128,68.0,0.0,100098.6193,0.105521123,27.23013295,2.941106351,62.38316712,0.030999415,0.013389309,28.62073619,0.097717111,10,0,-97.58310403,-0.329750715,7.0,0
109.1929732,26.24925128,68.0,0.009565263,99587.19691,0.084562769,29.38611415,0.183043792,28.27386534,0.007502472,0.003594239,29.30859987,0.084543655,4,0,716.1251764,0.980196898,0.0,1
,,,23.72,101401.7,0.3012,18.12,3.05,55.35,17.94,15.0,16.41,0.2852,4,0,,,,0
109.1929732,26.24925128,68.0,0.191753942,99371.2455,0.333723024,28.3158658,1.064216315,78.78918003,0.216709413,0.747601319,28.0102362,0.350021795,8,1,-243.8424937,-0.099287141,0.0,1
,,,26.14,100705.5,0.3374,18.93,3.31,63.39,14.94,7.94,17.8,0.3361,11,0,,,,0
,,,19.13,100630.0,0.2149,18.17,1.36,48.99,16.58,13.99,16.33,0.2066,9,1,,,,0
109.1929732,26.24925128,68.0,0.873241859,98888.89902,0.40997642,27.25366068,2.090945997,88.08548678,0.630352872,0.631410036,27.09234387,0.407000104,8,1,689.8236595,1.183689036,0.0,1
,,,322.11,98670.9,0.9438,26.76,8.24,97.0,249.68,142.82,24.97,0.9261,8,1,,,,1
,,,24.2,100607.0,0.3031,35.43,2.76,61.45,18.19,13.22,35.36,0.295,1,0,,,,0
,,,15.86,101071.7,0.2362,25.49,0.88,44.06,10.11,9.03,25.4,0.2226,7,1,,,,0
,,,197.2,99937.0,0.7396,21.59,4.98,84.44,121.6,88.1,21.91,0.7182,12,0,,,,1
,,,1.59,102108.8,0.08,33.57,0.0,23.04,1.36,0.97,32.58,0.0808,5,0,,,,0
,,,1.9,103000.0,0.1246,33.86,0.0,20.65,1.65,1.01,32.85,0.1052,1,0,,,,0
109.1929732,26.24925128,68.0,0.000222407,99671.28089,0.086821007,29.39262293,0.184471379,49.5015262,0.003264342,0.014704996,29.36089341,0.087007535,10,0,-183.4661933,-0.262460357,2.0,0
,,,8.61,101687.3,0.1652,24.57,1.07,38.18,6.52,4.81,26.07,0.1753,1,0,,,,0
,,,139.12,100088.0,0.6786,30.01,4.09,78.97,91.37,61.37,29.74,0.6927,8,1,,,,1
,,,15.46,101617.2,0.2121,21.26,2.27,43.39,7.78,6.52,20.14,0.2267,3,0,,,,0
,,,13.33,101686.2,0.2058,19.4,0.34,40.51,6.7,3.51,18.36,0.1877,8,1,,,,0
,,,24.84,100893.9,0.3387,24.82,2.11,60.21,13.61,8.74,23.4,0.3574,9,1,,,,0
,,,2.54,102977.0,0.08,29.6,0.71,30.75,1.66,1.37,30.98,0.0828,8,1,,,,0
,,,19.88,102091.9,0.2404,27.21,2.96,56.01,14.69,10.9,27.64,0.226,3,0,,,,0
,,,254.01,99011.4,0.8184,22.86,4.54,93.42,203.2,151.11,24.23,0.8394,6,1,,,,1
,,,182.15,99183.6,0.7123,20.85,4.16,85.19,148.16,104.57,22.75,0.7015,3,0,,,,1
,,,93.08,100101.4,0.6385,29.01,3.96,75.0,70.95,42.44,27.42,0.6646,8,1,,,,1
,,,0.95,103000.0,0.0934,21.68,0.82,20.0,0.79,0.49,21.38,0.103,10,0,,,,0
,,,96.56,100241.6,0.6329,31.76,3.57,76.15,55.22,45.03,32.96,0.6606,2,0,,,,1
,,,12.31,101850.8,0.1808,24.39,1.32,41.11,8.88,5.46,23.33,0.1771,7,1,,,,0
,,,23.13,101522.2,0.302,32.54,1.42,58.91,19.79,10.53,31.55,0.2834,9,1,,,,0
109.1929732,26.24925128,68.0,0.0,99556.12576,0.084741032,28.23668815,2.133169824,27.30237283,0.0,0.000220031,28.94661652,0.084720744,3,0,-97.58780039,-0.49306326,6.0,0
,,,5.22,102430.6,0.1512,25.03,0.0,20.0,3.63,2.86,26.74,0.1535,1,0,,,,0
109.1929732,26.24925128,68.0,0.002589567,99028.54189,0.087638996,32.11299359,1.676280218,55.03197893,0.000863934,0.000481531,31.4358007,0.088232685,8,1,-133.7604136,-0.944277559,8.0,0
,,,21.3,101517.0,0.2763,20.4,2.83,55.18,14.22,7.48,20.3,0.2685,5,0,,,,0
109.1929732,26.24925128,68.0,0.0,100591.6877,0.101252673,13.35247492,2.66175881,68.24025915,0.009474562,0.004153822,13.97653546,0.094053108,1,0,-194.2009387,-0.175089878,0.0,1
,,,220.46,98776.4,0.8026,33.2,4.58,89.44,149.35,119.27,33.72,0.8235,7,1,,,,1
,,,29.8,100500.0,0.3332,32.45,4.12,70.0,20.0,13.22,33.0,0.3337,9,1,,,,0
,,,194.77,99924.5,0.7973,23.02,5.54,87.62,111.83,87.18,23.66,0.7974,6,1,,,,1
109.1929732,26.24925128,68.0,0.063026578,98337.07849,0.086873981,35.898282,3.123809641,52.98681391,0.06108916,0.04184239,36.5928786,0.08548105,7,1,-237.2399226,-0.664271862,3.0,0
,,,15.19,100774.4,0.2003,34.19,0.42,42.67,11.55,8.92,34.48,0.2111,5,0,,,,0
,,,192.81,99144.6,0.7257,30.16,5.5,87.04,113.7,66.68,31.53,0.7293,6,1,,,,1
,,,81.79,100314.0,0.6,23.96,3.0,80.43,60.52,48.19,24.59,0.6278,7,1,,,,1
,,,327.6,98252.4,0.95,20.88,6.69,100.0,195.26,119.36,22.01,0.9295,9,1,,,,1
,,,27.77,100720.7,0.3072,29.29,3.64,64.38,17.46,11.7,30.49,0.3163,8,1,,,,0
109.1929732,26.24925128,68.0,0.000644867,100253.6656,0.087244181,22.79927838,1.443643787,62.67086181,0.000395784,0.000470265,22.97418042,0.087247325,11,0,295.8254151,0.988072356,10.0,0
,,,221.47,99211.8,0.8148,30.6,4.96,84.6,179.13,115.18,31.68,0.8261,7,1,,,,1
109.1929732,26.24925128,68.0,7.43e-05,100240.3015,0.08510089,20.7833761,0.355342727,40.20398321,0.000281683,0.003217116,20.6434704,0.085145497,2,0,201.7075961,1.804246421,5.0,0
,,,0.9,102632.8,0.08,33.41,0.0,20.0,0.57,0.33,33.32,0.082,9,1,,,,0
,,,12.33,101151.3,0.1884,18.44,1.15,41.78,9.51,6.59,16.45,0.1688,7,1,,,,0
,,,0.05,102774.2,0.08,22.91,0.0,25.22,0.04,0.02,24.69,0.065,3,0,,,,0
,,,19.27,101178.1,0.2576,32.93,0.65,45.35,11.43,9.56,33.23,0.2506,12,0,,,,0
109.1929732,26.24925128,68.0,0.004565429,98644.86582,0.119550328,33.61451975,4.568703019,52.31891229,0.002680036,0.032906814,33.60258761,0.132370526,6,1,-136.8276206,-0.332758049,6.0,0
109.1929732,26.24925128,68.0,0.00011916,98771.77957,0.080470157,36.22320697,1.905683612,30.61842655,0.0001336,0.001260278,34.63869178,0.080717457,6,1,-155.8261845,-0.332185627,5.0,0
,,,316.33,98000.0,0.8748,28.61,9.99,98.65,209.28,165.47,26.98,0.8507,9,1,,,,1
,,,29.78,100500.0,0.35,29.5,3.12,70.0,15.67,10.52,31.16,0.369,2,0,,,,0
,,,329.84,98129.5,0.95,20.0,7.22,95.9,250.0,156.45,19.2,0.9674,4,0,,,,1
,,,120.66,100247.8,0.6317,30.41,5.61,80.63,93.85,69.55,32.31,0.6537,7,1,,,,1
,,,191.46,99712.2,0.7759,27.17,5.36,81.3,131.94,91.05,28.31,0.7905,10,0,,,,1
,,,104.46,100173.4,0.6117,25.88,4.35,79.11,86.63,72.79,27.33,0.6116,8,1,,,,1
,,,174.95,99625.2,0.7029,20.37,5.85,82.93,115.21,63.75,22.24,0.7252,6,1,,,,1
,,,121.66,99840.5,0.6269,25.72,3.83,76.35,79.32,63.02,26.19,0.6268,8,1,,,,1
,,,6.78,102378.0,0.1734,37.81,0.76,24.5,5.86,4.81,39.72,0.1615,3,0,,,,0
,,,10.96,101521.0,0.1757,20.39,1.78,38.63,9.43,6.19,20.86,0.1765,6,1,,,,0
109.1929732,26.24925128,68.0,0.006844544,99093.03989,0.085529761,32.22808398,2.550442032,54.30027367,0.004634929,0.00277748,31.98309634,0.085372158,9,1,727.7965447,1.242346472,0.0,1
,,,80.11,100500.0,0.6,34.17,3.0,75.0,65.27,42.06,32.62,0.5739,9,1,,,,1
,,,2.9,102984.6,0.0878,31.81,0.0,20.75,2.55,1.84,33.63,0.0753,8,1,,,,0
,,,23.13,100992.2,0.3067,31.75,2.01,63.82,19.82,15.0,33.07,0.3035,10,0,,,,0
,,,168.49,99530.3,0.7167,29.27,4.54,83.31,120.02,98.25,27.93,0.7146,8,1,,,,1
,,,15.86,101645.6,0.2352,27.27,2.07,51.06,13.85,9.18,29.12,0.2395,3,0,,,,0
,,,121.08,100390.8,0.6544,21.45,4.79,81.35,98.14,57.18,19.88,0.6791,6,1,,,,1
,,,295.88,98289.7,0.9302,23.35,9.6,89.37,225.96,166.32,23.14,0.9422,6,1,,,,1
,,,28.69,100757.6,0.35,19.58,2.61,70.0,20.0,15.0,18.3,0.3541,7,1,,,,0
,,,2.61,102989.5,0.0857,18.32,0.33,23.38,2.28,1.79,19.45,0.094,4,0,,,,0
,,,237.36,98074.8,0.8102,22.06,3.69,94.28,142.08,85.82,21.52,0.8306,6,1,,,,1
109.1929732,26.24925128,68.0,0.0,100168.9892,0.085701632,23.38435948,0.618695115,53.57499032,3.33e-05,2.61e-05,23.4040955,0.085717483,2,0,356.5063119,3.814109228,5.0,0
,,,29.43,100500.0,0.3282,32.12,3.8,69.05,20.0,12.36,31.11,0.3094,3,0,,,,0
,,,17.1,101871.4,0.2349,37.76,1.68,55.92,12.52,10.15,37.51,0.2198,4,0,,,,0
,,,139.7,100184.0,0.7139,29.73,4.21,83.31,115.63,76.88,29.36,0.7173,6,1,,,,1
,,,132.55,100085.0,0.625,28.88,4.53,80.32,75.59,51.15,29.34,0.6253,2,0,,,,1
,,,297.97,98580.2,0.8666,24.21,9.72,92.55,197.74,120.79,25.89,0.8449,3,0,,,,1
,,,187.18,99562.8,0.7254,27.63,6.42,81.72,151.27,111.42,29.12,0.6988,3,0,,,,1
,,,125.26,100439.0,0.6001,31.57,3.87,77.19,93.51,56.66,30.96,0.5984,8,1,,,,1
109.1929732,26.24925128,68.0,0.0,99507.54489,0.087613831,25.59477765,0.423619049,45.04367126,0.00339448,0.003837192,25.11821915,0.087729034,3,0,740.0599438,1.018605246,0.0,1
109.1929732,26.24925128,68.0,0.0,100035.3089,0.087828046,26.92166918,0.65804385,40.85407222,0.000120781,5.19e-05,26.96965539,0.087943166,10,0,-235.1238707,-0.153885176,0.0,1
,,,6.35,101699.1,0.1478,26.97,1.29,33.93,5.15,3.76,25.48,0.1303,4,0,,,,0
,,,3.61,102078.3,0.1072,21.86,0.0,33.05,2.2,1.46,20.45,0.1141,12,0,,,,0
,,,0.2,102674.3,0.08,24.35,0.42,20.0,0.13,0.09,25.11,0.0861,12,0,,,,0
,,,7.16,102043.6,0.1308,24.11,0.0,33.66,5.28,4.16,23.75,0.1483,9,1,,,,0
,,,8.87,102595.9,0.1705,24.06,1.05,38.4,6.35,3.6,24.28,0.1534,1,0,,,,0
109.1929732,26.24925128,68.0,0.003821133,99302.99439,0.085533332,30.62831663,3.985809442,54.57219914,0.003219076,0.002286716,31.08315334,0.085578068,9,1,-132.4959613,-0.943917902,8.0,0
,,,247.55,99126.9,0.8561,23.01,4.28,87.15,161.84,126.77,23.66,0.8786,7,1,,,,1
,,,22.77,101097.1,0.297,35.28,2.95,58.2,16.48,11.33,35.51,0.2936,2,0,,,,0
,,,279.24,98621.3,0.86,30.67,6.62,88.01,209.0,121.74,30.45,0.8545,6,1,,,,1
,,,2.27,102787.6,0.1147,18.62,0.54,23.64,1.82,1.4,18.99,0.1052,7,1,,,,0
109.1929732,26.24925128,68.0,0.004789278,98224.88199,0.080402992,33.15069183,0.57807674,45.84542703,0.002342624,0.00487776,33.10113494,0.080340991,6,1,-231.9924772,-0.277438995,1.0,0
,,,27.33,100718.7,0.3335,35.61,3.76,70.0,14.01,9.62,37.22,0.3149,10,0,,,,0
,,,234.42,99074.7,0.8104,23.93,3.71,88.73,198.2,127.89,22.19,0.8199,7,1,,,,1
,,,162.29,99782.1,0.7173,20.0,5.15,77.21,118.99,79.68,19.75,0.739,8,1,,,,1
,,,280.34,98710.3,0.8224,32.15,7.14,97.11,197.62,155.65,33.69,0.818,1,0,,,,1
,,,23.18,101145.6,0.2855,28.5,3.85,58.62,20.0,14.62,26.87,0.2882,5,0,,,,0
,,,270.18,98651.1,0.8731,31.7,4.37,93.38,168.38,129.82,29.72,0.871,8,1,,,,1
,,,84.45,99870.1,0.6331,24.63,3.93,77.45,55.24,45.01,24.99,0.6369,6,1,,,,1
,,,90.45,100411.0,0.6278,32.26,3.0,78.91,60.98,42.27,31.24,0.6558,8,1,,,,1
109.1929732,26.24925128,68.0,0.000391351,98843.13613,0.147490383,30.47398985,3.941124924,67.24670467,0.000760637,0.019266262,30.43781589,0.164583616,8,1,-244.4133734,-0.702587494,3.0,0
,,,306.66,98235.5,0.8804,20.32,7.91,94.61,199.22,118.16,21.52,0.8798,4,0,,,,1
109.1929732,26.24925128,68.0,0.0,100395.6196,0.094819504,18.46724915,0.707308652,54.28249053,0.003339344,0.001622143,18.11615489,0.094570601,2,0,-231.8831935,-0.287566671,1.0,0
,,,105.92,100469.7,0.6,32.63,3.0,75.14,65.45,40.39,32.55,0.5776,8,1,,,,1
109.1929732,26.24925128,68.0,0.000230147,100382.8883,0.085527564,18.49817648,1.976249706,62.74378305,8.68e-05,3.78e-05,19.23335855,0.085506293,12,0,-163.1674465,-0.281950258,5.0,0
,,,189.09,99527.5,0.6903,28.18,5.43,83.94,152.59,124.56,27.86,0.7059,9,1,,,,1
,,,23.19,100857.0,0.2776,36.85,1.78,62.0,20.0,15.0,35.0,0.2839,6,1,,,,0
,,,183.74,99448.7,0.7415,20.32,4.22,82.1,132.85,75.98,21.65,0.7155,7,1,,,,1
,,,90.89,100500.0,0.6359,33.83,3.67,76.89,62.96,40.0,35.16,0.6563,8,1,,,,1
109.1929732,26.24925128,68.0,0.0,100168.9892,0.085701632,23.38435948,0.618695115,53.57499032,3.63e-05,2.61e-05,23.23825862,0.085761968,2,0,-195.1689517,-0.676168898,4.0,0
,,,12.46,101676.6,0.2097,30.91,0.38,40.17,9.19,6.29,29.66,0.2192,11,0,,,,0
,,,24.58,101544.5,0.35,22.12,1.77,64.85,19.08,13.84,20.91,0.3449,8,1,,,,0
109.1929732,26.24925128,68.0,0.003828873,99402.03728,0.085774266,31.78825469,1.129300621,29.01699221,0.005473369,0.004510858,32.07536547,0.08642554,4,0,-232.4338306,-0.289049232,1.0,0
,,,286.31,98559.6,0.8832,20.0,5.79,88.63,201.47,159.56,19.41,0.8751,7,1,,,,1
,,,208.78,99308.2,0.7148,20.0,5.91,90.89,160.93,120.83,18.4,0.7306,3,0,,,,1
,,,6.8,102053.5,0.1399,24.95,0.9,29.12,3.74,1.9,23.58,0.1523,12,0,,,,0
,,,198.96,99446.5,0.7485,30.47,5.92,84.44,113.37,78.44,32.3,0.7771,8,1,,,,1
109.1929732,26.24925128,68.0,0.0,101019.8371,0.087655907,14.27301106,3.055811785,49.21468254,0.0,1.93e-05,14.21557595,0.087664101,1,0,535.306526,0.807354212,0.0,1
,,,162.64,99425.5,0.6695,22.97,5.76,83.53,127.29,93.61,22.07,0.6493,6,1,,,,1
109.1929732,26.24925128,68.0,0.003658784,99303.88527,0.120439663,30.47335635,1.954299276,65.05847091,0.012319319,0.005581411,30.06308806,0.124540849,9,1,-96.5111428,-0.324564644,6.0,0
109.1929732,26.24925128,68.0,0.0,99154.27108,0.086412993,29.58789904,1.517968273,19.41737628,0.00076368,0.011328993,29.482862,0.087520263,4,0,-144.1543798,-0.498590519,7.0,0
,,,22.56,101274.5,0.2687,20.86,2.13,56.38,18.43,9.92,19.13,0.2878,9,1,,,,0
109.1929732,26.24925128,68.0,0.008064495,100692.5896,0.087669731,15.93245723,1.729684024,62.56481531,0.005903371,0.003869348,15.64385549,0.087497768,12,0,-172.8662585,-0.168525983,0.0,1
,,,0.1,102623.2,0.106,30.75,0.0,25.52,0.07,0.06,31.3,0.1104,10,0,,,,0
,,,238.49,99057.4,0.8017,21.64,6.45,86.88,136.72,80.64,22.04,0.7727,10,0,,,,1
,,,147.7,100500.0,0.6781,28.21,3.33,79.99,98.77,55.31,26.27,0.702,6,1,,,,1
109.1929732,26.24925128,68.0,0.012323179,99509.11118,0.203324852,29.76654628,0.663719462,65.52865527,0.026915786,0.019586825,29.2907076,0.213848359,9,1,573.2850525,0.978511126,0.0,1
,,,236.41,98747.1,0.8346,25.33,6.26,92.83,199.44,118.51,26.28,0.8298,1,0,,,,1
,,,103.37,100343.4,0.6567,30.35,3.25,82.28,59.34,45.98,31.23,0.64,5,0,,,,1
,,,26.38,100500.0,0.3163,24.84,2.22,69.84,15.09,8.83,25.57,0.3132,5,0,,,,0
109.1929732,26.24925128,68.0,0.009299116,100554.3454,0.087901588,18.6607413,0.603914823,55.68259594,0.006743835,0.005184382,16.67437076,0.087691762,12,0,-172.8662585,-0.202683403,1.0,0
,,,184.33,99431.0,0.7182,26.19,5.78,84.22,119.71,92.06,25.95,0.7042,7,1,,,,1
109.1929732,26.24925128,68.0,0.0,100483.9715,0.085569151,18.03793409,1.413394173,59.97763343,3.73e-06,3.94e-05,18.04008348,0.085564069,12,0,141.0521048,1.581165037,8.0,0
,,,20.93,101184.0,0.283,22.28,2.05,54.26,14.36,11.7,21.7,0.2982,1,0,,,,0
109.1929732,26.24925128,68.0,0.002952255,98582.06365,0.084749012,34.80477976,4.098881917,43.04936904,0.003547624,0.002669979,34.45599638,0.084821592,6,1,742.5147449,0.933959034,0.0,1
,,,27.34,100500.0,0.3038,31.86,2.89,62.62,20.0,11.99,33.61,0.3067,3,0,,,,0
,,,19.77,101160.3,0.2343,23.18,0.99,55.61,15.2,9.62,21.8,0.2487,7,1,,,,0
,,,333.21,98407.6,0.9138,31.17,9.63,96.65,250.0,162.31,29.6,0.9163,7,1,,,,1
109.1929732,26.24925128,68.0,0.0,100048.06,0.087082651,23.68134269,2.84720475,29.33167865,0.005079602,0.02255843,23.90288133,0.087707607,3,0,345.7040978,0.995959966,10.0,0
109.1929732,26.24925128,68.0,0.003393619,100312.7196,0.088534425,23.31784494,2.700505467,60.0558566,0.034766203,0.015638468,23.42849518,0.087591754,11,0,-185.8654783,-0.132006116,0.0,1
,,,27.49,100500.0,0.3217,28.33,5.0,70.0,20.0,13.44,29.2,0.3148,4,0,,,,0
,,,12.25,101624.0,0.184,21.84,0.64,46.15,10.8,6.16,21.22,0.1651,2,0,,,,0
,,,195.84,99447.8,0.7322,29.13,3.0,87.84,155.38,126.54,27.42,0.7276,6,1,,,,1
,,,144.11,99653.4,0.6932,29.6,3.0,77.21,86.89,54.29,30.68,0.6784,6,1,,,,1
,,,242.04,98990.5,0.7838,26.19,7.34,88.13,151.56,97.92,27.64,0.8099,6,1,,,,1
,,,8.42,101771.1,0.1418,32.73,0.91,38.62,5.1,4.06,34.51,0.1377,8,1,,,,0
,,,315.88,98830.9,0.8838,25.14,9.66,98.35,200.07,161.23,23.15,0.8716,7,1,,,,1
,,,247.28,99125.1,0.7429,24.92,7.27,95.26,178.36,147.15,23.92,0.7563,9,1,,,,1
,,,23.08,101245.1,0.2964,23.92,0.0,59.77,19.61,11.48,23.68,0.291,6,1,,,,0
,,,305.34,98430.9,0.8965,30.93,7.74,97.63,170.04,97.4,30.5,0.8871,7,1,,,,1
,,,316.66,98593.6,0.9109,23.54,5.09,97.92,222.74,175.03,23.04,0.9255,6,1,,,,1
109.1929732,26.24925128,68.0,0.004771843,99291.34711,0.08553348,31.0441286,3.166894611,56.90216066,0.002612545,0.002103298,31.23345091,0.085723734,8,1,-132.4959613,-0.485574983,7.0,0
109.1929732,26.24925128,68.0,0.004763989,98629.2313,0.085303549,33.67857423,4.17291014,51.6469188,0.001923831,0.001093966,33.70616033,0.085784196,7,1,393.1772027,358.6549478,11.0,0
,,,254.53,98737.4,0.8287,27.03,6.79,88.92,186.48,127.55,25.05,0.8234,8,1,,,,1
109.1929732,26.24925128,68.0,0.0,99939.55513,0.085714236,28.66745278,1.789359314,45.43758614,0.0,9.47e-05,28.43782815,0.085735188,11,0,-71.56865319,-0.328127236,9.0,0
,,,216.61,99344.1,0.7384,25.81,3.65,84.95,171.12,132.87,24.79,0.7179,7,1,,,,1
,,,340.86,98384.9,0.9379,27.03,7.77,100.0,217.53,159.6,26.64,0.9484,7,1,,,,1
,,,172.16,99647.6,0.6933,34.26,5.48,83.16,108.5,66.73,35.26,0.6685,10,0,,,,1
,,,262.52,99294.4,0.821,20.0,6.22,94.18,166.33,109.86,21.98,0.8077,8,1,,,,1
,,,186.24,99863.8,0.7916,25.51,7.32,88.81,131.7,94.22,24.7,0.7987,7,1,,,,1
,,,250.48,99613.1,0.8046,28.27,7.18,89.99,206.7,155.12,27.1,0.7862,6,1,,,,1
,,,25.24,100978.2,0.3098,31.69,0.46,54.19,20.0,11.35,31.6,0.2994,5,0,,,,0
109.1929732,26.24925128,68.0,4.81e-05,100418.5172,0.087786492,26.56237487,0.368609779,49.04294199,8.55e-05,3.92e-05,26.18773996,0.087861633,10,0,-186.4309979,-0.329548067,6.0,0
,,,26.75,100815.0,0.3119,19.01,0.91,63.56,15.72,8.08,19.75,0.3208,12,0,,,,0
109.1929732,26.24925128,68.0,0.002253124,98235.49858,0.085804245,34.35690389,3.589777965,53.20393305,0.001545557,0.047445459,34.41926635,0.08680877,7,1,-197.1511381,-0.15163859,0.0,1
,,,1.61,102363.3,0.0901,37.53,0.92,20.0,1.13,1.02,38.19,0.0979,12,0,,,,0
,,,18.23,101371.7,0.225,37.4,1.19,54.14,9.56,5.29,37.79,0.2425,11,0,,,,0
,,,23.53,100500.0,0.2867,26.95,0.49,61.97,19.48,11.58,27.09,0.2949,8,1,,,,0
,,,144.05,99948.9,0.6825,21.19,5.68,75.9,107.92,82.9,22.52,0.6776,9,1,,,,1
,,,12.33,102370.7,0.2199,18.64,1.41,45.28,9.67,7.78,19.2,0.2036,2,0,,,,0
109.1929732,26.24925128,68.0,0.0,98665.13149,0.080968825,35.27916794,3.598761014,20.16854666,0.001418289,0.000830441,35.41825813,0.08123138,6,1,442.0647073,332.9601339,8.0,0
,,,22.16,101499.3,0.2843,20.57,1.88,60.96,14.89,13.32,19.39,0.292,1,0,,,,0
,,,18.78,101613.0,0.276,35.82,1.2,55.48,10.83,8.16,33.86,0.2787,9,1,,,,0
109.1929732,26.24925128,68.0,0.0,98598.49861,0.081187028,34.77675062,4.469255944,40.59169305,0.000113252,6.89e-05,35.45929244,0.081322635,5,0,-138.5076286,-0.498023415,6.0,0
,,,22.58,101109.3,0.2711,35.23,1.9,52.92,19.88,12.53,35.13,0.2599,7,1,,,,0
109.1929732,26.24925128,68.0,3.35e-05,98726.78218,0.079968086,35.29882781,2.431151604,39.2972024,3.49e-05,0.000809481,35.69924842,0.080049592,6,1,-112.5529827,-0.33258409,6.0,0
,,,14.89,100921.2,0.2194,20.7,0.77,47.08,11.7,8.51,22.5,0.2173,7,1,,,,0
,,,325.94,98000.0,0.9452,22.04,5.99,100.0,234.91,160.7,20.41,0.9465,9,1,,,,1
,,,184.9,100116.6,0.7647,24.08,4.5,81.71,105.39,83.21,25.34,0.7374,6,1,,,,1
,,,1.5,102269.1,0.1265,37.02,0.0,22.04,1.22,0.79,35.64,0.1373,6,1,,,,0
,,,19.82,101322.8,0.2512,27.09,2.23,49.55,10.92,9.59,28.81,0.2639,10,0,,,,0
,,,304.17,98336.6,0.8912,21.35,7.19,95.88,184.63,108.26,19.83,0.8852,9,1,,,,1
,,,91.27,99494.9,0.6637,31.07,3.51,78.86,51.81,40.0,31.29,0.6889,8,1,,,,1
109.1929732,26.24925128,68.0,0.040493484,98223.65832,0.086704877,34.89390404,3.134854401,55.66369604,0.046518856,0.061541366,35.52207675,0.087549331,7,1,649.6420889,0.707655429,0.0,1
,,,10.32,101074.0,0.1909,23.82,1.67,43.14,5.79,3.62,25.07,0.1787,5,0,,,,0
,,,305.19,98000.0,0.9055,30.67,9.08,100.0,191.84,153.42,32.02,0.9344,9,1,,,,1
,,,250.06,98821.2,0.7718,25.4,6.29,86.54,141.61,119.22,24.42,0.7796,9,1,,,,1
,,,20.12,101749.1,0.2512,19.48,1.61,43.59,10.99,8.17,21.35,0.2385,4,0,,,,0
,,,27.68,100596.5,0.3119,36.79,4.58,55.2,20.0,15.0,38.32,0.3117,7,1,,,,0
,,,17.91,101067.7,0.275,19.92,1.97,49.23,15.54,8.87,19.26,0.2623,6,1,,,,0
109.1929732,26.24925128,68.0,0.0,100469.0587,0.086653591,20.4130107,2.546566332,35.15058209,0.000157273,0.000162563,20.89550633,0.086715659,2,0,891.4798678,1.229595106,0.0,1
109.1929732,26.24925128,68.0,9.05e-05,98527.5496,0.082240215,37.4073567,5.028112043,15.68743599,5.19e-05,3.1e-05,37.08148462,0.082520467,5,0,-209.0940364,-0.185870692,0.0,1
,,,287.39,98653.6,0.877,26.52,8.73,92.49,170.86,103.74,26.28,0.8909,6,1,,,,1
,,,337.68,98000.0,0.9354,29.25,8.44,98.99,236.33,152.93,27.43,0.9268,6,1,,,,1
,,,29.74,101077.9,0.35,29.64,3.44,70.0,20.0,14.41,27.87,0.3583,12,0,,,,0
,,,251.37,98490.3,0.7802,27.53,8.94,91.12,148.41,88.91,27.42,0.7525,7,1,,,,1
,,,156.89,99397.4,0.7407,31.77,4.36,81.69,111.09,63.62,32.45,0.7189,3,0,,,,1
109.1929732,26.24925128,68.0,0.0,99364.38833,0.084621739,29.47890467,0.562484104,22.7906732,0.0,0.0,29.11058371,0.084651015,3,0,510.49656,0.538582464,0.0,1
,,,8.49,101920.2,0.1581,21.92,0.77,36.18,7.19,6.17,22.78,0.1767,9,1,,,,0
,,,24.21,100500.0,0.3012,22.35,3.26,66.21,13.13,8.4,20.82,0.2912,4,0,,,,0
,,,249.67,99029.5,0.799,30.54,7.66,90.45,178.5,118.41,30.9,0.8233,8,1,,,,1
109.1929732,26.24925128,68.0,0.007750781,98850.24532,0.079919138,33.72344022,5.397387235,51.68066197,0.00548057,0.002372767,33.6284665,0.079903196,6,1,611.5423787,0.751312754,0.0,1
,,,15.15,102169.4,0.1729,33.69,0.2,45.0,11.69,8.4,33.7,0.1806,7,1,,,,0
,,,175.37,99346.8,0.7691,34.5,4.88,89.01,147.54,84.63,34.57,0.7783,5,0,,,,1
,,,7.05,101480.4,0.1356,28.41,0.93,27.3,3.97,2.61,26.77,0.149,9,1,,,,0
,,,269.87,99319.4,0.8676,27.56,9.18,97.33,210.07,158.12,28.13,0.872,12,0,,,,1
,,,14.75,101467.6,0.1754,22.14,1.36,41.86,9.48,4.93,22.45,0.1786,10,0,,,,0
,,,9.9,101926.7,0.1927,35.84,0.0,32.0,5.12,3.02,37.06,0.2035,4,0,,,,0
,,,120.69,99805.3,0.6738,22.67,3.0,75.0,82.61,66.35,21.98,0.6776,6,1,,,,1
,,,91.81,100500.0,0.6135,20.76,3.55,75.0,51.54,40.0,22.51,0.595,9,1,,,,1
109.1929732,26.24925128,68.0,0.0,98622.11792,0.084723892,32.76879807,6.998411321,27.51176105,0.000316612,0.004772112,34.12302705,0.084950731,5,0,56.35031652,0.057428809,0.0,1
,,,20.34,101272.3,0.2281,27.02,0.19,52.2,12.89,6.55,28.99,0.2284,5,0,,,,0
,,,20.63,101325.0,0.2716,32.17,2.44,60.5,17.74,12.67,30.59,0.2683,3,0,,,,0
,,,25.83,100853.7,0.3257,36.56,1.55,65.26,20.0,14.22,37.03,0.3219,11,0,,,,0
,,,200.81,99774.4,0.7625,32.22,6.13,84.27,122.52,102.88,32.92,0.7519,8,1,,,,1
,,,85.48,100500.0,0.6309,20.0,3.0,75.0,59.34,42.56,21.5,0.6283,9,1,,,,1
,,,318.62,98234.8,0.8918,31.11,6.5,96.56,180.08,152.75,32.73,0.9214,8,1,,,,1
,,,17.95,101263.7,0.2522,27.9,0.82,50.81,14.37,10.38,29.82,0.2362,3,0,,,,0
,,,300.42,98005.5,0.8939,31.61,7.94,91.53,186.09,134.31,30.17,0.8742,8,1,,,,1
,,,4.41,102177.7,0.1067,34.32,0.0,25.04,3.3,2.18,36.25,0.0868,10,0,,,,0
,,,157.33,100038.4,0.7047,29.48,4.95,83.65,90.87,58.13,29.47,0.6804,8,1,,,,1
,,,137.38,99823.7,0.6826,25.42,4.1,75.0,104.47,81.53,23.68,0.6959,11,0,,,,1
,,,308.75,98203.2,0.9128,25.24,6.9,95.48,229.86,155.62,26.7,0.9023,1,0,,,,1
,,,334.3,98153.3,0.95,28.89,6.57,97.04,206.39,174.46,27.11,0.9638,7,1,,,,1
,,,290.72,98389.6,0.8684,33.26,9.48,98.58,244.53,180.0,32.35,0.8442,8,1,,,,1
,,,2.83,101819.8,0.0982,35.61,0.0,21.75,1.69,1.16,37.06,0.0966,4,0,,,,0
,,,155.5,99827.1,0.665,32.87,3.0,82.76,119.29,93.92,34.37,0.6601,9,1,,,,1
,,,18.65,101491.3,0.2808,27.45,0.5,50.76,16.73,13.44,28.73,0.2968,12,0,,,,0
,,,27.9,100543.8,0.3278,26.14,2.11,70.0,20.0,13.65,24.39,0.3256,11,0,,,,0
,,,17.31,101670.5,0.218,32.25,1.74,52.14,8.7,4.46,34.18,0.215,2,0,,,,0
,,,294.34,98986.1,0.8706,22.71,9.93,95.44,170.46,112.52,21.78,0.9,7,1,,,,1
109.1929732,26.24925128,68.0,0.017654696,99064.31805,0.232914255,28.43817865,2.503227529,75.00671569,0.012584308,0.093622538,28.23804089,0.246684803,9,1,-366.5498068,-0.491558288,2.0,0
109.1929732,26.24925128,68.0,0.002180479,98609.75899,0.080338964,33.54860958,4.284186653,49.747734,0.008740545,0.004185275,33.49637419,0.080351669,6,1,114.0806827,0.119568325,0.0,1
,,,195.57,99130.6,0.786,25.12,6.37,84.65,131.1,101.06,24.57,0.7759,7,1,,,,1
,,,0.92,101518.3,0.08,31.52,0.16,21.42,0.66,0.37,31.26,0.0952,11,0,,,,0
,,,96.42,99966.0,0.6739,29.76,3.0,78.48,56.61,42.49,29.31,0.6456,10,0,,,,1
,,,289.17,99160.5,0.8387,30.63,7.41,94.78,200.74,147.79,28.97,0.8446,2,0,,,,1
109.1929732,26.24925128,68.0,0.000135773,100710.3044,0.090250507,16.00749612,1.411625066,54.3887886,8.55e-05,0.001553027,15.45116603,0.090703991,2,0,-298.9418559,-0.223452678,0.0,1
109.1929732,26.24925128,68.0,0.001485318,98877.09825,0.080575022,34.08538461,3.707267011,45.36500941,0.004446982,0.002059191,33.80668966,0.080631769,6,1,-147.4598548,-0.990278186,7.0,0
,,,28.28,100500.0,0.3393,33.45,3.79,60.89,14.65,12.48,32.41,0.3196,8,1,,,,0
109.1929732,26.24925128,68.0,1.27e-05,98286.14515,0.089313409,35.87083536,3.85143708,52.80203686,0.001965508,0.02350581,34.99162702,0.09217914,6,1,-229.4928126,-0.150519686,0.0,1
,,,26.08,100700.2,0.3237,28.01,3.74,65.29,20.0,15.0,26.66,0.3408,6,1,,,,0
109.1929732,26.24925128,68.0,1.01e-05,100329.3242,0.088705981,19.63367232,2.74016401,55.91137978,0.03052809,0.04984998,19.99693689,0.090430353,11,0,-128.7417878,-0.170847624,2.0,0
,,,22.71,101430.6,0.2788,33.81,2.59,55.07,16.37,10.63,33.78,0.2897,9,1,,,,0
109.1929732,26.24925128,68.0,0.061819249,99370.91359,0.276320747,28.65663991,2.120112857,76.02900141,0.199665782,0.195035202,28.65378802,0.291197068,9,1,-374.6405134,-0.453999857,1.0,0
,,,17.66,101612.0,0.242,19.04,2.53,45.1,11.66,10.49,18.42,0.2598,8,1,,,,0
,,,149.27,100052.1,0.6524,32.6,5.58,80.34,107.43,89.2,32.01,0.6577,4,0,,,,1
,,,25.43,100550.6,0.2829,25.81,2.47,63.3,20.0,12.16,24.62,0.2931,1,0,,,,0
,,,147.97,99866.7,0.7353,31.45,4.51,81.79,103.27,85.4,31.29,0.7516,7,1,,,,1
,,,278.94,98518.5,0.8761,24.1,7.38,92.92,193.5,147.34,23.67,0.8756,9,1,,,,1
,,,259.71,99198.2,0.8525,32.61,8.3,89.09,214.48,125.56,30.99,0.8475,6,1,,,,1
,,,29.68,100500.0,0.3349,33.51,3.12,68.9,20.0,15.0,32.49,0.3543,2,0,,,,0
109.1929732,26.24925128,68.0,0.000785429,100149.7725,0.087472362,26.10432775,0.632519714,51.20644958,0.000388069,0.000457356,26.43090328,0.08726453,11,0,-174.5699228,-0.402415548,3.0,0
,,,19.72,101080.4,0.2496,31.69,2.18,57.93,10.28,6.98,30.95,0.2554,1,0,,,,0
,,,4.35,101406.0,0.1163,19.58,0.12,28.09,3.07,2.55,21.43,0.1078,1,0,,,,0
,,,202.65,99606.6,0.7697,29.18,5.74,84.08,125.88,75.61,28.36,0.7458,6,1,,,,1
,,,233.43,98926.1,0.8422,25.94,8.35,85.79,159.79,89.97,24.39,0.8209,9,1,,,,1
109.1929732,26.24925128,68.0,0.0,99890.11573,0.086785783,27.02651409,1.938933737,49.70015171,0.000160192,8.89e-05,26.98487403,0.086859172,11,0,-161.7790248,-0.330254253,6.0,0
,,,175.33,99169.5,0.7557,32.97,4.9,85.19,120.81,74.42,34.72,0.7659,6,1,,,,1
109.1929732,26.24925128,68.0,0.002180479,98609.75899,0.080338964,33.54860958,4.284186653,49.747734,0.009038815,0.004085966,33.31344649,0.080336797,6,1,-186.6333841,-0.16360759,0.0,1
,,,205.4,99665.8,0.727,29.2,7.66,89.09,117.82,84.22,29.39,0.7198,8,1,,,,1
,,,295.46,98708.0,0.9066,21.49,7.39,93.82,209.39,150.73,23.19,0.9203,8,1,,,,1
,,,302.28,98247.8,0.92,24.77,11.27,91.85,211.74,119.36,24.89,0.9264,8,1,,,,1
,,,21.89,100779.8,0.238,22.34,4.0,62.28,16.16,9.31,23.98,0.2341,11,0,,,,0
,,,325.9,98698.5,0.9266,25.63,8.61,98.31,193.6,112.71,25.62,0.9069,9,1,,,,1
,,,20.72,101723.9,0.2609,24.98,1.44,56.09,17.51,9.4,25.5,0.2614,11,0,,,,0
,,,29.79,100500.0,0.3379,35.17,2.32,68.64,17.46,14.66,37.15,0.3233,3,0,,,,0
109.1929732,26.24925128,68.0,0.0,100270.285,0.086421881,15.83761643,2.527978561,47.00104331,2.46e-05,8.09e-05,16.03595259,0.086385296,12,0,-181.3418796,-0.290836938,2.0,0
,,,88.03,100130.2,0.6023,30.8,3.0,75.0,70.54,43.91,30.77,0.6221,6,1,,,,1
,,,331.44,98306.4,0.9063,25.59,7.1,93.21,193.04,160.24,23.88,0.9171,9,1,,,,1
,,,180.42,99403.0,0.7281,30.08,5.3,86.02,112.38,69.7,31.2,0.6984,8,1,,,,1
109.1929732,26.24925128,68.0,0.015125261,98453.5666,0.086818876,34.53382113,4.917386648,51.84372539,0.015970476,0.123048811,34.6805193,0.086672188,6,1,-232.2486867,-0.742254535,3.0,0
109.1929732,26.24925128,68.0,8.87e-05,99074.92842,0.080438955,34.209061,2.582973625,35.62771299,2.96e-05,1.27e-05,34.51355062,0.080616584,5,0,-224.7398687,-0.167319374,0.0,1
,,,337.89,98524.3,0.9272,28.03,12.0,95.41,212.48,160.54,27.7,0.9264,6,1,,,,1
,,,26.22,100855.1,0.3348,27.39,2.37,64.14,17.34,12.91,26.52,0.3402,1,0,,,,0
,,,28.35,100500.0,0.3464,23.13,2.34,66.49,16.93,11.76,24.06,0.3418,7,1,,,,0
,,,348.86,98059.9,0.95,22.71,10.04,93.09,235.07,147.53,23.86,0.928,7,1,,,,1
109.1929732,26.24925128,68.0,0.110940175,98282.52228,0.2505207,32.02418514,3.492086225,68.17778438,0.600318359,0.493212183,31.54746632,0.247987029,8,1,-132.8561552,-0.32573033,5.0,0
,,,260.82,98521.6,0.9083,20.15,7.2,93.31,186.74,149.18,19.36,0.8819,7,1,,,,1
,,,137.5,100143.9,0.7188,25.46,4.53,78.34,84.03,53.74,26.47,0.7156,11,0,,,,1
,,,1.77,102452.5,0.08,30.99,0.64,23.05,0.89,0.63,32.73,0.0946,8,1,,,,0
109.1929732,26.24925128,68.0,0.313731658,98814.31617,0.408739536,27.21582876,3.804615579,85.18202942,2.683182338,2.386408422,26.96830929,0.416313537,8,1,-119.9089943,-0.159127438,2.0,0
,,,18.64,101303.5,0.256,22.71,3.86,56.7,16.23,12.58,22.35,0.2718,3,0,,,,0
,,,174.95,99562.0,0.7368,26.05,4.9,85.09,131.43,106.27,25.86,0.7408,8,1,,,,1
,,,7.47,101458.3,0.1599,25.29,1.14,30.15,6.64,4.89,25.24,0.1541,3,0,,,,0
109.1929732,26.24925128,68.0,6.04e-05,100448.4466,0.086530791,20.33120168,1.437730385,38.54063062,0.002965968,0.002585417,19.80691103,0.086996326,3,0,-220.1664437,-0.684361196,4.0,0
,,,6.95,101497.9,0.1677,37.98,0.83,30.27,4.9,4.21,39.01,0.1643,4,0,,,,0
,,,19.68,100500.0,0.2126,32.08,2.59,56.93,13.99,7.11,32.39,0.2055,12,0,,,,0
,,,264.24,98701.7,0.8342,21.36,8.54,95.06,191.13,133.32,21.89,0.8124,8,1,,,,1
109.1929732,26.24925128,68.0,0.000122904,99972.31066,0.102718745,19.87442438,0.122853295,54.72435753,9.01e-05,6.58e-05,18.8691501,0.104900141,2,0,-85.71835529,-0.495599486,6.0,0
,,,4.69,102157.4,0.1131,18.34,0.18,21.84,4.12,2.78,19.47,0.0945,7,1,,,,0
,,,11.14,101442.1,0.176,20.36,2.31,40.65,8.11,5.59,20.2,0.1763,2,0,,,,0
,,,231.28,99030.7,0.765,34.36,3.92,89.42,135.2,113.33,36.35,0.7702,10,0,,,,1
,,,217.22,99733.8,0.7689,21.06,6.72,85.78,164.2,104.64,19.94,0.7524,2,0,,,,1
109.1929732,26.24925128,68.0,0.21343895,98663.0323,0.216401738,30.99782397,1.459892551,73.30193257,0.088397508,0.058039309,30.8464482,0.230699786,8,1,-244.3470037,-0.164626598,0.0,1
,,,100.68,100500.0,0.6475,29.63,3.47,75.9,81.91,68.82,30.19,0.6508,9,1,,,,1
,,,16.63,101216.3,0.2244,25.26,0.69,49.1,14.28,9.23,24.81,0.2223,9,1,,,,0
,,,280.73,98771.8,0.8966,20.0,7.83,99.0,179.26,146.47,18.27,0.9129,6,1,,,,1
,,,2.63,101951.6,0.0864,23.82,0.86,23.16,1.5,1.17,23.34,0.106,12,0,,,,0
,,,27.74,100500.0,0.3413,31.21,3.02,69.66,20.0,10.24,31.92,0.3462,12,0,,,,0
,,,26.3,100615.4,0.3352,21.83,2.77,67.04,16.23,13.97,21.29,0.3391,3,0,,,,0
109.1929732,26.24925128,68.0,0.0,99639.68593,0.084298049,29.68778051,1.858514614,17.3357322,0.0,0.0,30.35166005,0.08432236,3,0,-216.2425683,-0.679621305,4.0,0
,,,20.48,101465.9,0.2705,36.78,2.71,52.92,16.54,13.75,38.11,0.2868,6,1,,,,0
,,,337.01,98030.9,0.95,22.71,8.5,97.69,209.06,161.95,23.12,0.9458,5,0,,,,1
,,,7.01,102345.2,0.1526,28.23,0.63,27.8,5.04,4.34,27.59,0.137,12,0,,,,0
109.1929732,26.24925128,68.0,0.013626925,98478.21516,0.079970442,36.82709436,1.311797654,33.87421982,0.004691674,0.002934173,36.41083365,0.08020794,6,1,-155.8261845,-0.989741287,7.0,0
,,,28.21,100500.0,0.3252,31.06,3.42,67.59,20.0,13.0,30.6,0.3248,4,0,,,,0
,,,17.55,101225.0,0.2036,22.0,0.0,47.44,9.05,5.3,20.06,0.2008,9,1,,,,0
,,,0.42,102791.2,0.0939,33.16,0.28,20.0,0.28,0.19,34.72,0.0884,12,0,,,,0
,,,176.64,99793.6,0.7194,31.79,3.11,84.99,106.17,63.08,31.54,0.746,9,1,,,,1
109.1929732,26.24925128,68.0,0.0,100180.1322,0.088455892,23.15014296,3.071019471,54.67600406,0.00231927,0.002904489,23.31801402,0.088952339,3,0,-116.5357881,-0.331937053,5.0,0
109.1929732,26.24925128,68.0,0.0,100539.3439,0.086148424,19.93227427,2.750239617,63.31403229,0.0,1.44e-06,20.50260297,0.086425345,12,0,-161.6002909,-0.390033377,7.0,0
,,,145.56,99687.2,0.6485,28.96,3.34,80.96,81.59,51.05,29.82,0.6395,6,1,,,,1
,,,167.19,100214.9,0.7689,33.87,4.14,85.52,131.35,85.07,34.16,0.7532,9,1,,,,1
109.1929732,26.24925128,68.0,0.0,101050.6959,0.087680489,14.10070574,3.081612246,49.00887776,0.0,8.74e-05,14.71390625,0.087668366,1,0,330.6421053,188.5295682,9.0,0
,,,178.83,99506.8,0.7255,20.23,5.76,86.26,151.0,83.41,21.69,0.7218,1,0,,,,1
109.1929732,26.24925128,68.0,0.200960158,99849.69993,0.097022379,24.22128384,1.907182723,53.22918529,0.117055025,0.053301376,25.12528035,0.097522015,3,0,342.7689668,1544.509563,9.0,0
,,,1.78,102332.2,0.1133,18.04,0.26,20.0,0.92,0.57,18.46,0.1281,8,1,,,,0
,,,16.11,101650.1,0.2329,27.87,2.43,47.52,13.56,12.12,27.44,0.2505,8,1,,,,0
,,,29.53,100850.0,0.3307,33.79,2.83,63.93,20.0,14.72,32.99,0.3305,4,0,,,,0
,,,160.32,99037.5,0.7099,29.39,4.58,78.48,115.76,80.09,29.55,0.6833,12,0,,,,1
,,,2.07,102927.6,0.093,25.0,0.0,23.61,1.16,0.6,25.08,0.1042,11,0,,,,0
,,,26.01,100578.3,0.3189,28.9,5.0,66.05,15.29,9.81,30.32,0.3133,5,0,,,,0
,,,160.74,99381.0,0.7124,26.71,3.07,82.84,92.86,68.76,28.25,0.6846,7,1,,,,1
,,,303.42,98240.2,0.9407,24.94,9.67,97.76,230.65,180.0,26.57,0.9507,7,1,,,,1
,,,1.35,102324.7,0.103,26.68,0.41,25.25,0.84,0.57,26.85,0.0944,5,0,,,,0
,,,3.62,102130.9,0.124,23.64,0.0,26.9,2.93,2.2,22.5,0.1328,6,1,,,,0
,,,22.01,101230.8,0.2719,24.86,0.28,56.65,16.2,11.14,23.54,0.2546,6,1,,,,0
,,,112.75,100280.5,0.6586,23.05,4.47,79.16,93.87,75.44,23.22,0.6852,8,1,,,,1
,,,16.93,101885.0,0.2305,32.37,2.54,45.05,15.01,9.26,30.54,0.2384,6,1,,,,0
109.1929732,26.24925128,68.0,0.006810138,99025.16298,0.088614484,34.3102144,2.258157975,45.22462581,0.064929074,0.031707491,34.30823342,0.090514314,6,1,-204.9484699,-0.402160501,3.0,0
109.1929732,26.24925128,68.0,0.743240926,98905.27082,0.104437575,32.80467312,1.371967244,64.28005054,0.463325842,0.225966729,32.94277093,0.103435385,7,1,-215.8841733,-0.292862305,2.0,0
,,,0.32,102624.4,0.1168,19.57,0.35,28.12,0.26,0.15,18.03,0.0974,12,0,,,,0
,,,0.41,102771.4,0.0983,20.19,0.0,20.0,0.29,0.15,20.12,0.1038,7,1,,,,0
,,,3.91,101946.0,0.1238,36.97,1.03,27.22,2.47,1.88,38.69,0.1085,9,1,,,,0
,,,28.31,100500.0,0.3121,21.12,3.56,59.96,20.0,13.35,23.12,0.294,3,0,,,,0
,,,162.39,99419.3,0.6737,25.42,6.21,85.16,111.43,75.15,25.16,0.6689,6,1,,,,1
,,,11.05,101748.3,0.1972,29.83,0.12,38.84,9.28,6.61,29.02,0.2127,5,0,,,,0
,,,299.07,98230.0,0.9376,24.23,9.72,94.78,220.2,139.01,25.86,0.9107,8,1,,,,1
109.1929732,26.24925128,68.0,0.011370247,99015.92687,0.300959375,29.52504566,1.307212973,77.0567169,0.041943391,0.035727305,29.50843941,0.304403611,9,1,-176.6501926,-0.283325603,2.0,0
,,,318.23,98000.0,0.95,26.83,6.57,100.0,239.81,168.89,25.67,0.9306,7,1,,,,1
,,,177.63,99860.3,0.6663,32.67,4.27,84.19,150.2,109.55,34.38,0.6671,2,0,,,,1
109.1929732,26.24925128,68.0,0.0,99560.1173,0.084547583,29.66894947,0.271221819,22.46275336,0.0,0.0,29.54225294,0.08459702,3,0,-198.9997758,-0.136455548,0.0,1
109.1929732,26.24925128,68.0,0.001366693,99346.21569,0.084093459,32.1197667,3.614380976,33.66524719,0.019191375,0.010987008,32.32776518,0.084094127,5,0,-200.2730713,-0.223034727,1.0,0
109.1929732,26.24925128,68.0,0.074674174,99345.97515,0.189943364,30.6638863,1.512703307,61.83601348,0.033106844,0.026698591,30.06565962,0.198864356,9,1,-330.1230694,-0.11211395,0.0,1
109.1929732,26.24925128,68.0,0.0,99988.5028,0.085761061,29.20171883,1.525320485,41.60696911,0.0,3.51e-06,28.99156794,0.08576674,11,0,-160.4263934,-0.27714536,5.0,0
,,,22.45,100864.1,0.2929,24.71,2.72,63.29,11.24,7.93,24.47,0.2871,12,0,,,,0
,,,253.11,98816.0,0.8645,32.43,9.34,94.25,143.44,93.54,31.16,0.8548,7,1,,,,1
,,,157.01,99806.0,0.6928,28.77,4.43,78.61,97.87,61.86,28.01,0.6732,2,0,,,,1
,,,315.66,98015.5,0.8996,20.04,7.76,93.7,214.45,136.29,19.55,0.9005,6,1,,,,1
,,,20.05,100864.3,0.243,28.81,2.8,53.54,13.61,10.94,28.36,0.2356,3,0,,,,0
,,,176.73,99964.6,0.7443,28.0,6.56,85.21,120.81,83.49,28.5,0.7681,8,1,,,,1
,,,119.1,100500.0,0.6584,33.18,4.47,75.0,70.47,46.75,33.33,0.6321,4,0,,,,1
,,,317.21,98139.2,0.9309,23.17,6.27,97.68,250.0,137.67,23.02,0.9557,8,1,,,,1
109.1929732,26.24925128,68.0,0.182578828,99052.63293,0.079962515,34.81764151,2.40702413,50.36747585,0.066026796,0.028450373,34.08817398,0.079933597,6,1,-214.4660061,-0.150448879,0.0,1
,,,255.42,99132.1,0.867,28.2,6.36,95.93,148.65,107.16,30.08,0.8649,12,0,,,,1
,,,101.27,100257.5,0.6255,31.36,3.0,78.86,76.76,59.02,30.02,0.6317,8,1,,,,1
,,,14.63,101920.1,0.2163,22.13,1.44,42.19,7.99,6.31,20.61,0.2049,3,0,,,,0
,,,155.32,99690.3,0.7123,34.69,3.38,80.5,103.95,88.14,34.85,0.7091,7,1,,,,1
,,,7.83,101636.0,0.1462,20.21,0.0,31.11,5.62,3.9,21.26,0.1632,7,1,,,,0
109.1929732,26.24925128,68.0,0.00569143,98628.41728,0.085085046,34.82630035,4.414758849,48.16856119,0.00801301,0.012439388,34.71055887,0.085465487,7,1,-138.9184191,-0.994429232,7.0,0
,,,169.71,100273.8,0.694,33.69,3.0,85.68,141.07,88.51,34.69,0.6676,8,1,,,,1
,,,346.46,98095.7,0.8933,26.18,12.0,99.34,199.11,157.65,25.45,0.9144,9,1,,,,1
,,,247.03,98862.8,0.7979,25.8,5.02,87.56,163.18,115.45,27.24,0.7852,9,1,,,,1
,,,266.85,98637.8,0.7984,26.16,8.67,93.25,163.82,129.89,26.04,0.7717,8,1,,,,1
,,,25.1,100981.1,0.276,19.26,3.15,62.53,15.36,11.64,20.58,0.2635,2,0,,,,0
,,,334.41,98611.8,0.95,20.0,10.36,100.0,197.23,110.57,20.93,0.9697,8,1,,,,1
,,,312.4,98413.9,0.8944,29.62,9.07,96.75,250.0,180.0,29.23,0.883,1,0,,,,1
109.1929732,26.24925128,68.0,0.001025262,99329.19105,0.116533415,29.26028989,3.08301089,57.18624858,0.000900865,0.005218242,28.97890178,0.12206264,9,1,430.1699389,44.53739999,4.0,0
,,,303.16,98085.3,0.9116,24.66,4.78,95.86,250.0,149.42,26.37,0.8933,6,1,,,,1
,,,16.52,101922.2,0.2004,25.53,0.49,47.63,10.76,5.62,24.53,0.2058,9,1,,,,0
,,,9.56,102462.1,0.1814,28.37,0.71,32.86,7.62,5.04,29.29,0.1723,12,0,,,,0
,,,177.18,99699.2,0.6954,27.56,4.21,85.98,120.92,93.86,28.69,0.7103,4,0,,,,1
,,,261.61,98366.9,0.8122,30.51,8.77,92.93,201.15,121.65,28.85,0.8186,2,0,,,,1
,,,215.97,99058.4,0.8212,29.56,5.5,85.13,159.56,120.93,29.03,0.8414,12,0,,,,1
,,,278.16,98402.5,0.8989,24.81,5.14,93.54,172.51,104.88,24.68,0.8992,9,1,,,,1
,,,228.48,99186.2,0.7368,30.25,6.36,93.8,128.85,74.67,28.76,0.72,8,1,,,,1
,,,29.38,100500.0,0.3411,33.59,4.79,59.59,17.82,12.11,32.4,0.3611,4,0,,,,0
,,,15.66,101572.8,0.2261,30.52,2.07,50.31,9.09,4.67,29.63,0.2331,11,0,,,,0
,,,85.8,100500.0,0.6,28.77,3.2,75.0,53.93,44.63,30.76,0.5947,8,1,,,,1
,,,11.84,101347.7,0.1817,32.67,0.54,42.57,10.42,8.37,33.81,0.1947,6,1,,,,0
109.1929732,26.24925128,68.0,0.0,99389.80572,0.090507424,29.06311782,1.668462018,46.60384791,2.9e-05,0.001950852,29.04437355,0.090916402,10,0,-191.9029697,-0.201061315,1.0,0
,,,98.7,100500.0,0.6576,32.16,3.0,75.21,54.5,40.0,32.01,0.6309,6,1,,,,1
,,,272.21,98433.1,0.8808,23.91,6.87,95.94,198.58,113.23,23.69,0.8856,7,1,,,,1
,,,298.07,98862.3,0.9324,22.99,8.12,96.21,224.69,128.22,21.88,0.9117,8,1,,,,1
,,,95.05,100074.9,0.6175,24.5,3.0,75.0,62.61,41.97,24.17,0.6299,7,1,,,,1
,,,14.43,101098.2,0.1841,35.5,1.26,43.93,7.65,6.79,36.2,0.173,11,0,,,,0
,,,204.47,99119.4,0.7841,28.6,6.81,87.84,138.94,114.32,29.54,0.8137,8,1,,,,1
,,,81.92,100500.0,0.6,21.99,3.0,79.4,62.29,41.62,20.65,0.5839,6,1,,,,1
,,,260.39,98477.9,0.8462,20.1,5.66,93.36,156.41,122.61,20.8,0.8745,8,1,,,,1
109.1929732,26.24925128,68.0,0.0,100396.7013,0.086785427,20.86968734,1.168519936,52.95139384,0.0,0.026165498,20.38170334,0.087302632,11,0,-161.6002909,-0.219111658,5.0,0
,,,4.21,102853.4,0.1127,24.53,0.63,31.95,3.46,2.16,22.71,0.1256,8,1,,,,0
,,,9.32,102045.3,0.1744,33.35,0.08,42.45,8.18,6.03,31.62,0.1858,3,0,,,,0
,,,116.42,100143.1,0.6345,32.71,3.67,78.85,97.56,73.1,31.35,0.6338,9,1,,,,1
,,,2.79,102381.1,0.1444,22.88,0.16,24.5,1.88,1.24,21.75,0.1576,6,1,,,,0
,,,4.01,101859.7,0.1071,25.23,0.91,31.95,2.39,1.26,26.33,0.1143,8,1,,,,0
,,,24.71,100598.0,0.3139,27.19,1.68,60.52,16.84,10.67,27.8,0.3172,1,0,,,,0
,,,100.09,100229.4,0.6255,33.54,3.0,76.96,56.45,42.35,34.02,0.6513,8,1,,,,1
,,,15.72,100852.6,0.2324,33.72,1.05,44.3,13.05,7.43,33.32,0.2435,8,1,,,,0
,,,301.06,98063.7,0.9,27.19,9.22,91.6,250.0,161.01,27.06,0.9201,9,1,,,,1
,,,296.27,98398.5,0.8984,22.1,7.49,97.34,214.44,164.8,22.22,0.9252,1,0,,,,1
,,,8.84,101828.2,0.1761,29.68,1.55,38.94,5.09,3.24,28.27,0.1815,2,0,,,,0
109.1929732,26.24925128,68.0,0.000210691,100118.5849,0.087749784,25.20603128,1.790681997,48.93686901,0.000319542,0.003033528,24.26998074,0.087996883,3,0,-116.5357881,-0.98753788,7.0,0
,,,266.29,99399.8,0.8428,28.44,5.9,87.68,168.58,97.38,26.59,0.8411,9,1,,,,1
,,,12.15,101488.4,0.2149,30.93,1.14,38.41,7.0,5.88,29.24,0.1988,9,1,,,,0
,,,13.05,101729.4,0.1991,28.33,0.6,37.39,7.82,5.65,27.35,0.2017,4,0,,,,0
,,,27.54,100949.8,0.3398,37.67,3.25,68.39,13.78,11.53,36.83,0.3285,4,0,,,,0
,,,22.06,100885.2,0.2872,19.79,3.69,60.89,12.14,8.44,20.22,0.288,9,1,,,,0
,,,348.01,98000.0,0.92,31.47,11.42,98.9,250.0,180.0,29.79,0.8926,2,0,,,,1
,,,335.23,98332.9,0.9429,32.66,8.68,100.0,250.0,180.0,31.32,0.9147,4,0,,,,1
,,,273.0,99336.3,0.8546,32.52,5.75,91.82,197.91,124.44,33.97,0.8363,7,1,,,,1
109.1929732,26.24925128,68.0,0.000120703,100856.1941,0.090695484,15.31111318,2.652255304,52.59363776,4.02e-05,0.001533631,15.12696359,0.091009149,1,0,-298.9418559,-0.182641047,0.0,1
,,,161.9,99426.1,0.6966,21.38,6.67,82.25,131.01,90.27,21.94,0.6833,7,1,,,,1
,,,338.71,98129.4,0.95,29.35,7.35,95.23,206.56,123.34,28.27,0.9672,9,1,,,,1
,,,17.9,101704.0,0.2805,29.81,3.1,52.23,9.53,7.45,29.49,0.2665,2,0,,,,0
,,,103.19,100065.8,0.6,34.58,3.0,75.46,75.88,63.93,33.27,0.5795,7,1,,,,1
,,,12.9,101861.4,0.2247,25.96,1.33,47.39,6.47,5.29,25.59,0.2213,8,1,,,,0
,,,29.43,100506.6,0.3139,25.15,4.32,70.0,20.0,15.0,23.53,0.2953,6,1,,,,0
109.1929732,26.24925128,68.0,0.00011281,99581.02305,0.087028541,28.9327279,0.62186764,48.51699051,0.008250552,0.014673223,29.28654562,0.087198477,10,0,-183.4661933,-0.20789592,1.0,0
,,,25.26,100938.2,0.2747,36.0,3.28,61.62,20.0,15.0,37.87,0.2935,1,0,,,,0
,,,95.46,100500.0,0.6,24.89,3.52,78.34,55.82,40.0,25.82,0.5923,7,1,,,,1
,,,237.41,99006.2,0.8605,28.56,6.89,86.37,168.07,101.9,29.51,0.8573,6,1,,,,1
,,,252.81,99082.0,0.8478,24.44,8.72,84.8,161.65,94.23,24.07,0.8388,2,0,,,,1
,,,92.73,100137.1,0.6213,29.94,3.0,75.53,51.18,40.0,30.17,0.6169,8,1,,,,1
109.1929732,26.24925128,68.0,9.28e-05,99385.87325,0.085364471,33.63718935,1.244917322,22.27161451,3.09e-05,8.29e-05,33.02045121,0.085772499,5,0,-206.4463087,-0.23167398,1.0,0
,,,229.91,99153.2,0.786,23.99,5.05,93.42,188.57,154.77,24.09,0.7718,7,1,,,,1
,,,100.82,100326.0,0.6526,30.21,3.0,77.85,66.64,43.36,31.53,0.6632,4,0,,,,1
,,,24.33,101237.1,0.2768,28.39,2.95,62.53,18.14,13.33,27.43,0.2711,5,0,,,,0
,,,16.8,101466.3,0.2237,23.34,1.46,58.29,11.25,7.15,22.36,0.205,5,0,,,,0
,,,20.62,101094.4,0.2653,35.4,0.81,53.77,14.49,10.99,35.22,0.2682,10,0,,,,0
,,,19.35,100884.7,0.2456,37.57,2.03,51.27,12.13,7.41,35.76,0.2354,9,1,,,,0
,,,0.15,102997.2,0.0837,34.2,0.41,20.0,0.1,0.08,35.55,0.0965,11,0,,,,0
,,,200.24,99511.7,0.736,20.51,5.19,85.82,164.32,137.99,22.45,0.7293,4,0,,,,1
,,,123.0,99543.4,0.6702,31.56,5.45,86.42,77.55,43.79,31.8,0.6584,6,1,,,,1
,,,1.58,102641.9,0.1313,27.05,0.39,29.05,1.36,0.9,26.45,0.1186,6,1,,,,0
109.1929732,26.24925128,68.0,0.0,100357.5129,0.087561235,20.13771134,2.0009025,52.93265246,3.35e-06,0.04984998,19.77010516,0.088846221,11,0,-128.7417878,-0.206050936,3.0,0
,,,88.35,99911.0,0.6052,31.25,4.56,77.69,59.59,40.15,31.57,0.6212,8,1,,,,1
,,,22.04,101049.2,0.2693,30.55,1.33,57.43,13.81,11.87,29.05,0.2892,3,0,,,,0
,,,11.34,101656.4,0.2033,27.28,1.76,44.62,9.06,6.52,28.16,0.2021,6,1,,,,0
,,,2.58,101942.8,0.1119,29.99,0.53,23.5,1.62,1.09,31.73,0.1313,6,1,,,,0
,,,5.94,102359.5,0.1195,26.33,0.81,25.59,3.2,1.9,26.71,0.1144,5,0,,,,0
109.1929732,26.24925128,68.0,0.0,99903.21466,0.088264797,26.96847876,0.834673561,32.87124405,0.0,1.15e-05,27.25492721,0.088437049,10,0,336.9065066,52.95959456,9.0,0
109.1929732,26.24925128,68.0,0.058569601,98382.31432,0.08923824,36.77842217,2.928881428,48.61850689,0.082381308,0.076118111,36.19574551,0.092461756,7,1,458.288668,317.5898501,8.0,0
,,,15.49,101546.5,0.2192,18.83,1.86,51.04,13.16,6.74,19.54,0.2156,5,0,,,,0
,,,26.55,100735.7,0.3235,27.04,2.29,61.58,16.35,14.65,27.9,0.3051,7,1,,,,0
,,,26.26,100755.5,0.3225,19.51,3.31,68.8,20.0,15.0,20.63,0.313,9,1,,,,0
,,,13.36,101684.6,0.1936,30.86,2.55,45.52,8.97,4.53,29.57,0.1847,12,0,,,,0
,,,17.87,101124.0,0.2285,24.25,2.5,55.35,13.91,7.72,24.97,0.2257,4,0,,,,0
,,,87.64,100047.4,0.643,26.06,3.43,75.85,60.02,40.0,27.41,0.6248,8,1,,,,1
,,,29.4,100500.0,0.3345,34.1,0.79,70.0,20.0,15.0,33.09,0.3524,2,0,,,,0
,,,12.51,101163.4,0.1899,33.02,0.06,37.59,8.47,7.32,33.77,0.1938,12,0,,,,0
,,,11.2,101561.2,0.1804,18.83,1.11,32.92,9.38,8.06,19.06,0.1789,8,1,,,,0
109.1929732,26.24925128,68.0,0.002614019,100037.0296,0.084816045,29.94051399,1.101447024,22.43857443,0.001275245,0.000726903,28.91547318,0.084964761,4,0,-139.0498945,-0.498153912,7.0,0
,,,20.71,101170.3,0.2484,34.82,2.11,52.72,16.33,9.55,34.52,0.267,6,1,,,,0
,,,143.74,99713.4,0.7406,30.94,5.62,76.73,83.96,57.53,30.17,0.7669,4,0,,,,1
,,,14.17,101415.2,0.2032,32.28,1.32,48.22,10.28,7.09,31.1,0.2091,12,0,,,,0
109.1929732,26.24925128,68.0,0.0,99917.99387,0.085279251,23.17338457,0.714348407,52.53008166,7.82e-06,4.31e-06,22.41790578,0.085366803,11,0,-68.90642071,-0.497082325,10.0,0
,,,18.91,101184.6,0.2244,18.96,1.79,51.31,12.28,10.63,17.81,0.2437,3,0,,,,0
,,,11.13,101575.4,0.197,32.22,0.09,37.24,6.37,5.67,33.2,0.2014,10,0,,,,0
,,,263.62,98177.3,0.8234,27.55,4.9,92.51,190.21,124.86,29.33,0.8344,3,0,,,,1
,,,249.35,98627.5,0.778,33.13,6.52,86.36,182.14,130.08,32.61,0.7764,6,1,,,,1
,,,23.45,100825.6,0.3467,36.78,1.4,55.56,19.35,14.16,36.68,0.3354,1,0,,,,0
,,,297.9,98528.5,0.8168,31.26,5.71,94.49,183.9,120.42,31.54,0.835,8,1,,,,1
,,,13.13,102101.4,0.1945,21.05,1.22,42.5,10.5,5.39,19.11,0.1999,9,1,,,,0
,,,7.8,101595.5,0.1589,25.21,0.0,31.12,5.68,3.15,27.04,0.1722,1,0,,,,0
,,,19.54,101126.1,0.279,20.74,0.65,58.52,9.78,7.52,18.82,0.2638,5,0,,,,0
109.1929732,26.24925128,68.0,0.000169217,98698.71543,0.085745468,34.97934914,3.948865523,49.16382913,0.001748671,0.001067731,34.42067376,0.085830584,6,1,-129.5561325,-0.992646095,8.0,0
,,,167.69,100159.8,0.716,20.0,4.94,83.22,117.63,93.9,20.08,0.694,7,1,,,,1
,,,2.21,102331.3,0.1029,35.23,1.4,24.51,1.21,0.86,36.49,0.0829,4,0,,,,0
,,,110.67,99711.0,0.6392,23.12,4.08,75.0,85.93,48.04,21.31,0.6459,8,1,,,,1
,,,204.62,99220.9,0.7251,32.67,5.73,86.18,145.23,119.74,31.34,0.7075,9,1,,,,1
,,,20.99,100965.7,0.2728,24.7,2.17,55.45,13.34,11.13,23.17,0.2671,4,0,,,,0
,,,279.68,99121.2,0.8798,31.45,5.87,94.11,156.5,90.41,32.1,0.9001,6,1,,,,1
,,,23.41,100500.0,0.2779,22.25,4.35,60.42,13.36,11.55,21.39,0.2833,9,1,,,,0
,,,24.02,101095.1,0.2611,19.33,1.42,63.92,14.62,12.01,19.12,0.2473,5,0,,,,0
,,,21.3,101243.1,0.2733,29.75,1.52,54.5,17.62,12.71,28.51,0.2865,9,1,,,,0
,,,200.42,99461.6,0.7957,23.69,7.66,86.01,159.12,111.47,22.43,0.7707,8,1,,,,1
,,,17.16,101393.0,0.2524,32.83,1.01,46.41,11.74,6.8,34.65,0.269,12,0,,,,0
,,,22.46,101415.5,0.2972,27.99,1.15,54.83,15.96,10.65,26.12,0.3031,1,0,,,,0
,,,197.94,99723.6,0.7147,20.21,6.15,86.35,162.12,116.15,20.8,0.7424,8,1,,,,1
,,,19.06,101203.6,0.2581,28.33,1.95,55.35,14.18,7.42,28.52,0.2634,11,0,,,,0
,,,24.13,100529.9,0.3318,30.17,2.21,64.99,14.92,12.94,30.94,0.3209,7,1,,,,0
,,,0.64,102880.9,0.08,35.38,0.24,26.95,0.56,0.42,35.46,0.0659,11,0,,,,0
,,,277.43,98050.5,0.8809,21.37,10.34,96.77,217.65,177.76,22.02,0.8539,6,1,,,,1
,,,168.36,99417.5,0.6759,27.15,6.47,84.9,134.83,91.56,27.0,0.652,6,1,,,,1
,,,163.48,99336.3,0.7138,31.18,3.0,86.99,136.41,102.77,32.17,0.7424,8,1,,,,1
,,,0.82,102081.4,0.1102,31.51,0.0,20.0,0.7,0.41,32.36,0.1077,5,0,,,,0
,,,183.11,98970.1,0.711,25.25,4.77,87.52,122.78,84.93,25.99,0.6904,12,0,,,,1
,,,231.84,99237.5,0.8164,27.99,8.57,88.57,160.78,102.94,26.16,0.7922,8,1,,,,1
,,,20.18,100565.8,0.2777,37.89,0.19,52.31,14.32,9.25,38.72,0.2899,3,0,,,,0
,,,287.31,99054.4,0.8676,20.0,6.79,91.6,232.81,159.31,18.37,0.8756,8,1,,,,1
,,,82.22,100500.0,0.6,29.39,3.0,77.2,50.66,40.0,30.04,0.5989,7,1,,,,1
,,,303.18,98260.1,0.8776,30.65,9.0,94.64,213.92,180.0,28.72,0.8604,7,1,,,,1
,,,9.38,101688.5,0.1634,21.38,1.12,34.05,6.47,5.23,22.02,0.1611,4,0,,,,0
,,,4.46,103000.0,0.1383,29.78,0.33,23.96,3.26,1.81,30.55,0.1313,12,0,,,,0
,,,13.25,101075.1,0.2096,31.01,0.33,36.04,9.37,4.99,32.24,0.2283,4,0,,,,0
,,,16.14,101019.6,0.2699,37.49,0.0,53.3,11.7,6.36,39.46,0.2571,2,0,,,,0
,,,273.18,98703.0,0.8438,31.64,6.36,85.63,160.33,116.26,32.2,0.8316,9,1,,,,1
,,,141.85,100093.1,0.7419,25.61,5.54,82.3,78.1,58.09,27.02,0.7402,6,1,,,,1
,,,183.02,99533.3,0.8201,32.27,5.09,81.67,148.6,119.98,32.98,0.8465,7,1,,,,1
,,,18.77,102093.1,0.2548,26.47,1.1,53.65,9.39,5.96,25.05,0.2578,9,1,,,,0
,,,94.21,100500.0,0.6259,30.52,5.65,75.0,60.44,47.32,30.42,0.6477,8,1,,,,1
,,,293.35,98523.5,0.8744,23.95,5.52,94.15,175.5,128.94,24.34,0.8858,4,0,,,,1
,,,19.7,100799.3,0.2752,28.1,1.81,51.01,12.56,10.03,28.76,0.2782,2,0,,,,0
,,,6.31,101490.9,0.1286,19.78,1.41,25.15,5.23,3.27,18.94,0.1152,9,1,,,,0
,,,16.39,101766.0,0.2175,31.99,1.28,49.94,9.58,7.83,31.68,0.218,9,1,,,,0
,,,230.08,99800.2,0.7585,23.75,6.03,91.65,182.01,110.53,24.89,0.7517,2,0,,,,1
,,,265.38,98773.9,0.8583,27.1,3.4,89.21,216.36,179.82,28.8,0.8324,3,0,,,,1
109.1929732,26.24925128,68.0,0.006870608,100237.7829,0.091437851,13.94082662,2.356104925,40.37284888,0.003402528,0.001694791,13.25328423,0.092138677,1,0,-148.0726972,-0.970629154,8.0,0
,,,11.8,102096.3,0.1871,29.62,0.45,42.67,7.09,3.97,29.69,0.191,7,1,,,,0
,,,12.56,102051.3,0.2009,34.25,0.89,37.96,10.23,6.54,33.59,0.1818,5,0,,,,0
109.1929732,26.24925128,68.0,6.71e-06,100093.0054,0.085212831,26.38015741,0.719421307,26.68734854,0.001706521,0.001832693,25.24813843,0.08548356,3,0,-186.3570018,-0.290025984,2.0,0
,,,2.26,102595.5,0.08,22.91,0.02,22.9,1.67,1.47,23.18,0.0804,2,0,,,,0
,,,0.84,102857.2,0.08,36.75,0.0,21.89,0.64,0.39,36.47,0.0676,10,0,,,,0
,,,279.57,98377.6,0.8722,34.44,8.71,91.45,194.74,126.68,33.7,0.891,9,1,,,,1
,,,26.09,100500.0,0.3341,18.37,1.91,64.43,15.45,12.76,19.28,0.3505,7,1,,,,0
,,,178.78,99736.2,0.7168,31.88,4.9,84.98,144.04,121.27,30.39,0.691,8,1,,,,1
,,,142.61,99823.6,0.6087,24.16,3.0,82.9,107.01,78.25,25.23,0.6269,3,0,,,,1
,,,172.12,99418.5,0.7255,23.29,7.22,83.72,145.89,105.98,23.43,0.7538,8,1,,,,1
,,,297.99,98177.4,0.9022,29.03,9.68,93.37,201.85,153.32,28.48,0.9274,4,0,,,,1
,,,18.13,101643.3,0.2127,36.4,1.35,54.18,11.23,9.53,35.92,0.2086,2,0,,,,0
,,,18.39,101133.0,0.2448,32.51,2.77,55.29,15.72,13.24,32.06,0.2503,12,0,,,,0
109.1929732,26.24925128,68.0,0.0,99457.25048,0.144313117,17.97101129,1.522657904,70.51644462,0.018256287,0.024507641,17.6014082,0.150967854,1,0,-76.60374769,-0.985291501,8.0,0
,,,230.36,99044.5,0.7586,20.5,6.5,93.67,150.15,124.42,19.82,0.7775,6,1,,,,1
,,,274.98,98541.7,0.8437,29.64,9.03,90.79,211.03,120.7,28.48,0.8451,9,1,,,,1
109.1929732,26.24925128,68.0,4.51e-05,98826.95413,0.086855842,34.1355705,4.221262043,47.64699534,3.75e-05,0.012119082,34.26308784,0.087396611,6,1,293.9930758,3.074111941,5.0,0
,,,28.48,100829.1,0.3228,26.49,3.64,68.14,20.0,11.38,28.33,0.3254,4,0,,,,0
,,,21.7,101385.7,0.2479,30.67,2.32,54.31,15.03,8.79,30.09,0.228,6,1,,,,0
,,,26.28,101183.0,0.3211,21.73,0.65,65.32,20.0,13.62,22.14,0.3232,3,0,,,,0
,,,200.77,99686.9,0.7466,28.04,3.48,89.17,153.64,96.63,27.12,0.7335,6,1,,,,1
,,,171.51,100500.0,0.6796,28.51,5.78,87.95,102.64,58.51,28.23,0.6723,5,0,,,,1
,,,274.67,98652.2,0.8602,32.48,10.15,91.69,183.21,120.67,34.0,0.8303,8,1,,,,1
,,,124.03,99926.0,0.6288,31.22,4.34,77.88,93.28,61.62,32.7,0.6563,8,1,,,,1
109.1929732,26.24925128,68.0,0.000189996,100534.1003,0.087411992,19.10615887,3.698457473,50.6681079,0.000313283,0.000412142,19.115915,0.087412566,12,0,533.3078966,0.874806868,0.0,1
109.1929732,26.24925128,68.0,0.077209166,100398.8217,0.087728409,19.75155198,2.07908528,35.0051042,0.05148275,0.022147853,19.76698185,0.087196742,2,0,216.1050507,2.427522096,5.0,0
,,,332.58,98315.4,0.9361,20.0,9.45,96.81,229.96,145.25,21.88,0.925,7,1,,,,1
,,,17.83,101255.9,0.2705,23.11,2.24,52.27,15.23,12.54,22.05,0.2693,11,0,,,,0
,,,234.65,99018.4,0.878,24.87,4.27,90.15,177.55,117.25,25.01,0.8482,9,1,,,,1
,,,254.91,98965.9,0.7895,26.92,5.93,92.57,149.43,119.38,28.72,0.7995,7,1,,,,1
109.1929732,26.24925128,68.0,0.00027717,98368.20081,0.086105778,37.90676559,1.02914577,27.8410458,0.002546984,0.002184456,36.80160383,0.088202029,6,1,-213.5519879,-0.612550899,3.0,0
,,,26.74,100574.5,0.295,26.87,0.74,70.0,13.74,9.16,28.74,0.3053,12,0,,,,0
,,,25.6,100718.3,0.3087,30.55,2.7,58.94,20.0,13.21,29.9,0.3113,10,0,,,,0
,,,338.59,98475.4,0.8859,30.41,8.1,100.0,250.0,165.73,30.99,0.875,12,0,,,,1
,,,190.26,98867.9,0.7181,23.25,6.32,87.92,121.86,86.31,24.79,0.7335,7,1,,,,1
,,,12.93,101668.9,0.1712,36.66,0.75,38.07,9.43,6.06,37.81,0.1892,1,0,,,,0
109.1929732,26.24925128,68.0,0.000940147,98835.13359,0.07987131,33.43851905,5.658520049,49.57228356,0.00034623,0.0001643,34.21706181,0.079859629,6,1,406.6022243,534.5278113,9.0,0
,,,270.48,99122.1,0.8764,29.31,7.25,95.46,171.02,109.93,27.77,0.9058,7,1,,,,1
,,,300.81,98849.9,0.8917,30.45,8.24,93.53,231.54,160.37,30.53,0.8826,10,0,,,,1
,,,26.14,100753.2,0.3342,25.1,2.95,62.86,20.0,14.5,26.16,0.3295,5,0,,,,0
,,,273.95,98794.0,0.7778,28.31,6.86,94.24,207.34,169.32,28.94,0.7711,8,1,,,,1
,,,17.76,101251.8,0.2477,22.94,2.26,55.75,10.61,8.47,24.2,0.2585,1,0,,,,0
,,,15.0,101296.9,0.2553,32.23,1.82,42.76,9.29,7.63,32.8,0.247,10,0,,,,0
109.1929732,26.24925128,68.0,0.0,98664.8732,0.080644286,34.10922265,3.900817492,33.64060988,0.0,0.000768148,34.26472835,0.080739613,6,1,-186.1649665,-0.125672278,0.0,1
109.1929732,26.24925128,68.0,0.0,99211.62993,0.086880038,32.84599163,1.42770872,18.20274724,8.13e-05,0.005337475,32.66640083,0.088433934,5,0,-214.1113842,-0.160273068,0.0,1
109.1929732,26.24925128,68.0,0.088911913,99538.26851,0.117652591,30.32373904,0.962968572,57.63758978,0.095795103,0.058987021,30.67191067,0.11896887,5,0,672.7209103,1.055928889,0.0,1
,,,19.63,101759.8,0.2562,18.76,2.89,51.86,12.38,6.97,19.22,0.2661,6,1,,,,0
,,,7.32,102021.1,0.1131,37.49,1.74,34.36,6.59,5.25,39.06,0.0992,8,1,,,,0
,,,293.62,98961.3,0.866,28.97,5.22,92.53,190.66,150.53,28.06,0.846,8,1,,,,1
,,,142.29,100022.1,0.6748,34.16,5.24,77.32,100.9,79.05,33.64,0.7026,7,1,,,,1
,,,20.34,100850.2,0.2544,23.74,2.45,54.36,13.95,10.81,25.35,0.2416,3,0,,,,0
,,,195.29,99344.1,0.7782,20.0,7.32,84.34,111.7,75.76,18.19,0.7612,3,0,,,,1
,,,28.63,100893.9,0.35,19.03,3.05,65.45,19.12,9.95,19.89,0.3378,7,1,,,,0
,,,231.39,99252.4,0.7919,31.28,8.0,87.46,169.16,116.43,31.88,0.7856,1,0,,,,1
109.1929732,26.24925128,68.0,0.003327127,99223.58259,0.106215766,29.4434604,2.14967824,64.05261083,0.002002811,0.001504603,29.13450071,0.109154151,9,1,-283.3582681,-0.140162008,0.0,1
,,,83.34,100133.3,0.604,34.92,3.0,76.65,65.44,47.5,36.6,0.6327,7,1,,,,1
,,,216.46,99334.7,0.7227,26.92,7.09,86.06,136.51,88.69,27.04,0.7117,7,1,,,,1
,,,8.66,101712.2,0.142,28.77,0.3,28.29,6.39,4.89,28.91,0.1516,9,1,,,,0
,,,348.79,98000.0,0.9407,21.62,9.23,100.0,250.0,152.19,21.96,0.9498,9,1,,,,1
,,,26.6,100871.3,0.2887,32.82,2.75,70.0,16.19,12.72,32.66,0.2894,8,1,,,,0
109.1929732,26.24925128,68.0,0.0,99830.16997,0.087574751,21.2311656,0.665424907,46.37974218,0.00015216,0.00011261,22.92707515,0.088175218,2,0,-112.6524223,-0.109902794,0.0,1
109.1929732,26.24925128,68.0,8.01e-05,100591.7882,0.097619718,12.92361174,2.540410478,43.40233312,4.9e-05,0.004100225,13.38656657,0.098846497,1,0,-184.6710831,-0.219593625,1.0,0
,,,255.15,98939.9,0.8581,23.76,7.27,88.28,186.58,104.72,23.18,0.8429,6,1,,,,1
,,,239.58,98880.0,0.7335,23.53,6.6,88.5,163.37,136.4,24.47,0.7099,2,0,,,,1
109.1929732,26.24925128,68.0,0.126584319,98609.60788,0.25014124,30.4885632,3.754795384,72.13272472,0.087002616,0.075876044,30.19073674,0.274189757,7,1,-164.7493808,-0.123044654,0.0,1
,,,4.74,102237.2,0.1131,32.89,0.0,31.51,2.55,2.27,31.47,0.0945,7,1,,,,0
,,,84.56,100249.2,0.6719,31.74,3.9,76.31,62.29,42.46,30.6,0.6683,8,1,,,,1
,,,297.86,98179.6,0.8814,27.28,10.07,92.33,169.22,94.72,28.99,0.8734,8,1,,,,1
,,,0.91,102243.8,0.084,37.63,0.33,32.16,0.72,0.42,39.13,0.0811,11,0,,,,0
,,,20.84,100978.7,0.2988,18.15,1.36,56.77,17.3,8.7,18.64,0.2961,9,1,,,,0
109.1929732,26.24925128,68.0,6.04e-05,100396.6454,0.119498307,14.65701954,0.555800223,54.96182642,4.02e-05,1.72e-05,14.51639584,0.12074033,1,0,509.8432186,0.836131695,0.0,1
109.1929732,26.24925128,68.0,0.037626041,98542.10463,0.187703107,30.52527258,2.381478167,68.7325462,0.030728022,0.016036235,31.02402152,0.124803617,6,1,-197.4412097,-0.273857726,2.0,0
,,,24.04,100867.2,0.2942,31.61,3.08,60.71,15.49,8.19,30.41,0.3122,3,0,,,,0
,,,143.65,99886.0,0.644,30.96,5.19,77.12,118.66,71.82,31.04,0.6372,7,1,,,,1
,,,342.03,98000.0,0.95,28.31,7.87,99.99,216.16,133.34,27.67,0.9287,8,1,,,,1
,,,4.0,101949.8,0.1618,34.08,0.86,29.68,2.13,1.41,33.54,0.1702,1,0,,,,0
,,,146.85,99329.8,0.6983,20.0,5.29,84.66,85.93,70.57,19.49,0.6825,6,1,,,,1
,,,98.48,100500.0,0.6,23.21,3.81,80.54,77.73,55.64,22.58,0.6274,8,1,,,,1
,,,26.25,100500.0,0.3119,35.34,1.8,55.8,13.73,9.77,34.85,0.3158,11,0,,,,0
,,,318.6,98447.9,0.8716,28.12,5.66,99.28,227.54,147.16,26.55,0.8833,6,1,,,,1
,,,145.81,100359.7,0.7056,25.54,5.05,79.91,119.14,76.77,24.01,0.6876,7,1,,,,1
,,,9.28,102059.1,0.1629,22.59,2.22,32.94,8.09,7.1,24.31,0.1529,12,0,,,,0
,,,18.78,100587.0,0.2573,29.84,2.66,52.63,11.27,9.53,30.26,0.2557,11,0,,,,0
,,,2.35,102670.1,0.1249,21.15,1.13,20.0,1.51,1.32,22.06,0.1102,8,1,,,,0
,,,27.71,100500.0,0.2985,35.2,4.07,68.67,20.0,12.43,35.39,0.3138,6,1,,,,0
,,,87.41,100500.0,0.6,30.92,3.79,75.0,50.58,40.0,32.47,0.5887,10,0,,,,1
,,,22.68,100588.9,0.2839,27.84,1.42,61.09,18.99,14.28,28.75,0.2954,7,1,,,,0
,,,274.01,98457.9,0.8274,31.04,7.24,92.27,218.27,180.0,29.21,0.8556,6,1,,,,1
109.1929732,26.24925128,68.0,0.0,99716.31482,0.084034232,31.66245381,1.125865824,23.38360074,0.0,2.02e-05,31.38518048,0.084048632,4,0,702.6446105,0.762962987,0.0,1
,,,18.19,101614.5,0.2251,18.25,2.16,54.77,15.38,11.79,19.77,0.2067,8,1,,,,0
,,,18.99,101277.7,0.2458,18.84,1.61,46.12,15.22,12.33,19.79,0.2427,11,0,,,,0
,,,20.42,101163.8,0.2732,30.66,3.12,57.76,15.31,10.02,31.38,0.2829,2,0,,,,0
,,,280.4,98858.7,0.8626,31.31,8.19,91.89,226.67,173.33,32.97,0.8452,6,1,,,,1
109.1929732,26.24925128,68.0,6.04e-05,99076.62968,0.09092555,31.53675291,3.014839146,62.39932901,0.000859721,0.000717064,31.62436967,0.091999139,8,1,-191.6705614,-0.366590901,3.0,0
,,,250.34,98964.0,0.7982,31.05,5.12,93.87,197.33,151.73,29.53,0.8058,8,1,,,,1
109.1929732,26.24925128,68.0,0.000142354,98567.34299,0.08177205,35.56133966,1.041443025,20.04437245,4.75e-05,5.55e-05,34.81388772,0.081959423,5,0,-220.4805147,-0.395725663,2.0,0
109.1929732,26.24925128,68.0,0.0,100325.0122,0.085360717,26.29156862,0.813720185,35.17688292,0.000543215,0.000933664,25.70958206,0.085571059,3,0,-172.7236489,-0.15215233,0.0,1
109.1929732,26.24925128,68.0,0.0,100278.5168,0.085527315,19.24857805,0.271227673,56.42738696,0.0,0.0,19.30283552,0.085565201,12,0,-164.443903,-0.198253167,1.0,0
,,,157.21,99897.9,0.714,24.7,3.0,83.5,114.18,72.65,24.34,0.6895,7,1,,,,1
,,,311.16,98463.6,0.938,21.3,7.31,95.96,202.93,157.71,23.08,0.9657,8,1,,,,1
,,,1.56,102578.3,0.0825,30.38,0.11,21.26,0.98,0.79,30.29,0.0933,6,1,,,,0
,,,5.5,101954.5,0.1358,37.42,0.43,29.74,3.2,2.17,38.56,0.1222,9,1,,,,0
,,,275.15,98897.5,0.8573,22.41,7.49,88.82,207.02,116.86,21.0,0.8474,9,1,,,,1
109.1929732,26.24925128,68.0,0.00219368,98509.57454,0.088529168,34.01262039,5.165310336,51.45968294,0.000830276,0.001889284,34.00233232,0.089568934,6,1,-232.2486867,-0.136105406,0.0,1
,,,182.41,99499.3,0.7045,32.74,4.99,78.31,120.25,94.41,34.56,0.7141,2,0,,,,1
109.1929732,26.24925128,68.0,0.000903038,100154.309,0.0870714,25.00559801,1.598550925,56.58907387,0.000875863,0.000702777,25.20582145,0.087090107,11,0,324.896748,3.274935689,5.0,0
,,,7.24,102093.7,0.1536,31.59,0.0,35.88,3.82,3.22,33.59,0.138,3,0,,,,0
,,,231.34,99118.9,0.7935,30.98,8.55,92.76,163.83,104.96,31.52,0.8001,9,1,,,,1
,,,265.38,98680.5,0.8255,32.5,5.5,92.08,221.37,135.56,33.09,0.8305,6,1,,,,1
,,,305.31,98374.0,0.8763,31.9,6.01,96.71,228.79,151.52,33.0,0.8581,6,1,,,,1
,,,9.92,101601.7,0.1968,24.89,1.66,32.69,5.48,3.7,24.0,0.1883,8,1,,,,0
,,,174.65,100134.9,0.7272,20.7,5.24,82.67,116.06,92.32,19.84,0.7211,9,1,,,,1
,,,273.94,98227.5,0.8695,23.54,5.78,88.03,161.52,118.11,21.8,0.8887,6,1,,,,1
,,,7.26,101843.3,0.1773,35.38,0.04,35.69,3.95,2.51,35.41,0.1676,3,0,,,,0
,,,187.33,99823.8,0.6882,31.56,5.7,84.92,138.62,90.01,29.83,0.6684,10,0,,,,1
,,,17.45,100976.8,0.2261,24.25,1.65,52.74,12.69,9.55,25.63,0.2375,7,1,,,,0
,,,21.29,101277.5,0.2647,32.33,2.28,57.48,19.06,11.5,30.37,0.2844,8,1,,,,0
,,,264.97,98807.6,0.8792,32.87,8.17,90.27,187.02,145.08,32.43,0.8747,5,0,,,,1
,,,336.53,98153.6,0.9202,21.9,8.54,100.0,250.0,148.33,21.16,0.9411,9,1,,,,1
,,,8.79,101325.2,0.1493,37.98,0.29,36.62,6.6,3.64,39.72,0.1516,2,0,,,,0
,,,269.91,98548.4,0.8386,24.58,8.85,93.94,191.13,134.84,22.94,0.8401,8,1,,,,1
,,,27.73,100652.7,0.3365,30.92,3.26,62.89,14.1,11.66,30.82,0.3403,6,1,,,,0
,,,24.23,101122.5,0.2793,18.86,3.2,58.46,18.12,11.36,18.3,0.2793,5,0,,,,0
109.1929732,26.24925128,68.0,0.0,99756.65319,0.088373971,27.00711875,1.016425478,34.17825224,2.53e-05,1.15e-05,27.81758574,0.088700421,10,0,-208.2141868,-0.970352773,8.0,0
,,,188.83,99407.1,0.7717,30.25,4.95,82.98,139.5,115.63,29.16,0.7483,9,1,,,,1
,,,331.89,98205.7,0.9146,20.88,11.45,99.17,210.53,153.39,21.45,0.9007,7,1,,,,1
,,,26.61,100670.5,0.334,23.32,3.81,69.01,16.04,13.84,22.07,0.3423,9,1,,,,0
,,,24.24,101030.2,0.2727,20.15,1.61,63.6,13.53,11.57,20.32,0.2704,12,0,,,,0
,,,81.38,100374.7,0.6,28.92,3.0,79.89,59.27,45.33,29.04,0.6283,4,0,,,,1
,,,94.86,100405.4,0.6848,25.44,4.77,75.73,66.18,56.23,23.98,0.6906,6,1,,,,1
,,,258.14,99539.8,0.9085,24.79,5.5,94.46,191.7,112.54,24.73,0.9227,8,1,,,,1
,,,247.49,98672.6,0.8129,20.0,6.82,91.43,137.52,91.63,18.29,0.8033,7,1,,,,1
109.1929732,26.24925128,68.0,0.001371623,99294.19237,0.085812913,31.38314316,1.722275576,30.50214254,0.000457208,0.000343555,30.86858436,0.086777066,4,0,-214.7392457,-0.413122816,3.0,0
,,,299.82,98381.2,0.8911,29.88,9.77,91.4,203.8,127.29,30.75,0.8846,1,0,,,,1
,,,6.81,102657.6,0.1559,25.47,0.41,25.35,4.29,3.18,26.89,0.1609,6,1,,,,0
,,,20.12,101296.5,0.2805,18.83,2.77,55.63,15.08,12.12,20.43,0.2674,8,1,,,,0
,,,10.47,102305.6,0.188,23.97,1.03,37.76,6.79,4.29,22.49,0.1725,11,0,,,,0
,,,279.08,98707.7,0.8333,28.71,8.51,94.26,194.05,119.66,27.16,0.8145,7,1,,,,1
,,,140.32,99876.9,0.7153,20.67,4.53,77.92,90.24,70.29,19.28,0.697,7,1,,,,1
,,,8.44,101698.3,0.1811,36.29,0.6,28.07,5.39,3.85,34.52,0.1752,4,0,,,,0
,,,168.23,99483.3,0.6653,23.06,4.85,82.77,128.91,101.56,21.32,0.6536,3,0,,,,1
109.1929732,26.24925128,68.0,0.024092456,99034.18682,0.337704986,28.46385363,3.158678074,79.18589569,0.528433416,0.311587771,27.99221798,0.333286027,8,1,-243.7942756,-0.203842678,0.0,1
,,,303.13,98782.8,0.9114,25.1,7.15,99.06,212.04,165.07,25.43,0.9116,4,0,,,,1
,,,175.18,100321.6,0.7158,31.99,5.07,83.46,112.79,79.89,30.57,0.6989,10,0,,,,1
,,,22.83,101044.7,0.3043,24.33,3.62,63.65,16.88,14.96,22.7,0.2982,10,0,,,,0
,,,8.44,102711.2,0.1431,30.82,1.78,27.85,6.07,5.15,31.55,0.1414,1,0,,,,0
,,,24.88,100934.6,0.2824,32.02,0.72,60.86,16.05,8.32,30.21,0.2715,1,0,,,,0
,,,17.77,101333.6,0.2446,33.06,1.6,44.59,9.5,6.17,33.76,0.2449,1,0,,,,0
,,,317.29,98092.9,0.909,31.05,7.41,96.03,250.0,180.0,29.82,0.8996,8,1,,,,1
,,,22.72,101007.2,0.2567,30.05,3.2,60.16,17.0,15.0,31.49,0.2545,3,0,,,,0
109.1929732,26.24925128,68.0,0.001821196,99247.44298,0.11227922,28.93069053,2.585383997,62.77370174,0.001555885,0.002147654,29.04055698,0.113697285,9,1,1435.00795,1.649437269,0.0,1
109.1929732,26.24925128,68.0,0.186557683,99037.10426,0.092629185,34.62959753,2.717338979,46.82805949,0.067033231,0.055935246,33.49325674,0.094250911,6,1,-204.9484699,-0.222887447,1.0,0
,,,249.83,99122.5,0.8099,27.01,3.91,96.1,209.48,164.48,26.75,0.8231,6,1,,,,1
,,,226.92,98846.7,0.7566,24.84,5.49,89.62,133.38,97.43,24.81,0.7786,7,1,,,,1
,,,336.69,98203.4,0.9268,29.82,9.11,95.39,214.11,172.46,29.79,0.9375,7,1,,,,1
109.1929732,26.24925128,68.0,0.001600021,98068.43797,0.08403483,35.18567286,4.00076363,45.62216532,0.001066681,0.00046662,35.27273259,0.084095652,6,1,147.8685331,0.175737982,0.0,1
109.1929732,26.24925128,68.0,0.000903038,100154.309,0.0870714,25.00559801,1.598550925,56.58907387,0.000699948,0.000622862,25.02595449,0.087190675,11,0,-183.4026757,-0.648960921,4.0,0
,,,19.91,100795.6,0.2674,26.97,1.83,56.07,17.91,15.0,25.61,0.2811,1,0,,,,0
,,,311.98,98407.8,0.95,22.54,8.27,100.0,180.0,148.67,21.9,0.951,3,0,,,,1
,,,19.62,101293.8,0.1996,29.64,3.44,52.41,15.34,11.24,31.56,0.1847,8,1,,,,0
,,,241.5,98980.6,0.834,27.32,7.12,90.27,165.69,110.96,26.57,0.8192,6,1,,,,1
,,,265.12,98992.8,0.8605,28.33,7.35,87.53,171.4,118.03,27.61,0.8431,9,1,,,,1
,,,332.57,98000.0,0.95,21.03,6.61,93.31,220.91,180.0,21.32,0.9775,7,1,,,,1
109.1929732,26.24925128,68.0,0.001188522,99933.66145,0.088401154,30.70857621,0.559041407,46.61742226,0.001219234,0.00103372,30.52621942,0.089004181,10,0,-149.2558878,-0.262657415,5.0,0
,,,11.07,101536.2,0.1491,33.2,0.0,37.79,6.42,5.42,31.53,0.1483,12,0,,,,0
,,,223.56,99310.9,0.762,29.43,8.28,88.6,175.97,115.71,29.17,0.7534,6,1,,,,1
,,,21.64,101174.7,0.2738,27.54,0.53,56.46,12.19,6.86,27.96,0.2907,11,0,,,,0
,,,84.64,100466.6,0.6643,32.47,3.31,75.39,59.57,45.77,34.19,0.6931,3,0,,,,1
,,,5.68,102158.9,0.168,32.42,1.77,28.36,3.94,2.85,31.41,0.1491,8,1,,,,0
,,,9.77,101413.8,0.1561,31.67,1.25,35.76,5.56,3.27,31.89,0.1377,2,0,,,,0
,,,12.05,101938.6,0.1998,23.96,0.93,39.91,6.06,3.09,22.83,0.2078,9,1,,,,0
109.1929732,26.24925128,68.0,0.000841595,99704.21114,0.084359044,27.6170542,0.753312266,23.79653591,0.000289289,0.000592776,27.46393237,0.084397266,4,0,-176.0710266,-0.683960797,4.0,0
,,,103.29,100500.0,0.6457,27.62,3.59,75.0,81.4,69.07,25.78,0.6268,7,1,,,,1
,,,27.01,101084.4,0.2996,29.08,2.42,68.33,20.0,10.05,29.81,0.3047,6,1,,,,0
,,,347.64,98000.0,0.95,27.39,7.73,100.0,225.76,131.05,29.05,0.9759,9,1,,,,1
,,,226.96,99101.4,0.8124,33.39,5.28,88.25,163.58,95.06,33.98,0.8091,7,1,,,,1
,,,114.35,100500.0,0.6526,24.16,4.69,75.15,81.78,60.12,25.65,0.6294,11,0,,,,1
109.1929732,26.24925128,68.0,0.001418984,100463.4945,0.08557104,16.0003384,1.556830705,66.81836742,0.000997532,0.000490739,16.00465057,0.085545532,1,0,-229.7667145,-0.191013692,0.0,1
,,,122.79,100500.0,0.6467,21.03,5.49,75.09,94.14,77.77,19.44,0.6215,7,1,,,,1
,,,334.24,98183.9,0.9392,25.21,10.5,96.53,250.0,158.69,26.8,0.9689,8,1,,,,1
,,,175.76,99707.0,0.696,30.86,5.62,88.07,146.33,103.82,30.24,0.6906,12,0,,,,1
,,,26.69,100888.2,0.3036,24.98,3.39,64.74,20.0,11.53,26.31,0.302,4,0,,,,0
,,,180.85,99095.1,0.7088,30.62,5.78,80.96,148.63,113.95,29.27,0.6947,7,1,,,,1
109.1929732,26.24925128,68.0,0.000569697,100716.8679,0.085339051,22.96104303,2.892163381,58.00452582,0.001666102,0.000738436,22.88280728,0.08530498,3,0,295.9186468,3.565924785,5.0,0
,,,2.01,102760.9,0.1211,35.95,0.0,20.3,1.1,0.78,34.75,0.1114,1,0,,,,0
,,,17.02,101032.2,0.2123,37.18,0.0,51.66,10.48,7.68,36.1,0.197,12,0,,,,0
,,,317.53,98000.0,0.95,31.85,5.47,100.0,194.99,141.72,32.46,0.9408,8,1,,,,1
109.1929732,26.24925128,68.0,0.000795746,100395.4422,0.087479272,19.41521774,3.945480893,56.01879567,0.000548141,0.000320839,19.75440835,0.087347469,12,0,-123.8572793,-0.981663433,10.0,0
,,,2.35,102436.0,0.1049,32.14,0.7,31.22,1.93,1.32,34.03,0.1042,6,1,,,,0
,,,0.07,102121.2,0.1031,24.44,0.0,20.0,0.05,0.03,25.79,0.0907,11,0,,,,0
,,,19.11,101201.4,0.2422,36.51,2.08,52.99,15.74,13.59,37.39,0.2384,10,0,,,,0
,,,263.89,98755.4,0.8962,21.58,9.02,93.32,207.4,156.4,20.35,0.9044,8,1,,,,1
,,,7.84,101494.7,0.1639,18.34,1.24,27.91,6.84,4.1,19.97,0.1752,4,0,,,,0
,,,95.4,100025.2,0.6297,29.94,3.27,75.0,58.7,41.82,31.05,0.6432,6,1,,,,1
,,,12.24,101486.8,0.1664,28.24,0.41,37.03,10.39,7.36,27.93,0.1714,10,0,,,,0
109.1929732,26.24925128,68.0,1.575591473,98945.94718,0.38345587,28.42963173,2.056592015,85.82708316,0.96755019,0.637406278,29.96491234,0.317873597,7,1,-120.1447754,-0.499150216,6.0,0
,,,29.33,100500.0,0.35,35.6,1.38,64.26,17.27,15.0,34.6,0.3446,7,1,,,,0
,,,27.91,101048.5,0.35,24.66,2.13,70.0,15.32,9.68,24.43,0.361,2,0,,,,0
,,,269.71,98664.4,0.8391,20.89,4.07,91.01,183.81,114.83,19.48,0.8296,6,1,,,,1
,,,18.66,100555.1,0.2288,26.67,3.05,51.97,11.67,9.33,28.17,0.2321,3,0,,,,0
,,,19.72,101361.2,0.2884,21.3,2.16,50.91,16.28,14.04,22.29,0.3054,12,0,,,,0
,,,176.48,99854.6,0.7311,20.9,4.82,82.86,101.44,64.49,22.84,0.7604,9,1,,,,1
,,,211.75,99069.7,0.8062,26.57,6.09,86.52,174.06,102.48,25.37,0.835,6,1,,,,1
,,,238.05,98563.3,0.8329,20.34,6.22,88.05,155.84,107.8,19.32,0.8474,1,0,,,,1
,,,16.23,101548.1,0.2031,31.06,1.5,50.5,13.49,10.77,31.45,0.2019,11,0,,,,0
,,,133.72,100006.8,0.6848,20.0,4.25,84.13,76.82,59.61,19.37,0.6985,12,0,,,,1
,,,107.19,100067.0,0.635,32.96,4.17,76.03,65.73,40.0,33.47,0.621,2,0,,,,1
,,,16.24,101460.1,0.2747,25.31,0.06,45.82,12.12,8.71,25.42,0.2613,11,0,,,,0
,,,10.5,102217.0,0.1599,29.69,0.93,25.61,6.26,4.86,30.72,0.1743,5,0,,,,0
,,,9.84,102065.5,0.2011,24.9,1.37,33.62,7.59,4.59,26.85,0.2097,5,0,,,,0
,,,21.02,100841.8,0.2657,31.48,1.49,60.06,10.77,8.59,33.45,0.2718,6,1,,,,0
,,,23.7,100500.0,0.294,31.61,1.85,63.61,20.0,15.0,31.41,0.2842,11,0,,,,0
,,,23.9,100611.1,0.2821,18.98,4.98,61.18,16.47,13.86,18.35,0.2738,11,0,,,,0
,,,4.69,102495.0,0.1349,34.89,0.18,28.16,3.01,2.15,35.48,0.1458,11,0,,,,0
109.1929732,26.24925128,68.0,0.199533854,98977.20948,0.088750649,34.11324992,2.490065274,49.30175934,0.129954488,0.056950419,34.21811055,0.082877434,6,1,-214.4660061,-0.177092203,0.0,1
,,,171.94,99444.3,0.7136,32.52,5.85,84.83,129.0,94.1,32.48,0.7247,7,1,,,,1
109.1929732,26.24925128,68.0,0.000271582,100130.7196,0.095978957,28.9757317,0.347983148,53.51424714,0.002229559,0.014326532,27.62952926,0.100307746,10,0,-97.58310403,-0.968434951,9.0,0
,,,23.98,100500.0,0.2977,32.79,1.23,58.29,15.54,10.03,32.99,0.2936,5,0,,,,0
,,,18.12,101427.8,0.2961,23.75,2.07,49.93,13.11,11.46,25.75,0.2812,9,1,,,,0
,,,26.16,100818.3,0.3267,29.17,3.54,70.0,20.0,15.0,30.94,0.3464,4,0,,,,0
,,,338.61,98237.9,0.8946,29.51,8.03,93.51,214.35,148.85,31.51,0.9003,9,1,,,,1
,,,20.78,100906.6,0.3041,20.19,2.19,52.57,11.76,8.85,20.02,0.3163,10,0,,,,0
,,,186.62,100500.0,0.7545,20.0,6.61,90.55,126.3,104.89,20.37,0.7565,8,1,,,,1
109.1929732,26.24925128,68.0,0.011930153,99461.90453,0.087528073,32.27819014,3.808853058,31.33363537,0.004488921,0.002453675,32.4021114,0.087943677,4,0,-225.6389026,-0.189560155,0.0,1
,,,116.76,100007.6,0.6374,23.26,3.54,75.36,72.99,44.91,21.5,0.659,8,1,,,,1
,,,214.84,98843.6,0.815,25.53,7.42,90.73,125.56,71.12,26.78,0.8125,9,1,,,,1
,,,171.11,99613.6,0.6726,33.72,4.31,82.05,104.01,61.54,33.39,0.6809,8,1,,,,1
,,,5.95,102053.8,0.1352,34.7,0.11,34.26,5.18,4.16,33.36,0.1286,11,0,,,,0
109.1929732,26.24925128,68.0,0.481811048,98848.7194,0.35245312,29.23101195,1.525985067,78.87311484,0.756724255,0.558915816,28.02012155,0.374874878,8,1,-134.2640189,-0.127421009,0.0,1
,,,21.38,100589.2,0.2552,22.13,2.41,55.51,15.25,12.45,21.49,0.2712,10,0,,,,0
109.1929732,26.24925128,68.0,1.12e-05,100454.1145,0.085553904,18.04438224,1.797391809,59.84599407,8.9e-05,3.94e-05,18.63840197,0.085525735,12,0,-163.1674465,-0.392661179,6.0,0
,,,214.72,98858.5,0.8195,23.81,6.23,87.14,174.79,123.92,25.57,0.8046,9,1,,,,1
,,,1.43,102605.0,0.1104,22.02,0.97,29.51,0.8,0.54,20.8,0.1197,11,0,,,,0
,,,15.32,102011.7,0.1664,19.86,3.13,40.04,12.05,10.19,19.64,0.1515,4,0,,,,0
,,,97.32,100107.5,0.6389,29.53,3.0,78.03,65.78,54.62,28.82,0.6297,5,0,,,,1
,,,267.14,98603.8,0.9146,32.07,7.91,90.71,186.82,131.67,33.85,0.9335,2,0,,,,1
109.1929732,26.24925128,68.0,0.006417095,100346.903,0.099423159,26.68272312,1.926117519,58.18472627,0.00761496,0.014296886,27.60283073,0.101669299,10,0,-97.58310403,-0.491982197,8.0,0
109.1929732,26.24925128,68.0,2.24e-05,98833.6614,0.08847815,34.51812253,3.372399713,44.7912035,0.021817634,0.06669373,34.51838693,0.091824326,6,1,-183.5199968,-0.396649809,3.0,0
,,,307.82,98405.1,0.8976,28.28,9.9,100.0,203.04,149.71,26.32,0.9138,7,1,,,,1
,,,4.28,101770.0,0.0976,19.86,0.25,26.53,2.56,2.06,18.0,0.0984,2,0,,,,0
,,,13.04,101217.1,0.159,22.2,1.3,36.97,11.71,8.34,21.47,0.1429,12,0,,,,0
,,,5.86,102080.5,0.1252,31.64,0.62,34.46,4.75,3.03,33.4,0.1329,8,1,,,,0
,,,21.4,101172.3,0.2691,24.28,2.27,56.0,12.32,10.17,25.16,0.2544,8,1,,,,0
,,,17.68,101164.2,0.244,31.66,3.25,42.22,10.0,7.42,31.16,0.2631,11,0,,,,0
,,,168.63,99898.5,0.755,32.23,7.44,82.66,121.45,67.84,31.05,0.7727,8,1,,,,1
,,,20.89,101471.4,0.2592,32.62,1.17,50.54,17.41,10.29,31.02,0.2758,11,0,,,,0
109.1929732,26.24925128,68.0,0.0,99661.0311,0.087431447,29.83526137,0.474021405,45.95785138,0.000262166,0.000473372,29.91085646,0.087795618,10,0,-87.36441978,-0.487334451,10.0,0
109.1929732,26.24925128,68.0,0.008915026,100588.8036,0.08807779,16.41367986,2.225757904,38.01463376,0.002971675,0.049205214,16.11786814,0.088414398,3,0,-220.1664437,-0.224154097,1.0,0
,,,4.0,101507.6,0.1251,33.98,1.07,28.68,3.08,1.55,35.76,0.1109,11,0,,,,0
,,,243.96,99138.9,0.789,20.0,6.0,91.42,151.18,96.83,20.29,0.8094,8,1,,,,1
,,,0.5,103000.0,0.0809,19.53,0.22,21.68,0.39,0.34,18.49,0.0884,11,0,,,,0
,,,141.38,99967.4,0.7154,34.92,5.31,80.45,78.55,56.9,34.6,0.7216,3,0,,,,1
,,,8.73,102290.2,0.186,35.3,1.23,38.05,5.72,4.72,33.76,0.1682,11,0,,,,0
,,,3.1,101930.3,0.0806,30.46,0.41,20.0,2.58,1.47,28.67,0.0878,9,1,,,,0
,,,129.99,100374.4,0.6792,26.51,4.8,78.22,98.1,54.73,25.06,0.6537,9,1,,,,1
109.1929732,26.24925128,68.0,7.6e-05,99738.16787,0.089054913,28.65645436,0.272797228,44.90017993,2.68e-05,1.77e-05,28.64931498,0.089274167,10,0,-208.2141868,-0.329972776,6.0,0
,,,0.88,102967.7,0.08,28.14,0.26,20.0,0.62,0.39,29.45,0.0817,4,0,,,,0
,,,108.78,100208.5,0.6416,28.26,3.49,80.47,89.41,72.0,26.6,0.6145,7,1,,,,1
,,,135.45,100280.6,0.7139,30.09,4.02,79.06,88.3,68.69,30.08,0.7086,9,1,,,,1
,,,8.52,101752.7,0.1919,18.14,0.83,38.64,6.42,4.03,17.27,0.2028,7,1,,,,0
,,,2.05,101985.5,0.1068,25.14,0.99,20.0,1.17,0.98,24.72,0.1116,3,0,,,,0
,,,253.83,98452.4,0.7866,27.64,8.18,90.85,158.88,115.24,29.06,0.8051,8,1,,,,1
,,,219.63,99237.8,0.8541,25.86,6.13,90.38,156.39,87.76,26.1,0.8646,8,1,,,,1
,,,174.4,99636.2,0.6988,25.76,5.21,80.74,120.87,80.88,24.71,0.7204,3,0,,,,1
,,,27.41,100500.0,0.3458,36.56,3.24,68.24,14.11,10.43,37.25,0.3384,12,0,,,,0
109.1929732,26.24925128,68.0,0.000379605,98747.17559,0.151431541,29.02426023,4.750668162,63.80562486,0.00077401,0.004082643,29.87180866,0.159822005,9,1,-185.5629321,-0.206429201,1.0,0
,,,12.66,101226.7,0.1678,29.72,1.93,43.08,7.65,3.91,29.07,0.1709,10,0,,,,0
,,,205.01,99227.5,0.7591,24.28,4.31,91.67,138.27,94.64,25.38,0.7768,7,1,,,,1
109.1929732,26.24925128,68.0,0.004121234,99249.01459,0.085263402,31.65152068,1.995961876,31.40158663,0.003204697,0.001373442,31.5620615,0.085446572,4,0,242.3980138,2.683867591,5.0,0
,,,15.35,101370.2,0.2203,19.78,0.7,46.48,11.9,6.62,19.58,0.2058,8,1,,,,0
,,,306.31,98122.5,0.8673,25.63,6.69,91.77,206.6,121.91,26.86,0.8556,9,1,,,,1
,,,4.0,102040.8,0.0965,18.32,0.46,27.07,3.33,2.16,18.75,0.1147,6,1,,,,0
109.1929732,26.24925128,68.0,0.0,100416.8968,0.091962474,18.59903659,0.866763365,41.42189416,0.0,0.001609687,18.57050768,0.092388176,2,0,166.2552059,1.501668373,4.0,0
,,,88.54,100500.0,0.6811,24.49,3.0,75.91,54.26,44.34,22.76,0.6829,6,1,,,,1
,,,1.74,102478.9,0.1113,29.31,0.0,25.17,1.34,0.96,27.58,0.096,7,1,,,,0
,,,16.58,101233.4,0.2027,31.17,1.68,46.74,11.97,8.6,30.1,0.2193,9,1,,,,0
,,,1.75,102634.1,0.08,35.62,0.0,20.0,0.92,0.7,36.37,0.0974,6,1,,,,0
109.1929732,26.24925128,68.0,0.0,98932.51452,0.083494527,33.9395408,3.24273109,35.262142,0.000141938,0.006612499,34.14909855,0.08380079,5,0,-140.6835161,-0.498490953,6.0,0
,,,22.36,100500.0,0.3186,19.74,2.71,57.71,15.94,13.51,19.05,0.301,8,1,,,,0
,,,19.06,101237.9,0.2318,36.69,2.99,51.58,12.53,9.52,36.77,0.2152,6,1,,,,0
,,,133.75,100063.5,0.6816,27.32,5.49,79.37,88.75,61.54,28.87,0.6606,9,1,,,,1
,,,109.03,100389.4,0.6871,32.47,3.0,75.0,84.76,49.85,33.9,0.6944,2,0,,,,1
,,,206.09,99343.8,0.8213,26.9,5.38,82.06,121.14,77.49,26.38,0.8172,8,1,,,,1
,,,154.86,100190.1,0.6525,32.28,4.55,83.72,113.47,66.4,32.02,0.6781,8,1,,,,1
,,,305.38,98587.1,0.8881,20.32,4.45,97.21,173.01,95.79,20.4,0.8592,10,0,,,,1
,,,297.79,98157.4,0.8891,28.06,10.71,99.12,246.97,171.23,28.29,0.8723,10,0,,,,1
,,,110.83,100017.1,0.6576,27.32,3.0,80.84,67.76,57.0,28.21,0.6412,8,1,,,,1
,,,123.26,100342.0,0.673,21.64,3.43,78.3,103.71,69.8,21.83,0.6474,9,1,,,,1
,,,27.36,100818.5,0.2858,36.8,3.15,63.9,17.41,11.85,36.65,0.2734,8,1,,,,0
,,,7.01,101775.8,0.1386,32.87,1.21,36.92,4.37,2.88,33.62,0.1305,7,1,,,,0
,,,22.35,101031.0,0.2974,18.64,2.71,62.45,20.0,11.42,19.0,0.2866,12,0,,,,0
,,,19.66,100664.4,0.262,19.72,3.06,52.8,15.74,13.76,21.33,0.28,6,1,,,,0
,,,2.49,102286.4,0.08,26.57,0.2,26.02,1.94,1.53,26.98,0.0613,12,0,,,,0
,,,204.15,99516.2,0.7374,26.71,4.14,86.22,148.07,119.28,28.44,0.7137,8,1,,,,1
,,,326.02,98673.7,0.8796,21.6,5.45,100.0,213.06,128.7,23.09,0.9091,7,1,,,,1
,,,202.8,99474.0,0.7661,22.86,6.18,87.04,114.76,87.7,22.39,0.7395,9,1,,,,1
,,,22.95,101076.7,0.2597,31.18,2.83,61.14,16.13,11.66,31.56,0.2695,9,1,,,,0
,,,152.47,99620.9,0.6697,34.4,4.51,82.07,117.39,71.6,34.33,0.6815,6,1,,,,1
109.1929732,26.24925128,68.0,0.0,100085.157,0.087162477,18.86241161,0.845663014,51.24581577,0.0,0.000247942,18.72395128,0.087236108,12,0,-154.5988595,-0.185428259,1.0,0
,,,24.87,100697.4,0.2982,35.04,1.89,62.85,20.0,12.74,36.2,0.2925,10,0,,,,0
,,,20.27,101022.0,0.2931,19.5,2.64,54.0,16.94,10.4,19.24,0.2847,12,0,,,,0
,,,9.34,102193.6,0.1347,20.95,0.72,32.13,4.74,3.29,20.21,0.1378,5,0,,,,0
,,,343.49,98000.0,0.9352,31.87,9.65,98.19,205.06,120.12,33.4,0.9204,7,1,,,,1
,,,209.14,98906.0,0.7747,33.61,8.11,84.19,176.93,122.93,34.51,0.767,6,1,,,,1
,,,140.79,99999.4,0.6629,30.21,4.87,76.37,101.24,70.23,29.69,0.6842,8,1,,,,1
,,,16.75,101123.9,0.2466,31.82,3.06,41.98,12.54,9.17,30.76,0.2486,10,0,,,,0
,,,154.55,99526.4,0.7444,32.28,3.83,83.91,127.6,79.71,30.64,0.7592,6,1,,,,1
,,,22.09,100500.0,0.3026,35.45,1.91,57.67,18.79,9.47,33.46,0.2915,7,1,,,,0
,,,269.32,98733.5,0.8732,22.41,7.42,89.33,153.68,102.88,20.75,0.8877,12,0,,,,1
,,,8.9,102488.0,0.1649,22.28,0.0,37.08,4.75,3.6,23.85,0.1708,4,0,,,,0
109.1929732,26.24925128,68.0,0.000219282,99886.41612,0.087108838,20.92064148,1.346889809,40.15333936,0.000114658,0.000143936,22.11155728,0.087616391,2,0,-112.6524223,-0.1234728,0.0,1
109.1929732,26.24925128,68.0,0.000732042,99271.55959,0.102528316,31.59218261,2.102241291,56.55607314,0.00131246,0.005001675,31.72268559,0.103652285,9,1,504.9688637,0.888036286,0.0,1
,,,8.98,101615.8,0.1519,25.9,1.73,35.25,7.93,4.73,24.03,0.1549,1,0,,,,0
,,,10.9,101815.0,0.2071,37.11,1.21,34.29,5.82,3.19,37.7,0.2244,10,0,,,,0
,,,283.45,98319.7,0.8608,24.21,8.7,97.21,233.56,180.0,24.53,0.8766,6,1,,,,1
,,,201.23,99371.0,0.7207,24.05,7.5,89.96,162.32,108.4,26.04,0.7058,7,1,,,,1
,,,14.53,100851.2,0.2329,21.36,0.71,49.28,12.96,7.37,22.21,0.239,6,1,,,,0
,,,12.48,101329.1,0.1843,25.57,1.57,42.59,10.45,7.4,26.42,0.1718,12,0,,,,0
,,,302.54,98224.5,0.8867,22.19,7.62,97.22,234.73,180.0,22.28,0.9112,8,1,,,,1
,,,157.46,99617.3,0.7154,27.84,3.01,85.77,124.5,69.99,28.08,0.711,8,1,,,,1
,,,181.06,99617.8,0.712,22.69,6.92,86.88,129.01,79.56,22.81,0.7289,6,1,,,,1
,,,5.91,101753.2,0.1289,30.18,0.39,20.0,3.07,2.16,28.83,0.1157,8,1,,,,0
109.1929732,26.24925128,68.0,0.002867894,100666.373,0.087503966,15.42991374,2.290615184,65.68444172,0.005474447,0.002717277,15.52276825,0.087381061,12,0,-172.8662585,-0.144220998,0.0,1
,,,18.85,101121.3,0.2654,34.98,1.07,53.09,14.93,11.5,35.01,0.285,3,0,,,,0
,,,6.13,101801.1,0.1418,36.0,0.96,28.35,5.1,3.83,37.46,0.1264,8,1,,,,0
,,,96.41,100421.3,0.6,26.65,3.24,75.0,56.73,47.37,27.72,0.6185,8,1,,,,1
,,,165.59,99910.9,0.7429,33.69,3.03,86.67,112.06,75.16,33.18,0.7216,10,0,,,,1
,,,21.37,101099.4,0.2504,35.19,2.16,55.14,11.47,7.16,36.79,0.2508,7,1,,,,0
,,,217.1,99580.2,0.8077,28.2,6.77,83.1,170.17,128.82,26.85,0.8351,6,1,,,,1
,,,290.12,98183.5,0.8994,22.02,7.62,90.73,240.78,159.63,22.56,0.9037,8,1,,,,1
,,,313.38,98000.0,0.918,20.0,7.98,95.8,240.9,180.0,18.63,0.9256,9,1,,,,1
,,,164.58,99624.0,0.6756,32.39,4.93,83.93,128.53,73.3,32.89,0.6736,7,1,,,,1
,,,10.65,101994.6,0.1605,21.68,0.71,33.65,6.92,5.68,23.28,0.1604,3,0,,,,0
,,,92.08,99964.4,0.6,20.11,3.03,79.62,76.28,55.02,21.63,0.5832,5,0,,,,1
,,,144.82,100459.2,0.6597,24.47,3.77,81.78,88.06,52.92,24.08,0.6891,4,0,,,,1
109.1929732,26.24925128,68.0,0.074902537,98787.51673,0.097977864,35.0813174,1.138445506,56.35653501,0.11491772,0.04969394,35.09092043,0.090606132,7,1,-128.0850644,-0.998793653,7.0,0
,,,0.17,102933.6,0.1191,26.56,0.0,20.0,0.14,0.1,25.68,0.1388,2,0,,,,0
,,,349.98,98095.1,0.9401,30.43,12.0,100.0,250.0,140.85,30.03,0.9247,9,1,,,,1
,,,146.55,100045.0,0.6895,28.57,5.97,81.86,88.49,63.69,28.2,0.66,12,0,,,,1
109.1929732,26.24925128,68.0,0.0,100222.0825,0.085776757,24.2650532,0.264512157,51.82883577,0.0,0.000184407,24.32274161,0.085777699,11,0,242.2604824,0.385652652,0.0,1
,,,26.43,101264.6,0.3413,31.01,2.67,64.9,16.83,9.85,29.7,0.3245,6,1,,,,0
,,,283.39,98221.8,0.8503,27.92,4.85,91.69,164.97,124.35,28.33,0.8733,10,0,,,,1
109.1929732,26.24925128,68.0,0.000133733,98685.5821,0.081810249,34.95821556,3.926057274,33.29352389,0.000145351,0.000189999,35.08403064,0.082018004,5,0,319.0210978,2.966904077,4.0,0
,,,324.6,98019.1,0.9271,21.49,11.37,96.25,243.03,180.0,20.22,0.9428,6,1,,,,1
,,,296.38,98518.9,0.9452,28.55,8.3,98.96,187.07,158.28,28.98,0.955,9,1,,,,1
,,,23.78,100794.9,0.3001,29.15,0.23,53.02,17.56,13.76,27.77,0.3061,10,0,,,,0
,,,12.11,100780.2,0.1759,20.66,0.89,38.52,8.6,6.76,22.34,0.167,10,0,,,,0
,,,26.24,101262.3,0.2835,23.73,1.02,57.92,20.0,15.0,25.67,0.2954,7,1,,,,0
,,,317.48,98423.8,0.9133,20.58,7.66,98.64,238.79,137.77,22.57,0.9035,6,1,,,,1
109.1929732,26.24925128,68.0,4.92e-05,99846.01911,0.087074238,20.71775917,0.830592035,54.05526673,1.64e-05,2.54e-05,20.8231506,0.087049393,11,0,-140.0812341,-0.331148222,6.0,0
,,,23.91,101475.5,0.3202,22.71,3.35,59.54,13.35,10.73,22.27,0.3214,12,0,,,,0
,,,327.76,98021.1,0.9331,29.75,9.8,96.38,236.64,144.22,29.42,0.9619,6,1,,,,1
109.1929732,26.24925128,68.0,0.008079055,100871.8585,0.085504433,16.01067653,2.337847894,70.00642769,0.002982162,0.001287903,16.33956204,0.085515004,1,0,-385.6173037,-0.205191858,0.0,1
109.1929732,26.24925128,68.0,0.0,99524.72256,0.084891052,30.74811053,2.226166919,49.33794559,7.95e-07,3.41e-07,30.51678471,0.08489467,10,0,211.336242,1.930008638,7.0,0
,,,310.09,98000.0,0.8716,31.4,10.31,90.28,204.86,125.83,29.76,0.8607,6,1,,,,1
,,,141.07,100257.1,0.7112,21.8,4.27,80.94,117.49,65.8,21.54,0.7079,7,1,,,,1
,,,10.63,101317.2,0.1747,24.66,1.94,37.49,8.63,6.52,24.34,0.1654,11,0,,,,0
,,,233.66,99216.0,0.7441,33.12,7.49,89.45,158.78,112.78,34.21,0.7645,9,1,,,,1
,,,13.92,100587.5,0.2229,37.2,0.57,39.09,9.8,5.89,36.17,0.2326,11,0,,,,0
,,,9.13,101853.8,0.1566,26.44,1.28,26.95,7.23,5.2,25.1,0.148,12,0,,,,0
,,,15.34,102012.1,0.2607,19.84,2.49,43.93,9.62,8.07,21.6,0.2624,11,0,,,,0
109.1929732,26.24925128,68.0,0.590814079,98792.39984,0.408806131,27.23436425,0.344280905,88.70148255,0.913640147,0.581082265,27.93802436,0.373851633,7,1,-179.0353322,-0.167553363,0.0,1
,,,132.68,99880.3,0.6023,34.16,3.0,79.94,89.48,59.11,35.18,0.5873,9,1,,,,1
,,,4.15,102577.7,0.1527,30.45,0.0,23.85,2.57,1.58,31.4,0.166,5,0,,,,0
,,,5.13,102251.6,0.1587,21.35,1.1,25.81,4.53,2.75,22.36,0.1708,1,0,,,,0
,,,190.02,99619.1,0.7076,30.09,5.88,87.08,156.7,88.9,29.67,0.7337,2,0,,,,1
109.1929732,26.24925128,68.0,0.007271006,99210.10191,0.095061774,32.92508635,0.771983587,51.34681173,0.006971101,0.044935789,32.8096108,0.096710227,6,1,24.81796099,0.027738939,0.0,1
,,,0.43,102958.6,0.08,32.21,0.0,20.0,0.27,0.19,32.55,0.0909,4,0,,,,0
,,,25.39,101040.6,0.2971,33.0,3.7,61.82,18.1,10.2,31.3,0.3039,8,1,,,,0
,,,134.46,99924.8,0.6585,34.32,5.62,80.48,75.54,41.82,32.54,0.6456,6,1,,,,1
,,,6.16,101877.4,0.1524,26.56,0.15,29.03,3.4,2.24,25.99,0.1629,6,1,,,,0
,,,13.27,101737.2,0.2267,36.32,0.1,38.1,9.25,4.98,36.05,0.2123,8,1,,,,0
,,,23.96,100922.6,0.266,30.71,1.58,66.56,20.0,14.92,30.32,0.2798,3,0,,,,0
109.1929732,26.24925128,68.0,0.00011288,99840.22143,0.150780897,17.66232875,0.327933903,73.60692335,0.030382477,0.024507641,16.85837434,0.157912028,1,0,-76.60374769,-0.496295632,7.0,0
,,,287.07,98356.3,0.8599,34.63,10.34,95.59,157.98,127.06,34.2,0.8705,10,0,,,,1
109.1929732,26.24925128,68.0,0.002880811,98606.20542,0.081442724,38.07067735,1.520194644,26.19009969,0.001584113,0.001932908,38.14757254,0.081701302,5,0,387.3586995,0.997259819,0.0,1
,,,201.64,99361.6,0.7494,33.81,4.14,83.03,145.4,102.59,32.01,0.7629,6,1,,,,1
,,,20.58,101409.1,0.2471,27.72,1.05,57.07,18.28,10.15,29.34,0.2669,2,0,,,,0
,,,267.56,98487.0,0.8176,25.85,7.74,86.81,157.08,131.7,27.46,0.7953,9,1,,,,1
,,,315.71,98000.0,0.8678,29.15,7.81,97.6,201.86,160.23,30.07,0.8639,7,1,,,,1
,,,22.51,100753.5,0.2676,24.68,0.57,57.87,16.81,14.54,24.12,0.2734,2,0,,,,0
109.1929732,26.24925128,68.0,0.0,99639.68593,0.084298049,29.68778051,1.858514614,17.3357322,0.0,0.0,29.88461496,0.084305432,3,0,266.0843714,2.610246563,5.0,0
,,,19.73,101721.4,0.2638,21.68,1.53,53.7,13.17,11.32,20.3,0.2476,5,0,,,,0
,,,166.68,99556.6,0.6641,33.58,3.0,88.93,138.21,88.55,32.75,0.6904,7,1,,,,1
,,,302.64,98236.3,0.9345,29.12,5.67,92.01,199.13,156.47,29.2,0.9326,9,1,,,,1
,,,133.98,99749.4,0.6143,32.06,5.33,82.03,112.09,88.85,32.21,0.6121,6,1,,,,1
,,,271.23,98659.0,0.7838,28.08,8.38,97.89,163.3,107.03,28.88,0.775,8,1,,,,1
,,,5.42,102408.2,0.1178,23.04,0.0,27.82,4.01,3.39,24.64,0.1324,11,0,,,,0
,,,331.25,98000.0,0.8797,22.01,9.3,99.19,237.31,180.0,21.74,0.8535,4,0,,,,1
109.1929732,26.24925128,68.0,0.0,100014.4744,0.089347799,20.02332737,1.831475101,48.95886914,0.000158781,0.000200608,19.34594252,0.089798205,2,0,456.4330743,207.1953431,8.0,0
109.1929732,26.24925128,68.0,0.000115115,100179.8083,0.085818255,24.67582799,1.652512526,53.09799005,3.84e-05,1.64e-05,25.06910695,0.08573609,11,0,-65.4337712,-0.491289683,11.0,0
109.1929732,26.24925128,68.0,0.0,98643.16228,0.088348587,33.8121306,4.492808771,50.05947346,0.000672673,0.045655502,34.15020726,0.090989833,7,1,-168.9434099,-0.654884951,6.0,0
,,,228.56,98922.7,0.7635,25.92,5.23,83.16,184.29,108.17,26.71,0.7766,9,1,,,,1
,,,0.17,102520.7,0.08,19.77,0.0,20.0,0.1,0.07,21.27,0.0841,1,0,,,,0
,,,145.16,99824.8,0.717,23.17,3.59,81.96,88.11,64.83,23.57,0.6985,7,1,,,,1
,,,266.32,98683.7,0.7469,20.0,5.53,95.5,219.18,130.05,21.26,0.7286,3,0,,,,1
109.1929732,26.24925128,68.0,0.000971213,98845.90297,0.164017237,30.29558287,3.813554456,62.50987243,0.002260043,0.005439661,30.21109402,0.168707257,9,1,289.3648161,0.474716244,0.0,1
,,,81.92,100500.0,0.6,25.19,3.12,75.0,65.35,40.0,25.89,0.5754,8,1,,,,1
109.1929732,26.24925128,68.0,0.845007451,98306.72218,0.246720194,31.30910691,3.243738759,73.01188227,0.566550972,0.460451842,31.51006084,0.225406227,8,1,-216.527765,-0.451921427,3.0,0
,,,235.06,98841.7,0.8441,23.16,5.03,90.27,148.61,100.37,24.15,0.8239,7,1,,,,1
,,,5.5,102116.8,0.1454,22.35,0.0,27.32,2.88,1.94,22.15,0.1467,12,0,,,,0
,,,81.96,100500.0,0.6,31.7,3.34,76.2,54.41,40.88,33.24,0.5748,9,1,,,,1
,,,26.97,100756.9,0.3148,33.03,2.27,64.33,20.0,15.0,31.81,0.3154,7,1,,,,0
,,,16.73,101328.6,0.2353,21.06,3.6,45.55,11.36,8.11,20.98,0.2205,4,0,,,,0
109.1929732,26.24925128,68.0,0.015356845,98611.39685,0.085904908,34.5594295,4.611642434,52.31480542,0.015202456,0.126585952,34.54235725,0.08651422,7,1,-138.9184191,-0.332712052,5.0,0
,,,162.55,99470.8,0.7234,22.48,4.66,80.76,106.69,63.54,20.65,0.712,8,1,,,,1
,,,5.05,102114.5,0.1342,30.42,1.54,27.32,3.0,1.68,31.6,0.1284,9,1,,,,0
,,,6.36,102665.7,0.138,24.49,0.61,35.64,4.56,3.44,23.21,0.1323,4,0,,,,0
,,,16.7,101343.4,0.1982,35.34,2.57,46.37,10.95,9.56,35.91,0.1947,1,0,,,,0
109.1929732,26.24925128,68.0,0.000475217,97896.66529,0.085941021,36.09571984,4.283153778,49.87211598,0.000162639,0.019722885,36.07189838,0.087479283,7,1,-229.4928126,-0.215347874,0.0,1
,,,18.6,101903.0,0.2255,20.16,3.22,52.54,14.52,7.75,18.77,0.2056,11,0,,,,0
,,,23.28,101500.2,0.2986,19.09,3.24,53.23,18.98,10.19,19.99,0.2975,8,1,,,,0
,,,146.23,99702.3,0.6261,33.93,3.34,82.2,82.7,69.79,34.81,0.6488,10,0,,,,1
,,,256.08,98848.4,0.8594,30.57,9.3,91.29,151.65,94.07,29.69,0.8849,12,0,,,,1
109.1929732,26.24925128,68.0,0.010827131,100723.3713,0.085494028,16.29047089,1.272501817,66.02892807,0.006446634,0.002834636,16.26838407,0.08550625,1,0,-385.6173037,-0.25816527,0.0,1
109.1929732,26.24925128,68.0,0.015785385,99429.92774,0.084099824,31.65967513,2.604142939,29.74968382,0.005538081,0.005238362,31.30495808,0.084116728,4,0,-197.9627118,-0.433269052,3.0,0
,,,242.92,98669.5,0.8173,30.11,7.8,86.41,172.54,122.83,30.32,0.8069,7,1,,,,1
,,,119.75,99955.6,0.6,20.0,3.0,81.39,75.77,51.9,21.72,0.5807,6,1,,,,1
109.1929732,26.24925128,68.0,7.37e-05,100419.7937,0.08635025,16.34100627,2.620187634,46.82062782,0.000128503,9.77e-05,16.14243903,0.086347198,12,0,-140.0404109,-0.228708865,3.0,0
,,,5.41,102194.5,0.1436,26.02,0.78,27.29,4.04,2.8,24.7,0.1274,4,0,,,,0
,,,11.27,101043.6,0.195,29.96,0.33,34.71,6.17,3.17,28.85,0.1756,7,1,,,,0
,,,102.6,100500.0,0.6094,27.78,4.13,75.0,65.47,42.83,26.33,0.6154,6,1,,,,1
,,,24.26,101546.3,0.3426,29.48,2.17,64.39,20.0,10.62,30.74,0.3248,8,1,,,,0
,,,27.01,100861.3,0.3477,21.61,1.02,64.69,20.0,12.87,22.67,0.3352,11,0,,,,0
109.1929732,26.24925128,68.0,0.0,100307.1455,0.085610008,19.10318879,0.919284048,50.55348161,0.0,4.33e-06,18.89716136,0.085659467,12,0,332.2445514,0.998203218,14.0,0
,,,0.29,102630.2,0.1428,33.98,0.52,24.93,0.2,0.11,33.88,0.1252,7,1,,,,0
,,,0.48,103000.0,0.08,29.03,0.16,20.0,0.32,0.28,28.73,0.0989,10,0,,,,0
109.1929732,26.24925128,68.0,0.0,99583.6852,0.084126212,30.90366426,1.031021916,14.58836107,4.72e-05,2.02e-05,31.20974982,0.084181181,4,0,-121.7690323,-0.978184634,8.0,0
,,,8.95,101732.5,0.2319,32.63,0.0,34.7,5.89,4.52,32.76,0.2215,10,0,,,,0
,,,298.63,98782.9,0.8997,26.94,6.17,95.03,219.55,162.17,28.34,0.8991,3,0,,,,1
,,,206.47,98828.9,0.7588,27.22,3.13,86.96,129.72,74.4,29.07,0.765,7,1,,,,1
,,,236.25,99163.3,0.7885,28.59,6.32,90.51,150.92,116.75,29.6,0.8155,9,1,,,,1
,,,21.9,101227.2,0.2792,34.07,0.29,60.02,12.84,7.69,35.49,0.2872,1,0,,,,0
,,,11.82,101415.3,0.2294,20.67,1.76,38.56,10.41,6.91,22.1,0.2128,4,0,,,,0
,,,120.47,100162.5,0.6,25.05,4.8,82.96,82.52,55.41,24.7,0.5928,8,1,,,,1
,,,9.92,101852.9,0.1463,33.39,1.16,41.95,7.17,5.46,35.37,0.1417,7,1,,,,0
,,,25.21,100795.9,0.298,30.4,2.32,62.88,14.7,10.66,30.86,0.3179,11,0,,,,0
,,,123.72,100500.0,0.6828,22.32,3.91,82.93,93.87,64.9,23.57,0.7109,7,1,,,,1
,,,139.66,100088.9,0.6813,24.99,3.0,83.06,77.39,49.69,26.62,0.6874,9,1,,,,1
,,,306.55,98006.4,0.9241,23.98,6.61,99.32,178.8,103.97,22.88,0.948,8,1,,,,1
,,,15.42,102186.9,0.2104,25.99,2.1,46.54,13.8,11.13,25.63,0.2096,6,1,,,,0
109.1929732,26.24925128,68.0,0.003478904,100108.7326,0.089200562,23.40194955,2.96825798,48.69169224,0.005599056,0.004675205,23.72740837,0.090355877,3,0,-222.8525245,-0.676921923,3.0,0
,,,1.39,101944.9,0.0803,37.25,0.29,26.4,1.13,0.97,37.54,0.0713,7,1,,,,0
,,,235.76,99731.5,0.8076,22.94,7.23,91.2,138.26,92.28,21.86,0.8132,7,1,,,,1
,,,18.44,101556.7,0.2235,37.95,0.03,46.48,12.24,9.96,37.97,0.2049,1,0,,,,0
,,,214.3,98931.1,0.7626,24.23,5.93,92.71,176.8,135.68,26.19,0.7499,6,1,,,,1
,,,220.72,99240.7,0.7426,29.02,5.23,86.17,135.16,97.17,29.18,0.7515,7,1,,,,1
,,,9.24,101608.2,0.1502,18.32,0.2,38.6,6.25,5.19,18.65,0.1487,8,1,,,,0
,,,188.15,99772.4,0.7433,32.58,5.69,80.31,112.35,84.8,32.2,0.7476,7,1,,,,1
,,,23.85,100923.8,0.323,30.0,3.24,59.07,16.5,14.54,28.09,0.3225,9,1,,,,0
,,,290.14,98635.4,0.914,26.23,8.16,92.4,230.15,162.19,26.17,0.9025,6,1,,,,1
,,,197.32,99560.0,0.7767,29.71,6.07,86.51,149.18,94.66,30.31,0.7487,9,1,,,,1
,,,105.14,100082.3,0.68,24.0,4.06,75.0,69.61,54.62,23.48,0.6516,7,1,,,,1
,,,18.33,101688.5,0.2152,18.49,2.27,54.49,12.6,10.64,19.17,0.2103,12,0,,,,0
,,,13.7,101794.7,0.206,36.14,0.0,41.49,8.06,6.12,37.06,0.2094,3,0,,,,0
,,,14.63,101312.6,0.2139,29.54,1.29,42.66,8.08,6.14,31.12,0.2324,12,0,,,,0
,,,299.17,98469.1,0.9185,31.03,10.53,93.2,190.9,123.88,29.06,0.9161,8,1,,,,1
,,,138.64,100306.9,0.6835,29.85,4.34,76.94,94.22,57.58,31.52,0.7078,9,1,,,,1
,,,80.88,100500.0,0.618,32.2,3.73,78.54,57.8,47.23,33.56,0.6303,6,1,,,,1
109.1929732,26.24925128,68.0,0.000998202,99276.77279,0.09331459,32.24846153,2.787820354,55.9613384,0.000517853,0.00160991,32.22274133,0.095792718,10,0,291.5575579,53.32393346,12.0,0
,,,20.26,101122.0,0.2592,37.73,2.56,55.63,13.99,7.41,37.74,0.2457,10,0,,,,0
109.1929732,26.24925128,68.0,0.001856092,98787.75827,0.090455212,34.29515342,3.96969389,46.47978275,0.00255789,0.053201886,34.30160711,0.095200041,7,1,-168.9434099,-0.395728386,5.0,0
,,,13.48,101262.4,0.2241,26.57,2.67,43.38,8.51,7.44,25.24,0.2154,1,0,,,,0
,,,217.38,99108.5,0.7992,26.99,4.94,81.91,149.03,116.27,25.92,0.8175,6,1,,,,1
,,,292.61,98460.6,0.8698,33.15,7.22,93.68,182.83,116.62,33.41,0.8836,4,0,,,,1
,,,272.91,98777.9,0.8806,29.25,7.99,96.1,207.6,139.34,31.23,0.8589,8,1,,,,1
,,,292.53,98803.2,0.829,24.64,5.63,92.56,174.05,138.04,24.53,0.8514,6,1,,,,1
,,,4.44,102557.2,0.122,35.15,0.26,24.08,2.49,2.12,36.1,0.1146,3,0,,,,0
,,,1.82,102326.3,0.08,30.15,0.02,29.11,1.6,1.24,30.55,0.0938,3,0,,,,0
109.1929732,26.24925128,68.0,0.130123523,98670.5001,0.162989242,33.8142053,2.154426863,54.02743863,0.072226866,0.034203559,31.60527619,0.15054942,6,1,-197.4412097,-0.377140591,3.0,0
,,,24.93,101254.6,0.2727,18.83,3.25,54.12,15.79,12.36,19.53,0.2889,9,1,,,,0
,,,5.86,102196.7,0.1025,34.54,0.15,25.09,4.58,2.72,34.92,0.0896,9,1,,,,0
,,,122.28,100090.9,0.6401,33.7,5.54,79.88,90.18,69.7,33.22,0.6325,7,1,,,,1
,,,14.41,101532.0,0.193,30.4,2.45,47.81,11.74,7.9,31.3,0.1877,6,1,,,,0
,,,284.67,98953.2,0.9324,33.73,10.59,90.23,199.36,153.09,34.86,0.9094,4,0,,,,1
109.1929732,26.24925128,68.0,0.000596415,99822.9531,0.084412926,30.71067212,2.38333232,35.26997731,0.003774368,0.003379979,30.76239666,0.084452958,3,0,-152.6846859,-0.150792542,0.0,1
109.1929732,26.24925128,68.0,0.019804359,99573.27717,0.097526918,25.12859792,1.990696999,49.34236501,0.014410178,0.047633229,25.10686931,0.099009772,3,0,36.37848817,0.044979257,0.0,1
,,,22.93,100735.7,0.3172,30.35,1.19,59.67,20.0,14.2,29.88,0.3039,2,0,,,,0
,,,208.78,99420.8,0.7331,32.18,4.65,84.1,175.18,98.04,33.51,0.7322,8,1,,,,1
109.1929732,26.24925128,68.0,1.534917984,98801.13969,0.401084738,26.38814287,5.442430286,89.68602492,0.865608665,0.413554299,28.55145177,0.342191314,8,1,333.3117524,0.967979384,9.0,0
,,,188.47,99310.0,0.7646,34.33,5.12,84.62,117.96,96.23,35.21,0.7487,9,1,,,,1
,,,231.04,99053.1,0.7473,25.34,7.51,86.61,188.39,147.76,23.56,0.7613,9,1,,,,1
,,,13.47,101754.3,0.2185,21.75,1.16,39.04,6.97,5.96,21.37,0.2345,6,1,,,,0
,,,202.14,99225.4,0.7569,30.76,6.96,81.84,137.93,109.32,30.9,0.7456,6,1,,,,1
,,,94.07,100500.0,0.6244,20.1,3.0,79.99,66.22,49.39,18.75,0.6142,8,1,,,,1
,,,294.95,98604.7,0.7886,22.61,8.64,93.34,186.14,113.48,23.13,0.7701,8,1,,,,1
,,,125.25,99948.7,0.6163,33.21,3.17,79.19,95.17,56.61,33.82,0.6092,8,1,,,,1
,,,8.75,101619.8,0.13,20.94,1.33,29.57,6.56,3.8,20.33,0.137,1,0,,,,0
,,,212.89,99092.7,0.7648,30.32,4.1,86.1,167.4,95.94,28.93,0.7833,9,1,,,,1
,,,20.05,101113.6,0.2698,26.86,2.73,54.63,15.37,13.14,25.44,0.268,5,0,,,,0
,,,22.14,100786.4,0.2458,34.65,1.6,53.09,17.27,11.66,34.81,0.2591,1,0,,,,0
,,,101.53,100208.6,0.651,33.67,3.0,85.06,73.81,56.82,31.95,0.6461,6,1,,,,1
109.1929732,26.24925128,68.0,0.022796905,98714.30991,0.264463258,30.49106047,2.64095212,75.52565872,0.044868531,0.067710694,30.11868498,0.281331924,8,1,445.4439672,106.2251155,9.0,0
,,,316.59,98000.0,0.9163,20.0,6.17,98.68,212.64,121.69,21.91,0.9462,6,1,,,,1
109.1929732,26.24925128,68.0,0.001097495,98320.78542,0.084649478,35.38047398,4.494091903,52.80600402,0.000530625,0.000717386,35.83568141,0.085248907,7,1,-230.5504001,-0.296300301,1.0,0
,,,316.21,98157.7,0.9377,25.34,10.63,99.55,241.97,162.07,25.61,0.9103,4,0,,,,1
,,,102.98,100345.8,0.6138,26.26,5.06,75.0,75.48,55.36,24.85,0.6433,7,1,,,,1
,,,3.69,102270.9,0.111,30.05,0.09,21.62,3.16,2.02,30.47,0.1056,4,0,,,,0
,,,24.22,101077.5,0.2702,30.31,2.4,62.77,20.0,11.23,29.36,0.2853,7,1,,,,0
,,,181.21,99152.4,0.6946,25.66,3.4,85.13,129.89,80.18,25.99,0.6895,8,1,,,,1
,,,126.31,99734.4,0.6618,21.78,3.92,79.45,94.38,77.53,20.32,0.689,9,1,,,,1
,,,195.16,99515.9,0.7676,32.95,5.23,89.88,112.49,65.87,31.44,0.7546,9,1,,,,1
109.1929732,26.24925128,68.0,0.004738363,98595.21447,0.084966752,33.75842962,5.200860594,50.90971844,0.004213724,0.002811329,33.93520002,0.085233729,6,1,397.1907606,623.5177294,9.0,0
,,,25.06,100652.0,0.3018,23.35,1.8,58.99,14.55,9.62,23.92,0.2863,1,0,,,,0
,,,215.11,99664.6,0.7333,22.62,6.35,90.75,136.66,109.49,21.91,0.7248,9,1,,,,1
,,,13.36,101619.2,0.2004,19.11,1.11,35.15,10.08,8.03,20.94,0.2116,8,1,,,,0
,,,239.11,98862.2,0.7999,30.79,5.92,91.09,178.82,114.3,30.81,0.8263,2,0,,,,1
109.1929732,26.24925128,68.0,0.015238807,100208.2828,0.087514733,24.51171904,0.645912987,44.76424393,0.047202043,0.022566573,23.17586994,0.088336948,3,0,345.7040978,246.5226566,9.0,0
,,,287.09,98366.3,0.8612,23.82,6.48,92.01,177.92,138.71,25.75,0.842,6,1,,,,1
,,,84.09,100241.4,0.63,34.71,4.02,77.25,50.0,40.0,33.68,0.6321,2,0,,,,1
,,,81.1,100500.0,0.6093,21.21,3.0,75.86,54.11,40.0,20.81,0.591,6,1,,,,1
,,,217.41,99100.1,0.7874,33.53,7.31,89.54,134.53,97.51,34.75,0.7893,8,1,,,,1
,,,13.84,101272.6,0.2159,25.98,1.78,48.65,6.92,3.71,26.05,0.2276,10,0,,,,0
109.1929732,26.24925128,68.0,0.000732042,99271.55959,0.102528316,31.59218261,2.102241291,56.55607314,0.003386742,0.00727561,31.64542221,0.106190657,9,1,280.4065677,0.972860942,10.0,0
,,,22.67,100903.5,0.269,23.93,1.28,55.86,16.02,9.7,22.98,0.2597,1,0,,,,0
,,,268.99,99020.7,0.8966,26.4,8.13,97.53,164.39,127.78,24.57,0.9123,9,1,,,,1
,,,191.31,99071.9,0.717,25.17,4.12,87.91,107.71,72.81,26.88,0.6929,6,1,,,,1
,,,202.23,99198.5,0.7528,20.63,5.63,90.21,117.54,83.74,22.27,0.7495,8,1,,,,1
,,,279.99,98317.2,0.8541,33.69,6.65,91.28,185.43,107.32,32.91,0.8442,6,1,,,,1
,,,296.64,98547.0,0.8694,20.0,8.84,99.43,248.62,158.51,19.67,0.8415,9,1,,,,1
,,,260.25,98778.0,0.8417,30.05,7.28,91.24,185.3,125.66,29.44,0.8597,2,0,,,,1
,,,16.1,101635.1,0.2231,36.88,0.54,41.98,10.44,9.1,36.14,0.2352,3,0,,,,0
,,,11.15,101462.2,0.1489,29.48,0.47,36.66,8.43,6.02,27.87,0.1626,12,0,,,,0
,,,190.17,99912.6,0.7504,28.46,6.95,87.89,105.64,59.91,26.89,0.7587,10,0,,,,1
109.1929732,26.24925128,68.0,0.002941912,98419.81913,0.093612005,34.55202286,2.897594222,55.61976419,0.004347793,0.023543591,33.74651071,0.093575807,6,1,578.1141734,0.610755653,0.0,1
109.1929732,26.24925128,68.0,0.000217936,100537.761,0.085439998,16.91265921,2.672150941,60.92137936,7.26e-05,0.00014881,17.7378857,0.085422595,12,0,-71.89738929,-0.987320326,11.0,0
,,,21.22,101048.2,0.2799,22.12,1.82,53.55,17.56,11.02,20.19,0.2923,5,0,,,,0
,,,225.24,99389.7,0.7636,23.59,6.75,90.55,141.15,92.09,22.33,0.7564,6,1,,,,1
109.1929732,26.24925128,68.0,0.0,100029.5807,0.085720434,26.93864293,0.628370833,58.76028967,0.0,0.000219213,27.54008618,0.085695569,11,0,-161.8974149,-0.221567213,5.0,0
,,,269.81,98563.7,0.882,27.96,9.69,91.12,149.51,96.8,28.51,0.9091,6,1,,,,1
,,,2.83,102370.2,0.1042,23.95,0.26,23.77,2.53,1.41,22.75,0.1211,8,1,,,,0
,,,261.37,98440.6,0.9118,21.04,7.67,91.74,197.74,130.37,20.74,0.9026,9,1,,,,1
,,,246.32,99174.6,0.7708,31.44,6.96,89.41,200.51,140.79,29.98,0.7624,8,1,,,,1
109.1929732,26.24925128,68.0,0.0,100118.8675,0.086786125,28.23370716,0.173523358,36.85178463,0.0,0.059453656,28.02196862,0.087386349,11,0,337.1594968,0.993441813,12.0,0
109.1929732,26.24925128,68.0,1.12e-06,99924.52338,0.088065535,27.07862064,0.883106215,35.50678002,7.45e-07,1.15e-05,27.04190668,0.088131956,10,0,1082.866898,1.592042564,0.0,1
109.1929732,26.24925128,68.0,0.000661079,99321.58869,0.085974281,32.15965158,2.87034057,25.64116547,0.008173795,0.00420518,32.23867728,0.087010143,4,0,-232.4338306,-0.224234439,0.0,1
109.1929732,26.24925128,68.0,0.286557058,99062.648,0.348971843,28.2061127,1.99728184,75.99801106,0.210063846,0.996957152,27.74119096,0.361237627,8,1,-243.8424937,-0.090319569,0.0,1
,,,217.31,98996.4,0.7736,21.44,6.49,85.44,136.47,115.93,19.49,0.7562,12,0,,,,1
109.1929732,26.24925128,68.0,0.004809321,100214.6793,0.085774393,24.32914809,0.994455969,33.62892711,0.002569761,0.003278299,23.13734984,0.086132618,3,0,-74.9485503,-0.09146068,1.0,0
109.1929732,26.24925128,68.0,0.000240289,100013.5965,0.086895866,26.964054,1.395917891,57.95351417,0.000175442,8.89e-05,27.06229684,0.086879071,11,0,378.9152158,3.415286498,5.0,0
,,,204.76,99121.3,0.7929,20.25,5.67,84.92,147.88,114.03,19.64,0.7755,8,1,,,,1
,,,13.18,100585.0,0.2178,22.92,2.0,46.78,8.63,5.07,21.1,0.2063,7,1,,,,0
,,,162.03,99629.5,0.6985,32.24,4.21,79.62,96.63,61.52,33.71,0.6898,1,0,,,,1
109.1929732,26.24925128,68.0,0.000657933,99032.66648,0.085593611,30.07843937,5.066206574,55.36523571,0.002936975,0.0026643,30.33866114,0.085563177,9,1,365.9354867,0.978940672,10.0,0
,,,134.05,100059.8,0.7159,25.88,3.0,75.2,88.29,73.36,24.1,0.7367,8,1,,,,1
,,,290.56,98325.1,0.8576,29.0,5.33,95.59,232.16,180.0,28.09,0.8728,8,1,,,,1
,,,26.47,100500.0,0.35,33.89,3.32,64.39,20.0,12.24,33.36,0.3455,8,1,,,,0
,,,1.17,103000.0,0.0814,37.53,0.28,21.87,0.92,0.56,37.09,0.0803,2,0,,,,0
,,,17.16,101701.9,0.2704,26.0,1.29,46.25,10.06,7.83,26.99,0.2679,12,0,,,,0
,,,213.3,99532.4,0.7364,31.68,5.23,84.19,118.66,75.05,31.88,0.7176,6,1,,,,1
,,,1.03,102966.4,0.08,36.22,0.47,21.11,0.82,0.5,36.12,0.0739,4,0,,,,0
,,,5.86,102011.8,0.1247,31.08,0.97,32.59,5.2,3.44,29.32,0.1134,8,1,,,,0
,,,18.39,101288.7,0.2459,26.24,1.12,53.24,14.84,12.06,25.15,0.2506,5,0,,,,0
109.1929732,26.24925128,68.0,0.001661398,100168.306,0.094138165,28.99373709,0.670155569,47.89954906,0.001991582,0.015055727,29.13168765,0.094462504,10,0,315.8057735,0.990029005,11.0,0
,,,7.1,102084.2,0.1544,25.6,0.91,32.43,5.04,3.88,27.28,0.1593,7,1,,,,0
,,,90.27,100500.0,0.6215,21.32,3.0,76.07,57.25,40.0,22.88,0.6037,6,1,,,,1
,,,26.62,100500.0,0.3068,21.13,4.13,66.07,20.0,15.0,19.27,0.3002,4,0,,,,0
,,,349.23,98391.9,0.95,32.27,9.59,98.55,205.36,150.57,32.66,0.9463,8,1,,,,1
,,,228.54,98959.9,0.7388,26.05,3.77,90.47,138.95,81.4,25.79,0.7351,9,1,,,,1
,,,6.36,101923.8,0.1306,31.43,0.34,27.1,4.18,2.19,31.75,0.1153,7,1,,,,0
,,,343.97,98003.5,0.9463,20.47,10.35,100.0,250.0,180.0,20.66,0.9414,7,1,,,,1
,,,289.28,98366.3,0.8645,24.02,5.48,95.15,217.89,142.06,25.86,0.8683,6,1,,,,1
,,,169.1,99124.5,0.6853,28.25,4.27,85.37,133.38,96.41,29.57,0.6659,7,1,,,,1
,,,82.22,100051.0,0.6,26.73,3.0,75.77,53.97,40.0,28.41,0.5922,8,1,,,,1
,,,7.48,102943.3,0.1693,36.2,0.65,36.4,6.56,4.85,36.26,0.1694,9,1,,,,0
,,,24.5,101096.6,0.3096,24.25,1.58,59.45,18.87,11.73,26.13,0.3118,7,1,,,,0
,,,5.04,102701.6,0.1252,24.06,0.16,23.67,2.58,1.4,22.47,0.1199,11,0,,,,0
,,,9.62,101965.3,0.1751,25.15,1.07,34.83,8.28,7.44,25.13,0.1859,3,0,,,,0
,,,7.24,101884.5,0.1431,31.15,0.04,32.63,4.1,2.56,32.34,0.1433,8,1,,,,0
,,,163.07,100074.1,0.7036,29.73,5.21,80.44,122.08,101.42,30.94,0.7044,2,0,,,,1
,,,174.72,99052.3,0.7469,21.09,4.62,83.17,144.49,113.1,22.92,0.7172,9,1,,,,1
109.1929732,26.24925128,68.0,0.001690961,99784.23672,0.08880325,20.64061354,0.16894238,47.37140509,0.001127307,0.000683739,20.43485148,0.088984767,2,0,605.2197018,0.661392378,0.0,1
109.1929732,26.24925128,68.0,5.53e-05,100460.8674,0.096559886,21.34368575,0.849525535,56.82059988,0.040364835,0.01740694,21.59738411,0.093415563,3,0,-246.6477012,-0.280166754,1.0,0
109.1929732,26.24925128,68.0,0.0,99450.98996,0.085181753,30.04262025,2.958413058,38.10450152,0.0,0.000602877,30.7454133,0.085211159,9,1,66.27960536,0.095105981,2.0,0
,,,327.59,98108.0,0.9417,28.22,7.12,98.33,181.13,152.94,30.1,0.9439,7,1,,,,1
,,,4.38,102504.0,0.1286,18.92,0.62,29.95,2.88,2.52,17.94,0.1242,3,0,,,,0
,,,80.38,99628.4,0.6069,31.45,4.25,75.0,55.93,46.13,33.35,0.6283,6,1,,,,1
109.1929732,26.24925128,68.0,0.004435838,99170.73011,0.093994177,31.65559768,2.5136821,63.13077011,0.10245677,0.056511617,31.23801959,0.098848055,9,1,-165.6874213,-0.562723526,4.0,0
,,,235.3,99296.2,0.8015,25.48,7.27,87.83,150.13,104.18,26.69,0.8048,9,1,,,,1
,,,20.95,100993.2,0.2623,29.69,2.6,50.07,17.96,14.63,28.99,0.2549,11,0,,,,0
,,,200.62,99835.5,0.7723,29.97,4.31,85.31,122.71,80.18,29.39,0.7659,9,1,,,,1
,,,155.92,99419.0,0.7272,22.9,4.88,86.29,116.34,88.65,22.58,0.7087,3,0,,,,1
,,,161.34,100088.4,0.7096,23.07,3.31,84.52,123.19,82.33,22.06,0.7186,9,1,,,,1
109.1929732,26.24925128,68.0,0.0,99213.19699,0.083735127,33.35217831,0.617545716,20.76475387,0.0,1.08e-05,33.59541353,0.083793825,4,0,-231.0188037,-0.225700847,0.0,1
,,,326.31,98184.0,0.9184,27.24,5.89,96.25,233.65,178.94,25.53,0.8943,7,1,,,,1
,,,17.6,100932.6,0.2548,31.27,1.4,45.73,15.56,10.46,32.61,0.2526,3,0,,,,0
,,,333.94,98000.0,0.883,27.55,7.31,94.37,250.0,180.0,28.59,0.8879,7,1,,,,1
,,,19.41,101939.7,0.2953,32.23,2.55,54.44,12.72,10.63,32.8,0.3146,6,1,,,,0
,,,12.9,102160.5,0.2269,28.97,1.2,44.25,6.67,5.94,30.57,0.2378,7,1,,,,0
,,,329.83,98034.4,0.9367,21.01,3.95,100.0,250.0,180.0,20.46,0.9257,7,1,,,,1
,,,131.49,100181.8,0.6629,23.36,3.43,81.94,94.0,56.12,21.44,0.6875,8,1,,,,1
,,,315.9,98000.0,0.95,29.5,10.36,88.88,246.69,151.45,28.34,0.9753,7,1,,,,1
109.1929732,26.24925128,68.0,0.000786805,100591.9424,0.085532777,16.00680665,1.989654466,65.6363241,0.000409794,0.00024155,16.40257238,0.08548847,1,0,381.303132,0.997584304,13.0,0
,,,312.36,98103.1,0.95,20.0,9.98,100.0,244.37,142.3,20.59,0.9585,5,0,,,,1
,,,151.69,100500.0,0.6872,22.22,4.85,82.6,96.31,61.87,21.93,0.6976,6,1,,,,1
,,,10.91,101199.6,0.1658,37.15,0.07,38.04,6.94,5.08,37.07,0.1688,3,0,,,,0
,,,176.37,99871.6,0.669,22.15,6.06,85.05,125.79,94.03,23.44,0.6833,7,1,,,,1
,,,20.75,101000.7,0.3024,26.63,2.79,54.85,12.53,6.42,28.38,0.2916,2,0,,,,0
109.1929732,26.24925128,68.0,0.00246918,99799.98429,0.089609686,30.21003584,1.401319322,62.29193104,0.00164612,0.001159644,30.37522322,0.089762424,10,0,202.8308534,0.394092626,3.0,0
,,,252.12,98643.7,0.8408,28.16,7.43,89.49,210.54,168.91,29.05,0.8213,8,1,,,,1
,,,326.15,98057.0,0.95,24.64,10.41,99.78,230.88,180.0,24.23,0.9566,3,0,,,,1
,,,18.39,101966.6,0.2405,18.77,1.46,53.96,13.89,8.35,19.26,0.2469,12,0,,,,0
,,,239.83,98908.8,0.7211,27.43,7.8,89.85,172.55,145.51,26.66,0.7053,11,0,,,,1
,,,13.1,101790.9,0.2266,31.59,0.35,45.48,11.05,8.88,31.12,0.2233,8,1,,,,0
109.1929732,26.24925128,68.0,0.894180859,98471.4604,0.386085757,27.41467635,1.521901401,86.93117962,0.839780586,0.482497976,28.87066117,0.313219309,8,1,323.9257429,0.995252257,9.0,0
,,,9.9,101422.6,0.1625,30.56,1.37,34.09,8.67,6.57,29.18,0.1772,9,1,,,,0
,,,12.26,101925.8,0.1811,31.65,0.11,34.74,6.4,5.44,33.17,0.1862,5,0,,,,0
,,,108.02,99958.9,0.6088,23.9,5.01,79.37,89.69,60.45,23.69,0.6066,1,0,,,,1
,,,219.87,99009.0,0.6898,21.61,5.57,88.85,123.04,79.18,20.29,0.6614,6,1,,,,1
,,,25.1,100975.3,0.273,37.11,2.89,66.87,19.72,10.65,38.0,0.2548,7,1,,,,0
109.1929732,26.24925128,68.0,0.000236563,100152.4182,0.087261541,17.82471126,2.017290503,54.49078049,0.00058207,0.000267506,18.06450839,0.087233514,12,0,299.6118096,3.608158602,5.0,0
,,,92.98,100347.5,0.6064,20.52,3.71,78.33,58.52,40.0,21.15,0.6358,2,0,,,,1
,,,26.07,100500.0,0.3275,23.83,2.32,62.42,18.12,12.09,22.07,0.3243,12,0,,,,0
,,,228.3,98719.1,0.7414,28.61,6.72,87.41,156.13,91.25,29.98,0.7413,8,1,,,,1
,,,101.91,100299.3,0.6284,34.88,3.0,81.7,63.99,40.24,33.38,0.6112,7,1,,,,1
,,,219.75,99720.6,0.8054,28.11,4.57,88.49,174.56,127.71,27.46,0.7766,12,0,,,,1
,,,233.99,98874.3,0.7822,31.3,4.83,86.37,196.88,137.3,29.76,0.81,8,1,,,,1
,,,19.93,100842.8,0.2458,30.69,2.58,58.81,12.54,7.59,32.58,0.2296,8,1,,,,0
,,,19.95,101278.2,0.272,23.11,1.37,61.06,14.67,8.45,22.78,0.2606,4,0,,,,0
109.1929732,26.24925128,68.0,0.000550185,99269.37011,0.085061004,30.79336088,3.427626142,32.62880166,0.002930884,0.00145204,31.36546741,0.085195936,4,0,-110.5783322,-0.332351813,6.0,0
,,,266.98,98371.8,0.7999,23.86,6.3,95.34,152.15,120.09,23.24,0.8049,5,0,,,,1
,,,226.27,99076.0,0.7856,23.43,6.67,93.31,125.22,74.18,24.96,0.7662,8,1,,,,1
,,,235.43,98953.2,0.7604,23.87,5.49,94.56,198.62,138.04,24.7,0.7642,8,1,,,,1
,,,282.16,98550.5,0.8175,26.49,8.13,87.93,181.87,121.04,26.44,0.8453,8,1,,,,1
,,,28.9,100500.0,0.3467,34.65,2.72,64.4,20.0,11.18,34.52,0.3605,9,1,,,,0
,,,13.22,101324.0,0.2017,20.15,2.34,37.2,7.45,6.6,18.46,0.1842,6,1,,,,0
109.1929732,26.24925128,68.0,0.0,99997.43939,0.085952364,17.74846595,1.129975943,68.99631119,6.97e-05,9.06e-05,17.38753124,0.086027686,1,0,-434.1940469,-0.865639439,2.0,0
,,,131.99,100317.6,0.7127,34.36,4.19,76.85,97.46,68.94,33.53,0.7291,9,1,,,,1
,,,4.11,102215.6,0.1079,35.4,1.04,25.42,2.26,1.63,34.26,0.1141,9,1,,,,0
,,,214.56,99135.8,0.7387,32.16,7.88,85.91,145.48,105.98,31.85,0.7258,8,1,,,,1
,,,5.87,102414.7,0.1302,29.83,0.0,32.97,4.95,3.65,28.26,0.1283,11,0,,,,0
,,,2.43,102669.3,0.1142,25.71,0.19,24.12,1.56,1.3,26.43,0.1063,9,1,,,,0
,,,278.17,98260.6,0.8721,29.99,8.03,92.9,170.83,100.56,30.18,0.8584,8,1,,,,1
,,,121.21,100162.2,0.6017,26.59,5.07,79.33,88.5,73.69,25.75,0.6214,7,1,,,,1
,,,29.33,101088.5,0.35,29.49,2.25,68.18,20.0,11.16,30.76,0.354,1,0,,,,0
,,,191.13,99673.1,0.7499,27.81,4.14,83.55,109.22,68.56,27.69,0.741,9,1,,,,1
,,,216.31,99149.4,0.8457,33.31,8.2,87.81,122.82,85.09,33.86,0.8347,6,1,,,,1
,,,26.14,100500.0,0.3349,24.14,1.59,65.05,16.46,14.42,22.65,0.3407,2,0,,,,0
,,,85.54,100228.2,0.6351,23.78,4.33,75.0,63.29,43.18,22.9,0.6313,8,1,,,,1
,,,341.74,98079.3,0.9184,28.61,11.33,100.0,209.19,176.64,27.9,0.9138,6,1,,,,1
,,,223.82,98963.6,0.7329,20.97,3.79,88.85,181.33,101.6,20.25,0.7527,6,1,,,,1
,,,116.46,100299.1,0.6,34.27,4.7,77.59,79.16,54.13,36.1,0.5848,9,1,,,,1
,,,254.63,98647.4,0.8182,28.55,6.84,95.25,211.7,127.07,27.67,0.8297,6,1,,,,1
109.1929732,26.24925128,68.0,0.495588062,100190.6497,0.316230618,15.42683273,1.405642878,85.01278245,0.657138878,0.299940882,15.22715151,0.26922783,1,0,-254.7130014,-0.887420913,3.0,0
,,,166.48,99310.7,0.7187,23.59,4.05,87.93,135.22,91.13,22.11,0.7308,10,0,,,,1
,,,310.48,98000.0,0.8597,27.5,10.7,96.56,231.28,152.76,27.45,0.8651,8,1,,,,1
,,,1.24,102503.3,0.1158,18.51,0.02,20.0,0.63,0.45,19.25,0.0971,2,0,,,,0
,,,344.7,98029.7,0.9346,30.46,9.84,100.0,215.2,124.92,30.58,0.9166,9,1,,,,1
,,,317.54,98742.3,0.8977,30.54,10.68,94.53,226.33,125.51,29.24,0.9243,7,1,,,,1
,,,12.87,101745.1,0.215,29.79,0.83,44.11,7.56,6.06,27.87,0.1993,6,1,,,,0
,,,269.86,99629.6,0.8104,21.44,7.28,89.32,189.3,117.52,22.5,0.8013,10,0,,,,1
,,,163.79,99566.9,0.7107,30.31,3.69,76.34,136.13,113.02,29.81,0.712,9,1,,,,1
,,,137.74,100019.6,0.6781,33.53,4.2,85.39,77.37,58.42,35.52,0.6696,8,1,,,,1
,,,2.53,102527.7,0.1214,25.4,0.46,25.72,1.73,0.94,27.32,0.1361,10,0,,,,0
,,,1.72,102083.4,0.0869,18.38,0.1,25.15,1.36,1.08,19.92,0.0997,2,0,,,,0
,,,0.21,102527.5,0.1059,21.18,0.0,20.0,0.18,0.13,22.64,0.0894,1,0,,,,0
,,,211.64,99112.1,0.7646,22.35,6.62,83.62,159.59,90.05,21.88,0.7814,6,1,,,,1
,,,28.02,100979.1,0.315,25.44,2.33,66.32,18.55,13.9,27.08,0.3329,2,0,,,,0
,,,1.53,102625.9,0.0828,29.53,0.07,25.62,1.04,0.53,29.12,0.0957,2,0,,,,0
,,,0.43,102246.7,0.0928,23.01,0.22,24.04,0.26,0.22,23.78,0.1065,9,1,,,,0
,,,12.29,101295.8,0.2011,29.3,1.48,40.59,10.87,6.51,30.69,0.215,11,0,,,,0
,,,10.78,101263.5,0.1469,25.21,0.44,35.08,6.32,5.64,24.24,0.1514,11,0,,,,0
,,,28.78,100500.0,0.35,31.5,1.69,56.86,20.0,15.0,31.68,0.3506,3,0,,,,0
,,,132.14,99733.8,0.6973,25.97,4.43,78.06,89.48,72.02,26.13,0.7153,8,1,,,,1
,,,1.63,102360.0,0.08,24.42,0.0,20.0,0.83,0.69,24.5,0.0892,1,0,,,,0
,,,137.54,99930.1,0.7268,30.65,5.06,80.85,110.85,80.07,29.18,0.7435,6,1,,,,1
,,,28.24,100500.0,0.35,31.1,2.16,67.48,17.8,13.68,31.07,0.3428,10,0,,,,0
,,,28.84,100799.7,0.35,34.09,1.79,66.48,17.41,14.18,33.07,0.3633,8,1,,,,0
109.1929732,26.24925128,68.0,0.024981635,98272.85471,0.084209382,37.58997723,1.251824172,38.01220244,0.009077621,0.005617716,37.8661777,0.085085595,6,1,-133.0593678,-0.497829345,6.0,0
,,,6.2,101511.4,0.1019,33.2,0.88,31.85,4.37,2.7,33.53,0.1059,12,0,,,,0
,,,23.52,100799.6,0.3188,24.41,2.76,53.63,12.08,7.26,26.24,0.3259,8,1,,,,0
,,,19.81,101311.0,0.2579,31.76,2.36,49.98,15.96,11.83,33.39,0.2619,4,0,,,,0
,,,15.9,101658.3,0.2065,20.8,2.3,49.02,8.94,6.06,22.47,0.1995,7,1,,,,0
109.1929732,26.24925128,68.0,0.002473295,99209.38492,0.105900222,31.98369156,1.89333828,52.80195007,0.004413091,0.007171033,31.32101393,0.110317833,9,1,280.4065677,35.84726322,9.0,0
,,,338.65,98000.0,0.9384,24.01,7.66,100.0,250.0,180.0,24.92,0.9578,7,1,,,,1
,,,11.42,102341.0,0.1728,31.86,2.03,38.39,8.75,7.87,31.32,0.1843,12,0,,,,0
,,,182.36,99709.1,0.7083,21.96,4.52,83.66,108.8,85.14,22.37,0.7367,9,1,,,,1
,,,245.68,98967.5,0.83,31.26,7.07,92.76,180.19,146.06,33.24,0.8247,7,1,,,,1
,,,19.7,101444.0,0.2314,23.27,1.57,52.43,11.69,8.57,21.88,0.2267,4,0,,,,0
,,,269.66,99075.8,0.8779,33.35,7.32,95.82,169.98,144.12,32.47,0.8743,6,1,,,,1
,,,12.23,101523.6,0.2119,27.46,1.31,44.3,8.54,6.13,28.71,0.2126,7,1,,,,0
109.1929732,26.24925128,68.0,0.003485225,100163.2367,0.08653925,25.56613189,1.822956083,39.92228151,0.001723556,0.000813856,26.58732377,0.086585831,11,0,313.6716498,69.32011322,9.0,0
,,,137.92,99507.2,0.6747,26.5,3.58,77.17,80.2,67.18,26.63,0.6946,8,1,,,,1
,,,9.56,102160.0,0.1404,37.59,0.29,33.69,7.58,5.95,39.02,0.1561,5,0,,,,0
,,,23.74,100702.6,0.2743,29.32,3.19,56.99,20.0,10.45,28.67,0.255,5,0,,,,0
,,,152.24,99773.2,0.7157,34.02,5.54,85.0,95.13,60.01,34.73,0.74,7,1,,,,1
,,,14.67,101662.1,0.2195,26.68,0.36,49.57,10.78,6.19,26.95,0.2284,11,0,,,,0
,,,232.73,99105.3,0.7574,22.36,6.85,85.57,150.29,90.36,24.09,0.752,7,1,,,,1
,,,7.38,101977.7,0.1436,24.32,0.5,26.66,6.48,4.8,25.98,0.1587,10,0,,,,0
109.1929732,26.24925128,68.0,0.000224642,100570.9849,0.085492634,16.28825128,2.516608157,63.32057517,0.000147526,0.000180901,17.12478442,0.085449165,12,0,381.303132,412.9592881,12.0,0
,,,3.01,102585.3,0.107,20.06,0.07,22.32,2.53,1.29,21.47,0.0877,10,0,,,,0
,,,14.27,101478.7,0.2164,21.58,2.54,47.07,8.49,6.78,21.53,0.2217,5,0,,,,0
,,,24.72,100688.2,0.31,26.79,1.62,55.69,12.95,8.12,25.94,0.3297,11,0,,,,0
,,,6.25,102266.0,0.1243,33.68,0.26,26.79,5.55,3.84,35.09,0.1164,2,0,,,,0
,,,7.6,102664.1,0.1497,22.05,0.48,32.42,5.02,4.25,23.55,0.1458,6,1,,,,0
,,,257.29,99078.3,0.8754,27.61,9.52,94.05,163.97,138.77,29.28,0.8908,4,0,,,,1
,,,5.03,101844.1,0.1199,19.82,0.21,35.1,2.69,1.9,21.65,0.1082,2,0,,,,0
,,,13.78,101273.8,0.2244,18.08,0.42,42.89,10.65,6.87,18.83,0.243,4,0,,,,0
,,,5.86,101608.3,0.1527,19.53,1.08,30.33,4.72,3.68,21.0,0.1559,7,1,,,,0
109.1929732,26.24925128,68.0,0.001609905,99080.6223,0.10405788,29.55618502,3.106365606,62.9478383,0.00193238,0.00158682,29.34299887,0.106413704,9,1,-283.3582681,-0.163009787,0.0,1
,,,293.2,98448.3,0.8858,31.77,5.8,95.14,188.51,127.71,31.94,0.8827,8,1,,,,1
,,,13.37,101796.9,0.1858,19.25,0.95,45.76,7.78,6.74,17.87,0.2049,8,1,,,,0
,,,23.02,101331.5,0.2844,18.19,2.88,58.11,16.42,11.31,17.05,0.2966,6,1,,,,0
,,,324.15,98211.6,0.9348,22.2,7.52,96.43,185.97,102.69,23.11,0.9221,8,1,,,,1
,,,82.86,100500.0,0.6496,20.35,4.08,75.0,52.46,40.0,21.99,0.6214,5,0,,,,1
,,,23.49,101488.9,0.2518,27.61,1.92,58.74,19.48,13.48,26.93,0.2374,2,0,,,,0
,,,19.25,100806.5,0.2766,32.58,2.16,52.7,11.83,7.26,31.8,0.2909,12,0,,,,0
,,,1.77,102001.1,0.08,21.43,0.07,21.1,1.31,0.91,21.54,0.0737,9,1,,,,0
,,,20.99,100732.6,0.2265,24.16,1.46,62.76,14.35,8.38,23.96,0.223,8,1,,,,0
,,,113.6,100500.0,0.6688,31.93,5.49,81.46,84.54,55.08,31.43,0.6723,6,1,,,,1
,,,191.56,99385.8,0.7145,25.33,5.51,89.77,117.76,93.87,26.77,0.7278,8,1,,,,1
,,,108.72,100486.3,0.6251,33.45,3.65,76.26,70.21,54.31,34.88,0.6098,6,1,,,,1
,,,141.93,100172.1,0.6775,30.58,3.55,79.63,103.92,70.33,32.51,0.698,9,1,,,,1
,,,203.97,98977.0,0.7543,22.96,8.11,86.16,171.33,138.21,24.21,0.736,6,1,,,,1
,,,18.94,100500.0,0.2553,21.34,1.66,47.53,11.05,8.29,21.22,0.2538,3,0,,,,0
109.1929732,26.24925128,68.0,0.000339757,98806.55193,0.081280767,36.01895905,3.917770766,27.87686022,0.000113252,8.18e-05,35.72776478,0.081426996,5,0,-138.5076286,-0.332453692,5.0,0
,,,24.36,100768.4,0.2971,32.42,1.53,64.29,18.71,13.55,33.29,0.3095,7,1,,,,0
,,,120.47,100021.2,0.672,30.92,3.38,78.38,93.53,57.4,31.79,0.6734,7,1,,,,1
,,,116.79,100268.3,0.6951,25.85,3.31,85.04,71.03,40.0,23.92,0.6835,9,1,,,,1
,,,25.67,100853.6,0.3246,35.42,3.02,66.29,16.43,13.92,34.02,0.3293,12,0,,,,0
,,,179.22,100196.0,0.711,32.82,3.38,87.89,139.13,107.03,33.12,0.688,7,1,,,,1
,,,149.66,100130.4,0.6759,21.36,4.98,77.75,98.44,80.65,20.35,0.651,6,1,,,,1
,,,8.79,101996.7,0.1755,28.72,1.07,24.87,5.56,3.18,28.28,0.1713,12,0,,,,0
,,,109.45,100500.0,0.6042,33.29,3.2,76.9,82.89,54.79,31.79,0.5836,9,1,,,,1
109.1929732,26.24925128,68.0,0.0,100716.1579,0.194141249,14.01354019,2.367293348,71.54299491,0.0,0.0,13.90674141,0.201361576,1,0,-212.2899209,-0.220352763,1.0,0
,,,8.2,102135.2,0.1457,19.85,0.09,28.29,5.16,4.59,19.74,0.1628,1,0,,,,0
,,,13.31,101470.0,0.2395,26.47,2.68,38.11,10.55,9.43,24.9,0.2312,5,0,,,,0
,,,22.43,101164.9,0.3039,34.08,0.79,57.51,12.6,8.37,34.08,0.2902,9,1,,,,0
,,,279.1,98527.3,0.8497,30.79,4.89,96.08,224.55,180.0,32.12,0.8697,8,1,,,,1
,,,161.89,100081.6,0.7147,26.06,5.68,83.19,128.67,106.99,27.35,0.7411,6,1,,,,1
,,,8.73,101848.8,0.1299,37.43,0.7,39.67,4.37,2.61,38.28,0.1496,4,0,,,,0
109.1929732,26.24925128,68.0,0.0,100779.0959,0.086746204,14.80666252,3.008027181,59.56217135,0.0,3.49e-05,14.97636588,0.086639294,12,0,333.9927237,333.4473379,9.0,0
,,,184.27,99695.5,0.7358,21.97,3.96,84.42,127.63,84.49,20.44,0.7351,8,1,,,,1
,,,275.64,98320.7,0.836,27.75,9.18,91.91,200.67,124.25,27.89,0.8475,9,1,,,,1
109.1929732,26.24925128,68.0,0.000121045,98770.23159,0.080355476,33.62433695,4.465752293,49.07561188,0.00011026,4.73e-05,33.81924497,0.080383302,5,0,160.3373743,0.179408647,0.0,1
,,,138.94,99945.0,0.6975,24.44,3.8,83.05,99.24,72.26,23.45,0.7056,7,1,,,,1
,,,13.5,101618.7,0.2028,22.57,1.84,41.04,9.25,4.87,21.92,0.1996,2,0,,,,0
,,,137.65,99921.8,0.7043,32.07,5.37,75.91,114.99,79.27,31.4,0.721,9,1,,,,1
,,,1.29,103000.0,0.0856,21.2,0.0,20.0,0.84,0.47,20.55,0.071,3,0,,,,0
,,,28.72,100500.0,0.3462,22.42,1.29,67.0,20.0,11.41,23.59,0.3542,4,0,,,,0
,,,12.45,101651.9,0.2263,26.71,1.2,40.28,8.27,6.5,27.03,0.2186,4,0,,,,0
,,,246.92,99238.1,0.7896,29.75,7.06,88.2,178.11,143.29,28.2,0.8078,6,1,,,,1
,,,208.76,98963.1,0.7697,20.0,4.6,84.46,139.47,104.88,18.2,0.7946,10,0,,,,1
,,,2.92,102899.4,0.1181,35.57,0.17,21.63,1.76,1.22,37.09,0.1013,2,0,,,,0
,,,3.23,102342.2,0.1244,36.57,0.26,22.31,2.75,2.21,34.66,0.118,4,0,,,,0
109.1929732,26.24925128,68.0,0.039632091,98261.78346,0.085690884,35.44964145,2.159619597,52.49200642,0.055228416,0.049697938,35.74873515,0.086479615,7,1,-123.7293041,-0.332042494,5.0,0
109.1929732,26.24925128,68.0,0.014481739,99241.69017,0.3427398,28.61354661,1.97908489,74.99995227,0.015023901,0.523837102,27.77738494,0.362073432,9,1,-176.6501926,-0.153150894,0.0,1
109.1929732,26.24925128,68.0,0.000754394,100246.1652,0.085971611,22.34771021,2.523828394,59.34907959,0.000834875,0.000657645,23.58168608,0.085925835,11,0,-63.22725424,-0.982703539,12.0,0
,,,7.67,101579.1,0.1673,24.91,1.21,37.58,5.43,2.9,26.43,0.1484,7,1,,,,0
,,,166.12,99374.5,0.7105,26.28,3.15,84.17,117.67,95.39,25.6,0.7041,7,1,,,,1
,,,2.97,102361.5,0.1121,36.17,0.44,21.53,2.4,1.67,36.21,0.1048,7,1,,,,0
,,,16.09,101234.7,0.2911,26.06,1.62,44.67,9.66,7.53,26.73,0.2778,7,1,,,,0
,,,27.56,100500.0,0.3276,33.78,3.69,64.02,20.0,10.89,32.25,0.3339,11,0,,,,0
,,,123.67,99616.7,0.6127,21.61,3.46,76.43,97.49,65.73,21.28,0.6183,7,1,,,,1
,,,19.23,101455.4,0.252,18.07,1.83,47.42,15.45,11.65,16.92,0.2676,9,1,,,,0
109.1929732,26.24925128,68.0,0.000921516,98513.35652,0.11561736,30.61145855,4.913042959,64.24926619,0.000813269,0.000730438,30.38129402,0.124446189,8,1,-186.0983034,-0.953974258,7.0,0
,,,29.88,101466.9,0.3457,26.06,3.2,70.0,20.0,14.3,24.94,0.3513,4,0,,,,0
,,,235.62,98945.6,0.7935,20.0,8.0,92.02,170.94,94.88,21.52,0.8065,6,1,,,,1
,,,0.53,102269.2,0.08,36.45,0.0,25.36,0.29,0.26,37.68,0.0872,3,0,,,,0
,,,97.65,100500.0,0.6,23.07,3.0,75.38,57.67,40.0,22.47,0.6104,6,1,,,,1
,,,240.47,99092.7,0.7783,26.62,7.19,85.82,153.97,107.35,27.15,0.7618,12,0,,,,1
109.1929732,26.24925128,68.0,0.002115608,98908.42918,0.091829538,34.70286868,2.538125567,43.06560787,0.025025271,0.067797791,34.27783177,0.094380153,6,1,-183.5199968,-0.284000904,2.0,0
,,,276.45,98685.2,0.8758,26.39,8.71,87.34,190.9,132.63,27.26,0.8928,6,1,,,,1
,,,4.04,102771.3,0.1276,25.68,0.22,26.17,3.05,1.71,27.12,0.1127,1,0,,,,0
,,,263.19,98548.1,0.8965,31.05,8.48,91.81,183.83,142.07,31.74,0.8994,11,0,,,,1
109.1929732,26.24925128,68.0,0.004987154,98786.51993,0.225274297,30.90725732,4.581872689,69.31814811,0.005315508,0.257133077,30.72507005,0.252213397,8,1,-134.2640189,-0.35112367,4.0,0
,,,103.67,100416.4,0.6759,24.43,3.47,75.71,70.15,50.08,25.0,0.6973,8,1,,,,1
109.1929732,26.24925128,68.0,0.0,98629.88727,0.080787276,34.34248119,3.512420415,28.94144207,0.0,0.000787252,34.65471011,0.080847793,6,1,595.8955864,0.672980757,0.0,1
,,,18.15,101579.6,0.2408,26.87,2.32,50.88,10.37,6.4,26.62,0.2239,4,0,,,,0
109.1929732,26.24925128,68.0,0.0,100129.1619,0.084958309,28.70022727,2.339274307,24.1809506,0.000807811,0.00035461,28.30386128,0.085066056,4,0,-139.0498945,-0.332511839,6.0,0
109.1929732,26.24925128,68.0,0.00015659,98713.91562,0.085002678,32.83345274,3.423399519,49.00702898,0.000778319,0.000831119,33.09062015,0.084981616,9,1,235.2821271,1.95742856,5.0,0
,,,340.18,98000.0,0.95,28.34,3.78,100.0,249.92,180.0,29.49,0.9543,7,1,,,,1
,,,21.79,101039.0,0.282,31.34,0.43,51.46,15.64,12.25,31.14,0.2626,5,0,,,,0
,,,28.67,100500.0,0.3379,30.84,4.27,68.1,20.0,14.32,30.96,0.3469,2,0,,,,0
,,,3.82,101771.5,0.1048,33.56,0.72,36.36,2.87,2.55,32.8,0.0893,11,0,,,,0
,,,24.28,101226.0,0.3274,26.88,3.81,63.56,15.34,11.3,28.28,0.3165,7,1,,,,0
,,,311.24,98387.3,0.8966,26.14,7.19,92.91,215.37,168.45,24.93,0.9136,2,0,,,,1
,,,28.15,100500.0,0.3452,19.11,1.87,70.0,20.0,15.0,18.14,0.3439,6,1,,,,0
,,,159.08,100097.1,0.7167,34.13,4.16,86.41,129.48,106.23,34.47,0.7402,8,1,,,,1
,,,13.98,101125.3,0.256,32.79,2.23,51.19,11.37,7.83,34.05,0.2416,8,1,,,,0
,,,121.42,99821.1,0.6407,20.73,3.4,79.65,102.83,75.28,21.35,0.668,9,1,,,,1
,,,212.89,98888.9,0.7799,21.92,4.78,86.87,168.67,114.03,21.95,0.7512,7,1,,,,1
,,,0.16,102959.5,0.08,31.72,0.0,21.69,0.14,0.12,31.78,0.0658,12,0,,,,0
,,,220.2,99521.3,0.7347,22.67,5.49,85.48,139.99,95.13,22.52,0.7222,3,0,,,,1
109.1929732,26.24925128,68.0,0.005964744,99334.76844,0.093604421,28.73532729,2.976987642,58.73171317,0.003971484,0.003063222,28.85851781,0.094361539,10,0,343.1925252,0.976093527,9.0,0
,,,6.69,102427.4,0.14,26.28,0.85,30.75,5.44,4.3,24.3,0.135,2,0,,,,0
,,,20.45,101056.0,0.2494,32.8,1.26,51.55,18.28,10.37,30.99,0.2452,3,0,,,,0
109.1929732,26.24925128,68.0,0.001420957,98525.11124,0.134008187,30.19624738,5.462267092,64.37026914,0.000734553,0.001100767,30.38140902,0.142996317,8,1,-186.0983034,-0.328057479,5.0,0
109.1929732,26.24925128,68.0,0.000148157,100297.1917,0.086410724,19.51661184,0.458125498,27.80217515,0.00012248,0.000149029,20.1259798,0.086745913,2,0,-209.3121033,-0.291944229,2.0,0
,,,24.65,101005.1,0.2987,19.72,0.99,57.31,20.0,12.51,19.41,0.2993,9,1,,,,0
,,,148.01,100062.0,0.6486,33.22,4.33,84.26,124.95,89.55,34.95,0.6699,6,1,,,,1
,,,3.14,102030.0,0.0918,30.97,0.0,26.23,1.84,1.13,31.23,0.0954,5,0,,,,0
,,,255.08,98649.4,0.7557,20.0,5.9,90.78,161.04,108.85,21.34,0.7401,7,1,,,,1
,,,2.83,102475.0,0.1139,27.44,0.87,23.22,1.62,1.29,26.0,0.1298,11,0,,,,0
109.1929732,26.24925128,68.0,0.001534494,100071.3728,0.085738439,27.83888544,0.964281486,57.63701003,0.000511498,0.000219213,28.04073833,0.0857096,11,0,-164.7607236,-0.177046912,1.0,0
,,,8.24,102069.8,0.1436,36.87,0.42,33.2,6.97,5.82,38.06,0.1565,9,1,,,,0
109.1929732,26.24925128,68.0,0.010667456,98650.43872,0.085100603,33.26521823,3.869954276,51.70328364,0.004814196,0.004290859,34.45699021,0.084806443,6,1,-213.7318192,-0.161453077,0.0,1
,,,11.79,101420.7,0.1769,20.73,1.02,34.05,6.21,3.77,22.27,0.1868,1,0,,,,0
,,,118.25,100017.1,0.6591,24.06,4.09,84.37,88.44,65.07,24.99,0.6369,9,1,,,,1
,,,217.37,99992.9,0.8002,26.28,6.21,87.18,140.89,112.5,26.24,0.7981,6,1,,,,1
,,,217.91,98879.1,0.789,27.3,6.01,88.55,135.02,90.41,26.5,0.8147,10,0,,,,1
,,,5.55,102453.9,0.129,33.95,1.17,24.48,4.11,2.92,35.35,0.1299,10,0,,,,0
,,,167.65,99710.0,0.7013,32.74,4.31,81.45,133.97,76.52,34.43,0.712,7,1,,,,1
109.1929732,26.24925128,68.0,0.002810479,98881.08035,0.082208838,37.57882561,1.06234063,25.17883205,0.002854477,0.001265817,36.18961508,0.082190568,5,0,-106.6175225,-0.497516677,7.0,0
,,,183.4,99740.2,0.7448,28.5,5.05,87.57,149.39,108.09,29.2,0.7406,7,1,,,,1
,,,23.66,101285.1,0.2791,22.65,2.9,66.18,15.54,10.95,21.53,0.2768,7,1,,,,0
,,,322.95,98328.4,0.9151,32.05,8.21,93.85,238.11,169.72,31.28,0.9357,9,1,,,,1
,,,144.09,100169.4,0.6265,30.58,3.85,76.13,83.42,47.49,29.44,0.6287,1,0,,,,1
109.1929732,26.24925128,68.0,0.000221289,100149.6453,0.086380941,20.91834485,1.830621926,47.3106816,0.000263189,0.000846015,21.87079017,0.086418684,2,0,268.232833,2.37695956,5.0,0
,,,1.38,101541.4,0.1004,37.2,0.78,22.33,1.11,0.6,38.66,0.0821,3,0,,,,0
,,,337.03,98404.2,0.895,25.03,7.79,100.0,250.0,176.37,23.96,0.8701,7,1,,,,1
,,,21.56,101452.8,0.2939,18.09,2.88,52.36,16.04,11.77,19.12,0.2827,5,0,,,,0
,,,237.38,99305.4,0.7583,21.9,6.36,88.53,188.89,128.52,22.77,0.7648,8,1,,,,1
,,,137.49,100500.0,0.6625,24.36,3.0,83.92,89.8,65.2,23.87,0.6476,9,1,,,,1
,,,1.25,102615.0,0.1134,35.56,0.42,20.81,0.85,0.71,34.44,0.1172,9,1,,,,0
,,,187.01,100132.0,0.7256,24.78,5.35,87.73,107.64,75.75,23.07,0.7233,5,0,,,,1
,,,11.3,101708.0,0.1601,28.06,0.77,35.48,10.02,5.3,28.0,0.1654,7,1,,,,0
,,,28.62,100500.0,0.35,35.67,4.32,70.0,20.0,12.08,34.98,0.3633,4,0,,,,0
,,,218.53,99442.6,0.8087,32.48,5.0,85.33,166.13,104.64,32.78,0.8081,7,1,,,,1
,,,84.83,100227.5,0.6,21.54,3.0,75.0,58.99,46.25,22.62,0.5765,4,0,,,,1
,,,278.81,98637.2,0.8605,27.84,7.63,87.18,205.22,164.32,29.75,0.8807,9,1,,,,1
,,,11.94,101354.7,0.1781,18.57,1.5,41.51,8.57,6.02,19.9,0.1899,1,0,,,,0
109.1929732,26.24925128,68.0,0.00027717,97838.91613,0.084144083,34.43954291,5.572943084,54.4114237,0.000668976,0.000582003,34.50837001,0.084205082,7,1,297.9640115,3.446827068,4.0,0
,,,129.6,99954.3,0.7013,25.11,4.99,75.0,81.99,51.69,24.62,0.6881,9,1,,,,1
,,,27.35,101237.8,0.3332,36.28,3.0,70.0,20.0,13.34,34.59,0.3172,9,1,,,,0
,,,17.33,101430.5,0.2373,32.73,1.25,58.76,14.23,9.43,34.24,0.2567,1,0,,,,0
,,,100.59,100500.0,0.6113,20.0,4.92,75.46,69.61,51.68,20.84,0.6177,6,1,,,,1
,,,26.08,100500.0,0.3234,37.83,1.82,68.56,20.0,15.0,38.82,0.3354,2,0,,,,0
,,,227.6,98777.5,0.7572,20.0,8.11,91.53,148.62,118.25,18.37,0.7509,3,0,,,,1
,,,135.46,99991.8,0.6461,24.96,5.2,82.23,92.08,78.12,23.72,0.637,8,1,,,,1
,,,84.19,99608.9,0.6,25.56,3.04,75.0,50.0,40.95,26.7,0.5944,6,1,,,,1
,,,211.89,98773.8,0.7852,25.8,7.73,86.36,167.8,107.03,25.36,0.7829,8,1,,,,1
,,,232.1,98764.5,0.7975,24.63,6.73,85.45,135.75,109.77,24.89,0.7934,8,1,,,,1
,,,86.55,100319.7,0.6,21.86,3.0,75.0,61.52,41.46,23.34,0.5911,8,1,,,,1
,,,10.88,102008.7,0.1582,21.89,2.13,33.4,6.46,5.7,22.65,0.1401,7,1,,,,0
,,,9.11,101901.0,0.1666,26.73,1.47,38.69,5.14,4.41,26.89,0.1573,6,1,,,,0
109.1929732,26.24925128,68.0,7.38e-05,100495.2551,0.087481405,19.01050285,1.280763512,59.83174405,2.46e-05,1.76e-05,18.91219031,0.087442099,12,0,-163.7271927,-0.22175088,3.0,0
,,,126.59,100417.6,0.6694,24.51,3.38,84.92,75.82,43.63,24.42,0.6866,6,1,,,,1
,,,245.79,99670.7,0.7985,27.22,8.27,93.62,202.29,151.33,27.19,0.8038,8,1,,,,1
,,,0.25,102812.9,0.1159,36.21,0.34,23.21,0.17,0.12,34.6,0.1322,11,0,,,,0
,,,98.04,100500.0,0.6451,31.62,3.59,82.47,78.86,66.05,30.85,0.641,9,1,,,,1
,,,7.0,102235.1,0.1402,26.88,0.0,28.99,3.72,3.0,25.21,0.1272,8,1,,,,0
109.1929732,26.24925128,68.0,0.000726677,100103.5822,0.086533729,27.40098296,1.389962074,49.42173625,0.00043687,0.00018723,27.47301114,0.08637189,11,0,-156.3380604,-0.203670835,1.0,0
,,,24.44,101278.2,0.2951,35.25,3.87,58.5,19.66,14.82,33.72,0.3029,1,0,,,,0
109.1929732,26.24925128,68.0,1.23e-05,99350.10449,0.084587214,33.46314604,1.872476918,25.10763116,0.001280389,0.004051793,32.51179754,0.08521137,4,0,-232.4338306,-0.685110639,3.0,0
,,,23.85,101096.0,0.294,23.56,2.19,61.99,20.0,15.0,25.04,0.2872,7,1,,,,0
,,,6.21,102335.3,0.1626,29.93,0.65,30.41,3.87,3.39,28.16,0.1609,8,1,,,,0
,,,175.54,98979.0,0.7182,23.89,4.96,89.97,105.21,78.04,25.83,0.6947,7,1,,,,1
,,,254.67,99283.0,0.7866,30.68,7.86,85.96,208.96,123.75,31.51,0.7785,6,1,,,,1
,,,21.37,101138.7,0.2807,18.07,1.47,56.88,18.93,10.72,16.18,0.3003,5,0,,,,0
,,,172.61,99382.6,0.7067,25.19,6.33,83.69,126.11,73.39,26.45,0.6777,4,0,,,,1
109.1929732,26.24925128,68.0,0.000475217,97896.66529,0.085941021,36.09571984,4.283153778,49.87211598,0.000316811,0.00200093,36.14685987,0.086355153,7,1,172.4561644,0.20624008,0.0,1
,,,8.47,101938.4,0.1523,28.12,1.93,26.08,6.4,4.15,27.51,0.1563,9,1,,,,0
,,,120.68,99990.1,0.6448,28.39,5.25,76.98,73.94,49.88,28.73,0.6226,10,0,,,,1
,,,18.07,101612.8,0.2635,28.93,1.96,52.08,13.54,8.69,27.45,0.2512,7,1,,,,0
,,,241.0,99763.8,0.8602,31.6,9.36,88.86,192.25,137.1,29.81,0.8561,2,0,,,,1
109.1929732,26.24925128,68.0,0.0,101029.1779,0.087693518,15.40526141,2.904837447,49.24818335,4.5e-05,0.000211486,16.06258937,0.087720005,1,0,-124.3183836,-0.496497882,7.0,0
,,,19.75,101295.2,0.2268,31.43,3.22,43.78,15.9,9.57,33.12,0.2357,3,0,,,,0
109.1929732,26.24925128,68.0,7.43e-05,100240.3015,0.08510089,20.7833761,0.355342727,40.20398321,0.003922758,0.004753232,20.29282195,0.085228109,2,0,-186.024585,-0.624619561,4.0,0
,,,1.84,102378.5,0.1026,21.57,1.09,20.0,1.25,0.93,20.81,0.1212,4,0,,,,0
109.1929732,26.24925128,68.0,6.37e-05,100518.4795,0.086042158,16.71074795,1.863433991,32.09120279,2.12e-05,8.89e-05,18.09962182,0.086056301,12,0,-166.1913375,-0.659338605,8.0,0
,,,14.61,100843.5,0.2147,22.03,1.71,51.72,10.73,6.03,20.85,0.1964,6,1,,,,0
,,,311.26,98681.2,0.8672,21.41,6.57,96.85,211.17,176.84,22.78,0.8417,9,1,,,,1
,,,337.65,98544.7,0.9023,33.23,5.8,100.0,249.38,180.0,32.72,0.9258,10,0,,,,1
109.1929732,26.24925128,68.0,0.089122069,98974.01265,0.090823755,34.19930693,1.701497267,46.03891275,0.029794978,0.030457259,34.56155632,0.094079066,5,0,-134.0833328,-0.498535526,7.0,0
,,,112.01,100404.3,0.6709,23.02,4.41,75.42,87.41,57.15,24.48,0.6939,7,1,,,,1
,,,19.71,101727.4,0.2532,36.74,3.11,54.9,16.3,14.42,38.25,0.2479,4,0,,,,0
,,,234.23,98789.0,0.7932,33.34,5.46,92.16,132.04,97.12,35.07,0.8093,8,1,,,,1
,,,4.32,101780.0,0.147,35.05,0.0,32.01,2.79,2.42,33.57,0.1408,12,0,,,,0
,,,20.67,101381.9,0.2394,27.87,2.65,56.47,15.38,12.85,26.76,0.2428,8,1,,,,0
109.1929732,26.24925128,68.0,0.0,99096.35786,0.08342238,35.98906947,3.698752252,25.51716846,5.08e-05,0.00051991,36.09194124,0.083580519,5,0,-97.10063997,-0.49779235,7.0,0
109.1929732,26.24925128,68.0,0.045435867,99288.718,0.084176893,33.47671463,1.118540504,32.01534125,0.015145289,0.006629413,32.86005182,0.08423606,5,0,-233.5881046,-0.409520284,2.0,0
,,,94.45,100058.3,0.6584,34.76,4.77,76.01,62.76,40.0,33.82,0.6304,6,1,,,,1
,,,263.8,99016.9,0.8505,32.05,9.35,92.02,189.73,136.33,31.19,0.8265,8,1,,,,1
109.1929732,26.24925128,68.0,0.002880811,98606.20542,0.081442724,38.07067735,1.520194644,26.19009969,0.002212633,0.002313797,38.13523538,0.081528424,5,0,585.1801118,0.754310233,0.0,1
,,,23.3,101747.8,0.2774,27.38,0.73,65.22,18.24,14.49,28.23,0.2756,9,1,,,,0
,,,24.93,101308.1,0.3222,21.52,4.07,65.98,15.52,12.54,23.26,0.338,1,0,,,,0
109.1929732,26.24925128,68.0,6.26e-05,100242.8166,0.085897142,16.43846972,2.384170649,65.37873544,9.05e-05,7.65e-05,17.29927995,0.085959956,1,0,7.557324963,0.112137136,3.0,0
,,,29.15,100799.2,0.3248,19.62,2.76,70.0,17.77,11.92,21.6,0.3255,1,0,,,,0
,,,18.14,100944.0,0.239,26.5,2.18,54.98,11.91,6.63,27.2,0.2411,9,1,,,,0
,,,135.69,100500.0,0.6539,20.0,4.97,80.78,93.15,62.44,20.55,0.6694,7,1,,,,1
,,,26.15,101274.1,0.3079,29.41,0.55,58.99,20.0,15.0,28.76,0.3067,8,1,,,,0
,,,7.07,101745.8,0.1693,32.48,0.45,31.23,5.34,4.53,31.38,0.1616,7,1,,,,0
,,,18.66,101001.6,0.2181,24.58,2.41,48.47,16.37,13.97,25.98,0.2069,1,0,,,,0
,,,4.67,102967.1,0.1127,24.71,0.52,20.52,4.16,2.53,24.25,0.1238,6,1,,,,0
,,,25.44,100883.5,0.3235,31.23,2.98,62.91,20.0,15.0,32.65,0.3048,8,1,,,,0
,,,11.17,101318.6,0.2156,20.84,2.29,41.94,6.35,3.44,19.85,0.1972,11,0,,,,0
,,,6.13,102388.9,0.1218,35.4,1.43,29.22,4.81,3.01,36.97,0.1413,4,0,,,,0
,,,194.84,100360.0,0.7699,33.16,5.85,89.56,153.82,91.23,34.49,0.7858,7,1,,,,1
,,,165.64,99095.1,0.6638,23.47,4.22,81.0,122.64,93.14,22.54,0.6485,10,0,,,,1
,,,175.01,98782.2,0.7231,27.7,5.28,86.0,146.05,82.56,28.5,0.7379,5,0,,,,1
,,,171.49,99755.7,0.7083,20.66,4.32,84.5,134.71,88.95,19.53,0.7181,9,1,,,,1
,,,81.9,100080.7,0.6238,26.14,3.0,76.7,52.93,40.0,26.69,0.6343,3,0,,,,1
,,,156.18,99732.8,0.7059,22.09,3.82,82.13,115.03,68.64,20.72,0.6993,7,1,,,,1
109.1929732,26.24925128,68.0,0.167595888,99811.02004,0.09104373,20.37856538,1.627606271,64.41769795,0.115794534,0.073839745,20.76498201,0.090801069,3,0,785.6322658,2.625773703,0.0,1
,,,4.69,102015.2,0.1325,22.37,0.11,27.55,2.57,1.84,24.24,0.1445,4,0,,,,0
109.1929732,26.24925128,68.0,0.010723784,99411.69972,0.084741167,31.51358649,2.272695261,34.21381619,0.007178993,0.007523748,31.50132709,0.084782917,4,0,-69.50000875,-0.075103999,0.0,1
,,,263.11,98941.1,0.8348,20.0,6.74,95.32,211.14,165.47,18.37,0.8571,7,1,,,,1
,,,13.95,101193.5,0.2359,23.69,0.23,38.39,12.02,6.83,24.14,0.2545,10,0,,,,0
,,,16.73,100839.2,0.2077,37.26,0.42,48.27,8.45,6.43,37.17,0.219,9,1,,,,0
,,,24.61,101554.9,0.2769,35.98,2.6,58.2,18.93,12.66,37.23,0.2914,6,1,,,,0
,,,15.35,101511.0,0.2064,30.61,0.95,53.29,13.12,8.56,28.99,0.2071,10,0,,,,0
,,,120.0,99878.6,0.6653,29.77,4.64,76.82,82.14,50.33,31.71,0.6503,8,1,,,,1
,,,265.2,99110.5,0.8641,26.65,5.75,91.85,211.98,145.18,28.53,0.8378,1,0,,,,1
,,,4.23,101715.6,0.1477,20.25,0.0,27.27,3.41,1.75,18.75,0.163,12,0,,,,0
109.1929732,26.24925128,68.0,0.086466519,98613.60224,0.298893679,29.77048514,4.633784207,74.17922855,0.084405847,0.233700543,29.47596244,0.321610877,7,1,-143.2962922,-0.492789549,7.0,0
,,,261.0,99097.2,0.8712,31.97,8.21,91.57,167.13,113.36,33.1,0.8802,4,0,,,,1
,,,28.54,101129.8,0.3033,18.54,1.56,64.53,20.0,14.4,16.89,0.2856,5,0,,,,0
,,,11.01,101188.0,0.1915,29.66,1.2,34.67,9.56,8.2,30.77,0.1966,10,0,,,,0
,,,22.0,100552.4,0.2915,24.36,3.42,55.9,16.75,11.9,23.53,0.2719,11,0,,,,0
,,,6.98,102668.3,0.1942,28.34,0.54,34.85,6.15,4.35,28.8,0.2137,8,1,,,,0
,,,238.03,99217.6,0.8457,34.61,4.97,89.03,156.68,89.11,34.32,0.8269,5,0,,,,1
,,,21.37,101336.2,0.2911,18.58,3.49,63.12,15.89,9.75,19.92,0.3025,10,0,,,,0
,,,198.56,99694.2,0.7447,33.7,5.73,87.82,123.11,73.13,32.62,0.7455,2,0,,,,1
,,,2.28,102076.7,0.0975,22.11,0.73,20.0,1.4,1.15,20.92,0.0907,3,0,,,,0
109.1929732,26.24925128,68.0,0.675104451,98770.49358,0.416937835,27.50825284,3.229620038,88.89352942,1.091652647,0.500769527,27.67739426,0.40425906,7,1,-227.2777499,-0.725606449,3.0,0
,,,18.22,101113.3,0.2615,31.36,2.86,44.49,11.98,9.83,30.99,0.2486,10,0,,,,0
,,,331.45,98512.3,0.8952,26.3,8.75,96.85,221.48,174.02,27.18,0.8833,8,1,,,,1
,,,243.96,98886.8,0.7972,33.22,7.28,89.57,152.44,97.5,34.84,0.7742,7,1,,,,1
109.1929732,26.24925128,68.0,0.000160937,100584.4815,0.086665903,15.77333689,0.689869311,52.75590826,5.36e-05,0.000114315,14.93415579,0.086951571,1,0,-82.64018915,-0.98600024,11.0,0
,,,241.01,98991.3,0.8018,33.18,4.66,91.7,140.86,97.24,33.23,0.7733,7,1,,,,1
,,,20.86,101345.5,0.2462,19.56,2.94,54.16,17.41,13.98,20.81,0.2297,6,1,,,,0
109.1929732,26.24925128,68.0,0.004691234,98557.88584,0.105969311,33.66672921,5.310808257,52.38203745,0.003664668,0.032773135,33.62595684,0.121433421,6,1,-136.8276206,-0.498706726,7.0,0
,,,24.82,100500.0,0.2852,21.47,1.81,63.59,20.0,13.75,22.0,0.2786,8,1,,,,0
,,,109.64,100174.6,0.6016,28.93,3.57,77.01,90.56,55.85,28.38,0.5769,6,1,,,,1
,,,334.76,98000.0,0.95,23.1,8.83,95.17,205.62,172.99,25.02,0.9295,9,1,,,,1
,,,283.77,98612.2,0.8829,21.18,9.75,92.91,197.25,161.48,19.55,0.8852,6,1,,,,1
,,,271.68,98452.7,0.809,20.44,9.72,91.23,196.87,110.63,19.43,0.8146,8,1,,,,1
,,,17.92,101655.8,0.2533,25.99,1.52,49.68,9.53,8.29,24.12,0.2486,10,0,,,,0
,,,28.88,100500.0,0.35,32.38,3.36,70.0,20.0,11.43,31.05,0.3476,6,1,,,,0
,,,14.78,101464.2,0.1752,28.2,0.92,42.7,9.72,6.57,28.63,0.1718,8,1,,,,0
,,,20.26,100762.1,0.2427,21.99,2.92,54.06,15.91,11.68,20.02,0.2375,5,0,,,,0
,,,22.93,100698.6,0.285,27.09,3.37,59.3,13.98,7.9,25.48,0.2731,1,0,,,,0
,,,17.39,101302.1,0.239,28.27,1.88,50.36,14.19,7.88,28.39,0.2339,9,1,,,,0
109.1929732,26.24925128,68.0,2.14e-05,98242.87592,0.084837945,34.05453025,4.832098491,53.16584028,0.000658055,0.005876922,34.12539761,0.084870444,7,1,822.5099596,0.995619199,0.0,1
109.1929732,26.24925128,68.0,0.000243777,99367.83715,0.090187952,32.26625724,1.523911041,30.27136994,0.011181495,0.011581912,31.82184039,0.094009655,5,0,409.6195981,0.998761792,0.0,1
,,,8.42,101308.1,0.1409,31.85,0.25,30.94,4.98,2.97,32.83,0.1602,1,0,,,,0
,,,26.84,100527.6,0.2992,32.42,3.71,60.83,20.0,15.0,33.84,0.308,9,1,,,,0
,,,151.76,99934.9,0.6745,28.05,4.52,82.35,109.64,78.67,29.4,0.7032,6,1,,,,1
,,,7.38,102134.6,0.12,20.19,0.66,33.24,6.46,3.64,18.57,0.1047,11,0,,,,0
,,,17.76,101161.4,0.2435,19.05,3.8,51.8,10.12,5.94,20.56,0.2307,2,0,,,,0
,,,90.77,100500.0,0.6439,27.38,3.9,75.0,69.66,55.74,27.79,0.6581,8,1,,,,1
109.1929732,26.24925128,68.0,0.808487452,99151.51068,0.403356429,27.81938562,1.727208739,85.03880174,0.66337187,0.754041539,27.42937137,0.406989564,7,1,-177.9003322,-0.225121362,1.0,0
,,,26.44,100837.9,0.3203,19.3,3.55,56.0,20.0,15.0,20.07,0.3322,9,1,,,,0
,,,186.89,99180.3,0.7582,33.31,3.2,82.37,157.9,111.46,33.48,0.7616,1,0,,,,1
,,,105.64,100236.7,0.616,22.75,3.45,76.72,74.93,46.59,20.98,0.5989,9,1,,,,1
,,,162.41,99825.3,0.7483,32.62,4.44,78.67,127.05,75.16,32.87,0.7507,7,1,,,,1
,,,2.97,102060.6,0.0811,31.97,0.0,29.39,2.58,1.58,31.38,0.0618,9,1,,,,0
109.1929732,26.24925128,68.0,0.000455818,100573.1272,0.095978718,12.77451548,2.824545771,39.49579646,0.000189807,0.004146662,13.1053904,0.097686107,1,0,-184.6710831,-0.281383689,2.0,0
,,,4.64,102089.8,0.0975,23.14,0.0,27.99,2.84,1.79,23.06,0.1036,8,1,,,,0
,,,100.4,100388.9,0.6426,28.17,6.44,75.0,83.98,57.02,28.99,0.6549,12,0,,,,1
,,,319.26,98698.8,0.8849,24.09,11.97,100.0,207.27,118.52,24.92,0.8701,6,1,,,,1
109.1929732,26.24925128,68.0,0.495588062,100190.6497,0.316230618,15.42683273,1.405642878,85.01278245,0.349893765,0.368373231,15.31059146,0.319890798,1,0,79.29858452,2.454066116,4.0,0
,,,319.35,98280.0,0.8815,25.58,6.93,96.76,244.75,180.0,26.73,0.8551,6,1,,,,1
,,,81.32,100500.0,0.6,34.96,3.0,75.0,50.0,40.0,36.7,0.6142,7,1,,,,1
,,,227.54,98687.9,0.8185,22.61,5.8,95.21,185.65,146.67,23.76,0.8013,5,0,,,,1
,,,87.48,100500.0,0.6154,28.49,3.0,75.0,52.39,40.87,28.1,0.6288,9,1,,,,1
,,,273.49,98610.9,0.8444,31.92,5.4,86.38,226.76,180.0,31.5,0.8613,3,0,,,,1
,,,23.72,100921.9,0.2953,20.98,3.3,60.05,18.54,11.68,21.12,0.3047,1,0,,,,0
109.1929732,26.24925128,68.0,0.0,99521.87968,0.084658367,28.10416903,1.398402427,37.33151938,0.000251617,0.000268294,28.42181972,0.08474346,3,0,-90.24814161,-0.495979776,7.0,0
,,,227.13,99119.8,0.7891,27.07,5.63,90.35,186.06,156.69,26.28,0.8136,9,1,,,,1
109.1929732,26.24925128,68.0,8.54e-05,99220.1393,0.083754653,35.80341504,2.654077061,23.9577563,0.000706735,0.01128734,34.3283084,0.08389451,5,0,-200.2730713,-0.674033081,4.0,0
,,,16.2,101560.9,0.2242,35.19,1.22,50.25,9.66,6.36,36.79,0.2121,6,1,,,,0
,,,203.74,99571.9,0.7731,34.8,4.59,79.2,147.51,109.99,33.82,0.7759,12,0,,,,1
,,,241.38,99151.8,0.7746,20.64,5.22,92.52,161.19,116.03,21.17,0.801,7,1,,,,1
,,,14.14,101250.3,0.176,30.92,0.65,46.73,10.25,7.98,29.34,0.1731,3,0,,,,0
,,,24.84,100599.6,0.3114,25.97,1.66,62.18,17.07,12.4,24.11,0.3192,8,1,,,,0
,,,0.41,102566.1,0.08,35.08,0.06,20.0,0.28,0.23,33.95,0.0605,7,1,,,,0
109.1929732,26.24925128,68.0,0.005972058,98870.15965,0.093959188,33.24127956,2.377004086,55.47611539,0.013167141,0.00836919,33.36586255,0.091471287,9,1,72.3161035,0.100552913,0.0,1
,,,84.63,100058.8,0.6,21.14,3.0,76.53,57.42,45.25,19.84,0.5898,9,1,,,,1
,,,2.68,102077.1,0.1013,19.9,1.25,28.44,1.55,1.0,21.1,0.0895,3,0,,,,0
,,,209.38,99384.9,0.8203,28.26,4.31,89.73,148.62,112.46,26.43,0.8319,9,1,,,,1
109.1929732,26.24925128,68.0,0.0,98604.29262,0.080984816,39.16009573,3.542119696,25.71584767,0.0015716,0.001753946,38.56086796,0.081202283,5,0,-180.5768735,-0.152981337,0.0,1
,,,263.6,99025.2,0.8265,23.22,9.29,93.4,195.92,156.15,22.44,0.8104,8,1,,,,1
,,,326.29,98000.0,0.95,24.15,8.82,96.46,250.0,147.81,23.93,0.9495,7,1,,,,1
,,,7.86,101852.2,0.1797,32.13,1.3,41.14,4.37,3.76,33.31,0.1649,4,0,,,,0
,,,23.77,100500.0,0.3203,29.35,2.5,52.93,13.89,9.6,31.22,0.3182,11,0,,,,0
,,,346.11,98130.9,0.95,28.56,8.08,98.37,250.0,180.0,27.72,0.9238,9,1,,,,1
,,,11.24,101540.4,0.1727,36.16,0.75,37.49,6.59,5.29,36.24,0.1552,5,0,,,,0
,,,1.89,102557.2,0.0815,21.71,0.35,21.84,1.21,0.78,19.87,0.0803,2,0,,,,0
109.1929732,26.24925128,68.0,0.000176295,99473.94776,0.098642268,31.52144263,1.044565089,36.84313435,0.001409903,0.01821041,30.63286036,0.104660541,5,0,-142.0826615,-0.99643859,8.0,0
109.1929732,26.24925128,68.0,0.005964744,99334.76844,0.093604421,28.73532729,2.976987642,58.73171317,0.004936162,0.003712515,28.74658337,0.093864554,10,0,1221.612997,1.758246501,0.0,1
,,,4.81,102017.5,0.1733,32.39,1.01,28.15,3.41,2.62,31.33,0.1628,10,0,,,,0
,,,0.91,102136.4,0.0852,24.32,0.07,20.0,0.67,0.57,23.8,0.0695,5,0,,,,0
,,,315.83,98673.6,0.8863,26.26,7.3,95.72,211.83,122.08,25.44,0.8843,7,1,,,,1
109.1929732,26.24925128,68.0,0.0,99102.43612,0.084694858,29.62911915,1.810470146,30.34518478,0.0,0.000220031,29.74521124,0.084718966,3,0,185.6588893,1.690107074,4.0,0
,,,82.58,100024.1,0.6279,32.62,3.48,75.49,54.64,40.0,32.29,0.6221,8,1,,,,1
,,,227.08,99200.6,0.7852,28.07,3.63,91.73,181.92,107.53,28.2,0.7941,5,0,,,,1
,,,180.66,99603.2,0.6723,22.22,7.26,86.55,125.4,95.73,20.58,0.6598,7,1,,,,1
,,,23.0,101263.9,0.3134,27.19,1.97,60.96,16.85,9.46,25.97,0.3029,10,0,,,,0
,,,16.17,101594.9,0.2173,27.08,0.92,57.07,11.25,9.81,25.65,0.2126,10,0,,,,0
,,,1.43,102985.6,0.08,22.53,0.44,23.98,1.06,0.66,20.79,0.0631,11,0,,,,0
,,,224.0,98884.9,0.8229,33.92,4.86,92.98,137.92,102.81,33.01,0.8507,9,1,,,,1
,,,26.39,101120.2,0.2938,21.33,4.14,58.08,13.98,11.04,22.58,0.2854,2,0,,,,0
,,,22.1,101130.2,0.3152,18.47,2.56,60.11,19.65,14.77,19.69,0.3191,1,0,,,,0
,,,109.6,99779.8,0.6255,33.94,4.55,78.48,67.23,53.06,34.22,0.6292,8,1,,,,1
,,,242.18,98280.3,0.742,28.73,6.87,85.13,145.18,113.8,28.95,0.7711,7,1,,,,1
109.1929732,26.24925128,68.0,7.97e-06,99359.02783,0.085891302,27.56215877,4.283544232,39.61909292,1.99e-05,0.001499681,27.44724679,0.086010897,4,0,-11.28764032,-0.013673417,0.0,1
,,,9.81,102207.8,0.2146,26.11,1.44,36.09,7.19,3.84,24.56,0.2185,9,1,,,,0
,,,141.08,100500.0,0.6895,20.0,3.0,77.49,114.09,95.32,20.68,0.67,9,1,,,,1
,,,227.95,99344.7,0.8035,27.26,4.66,82.85,189.82,124.3,25.32,0.7751,6,1,,,,1
,,,291.84,98485.5,0.8724,33.99,6.54,95.33,223.8,148.41,34.42,0.8441,8,1,,,,1
,,,158.61,99305.1,0.738,25.82,4.4,87.12,117.21,66.24,25.26,0.7478,9,1,,,,1
,,,4.06,101578.7,0.1274,33.24,1.0,29.44,2.57,2.14,32.75,0.1105,9,1,,,,0
,,,14.52,101327.5,0.2274,26.15,1.34,41.91,8.44,7.19,24.21,0.2123,10,0,,,,0
109.1929732,26.24925128,68.0,3.02e-05,99852.4587,0.087280777,26.11158967,1.194706815,46.97995406,3.94e-05,4.73e-05,26.45296385,0.087517861,10,0,-186.4309979,-0.966689145,8.0,0
,,,19.8,101769.2,0.2554,22.0,2.83,55.38,17.43,13.55,23.3,0.2445,12,0,,,,0
,,,18.35,100864.0,0.2457,27.41,1.59,52.22,11.99,7.96,26.48,0.2578,9,1,,,,0
,,,3.03,102698.2,0.1277,25.67,0.0,25.12,2.5,1.43,26.85,0.1095,7,1,,,,0
,,,330.97,98241.6,0.9253,32.0,11.77,97.44,197.04,108.84,31.56,0.9237,7,1,,,,1
,,,3.66,102375.4,0.1299,30.57,0.77,23.93,3.01,2.52,29.96,0.1392,8,1,,,,0
,,,14.49,101412.4,0.2065,33.0,2.16,37.59,7.91,4.62,32.73,0.206,1,0,,,,0
,,,310.13,98489.2,0.9188,23.69,5.84,95.69,177.8,114.0,25.4,0.9313,7,1,,,,1
,,,20.96,101899.0,0.2808,18.76,2.34,52.85,14.73,9.74,16.81,0.2848,9,1,,,,0
,,,26.11,100788.9,0.3092,23.34,3.44,66.92,20.0,15.0,25.26,0.3172,1,0,,,,0
,,,327.35,98572.0,0.9461,22.29,8.33,98.37,250.0,168.93,20.62,0.9312,9,1,,,,1
,,,22.03,101148.6,0.2741,25.79,0.88,56.59,15.85,11.12,27.32,0.262,7,1,,,,0
,,,1.6,101974.9,0.0838,30.71,0.45,22.44,1.37,1.21,32.27,0.0888,7,1,,,,0
,,,318.31,98553.9,0.9128,22.5,6.64,90.76,216.74,134.82,24.08,0.9426,11,0,,,,1
109.1929732,26.24925128,68.0,0.402723166,98289.26266,0.093014025,34.24379283,2.235663989,57.18122967,0.139301968,0.061462321,34.86423272,0.087172599,7,1,-236.1399781,-0.409136684,2.0,0
,,,13.28,101727.0,0.2207,19.24,0.28,35.89,7.69,6.44,21.2,0.2155,2,0,,,,0
,,,16.79,101748.3,0.2419,32.29,1.04,49.42,12.81,10.82,32.29,0.2321,6,1,,,,0
,,,82.65,100500.0,0.6262,23.18,3.49,75.0,63.42,49.76,22.69,0.5987,9,1,,,,1
,,,100.58,100367.7,0.6885,24.77,4.46,77.09,67.27,45.56,23.4,0.675,6,1,,,,1
,,,2.55,102739.0,0.12,31.88,0.21,24.25,1.31,0.78,31.96,0.1015,4,0,,,,0
109.1929732,26.24925128,68.0,5.34e-06,100548.1994,0.086016444,19.81561206,2.630704432,62.85386329,1.78e-06,2.2e-06,20.15124454,0.086169017,12,0,-161.6002909,-0.639433967,8.0,0
,,,2.91,102394.0,0.1022,25.04,0.6,20.0,2.57,1.48,26.52,0.104,2,0,,,,0
,,,329.66,98000.0,0.8966,32.46,9.77,93.76,214.71,122.37,33.87,0.8933,8,1,,,,1
,,,253.19,98418.8,0.8301,20.13,5.01,90.26,155.27,98.64,21.48,0.8478,6,1,,,,1
109.1929732,26.24925128,68.0,0.000726677,100103.5822,0.086533729,27.40098296,1.389962074,49.42173625,0.000635488,0.000291041,27.38144489,0.086435482,11,0,171.6814114,0.28086316,0.0,1
109.1929732,26.24925128,68.0,0.030981735,99929.10342,0.087561369,29.17257451,0.946881093,31.36006282,0.013913336,0.006309063,29.67654627,0.085749003,4,0,360.0755586,349.384811,9.0,0
109.1929732,26.24925128,68.0,0.000262702,98935.63816,0.080764328,33.85293928,3.923839158,47.03776131,0.00409689,0.001847003,33.29645878,0.080547704,6,1,-147.4598548,-0.497557675,6.0,0
,,,22.74,100925.5,0.307,35.99,0.55,59.42,17.67,13.17,35.73,0.3227,10,0,,,,0
,,,20.66,101133.0,0.2541,18.44,2.14,52.92,17.41,13.42,17.72,0.2533,10,0,,,,0
,,,307.94,98399.9,0.9003,23.85,11.93,96.02,233.26,175.58,22.27,0.9198,11,0,,,,1
,,,15.98,101779.1,0.2062,36.35,1.99,37.85,8.92,6.29,36.74,0.223,7,1,,,,0
109.1929732,26.24925128,68.0,0.000230734,100765.584,0.085382966,18.4138975,3.039419993,57.3948101,0.000274577,0.000163339,18.53689914,0.085384487,12,0,147.4165536,2.130329115,8.0,0
109.1929732,26.24925128,68.0,0.000104368,99227.39522,0.087705309,33.5018371,5.069713641,45.91019972,0.000474085,0.005009242,34.1839371,0.088840484,5,0,-173.7734141,-0.158901727,0.0,1
,,,245.93,99083.1,0.8561,20.72,7.86,94.96,151.4,120.04,19.16,0.8628,10,0,,,,1
,,,284.94,98653.4,0.8854,24.44,8.46,93.7,238.71,180.0,24.4,0.8899,7,1,,,,1
,,,290.67,98495.3,0.8783,23.05,5.89,88.16,191.81,160.83,21.05,0.8943,7,1,,,,1
109.1929732,26.24925128,68.0,0.0,98847.83667,0.08315496,35.40847034,1.707842679,33.11003298,2.05e-05,0.000130442,34.46581916,0.083279124,5,0,463.5983166,0.998166083,0.0,1
,,,212.79,99448.9,0.7597,25.11,5.4,93.63,139.48,87.18,24.56,0.7393,7,1,,,,1
,,,279.19,98063.2,0.8781,23.94,5.87,94.16,210.12,176.25,23.21,0.8926,6,1,,,,1
,,,235.39,98843.4,0.836,31.81,7.27,88.41,177.9,126.38,33.8,0.8423,11,0,,,,1
109.1929732,26.24925128,68.0,5.34e-06,100548.1994,0.086016444,19.81561206,2.630704432,62.85386329,3.56e-06,1.53e-06,19.85449946,0.086060437,12,0,118.2759255,1.297971351,9.0,0
,,,302.12,98408.5,0.8747,20.0,8.44,97.88,250.0,180.0,18.13,0.865,11,0,,,,1
,,,20.63,101195.4,0.2392,26.42,2.98,57.5,15.8,9.53,26.73,0.2357,11,0,,,,0
,,,10.15,101983.3,0.1885,30.42,0.14,33.88,7.99,6.86,32.16,0.1819,10,0,,,,0
,,,284.48,98926.8,0.9113,25.47,7.53,95.41,162.42,99.23,26.25,0.8915,9,1,,,,1
,,,197.06,99674.9,0.7774,26.92,4.57,86.14,134.91,113.61,26.37,0.7904,7,1,,,,1
,,,348.3,98000.0,0.95,30.16,9.49,100.0,250.0,180.0,31.52,0.9369,4,0,,,,1
,,,311.32,98958.2,0.8693,22.93,7.54,97.1,174.6,126.65,22.44,0.8893,1,0,,,,1
,,,282.89,99037.0,0.8474,21.98,7.31,90.96,170.29,126.86,23.02,0.8683,11,0,,,,1
,,,220.48,99249.2,0.7172,27.07,4.26,86.47,149.2,85.38,26.06,0.7133,9,1,,,,1
,,,169.92,99198.4,0.6844,22.47,6.41,85.37,108.81,91.83,22.45,0.6858,11,0,,,,1
,,,178.12,99941.2,0.6992,21.81,6.4,85.26,116.3,71.33,20.87,0.6722,6,1,,,,1
,,,115.27,99614.0,0.674,34.82,3.2,76.2,71.07,46.82,35.84,0.6892,6,1,,,,1
,,,185.88,99395.6,0.7206,32.45,4.2,87.24,149.43,120.73,32.69,0.7319,7,1,,,,1
,,,2.06,102996.3,0.08,30.17,0.0,21.31,1.83,1.4,28.34,0.0705,8,1,,,,0
,,,6.95,101892.6,0.1217,18.45,0.51,27.59,4.42,3.61,18.43,0.1154,8,1,,,,0
,,,12.99,101340.0,0.1872,26.36,0.88,50.91,9.75,6.24,28.32,0.1941,9,1,,,,0
109.1929732,26.24925128,68.0,0.00367554,99734.27346,0.084881893,27.24588385,1.131189283,31.13542614,0.004549688,0.005235547,26.91902559,0.084924364,3,0,-179.6217787,-0.656889549,4.0,0
,,,154.64,99825.2,0.6495,31.11,4.51,79.62,96.27,77.85,31.3,0.6786,7,1,,,,1
,,,231.42,98978.7,0.7868,30.86,4.65,81.5,174.56,115.65,30.76,0.8166,6,1,,,,1
,,,299.22,98329.6,0.9311,32.7,6.89,97.75,206.85,118.06,30.9,0.9163,10,0,,,,1
,,,255.78,98888.9,0.8262,27.95,10.14,90.88,206.25,171.37,26.24,0.8491,8,1,,,,1
,,,27.0,100500.0,0.3215,27.3,0.7,61.96,20.0,15.0,25.52,0.3202,11,0,,,,0
,,,23.78,100999.0,0.3217,27.56,2.23,58.75,16.13,8.93,28.48,0.3143,2,0,,,,0
,,,18.48,100846.6,0.2606,25.52,2.76,51.22,16.39,13.39,23.72,0.2739,4,0,,,,0
,,,8.57,101828.2,0.1719,18.08,0.54,30.27,5.06,3.92,16.95,0.1522,3,0,,,,0
,,,234.37,99148.9,0.7933,20.0,8.21,90.12,137.93,81.33,21.42,0.7991,9,1,,,,1
,,,102.79,100302.4,0.6,20.25,3.59,79.44,58.08,40.0,19.9,0.5752,6,1,,,,1
,,,196.74,99053.5,0.7796,25.71,6.33,82.85,139.28,108.88,26.03,0.778,6,1,,,,1
109.1929732,26.24925128,68.0,0.0,100118.8675,0.086786125,28.23370716,0.173523358,36.85178463,0.0,0.029726828,28.10626653,0.086967849,11,0,403.7329833,0.596757252,0.0,1
,,,13.35,102197.2,0.1837,31.36,1.98,41.44,11.26,7.58,33.34,0.1708,9,1,,,,0
,,,4.45,102057.8,0.1013,32.26,0.16,25.11,3.39,2.6,33.73,0.1195,7,1,,,,0
,,,139.4,100249.5,0.7177,27.5,3.0,87.88,87.97,71.23,29.48,0.7156,6,1,,,,1
,,,282.6,98729.3,0.8367,33.18,5.73,97.9,232.07,180.0,32.39,0.8647,8,1,,,,1
,,,0.51,102849.6,0.0813,33.31,0.62,24.37,0.3,0.16,31.43,0.083,6,1,,,,0
109.1929732,26.24925128,68.0,0.000125195,100449.4934,0.087172008,21.49127113,2.705354485,58.51745079,0.000643757,0.000596356,23.83415571,0.087104936,11,0,-140.1775717,-0.330526556,6.0,0
,,,143.81,99462.4,0.6633,23.43,3.05,80.71,105.59,88.71,21.83,0.6589,8,1,,,,1
,,,272.17,99170.2,0.8375,27.58,7.62,91.37,170.33,130.22,25.65,0.8536,2,0,,,,1
109.1929732,26.24925128,68.0,2.46e-05,99525.80376,0.08577037,30.89716251,0.850947041,41.97684205,4.36e-05,3.02e-05,30.74464791,0.085788096,10,0,385.9930252,0.621674055,0.0,1
,,,282.25,98912.4,0.8934,28.45,10.24,98.12,165.84,136.14,29.8,0.8816,8,1,,,,1
,,,207.56,99088.1,0.7975,32.62,4.07,89.1,117.55,97.25,30.88,0.8191,9,1,,,,1
,,,20.81,101622.9,0.2839,30.82,2.52,54.8,11.69,7.66,30.56,0.2704,10,0,,,,0
,,,160.94,99628.5,0.7068,28.98,3.89,79.83,100.61,60.43,28.76,0.7329,6,1,,,,1
109.1929732,26.24925128,68.0,0.001336986,99898.01449,0.084452581,27.69131425,3.038088313,48.77353775,0.001090129,0.003371639,28.69776688,0.084439362,3,0,78.46299368,0.110952157,0.0,1
109.1929732,26.24925128,68.0,2.46e-05,100019.7568,0.086041405,22.47193517,1.67396737,56.74069948,0.000403089,0.000413046,23.01105569,0.085971467,12,0,320.1981602,287.7264384,13.0,0
,,,333.66,98000.0,0.92,33.58,8.83,92.57,216.14,119.48,33.5,0.9219,6,1,,,,1
109.1929732,26.24925128,68.0,7.57e-06,100470.6542,0.086988915,13.36061778,1.441613911,48.12258296,9.22e-05,8.95e-05,12.73958356,0.086964826,1,0,-133.8295902,-0.984982725,8.0,0
,,,154.05,100500.0,0.7051,28.65,4.59,84.02,128.3,100.05,27.91,0.7219,2,0,,,,1
,,,21.49,100689.4,0.2852,31.35,1.84,51.25,13.29,11.89,32.53,0.2997,8,1,,,,0
,,,274.93,98460.6,0.8574,25.86,8.04,95.33,157.58,103.59,24.92,0.8742,8,1,,,,1
,,,28.2,100500.0,0.3001,20.53,1.89,65.76,15.9,9.9,21.47,0.3023,11,0,,,,0
,,,19.25,101524.9,0.2975,33.54,2.72,49.14,14.48,9.58,33.37,0.3131,6,1,,,,0
,,,311.35,98248.8,0.9419,25.85,3.4,99.39,182.96,107.98,24.66,0.9398,9,1,,,,1
109.1929732,26.24925128,68.0,0.646129563,98699.43281,0.370398022,28.11128808,5.82224447,82.64392032,0.378461301,0.201755971,30.33455238,0.280206822,8,1,333.3117524,30.2298799,8.0,0
,,,1.66,101537.8,0.0894,26.89,0.2,20.59,1.23,0.93,25.75,0.1052,7,1,,,,0
,,,11.98,101476.4,0.1901,27.15,0.73,47.87,8.91,4.98,27.45,0.1857,5,0,,,,0
,,,280.09,99318.3,0.8441,31.7,4.27,91.47,220.14,126.96,31.59,0.8377,7,1,,,,1
109.1929732,26.24925128,68.0,0.0,100311.0601,0.090271446,19.53893183,3.190248008,61.7492718,0.061049475,0.049850937,20.39178163,0.091632904,11,0,-128.7417878,-0.145917898,1.0,0
,,,232.34,98551.6,0.7835,28.21,9.03,92.24,190.29,130.53,28.7,0.8005,8,1,,,,1
109.1929732,26.24925128,68.0,0.0,100214.6598,0.085132603,26.98207654,1.04560213,29.93786789,0.0,0.000915787,26.26572027,0.085401071,3,0,-172.7236489,-0.179457155,0.0,1
109.1929732,26.24925128,68.0,0.007159555,98490.66958,0.09350341,32.13548642,1.979953137,64.45252654,0.052223363,0.022907185,35.75411458,0.087631414,6,1,472.6976214,407.3781441,8.0,0
,,,0.27,102593.8,0.08,35.24,0.24,21.81,0.21,0.11,33.55,0.0708,7,1,,,,0
,,,28.19,101061.0,0.35,37.64,2.27,62.06,18.67,15.0,38.33,0.3468,9,1,,,,0
,,,180.25,99664.0,0.7887,32.78,3.62,85.25,121.77,87.48,33.37,0.8052,8,1,,,,1
,,,15.49,101737.6,0.1984,32.81,0.5,40.75,10.05,7.21,34.21,0.1964,5,0,,,,0
,,,5.34,102112.2,0.1268,29.36,0.66,30.73,3.21,1.87,29.99,0.109,9,1,,,,0
,,,9.34,102037.4,0.1497,34.76,1.81,32.21,7.25,4.63,33.95,0.1368,3,0,,,,0
,,,127.6,99512.9,0.6679,27.13,4.98,81.45,107.63,73.42,25.39,0.6465,8,1,,,,1
,,,7.86,102283.1,0.1345,36.81,1.37,27.2,5.1,3.45,35.92,0.1324,4,0,,,,0
,,,23.97,100834.5,0.2951,19.39,1.99,54.77,19.09,13.19,18.64,0.2883,2,0,,,,0
,,,245.61,98928.0,0.7786,33.61,8.41,87.59,139.17,87.89,32.91,0.7987,9,1,,,,1
,,,201.79,99457.0,0.7783,21.5,5.11,88.3,155.0,112.6,20.11,0.7954,7,1,,,,1
,,,191.78,98954.9,0.7174,27.53,5.43,80.66,130.54,110.29,28.2,0.7021,11,0,,,,1
,,,1.46,101886.7,0.1249,26.31,0.0,26.1,1.18,0.99,26.12,0.1075,9,1,,,,0
,,,299.0,98022.2,0.8438,28.05,7.89,94.76,227.27,180.0,29.76,0.8699,12,0,,,,1
,,,29.47,100500.0,0.3336,27.89,0.99,68.87,17.61,10.33,29.01,0.3247,6,1,,,,0
,,,24.15,101547.8,0.3323,32.3,2.18,57.48,16.78,13.33,31.15,0.334,3,0,,,,0
,,,3.23,102820.5,0.1213,27.12,0.27,28.98,1.98,1.53,28.68,0.1235,2,0,,,,0
,,,228.02,99235.3,0.7902,31.74,5.64,88.47,158.1,124.28,30.58,0.7765,6,1,,,,1
,,,16.83,101557.3,0.2125,25.56,3.05,52.42,9.03,5.88,27.2,0.1982,5,0,,,,0
,,,15.17,101754.9,0.2421,29.2,1.24,43.63,11.58,6.51,30.84,0.2318,12,0,,,,0
109.1929732,26.24925128,68.0,3.58e-05,99251.97995,0.08240874,36.5444447,3.287052625,18.69167068,1.19e-05,0.000240907,35.83817552,0.082572322,5,0,-192.7145573,-0.289441722,2.0,0
,,,21.37,101014.3,0.2513,18.37,2.6,54.56,18.06,10.39,19.63,0.2659,4,0,,,,0
,,,29.41,100941.6,0.3305,30.91,2.61,65.79,20.0,15.0,29.4,0.3331,7,1,,,,0
,,,212.03,98642.3,0.7529,34.02,7.55,84.98,132.17,106.72,35.63,0.7299,6,1,,,,1
,,,1.14,102191.0,0.0911,20.96,0.97,20.0,0.97,0.68,19.64,0.1013,4,0,,,,0
,,,14.51,102078.3,0.2438,28.96,1.44,44.88,10.1,8.35,28.42,0.2601,2,0,,,,0
109.1929732,26.24925128,68.0,0.053567556,98260.6952,0.079456638,34.94097156,4.670540602,50.80568457,0.020584497,0.01230822,34.41461994,0.079376745,7,1,-227.4953503,-0.190257929,0.0,1
109.1929732,26.24925128,68.0,0.000690405,99690.59581,0.084524122,29.61115238,0.743861001,38.79144351,0.001140919,0.000712939,28.9430239,0.084594394,3,0,361.7191854,247.23903,9.0,0
,,,277.91,98050.1,0.9215,30.42,9.12,92.12,195.41,130.29,32.18,0.9085,7,1,,,,1
,,,339.04,98497.9,0.95,20.0,8.27,99.24,250.0,146.92,19.98,0.9254,7,1,,,,1
,,,16.04,101854.0,0.2159,36.27,2.65,51.73,12.22,6.25,35.26,0.2354,7,1,,,,0
,,,11.91,101457.8,0.2164,30.29,0.0,38.44,7.98,5.14,31.27,0.2107,2,0,,,,0
109.1929732,26.24925128,68.0,3.02e-05,98616.92074,0.087127978,33.78363462,4.808100282,51.58865485,1.01e-05,0.002441445,33.80263194,0.087941717,7,1,-142.7088202,-0.332481984,8.0,0
109.1929732,26.24925128,68.0,0.004450196,98463.88236,0.08763817,34.20850981,0.467942899,52.23455188,0.00255008,0.001102362,34.85995184,0.085235943,6,1,-213.5519879,-0.215865352,0.0,1
,,,168.16,99574.5,0.7188,32.9,6.65,81.86,108.82,65.35,30.93,0.7119,8,1,,,,1
,,,187.58,99330.6,0.7782,27.32,5.45,81.3,151.14,106.55,27.56,0.8038,6,1,,,,1
,,,10.1,101762.0,0.168,22.04,1.02,40.53,7.22,6.49,22.9,0.1537,10,0,,,,0
,,,159.19,99638.2,0.7131,20.0,3.0,84.39,119.52,89.12,19.46,0.7259,9,1,,,,1
,,,268.9,99052.6,0.8285,28.88,9.49,87.91,180.72,142.21,28.59,0.8278,8,1,,,,1
109.1929732,26.24925128,68.0,0.143878733,99573.58856,0.093625055,29.07080753,1.995548216,49.5352906,0.053264337,0.024426001,30.67777606,0.087281945,4,0,-197.9627118,-0.764505722,4.0,0
,,,282.41,98746.1,0.8397,25.84,7.25,91.52,211.71,143.96,25.1,0.8132,4,0,,,,1
,,,13.18,101193.6,0.1835,18.22,1.77,46.66,8.59,6.01,20.2,0.1645,5,0,,,,0
,,,2.4,101227.9,0.0803,26.86,0.05,22.87,1.43,0.98,27.52,0.0661,4,0,,,,0
109.1929732,26.24925128,68.0,0.012323179,99509.11118,0.203324852,29.76654628,0.663719462,65.52865527,0.023669165,0.018689066,29.55009182,0.207102449,9,1,1785.371707,1.540229017,0.0,1
,,,262.31,98457.6,0.8521,24.45,5.71,85.89,195.42,133.67,24.75,0.8244,8,1,,,,1
,,,304.38,98473.5,0.875,31.26,7.05,97.47,197.8,133.49,31.28,0.8554,8,1,,,,1
,,,293.06,98680.9,0.8651,25.38,9.17,96.44,176.18,97.09,25.78,0.8722,4,0,,,,1
,,,144.13,100204.5,0.69,29.37,4.05,77.5,113.08,79.42,29.24,0.7158,7,1,,,,1
,,,261.31,98334.4,0.8141,32.81,5.9,95.48,218.38,123.11,33.97,0.8139,9,1,,,,1
,,,280.97,98498.9,0.8293,20.24,10.66,91.05,222.71,126.02,18.93,0.8171,7,1,,,,1
,,,22.37,101511.9,0.3247,34.08,3.5,57.74,12.57,10.62,34.16,0.3419,3,0,,,,0
,,,287.26,98733.5,0.896,22.34,7.02,95.04,214.16,163.45,21.52,0.8682,2,0,,,,1
,,,109.62,100190.5,0.6454,20.16,3.76,75.0,90.84,62.32,19.19,0.6218,6,1,,,,1
,,,28.95,100500.0,0.35,33.93,3.51,70.0,20.0,11.52,32.73,0.3527,5,0,,,,0
,,,26.29,100589.1,0.3301,21.73,3.18,63.19,16.31,8.69,21.96,0.3279,4,0,,,,0
,,,7.68,101187.4,0.1484,20.64,1.35,32.34,6.54,4.17,20.03,0.1424,11,0,,,,0
,,,89.29,99976.4,0.6,26.2,3.0,76.6,56.17,40.64,24.59,0.6066,6,1,,,,1
109.1929732,26.24925128,68.0,0.006777723,100457.0116,0.087319608,15.5691955,1.337457486,58.73457005,0.005334429,0.002341373,15.73930151,0.087294063,12,0,529.9799314,0.792622943,0.0,1
,,,16.27,102176.7,0.2177,25.39,1.68,49.61,13.74,11.5,26.14,0.2082,12,0,,,,0
109.1929732,26.24925128,68.0,0.0,99394.53318,0.085714926,29.97094658,0.719421854,43.1917098,1.64e-05,3.02e-05,30.58842387,0.085751889,10,0,-178.0138199,-0.176796408,0.0,1
,,,105.69,100223.3,0.6642,28.1,3.56,77.65,79.3,59.53,27.61,0.6506,5,0,,,,1
109.1929732,26.24925128,68.0,1.34e-05,99995.17167,0.087723133,27.20039923,1.150374383,36.80016463,0.000124878,5.38e-05,27.01024825,0.087829032,10,0,-235.1238707,-0.181872686,0.0,1
,,,21.68,100500.0,0.2551,32.63,2.55,57.84,13.96,10.02,31.79,0.2725,12,0,,,,0
,,,204.05,99530.4,0.8091,22.45,5.0,84.42,146.12,122.27,20.6,0.7865,9,1,,,,1
,,,29.22,100500.0,0.35,27.72,1.66,66.9,18.09,9.97,27.04,0.367,8,1,,,,0
109.1929732,26.24925128,68.0,0.036378569,100647.2887,0.165145641,15.7419097,1.376305658,68.50646909,0.024506546,0.016683518,15.64922924,0.16808852,1,0,116.7050845,1.021491345,5.0,0
,,,292.59,98671.9,0.9131,33.59,11.58,92.56,183.02,148.11,31.67,0.9342,4,0,,,,1
,,,102.12,100056.7,0.6508,25.02,3.0,75.12,65.68,47.46,25.18,0.6331,6,1,,,,1
109.1929732,26.24925128,68.0,0.018168302,98614.51722,0.08495713,34.02559536,2.905762361,52.41876618,0.013700198,0.006019753,33.90992165,0.085072603,7,1,827.1217475,1.05037914,0.0,1
,,,115.51,100041.2,0.6592,23.34,3.0,79.35,87.76,70.82,23.14,0.6603,9,1,,,,1
,,,107.95,100409.6,0.6699,24.69,4.75,80.73,60.96,49.96,23.42,0.6745,7,1,,,,1
,,,200.19,99498.7,0.7281,20.51,4.24,85.6,124.08,102.68,19.79,0.7401,7,1,,,,1
,,,264.51,98885.9,0.8112,20.0,5.65,95.65,211.75,161.48,20.27,0.7883,4,0,,,,1
,,,21.43,100995.5,0.2376,33.13,3.04,55.28,17.15,14.95,33.18,0.2276,11,0,,,,0
,,,277.9,98440.3,0.8238,24.56,5.91,89.21,229.22,139.48,23.59,0.8323,7,1,,,,1
,,,103.43,99712.9,0.6281,21.14,3.54,75.9,65.12,50.82,20.34,0.657,4,0,,,,1
109.1929732,26.24925128,68.0,0.0,101026.649,0.087631091,14.6357516,2.287332619,51.01206029,0.0,8.74e-05,15.37046471,0.087671782,1,0,-124.3183836,-0.986088965,8.0,0
,,,242.81,99115.9,0.8254,25.21,8.61,92.56,184.91,150.9,25.15,0.7981,7,1,,,,1
,,,27.08,100500.0,0.3461,34.73,1.11,65.02,20.0,12.62,36.72,0.3263,1,0,,,,0
,,,22.76,101087.5,0.2934,29.69,2.13,44.75,14.17,8.66,29.19,0.292,11,0,,,,0
,,,194.9,99326.7,0.7792,23.24,3.99,86.97,152.87,91.96,22.17,0.7507,8,1,,,,1
109.1929732,26.24925128,68.0,0.873241859,98888.89902,0.40997642,27.25366068,2.090945997,88.08548678,0.648649538,0.627376549,27.17824471,0.401396603,8,1,286.7356225,0.968574562,9.0,0
,,,12.22,101833.2,0.2017,26.85,1.1,44.16,6.27,4.51,27.65,0.1929,3,0,,,,0
,,,324.12,98110.3,0.8563,27.08,10.86,99.78,224.57,180.0,26.27,0.8315,7,1,,,,1
,,,129.95,100044.4,0.6317,27.4,4.77,77.51,104.4,65.78,26.49,0.6386,10,0,,,,1
,,,23.82,100500.0,0.2767,25.8,2.31,57.8,16.19,13.21,27.36,0.2865,11,0,,,,0
,,,18.06,100818.9,0.2288,33.99,2.14,51.65,12.37,9.0,35.24,0.2414,1,0,,,,0
,,,16.14,101281.5,0.2219,28.12,1.44,48.97,11.84,8.29,28.93,0.2199,10,0,,,,0
,,,182.72,99757.6,0.6769,32.94,5.76,83.55,130.58,103.56,32.34,0.6471,7,1,,,,1
,,,26.95,100500.0,0.35,31.9,3.8,63.57,20.0,15.0,31.63,0.3645,3,0,,,,0
109.1929732,26.24925128,68.0,0.004810223,99576.21636,0.085092255,30.61320124,1.152988728,21.03852077,0.002005265,0.001494663,29.99450688,0.085427264,4,0,351.3304016,0.997685533,10.0,0
,,,28.39,100737.1,0.3492,33.6,4.53,66.79,14.43,12.81,32.17,0.361,8,1,,,,0
,,,254.83,98191.1,0.7624,22.22,3.28,88.71,192.48,132.41,22.74,0.7835,9,1,,,,1
,,,109.11,100389.8,0.6533,33.41,4.2,77.8,63.2,47.39,33.34,0.6361,8,1,,,,1
,,,25.56,100700.7,0.3027,32.24,2.38,59.7,17.5,12.2,32.25,0.3122,3,0,,,,0
,,,135.52,100105.6,0.635,21.45,4.71,81.24,79.33,66.6,19.6,0.6185,6,1,,,,1
,,,342.13,98507.5,0.909,20.0,9.84,100.0,243.55,140.81,18.4,0.8809,8,1,,,,1
,,,131.25,99999.6,0.6807,28.63,4.33,81.72,98.73,73.91,29.71,0.6952,7,1,,,,1
,,,317.63,98176.6,0.8808,20.06,5.49,100.0,191.32,112.97,20.5,0.8804,8,1,,,,1
,,,154.4,99230.1,0.6918,28.08,4.66,82.22,112.72,75.23,26.83,0.6766,10,0,,,,1
,,,194.62,99313.7,0.7692,34.23,3.72,85.01,152.77,123.99,36.1,0.7533,5,0,,,,1
,,,28.56,100701.9,0.3041,19.02,2.28,59.65,20.0,12.94,18.49,0.305,3,0,,,,0
,,,7.76,101725.8,0.1484,34.63,1.57,32.67,4.15,2.18,33.47,0.1313,11,0,,,,0
,,,321.74,98044.9,0.9318,26.8,6.51,96.83,250.0,180.0,28.21,0.9459,7,1,,,,1
,,,321.75,98000.0,0.9444,21.99,5.34,99.29,248.66,180.0,20.78,0.9239,4,0,,,,1
,,,349.55,98000.0,0.9149,20.03,11.61,93.41,250.0,148.79,21.7,0.9093,6,1,,,,1
109.1929732,26.24925128,68.0,0.00193146,98285.61791,0.084935442,34.26713232,6.128810346,51.44976969,0.003537881,0.009732925,34.61312648,0.085142332,7,1,412.6754245,530.2828084,8.0,0
,,,22.52,100908.2,0.2587,31.48,2.08,56.92,12.48,6.94,30.16,0.2524,3,0,,,,0
,,,189.13,99678.9,0.7198,26.55,4.12,84.49,123.94,91.03,25.58,0.6899,9,1,,,,1
,,,251.44,98731.1,0.816,27.01,6.34,91.11,160.45,93.31,28.15,0.844,6,1,,,,1
,,,255.6,98941.8,0.8285,27.36,8.49,90.09,195.78,150.02,25.43,0.8088,6,1,,,,1
,,,1.62,102562.0,0.0857,34.34,0.0,23.03,0.83,0.59,34.78,0.0743,4,0,,,,0
,,,2.67,101492.0,0.1064,19.07,0.38,24.59,1.37,0.88,19.2,0.1073,5,0,,,,0
,,,271.53,99053.9,0.8769,29.19,9.47,91.18,163.04,138.25,28.79,0.8944,2,0,,,,1
,,,169.42,99540.6,0.7377,23.84,4.4,86.26,138.64,83.07,23.04,0.7363,6,1,,,,1
,,,125.71,99515.6,0.6756,24.3,3.16,77.0,100.64,67.81,24.87,0.683,12,0,,,,1
,,,81.16,100288.2,0.6,24.45,3.0,75.0,54.34,42.63,25.37,0.6178,2,0,,,,1
,,,27.95,101029.4,0.3477,23.7,2.84,64.45,15.4,11.82,24.74,0.3526,5,0,,,,0
109.1929732,26.24925128,68.0,0.00015318,99881.80761,0.0854531,22.94592556,1.190322572,51.26526047,0.000294165,0.000140356,23.87946592,0.085418249,2,0,319.1837032,220.7476398,9.0,0
109.1929732,26.24925128,68.0,5.15e-05,100050.6544,0.085506346,23.03806883,2.390377716,52.19385701,0.000292283,0.000133429,23.32035948,0.085454679,2,0,319.1837032,0.995490369,10.0,0
,,,319.88,98000.0,0.8492,29.6,3.81,100.0,216.03,134.52,28.92,0.8224,2,0,,,,1
,,,126.55,99921.6,0.6968,24.21,3.16,79.78,99.99,68.2,25.74,0.7069,10,0,,,,1
,,,17.82,101175.7,0.2336,25.58,0.65,43.69,14.95,8.31,25.6,0.2176,11,0,,,,0
,,,141.86,99665.1,0.6802,20.4,3.21,80.56,117.76,100.09,20.57,0.6506,8,1,,,,1
109.1929732,26.24925128,68.0,0.005972058,98870.15965,0.093959188,33.24127956,2.377004086,55.47611539,0.012902495,0.007884375,33.13002322,0.088885883,9,1,-198.1453684,-0.216002291,1.0,0
,,,218.45,98926.6,0.7974,26.61,6.07,84.65,162.16,96.45,27.62,0.8042,7,1,,,,1
,,,158.63,99522.3,0.7073,25.71,3.48,84.17,121.44,99.07,27.61,0.7008,8,1,,,,1
109.1929732,26.24925128,68.0,8.38e-05,98870.67232,0.087753087,34.92243188,1.673116122,46.94793415,0.00277112,0.030826335,34.40584486,0.088888948,6,1,-204.9484699,-0.672689748,4.0,0
,,,318.63,98084.7,0.9296,31.1,9.7,98.22,182.62,149.95,31.05,0.9118,3,0,,,,1
,,,18.14,101350.0,0.2388,24.32,1.62,50.93,13.85,7.37,24.06,0.2562,8,1,,,,0
109.1929732,26.24925128,68.0,4.01e-05,100227.8804,0.087486313,26.68492701,0.486251956,43.41313949,6.42e-05,4.3e-05,26.41590813,0.087724003,10,0,-186.4309979,-0.491531235,7.0,0
,,,24.04,101192.7,0.316,29.67,0.8,60.85,16.84,13.13,28.63,0.3265,1,0,,,,0
,,,22.75,101212.3,0.2588,29.39,2.88,55.49,12.12,10.87,31.22,0.2483,9,1,,,,0
109.1929732,26.24925128,68.0,0.0,100102.8827,0.087050022,26.34729326,1.742163608,42.15647697,6.55e-05,3.05e-05,26.33366344,0.087119918,10,0,-130.8975113,-0.128283648,0.0,1
,,,22.58,100500.0,0.2943,20.45,1.79,54.93,14.6,11.2,19.76,0.2956,7,1,,,,0
,,,275.05,99272.0,0.8519,31.69,8.8,92.29,224.96,146.25,32.02,0.8759,9,1,,,,1
,,,8.6,101266.8,0.1685,23.77,1.43,34.31,7.21,3.91,22.49,0.1857,7,1,,,,0
,,,6.79,101573.8,0.1186,19.96,0.41,26.89,4.63,3.71,18.84,0.1065,7,1,,,,0
,,,278.85,98772.4,0.8677,20.0,6.77,93.01,204.73,145.19,19.28,0.8955,7,1,,,,1
,,,14.96,101427.3,0.217,26.28,1.77,39.94,13.07,6.89,26.85,0.2368,4,0,,,,0
109.1929732,26.24925128,68.0,0.025676265,100681.7171,0.097117146,19.00457005,1.611920887,42.82730432,0.00909035,0.006670836,18.74487228,0.100765342,2,0,-200.8496809,-0.388473353,3.0,0
,,,228.98,99047.3,0.7564,25.64,3.0,89.9,167.87,137.98,23.74,0.7321,6,1,,,,1
,,,6.77,103000.0,0.1465,34.5,0.84,32.71,4.69,4.14,36.27,0.1489,4,0,,,,0
,,,9.63,101570.1,0.1524,31.69,0.56,45.85,4.92,3.67,31.07,0.1654,5,0,,,,0
109.1929732,26.24925128,68.0,0.000361224,99853.8817,0.087935918,26.90867635,0.727051971,37.45994562,0.000121153,6.28e-05,27.02197254,0.088022329,10,0,-235.1238707,-0.133362642,0.0,1
,,,188.95,99386.8,0.7356,30.22,7.49,82.59,143.26,104.15,29.05,0.7092,5,0,,,,1
,,,8.92,101432.3,0.1202,22.21,1.83,35.55,4.57,2.81,22.93,0.1256,8,1,,,,0
109.1929732,26.24925128,68.0,0.003453011,99147.60979,0.091126809,32.1248701,2.168469521,58.4789177,0.001955222,0.00194723,32.39212765,0.092046175,9,1,-148.5172013,-0.530978854,7.0,0
,,,26.77,100864.8,0.3431,20.09,4.53,70.0,20.0,12.38,20.32,0.3608,7,1,,,,0
,,,22.05,100922.1,0.2833,25.01,1.42,50.56,11.3,7.31,26.12,0.2965,8,1,,,,0
,,,15.92,101692.7,0.2168,33.65,1.35,40.72,9.16,6.98,34.05,0.2018,5,0,,,,0
,,,13.78,101249.9,0.207,25.84,0.81,47.71,10.11,6.77,27.61,0.1923,2,0,,,,0
,,,127.8,100054.0,0.6592,22.15,3.67,80.62,81.39,55.14,24.1,0.6711,9,1,,,,1
,,,8.77,102443.0,0.1444,24.26,0.59,35.49,4.63,2.38,22.55,0.1345,9,1,,,,0
109.1929732,26.24925128,68.0,0.001366851,98786.55813,0.085095485,31.92209849,3.883274783,54.31453454,0.00056001,0.000967216,32.52966799,0.085033614,9,1,-116.3491427,-0.327299927,6.0,0
,,,12.66,101678.7,0.1731,24.28,1.48,45.11,8.45,6.91,24.4,0.1787,9,1,,,,0
,,,18.58,101232.4,0.2799,28.15,2.01,49.16,12.65,9.22,27.89,0.2841,1,0,,,,0
,,,260.01,98511.2,0.8362,21.98,3.0,91.38,155.68,111.33,20.54,0.8392,11,0,,,,1
,,,318.45,98362.9,0.9089,20.66,6.84,89.66,239.6,176.15,20.09,0.8977,9,1,,,,1
,,,11.92,102162.3,0.1696,22.69,1.77,36.7,9.16,7.58,23.88,0.1802,5,0,,,,0
,,,335.33,98171.6,0.95,20.0,7.96,96.92,189.02,127.3,21.75,0.9221,7,1,,,,1
,,,192.4,99419.5,0.7159,20.0,5.6,84.87,145.98,84.65,21.47,0.725,6,1,,,,1
109.1929732,26.24925128,68.0,4.47e-06,99884.99206,0.087752387,26.92282102,1.206890567,52.66244482,1.49e-06,5.61e-05,26.99735129,0.087650419,10,0,-180.7927687,-0.355301758,3.0,0
,,,292.49,98284.4,0.8948,20.0,6.42,94.35,199.1,114.76,18.8,0.8893,4,0,,,,1
,,,22.15,101465.8,0.2851,24.92,2.52,56.06,12.7,10.35,25.32,0.297,9,1,,,,0
,,,97.11,100500.0,0.6543,32.81,3.19,78.67,73.84,60.22,34.66,0.6661,10,0,,,,1
109.1929732,26.24925128,68.0,0.015834608,99085.67708,0.086501343,35.1168583,1.414498547,27.97478036,0.005537538,0.002442179,34.55103448,0.084993729,4,0,393.8139205,0.996708095,0.0,1
,,,345.77,98000.0,0.8985,22.98,10.18,97.2,205.02,163.18,23.17,0.9041,9,1,,,,1
,,,15.95,101225.3,0.218,19.93,2.78,46.17,12.29,7.86,20.54,0.222,10,0,,,,0
,,,15.65,101573.1,0.2379,24.79,0.9,57.06,12.24,10.91,26.09,0.2553,8,1,,,,0
109.1929732,26.24925128,68.0,0.000125336,100262.7291,0.087120753,22.13151018,1.504699322,50.88444381,0.000241985,0.000515681,22.15370957,0.087131912,11,0,44.05428261,0.056116017,0.0,1
,,,208.38,99072.6,0.7603,28.14,5.46,83.2,147.05,113.8,27.26,0.7751,9,1,,,,1
,,,24.96,100688.9,0.3362,34.95,3.64,65.4,17.38,15.0,36.3,0.34,1,0,,,,0
,,,19.08,100704.9,0.2479,26.85,1.16,48.9,10.73,6.79,27.15,0.2374,1,0,,,,0
,,,26.94,100804.1,0.35,23.73,1.66,62.94,20.0,12.9,24.44,0.3406,2,0,,,,0
,,,24.36,101005.7,0.2781,32.48,2.89,61.74,16.34,12.14,34.3,0.2643,7,1,,,,0
109.1929732,26.24925128,68.0,0.0,99534.7968,0.084415832,30.5067458,0.880500864,23.21842045,0.006376842,0.003474011,29.75965803,0.08451379,4,0,-197.9627118,-0.136835694,0.0,1
,,,24.25,100909.4,0.2679,34.96,0.78,58.66,19.08,12.93,35.16,0.2559,9,1,,,,0
109.1929732,26.24925128,68.0,0.002706304,100516.701,0.08559119,21.52155013,2.655456646,46.32982323,0.001804203,0.001677286,21.73263828,0.08560429,11,0,183.5524907,0.341104549,3.0,0
,,,216.45,99237.6,0.7635,32.39,5.79,82.69,124.16,81.87,33.43,0.7766,9,1,,,,1
109.1929732,26.24925128,68.0,0.0,100434.7455,0.093705554,22.82625129,0.775611687,48.53994566,3.69e-05,0.017386952,21.83787426,0.095608442,3,0,-222.8525245,-0.223350128,0.0,1
,,,310.57,98596.6,0.877,20.29,7.99,93.33,206.29,122.17,20.69,0.8726,8,1,,,,1
,,,277.31,98464.1,0.8786,26.04,5.64,98.3,198.79,141.07,25.02,0.8599,9,1,,,,1
,,,15.36,101566.9,0.2401,30.19,1.52,46.16,10.78,8.42,30.48,0.236,8,1,,,,0
,,,307.51,98636.3,0.9289,20.63,5.98,98.26,198.8,153.13,21.0,0.9587,9,1,,,,1
,,,29.15,100500.0,0.35,29.38,2.43,67.95,15.28,10.94,28.34,0.3522,6,1,,,,0
109.1929732,26.24925128,68.0,0.000184407,99154.64241,0.088346242,31.94148834,2.737754624,44.38697706,0.00173045,0.051610178,32.13846033,0.090896142,9,1,-117.80343,-0.48883344,7.0,0
,,,125.01,100098.6,0.6709,20.44,4.94,77.99,93.59,54.48,21.47,0.6945,8,1,,,,1
,,,25.85,101062.4,0.3165,22.75,4.02,62.77,17.33,11.41,21.79,0.3104,4,0,,,,0
,,,294.16,98476.3,0.8876,21.77,7.77,89.46,162.2,108.78,21.64,0.8806,8,1,,,,1
,,,188.91,99461.5,0.8103,24.09,3.7,85.8,160.54,100.6,23.8,0.7813,8,1,,,,1
,,,84.65,100500.0,0.6248,30.77,3.0,75.0,56.22,44.48,30.16,0.6216,7,1,,,,1
,,,132.23,99807.7,0.7088,26.18,4.31,83.79,98.9,71.02,28.11,0.6861,7,1,,,,1
,,,83.76,100117.0,0.6231,30.85,3.0,80.36,65.84,55.69,29.14,0.6028,10,0,,,,1
109.1929732,26.24925128,68.0,0.0,100487.0943,0.087545486,19.10598296,1.564898641,61.4808434,2.46e-05,1.43e-05,18.99317328,0.087483113,12,0,-163.7271927,-0.2849356,4.0,0
109.1929732,26.24925128,68.0,0.00087014,100479.9933,0.087804859,24.44730238,1.449102062,60.99216857,0.000694637,0.015695392,24.26977085,0.087905645,11,0,-17.59237276,-0.020686927,0.0,1
,,,95.84,100065.5,0.6031,23.53,3.0,75.0,63.18,40.0,23.76,0.587,6,1,,,,1
,,,4.2,102054.9,0.106,26.29,0.0,25.57,2.72,1.76,26.98,0.1199,8,1,,,,0
,,,27.41,100865.0,0.3282,30.11,1.55,65.52,20.0,15.0,30.15,0.3287,6,1,,,,0
,,,23.95,100605.9,0.2811,36.56,1.72,64.29,19.14,10.25,36.6,0.2814,7,1,,,,0
,,,161.33,99893.2,0.7196,31.9,6.23,86.01,117.81,66.45,31.67,0.6959,6,1,,,,1
,,,197.84,99507.5,0.735,32.71,7.36,81.58,128.93,90.91,33.49,0.7177,6,1,,,,1
,,,239.13,99080.8,0.7835,28.53,5.8,94.17,153.2,111.01,28.28,0.7672,3,0,,,,1
,,,261.7,98923.6,0.7705,21.14,7.1,90.57,150.57,127.52,21.01,0.7656,9,1,,,,1
,,,317.91,98643.5,0.9051,21.38,7.51,99.05,226.17,180.0,22.91,0.9286,12,0,,,,1
,,,28.72,100583.8,0.3394,24.54,4.09,67.07,20.0,12.63,24.35,0.347,2,0,,,,0
,,,22.43,101211.8,0.2748,26.88,3.27,59.57,11.65,7.42,27.18,0.2651,12,0,,,,0
,,,142.24,99344.9,0.6946,28.26,5.69,85.42,105.58,76.93,27.07,0.6949,11,0,,,,1
,,,1.32,101653.5,0.0802,25.17,0.49,20.0,0.88,0.76,23.54,0.0973,3,0,,,,0
,,,13.22,102056.1,0.1938,36.54,2.4,38.42,9.06,6.69,38.49,0.1792,6,1,,,,0
,,,22.64,101133.0,0.3223,31.82,2.51,57.38,15.04,9.14,30.54,0.3062,7,1,,,,0
,,,24.44,101401.7,0.2637,37.78,3.04,57.5,12.54,9.78,39.32,0.271,3,0,,,,0
,,,277.76,98163.3,0.8545,29.06,5.59,94.49,160.18,128.24,28.11,0.8458,6,1,,,,1
,,,185.81,99261.4,0.7426,30.0,4.94,81.93,121.92,69.81,31.52,0.7482,1,0,,,,1
,,,170.04,100281.2,0.7249,24.66,4.11,86.48,117.52,69.76,25.21,0.7276,8,1,,,,1
,,,19.5,100980.8,0.2892,20.06,0.0,48.67,12.78,8.8,20.47,0.3062,5,0,,,,0
109.1929732,26.24925128,68.0,0.000131695,100885.9745,0.087628906,14.43227919,2.797650368,52.14113729,4.39e-05,1.88e-05,14.32610044,0.087646907,1,0,-168.3848005,-0.140514515,0.0,1
109.1929732,26.24925128,68.0,0.0,98847.83667,0.08315496,35.40847034,1.707842679,33.11003298,2.05e-05,6.96e-05,35.02486588,0.083218844,5,0,615.0832306,0.662770641,0.0,1
,,,161.78,100031.9,0.7546,24.74,3.0,84.58,129.08,98.71,24.01,0.7724,9,1,,,,1
,,,13.23,101856.9,0.1879,20.14,0.87,44.29,10.59,7.16,21.27,0.1948,6,1,,,,0
,,,28.13,100504.3,0.3032,20.78,3.0,65.25,20.0,15.0,20.33,0.3053,12,0,,,,0
,,,1.51,102118.9,0.08,21.92,0.45,20.0,1.17,0.84,21.36,0.0669,2,0,,,,0
,,,26.62,101144.6,0.3473,32.05,2.37,70.0,17.43,8.85,33.67,0.34,10,0,,,,0
,,,188.72,99317.6,0.7173,24.17,7.1,84.61,110.19,85.9,26.1,0.7154,9,1,,,,1
109.1929732,26.24925128,68.0,0.00015982,100683.3759,0.085442507,17.61077553,3.732735336,52.39823935,0.000803301,0.000689581,17.64078213,0.085435472,12,0,199.4727974,0.371348547,3.0,0
,,,0.86,102168.9,0.0942,36.69,1.05,21.54,0.66,0.44,36.81,0.0942,10,0,,,,0
,,,14.21,101454.2,0.2159,33.72,0.43,43.38,8.19,4.92,35.68,0.2321,8,1,,,,0
,,,90.14,100500.0,0.6317,27.66,3.72,75.0,59.95,44.27,28.78,0.6507,8,1,,,,1
,,,7.74,101685.4,0.1494,22.43,1.46,35.16,5.8,2.99,20.65,0.1692,6,1,,,,0
,,,1.03,102053.9,0.1411,34.2,0.34,27.34,0.92,0.67,32.56,0.1547,8,1,,,,0
,,,289.71,98775.8,0.8822,33.35,6.96,93.93,230.05,180.0,32.32,0.8589,4,0,,,,1
,,,11.24,102107.1,0.2056,32.51,1.19,39.02,7.55,4.15,30.94,0.1963,12,0,,,,0
,,,222.17,98841.3,0.7707,33.68,5.93,86.17,179.54,122.5,32.01,0.7705,11,0,,,,1
,,,18.02,100719.1,0.211,31.83,2.42,51.98,13.85,9.91,32.87,0.1985,4,0,,,,0
,,,151.77,100251.8,0.7346,27.8,4.73,78.92,109.54,67.46,26.13,0.7281,7,1,,,,1
,,,6.31,102540.0,0.1259,19.79,0.0,27.34,4.23,2.6,19.51,0.1225,2,0,,,,0
109.1929732,26.24925128,68.0,0.002053745,99075.0862,0.085049126,33.34822991,1.709749354,45.00358461,0.000960697,0.000945372,32.46283006,0.085145894,9,1,-197.7858428,-0.217026794,1.0,0
,,,334.9,98003.7,0.9021,22.46,5.97,99.78,190.46,161.45,22.82,0.8832,8,1,,,,1
,,,15.79,102190.0,0.2248,30.66,1.7,48.37,9.63,8.56,29.9,0.235,10,0,,,,0
,,,81.37,100355.2,0.6047,26.78,4.26,77.54,52.26,43.84,28.25,0.6323,7,1,,,,1
,,,1.8,102607.2,0.1043,23.03,0.0,20.0,1.31,0.99,21.05,0.1038,8,1,,,,0
,,,7.28,102224.5,0.1659,27.24,1.42,31.76,5.14,3.42,25.76,0.1643,8,1,,,,0
,,,14.97,102605.2,0.233,25.69,2.03,45.46,11.45,9.84,25.15,0.2497,4,0,,,,0
,,,4.51,102637.6,0.1277,31.08,1.03,22.82,3.94,3.47,30.71,0.1474,9,1,,,,0
109.1929732,26.24925128,68.0,0.004041765,100103.0202,0.093270389,29.42559416,0.282697932,50.50025113,0.003576814,0.014866087,28.36134966,0.096224168,10,0,315.8057735,99.29089534,10.0,0
,,,113.23,100223.0,0.6152,21.11,3.49,76.24,95.54,77.41,23.04,0.6419,9,1,,,,1
,,,11.07,101012.1,0.2317,20.36,1.8,41.29,7.64,5.47,20.81,0.2381,11,0,,,,0
,,,302.94,98206.6,0.9005,26.33,9.16,89.42,190.1,107.85,26.16,0.8823,8,1,,,,1
,,,0.92,103000.0,0.08,35.33,0.2,20.0,0.68,0.57,33.82,0.065,4,0,,,,0
,,,124.32,100293.8,0.6,34.46,3.0,78.27,105.24,62.98,36.26,0.5738,7,1,,,,1
109.1929732,26.24925128,68.0,0.000173231,100299.3708,0.087225425,22.80414541,0.464006339,58.82933533,0.000400488,0.000496798,23.10033818,0.087156277,11,0,-140.1775717,-0.493711228,7.0,0
109.1929732,26.24925128,68.0,0.0,100398.8354,0.085558281,19.55673974,1.052246905,55.7051247,0.0,2.8e-06,19.25437244,0.085592765,12,0,-164.443903,-0.16545182,0.0,1
,,,8.87,101207.0,0.1609,37.72,1.44,30.32,7.64,6.86,36.4,0.153,1,0,,,,0
,,,27.12,100500.0,0.3198,32.6,1.08,68.93,20.0,15.0,33.49,0.3288,12,0,,,,0
109.1929732,26.24925128,68.0,0.894180859,98471.4604,0.386085757,27.41467635,1.521901401,86.93117962,0.988223448,0.550161883,27.92070549,0.358714838,8,1,404.3072009,0.6225889,0.0,1
,,,272.57,98071.7,0.8509,20.39,5.69,91.11,192.58,141.13,19.19,0.8274,8,1,,,,1
,,,234.71,99091.0,0.8229,32.53,6.34,87.29,185.61,140.37,32.37,0.8143,8,1,,,,1
,,,24.67,100955.6,0.3474,26.55,2.74,66.86,17.64,14.66,24.77,0.3653,6,1,,,,0
109.1929732,26.24925128,68.0,0.000134985,100639.5491,0.087775761,16.71212559,0.625040886,50.78715822,0.000158992,0.004001163,16.37091139,0.087946456,1,0,-178.2355388,-0.707966158,4.0,0
,,,8.14,102118.0,0.1452,28.6,0.42,36.87,6.62,3.72,30.56,0.1397,1,0,,,,0
109.1929732,26.24925128,68.0,0.293142302,98680.97563,0.095939478,33.89938967,0.94292403,56.35709951,0.115329448,0.050946191,34.06646848,0.088617218,7,1,-303.8569052,-0.225952517,0.0,1
,,,28.05,101173.6,0.339,20.93,1.89,59.65,18.88,10.83,21.04,0.3222,2,0,,,,0
,,,1.36,102418.4,0.091,31.8,0.2,21.88,0.83,0.59,32.39,0.0747,11,0,,,,0
,,,110.23,100341.8,0.6369,30.47,3.0,78.02,87.35,67.97,31.29,0.6224,1,0,,,,1
,,,173.47,99645.9,0.7414,34.52,5.69,84.77,104.92,65.19,33.13,0.7342,7,1,,,,1
,,,346.19,98000.0,0.9262,28.2,7.59,98.05,250.0,180.0,28.55,0.8992,8,1,,,,1
,,,312.35,98000.0,0.9471,26.59,6.63,100.0,242.84,180.0,28.46,0.9432,6,1,,,,1
,,,319.26,98210.6,0.9101,30.8,11.47,100.0,212.17,139.14,30.77,0.9357,1,0,,,,1
,,,15.25,100686.4,0.1872,20.33,0.47,48.57,10.34,7.8,21.48,0.1965,12,0,,,,0
,,,2.29,102139.6,0.08,26.49,0.0,20.0,1.99,1.36,25.81,0.0864,10,0,,,,0
,,,26.06,101160.9,0.2899,35.86,2.79,67.88,15.98,13.88,37.63,0.2863,8,1,,,,0
,,,278.9,98784.4,0.8764,32.71,6.6,93.37,190.87,142.73,33.36,0.8968,8,1,,,,1
,,,317.06,98135.7,0.9267,32.52,7.72,97.56,238.86,172.51,31.81,0.943,6,1,,,,1
,,,5.8,102894.6,0.1357,25.28,1.55,32.0,3.86,1.98,25.43,0.1217,12,0,,,,0
109.1929732,26.24925128,68.0,0.000484693,100140.8439,0.087084559,26.07426747,0.451188384,50.02725966,0.000584938,0.000512421,26.08428756,0.087213827,11,0,146.172092,1.726470549,5.0,0
109.1929732,26.24925128,68.0,0.0,100214.6598,0.085132603,26.98207654,1.04560213,29.93786789,0.0,0.000466121,26.75190723,0.085208641,3,0,22.5534014,0.028557472,0.0,1
,,,273.11,98869.2,0.8818,27.74,7.18,92.97,182.28,107.14,26.76,0.9054,6,1,,,,1
,,,20.81,101517.8,0.2579,28.54,1.74,57.33,10.83,9.39,28.12,0.257,9,1,,,,0
,,,289.07,98392.7,0.8924,27.92,5.18,96.08,169.53,104.04,28.44,0.9109,8,1,,,,1
,,,22.15,101265.7,0.2654,23.67,1.18,57.49,17.91,15.0,24.38,0.2789,8,1,,,,0
,,,13.42,101145.0,0.2105,27.62,1.69,38.71,11.2,9.92,28.68,0.2287,1,0,,,,0
,,,339.88,98000.0,0.95,30.32,12.0,100.0,204.6,169.29,29.05,0.9267,9,1,,,,1
,,,10.0,102379.2,0.1429,27.3,0.16,39.67,7.28,4.84,29.2,0.1536,7,1,,,,0
,,,99.25,100063.2,0.621,26.6,3.0,82.79,68.66,48.54,27.88,0.6097,8,1,,,,1
109.1929732,26.24925128,68.0,0.0,99404.20504,0.089168989,29.29871675,0.780003856,35.18067621,0.000342931,0.012466389,29.19841509,0.08980352,4,0,103.076936,0.121812024,0.0,1
,,,93.64,100060.9,0.6,27.24,3.76,77.6,68.32,49.32,26.11,0.6017,6,1,,,,1
,,,13.32,101796.8,0.1867,32.37,0.49,37.46,7.14,3.7,33.14,0.1915,10,0,,,,0
,,,3.55,101910.4,0.1529,19.8,0.0,20.0,3.14,2.17,17.83,0.1351,7,1,,,,0
109.1929732,26.24925128,68.0,0.173483359,98628.68134,0.376538094,28.95370836,1.413453801,81.05172615,0.422731863,0.608102388,28.89551758,0.389090392,7,1,255.9445359,0.998404221,9.0,0
109.1929732,26.24925128,68.0,0.002941912,98419.81913,0.093612005,34.55202286,2.897594222,55.61976419,0.044876789,0.023162914,34.74146313,0.090765622,6,1,472.6976214,0.997551289,0.0,1
,,,27.52,100500.0,0.3332,31.75,3.08,57.48,20.0,14.71,30.24,0.3283,1,0,,,,0
,,,4.34,102462.1,0.1154,31.03,0.99,26.68,3.05,2.66,31.03,0.1063,11,0,,,,0
,,,22.72,100724.1,0.2549,22.78,4.16,56.68,11.76,7.15,23.5,0.242,8,1,,,,0
,,,20.49,101377.2,0.2254,19.79,1.35,52.71,14.86,8.53,20.72,0.244,10,0,,,,0
,,,15.92,101380.6,0.2118,26.79,2.06,50.1,9.41,7.23,27.65,0.1997,11,0,,,,0
,,,348.98,98000.0,0.9343,27.94,12.0,100.0,215.74,156.16,29.89,0.9588,6,1,,,,1
,,,241.37,99008.1,0.8227,30.02,8.03,89.58,190.53,144.89,30.97,0.8361,8,1,,,,1
,,,84.15,100500.0,0.6,29.59,3.0,78.46,54.49,45.27,29.39,0.5883,8,1,,,,1
,,,0.12,102727.0,0.0954,37.17,0.0,20.0,0.1,0.07,35.8,0.0873,4,0,,,,0
,,,336.36,98000.0,0.9087,20.0,10.6,96.49,198.97,136.95,18.43,0.8846,8,1,,,,1
,,,242.57,99203.9,0.8278,29.27,8.61,88.26,199.75,139.5,30.47,0.8385,8,1,,,,1
,,,20.93,100771.3,0.235,35.35,1.57,48.68,13.84,9.91,36.3,0.2218,1,0,,,,0
,,,201.13,99662.2,0.7015,33.75,6.08,87.07,111.08,87.44,34.27,0.7203,9,1,,,,1
,,,307.48,98563.2,0.8778,26.97,10.1,95.37,223.59,157.92,25.39,0.8585,12,0,,,,1
,,,8.67,102220.6,0.1312,21.0,1.1,32.14,4.73,2.76,20.0,0.1348,7,1,,,,0
,,,2.28,102682.9,0.1028,29.04,0.0,26.25,2.0,1.41,30.83,0.0874,11,0,,,,0
109.1929732,26.24925128,68.0,0.000135237,99132.21998,0.087340128,29.37683299,2.455443051,19.8334709,0.001482281,0.012860963,29.44818032,0.088318488,4,0,-144.1543798,-0.332706308,6.0,0
,,,3.64,102078.7,0.0987,20.56,1.02,20.0,1.87,1.24,21.17,0.0863,9,1,,,,0
,,,11.21,101597.0,0.1818,27.23,0.67,39.5,9.35,6.71,29.0,0.1698,8,1,,,,0
109.1929732,26.24925128,68.0,0.0,99878.29204,0.09765549,23.97066451,0.764744743,37.41284499,0.00916701,0.022729623,23.57836709,0.103268192,3,0,-185.6544608,-0.39179739,3.0,0
,,,346.46,98240.1,0.9333,20.0,7.68,96.24,250.0,171.4,21.99,0.9226,12,0,,,,1
,,,3.98,102358.2,0.1251,22.57,0.04,27.49,2.9,2.42,23.28,0.1081,11,0,,,,0
109.1929732,26.24925128,68.0,0.186326257,98366.15156,0.288146749,30.77886716,1.5485724,73.00066274,0.065787926,0.09027839,30.79737812,0.302699738,7,1,-227.2777499,-0.228406582,0.0,1
,,,27.13,100500.0,0.3012,35.51,3.07,64.73,14.73,12.91,34.12,0.2928,8,1,,,,0
,,,169.06,99793.8,0.7619,22.91,7.13,83.69,95.57,57.92,22.76,0.7764,8,1,,,,1
109.1929732,26.24925128,68.0,0.000475283,100267.3585,0.087154232,22.19810836,1.341227374,54.24692181,0.000745149,0.000513719,22.41750812,0.087210761,11,0,-154.6886753,-0.141341185,0.0,1
,,,3.25,102032.4,0.1238,24.44,0.0,28.67,2.09,1.13,24.15,0.1161,1,0,,,,0
109.1929732,26.24925128,68.0,0.075406642,99091.04977,0.345101581,29.04410958,4.504697594,74.00755786,0.191399602,0.560715724,28.58016036,0.372568053,7,1,-177.9003322,-0.693457975,4.0,0
,,,95.87,100500.0,0.6505,30.5,3.94,75.0,76.22,43.07,31.74,0.6595,9,1,,,,1
,,,2.19,102506.2,0.1213,34.93,0.0,23.81,1.65,1.05,33.23,0.1187,10,0,,,,0
,,,227.49,99095.6,0.8099,26.13,6.91,89.72,157.83,104.55,27.64,0.8341,7,1,,,,1
,,,14.01,102146.1,0.1757,28.61,2.99,43.71,12.41,8.97,28.85,0.1935,9,1,,,,0
,,,5.57,101764.6,0.1255,27.91,0.0,29.15,2.91,2.46,28.38,0.1355,10,0,,,,0
,,,242.55,98616.9,0.7607,22.08,8.22,92.77,160.28,89.32,23.49,0.7346,9,1,,,,1
109.1929732,26.24925128,68.0,0.00307071,99392.71568,0.095095377,29.07113062,2.638427062,57.01132906,0.003253141,0.002417345,28.87492892,0.096007417,9,1,-229.0613661,-0.964603614,7.0,0
,,,20.49,101524.9,0.2561,30.34,2.14,55.06,17.48,15.0,30.04,0.2632,11,0,,,,0
,,,106.24,99806.1,0.636,26.12,3.0,79.78,70.94,45.47,27.82,0.6322,9,1,,,,1
,,,322.59,98115.5,0.9304,32.61,7.51,91.34,218.38,171.91,32.23,0.9475,6,1,,,,1
,,,140.08,100500.0,0.7372,22.68,5.83,75.0,95.37,76.96,23.52,0.7475,9,1,,,,1
,,,0.95,101969.9,0.0857,20.8,0.0,20.75,0.69,0.57,19.2,0.0727,4,0,,,,0
,,,310.83,98654.7,0.9383,25.21,6.26,89.3,195.65,116.17,26.55,0.9236,7,1,,,,1
,,,224.79,99034.5,0.7951,32.67,7.18,87.33,161.98,99.89,30.99,0.7712,6,1,,,,1
,,,3.65,102812.4,0.08,37.32,0.39,31.28,1.99,1.25,38.97,0.0921,12,0,,,,0
,,,313.8,98457.0,0.9431,26.62,8.79,92.11,179.54,110.66,26.3,0.9683,7,1,,,,1
,,,9.7,102092.4,0.1461,27.12,0.36,35.83,6.77,4.59,28.78,0.1426,7,1,,,,0
,,,8.53,101723.4,0.1492,37.95,0.74,30.51,7.46,4.41,36.52,0.1358,10,0,,,,0
,,,276.56,98616.9,0.8778,29.4,6.55,89.3,170.3,141.06,31.2,0.8696,6,1,,,,1
,,,121.06,99115.4,0.6349,26.43,3.0,78.2,84.89,64.94,27.11,0.608,6,1,,,,1
,,,17.53,101639.2,0.2537,33.85,2.47,47.09,11.41,7.56,35.51,0.243,10,0,,,,0
,,,303.93,98029.5,0.9162,25.23,8.97,93.43,187.6,135.36,26.35,0.8917,9,1,,,,1
,,,19.57,100881.3,0.2458,37.67,2.0,49.42,14.44,7.67,37.28,0.2497,6,1,,,,0
,,,104.45,100322.4,0.6852,32.83,3.41,75.0,73.84,47.23,31.29,0.6748,9,1,,,,1
109.1929732,26.24925128,68.0,0.0,99763.33979,0.087533123,27.30164819,1.336213984,39.61790528,8.94e-06,5.58e-05,27.23414888,0.087659797,10,0,-180.7927687,-0.2077055,1.0,0
,,,17.38,100993.4,0.2396,37.42,1.34,48.06,11.03,9.37,37.33,0.255,12,0,,,,0
,,,15.98,101228.1,0.2354,22.23,0.91,43.98,9.42,7.37,21.97,0.2397,10,0,,,,0
,,,243.15,98698.9,0.7955,21.61,4.6,92.07,171.8,116.54,22.11,0.8184,3,0,,,,1
,,,17.66,101928.2,0.2751,26.16,2.63,48.9,13.48,10.12,24.8,0.2769,5,0,,,,0
,,,29.48,100500.0,0.3274,29.48,2.48,70.0,19.27,14.19,28.03,0.3266,7,1,,,,0
,,,8.3,102186.9,0.1394,27.41,0.28,35.17,4.8,2.61,27.05,0.1435,7,1,,,,0
,,,27.99,100767.5,0.3326,20.2,3.37,67.48,20.0,13.72,20.11,0.3325,1,0,,,,0
,,,15.89,101316.7,0.1894,29.07,1.72,52.01,9.15,7.38,28.14,0.1867,9,1,,,,0
,,,5.62,102257.2,0.1004,30.03,0.18,26.11,3.0,2.4,31.73,0.0914,12,0,,,,0
,,,12.24,101050.3,0.1986,24.67,0.34,36.84,9.74,5.61,26.42,0.2136,5,0,,,,0
,,,5.75,102418.1,0.1369,22.14,0.0,22.27,4.06,3.23,21.41,0.1342,4,0,,,,0
,,,169.59,99625.6,0.6871,22.45,4.96,82.32,100.95,66.36,21.16,0.7072,9,1,,,,1
,,,24.29,100922.6,0.3062,32.07,3.39,55.74,13.34,8.52,32.71,0.3119,5,0,,,,0
109.1929732,26.24925128,68.0,0.000104368,99227.39522,0.087705309,33.5018371,5.069713641,45.91019972,0.000117264,0.002990914,33.81098296,0.087827077,5,0,-50.06905752,-0.054433713,0.0,1
,,,221.48,99330.5,0.8155,27.75,4.28,87.55,122.19,97.77,26.5,0.8241,11,0,,,,1
,,,23.96,101146.3,0.2756,34.2,3.37,64.95,20.0,15.0,32.33,0.295,5,0,,,,0
,,,187.87,99895.4,0.7279,23.56,7.01,83.87,135.84,88.9,21.99,0.7121,9,1,,,,1
,,,23.7,100590.3,0.2757,32.69,2.23,57.5,20.0,12.88,33.79,0.2659,6,1,,,,0
,,,160.52,99767.2,0.6777,20.0,4.77,82.76,106.71,87.13,21.32,0.6835,6,1,,,,1
,,,0.8,103000.0,0.1125,19.02,1.07,27.2,0.6,0.49,17.77,0.1232,8,1,,,,0
,,,221.65,99480.2,0.7899,26.46,4.67,87.36,162.8,99.43,27.13,0.7627,7,1,,,,1
,,,4.83,102798.3,0.1096,19.46,1.09,29.75,2.58,1.66,20.61,0.123,10,0,,,,0
,,,190.07,98710.1,0.7609,27.71,3.68,84.29,140.39,99.63,25.78,0.7328,9,1,,,,1
,,,102.77,100500.0,0.6,31.38,4.61,75.0,68.17,48.26,32.68,0.5716,10,0,,,,1
,,,1.72,102340.8,0.0837,23.16,0.0,21.44,0.95,0.52,23.89,0.0693,9,1,,,,0
,,,110.51,99619.5,0.6502,33.21,3.0,81.51,87.37,65.03,33.36,0.6555,9,1,,,,1
,,,161.16,99679.2,0.6834,32.6,5.31,86.79,110.97,64.09,31.42,0.7041,6,1,,,,1
,,,19.91,100500.0,0.2849,35.96,4.15,54.81,12.72,10.92,35.56,0.2761,9,1,,,,0
,,,24.05,100928.7,0.2939,21.02,1.97,62.75,20.0,11.68,21.69,0.294,10,0,,,,0
109.1929732,26.24925128,68.0,0.016649586,99243.42494,0.126591442,29.85795391,2.656555872,65.33461192,0.011099724,0.005197472,29.64438083,0.128934256,9,1,140.6893773,0.898019347,5.0,0
,,,13.57,101498.6,0.2027,21.21,0.8,38.18,6.94,4.81,20.53,0.188,12,0,,,,0
,,,28.83,100879.6,0.3281,34.94,2.63,63.19,20.0,15.0,33.74,0.3164,12,0,,,,0
,,,7.78,101453.1,0.1472,36.77,0.96,37.94,4.88,3.26,36.14,0.1428,5,0,,,,0
,,,254.69,99031.5,0.835,25.52,9.31,92.67,180.16,127.77,27.32,0.8434,6,1,,,,1
,,,4.97,102712.9,0.1385,25.51,0.38,31.49,3.36,1.78,26.12,0.1408,11,0,,,,0
,,,0.95,102338.6,0.0996,30.94,0.13,24.02,0.51,0.29,30.91,0.1036,4,0,,,,0
,,,14.15,101575.8,0.2289,25.72,1.95,40.72,12.68,8.63,27.46,0.2134,8,1,,,,0
,,,16.39,101316.3,0.2392,20.28,2.62,46.14,14.65,11.53,20.58,0.2446,8,1,,,,0
,,,106.13,100500.0,0.6286,34.41,3.33,75.0,76.53,49.57,35.89,0.6552,9,1,,,,1
,,,22.52,101569.5,0.2692,33.11,2.12,60.74,16.08,9.96,33.28,0.2534,9,1,,,,0
,,,17.78,101418.3,0.2384,23.89,1.92,43.55,9.58,7.37,24.14,0.2494,3,0,,,,0
,,,83.31,100500.0,0.6072,26.86,4.05,75.0,69.79,44.0,26.64,0.618,8,1,,,,1
,,,10.1,101184.5,0.1628,33.83,1.67,36.58,5.36,4.6,35.75,0.1602,4,0,,,,0
,,,25.59,101070.2,0.3393,25.47,1.97,60.57,14.25,12.25,23.94,0.3281,5,0,,,,0
,,,19.95,101179.5,0.2664,32.68,0.51,55.57,15.54,13.03,31.12,0.2646,1,0,,,,0
,,,3.35,101944.1,0.0916,22.81,0.13,23.93,1.95,1.61,22.58,0.0952,10,0,,,,0
,,,83.8,100500.0,0.6082,20.35,3.0,77.84,50.0,40.0,20.24,0.6232,9,1,,,,1
109.1929732,26.24925128,68.0,0.536208373,98779.51154,0.10415119,34.00437296,1.454403194,58.98260006,0.25242161,0.122384926,32.68096879,0.102528656,7,1,-215.8841733,-0.226522426,1.0,0
,,,311.54,98539.2,0.8623,28.48,11.92,92.55,182.08,148.99,30.22,0.8817,8,1,,,,1
,,,27.71,100500.0,0.3248,24.5,1.76,70.0,17.24,12.52,26.0,0.3114,11,0,,,,0
,,,18.01,101390.4,0.2343,35.32,1.99,47.36,12.02,6.88,36.11,0.2143,10,0,,,,0
109.1929732,26.24925128,68.0,0.000279405,100431.3158,0.085837394,20.70097639,0.500843555,48.55506399,0.000158223,0.000170426,20.37172947,0.085899488,2,0,440.4171412,0.99648658,0.0,1
,,,26.58,100528.9,0.3113,30.02,1.67,65.7,15.36,9.3,29.35,0.2929,4,0,,,,0
,,,262.29,98886.5,0.8206,22.32,6.09,94.43,175.99,99.1,23.57,0.8392,6,1,,,,1
,,,28.01,101189.1,0.32,32.94,3.05,64.98,19.8,12.63,34.67,0.3308,12,0,,,,0
109.1929732,26.24925128,68.0,0.019421326,98972.63836,0.159693152,32.03749861,2.720323699,65.24316118,0.019095242,0.010234553,31.61313544,0.171974673,8,1,-136.9607228,-0.944123047,9.0,0
,,,24.33,101568.3,0.3166,37.11,4.72,58.94,18.16,11.36,38.66,0.3314,5,0,,,,0
109.1929732,26.24925128,68.0,0.006211974,98611.17666,0.090718285,35.6551061,0.346815894,42.48194098,0.004087397,0.001989787,35.01642959,0.087463762,6,1,-213.5519879,-0.27529118,1.0,0
109.1929732,26.24925128,68.0,0.002072854,99049.45413,0.09588153,31.9979246,2.426120729,58.94148687,0.00259685,0.002668974,32.07845533,0.09781342,9,1,-176.2574869,-0.244432265,2.0,0
,,,312.33,98295.9,0.8968,29.41,9.49,97.71,250.0,146.24,29.65,0.8943,10,0,,,,1
,,,305.89,98897.6,0.8904,23.94,9.02,94.53,250.0,180.0,22.4,0.8822,6,1,,,,1
,,,148.48,99555.7,0.7099,34.15,5.3,76.54,114.56,71.77,32.39,0.7309,4,0,,,,1
,,,164.08,99757.0,0.7158,21.25,5.32,87.29,99.32,78.37,22.69,0.6992,5,0,,,,1
,,,10.87,101451.5,0.1699,29.65,1.91,38.25,7.66,5.71,27.81,0.1505,7,1,,,,0
,,,239.32,99142.9,0.8142,24.94,7.23,91.38,132.01,95.81,23.95,0.817,9,1,,,,1
,,,175.0,99427.3,0.7402,27.58,6.06,79.53,141.99,90.82,27.31,0.7355,6,1,,,,1
,,,340.94,98000.0,0.8762,25.1,10.61,100.0,233.31,180.0,26.53,0.8759,4,0,,,,1
,,,23.74,100599.5,0.3123,20.58,2.78,57.76,13.63,9.56,20.99,0.3074,5,0,,,,0
109.1929732,26.24925128,68.0,0.000107292,100662.9897,0.086353444,15.22173477,1.816256262,46.79139129,7.15e-05,5.17e-05,15.23131884,0.086335158,12,0,239.4769773,0.366782667,0.0,1
,,,331.87,98068.1,0.8689,27.48,10.22,93.37,201.82,129.03,25.73,0.8687,8,1,,,,1
109.1929732,26.24925128,68.0,0.001273084,100146.7356,0.087177459,18.54410266,1.160279252,59.29624955,0.000466472,0.000199916,18.74342063,0.08713378,12,0,-183.8050234,-0.407868853,3.0,0
109.1929732,26.24925128,68.0,3.03e-05,98942.48222,0.079871587,34.8311746,3.269309433,44.37678001,3.31e-05,0.000813802,35.34315371,0.079976673,6,1,-112.5529827,-0.498316096,7.0,0
,,,29.08,100832.4,0.3086,34.96,3.1,67.12,20.0,14.19,33.7,0.2894,1,0,,,,0
,,,190.3,99092.9,0.7501,21.18,4.64,91.65,146.0,89.92,21.88,0.769,9,1,,,,1
109.1929732,26.24925128,68.0,0.001419401,99164.91946,0.090299273,33.98488831,1.179462899,46.95470778,0.065082696,0.043436316,33.84652406,0.092663411,6,1,-204.9484699,-0.286814884,2.0,0
,,,83.49,100035.2,0.6,24.73,3.0,76.61,62.71,45.19,26.19,0.5845,9,1,,,,1
,,,305.4,98000.0,0.95,23.6,5.42,92.84,245.45,180.0,22.38,0.9483,8,1,,,,1
,,,20.45,101479.9,0.2615,29.34,1.14,48.95,18.32,15.0,29.03,0.2693,4,0,,,,0
,,,302.29,98330.5,0.8922,28.82,9.76,98.16,218.97,130.94,30.21,0.894,8,1,,,,1
,,,305.52,98174.5,0.8954,31.83,7.1,94.88,238.88,142.92,33.16,0.9038,9,1,,,,1
,,,12.75,102852.3,0.1761,24.95,1.79,40.16,11.41,5.96,25.07,0.1762,11,0,,,,0
109.1929732,26.24925128,68.0,0.000143055,99200.77968,0.088070613,34.42927467,4.382484672,32.4240327,0.003639979,0.005365387,34.21587878,0.090230334,5,0,-173.7734141,-0.137114065,0.0,1
,,,167.05,99647.9,0.6918,21.89,4.59,83.31,115.98,67.59,22.94,0.6887,8,1,,,,1
109.1929732,26.24925128,68.0,0.000358756,99566.79015,0.098618099,32.27126116,1.704002183,56.06425558,0.001934259,0.001836547,32.08007897,0.094784602,9,1,-88.11724826,-0.484954313,10.0,0
,,,3.13,102785.8,0.1391,37.73,0.53,28.52,1.59,1.04,37.32,0.1286,7,1,,,,0
109.1929732,26.24925128,68.0,3.35e-05,100600.8715,0.099459886,13.61804398,2.334164057,57.54529682,2.24e-05,0.00416232,13.52952096,0.100057482,1,0,120.2192931,0.166797927,0.0,1
,,,280.07,98866.4,0.8218,22.5,8.26,96.9,190.25,153.61,23.12,0.8342,7,1,,,,1
,,,159.17,100002.5,0.6804,27.74,3.41,88.57,96.35,61.62,27.91,0.6588,7,1,,,,1
,,,23.5,100756.4,0.2787,24.54,1.54,59.42,16.77,12.35,26.26,0.2591,9,1,,,,0
,,,5.52,102325.7,0.1556,32.48,0.84,28.17,4.67,4.14,30.91,0.1525,12,0,,,,0
,,,130.13,99157.8,0.6461,20.96,3.65,78.97,105.79,83.69,19.34,0.6532,9,1,,,,1
,,,10.19,101953.4,0.1633,26.15,2.52,34.06,7.47,4.53,24.87,0.1757,10,0,,,,0
,,,21.76,101145.4,0.2734,29.15,1.17,56.12,13.22,8.65,27.85,0.2674,1,0,,,,0
,,,305.1,98950.3,0.909,27.11,6.9,98.44,213.67,132.78,26.43,0.9083,11,0,,,,1
,,,344.77,98302.7,0.95,24.35,11.58,100.0,247.59,164.86,24.13,0.9341,7,1,,,,1
,,,180.14,99789.1,0.762,33.43,4.11,82.04,146.35,120.64,33.93,0.7881,7,1,,,,1
,,,336.93,98016.2,0.95,20.1,12.0,97.93,205.0,138.21,18.7,0.9335,11,0,,,,1
109.1929732,26.24925128,68.0,0.000537269,99479.70859,0.083236693,32.07161291,1.837712434,42.51251089,0.00025099,0.000428563,34.01263071,0.083328529,5,0,400.1192974,464.5746454,9.0,0
,,,17.34,101314.1,0.2517,27.87,1.71,47.64,13.63,10.71,26.21,0.2469,2,0,,,,0
,,,246.28,99533.5,0.7952,31.89,8.5,92.02,166.19,100.31,31.74,0.7851,8,1,,,,1
,,,102.66,100231.3,0.6461,22.12,4.17,81.22,78.69,45.51,23.01,0.6327,8,1,,,,1
,,,3.12,102694.0,0.1327,37.62,0.41,27.82,2.66,1.82,36.64,0.1231,1,0,,,,0
,,,121.74,100273.9,0.6816,25.47,4.9,79.06,88.91,70.69,26.57,0.7014,7,1,,,,1
,,,17.77,100953.5,0.2021,19.93,1.59,49.13,11.43,7.9,18.27,0.1831,10,0,,,,0
,,,29.85,100799.4,0.35,18.54,2.69,70.0,19.72,14.15,16.57,0.3369,1,0,,,,0
,,,300.71,98776.6,0.868,23.13,6.35,97.73,211.33,154.62,24.54,0.8393,9,1,,,,1
,,,238.48,99024.8,0.8115,33.98,8.49,88.89,184.01,105.94,32.89,0.805,7,1,,,,1
,,,134.71,100054.2,0.6468,21.93,3.68,83.62,75.3,54.76,22.48,0.6181,9,1,,,,1
,,,24.27,101331.0,0.3109,32.83,3.6,60.42,20.0,14.96,31.99,0.3138,7,1,,,,0
,,,25.79,101393.7,0.2738,36.71,3.6,62.51,13.92,12.11,36.32,0.2691,7,1,,,,0
,,,303.43,98613.9,0.8669,30.8,6.58,98.88,177.74,139.31,29.64,0.8702,8,1,,,,1
,,,8.12,102091.0,0.1482,32.82,0.0,36.66,7.0,6.05,31.71,0.1562,6,1,,,,0
,,,313.06,98153.0,0.883,23.16,4.91,100.0,188.31,152.09,23.66,0.8788,6,1,,,,1
,,,229.67,99314.1,0.7874,20.39,4.7,91.34,190.28,105.06,19.59,0.7961,6,1,,,,1
,,,5.1,102192.7,0.1111,24.15,0.48,28.27,4.28,3.2,25.43,0.0933,7,1,,,,0
109.1929732,26.24925128,68.0,0.0,100356.7131,0.109463374,16.38124896,1.381831241,63.00700925,5.96e-05,4.28e-05,16.0830213,0.112664418,1,0,-249.4179563,-0.401787023,2.0,0
109.1929732,26.24925128,68.0,9.39e-05,100263.5065,0.087203328,16.64219991,1.378755447,50.34937336,0.000110148,0.000280917,17.16881733,0.087230894,12,0,-126.9953682,-0.496747511,7.0,0
,,,101.28,100401.4,0.6,28.29,3.0,81.21,75.78,59.88,28.91,0.5736,1,0,,,,1
,,,185.46,99753.3,0.7243,25.0,4.94,89.05,137.4,95.05,23.02,0.7282,8,1,,,,1
,,,8.55,102231.4,0.1876,22.73,1.44,38.74,4.99,3.41,22.14,0.1692,4,0,,,,0
109.1929732,26.24925128,68.0,0.0,99761.86216,0.085748443,29.04590131,0.994323167,46.74689718,0.0,3.02e-05,29.44491641,0.085736515,10,0,-178.0138199,-0.273506254,2.0,0
,,,146.78,99933.5,0.7058,29.79,3.0,82.72,101.31,79.92,29.58,0.7037,8,1,,,,1
,,,93.35,100488.5,0.625,23.27,3.0,75.9,73.86,57.27,24.14,0.6398,6,1,,,,1
,,,4.38,102268.3,0.1164,19.42,0.85,30.22,3.84,2.66,17.44,0.1086,12,0,,,,0
,,,256.47,98908.7,0.8168,31.65,8.29,88.2,182.08,152.99,32.59,0.812,6,1,,,,1
,,,223.23,99161.2,0.7599,20.27,7.88,87.03,188.08,123.07,21.09,0.7344,6,1,,,,1
,,,21.88,100500.0,0.31,24.21,1.06,59.68,15.1,12.03,24.27,0.2939,10,0,,,,0
,,,281.4,98308.8,0.8745,31.36,7.18,90.79,157.68,121.52,29.55,0.8553,8,1,,,,1
,,,103.98,100500.0,0.6195,32.65,3.05,81.36,76.21,57.96,32.09,0.597,11,0,,,,1
,,,309.58,98513.8,0.8838,31.64,8.63,96.71,185.17,128.88,29.9,0.871,1,0,,,,1
,,,14.66,101745.3,0.2099,27.94,1.34,43.34,7.73,4.67,27.97,0.2043,8,1,,,,0
,,,17.02,101482.4,0.2323,28.29,2.17,47.48,10.78,9.02,26.78,0.2333,6,1,,,,0
,,,285.88,98123.7,0.8261,27.68,7.75,97.96,169.69,95.39,27.9,0.85,7,1,,,,1
,,,23.41,101034.8,0.3171,34.85,1.25,56.3,18.85,15.0,36.64,0.3213,2,0,,,,0
109.1929732,26.24925128,68.0,0.0,99960.02498,0.087364626,26.86818769,1.208539254,57.61009389,1.01e-05,4.67e-05,26.55204289,0.087324007,10,0,303.7359211,0.979287566,10.0,0
,,,27.62,100902.8,0.3239,18.83,2.35,60.41,20.0,13.21,18.42,0.3214,7,1,,,,0
,,,27.6,101688.8,0.3339,32.08,5.0,64.55,17.0,9.28,31.04,0.3536,6,1,,,,0
,,,12.64,102360.5,0.224,20.63,2.18,38.73,9.77,8.66,20.94,0.2092,1,0,,,,0
109.1929732,26.24925128,68.0,0.0,99493.60674,0.08527263,32.28399187,1.040428269,28.62506467,0.001496651,0.004269553,32.07729938,0.085673726,4,0,-232.4338306,-0.406567155,2.0,0
,,,107.12,100135.5,0.6215,32.16,3.0,75.0,68.34,46.51,32.65,0.6237,6,1,,,,1
,,,25.36,100853.9,0.3088,21.74,1.81,60.79,15.5,9.57,20.43,0.3139,9,1,,,,0
,,,313.21,98133.4,0.9408,31.71,4.93,99.81,203.09,158.08,31.8,0.939,6,1,,,,1
,,,2.32,102038.2,0.0817,29.79,0.54,20.0,1.57,0.94,30.56,0.0937,12,0,,,,0
109.1929732,26.24925128,68.0,0.04760818,98897.45255,0.343249556,30.55634834,3.415869243,73.97217827,0.140734477,1.008718767,29.54543283,0.374885051,7,1,-97.38498259,-0.995716196,8.0,0
,,,236.16,99099.2,0.8018,33.23,5.63,88.27,137.44,88.5,34.45,0.8124,7,1,,,,1
,,,195.0,98986.7,0.6776,29.65,4.95,86.54,110.9,71.97,29.76,0.6666,9,1,,,,1
,,,13.67,101814.4,0.2177,19.99,2.15,45.41,7.7,6.18,20.96,0.212,3,0,,,,0
,,,26.8,100500.0,0.35,18.73,2.86,61.25,14.82,9.02,17.42,0.3545,1,0,,,,0
109.1929732,26.24925128,68.0,0.000125336,100262.7291,0.087120753,22.13151018,1.504699322,50.88444381,0.000571972,0.000506877,22.19491872,0.087169618,11,0,-154.6886753,-0.164606922,0.0,1
109.1929732,26.24925128,68.0,0.000762498,100790.9514,0.173974278,15.46386834,2.158797998,67.9051537,0.014675828,0.006289641,14.69758179,0.184019958,1,0,-212.2899209,-0.393983445,3.0,0
109.1929732,26.24925128,68.0,0.004809321,100214.6793,0.085774393,24.32914809,0.994455969,33.62892711,0.004172868,0.003965345,23.92490458,0.085887389,3,0,84.39635049,0.113357728,0.0,1
,,,5.46,101787.5,0.1323,24.02,0.0,26.71,4.64,3.71,24.76,0.1378,7,1,,,,0
,,,177.66,99723.3,0.7158,21.33,5.08,84.48,141.57,101.08,20.43,0.7424,12,0,,,,1
,,,7.67,101831.3,0.1558,36.75,1.2,33.09,5.27,4.28,35.04,0.1751,5,0,,,,0
,,,229.71,99190.8,0.827,22.04,4.41,92.24,173.71,102.32,23.04,0.8395,7,1,,,,1
,,,7.24,102029.1,0.1444,23.09,0.67,32.15,5.92,5.08,23.89,0.1313,8,1,,,,0
109.1929732,26.24925128,68.0,0.0,99684.22373,0.095766116,18.17740939,1.075409617,31.37500577,0.0,4.02e-05,19.50277596,0.097781917,2,0,483.3854963,0.996860812,0.0,1
,,,10.94,101388.5,0.1832,26.51,0.69,35.82,8.27,6.8,27.55,0.1658,12,0,,,,0
,,,276.38,98891.4,0.8872,23.0,7.35,95.25,211.56,131.66,24.42,0.896,7,1,,,,1
,,,13.14,101506.3,0.25,29.03,1.93,41.08,10.09,7.8,29.13,0.2565,6,1,,,,0
,,,113.75,100097.9,0.6166,24.8,3.0,82.1,75.11,48.8,23.84,0.6056,7,1,,,,1
,,,20.22,101707.1,0.2608,36.44,1.32,46.99,10.55,9.32,37.56,0.2638,4,0,,,,0
109.1929732,26.24925128,68.0,0.0,100623.8689,0.25690644,14.01680974,0.624185753,70.5207182,0.000144893,0.152189842,13.50308198,0.275897123,1,0,444.6900371,1748.929978,8.0,0
,,,96.36,100500.0,0.6,30.88,3.09,75.0,55.36,40.0,30.84,0.5852,12,0,,,,1
109.1929732,26.24925128,68.0,1.176308626,98503.0965,0.303973002,28.93276377,1.6001627,84.71895628,0.545515666,0.412289734,30.25036297,0.261082584,8,1,323.9257429,209.6264155,8.0,0
,,,25.99,101098.2,0.3342,18.51,2.96,65.32,16.02,14.36,18.64,0.3203,6,1,,,,0
,,,151.74,100290.1,0.7079,31.46,4.84,81.91,108.05,70.26,32.53,0.678,8,1,,,,1
,,,121.37,100500.0,0.6987,31.95,3.15,80.54,83.05,63.88,30.88,0.7177,9,1,,,,1
,,,6.99,102363.7,0.1419,28.93,0.89,30.56,5.15,2.74,29.93,0.1355,12,0,,,,0
109.1929732,26.24925128,68.0,5.76e-05,99501.76915,0.084321882,28.81518026,0.812598429,34.47214867,0.00046407,0.000324464,28.34074163,0.084340478,4,0,-92.87560972,-0.494796834,7.0,0
,,,140.12,99867.6,0.6906,26.9,3.4,79.15,90.22,50.1,26.79,0.7056,5,0,,,,1
,,,264.25,98804.2,0.8284,26.77,8.18,93.15,146.5,98.8,27.94,0.8029,8,1,,,,1
109.1929732,26.24925128,68.0,0.001509371,100824.5083,0.100307553,18.60064161,1.968341905,45.1346433,0.000531595,0.00400817,18.66498655,0.105352589,2,0,-200.8496809,-0.279784522,2.0,0
,,,17.13,101610.5,0.2386,24.9,2.35,50.25,12.33,8.18,22.95,0.2302,6,1,,,,0
,,,170.3,99506.0,0.6821,28.92,5.71,84.78,122.8,95.42,30.2,0.699,7,1,,,,1
,,,325.41,98504.5,0.9327,22.0,9.64,97.95,189.23,131.6,20.09,0.9511,6,1,,,,1
,,,121.17,99629.7,0.6389,32.85,3.53,76.77,68.06,43.38,33.53,0.6416,6,1,,,,1
109.1929732,26.24925128,68.0,0.000987837,98447.15171,0.095356008,31.41879176,4.249458582,60.15496767,0.000484151,0.000468934,31.01739348,0.097794278,8,1,-260.2636716,-0.233302629,0.0,1
,,,95.55,100500.0,0.6307,25.7,3.91,79.06,78.4,61.53,27.24,0.6521,12,0,,,,1
,,,171.84,98955.4,0.6847,31.08,3.75,86.45,109.94,84.64,31.86,0.6986,2,0,,,,1
,,,287.79,98200.2,0.8839,21.51,6.97,100.0,161.91,109.36,20.03,0.8668,8,1,,,,1
,,,1.08,102723.8,0.0882,33.67,0.3,26.92,0.66,0.4,34.21,0.0933,9,1,,,,0
109.1929732,26.24925128,68.0,0.011280303,100591.9825,0.087740492,14.76423331,2.27533791,71.62417009,0.006387486,0.003383061,14.69880992,0.086341655,1,0,-163.6332071,-0.223355568,4.0,0
,,,248.33,99267.3,0.8044,20.85,6.6,89.32,143.86,86.6,22.78,0.8292,6,1,,,,1
,,,283.05,98000.0,0.8971,28.52,6.19,91.76,204.25,134.41,29.51,0.9028,2,0,,,,1
,,,106.68,100203.0,0.6172,34.52,3.62,80.36,65.63,45.53,36.17,0.5924,7,1,,,,1
,,,20.29,100754.2,0.2397,22.22,1.86,47.85,13.06,6.98,23.68,0.2471,6,1,,,,0
,,,22.2,100500.0,0.252,24.06,2.17,59.79,11.99,6.34,22.85,0.2556,5,0,,,,0
,,,26.73,100500.0,0.3407,26.21,2.66,58.77,20.0,11.82,25.25,0.3413,3,0,,,,0
,,,24.0,100997.5,0.3114,22.08,0.84,59.95,20.0,11.16,21.13,0.3271,2,0,,,,0
,,,121.05,100072.2,0.66,29.6,5.65,75.0,99.58,67.95,28.45,0.6787,5,0,,,,1
109.1929732,26.24925128,68.0,0.001661398,100168.306,0.094138165,28.99373709,0.670155569,47.89954906,0.002454854,0.004354432,29.13768945,0.093848906,10,0,511.3519907,0.805542387,0.0,1
,,,0.2,102418.4,0.0932,28.7,0.0,20.8,0.15,0.08,28.29,0.0981,8,1,,,,0
,,,4.29,102622.7,0.1257,35.67,0.74,29.82,3.01,1.65,34.73,0.1411,6,1,,,,0
,,,99.65,100313.8,0.6585,29.12,3.0,81.85,68.45,40.0,30.49,0.6314,5,0,,,,1
109.1929732,26.24925128,68.0,1.12e-05,100505.9856,0.085790878,22.50580316,2.727470438,49.01522275,0.002105785,0.001040963,22.94653133,0.085905296,11,0,324.21857,0.996742719,10.0,0
109.1929732,26.24925128,68.0,0.0,100048.06,0.087082651,23.68134269,2.84720475,29.33167865,0.005079602,0.022549808,23.95813481,0.087226678,3,0,276.5485631,0.399169118,0.0,1
,,,166.58,99205.9,0.7301,32.78,5.79,82.85,98.49,61.52,32.27,0.7131,8,1,,,,1
,,,23.59,101622.9,0.2652,23.04,3.1,54.68,12.27,7.84,22.43,0.2817,7,1,,,,0
,,,317.91,98517.6,0.919,24.66,7.85,98.63,228.0,180.0,22.82,0.9447,11,0,,,,1
,,,10.3,102025.3,0.1953,19.15,1.53,37.29,6.93,5.44,20.63,0.2044,11,0,,,,0
,,,9.5,101661.7,0.1688,29.41,1.0,34.63,7.23,5.93,27.91,0.1828,7,1,,,,0
,,,320.45,98446.7,0.95,26.23,5.92,95.48,236.09,179.46,26.03,0.9356,6,1,,,,1
,,,21.25,101517.3,0.2182,26.03,2.46,58.18,14.87,9.2,26.82,0.2327,10,0,,,,0
109.1929732,26.24925128,68.0,7.37e-05,100419.7937,0.08635025,16.34100627,2.620187634,46.82062782,0.000153067,9.63e-05,16.33998444,0.086346618,12,0,332.591023,0.70424181,0.0,1
,,,3.84,101239.3,0.1315,30.47,0.18,22.11,3.01,2.17,30.34,0.1227,3,0,,,,0
,,,136.16,99976.1,0.6954,33.28,5.45,81.15,85.93,63.22,31.32,0.6898,8,1,,,,1
,,,89.35,100500.0,0.6141,31.51,3.96,75.0,63.88,42.37,30.73,0.6174,8,1,,,,1
,,,9.03,101720.1,0.1565,35.07,0.78,33.68,7.62,4.52,34.16,0.1644,9,1,,,,0
,,,11.94,101420.9,0.1668,20.13,0.11,43.9,6.15,3.83,22.12,0.1846,4,0,,,,0
,,,13.1,102118.6,0.1895,30.66,1.94,39.95,7.62,3.93,32.48,0.197,12,0,,,,0
,,,212.86,99696.5,0.7721,22.87,6.27,87.53,171.18,113.75,24.77,0.7939,9,1,,,,1
109.1929732,26.24925128,68.0,0.000765676,98474.90015,0.084766973,34.26921654,3.552557858,51.71274071,0.012367426,0.006129135,34.10680242,0.084893744,7,1,-242.3151272,-0.150080062,0.0,1
,,,250.21,99068.4,0.841,21.03,9.64,92.12,159.62,120.3,20.76,0.8182,5,0,,,,1
,,,231.74,98681.6,0.8422,28.86,3.66,90.2,158.86,132.36,27.37,0.8456,9,1,,,,1
,,,5.7,101386.7,0.134,28.17,0.0,29.47,3.97,2.68,26.37,0.1483,8,1,,,,0
,,,151.65,99680.6,0.6493,27.44,3.18,78.16,106.87,61.05,27.8,0.6621,7,1,,,,1
,,,16.3,101839.2,0.21,28.24,1.6,41.21,11.65,7.0,29.2,0.229,1,0,,,,0
109.1929732,26.24925128,68.0,0.0,100116.1918,0.086167764,21.83473193,2.955139331,63.56450511,0.000259661,0.000413046,22.21812577,0.08606026,12,0,320.1981602,0.996536514,14.0,0
,,,2.01,102467.6,0.1105,25.12,0.06,20.0,1.5,0.97,24.18,0.0932,1,0,,,,0
,,,12.66,101180.2,0.193,24.2,1.32,40.55,7.55,4.72,25.75,0.1789,11,0,,,,0
,,,155.75,99534.7,0.6978,33.04,6.04,76.73,101.74,63.99,32.42,0.7176,9,1,,,,1
,,,180.27,99821.9,0.724,33.26,3.22,84.18,112.49,86.3,33.5,0.742,8,1,,,,1
,,,20.89,101006.1,0.2823,31.5,0.48,64.16,16.79,8.88,30.56,0.3023,9,1,,,,0
109.1929732,26.24925128,68.0,4.47e-05,99863.6033,0.091460895,16.83208176,3.833361182,28.06711106,0.111745494,0.062816251,19.19640417,0.091182785,3,0,-20.61278049,-0.019000887,0.0,1
,,,29.98,100684.4,0.3413,19.88,3.1,65.21,15.77,9.22,18.64,0.3388,9,1,,,,0
,,,238.29,99012.0,0.8331,23.5,9.01,83.85,165.38,138.48,22.95,0.8582,7,1,,,,1
,,,329.93,98603.9,0.95,32.64,9.17,100.0,206.43,153.23,33.04,0.9527,10,0,,,,1
,,,8.35,101932.3,0.1607,19.22,0.05,40.79,4.9,3.09,21.09,0.1482,4,0,,,,0
,,,10.25,101905.4,0.1382,27.83,0.81,40.35,8.66,7.1,26.69,0.1454,8,1,,,,0
,,,105.15,100412.4,0.6238,21.29,4.38,75.0,85.63,70.05,20.22,0.6032,8,1,,,,1
,,,288.17,98768.3,0.8421,29.51,8.63,92.29,235.32,152.25,28.16,0.8309,6,1,,,,1
,,,6.56,101736.5,0.1715,21.28,0.52,27.81,4.65,4.09,20.01,0.1654,7,1,,,,0
109.1929732,26.24925128,68.0,0.010243768,98961.79806,0.301427556,29.781246,3.801498117,72.80974883,0.019476227,0.30402703,28.90298442,0.325612509,8,1,-139.2740592,-0.149759024,0.0,1
,,,27.92,100500.0,0.3479,22.69,3.67,70.0,20.0,15.0,21.42,0.3448,9,1,,,,0
,,,24.38,101177.9,0.2866,36.77,0.97,61.41,17.33,10.17,37.62,0.2749,1,0,,,,0
,,,12.05,101822.6,0.1732,36.4,1.15,39.56,9.28,6.54,34.68,0.1535,8,1,,,,0
,,,2.37,102566.6,0.08,20.6,0.46,26.48,1.78,1.1,22.51,0.0669,11,0,,,,0
109.1929732,26.24925128,68.0,0.008913992,99908.22729,0.084505183,29.8858885,1.696702096,40.93369128,0.004112249,0.001978064,29.53693039,0.084543332,3,0,361.7191854,0.995971625,10.0,0
109.1929732,26.24925128,68.0,0.000215762,99048.29943,0.089428121,31.32740361,1.505379868,36.01445601,0.000644847,0.000357822,31.2644334,0.086151596,4,0,-135.1734039,-0.331844059,5.0,0
,,,12.64,101570.4,0.1814,19.32,2.18,40.72,10.26,5.66,20.36,0.165,5,0,,,,0
,,,321.15,98503.8,0.9142,24.25,9.69,100.0,250.0,180.0,23.77,0.8856,9,1,,,,1
,,,127.74,100120.3,0.6169,31.19,3.29,76.98,81.07,67.67,30.51,0.5974,6,1,,,,1
109.1929732,26.24925128,68.0,1.45e-05,100485.91,0.085575911,18.49226646,1.159784306,64.59224401,4.84e-06,4.09e-05,18.18937822,0.085571404,12,0,-76.53402459,-0.332381168,9.0,0
,,,138.99,100342.3,0.6904,26.66,3.0,75.0,114.34,84.14,26.01,0.7104,8,1,,,,1
,,,10.24,101552.6,0.1206,26.45,0.45,35.97,6.04,4.77,27.81,0.1313,10,0,,,,0
,,,9.9,102298.6,0.1596,31.4,0.02,26.92,8.48,4.34,30.73,0.156,11,0,,,,0
,,,6.89,101874.1,0.1566,35.49,0.48,33.61,4.12,2.68,36.04,0.1683,8,1,,,,0
,,,15.6,101595.3,0.2115,37.78,2.31,46.97,10.41,8.15,37.76,0.2171,3,0,,,,0
,,,302.69,98983.6,0.9072,29.83,9.6,97.13,201.0,145.0,31.46,0.9073,5,0,,,,1
109.1929732,26.24925128,68.0,1.534917984,98801.13969,0.401084738,26.38814287,5.442430286,89.68602492,1.238655177,0.62820623,26.9625246,0.390855833,8,1,753.7102629,1.112242191,0.0,1
,,,273.06,98000.0,0.8462,26.7,5.09,94.08,186.04,151.11,26.59,0.8363,4,0,,,,1
,,,29.65,100833.3,0.35,33.38,3.4,70.0,15.92,8.7,34.79,0.3523,4,0,,,,0
,,,21.68,101045.0,0.2799,27.29,1.27,60.05,18.23,15.0,25.42,0.2738,2,0,,,,0
,,,2.38,102511.1,0.1035,26.67,0.39,22.21,1.56,1.08,24.9,0.1128,12,0,,,,0
109.1929732,26.24925128,68.0,0.003285845,99244.12282,0.099887453,32.02004072,2.168805821,56.7493888,0.00158331,0.00309257,31.73480198,0.101648028,9,1,-176.2574869,-0.16417361,0.0,1
,,,23.97,101604.7,0.2979,32.81,4.04,55.12,15.3,9.5,34.67,0.3093,10,0,,,,0
,,,140.73,99903.4,0.6958,30.38,5.48,79.45,94.76,61.18,29.88,0.6895,1,0,,,,1
109.1929732,26.24925128,68.0,0.44022301,98454.67059,0.212636372,31.74476651,2.207090768,69.99748674,0.379447973,0.346204568,31.52454494,0.218977344,8,1,-216.527765,-0.311257496,2.0,0
,,,317.39,98202.2,0.8246,29.98,5.22,100.0,244.01,138.69,30.11,0.8374,8,1,,,,1
109.1929732,26.24925128,68.0,0.000128895,99564.09308,0.084120956,31.30284553,1.18881825,30.29658143,0.00374738,0.004349774,31.46775721,0.084151029,4,0,-197.9627118,-0.302294291,2.0,0
109.1929732,26.24925128,68.0,0.0007611,98807.94172,0.14161123,29.01713979,3.594257948,64.63457958,0.000703973,0.003140377,29.44566096,0.152353336,9,1,-185.5629321,-0.260127012,2.0,0
109.1929732,26.24925128,68.0,0.00075485,100001.8985,0.084850884,28.09358606,0.641959103,28.99496855,0.000273224,0.001948831,27.63678146,0.085017537,3,0,-186.3570018,-0.690623511,4.0,0
,,,28.17,100500.0,0.3215,30.12,4.85,69.74,20.0,12.87,29.6,0.3273,1,0,,,,0
,,,298.73,98495.9,0.8628,26.77,9.12,92.2,168.66,104.36,25.37,0.8717,9,1,,,,1
,,,237.12,99020.1,0.774,31.14,5.37,87.96,200.5,117.01,32.74,0.7809,8,1,,,,1
109.1929732,26.24925128,68.0,0.0,99487.92599,0.084325128,29.97981194,3.005364421,10.33721231,0.000243139,0.001360296,30.61321782,0.084461523,4,0,415.9777251,0.997650363,0.0,1
,,,85.59,100139.7,0.6463,23.66,4.14,76.28,54.36,40.0,25.49,0.6655,9,1,,,,1
109.1929732,26.24925128,68.0,0.144574898,98624.03926,0.401047471,26.76971025,2.012704662,86.2218355,0.572479635,0.565516713,27.6230387,0.376104811,8,1,286.7356225,30.82135472,8.0,0
109.1929732,26.24925128,68.0,0.010726585,99416.53892,0.097414069,28.0465432,4.267527511,52.60126789,0.03265947,0.086726379,28.55776155,0.096329442,4,0,334.2437919,0.998852317,10.0,0
109.1929732,26.24925128,68.0,0.000444813,100110.8685,0.085835567,24.45819966,0.479257321,58.21499475,0.000148271,0.000231507,24.25900773,0.085796427,11,0,-166.7237318,-0.310474737,3.0,0
109.1929732,26.24925128,68.0,0.0,100057.754,0.089644928,22.27037472,2.065271258,32.70732791,0.0,0.008889404,20.96170684,0.090737152,2,0,337.9075557,112.8630737,9.0,0
,,,6.01,101930.8,0.1113,25.86,1.82,28.36,3.04,1.76,27.27,0.1087,9,1,,,,0
,,,26.23,101490.0,0.3493,20.74,1.56,58.91,15.45,12.4,20.29,0.3589,9,1,,,,0
,,,18.01,101537.0,0.2344,27.13,2.18,44.77,11.77,7.49,26.75,0.2526,5,0,,,,0
,,,19.54,101157.0,0.2506,32.97,2.49,51.68,10.59,7.41,33.62,0.2414,5,0,,,,0
109.1929732,26.24925128,68.0,0.0,99756.62238,0.086281124,30.18469358,0.558273469,41.65036823,9.87e-05,0.003610033,29.88700417,0.086539679,10,0,-155.8211644,-0.268620488,5.0,0
109.1929732,26.24925128,68.0,8.94e-06,99262.91239,0.084947194,35.20799851,3.10727396,21.17440016,3.39e-05,4.94e-05,33.85242334,0.085429393,5,0,-206.4463087,-0.301530827,2.0,0
,,,161.8,99713.0,0.7156,25.73,3.68,85.56,122.28,69.46,26.48,0.7182,6,1,,,,1
,,,24.88,100581.4,0.3246,36.24,3.97,53.75,14.88,9.85,36.09,0.3427,6,1,,,,0
,,,10.71,100748.3,0.1689,18.21,1.75,36.64,6.19,3.74,18.59,0.1671,10,0,,,,0
,,,24.66,100782.5,0.2904,27.59,2.04,58.21,20.0,12.1,28.13,0.3018,7,1,,,,0
,,,10.38,101914.0,0.1906,19.73,0.36,38.7,6.04,3.99,21.58,0.1747,6,1,,,,0
,,,0.59,102875.5,0.0853,35.91,0.74,20.0,0.51,0.3,34.43,0.0748,5,0,,,,0
,,,156.48,100032.6,0.7183,28.41,3.95,80.48,118.17,66.27,28.03,0.7094,8,1,,,,1
,,,255.05,98736.4,0.8627,31.7,4.28,88.6,162.7,128.68,33.59,0.8926,8,1,,,,1
,,,17.32,101377.0,0.2223,20.5,1.7,48.73,13.43,9.89,20.7,0.2237,9,1,,,,0
,,,28.13,100764.4,0.3094,24.53,3.53,64.03,19.97,14.71,22.55,0.3231,10,0,,,,0
,,,15.03,101265.8,0.1952,27.01,1.53,49.98,7.76,5.86,26.88,0.2045,2,0,,,,0
,,,333.53,98169.4,0.922,30.98,7.73,100.0,193.82,109.54,30.44,0.8996,6,1,,,,1
109.1929732,26.24925128,68.0,0.0,100109.1957,0.085663546,25.53329946,0.833344336,47.02914359,0.0,0.0,25.68217209,0.08567237,11,0,115.5190775,1.390080264,9.0,0
109.1929732,26.24925128,68.0,0.0,99902.70957,0.08517516,27.32439927,2.225348133,32.63040959,1.7e-05,5.22e-05,27.11077242,0.085341604,4,0,-179.2759346,-0.393427123,3.0,0
,,,13.34,100979.8,0.2281,18.89,0.54,47.26,7.21,5.6,18.77,0.2234,1,0,,,,0
109.1929732,26.24925128,68.0,8.05e-05,99841.07427,0.085832795,30.40353992,0.86037231,36.32111288,2.68e-05,1.15e-05,29.88063732,0.085951012,10,0,-81.61845157,-0.958321176,11.0,0
,,,267.38,98231.1,0.8428,30.48,5.01,96.53,218.49,135.28,30.58,0.8645,9,1,,,,1
,,,107.12,100500.0,0.6502,31.81,3.0,75.0,81.21,51.22,31.74,0.6751,7,1,,,,1
,,,19.54,101544.0,0.2601,36.53,1.91,50.21,10.22,7.19,36.91,0.2532,6,1,,,,0
,,,309.35,98047.0,0.9164,26.66,5.8,94.58,203.33,170.04,26.26,0.8973,9,1,,,,1
,,,349.27,98000.0,0.9401,30.37,6.86,100.0,218.28,131.16,31.99,0.9228,9,1,,,,1
109.1929732,26.24925128,68.0,0.045276529,98818.88938,0.229172866,31.01183357,1.32593538,72.11798231,0.019410205,0.040597227,30.69040256,0.24074079,8,1,-244.3470037,-0.141355691,0.0,1
109.1929732,26.24925128,68.0,0.00117483,99419.23637,0.09074553,34.62069955,2.886702957,35.1232147,0.006792978,0.00651965,33.93867461,0.091498417,5,0,-173.7734141,-0.120580749,0.0,1
,,,7.69,103000.0,0.1787,35.28,1.26,32.79,6.49,4.26,34.78,0.1931,11,0,,,,0
,,,271.71,98899.6,0.7912,31.24,9.41,99.71,170.29,121.34,29.77,0.8099,8,1,,,,1
,,,312.04,98310.8,0.8892,32.08,7.36,97.65,229.16,160.51,33.48,0.888,5,0,,,,1
,,,344.29,98000.0,0.9345,29.78,9.1,100.0,244.77,180.0,31.12,0.941,9,1,,,,1
,,,149.43,100306.2,0.7122,28.73,3.25,86.43,105.0,60.94,29.65,0.6824,9,1,,,,1
,,,288.88,98804.2,0.8116,28.39,6.33,94.67,187.67,111.25,29.88,0.8063,2,0,,,,1
,,,93.98,100323.5,0.6069,29.74,5.1,75.0,56.39,40.0,28.9,0.6141,8,1,,,,1
,,,0.34,102767.0,0.0948,37.43,0.03,27.82,0.3,0.21,35.76,0.0921,11,0,,,,0
,,,95.24,100278.8,0.6365,30.72,5.32,75.0,71.97,48.84,28.74,0.6204,7,1,,,,1
,,,292.18,98865.0,0.9118,28.95,3.29,92.11,163.34,90.79,27.69,0.923,8,1,,,,1
,,,127.14,99942.1,0.6544,34.42,4.5,77.82,81.29,47.87,32.96,0.6815,1,0,,,,1
109.1929732,26.24925128,68.0,0.0,99967.90337,0.132088217,13.2445385,0.741281658,47.08595271,0.0,0.018218,15.03635871,0.138145892,1,0,548.9550693,0.997921198,0.0,1
,,,306.13,98481.6,0.8778,20.0,11.04,96.05,203.15,152.5,19.67,0.9034,9,1,,,,1
,,,108.99,100063.5,0.6101,28.54,4.35,75.0,63.89,43.26,26.99,0.5992,8,1,,,,1
,,,214.37,99813.4,0.7617,29.47,6.07,89.7,127.23,108.13,29.79,0.7418,6,1,,,,1
,,,3.28,102529.4,0.102,20.03,0.16,24.28,2.27,1.71,20.93,0.091,11,0,,,,0
,,,206.54,98945.3,0.7728,20.65,5.76,92.86,162.9,129.58,20.62,0.7482,9,1,,,,1
,,,9.09,102756.6,0.1726,18.35,0.0,32.35,6.6,4.14,17.01,0.1894,11,0,,,,0
109.1929732,26.24925128,68.0,0.000251381,99075.79426,0.088980253,32.07476495,1.491236019,25.54492312,0.000442178,0.000393733,31.54503895,0.087640569,4,0,-135.1734039,-0.496656601,6.0,0
,,,13.66,101696.3,0.1768,34.03,2.02,47.15,10.12,8.58,35.82,0.1751,2,0,,,,0
,,,6.72,102279.3,0.1616,18.05,0.61,33.3,4.45,2.89,16.32,0.1577,5,0,,,,0
,,,18.42,100937.9,0.2552,23.13,2.5,48.17,15.49,11.81,23.97,0.2443,8,1,,,,0
109.1929732,26.24925128,68.0,0.0,100726.3533,0.241917055,13.52768821,1.521418111,71.99833843,0.0,0.073033666,13.69072872,0.246913517,1,0,-20.268452,-0.022782902,0.0,1
,,,283.93,98517.6,0.9164,20.0,6.69,95.28,198.56,166.95,21.24,0.9026,10,0,,,,1
,,,25.34,101223.3,0.2831,25.25,2.67,57.99,20.0,14.84,25.5,0.3025,5,0,,,,0
,,,164.17,99556.2,0.693,22.87,4.47,81.59,95.42,80.5,22.66,0.6763,4,0,,,,1
,,,201.74,99808.7,0.7122,27.19,6.6,86.16,118.68,73.73,28.17,0.7349,8,1,,,,1
,,,26.36,101434.0,0.3477,18.36,3.47,56.23,13.23,10.94,20.03,0.3481,1,0,,,,0
,,,16.41,101881.4,0.2083,18.77,0.48,46.64,8.75,4.62,20.14,0.2174,9,1,,,,0
,,,18.89,101748.2,0.2429,35.42,1.41,46.55,14.74,12.76,36.34,0.2582,6,1,,,,0
,,,163.04,99887.1,0.7162,33.71,4.01,86.35,96.52,56.59,31.85,0.7007,9,1,,,,1
109.1929732,26.24925128,68.0,1.68e-05,100002.8957,0.087346308,26.61026515,1.501745243,57.18462457,5.59e-06,1.93e-05,26.78221351,0.08735852,10,0,-175.614674,-0.113503387,0.0,1
,,,282.86,98660.2,0.835,29.83,6.53,85.4,216.61,125.37,29.02,0.8123,9,1,,,,1
,,,209.86,99831.6,0.7727,29.14,4.84,83.94,121.5,79.41,28.71,0.7538,6,1,,,,1
109.1929732,26.24925128,68.0,0.000433716,100595.1645,0.085520289,16.5040048,0.857572273,65.12490122,0.000167518,0.00043169,16.55066953,0.085622121,1,0,473.988672,0.995070314,0.0,1
,,,27.91,100504.5,0.35,28.34,0.74,57.05,20.0,12.79,26.83,0.36,8,1,,,,0
,,,4.32,101977.9,0.1437,35.72,0.0,36.7,3.45,1.84,35.59,0.1332,11,0,,,,0
,,,9.34,101653.4,0.1883,30.41,1.51,43.21,7.77,4.69,30.28,0.188,7,1,,,,0
,,,0.2,102615.6,0.113,37.04,0.66,20.0,0.16,0.14,35.65,0.0939,4,0,,,,0
,,,5.53,101915.3,0.1216,37.48,1.14,27.71,3.26,1.77,39.19,0.1247,8,1,,,,0
,,,20.31,100734.9,0.2543,33.41,2.6,62.64,12.51,8.4,33.66,0.2597,1,0,,,,0
,,,258.92,99891.0,0.8138,22.78,8.54,86.18,207.76,161.67,23.91,0.8238,7,1,,,,1
,,,14.16,101929.5,0.2082,28.7,1.79,45.47,8.58,4.81,28.52,0.2044,5,0,,,,0
109.1929732,26.24925128,68.0,3.35e-06,100257.5012,0.085092566,25.04644326,0.7086355,36.92689313,3.27e-05,3.42e-05,25.16931395,0.08516688,2,0,-176.228703,-0.288110179,2.0,0
,,,92.52,99773.1,0.6,26.93,3.0,75.0,71.88,52.75,28.48,0.6242,6,1,,,,1
,,,26.53,100783.9,0.3282,35.64,1.49,69.0,14.06,10.39,36.55,0.3477,3,0,,,,0
109.1929732,26.24925128,68.0,0.009457809,99581.10347,0.087173057,29.75732941,1.145064658,41.9041777,0.013273294,0.014658704,29.36549618,0.087320241,10,0,-183.4661933,-0.172114101,0.0,1
,,,3.52,102824.8,0.0821,22.03,0.0,23.9,2.19,1.74,20.61,0.0705,2,0,,,,0
,,,14.93,101678.1,0.1814,29.26,2.58,49.0,11.57,7.04,29.09,0.1915,2,0,,,,0
,,,16.79,102001.9,0.2082,28.45,0.75,42.15,12.49,7.49,28.12,0.1992,11,0,,,,0
,,,212.74,99385.0,0.7521,27.2,5.71,85.58,124.11,78.62,27.86,0.7563,3,0,,,,1
,,,1.65,102269.3,0.1207,26.54,0.44,22.72,1.47,0.98,26.39,0.1312,1,0,,,,0
,,,257.79,98316.9,0.8671,24.36,8.64,90.16,161.81,94.84,24.9,0.8487,9,1,,,,1
,,,298.23,98786.4,0.8543,27.86,9.21,92.67,190.85,118.84,26.51,0.8809,9,1,,,,1
,,,346.52,98534.8,0.95,34.67,9.51,97.52,242.6,180.0,34.03,0.925,6,1,,,,1
,,,189.91,99657.8,0.7377,23.86,6.16,84.48,122.36,99.33,25.19,0.7608,9,1,,,,1
,,,7.91,101321.0,0.1588,21.81,0.0,29.65,7.02,5.0,20.31,0.1664,1,0,,,,0
,,,130.76,99883.0,0.704,21.38,6.2,78.03,108.21,80.9,20.42,0.6758,9,1,,,,1
109.1929732,26.24925128,68.0,7.38e-05,99737.20368,0.086516907,30.08369599,0.121351563,46.79304437,0.000172859,0.005778753,29.62298062,0.08671964,10,0,-155.8211644,-0.211742196,4.0,0
,,,7.54,102414.8,0.1544,18.01,0.0,34.67,3.8,3.18,17.41,0.1476,10,0,,,,0
,,,27.01,100783.6,0.3407,37.86,1.11,59.08,15.35,12.95,38.65,0.3331,4,0,,,,0
109.1929732,26.24925128,68.0,0.007037598,100575.885,0.135877201,17.31958064,2.503303336,70.21092877,0.005229602,0.108733312,17.48378792,0.138651669,2,0,566.7095342,0.725330189,0.0,1
,,,325.61,98626.7,0.9065,27.27,8.75,95.47,250.0,142.36,25.54,0.8976,8,1,,,,1
,,,87.43,100231.2,0.6047,31.95,3.0,79.69,64.73,42.18,32.06,0.5777,6,1,,,,1
,,,0.83,102168.3,0.0922,29.67,0.49,20.0,0.72,0.64,27.81,0.0961,12,0,,,,0
,,,251.19,98919.3,0.8429,28.82,4.73,90.89,157.09,116.68,29.73,0.825,11,0,,,,1
109.1929732,26.24925128,68.0,0.000644867,100253.6656,0.087244181,22.79927838,1.443643787,62.67086181,0.000589505,0.000433383,22.91613835,0.087246177,11,0,653.9012937,1.098584017,0.0,1
,,,244.47,98739.2,0.8431,32.64,5.85,90.27,207.03,151.49,32.94,0.871,6,1,,,,1
,,,0.63,102813.5,0.08,33.29,0.16,20.0,0.48,0.32,31.51,0.0609,7,1,,,,0
,,,9.52,102087.5,0.1396,36.14,0.89,45.22,7.39,5.84,36.47,0.1585,12,0,,,,0
109.1929732,26.24925128,68.0,0.0,99174.59397,0.08374046,34.2121008,2.789249686,28.534157,0.000283876,0.006612499,34.26780297,0.084025076,5,0,-140.6835161,-0.33266197,5.0,0
,,,1.33,102780.9,0.08,27.96,0.31,22.81,0.96,0.59,28.41,0.0888,3,0,,,,0
109.1929732,26.24925128,68.0,0.0,100674.8938,0.085428809,18.20122996,1.821947522,51.44987283,5.33e-05,0.000531099,17.93443623,0.085441964,12,0,-166.8579295,-0.292849966,5.0,0
109.1929732,26.24925128,68.0,2.24e-06,99677.0386,0.089383794,28.64574529,0.844578214,47.48751494,1.49e-06,1.31e-05,28.69164827,0.089476153,10,0,444.1660292,2.377277501,5.0,0
,,,92.54,100383.1,0.6154,20.67,4.07,75.0,66.88,52.27,19.12,0.5882,6,1,,,,1
,,,28.93,100825.7,0.3412,25.67,4.09,65.17,16.8,10.84,26.62,0.3605,5,0,,,,0
109.1929732,26.24925128,68.0,0.000281378,98702.95424,0.086202431,30.72646769,4.691085124,56.57362279,0.001627969,0.001583415,30.3854092,0.086438282,8,1,-179.3093183,-0.326331658,3.0,0
,,,7.09,101823.7,0.1252,20.88,0.67,32.44,6.15,4.55,20.2,0.1251,5,0,,,,0
,,,15.75,102120.6,0.2177,24.49,2.23,43.4,11.85,9.53,23.32,0.2009,1,0,,,,0
,,,22.27,101026.8,0.2768,18.94,3.01,64.78,17.78,10.14,18.26,0.2906,3,0,,,,0
109.1929732,26.24925128,68.0,0.046361139,99504.95449,0.214657641,29.1171829,0.834719246,70.88220847,0.028692958,0.026657692,28.84791839,0.223711493,9,1,573.2850525,45.5357092,4.0,0
,,,10.88,101523.0,0.1701,18.53,1.02,33.82,6.35,5.07,19.68,0.1695,3,0,,,,0
109.1929732,26.24925128,68.0,0.00562699,98684.69762,0.085751833,32.07044128,4.169247113,53.00032994,0.005705774,0.004609012,33.54554405,0.085140717,6,1,-213.7318192,-0.192539108,0.0,1
,,,11.06,101888.8,0.1441,35.59,0.73,38.08,9.53,6.11,35.7,0.1375,6,1,,,,0
,,,184.26,99873.0,0.7238,22.92,3.8,86.28,111.39,88.76,23.56,0.7226,8,1,,,,1
109.1929732,26.24925128,68.0,0.018607496,99097.79853,0.261236018,28.41042249,3.95738559,74.65126675,0.04107568,0.156756693,28.61223571,0.27601353,9,1,-374.6405134,-0.831501352,2.0,0
,,,19.17,101536.9,0.2244,22.38,2.08,49.73,10.62,6.97,20.44,0.2397,2,0,,,,0
,,,181.6,99731.0,0.7271,31.52,3.11,89.27,131.4,94.84,30.63,0.7381,6,1,,,,1
,,,26.2,100500.0,0.2951,18.89,2.46,62.67,17.58,10.38,19.91,0.2914,1,0,,,,0
,,,6.18,102387.1,0.1065,26.4,0.0,26.86,5.03,2.84,26.56,0.1239,11,0,,,,0
,,,18.92,102137.8,0.2885,30.72,1.36,50.64,16.89,10.62,29.01,0.2972,8,1,,,,0
,,,1.63,102038.8,0.08,31.34,0.04,20.0,1.38,0.83,31.81,0.0738,3,0,,,,0
,,,112.28,99923.1,0.6501,31.18,5.74,75.84,84.95,68.29,29.99,0.6571,9,1,,,,1
,,,99.15,100414.2,0.6312,26.4,3.13,79.37,68.43,41.32,24.93,0.6481,5,0,,,,1
109.1929732,26.24925128,68.0,0.0023198,98400.68671,0.087169984,30.16880953,4.373788353,60.28537763,0.001584416,0.001088569,30.56248533,0.088015731,8,1,-205.2219673,-0.156331988,0.0,1
,,,16.21,101576.5,0.2013,33.83,2.72,46.08,13.47,9.66,32.97,0.2205,6,1,,,,0
,,,308.97,98387.1,0.95,24.93,5.31,98.66,249.15,180.0,23.36,0.9488,7,1,,,,1
109.1929732,26.24925128,68.0,0.062747461,99842.25199,0.087255944,29.52641283,0.981176806,50.28231668,0.020926624,0.009272136,29.71489926,0.087293699,10,0,306.137311,67.41472706,12.0,0
,,,274.55,98532.4,0.8302,21.5,6.97,92.07,185.12,106.7,21.98,0.8477,6,1,,,,1
,,,21.52,101627.2,0.2414,24.17,2.37,56.21,14.43,10.55,22.43,0.2479,6,1,,,,0
,,,4.82,101875.3,0.1075,29.16,0.54,27.57,2.83,2.09,27.99,0.0901,5,0,,,,0
,,,161.63,100139.4,0.7848,26.68,5.91,80.19,101.82,58.86,28.04,0.8006,6,1,,,,1
,,,245.29,99381.5,0.8655,31.24,7.49,87.03,165.3,140.01,32.66,0.853,7,1,,,,1
,,,17.14,100873.0,0.2159,32.05,1.86,51.23,10.46,8.06,33.31,0.2246,11,0,,,,0
,,,215.71,99501.1,0.7665,33.66,5.57,85.77,165.14,101.81,33.6,0.7447,6,1,,,,1
,,,23.1,100965.8,0.2875,18.78,2.04,62.19,13.16,11.77,20.62,0.2916,2,0,,,,0
109.1929732,26.24925128,68.0,8.94e-06,100141.479,0.085835087,22.88684884,0.409946193,48.75239477,2.75e-05,1.18e-05,21.97080337,0.085975186,2,0,-195.1689517,-0.287445493,2.0,0
,,,6.32,102312.0,0.1376,23.39,0.0,29.94,5.41,3.89,21.85,0.1294,9,1,,,,0
109.1929732,26.24925128,68.0,0.0,100148.2695,0.086963021,21.05612506,1.158395081,41.53955738,4.18e-05,0.00035516,21.48939583,0.087039708,11,0,-183.0575444,-0.283347157,2.0,0
,,,225.76,99168.4,0.7626,31.58,6.3,89.47,180.49,132.68,30.89,0.7513,6,1,,,,1
,,,23.67,101647.3,0.3023,32.68,1.99,49.82,15.69,11.49,33.4,0.3046,2,0,,,,0
,,,26.06,101011.8,0.3064,18.61,4.17,62.9,16.97,11.39,17.53,0.3137,10,0,,,,0
,,,111.37,100500.0,0.626,34.15,3.67,77.63,65.01,40.42,33.46,0.6291,7,1,,,,1
109.1929732,26.24925128,68.0,0.0,98508.21168,0.080324634,32.96928327,6.754557022,52.59636922,0.000495106,0.002030148,33.69156144,0.080434412,6,1,466.0425048,0.996903355,0.0,1
,,,118.49,100079.6,0.6362,24.24,4.01,75.37,94.33,73.22,24.77,0.6512,8,1,,,,1
109.1929732,26.24925128,68.0,0.0,100800.068,0.087690737,16.07038112,2.556114788,54.97546344,9e-05,0.001539931,16.49821076,0.08774742,1,0,-124.3183836,-0.331773194,6.0,0
,,,20.23,100733.3,0.3051,33.61,2.55,48.86,15.19,13.1,34.46,0.2893,5,0,,,,0
,,,5.87,102169.0,0.1314,23.74,0.66,28.54,3.19,1.7,22.94,0.1387,8,1,,,,0
109.1929732,26.24925128,68.0,0.018709787,98575.36983,0.339711771,30.30034365,5.789019902,73.11299377,0.136587867,0.622832285,29.51670173,0.374191061,7,1,-131.241763,-0.995848621,7.0,0
,,,29.08,100864.1,0.3347,30.7,3.66,61.93,15.34,9.4,32.07,0.3184,11,0,,,,0
109.1929732,26.24925128,68.0,0.009645262,98881.58117,0.096145631,33.79645702,2.615176042,48.21142498,0.130585982,0.058323992,34.24244948,0.088286265,6,1,-214.4660061,-0.215202971,0.0,1
,,,26.81,100891.2,0.2961,23.88,3.82,64.35,14.39,9.34,25.08,0.281,9,1,,,,0
,,,19.69,100846.8,0.2321,34.43,2.85,49.83,13.44,10.45,35.98,0.2172,1,0,,,,0
,,,28.62,100955.2,0.311,21.6,3.84,68.08,20.0,15.0,19.62,0.307,7,1,,,,0
109.1929732,26.24925128,68.0,0.065960947,98671.37947,0.332649656,30.11125474,4.8858047,74.04106694,0.049407614,0.911964484,30.10910045,0.35077891,7,1,375.3133295,895.793722,9.0,0
109.1929732,26.24925128,68.0,0.000433054,99699.72509,0.113542673,22.8336336,0.918748634,65.06703645,0.069565295,0.053320611,24.12179433,0.103633722,3,0,342.7689668,0.999352964,10.0,0
,,,338.92,98000.0,0.9157,22.88,5.93,96.97,201.74,131.42,24.05,0.9275,6,1,,,,1
,,,10.15,101943.0,0.174,35.0,1.8,35.94,8.52,4.67,34.3,0.1554,7,1,,,,0
,,,114.12,100123.7,0.6523,32.87,3.02,80.64,88.66,63.84,30.94,0.6585,11,0,,,,1
,,,130.02,99818.0,0.6519,33.24,4.54,82.77,93.14,60.53,33.59,0.6732,8,1,,,,1
,,,251.6,98260.4,0.8261,28.73,3.88,90.99,171.24,98.65,29.13,0.8282,6,1,,,,1
109.1929732,26.24925128,68.0,0.12029558,99215.80035,0.092030838,34.01805461,3.81232525,52.53729169,0.040594115,0.018972379,33.78607416,0.089626353,5,0,-200.2142267,-0.299035293,2.0,0
109.1929732,26.24925128,68.0,0.055236246,98946.94643,0.165080883,31.84864211,1.01067997,61.30766588,0.064421549,0.040905026,31.40430463,0.177054849,9,1,-330.1230694,-0.144519183,0.0,1
,,,23.39,100500.0,0.2876,20.79,2.92,57.42,18.69,14.19,20.85,0.3047,8,1,,,,0
109.1929732,26.24925128,68.0,0.000300723,100210.3067,0.087277476,20.6426404,0.556736419,49.58229637,0.000200482,9.65e-05,20.41520554,0.087359713,12,0,290.4557369,3.481445372,7.0,0
,,,17.26,101401.9,0.2291,34.88,1.32,42.66,14.56,8.92,36.28,0.2269,3,0,,,,0
109.1929732,26.24925128,68.0,0.0,99704.39255,0.084465279,30.65784458,1.526251392,16.20691778,0.0,0.0,29.93523291,0.084544867,3,0,-198.9997758,-0.158017978,0.0,1
,,,25.45,101076.2,0.2793,37.75,2.6,65.0,16.66,11.06,37.67,0.2899,4,0,,,,0
,,,339.3,98345.4,0.9328,23.11,9.23,100.0,250.0,180.0,23.78,0.9378,9,1,,,,1
,,,319.36,98660.4,0.893,26.83,3.54,96.03,250.0,144.27,25.05,0.8833,6,1,,,,1
,,,28.23,100500.0,0.3017,29.23,3.91,70.0,20.0,15.0,30.49,0.3212,1,0,,,,0
109.1929732,26.24925128,68.0,0.0,99848.18917,0.085701363,28.9806869,1.700327739,25.92573445,0.000292519,0.000301205,28.63576896,0.086050638,3,0,-134.0792553,-0.112964198,0.0,1
,,,123.45,99637.6,0.6,23.01,3.84,77.21,93.83,72.51,21.97,0.5804,3,0,,,,1
,,,11.19,102270.6,0.1429,36.9,0.01,37.8,5.78,4.81,37.17,0.1354,6,1,,,,0
,,,176.27,99330.2,0.7373,20.0,3.0,86.05,99.07,81.05,19.35,0.7205,6,1,,,,1
,,,332.83,98237.0,0.9169,20.0,9.76,100.0,221.88,164.56,18.55,0.8885,6,1,,,,1
,,,24.12,100664.7,0.3189,27.05,2.84,59.14,12.31,7.07,26.95,0.3179,3,0,,,,0
,,,80.9,100500.0,0.6,28.15,3.67,75.0,50.31,40.9,27.68,0.6237,9,1,,,,1
109.1929732,26.24925128,68.0,0.004602942,100752.3197,0.114194167,15.42699373,3.202759287,56.80185597,0.010582279,0.010582279,15.22178774,0.117622412,1,0,659.5155971,inf,0.0,0
,,,91.35,100500.0,0.6419,24.48,3.16,75.0,58.23,44.87,22.53,0.6444,8,1,,,,1
109.1929732,26.24925128,68.0,0.0,100562.6283,0.08631151,17.61385689,0.760520458,61.79936058,0.000839759,0.000862152,18.01792305,0.086154077,1,0,-81.3831188,-0.330157925,8.0,0
,,,18.56,101679.7,0.2369,34.34,2.19,51.91,9.8,8.3,36.14,0.2199,4,0,,,,0
,,,12.15,101955.3,0.1633,37.07,0.7,37.16,6.72,4.78,38.42,0.1693,10,0,,,,0
,,,94.75,100500.0,0.6,23.75,3.0,75.0,67.5,49.01,23.44,0.5988,5,0,,,,1
109.1929732,26.24925128,68.0,0.002155803,99399.86823,0.088807669,29.48385398,2.836327822,28.84565566,0.025248937,0.014078413,30.15036562,0.08912349,4,0,-191.040078,-0.675618236,4.0,0
,,,204.05,99721.4,0.7427,20.25,4.08,89.59,123.28,92.9,19.14,0.7136,8,1,,,,1
,,,14.69,100957.8,0.1975,20.82,0.94,41.47,11.84,10.39,22.27,0.2167,8,1,,,,0
,,,286.39,98287.1,0.8163,30.21,6.14,91.57,186.76,124.82,30.87,0.8196,9,1,,,,1
,,,25.8,100500.0,0.3113,35.68,3.94,60.69,13.46,9.63,36.12,0.3211,11,0,,,,0
,,,1.43,102668.9,0.08,36.21,0.0,21.38,1.18,0.68,36.82,0.0793,3,0,,,,0
,,,26.1,100909.5,0.3253,36.91,1.33,63.88,18.49,9.72,36.69,0.345,1,0,,,,0
109.1929732,26.24925128,68.0,5.81e-05,98332.53538,0.080281016,32.6041034,5.417299161,53.65783738,0.001473025,0.004193577,33.23377419,0.080319648,6,1,-231.9924772,-0.217183753,0.0,1
109.1929732,26.24925128,68.0,0.005178122,98997.47228,0.086202976,32.53376157,1.632390663,54.61813027,0.00628907,0.003494842,32.32997651,0.085754166,9,1,-198.1453684,-0.150839106,0.0,1
,,,210.05,99398.5,0.7602,34.63,7.02,84.31,174.51,145.34,35.71,0.7761,6,1,,,,1
,,,2.91,102725.1,0.0918,34.12,0.44,27.19,2.16,1.61,35.55,0.1084,7,1,,,,0
,,,190.87,99218.6,0.735,29.16,5.41,89.1,140.94,96.33,30.31,0.7082,9,1,,,,1
,,,29.38,100500.0,0.326,31.25,1.72,65.94,20.0,11.78,30.31,0.3109,3,0,,,,0
,,,183.25,99721.3,0.7772,26.35,6.73,82.51,152.73,113.32,26.87,0.7528,3,0,,,,1
109.1929732,26.24925128,68.0,0.0,98503.67769,0.082505816,37.28993253,1.188374899,20.6468447,2.17e-05,1.81e-05,36.41518916,0.082825382,5,0,-209.0940364,-0.15673774,0.0,1
,,,18.56,100892.1,0.2381,19.1,1.42,52.77,13.34,8.72,17.5,0.2567,2,0,,,,0
,,,106.72,100328.3,0.6437,25.36,3.08,76.94,89.79,63.57,25.7,0.6201,7,1,,,,1
,,,300.89,98575.1,0.8337,24.51,8.23,97.59,187.01,158.18,26.23,0.8609,7,1,,,,1
,,,272.34,98363.4,0.8334,22.84,7.72,94.52,152.74,84.5,24.1,0.8128,7,1,,,,1
,,,14.95,101843.0,0.2246,23.26,2.4,40.18,12.05,9.7,21.71,0.2142,12,0,,,,0
109.1929732,26.24925128,68.0,0.283698454,98512.66584,0.227433546,31.3525592,0.718626678,72.23978294,0.436690342,0.225962942,30.34300677,0.230239361,8,1,-216.527765,-0.191836437,0.0,1
,,,8.32,101889.9,0.1476,25.3,0.73,32.59,6.06,4.37,26.97,0.1438,11,0,,,,0
,,,237.55,99503.2,0.8108,26.87,5.68,91.42,174.25,129.75,26.96,0.8331,9,1,,,,1
,,,247.13,99106.0,0.8523,20.48,7.93,90.43,205.99,118.5,19.06,0.848,3,0,,,,1
,,,191.37,99546.5,0.71,33.04,7.77,94.34,109.09,89.99,34.17,0.7195,9,1,,,,1
,,,28.1,100500.0,0.3494,29.91,3.03,69.27,15.04,8.91,31.0,0.3681,3,0,,,,0
109.1929732,26.24925128,68.0,0.000375293,100406.4385,0.087373104,24.46599713,0.696069525,56.16277255,0.000473903,0.008068799,24.35646317,0.087594861,11,0,-183.4026757,-0.282412095,2.0,0
109.1929732,26.24925128,68.0,7.38e-05,99898.69713,0.086024961,29.75893399,0.809893562,29.80332861,0.01037642,0.006157036,29.56348083,0.086537097,4,0,882.5130228,1.2237041,0.0,1
,,,21.5,100796.1,0.2436,29.55,3.43,52.55,17.1,11.5,29.04,0.2486,10,0,,,,0
,,,28.03,100500.0,0.35,36.7,2.76,69.21,16.8,10.91,35.06,0.3453,9,1,,,,0
,,,15.32,101183.9,0.2401,31.34,0.38,51.61,8.7,7.49,31.89,0.2264,12,0,,,,0
,,,194.47,99921.1,0.7077,24.49,5.87,87.1,143.81,81.94,23.56,0.7367,8,1,,,,1
109.1929732,26.24925128,68.0,0.000672164,100001.3907,0.085404591,23.97708406,1.004744209,41.17027016,0.000243105,0.000119751,24.4019806,0.085443683,2,0,-149.5102633,-0.990421583,8.0,0
,,,20.06,100500.0,0.2574,18.16,3.62,45.07,10.76,8.93,17.85,0.2571,1,0,,,,0
,,,183.01,99691.9,0.7598,26.6,3.0,83.2,118.93,83.69,27.27,0.7341,7,1,,,,1
,,,92.51,100500.0,0.6,22.31,3.74,76.86,78.1,43.11,22.69,0.5991,7,1,,,,1
,,,311.58,98005.3,0.8902,30.25,9.13,96.17,182.88,102.46,32.08,0.8945,8,1,,,,1
,,,215.59,99261.9,0.8012,20.0,6.8,91.91,160.65,118.58,19.17,0.7884,12,0,,,,1
,,,164.83,99733.3,0.7542,23.72,4.43,81.58,121.05,97.86,22.97,0.7487,6,1,,,,1
,,,151.85,99689.2,0.6798,29.62,4.94,75.0,88.83,65.3,31.15,0.6668,6,1,,,,1
109.1929732,26.24925128,68.0,7.26e-05,100422.7162,0.085237013,25.03212352,0.244946576,48.45467074,3e-05,0.000145481,24.16958394,0.085325431,2,0,-203.9403343,-0.223483594,1.0,0
,,,285.35,98314.5,0.8783,20.19,8.69,94.12,204.35,149.49,19.42,0.8536,7,1,,,,1
,,,296.06,98419.1,0.8936,20.0,10.16,89.78,184.85,113.63,20.86,0.8751,8,1,,,,1
,,,308.61,98431.2,0.9236,26.81,6.99,99.67,187.15,150.03,26.51,0.9305,8,1,,,,1
109.1929732,26.24925128,68.0,0.005655649,98741.65775,0.10097921,34.26633017,1.036823781,52.92463136,0.008142731,0.052919699,33.02719584,0.10529809,7,1,-168.9434099,-0.220897536,3.0,0
,,,22.32,100843.7,0.2599,30.07,1.5,56.97,18.27,15.0,29.33,0.2514,3,0,,,,0
,,,125.34,99958.0,0.7122,33.9,5.24,84.54,97.8,68.49,33.86,0.7229,6,1,,,,1
,,,148.29,99561.5,0.6843,33.48,5.7,82.27,101.35,80.21,33.14,0.6898,6,1,,,,1
109.1929732,26.24925128,68.0,0.0,99311.43,0.086661066,30.72241503,1.396832935,30.48214668,0.0,0.001679979,30.17377556,0.087895758,4,0,-214.7392457,-0.292347425,2.0,0
109.1929732,26.24925128,68.0,0.066657755,99749.97048,0.089336065,29.82385748,3.458811515,37.57947947,0.024952037,0.013770441,30.6012274,0.089096895,4,0,-191.040078,-0.403205349,3.0,0
109.1929732,26.24925128,68.0,5.72e-05,99753.51866,0.085397055,24.71538816,1.059425953,46.9881546,1.91e-05,3.42e-05,24.20440574,0.085542696,2,0,-149.5102633,-0.497593872,7.0,0
,,,99.65,100108.7,0.6757,29.82,3.29,75.0,69.34,43.07,29.41,0.6492,11,0,,,,1
,,,22.07,101360.0,0.2733,31.39,0.35,57.34,12.44,7.01,30.91,0.2711,12,0,,,,0
,,,305.33,98650.1,0.8947,30.77,8.66,100.0,235.13,164.34,29.88,0.915,9,1,,,,1
,,,17.48,101479.2,0.2269,21.47,0.67,47.74,10.99,6.81,20.36,0.2411,3,0,,,,0
,,,113.3,100500.0,0.6478,20.71,3.36,75.71,95.26,71.15,18.98,0.6261,8,1,,,,1
,,,9.08,101594.5,0.1593,27.74,1.15,35.98,6.47,4.86,29.66,0.1767,12,0,,,,0
,,,277.52,98523.5,0.8749,28.2,7.97,91.48,194.95,120.86,27.72,0.8764,9,1,,,,1
,,,311.86,98082.3,0.8758,27.16,4.89,92.0,197.84,167.73,25.37,0.8739,4,0,,,,1
,,,12.83,101376.3,0.2256,23.07,1.37,41.82,10.54,6.49,22.03,0.228,8,1,,,,0
109.1929732,26.24925128,68.0,0.00205754,99448.82641,0.086039178,32.44601612,0.109340083,40.16984333,0.000745778,0.001694932,31.51269655,0.086652171,9,1,322.5469959,0.983587809,10.0,0
109.1929732,26.24925128,68.0,0.00205754,99448.82641,0.086039178,32.44601612,0.109340083,40.16984333,0.001406712,0.001355175,32.01061162,0.086230355,9,1,630.5879777,0.969425394,0.0,1
,,,139.54,100006.4,0.6684,31.36,4.35,80.91,102.92,83.43,30.34,0.6785,9,1,,,,1
,,,98.15,99947.1,0.6265,31.87,3.98,76.76,80.32,57.97,31.27,0.5989,4,0,,,,1
,,,25.17,100500.0,0.3123,25.72,1.64,65.03,15.94,11.18,25.18,0.2927,8,1,,,,0
,,,112.19,99924.3,0.6742,27.26,3.51,75.0,80.18,53.34,28.42,0.6576,8,1,,,,1
,,,100.75,100500.0,0.6293,29.96,3.0,75.0,65.58,53.8,28.04,0.6052,8,1,,,,1
109.1929732,26.24925128,68.0,0.001259638,100545.1554,0.08607536,18.21995612,0.984958254,59.98296097,0.001570947,0.00071206,17.37011833,0.085894983,1,0,7.557324963,0.083909143,6.0,0
,,,4.42,102663.9,0.1306,34.96,0.35,27.38,3.03,1.59,34.85,0.1485,7,1,,,,0
,,,85.07,100500.0,0.6089,20.92,3.0,75.08,55.16,42.12,21.48,0.602,2,0,,,,1
,,,134.26,100420.8,0.6639,20.23,3.0,80.19,81.4,65.02,19.41,0.6601,6,1,,,,1
,,,9.62,102049.3,0.1615,23.4,1.85,40.64,8.07,4.53,24.68,0.1698,4,0,,,,0
,,,142.43,100321.7,0.6353,28.13,4.27,83.74,78.48,45.63,28.71,0.6308,7,1,,,,1
,,,263.56,98303.9,0.78,20.0,6.51,94.74,168.04,112.18,21.15,0.7772,10,0,,,,1
,,,9.84,102001.9,0.1543,32.64,0.46,41.45,5.79,3.8,33.37,0.1627,4,0,,,,0
109.1929732,26.24925128,68.0,0.0,100533.694,0.088582702,15.96996228,1.919075319,35.20189468,0.000109899,0.049678278,16.09989458,0.089887807,3,0,-20.61278049,-0.019751478,0.0,1
,,,221.18,99050.9,0.8053,20.11,8.4,91.51,132.22,87.78,18.14,0.7989,11,0,,,,1
,,,1.56,101504.2,0.1317,18.99,0.0,28.44,1.05,0.61,18.93,0.1119,10,0,,,,0
,,,27.2,100978.0,0.3089,37.73,4.47,64.66,20.0,15.0,36.62,0.2995,10,0,,,,0
,,,27.66,100500.0,0.2904,20.87,4.63,61.12,20.0,15.0,19.44,0.304,8,1,,,,0
,,,16.18,100687.3,0.2292,22.98,2.21,43.2,8.52,7.38,22.1,0.237,6,1,,,,0
,,,80.52,100500.0,0.6492,27.69,4.0,75.0,68.17,52.42,28.21,0.6255,7,1,,,,1
,,,25.47,100779.9,0.2865,37.01,4.63,54.2,16.36,11.54,37.37,0.2675,11,0,,,,0
,,,18.18,101192.2,0.2679,19.23,1.31,50.79,10.73,7.51,19.74,0.2493,1,0,,,,0
,,,28.81,100500.0,0.336,34.09,4.55,70.0,20.0,14.26,32.18,0.3469,10,0,,,,0
,,,118.5,100018.4,0.6777,20.42,4.16,81.32,71.27,54.49,19.51,0.7075,9,1,,,,1
109.1929732,26.24925128,68.0,3.56e-05,98638.24819,0.080090345,35.89945872,3.537672319,32.9406218,2.6e-05,0.000804691,36.49765479,0.08014675,5,0,241.6513673,2.497217338,5.0,0
,,,253.18,98845.2,0.7808,21.68,9.47,87.36,157.27,105.01,23.17,0.7763,10,0,,,,1
,,,205.93,99276.6,0.7502,20.01,5.54,87.97,170.33,132.49,20.52,0.7755,8,1,,,,1
109.1929732,26.24925128,68.0,2.57e-05,100137.194,0.085495737,19.37264717,1.525365211,59.02162425,1.15e-05,4.95e-06,19.67705038,0.085495631,12,0,-163.1674465,-0.219938532,4.0,0
,,,14.77,102034.9,0.2433,36.0,2.6,41.09,12.02,8.68,37.58,0.2443,1,0,,,,0
,,,165.49,99369.2,0.7637,30.15,4.44,85.71,115.38,76.81,30.66,0.7363,2,0,,,,1
109.1929732,26.24925128,68.0,0.0001,100289.1816,0.085749186,23.44356755,1.389370046,55.9442841,6.08e-05,2.61e-05,22.78603948,0.085858477,2,0,-195.1689517,-0.403401411,3.0,0
,,,15.64,101486.0,0.2365,18.37,1.97,40.09,13.0,9.48,17.04,0.2495,5,0,,,,0
,,,21.68,100718.9,0.2889,28.02,1.54,52.9,16.92,11.27,27.0,0.3088,6,1,,,,0
,,,170.3,99395.3,0.7151,25.75,4.95,87.55,118.17,79.94,26.72,0.6871,6,1,,,,1
,,,93.39,100392.8,0.6,23.96,3.0,79.11,64.58,40.0,24.88,0.5913,8,1,,,,1
,,,20.89,101152.2,0.2238,31.43,2.49,53.32,14.99,11.43,29.68,0.2252,7,1,,,,0
,,,346.76,98096.4,0.939,30.84,7.95,98.48,202.73,117.02,32.1,0.9121,8,1,,,,1
,,,233.18,99447.9,0.7574,33.71,3.82,88.71,193.57,114.19,35.39,0.748,8,1,,,,1
,,,284.74,98387.9,0.8572,20.0,5.14,96.66,205.88,120.9,20.66,0.8611,9,1,,,,1
,,,84.38,100094.8,0.6,22.54,3.35,78.32,50.0,40.0,21.42,0.6271,8,1,,,,1
,,,219.2,99359.4,0.7602,20.0,5.74,82.3,183.17,126.14,21.88,0.7405,7,1,,,,1
109.1929732,26.24925128,68.0,0.0,100556.5468,0.085412921,18.12755514,2.064826543,58.73717794,0.000153823,0.000140507,18.31845005,0.085392951,12,0,-71.89738929,-0.33191247,9.0,0
109.1929732,26.24925128,68.0,0.0,99967.90337,0.132088217,13.2445385,0.741281658,47.08595271,0.0,0.013021062,13.46086778,0.134070925,1,0,351.2561153,0.319598688,0.0,1
,,,201.99,99226.2,0.755,34.46,6.65,87.72,161.76,114.69,32.53,0.75,7,1,,,,1
,,,11.33,100738.1,0.1809,31.61,1.16,46.12,7.94,4.19,32.24,0.1879,5,0,,,,0
,,,10.89,101192.6,0.1681,27.36,0.2,35.89,8.94,7.57,26.14,0.1563,7,1,,,,0
,,,296.39,98316.4,0.8742,33.23,5.79,93.21,211.54,148.26,32.26,0.8531,6,1,,,,1
,,,4.19,101576.7,0.1152,22.06,1.25,27.92,2.45,1.82,22.58,0.1327,5,0,,,,0
109.1929732,26.24925128,68.0,0.000657933,99032.66648,0.085593611,30.07843937,5.066206574,55.36523571,0.001882575,0.002472356,30.15536872,0.08558327,9,1,843.7189593,1.140556697,0.0,1
,,,17.15,101222.6,0.2419,21.57,1.65,52.16,12.5,8.43,22.34,0.2402,5,0,,,,0
,,,87.61,99742.3,0.6054,32.45,3.29,75.0,60.79,51.56,31.01,0.5897,8,1,,,,1
109.1929732,26.24925128,68.0,1.132310884,98837.2425,0.40922409,27.904294,2.768939896,85.67815629,0.959598201,0.672453383,27.47053845,0.409725644,8,1,-154.4078659,-0.121332785,0.0,1
109.1929732,26.24925128,68.0,2.14e-05,98242.87592,0.084837945,34.05453025,4.832098491,53.16584028,0.002548081,0.008034623,34.38265431,0.084952811,7,1,412.6754245,0.998117763,0.0,1
,,,29.9,100500.0,0.325,33.62,2.22,70.0,19.9,15.0,33.41,0.3199,7,1,,,,0
,,,330.8,98394.4,0.9328,20.51,7.55,99.28,219.45,163.79,18.58,0.9444,9,1,,,,1
,,,13.71,102004.1,0.1856,32.91,0.27,42.99,10.63,6.78,31.47,0.1962,1,0,,,,0
,,,3.09,102226.5,0.1179,24.61,0.95,23.64,1.82,0.93,25.04,0.1318,12,0,,,,0
109.1929732,26.24925128,68.0,0.036378569,100647.2887,0.165145641,15.7419097,1.376305658,68.50646909,0.026802018,0.011486579,15.27370496,0.174354756,1,0,-212.2899209,-0.650119937,4.0,0
,,,167.73,99957.9,0.7189,27.35,4.94,82.89,130.47,103.63,26.57,0.7329,9,1,,,,1
109.1929732,26.24925128,68.0,4.47e-06,100135.5121,0.085495577,19.82925198,0.373747941,56.26010456,2.98e-06,1.28e-06,19.63569401,0.085506157,12,0,241.3011044,0.482046518,3.0,0
109.1929732,26.24925128,68.0,0.000176571,100721.7328,0.088050788,15.11463424,2.673252563,70.41653172,0.005132651,0.003295885,14.84832192,0.087144506,1,0,-163.6332071,-0.287590509,5.0,0
109.1929732,26.24925128,68.0,0.013327811,99949.33,0.105339434,27.81702862,2.550268707,57.22477791,0.121742504,0.075102927,27.15312756,0.102522692,4,0,-92.25780188,-0.498961473,7.0,0
,,,246.04,98670.7,0.756,24.79,4.62,90.59,156.58,90.54,26.34,0.7799,6,1,,,,1
109.1929732,26.24925128,68.0,3.24e-05,99718.51034,0.087193706,29.78302358,1.973040384,49.52008022,1.45e-05,0.000478002,29.79626674,0.087464089,10,0,-87.36441978,-0.95058943,11.0,0
,,,27.13,100978.0,0.3244,26.76,3.47,58.95,20.0,12.05,27.98,0.3085,11,0,,,,0
,,,302.01,98276.9,0.8492,29.87,7.49,98.41,185.92,136.21,28.34,0.8706,9,1,,,,1
,,,204.64,99172.7,0.7803,33.7,4.24,80.8,134.15,87.9,32.77,0.8041,9,1,,,,1
109.1929732,26.24925128,68.0,0.845007451,98306.72218,0.246720194,31.30910691,3.243738759,73.01188227,0.710079304,0.550675914,31.45432678,0.23535892,8,1,145.2723625,0.553209356,4.0,0
,,,226.91,99542.9,0.7903,20.0,6.53,87.59,173.74,119.0,19.04,0.7847,3,0,,,,1
,,,2.25,102406.2,0.1203,35.11,0.5,23.08,1.65,1.44,34.92,0.1402,7,1,,,,0
109.1929732,26.24925128,68.0,0.000818778,98869.56402,0.091917256,32.61831933,1.924840516,55.01563025,0.001200014,0.001923349,32.26209355,0.093150147,9,1,-148.5172013,-0.346823114,6.0,0
,,,338.38,98227.2,0.8802,25.86,6.33,100.0,214.99,159.42,25.61,0.9082,9,1,,,,1
109.1929732,26.24925128,68.0,7.97e-06,99359.02783,0.085891302,27.56215877,4.283544232,39.61909292,0.000102118,0.00184197,27.1925811,0.08631039,4,0,-213.6950859,-0.205631807,0.0,1
,,,183.35,99506.3,0.7475,21.89,7.23,84.14,152.91,88.9,21.24,0.7256,9,1,,,,1
,,,11.36,101722.2,0.199,36.76,0.94,46.11,9.72,8.18,35.7,0.182,7,1,,,,0
,,,344.27,98382.4,0.95,29.81,10.03,100.0,250.0,180.0,29.17,0.9213,12,0,,,,1
109.1929732,26.24925128,68.0,0.003453011,99147.60979,0.091126809,32.1248701,2.168469521,58.4789177,0.002574933,0.00209311,32.28935318,0.091390291,9,1,138.6320644,1.056748736,8.0,0
,,,20.64,101363.7,0.2847,29.32,1.49,54.05,11.9,9.98,28.45,0.2667,5,0,,,,0
,,,271.7,98784.6,0.8287,24.33,5.44,91.49,161.79,91.29,23.58,0.8102,7,1,,,,1
,,,1.19,102470.5,0.0893,30.79,0.37,24.53,0.72,0.48,31.87,0.0955,3,0,,,,0
,,,93.56,100440.7,0.6013,26.04,3.0,79.2,74.91,48.22,26.26,0.6046,10,0,,,,1
,,,19.81,101507.1,0.2756,23.02,2.33,50.06,16.84,9.46,24.45,0.2819,8,1,,,,0
109.1929732,26.24925128,68.0,5.81e-05,99988.79026,0.084988897,28.43660091,1.046371448,24.47889688,0.000122786,0.001840995,26.61728937,0.085221728,3,0,-186.3570018,-0.408502252,3.0,0
,,,4.41,101716.1,0.1047,26.61,0.0,20.0,2.41,1.26,26.12,0.0902,9,1,,,,0
,,,14.28,101754.6,0.2115,23.56,0.09,36.67,8.08,5.99,21.69,0.216,8,1,,,,0
,,,231.57,98797.9,0.839,21.43,7.26,87.18,185.47,113.68,22.68,0.8414,8,1,,,,1
,,,121.11,99920.3,0.6498,26.56,4.15,80.67,74.2,58.97,26.52,0.6232,6,1,,,,1
,,,308.3,98196.3,0.9141,24.46,10.45,94.88,250.0,180.0,22.69,0.9408,9,1,,,,1
,,,200.43,99335.0,0.7851,26.36,6.48,82.07,141.94,118.06,27.07,0.7961,7,1,,,,1
,,,0.04,103000.0,0.08,21.61,0.0,29.13,0.02,0.02,23.39,0.0714,5,0,,,,0
,,,7.24,101992.6,0.1449,22.17,1.78,35.27,4.78,3.19,22.3,0.1354,9,1,,,,0
,,,244.65,98921.1,0.8535,24.89,5.16,85.68,176.22,138.01,26.6,0.8324,7,1,,,,1
,,,247.65,99103.7,0.8461,25.9,5.65,91.15,152.69,106.38,25.34,0.8557,8,1,,,,1
,,,295.71,98113.6,0.8788,29.65,6.36,99.57,249.65,180.0,28.85,0.8633,7,1,,,,1
109.1929732,26.24925128,68.0,3.542125772,98746.85343,0.423587506,25.65579607,2.641920657,89.93887296,1.981174078,1.540927937,26.7057512,0.405474148,8,1,-290.0307116,-0.491970842,2.0,0
,,,316.25,98580.7,0.9227,25.15,9.83,97.99,241.64,172.68,26.28,0.9127,7,1,,,,1
,,,14.33,101731.9,0.2164,34.24,1.06,45.72,11.1,6.58,35.74,0.2079,9,1,,,,0
109.1929732,26.24925128,68.0,0.001265103,99340.53891,0.088727885,30.83643933,2.15984934,40.6976832,0.007570891,0.003278515,31.28787077,0.086070073,4,0,-191.040078,-0.223208017,1.0,0
,,,14.48,101201.6,0.2258,27.55,2.84,40.98,9.53,6.62,27.6,0.229,1,0,,,,0
,,,182.81,99581.6,0.7867,33.43,5.05,84.67,111.83,91.91,32.85,0.792,9,1,,,,1
,,,23.02,101060.3,0.2659,37.23,4.26,50.67,18.35,12.22,38.08,0.2745,8,1,,,,0
,,,18.85,101254.9,0.2266,32.76,3.19,55.03,9.68,8.66,30.87,0.2302,1,0,,,,0
,,,27.58,101111.8,0.3373,31.21,1.98,60.07,20.0,13.55,31.62,0.3185,6,1,,,,0
,,,17.25,101584.0,0.2484,27.66,1.92,50.08,8.95,6.03,28.4,0.2474,4,0,,,,0
,,,9.38,102182.1,0.1443,36.4,0.45,43.95,5.16,2.68,35.06,0.1538,9,1,,,,0
,,,9.51,102543.6,0.1914,22.51,0.96,39.14,7.09,3.76,24.24,0.2019,6,1,,,,0
,,,138.73,100075.1,0.6819,20.0,4.39,79.74,89.1,60.17,18.28,0.6658,7,1,,,,1
,,,283.52,98905.4,0.8987,32.62,8.87,94.98,177.21,135.36,33.18,0.9126,4,0,,,,1
,,,138.95,99933.0,0.6919,30.99,4.93,75.0,94.93,68.45,29.14,0.6651,7,1,,,,1
,,,136.04,99875.8,0.6701,22.99,3.35,77.74,101.16,85.46,22.55,0.6715,9,1,,,,1
109.1929732,26.24925128,68.0,0.019804359,99573.27717,0.097526918,25.12859792,1.990696999,49.34236501,0.037267325,0.045847273,24.80040322,0.103064155,3,0,-99.59692257,-0.109642284,0.0,1
,,,28.81,100743.4,0.3028,30.95,2.7,70.0,20.0,12.18,32.48,0.3023,7,1,,,,0
,,,13.96,101551.3,0.225,23.14,1.43,45.21,10.69,9.35,22.6,0.2193,12,0,,,,0
,,,14.88,101634.6,0.2236,30.24,0.0,38.85,7.58,5.71,31.9,0.2149,9,1,,,,0
,,,15.62,100892.7,0.21,23.4,1.54,41.79,11.22,6.47,23.34,0.2006,3,0,,,,0
,,,341.36,98173.7,0.912,33.82,6.83,94.63,245.17,180.0,32.5,0.9128,6,1,,,,1
,,,338.67,98114.9,0.9481,22.24,6.48,97.9,230.72,173.54,21.52,0.9581,10,0,,,,1
,,,17.06,101979.9,0.2074,19.57,0.99,52.24,12.68,10.99,21.17,0.2038,10,0,,,,0
,,,113.07,100157.7,0.661,27.32,3.46,76.57,78.07,63.06,28.59,0.6506,12,0,,,,1
,,,337.68,98684.5,0.9274,25.19,10.09,95.37,250.0,180.0,25.27,0.9306,10,0,,,,1
,,,26.17,101176.3,0.3078,20.09,2.57,58.25,14.71,10.05,21.88,0.2918,7,1,,,,0
,,,29.19,100500.0,0.35,35.05,1.92,70.0,20.0,12.85,35.38,0.368,7,1,,,,0
,,,19.13,101873.2,0.2314,21.86,2.33,55.41,11.96,10.36,21.07,0.245,12,0,,,,0
,,,25.34,100682.4,0.3096,34.76,0.81,61.93,17.49,11.86,36.5,0.3272,4,0,,,,0
,,,283.08,98794.1,0.8901,20.88,9.33,89.35,219.12,176.23,22.55,0.877,2,0,,,,1
109.1929732,26.24925128,68.0,0.0,99504.88592,0.085746175,29.31790135,1.202099322,45.70825627,8.2e-06,3.02e-05,30.06200348,0.085743824,10,0,-178.0138199,-0.214766322,1.0,0
,,,177.02,99414.3,0.7807,22.77,5.49,84.03,138.85,77.08,24.71,0.7522,6,1,,,,1
,,,185.16,99205.0,0.7758,25.91,6.3,86.29,119.34,95.6,26.58,0.7609,6,1,,,,1
,,,336.99,98353.0,0.8943,23.75,9.69,96.06,244.21,180.0,22.58,0.8739,7,1,,,,1
,,,244.4,99008.1,0.7978,20.0,5.89,89.24,136.48,90.99,20.14,0.7901,9,1,,,,1
,,,136.73,99609.9,0.6489,29.69,3.0,78.83,90.18,56.28,28.26,0.6496,9,1,,,,1
,,,177.6,99320.3,0.7659,30.0,4.33,87.16,144.53,82.43,30.1,0.7885,9,1,,,,1
,,,7.65,101603.3,0.127,19.07,0.49,33.24,5.59,3.7,19.61,0.1332,5,0,,,,0
,,,27.62,100621.3,0.348,26.44,4.06,58.58,16.55,8.91,24.68,0.3448,1,0,,,,0
,,,2.27,102655.1,0.0997,33.36,0.0,20.17,1.98,1.72,34.58,0.1163,6,1,,,,0
109.1929732,26.24925128,68.0,0.055236246,98946.94643,0.165080883,31.84864211,1.01067997,61.30766588,0.057942239,0.045644055,31.79922323,0.168767355,9,1,-191.9321181,-0.098217077,0.0,1
,,,281.67,98592.2,0.827,32.53,10.63,90.97,194.0,143.98,33.73,0.8277,10,0,,,,1
,,,29.96,100883.9,0.35,26.5,5.0,68.17,20.0,11.04,27.79,0.3382,8,1,,,,0
,,,303.59,98345.4,0.8816,25.24,5.14,93.23,201.81,150.36,25.62,0.8967,11,0,,,,1
,,,0.53,102579.2,0.0995,34.15,0.04,23.3,0.4,0.24,33.5,0.0856,8,1,,,,0
,,,12.24,101395.0,0.1898,37.47,0.43,38.04,9.61,7.02,38.96,0.1837,9,1,,,,0
,,,242.09,98834.9,0.797,32.54,6.21,90.08,187.21,116.76,31.86,0.7765,6,1,,,,1
109.1929732,26.24925128,68.0,0.0,99450.98996,0.085181753,30.04262025,2.958413058,38.10450152,0.0,0.000613553,31.68905902,0.085341803,9,1,-194.7204679,-0.218388773,1.0,0
,,,0.03,102673.4,0.08,29.53,0.0,24.66,0.01,0.01,27.97,0.0616,7,1,,,,0
,,,298.87,98592.6,0.9393,32.38,7.37,93.86,201.53,153.69,32.42,0.9437,9,1,,,,1
,,,15.05,101645.0,0.2272,19.53,1.41,47.55,7.97,6.86,19.51,0.2217,1,0,,,,0
109.1929732,26.24925128,68.0,1.12e-05,100022.0693,0.107028296,17.66974511,0.660720648,66.25865285,3.73e-06,4.44e-05,16.81194726,0.10966187,1,0,-249.4179563,-0.671645447,3.0,0
,,,18.96,101046.0,0.2478,29.84,0.69,55.43,13.68,9.86,31.72,0.2558,6,1,,,,0
109.1929732,26.24925128,68.0,0.001526377,100457.3916,0.085594287,15.53192661,2.225122135,66.5683973,0.001244055,0.000708793,15.84635722,0.085566035,1,0,-229.7667145,-0.236114864,1.0,0
,,,13.06,101529.4,0.1587,34.0,1.86,38.95,9.7,8.72,34.87,0.1604,9,1,,,,0
,,,270.06,98470.6,0.8343,25.24,8.39,88.63,216.25,138.98,27.19,0.8356,7,1,,,,1
,,,29.44,100602.5,0.3363,23.52,4.64,70.0,20.0,12.34,21.68,0.3487,2,0,,,,0
,,,137.34,99673.4,0.6576,25.96,4.66,79.91,104.64,82.07,27.62,0.6373,9,1,,,,1
109.1929732,26.24925128,68.0,0.000219282,99886.41612,0.087108838,20.92064148,1.346889809,40.15333936,0.000146188,0.000175262,21.02414952,0.087264142,2,0,126.5574269,0.158253382,0.0,1
109.1929732,26.24925128,68.0,0.012191826,100049.4236,0.090315748,21.53781528,1.307432549,50.7413329,0.004127751,0.036989361,19.53219777,0.092050242,2,0,149.0404038,133.1327515,9.0,0
,,,19.04,101153.8,0.2341,36.44,2.84,51.42,10.04,8.46,38.37,0.2343,8,1,,,,0
,,,110.44,99816.4,0.6058,20.12,4.52,79.75,65.12,50.86,20.64,0.592,8,1,,,,1
,,,280.96,98544.6,0.8504,23.7,7.7,90.88,197.79,143.98,24.89,0.8535,9,1,,,,1
,,,20.73,101457.9,0.2934,29.86,2.26,54.99,18.37,13.53,27.89,0.2823,11,0,,,,0
,,,25.46,100500.0,0.2676,24.73,1.5,67.43,17.74,10.77,26.04,0.2579,3,0,,,,0
,,,173.74,99695.9,0.7634,27.05,5.43,81.78,96.78,66.11,26.64,0.7743,6,1,,,,1
,,,0.8,102557.8,0.08,31.59,0.54,20.0,0.52,0.38,33.33,0.0655,7,1,,,,0
109.1929732,26.24925128,68.0,0.0,100670.2922,0.086634601,14.8173267,3.050616911,62.65673762,5.29e-05,3.49e-05,15.02009365,0.086566748,12,0,-69.15169139,-0.985722194,8.0,0
,,,173.46,99181.9,0.7049,22.94,5.57,83.65,106.8,82.86,20.99,0.7172,8,1,,,,1
,,,6.92,102194.0,0.1325,21.62,0.49,35.04,6.18,5.46,22.35,0.1396,7,1,,,,0
109.1929732,26.24925128,68.0,0.000284993,100155.2292,0.089619825,15.49763972,0.729168063,28.27343972,0.055975195,0.049700676,17.56942895,0.09070815,3,0,-20.61278049,-0.019368913,0.0,1
,,,212.36,99045.2,0.8001,31.85,3.98,82.67,157.25,102.24,33.79,0.824,6,1,,,,1
,,,23.54,101159.1,0.3076,26.14,2.64,60.36,13.29,7.79,24.21,0.3002,1,0,,,,0
,,,14.58,101230.8,0.1386,34.78,0.9,43.72,7.75,6.81,36.49,0.1453,3,0,,,,0
109.1929732,26.24925128,68.0,0.000662749,99925.83223,0.085696197,28.83504369,0.759044846,45.75183132,0.000220916,9.47e-05,28.92128207,0.085749324,11,0,-160.4263934,-0.383404,6.0,0
,,,1.26,101923.6,0.1042,35.46,0.0,22.57,0.91,0.79,37.38,0.0909,4,0,,,,0
,,,343.89,98052.0,0.9297,20.0,9.03,100.0,234.73,139.38,20.01,0.9521,9,1,,,,1
,,,23.13,100657.8,0.2636,21.14,2.8,52.52,17.75,14.1,21.44,0.2537,12,0,,,,0
,,,28.76,100500.0,0.3368,29.67,1.83,62.4,15.32,11.03,30.46,0.353,12,0,,,,0
,,,3.46,102133.9,0.1014,28.13,0.01,30.1,2.6,2.06,28.82,0.1013,4,0,,,,0
,,,27.81,100500.0,0.323,25.37,3.34,61.54,19.64,15.0,24.88,0.3349,7,1,,,,0
,,,136.19,99504.7,0.6742,24.43,5.83,78.69,79.44,65.2,25.45,0.6901,9,1,,,,1
109.1929732,26.24925128,68.0,0.0,100655.0441,0.085565079,17.80831399,2.572024618,53.78349855,4.84e-06,4.02e-05,18.11283818,0.085570047,12,0,-76.53402459,-0.497860683,10.0,0
,,,260.32,98000.0,0.8302,30.03,6.37,83.76,168.39,126.52,29.78,0.8351,6,1,,,,1
,,,136.78,99853.9,0.6412,32.62,4.67,75.64,109.73,86.2,31.71,0.6255,3,0,,,,1
,,,131.39,99587.9,0.6939,32.83,4.09,80.88,74.87,60.06,34.69,0.6886,6,1,,,,1
109.1929732,26.24925128,68.0,0.004602942,100752.3197,0.114194167,15.42699373,3.202759287,56.80185597,0.008589166,0.008589166,15.29018974,0.116479664,1,0,391.6495494,0.593844256,0.0,1
,,,299.71,98924.7,0.8567,21.85,9.0,94.86,169.61,112.4,22.28,0.8484,7,1,,,,1
109.1929732,26.24925128,68.0,0.006306039,100456.9037,0.085896175,23.07111168,1.239678533,51.06351858,0.00210206,0.00115157,22.95420437,0.08604358,11,0,324.21857,306.0045039,9.0,0
,,,331.01,98000.0,0.9389,34.4,6.21,100.0,212.45,158.73,35.0,0.9653,9,1,,,,1
,,,15.75,101110.8,0.2527,23.0,1.27,49.21,14.08,12.43,22.72,0.2621,1,0,,,,0
,,,29.95,100813.0,0.35,30.34,2.28,70.0,17.79,13.81,29.64,0.3462,7,1,,,,0
,,,161.93,99184.0,0.7506,28.34,5.63,77.17,120.39,77.56,28.68,0.7429,6,1,,,,1
,,,231.51,99444.5,0.7744,33.51,6.07,92.04,187.05,134.16,33.3,0.8029,7,1,,,,1
,,,16.6,101890.7,0.1829,25.64,2.21,54.45,10.59,9.52,27.4,0.1703,11,0,,,,0
,,,8.73,102094.4,0.1433,20.39,1.37,30.01,4.89,2.5,22.25,0.1605,6,1,,,,0
,,,283.28,99099.3,0.9285,21.73,9.49,95.23,181.95,108.8,23.02,0.925,10,0,,,,1
109.1929732,26.24925128,68.0,0.000391351,98843.13613,0.147490383,30.47398985,3.941124924,67.24670467,0.000804488,0.001238696,30.47263233,0.152962076,8,1,463.810775,4.482879424,4.0,0
109.1929732,26.24925128,68.0,0.00092791,100077.7395,0.090936559,19.1545125,1.660957636,39.29235459,0.000309303,0.001563706,18.78419523,0.091620502,2,0,-91.58865229,-0.330682119,5.0,0
,,,312.46,98448.5,0.9228,23.42,5.87,98.21,192.48,120.11,22.74,0.8997,9,1,,,,1
,,,154.36,99601.8,0.6709,25.64,5.18,84.08,104.86,76.89,26.4,0.6553,10,0,,,,1
,,,2.07,102245.8,0.0897,35.47,0.13,23.27,1.48,1.23,37.06,0.0787,8,1,,,,0
,,,325.3,98408.3,0.9089,21.45,6.31,99.51,248.15,180.0,20.23,0.8971,10,0,,,,1
109.1929732,26.24925128,68.0,0.0,100458.4958,0.085930488,18.52001527,0.259688114,61.95779921,0.000419879,0.000862152,18.11794276,0.086105786,1,0,-81.3831188,-0.4928892,9.0,0
,,,137.55,99799.2,0.7374,32.94,4.94,82.47,109.51,81.54,32.14,0.7453,6,1,,,,1
109.1929732,26.24925128,68.0,0.000351818,100052.5771,0.09115737,28.68893005,0.393656491,45.83196971,0.006060957,0.003688431,28.78729133,0.092361322,10,0,-171.4671802,-0.213477453,1.0,0
,,,24.34,100500.0,0.284,19.69,1.34,56.94,20.0,11.93,17.99,0.2785,9,1,,,,0
,,,212.45,98915.2,0.7337,26.49,8.79,87.11,144.94,94.44,25.27,0.7291,11,0,,,,1
,,,13.52,101474.1,0.1923,24.19,0.42,44.87,10.37,5.58,23.58,0.206,3,0,,,,0
,,,29.07,100969.1,0.3275,31.17,1.41,66.79,17.59,12.51,31.33,0.3297,6,1,,,,0
109.1929732,26.24925128,68.0,4.47e-06,100135.5121,0.085495577,19.82925198,0.373747941,56.26010456,1.49e-06,6.39e-07,19.54485659,0.085527058,12,0,-164.443903,-0.24727652,2.0,0
,,,25.42,101077.0,0.3168,26.86,1.83,64.0,20.0,12.64,24.88,0.3076,4,0,,,,0
,,,111.08,100500.0,0.6417,33.24,3.94,83.25,65.61,49.01,33.33,0.6604,7,1,,,,1
,,,4.76,101469.2,0.1223,31.94,0.22,29.43,2.63,1.59,33.86,0.1352,6,1,,,,0
,,,16.31,100810.5,0.2311,26.29,1.4,48.12,10.0,8.28,27.32,0.2471,11,0,,,,0
109.1929732,26.24925128,68.0,0.000423504,100535.9482,0.274042716,13.10042072,0.666544361,75.05791648,0.005215866,0.354664613,13.05460275,0.303051764,1,0,-37.11915383,-0.99319666,7.0,0
,,,332.0,98045.1,0.9188,21.51,8.32,96.98,191.84,106.55,22.77,0.8915,2,0,,,,1
,,,7.55,102166.4,0.1417,36.05,1.51,38.56,4.46,3.28,36.35,0.1592,7,1,,,,0
,,,2.87,101969.5,0.0848,25.18,0.61,23.31,2.5,1.44,26.64,0.0893,7,1,,,,0
109.1929732,26.24925128,68.0,0.0,99591.82798,0.084912112,31.17854561,2.878216468,46.57525211,0.000364344,0.000179937,31.22415653,0.084948869,10,0,307.9275652,0.987802624,12.0,0
,,,90.1,100292.3,0.6344,32.66,3.0,77.99,61.05,41.03,30.87,0.661,7,1,,,,1
,,,192.43,99475.4,0.8219,32.56,6.73,88.75,114.6,94.29,32.93,0.8494,11,0,,,,1
,,,29.43,100599.4,0.35,32.49,1.84,68.57,20.0,12.11,33.96,0.3475,11,0,,,,0
,,,18.72,101518.4,0.2419,35.08,1.91,47.33,15.21,10.82,33.5,0.2265,4,0,,,,0
,,,228.67,99205.0,0.8728,20.0,5.8,89.31,130.99,91.77,18.56,0.8748,4,0,,,,1
,,,88.67,100388.9,0.6,32.47,3.0,76.42,53.86,40.0,33.69,0.6258,7,1,,,,1
,,,313.29,98485.0,0.8957,30.37,9.3,91.8,187.6,154.08,31.09,0.8906,6,1,,,,1
109.1929732,26.24925128,68.0,0.018274783,100720.5637,0.095043391,18.44740874,0.809663988,47.13114814,0.015153473,0.008379268,18.6842068,0.097489363,2,0,-200.8496809,-0.635251717,4.0,0
,,,13.96,101512.5,0.2012,27.04,1.47,42.34,9.63,5.93,27.88,0.2131,5,0,,,,0
,,,13.43,101150.3,0.2109,33.52,1.38,40.81,8.95,6.37,31.83,0.2138,8,1,,,,0
109.1929732,26.24925128,68.0,0.062327372,98404.19134,0.084630423,34.35379044,2.621999026,51.79089874,0.027087117,0.015028735,34.21620078,0.084784842,7,1,-242.3151272,-0.176581411,0.0,1
109.1929732,26.24925128,68.0,0.000559858,100348.7755,0.087413714,19.13542726,2.721087707,54.58643359,0.000640135,0.000400818,19.52248145,0.087418361,12,0,303.6578792,131.2525083,11.0,0
,,,130.58,99805.3,0.6635,26.67,4.94,80.14,108.89,73.01,27.56,0.6416,6,1,,,,1
109.1929732,26.24925128,68.0,1.25e-05,99174.78138,0.08438853,34.45129377,3.247390708,26.87980006,0.000156835,0.000617709,34.24678684,0.084461416,4,0,-143.4878334,-0.991016693,7.0,0
,,,275.9,98661.5,0.8383,20.0,7.37,88.59,186.8,155.84,18.8,0.8362,7,1,,,,1
,,,2.69,102459.9,0.1041,24.59,0.0,20.0,1.39,0.91,25.83,0.1104,7,1,,,,0
109.1929732,26.24925128,68.0,1.01e-05,97969.68571,0.085718784,34.47807381,4.018801802,55.53290604,0.026999009,0.052539006,34.75529397,0.086376179,7,1,-242.4133579,-0.154633645,0.0,1
,,,213.64,99080.1,0.776,20.73,5.43,86.11,128.69,78.8,19.42,0.7777,7,1,,,,1
,,,9.71,101464.1,0.1731,35.96,0.61,38.35,5.18,3.46,35.71,0.1611,2,0,,,,0
,,,102.05,100500.0,0.6915,28.49,3.6,76.31,68.84,53.76,30.01,0.6668,7,1,,,,1
,,,140.35,99822.1,0.6484,24.91,3.76,80.14,101.5,59.69,24.45,0.6773,3,0,,,,1
,,,171.79,100087.6,0.7528,28.65,5.38,91.5,103.11,79.17,28.44,0.7802,8,1,,,,1
,,,206.59,98976.1,0.7099,31.18,5.44,89.09,124.46,73.12,32.05,0.6916,6,1,,,,1
,,,287.57,98000.0,0.8876,21.83,9.1,99.08,188.68,121.33,21.8,0.8974,8,1,,,,1
,,,210.82,99395.5,0.799,33.06,4.99,83.11,130.7,106.31,31.77,0.8275,7,1,,,,1
,,,29.95,100643.7,0.35,27.93,4.16,69.65,20.0,12.57,26.03,0.3635,6,1,,,,0
,,,180.03,99978.6,0.7054,26.24,7.07,84.12,151.81,112.16,25.66,0.6757,9,1,,,,1
109.1929732,26.24925128,68.0,0.000775322,99654.62074,0.088188292,30.12679276,1.301026825,48.28238139,0.000704634,0.001177255,30.24918761,0.08825429,10,0,146.1489374,1.213000957,8.0,0
,,,3.42,102164.8,0.1342,22.91,0.0,30.1,2.75,2.26,24.23,0.1383,12,0,,,,0
,,,217.9,98989.4,0.792,32.6,3.46,83.27,152.61,114.97,31.16,0.8023,4,0,,,,1
109.1929732,26.24925128,68.0,0.513186287,98568.08675,0.231642269,29.83823056,0.277566331,79.52088768,0.257300589,0.118999275,30.6159627,0.225738958,8,1,-244.3470037,-0.197069475,0.0,1
,,,103.04,100107.3,0.6,27.61,3.0,77.78,63.08,44.61,28.44,0.5843,9,1,,,,1
,,,4.74,102217.0,0.113,19.37,0.89,26.98,2.43,1.59,17.62,0.109,7,1,,,,0
109.1929732,26.24925128,68.0,1.749751206,98600.18983,0.381694127,27.61977035,4.47498583,85.98219565,0.647198741,0.315459511,29.73509037,0.326605703,7,1,-227.2777499,-0.29601935,1.0,0
,,,163.34,99917.1,0.6604,25.37,4.97,80.78,91.95,56.06,23.8,0.6589,9,1,,,,1
,,,266.93,98509.8,0.8491,29.97,10.66,92.26,222.29,180.0,28.28,0.8659,9,1,,,,1
,,,7.68,102115.5,0.1877,36.1,0.82,33.43,5.61,4.31,36.28,0.1733,9,1,,,,0
,,,162.42,99859.2,0.7354,33.45,7.09,87.37,106.09,86.75,31.77,0.7429,3,0,,,,1
,,,338.9,98000.0,0.9343,28.39,5.97,100.0,250.0,180.0,27.48,0.9069,4,0,,,,1
109.1929732,26.24925128,68.0,0.000333923,99740.39873,0.084915278,29.99589564,3.695225417,57.6722564,0.000220953,0.000103845,30.153674,0.08487036,10,0,-113.3646333,-0.178239602,4.0,0
,,,207.17,99636.6,0.7856,31.51,4.79,82.53,163.78,90.69,30.03,0.806,10,0,,,,1
,,,164.69,99721.2,0.6666,20.49,5.49,83.35,137.78,112.69,18.98,0.6543,8,1,,,,1
,,,28.61,100916.0,0.3372,30.07,3.24,69.52,16.06,13.01,31.9,0.3491,9,1,,,,0
,,,2.77,102527.4,0.1128,35.59,0.0,20.0,2.04,1.03,35.8,0.1274,2,0,,,,0
,,,318.61,98358.9,0.8945,25.71,7.1,95.86,238.0,165.23,26.46,0.9202,6,1,,,,1
,,,21.21,100581.8,0.2788,37.2,0.71,51.74,10.65,6.83,38.74,0.2762,5,0,,,,0
,,,336.82,98811.5,0.909,31.1,10.78,96.45,194.03,128.4,29.93,0.9145,6,1,,,,1
109.1929732,26.24925128,68.0,0.000298405,100026.0521,0.08492584,26.73400732,0.706687379,31.59915496,0.010991096,0.00471047,27.04026578,0.084970092,3,0,-179.6217787,-0.396459468,3.0,0
,,,225.19,99674.5,0.7902,32.53,6.88,86.17,175.25,134.08,32.75,0.7629,6,1,,,,1
109.1929732,26.24925128,68.0,0.000714094,98978.77215,0.091783104,31.42872849,1.609467236,64.55021001,0.001168883,0.00074593,31.58504928,0.093475959,8,1,-191.6705614,-0.268252116,2.0,0
109.1929732,26.24925128,68.0,0.02206304,99319.33373,0.223562583,28.98839362,0.866005916,74.57250169,0.013736156,0.026149001,28.43069794,0.234126992,9,1,-366.5498068,-0.966793786,3.0,0
,,,10.19,101943.7,0.1485,37.49,0.13,41.99,8.71,5.84,38.17,0.1483,6,1,,,,0
109.1929732,26.24925128,68.0,0.1245289,98396.87477,0.085181451,37.5368801,1.213019631,39.29819656,0.050494864,0.022771816,37.74288254,0.084777486,6,1,-133.0593678,-0.991354912,7.0,0
,,,13.28,101560.9,0.1963,37.74,0.9,45.29,7.59,3.85,35.96,0.2106,11,0,,,,0
,,,321.87,98225.6,0.95,20.0,7.3,99.61,250.0,137.86,18.51,0.932,9,1,,,,1
,,,227.52,99390.2,0.8156,31.04,5.14,87.58,166.98,97.36,32.14,0.8449,6,1,,,,1
,,,191.21,99918.7,0.7568,34.07,6.46,85.33,117.52,95.46,33.97,0.743,10,0,,,,1
109.1929732,26.24925128,68.0,0.000214583,100738.1779,0.087467772,14.47939703,2.266668044,68.11639542,0.000154232,0.002828818,14.49794521,0.087553798,1,0,171.0137001,2.190230287,8.0,0
,,,208.34,99491.1,0.7454,31.83,5.22,84.26,160.33,114.7,33.1,0.7747,6,1,,,,1
,,,288.07,98000.0,0.8746,22.07,5.93,99.11,224.38,158.48,23.68,0.8586,5,0,,,,1
,,,317.71,98267.6,0.8684,32.55,10.0,98.47,224.13,124.21,32.74,0.8668,7,1,,,,1
109.1929732,26.24925128,68.0,0.00013635,99903.33796,0.104953383,19.06328082,1.026593833,70.90971884,5.29e-05,5.68e-05,18.13425701,0.106336658,1,0,-85.71835529,-0.331371795,5.0,0
,,,16.67,100695.7,0.246,20.02,2.04,45.63,13.58,9.84,19.08,0.2529,9,1,,,,0
,,,260.99,98692.9,0.8705,32.14,6.37,91.24,178.82,134.28,33.75,0.8511,8,1,,,,1
,,,6.64,101796.9,0.1442,34.61,0.3,32.46,4.53,3.69,35.81,0.1534,1,0,,,,0
,,,17.77,101587.2,0.2147,27.02,1.55,50.14,15.24,13.35,27.43,0.202,1,0,,,,0
,,,143.26,99893.5,0.7365,23.55,4.59,76.46,118.69,96.86,22.72,0.7156,8,1,,,,1
,,,12.42,101809.3,0.1921,19.01,0.5,40.37,8.51,5.46,18.49,0.1881,3,0,,,,0
,,,21.01,100964.2,0.2678,25.25,3.48,55.57,16.79,12.43,26.66,0.2614,11,0,,,,0
,,,263.99,98000.0,0.8035,28.09,9.39,97.66,182.98,106.97,27.28,0.8024,3,0,,,,1
109.1929732,26.24925128,68.0,0.011749476,98638.9817,0.310002337,29.91632479,4.874160537,73.39129646,0.296601385,0.614760967,29.26975107,0.334137307,8,1,-134.2640189,-0.17099865,1.0,0
,,,5.99,102103.3,0.1459,19.19,1.57,27.92,4.85,2.94,19.99,0.1393,7,1,,,,0
109.1929732,26.24925128,68.0,0.0,99244.75885,0.088233813,32.88695364,2.041921687,21.88662384,0.000162518,0.005405954,32.47315604,0.089536572,5,0,-214.1113842,-0.13813392,0.0,1
,,,5.0,101814.6,0.1244,33.29,0.37,30.49,3.43,2.5,34.48,0.1076,4,0,,,,0
,,,29.85,100500.0,0.3409,36.61,2.18,69.51,20.0,15.0,37.8,0.3452,5,0,,,,0
,,,214.94,99320.1,0.7884,27.21,6.39,87.81,134.53,96.11,27.77,0.8077,8,1,,,,1
,,,26.62,100500.0,0.3364,37.41,1.74,62.81,20.0,11.75,39.12,0.3324,10,0,,,,0
109.1929732,26.24925128,68.0,0.001259638,100545.1554,0.08607536,18.21995612,0.984958254,59.98296097,0.00177602,0.000892009,17.94597665,0.085969951,1,0,148.8746506,1.524997258,7.0,0
,,,28.68,101074.2,0.3017,21.26,3.17,69.07,20.0,13.96,21.26,0.2914,2,0,,,,0
,,,27.4,100943.1,0.3499,29.41,0.76,63.58,18.89,10.31,27.92,0.3314,6,1,,,,0
,,,12.82,101082.1,0.1937,23.41,0.33,39.1,7.18,6.22,22.77,0.1832,4,0,,,,0
,,,190.32,99441.0,0.7164,27.73,3.97,86.02,150.06,118.25,25.88,0.7065,7,1,,,,1
,,,226.91,99311.4,0.8331,25.22,7.68,89.28,160.13,96.87,23.5,0.814,9,1,,,,1
109.1929732,26.24925128,68.0,0.0,100222.2731,0.089263104,28.31686016,1.17318558,46.05158995,0.000234546,0.003122498,28.56490675,0.090525948,10,0,-166.4491466,-0.233725738,3.0,0
,,,17.24,101105.1,0.2191,35.28,1.64,49.97,11.37,8.04,36.85,0.2118,6,1,,,,0
,,,204.12,99208.9,0.7398,30.38,5.85,93.45,161.01,94.54,30.82,0.7574,9,1,,,,1
,,,181.98,100037.8,0.752,23.4,4.0,80.74,134.06,74.21,25.0,0.7612,6,1,,,,1
109.1929732,26.24925128,68.0,0.009602052,99557.89161,0.09187486,33.59766214,1.136054412,42.87912055,0.006469926,0.00661499,33.23197196,0.092453104,5,0,672.1941261,0.874179203,0.0,1
,,,278.18,98686.8,0.8734,20.1,7.98,96.41,164.4,95.63,21.33,0.8473,6,1,,,,1
,,,5.71,101642.3,0.1274,20.39,0.69,29.83,5.14,4.46,21.07,0.1286,10,0,,,,0
109.1929732,26.24925128,68.0,0.000343631,100310.0034,0.088107217,23.91470779,0.522404797,58.25501743,0.018063248,0.015687558,23.57212434,0.087920687,11,0,-185.8654783,-0.15208185,0.0,1
,,,345.7,98000.0,0.8867,28.8,8.76,99.41,221.72,142.89,29.22,0.903,7,1,,,,1
,,,292.38,99063.4,0.8444,31.13,8.92,96.34,163.43,99.74,31.76,0.8327,5,0,,,,1
,,,5.59,102023.2,0.117,22.28,1.34,26.87,4.54,3.11,20.8,0.1275,7,1,,,,0
109.1929732,26.24925128,68.0,6.37e-05,100289.5168,0.087247627,22.97340459,0.977342847,61.7086281,0.00012071,0.000480716,22.42294038,0.08721502,11,0,-140.1775717,-0.97515737,8.0,0
,,,29.83,100553.3,0.3268,23.09,4.01,70.0,20.0,13.13,25.06,0.3097,3,0,,,,0
,,,1.89,102623.6,0.08,23.87,0.24,20.0,1.46,1.17,25.16,0.0796,3,0,,,,0
,,,29.43,100767.3,0.35,33.24,1.1,69.0,20.0,11.85,33.02,0.3381,10,0,,,,0
,,,111.09,100311.5,0.6,24.32,4.02,84.2,70.97,53.44,23.96,0.6134,9,1,,,,1
109.1929732,26.24925128,68.0,0.001249776,100222.0027,0.093637095,18.36700261,1.502280884,65.29335806,0.000445656,0.000190995,18.02504117,0.094137588,2,0,-309.2579041,-0.321987325,1.0,0
,,,160.23,99959.9,0.7348,20.0,4.83,82.43,101.43,68.15,20.57,0.7114,9,1,,,,1
,,,5.46,102456.6,0.1069,23.06,0.0,23.78,3.07,2.42,21.07,0.102,4,0,,,,0
,,,17.87,101325.3,0.2133,19.1,3.11,56.98,9.32,6.14,20.41,0.2072,1,0,,,,0
,,,301.82,98088.1,0.8879,32.55,7.39,97.51,250.0,180.0,30.63,0.9146,9,1,,,,1
,,,18.24,101211.5,0.2433,19.67,1.11,52.71,12.49,6.63,18.39,0.2322,1,0,,,,0
,,,278.55,99084.1,0.827,27.11,4.58,91.31,216.69,161.04,25.71,0.8155,6,1,,,,1
,,,21.53,101976.4,0.2758,30.67,2.36,52.25,13.1,11.02,32.6,0.2777,3,0,,,,0
,,,298.6,98038.1,0.8796,25.2,6.72,95.86,179.21,137.39,24.21,0.8851,1,0,,,,1
,,,319.37,98530.1,0.8959,27.57,6.15,97.42,250.0,180.0,27.81,0.8959,7,1,,,,1
,,,0.36,102559.4,0.106,25.22,0.0,20.0,0.28,0.14,24.48,0.1095,12,0,,,,0
,,,16.95,101355.9,0.2306,19.53,2.84,48.01,13.99,7.53,18.14,0.2203,12,0,,,,0
,,,28.42,100500.0,0.3455,25.73,5.0,62.68,20.0,13.61,26.99,0.3331,3,0,,,,0
,,,198.13,99364.3,0.7576,29.29,6.07,81.26,140.42,111.58,29.3,0.7291,6,1,,,,1
,,,155.78,99928.0,0.6863,24.61,4.56,81.68,115.57,88.73,22.74,0.7036,1,0,,,,1
,,,216.8,99450.9,0.7367,27.01,5.71,84.84,178.4,98.13,28.24,0.7093,9,1,,,,1
109.1929732,26.24925128,68.0,0.004550352,99302.26857,0.09693963,28.65557671,3.033720276,59.52994954,0.002463247,0.001954528,28.79818426,0.097690398,9,1,-229.0613661,-0.329305351,5.0,0
109.1929732,26.24925128,68.0,0.001393275,99022.11491,0.08076423,32.38363036,3.098380241,48.81911448,0.002080223,0.005076799,32.71280853,0.080482746,6,1,-231.9924772,-0.383966188,2.0,0
,,,26.95,100767.4,0.3373,26.01,1.67,58.55,17.86,10.1,25.97,0.3253,11,0,,,,0
109.1929732,26.24925128,68.0,0.0,100759.8156,0.086298586,15.25048696,3.047162316,43.27832306,2.79e-05,3.02e-05,15.77730009,0.086250905,12,0,325.9311253,310.3455491,13.0,0
,,,8.37,101480.2,0.1693,24.36,1.52,39.83,5.73,2.92,26.29,0.1851,1,0,,,,0
,,,20.67,101092.5,0.2686,32.57,1.12,52.72,13.71,11.34,31.5,0.2493,10,0,,,,0
,,,143.83,99920.1,0.6857,33.43,5.06,82.0,121.25,71.67,31.6,0.6634,2,0,,,,1
,,,10.48,102667.2,0.2013,35.27,2.12,45.14,6.56,5.77,33.44,0.2115,5,0,,,,0
109.1929732,26.24925128,68.0,0.000860108,99253.89827,0.108967467,29.0293512,2.188837375,61.45736778,0.001500834,0.001220212,28.96357742,0.111175302,9,1,-283.3582681,-0.12293166,0.0,1
,,,15.04,101313.5,0.2321,37.2,1.04,45.47,8.71,7.63,36.91,0.2213,5,0,,,,0
,,,12.3,101347.3,0.1978,20.78,1.45,39.4,6.33,3.38,22.41,0.1841,7,1,,,,0
,,,16.34,100690.0,0.2349,20.54,1.08,57.77,10.39,7.1,20.58,0.235,5,0,,,,0
,,,7.3,101553.7,0.1762,29.08,1.5,37.16,6.14,5.0,29.8,0.16,7,1,,,,0
,,,14.85,101002.4,0.2359,30.66,1.04,43.2,9.97,8.61,29.64,0.2313,11,0,,,,0
,,,301.1,98030.6,0.8762,28.61,9.55,92.72,178.58,126.69,30.12,0.8518,9,1,,,,1
,,,15.14,101375.8,0.2452,37.65,0.66,42.51,8.64,7.29,36.67,0.2646,6,1,,,,0
,,,14.01,101509.9,0.1952,28.0,0.18,40.92,7.23,6.16,29.85,0.2056,6,1,,,,0
,,,221.55,98920.7,0.8164,30.51,6.34,86.59,183.23,152.53,30.13,0.8294,7,1,,,,1
109.1929732,26.24925128,68.0,0.0,98804.97723,0.08150011,35.58216764,1.48736261,25.74166883,4.75e-05,4.62e-05,35.2257361,0.081756011,5,0,-220.4805147,-0.654877494,3.0,0
,,,10.38,101258.1,0.2086,30.54,0.34,35.15,8.2,5.35,31.11,0.2199,9,1,,,,0
,,,321.82,98353.2,0.9407,25.2,6.98,98.19,225.71,178.38,24.05,0.9136,9,1,,,,1
,,,162.01,100414.8,0.7022,24.1,5.9,86.18,136.09,83.31,24.22,0.7275,9,1,,,,1
,,,21.78,100788.5,0.2854,23.6,0.36,54.91,12.32,8.68,25.03,0.2999,2,0,,,,0
,,,9.56,101339.9,0.154,36.97,2.31,36.24,8.11,6.4,35.97,0.1646,5,0,,,,0
,,,13.8,101477.8,0.2212,35.97,3.15,44.68,8.74,4.49,35.15,0.2307,4,0,,,,0
,,,328.4,98000.0,0.8939,27.05,7.01,94.77,218.2,134.12,27.72,0.9115,9,1,,,,1
109.1929732,26.24925128,68.0,6.88e-05,100545.9154,0.085621992,16.292251,1.229495586,64.23053343,2.29e-05,0.000770985,17.22267303,0.085758854,1,0,473.988672,201.8526561,11.0,0
109.1929732,26.24925128,68.0,0.0,100018.277,0.087993803,20.25523974,2.037607347,50.29022715,0.000563654,0.000551181,20.4067224,0.088371186,2,0,-285.9485521,-0.231661052,0.0,1
109.1929732,26.24925128,68.0,0.002431851,99233.58736,0.097671277,32.21740067,2.00664223,58.07989098,0.002149913,0.002917293,31.943208,0.100029016,9,1,-176.2574869,-0.196420707,1.0,0
,,,87.62,100500.0,0.6274,25.16,3.18,82.69,61.19,43.02,25.71,0.6224,6,1,,,,1
,,,28.07,101077.4,0.3222,25.18,2.2,63.66,19.04,15.0,23.61,0.3369,5,0,,,,0
,,,297.38,98567.1,0.8319,29.12,5.65,92.93,238.76,145.26,27.81,0.83,10,0,,,,1
,,,193.56,99055.3,0.7182,20.35,6.14,84.21,149.28,83.54,22.16,0.7171,7,1,,,,1
,,,159.58,99831.0,0.6994,29.89,3.0,85.42,130.39,74.78,29.13,0.6823,7,1,,,,1
109.1929732,26.24925128,68.0,0.0,98800.11198,0.084420487,32.45678323,5.113486819,38.79323505,0.0,0.004662748,32.66479312,0.084622757,5,0,-233.5881046,-0.225129825,0.0,1
109.1929732,26.24925128,68.0,3.35e-05,100600.8715,0.099459886,13.61804398,2.334164057,57.54529682,0.00944215,0.004158612,13.43394957,0.098240787,1,0,-194.2009387,-0.212253279,1.0,0
,,,16.17,101096.9,0.2,33.23,2.62,52.96,8.91,7.72,35.22,0.2051,4,0,,,,0
,,,267.12,98472.6,0.8593,25.32,4.75,94.01,200.14,112.83,25.03,0.8707,7,1,,,,1
,,,184.75,99680.2,0.7887,22.98,3.14,88.71,129.05,74.71,24.96,0.7708,7,1,,,,1
109.1929732,26.24925128,68.0,0.000860844,98553.18702,0.086834069,29.9063646,4.508990102,60.29615007,0.001779719,0.001211228,30.11269556,0.087255144,8,1,-205.2219673,-0.185300362,0.0,1
,,,11.83,102147.7,0.199,34.47,1.66,32.64,10.49,7.66,33.67,0.2016,1,0,,,,0
,,,324.37,98000.0,0.9023,24.98,10.95,100.0,215.87,125.27,24.69,0.8818,6,1,,,,1
,,,3.97,102758.6,0.1194,33.59,0.0,33.89,2.85,1.93,34.42,0.1376,12,0,,,,0
,,,18.31,101054.7,0.2274,19.07,1.67,54.4,15.15,13.11,18.72,0.2253,3,0,,,,0
,,,232.52,99190.6,0.7622,28.78,6.06,84.36,133.81,92.9,28.79,0.742,9,1,,,,1
,,,146.48,100007.1,0.7156,24.11,5.16,81.54,98.91,69.33,26.04,0.7196,9,1,,,,1
,,,1.57,101776.6,0.1015,28.49,0.51,20.07,0.82,0.59,28.48,0.0994,1,0,,,,0
109.1929732,26.24925128,68.0,0.000341992,100134.206,0.086154426,20.84780536,0.790108143,52.4757404,0.00013486,7.98e-05,21.1293818,0.086228311,12,0,-166.1913375,-0.221401982,5.0,0
,,,273.83,98799.5,0.8405,28.56,8.49,91.35,157.73,98.74,29.99,0.8415,6,1,,,,1
,,,6.15,101777.3,0.1243,23.72,1.63,30.52,3.38,2.12,21.91,0.1063,6,1,,,,0
109.1929732,26.24925128,68.0,0.000133733,98685.5821,0.081810249,34.95821556,3.926057274,33.29352389,0.000100773,0.000183564,35.19319766,0.082240977,5,0,-236.6275089,-0.68756265,3.0,0
109.1929732,26.24925128,68.0,0.0,97979.07009,0.087183419,36.24913993,3.393627269,49.26497296,0.000984871,0.023223802,35.55733272,0.090036278,7,1,-229.4928126,-0.177190316,0.0,1
,,,5.0,102609.2,0.1046,36.5,0.0,28.81,4.2,2.38,36.38,0.0866,2,0,,,,0
,,,206.65,99212.3,0.7735,21.18,6.59,84.74,126.14,106.41,22.16,0.7479,6,1,,,,1
,,,17.98,101215.2,0.2265,21.95,2.42,50.67,9.41,5.69,22.19,0.2288,12,0,,,,0
109.1929732,26.24925128,68.0,0.015834608,99085.67708,0.086501343,35.1168583,1.414498547,27.97478036,0.010811588,0.004702509,34.77288932,0.085698,4,0,794.8455207,1.007500046,0.0,1
,,,238.68,98985.6,0.8502,25.97,7.42,85.69,166.33,111.35,25.41,0.852,9,1,,,,1
,,,14.9,101489.3,0.2184,31.53,2.82,41.41,12.61,7.1,29.8,0.2018,5,0,,,,0
,,,29.69,100844.0,0.3471,36.17,0.52,61.18,17.4,8.79,37.42,0.3444,3,0,,,,0
,,,13.99,101518.3,0.2263,19.9,1.07,37.4,11.84,8.56,19.96,0.2188,10,0,,,,0
,,,17.07,101404.1,0.2479,21.52,1.53,52.37,14.41,12.33,22.41,0.2451,8,1,,,,0
,,,3.89,102176.9,0.1096,33.28,0.0,28.45,2.94,2.17,34.48,0.0987,10,0,,,,0
,,,85.96,99938.9,0.6,26.48,3.15,76.93,72.66,56.01,26.76,0.6139,2,0,,,,1
,,,21.07,101003.4,0.2748,31.41,0.58,53.49,18.38,10.66,33.21,0.2598,4,0,,,,0
,,,147.6,99503.2,0.6928,23.32,3.29,80.83,89.6,49.86,23.11,0.6981,6,1,,,,1
,,,25.84,101062.1,0.3136,21.52,4.41,62.96,20.0,11.48,20.29,0.2974,9,1,,,,0
,,,13.47,101759.5,0.2012,30.32,1.5,48.75,7.69,5.6,30.09,0.1827,6,1,,,,0
,,,273.38,98758.5,0.787,29.4,6.67,94.87,152.4,84.17,30.39,0.7664,9,1,,,,1
,,,189.6,99556.2,0.7518,20.0,3.14,85.52,109.99,69.19,20.81,0.7238,9,1,,,,1
,,,328.81,98014.0,0.9305,32.95,12.0,94.11,194.66,116.64,31.68,0.9467,6,1,,,,1
,,,5.0,102587.7,0.1502,19.42,0.0,24.65,4.1,3.65,19.84,0.1588,10,0,,,,0
,,,3.1,102215.5,0.1142,36.16,0.77,23.44,2.43,2.12,34.42,0.1114,7,1,,,,0
,,,20.67,101191.3,0.2944,19.6,2.14,63.15,12.72,10.37,18.69,0.2943,5,0,,,,0
,,,26.98,100678.1,0.2862,22.44,3.47,63.32,20.0,15.0,21.67,0.2766,5,0,,,,0
,,,12.69,101572.0,0.1962,21.82,1.73,33.95,7.03,5.33,19.95,0.2111,7,1,,,,0
109.1929732,26.24925128,68.0,0.0,100960.1382,0.088068166,16.53783838,2.409585398,57.59311398,0.003389185,0.005310969,18.70910361,0.088123566,12,0,-178.2355388,-0.29304056,2.0,0
109.1929732,26.24925128,68.0,0.003574064,99560.64874,0.104099394,30.31678609,0.924676997,42.47853251,0.008597053,0.035923211,29.50348648,0.113891229,5,0,-142.0826615,-0.499108059,7.0,0
,,,163.36,99745.4,0.7039,29.13,3.0,79.45,107.57,86.33,28.3,0.7283,6,1,,,,1
,,,250.0,99021.7,0.8265,21.0,7.21,98.79,178.51,122.89,21.1,0.8369,2,0,,,,1
,,,200.89,99533.4,0.7709,26.83,7.39,83.75,155.89,110.02,25.93,0.7877,7,1,,,,1
,,,262.98,98852.8,0.8574,20.89,6.61,90.31,221.8,179.28,21.91,0.8318,9,1,,,,1
,,,15.98,101101.7,0.2385,21.46,0.66,44.19,8.65,4.37,22.31,0.2303,6,1,,,,0
,,,23.97,100939.2,0.3171,19.32,2.16,58.11,20.0,10.46,18.75,0.3078,10,0,,,,0
,,,26.16,100650.6,0.3383,32.89,0.54,70.0,20.0,15.0,32.45,0.3291,5,0,,,,0
,,,258.68,98522.3,0.8533,26.56,7.42,92.93,169.24,129.26,25.69,0.8773,7,1,,,,1
,,,26.55,100866.6,0.3474,20.25,2.93,59.55,13.36,9.44,19.11,0.3332,10,0,,,,0
,,,202.64,99444.5,0.7563,20.13,4.26,86.4,159.8,115.15,21.79,0.78,8,1,,,,1
,,,132.61,99679.5,0.6754,32.53,3.08,81.4,88.99,62.16,33.28,0.6952,6,1,,,,1
109.1929732,26.24925128,68.0,0.0,99641.24612,0.100089493,21.64211554,2.777228017,39.01257814,8.64e-05,4.02e-05,20.19327358,0.102587207,2,0,-85.71835529,-0.982551507,7.0,0
,,,27.77,101711.1,0.35,32.8,0.26,66.96,15.11,8.02,33.65,0.3643,7,1,,,,0
,,,24.82,101333.5,0.2903,22.82,1.43,58.82,18.5,11.73,22.28,0.2864,1,0,,,,0
,,,86.61,100500.0,0.6227,31.48,3.0,75.0,50.22,40.0,29.82,0.6481,12,0,,,,1
,,,216.44,99194.2,0.7909,28.85,5.17,89.78,144.03,95.47,28.82,0.7716,8,1,,,,1
109.1929732,26.24925128,68.0,0.105220587,100317.0987,0.085890935,22.30750625,0.955451172,49.59283225,0.035259799,0.015178628,21.23648634,0.085855241,3,0,-246.6477012,-0.179555687,0.0,1
,,,23.91,101035.8,0.3046,32.44,2.69,68.12,18.97,12.37,34.42,0.3007,1,0,,,,0
,,,13.53,102088.1,0.2321,37.86,2.23,44.53,9.38,6.23,37.82,0.246,3,0,,,,0
,,,348.8,98291.1,0.95,32.06,9.75,96.59,250.0,180.0,32.76,0.963,8,1,,,,1
,,,5.8,102823.8,0.1269,18.24,1.62,32.29,4.83,3.33,20.22,0.122,5,0,,,,0
,,,15.77,101645.1,0.2386,21.64,2.2,44.13,9.06,5.95,20.36,0.2229,9,1,,,,0
109.1929732,26.24925128,68.0,0.000236563,100152.4182,0.087261541,17.82471126,2.017290503,54.49078049,0.00054196,0.000233711,18.37135488,0.0871867,12,0,-183.8050234,-0.688815063,4.0,0
,,,1.93,102778.7,0.1011,27.57,0.17,22.26,1.35,0.85,28.76,0.0941,9,1,,,,0
,,,200.63,99152.5,0.7489,28.47,4.59,86.77,161.35,100.11,26.59,0.75,6,1,,,,1
109.1929732,26.24925128,68.0,0.0,100042.4244,0.085683136,27.8408078,1.549201083,56.21589515,0.000511498,0.000219213,27.86817155,0.085710627,11,0,-164.7607236,-0.274106238,3.0,0
,,,10.12,101895.6,0.1633,28.06,0.09,37.54,6.64,5.8,29.53,0.1666,11,0,,,,0
109.1929732,26.24925128,68.0,0.0,99957.5941,0.085715825,26.27850932,0.648940187,53.68746901,0.0,0.000219213,27.01932002,0.085706465,11,0,-161.8974149,-0.284632427,6.0,0
109.1929732,26.24925128,68.0,0.105686164,98465.06196,0.395439649,28.93489315,1.602109583,82.81829102,0.890101235,0.766884433,28.72082537,0.391396318,7,1,255.9445359,625.6532502,8.0,0
,,,5.97,102242.3,0.1089,28.2,0.29,28.87,3.09,1.92,29.88,0.1236,9,1,,,,0
,,,280.42,98737.3,0.8259,20.0,5.81,98.94,210.91,157.72,19.31,0.8362,3,0,,,,1
,,,132.23,99096.3,0.6287,25.62,3.0,75.88,103.87,81.96,24.92,0.6073,8,1,,,,1
,,,21.92,101393.5,0.2412,35.15,1.04,59.1,15.04,10.06,34.85,0.2354,2,0,,,,0
,,,22.06,101251.1,0.3065,19.84,1.35,57.08,11.98,8.52,18.38,0.2925,4,0,,,,0
,,,180.85,99273.7,0.74,33.3,5.46,83.43,118.54,77.54,33.31,0.7526,7,1,,,,1
,,,231.1,98865.8,0.8064,28.99,7.16,90.63,152.2,109.24,28.77,0.8342,9,1,,,,1
,,,274.47,98750.4,0.7987,21.23,6.95,90.52,186.0,138.43,22.96,0.7954,9,1,,,,1
,,,4.23,101556.2,0.1251,27.91,0.45,21.49,2.37,1.76,27.93,0.142,12,0,,,,0
,,,97.71,100500.0,0.6713,27.97,3.0,76.95,62.5,44.75,28.95,0.6522,5,0,,,,1
,,,309.06,98326.1,0.95,25.68,10.95,97.59,247.12,171.23,24.59,0.9436,10,0,,,,1
,,,299.93,98303.1,0.95,20.17,7.28,99.23,224.4,164.84,20.67,0.9214,8,1,,,,1
,,,128.39,99910.2,0.6764,20.0,4.87,79.02,72.69,44.16,20.61,0.682,4,0,,,,1
,,,265.69,98643.1,0.8191,23.31,8.27,91.36,161.92,89.83,22.62,0.8009,7,1,,,,1
,,,150.2,99897.9,0.6992,25.76,3.67,86.36,96.72,53.49,24.04,0.7153,9,1,,,,1
,,,22.96,100683.6,0.2707,36.46,2.38,65.63,15.15,8.76,35.04,0.2568,2,0,,,,0
,,,6.94,101861.6,0.138,27.59,0.53,37.59,3.54,2.49,26.21,0.1343,8,1,,,,0
,,,22.68,101350.0,0.2695,37.97,3.33,52.83,19.75,15.0,37.87,0.2521,1,0,,,,0
,,,28.8,100646.2,0.3331,21.59,3.85,64.78,20.0,13.82,22.37,0.3484,4,0,,,,0
,,,223.28,99576.9,0.7458,30.45,5.37,86.82,165.59,131.66,30.42,0.7402,7,1,,,,1
,,,151.04,99910.1,0.6885,27.16,3.87,79.76,86.74,51.49,27.14,0.7149,8,1,,,,1
,,,25.13,100546.4,0.3002,26.11,2.02,66.85,17.08,12.89,25.25,0.2943,5,0,,,,0
109.1929732,26.24925128,68.0,0.0,99970.50356,0.085946947,29.67807373,0.688944066,37.99389061,0.0,1.05e-05,29.55742747,0.086060375,10,0,-81.61845157,-0.489358532,10.0,0
,,,114.89,100283.6,0.6449,32.4,3.27,75.0,71.68,56.76,34.21,0.6154,8,1,,,,1
,,,136.07,99362.8,0.7571,20.01,3.0,81.41,109.55,81.72,21.09,0.765,12,0,,,,1
,,,17.19,100500.0,0.1939,18.1,2.27,45.98,14.07,9.83,17.8,0.2023,11,0,,,,0
,,,16.33,101282.7,0.2224,35.3,2.04,49.16,13.14,8.47,34.87,0.2333,9,1,,,,0
,,,210.31,98903.2,0.7845,34.11,4.78,87.46,124.68,71.7,34.3,0.7731,8,1,,,,1
,,,17.65,102133.0,0.2579,21.9,1.99,48.25,9.26,7.83,23.64,0.2463,7,1,,,,0
,,,109.69,100328.3,0.669,28.19,3.93,76.16,79.79,45.99,29.76,0.6988,6,1,,,,1
,,,12.25,101908.4,0.1684,20.06,2.61,40.21,8.55,4.81,19.62,0.157,6,1,,,,0
,,,281.91,98421.1,0.8535,31.22,11.78,93.78,226.9,157.05,33.18,0.8749,6,1,,,,1
,,,23.39,100500.0,0.2707,28.09,2.56,62.1,19.9,12.37,26.82,0.2729,11,0,,,,0
,,,262.13,98707.3,0.8537,30.79,6.36,88.44,152.23,123.97,30.08,0.8342,9,1,,,,1
109.1929732,26.24925128,68.0,7.34e-05,100138.6214,0.08599116,22.02770207,0.729987155,50.10449462,2.45e-05,1.05e-05,21.34114017,0.086063261,2,0,-195.1689517,-0.223268088,1.0,0
,,,23.92,101082.7,0.2995,23.83,2.24,54.81,16.69,8.88,23.61,0.2915,1,0,,,,0
109.1929732,26.24925128,68.0,0.0,100086.1135,0.085726469,24.99819339,1.092578001,54.86916948,0.0,0.0,25.35493077,0.085684521,11,0,-65.4337712,-0.32943947,10.0,0
,,,169.1,100500.0,0.7139,26.72,5.06,78.5,106.49,76.92,26.87,0.7183,6,1,,,,1
109.1929732,26.24925128,68.0,0.003941078,100555.746,0.085642236,14.66609822,2.179618972,67.35364175,0.00229548,0.001271804,15.39945441,0.085602521,1,0,-229.7667145,-0.30909734,2.0,0
,,,203.92,98994.8,0.782,28.32,7.31,82.23,153.77,124.38,27.67,0.8072,6,1,,,,1
,,,126.89,99976.3,0.6233,32.03,3.14,77.08,79.22,45.74,33.65,0.6216,7,1,,,,1
,,,264.9,98544.0,0.8739,27.87,8.81,89.94,192.38,134.67,28.24,0.8981,6,1,,,,1
,,,26.44,100500.0,0.31,33.85,2.51,62.71,16.96,12.77,35.1,0.3067,11,0,,,,0
,,,308.25,98164.4,0.8667,28.73,6.41,97.16,211.5,122.2,28.87,0.8638,4,0,,,,1
109.1929732,26.24925128,68.0,0.002578352,98883.23987,0.085103194,31.23195153,2.801387039,58.10717711,0.001793661,0.001188103,31.45762434,0.085109466,9,1,-116.3491427,-0.947596374,8.0,0
,,,311.85,98565.6,0.8917,20.56,6.67,96.18,186.77,103.44,19.99,0.8986,12,0,,,,1
109.1929732,26.24925128,68.0,0.000325166,100359.0572,0.08545457,18.40275868,1.413096216,64.96969039,0.006410451,0.002881089,16.90130203,0.085484344,1,0,-385.6173037,-0.348009144,1.0,0
109.1929732,26.24925128,68.0,9.91e-05,100184.7647,0.093474867,29.19986341,0.889188045,43.5076525,0.001140638,0.002021765,29.06244587,0.093917066,10,0,-171.4671802,-0.149603503,0.0,1
,,,87.32,100500.0,0.6264,30.95,3.45,75.0,60.27,40.03,29.44,0.6491,9,1,,,,1
,,,15.28,101306.2,0.1882,37.45,0.11,46.62,9.11,5.35,37.41,0.1726,9,1,,,,0
109.1929732,26.24925128,68.0,6.52e-05,98698.33612,0.082815371,36.54716463,1.776989838,28.82198381,2.17e-05,1.81e-05,35.7880351,0.083041764,5,0,-209.0940364,-0.135499806,0.0,1
,,,15.74,102460.4,0.2182,33.87,1.63,47.07,8.83,6.03,34.78,0.2221,12,0,,,,0
,,,7.11,102360.5,0.1344,20.51,0.49,36.61,6.04,3.28,21.29,0.1191,11,0,,,,0
,,,82.26,100500.0,0.6,23.72,3.0,82.25,50.0,42.03,25.58,0.603,12,0,,,,1
,,,23.71,101235.9,0.2996,19.54,1.84,62.61,19.78,11.18,19.28,0.298,3,0,,,,0
,,,198.88,99327.2,0.7335,29.5,5.25,81.38,116.95,84.91,27.87,0.7127,1,0,,,,1
109.1929732,26.24925128,68.0,0.0,100324.3099,0.085779583,24.43811843,0.907865309,50.1580319,0.000430284,0.000184407,24.46545197,0.085804552,11,0,312.9314471,134.871728,13.0,0
,,,17.99,100853.4,0.2618,24.94,1.42,46.23,15.39,13.41,24.44,0.2583,8,1,,,,0
,,,3.02,101955.2,0.0859,28.52,0.59,26.74,2.24,1.27,30.08,0.1051,10,0,,,,0
,,,21.65,100500.0,0.2548,22.67,3.64,54.72,17.79,12.75,21.17,0.2458,10,0,,,,0
,,,21.08,101498.1,0.3051,34.23,4.02,51.0,13.55,8.55,32.26,0.2924,9,1,,,,0
,,,1.03,103000.0,0.08,32.49,0.51,20.0,0.79,0.54,33.87,0.0668,1,0,,,,0
,,,5.68,102309.9,0.0858,20.39,1.4,33.59,4.24,3.19,18.96,0.0951,5,0,,,,0
,,,22.35,101441.7,0.286,19.0,1.02,59.2,13.25,9.69,19.83,0.2687,3,0,,,,0
109.1929732,26.24925128,68.0,0.001821196,99247.44298,0.11227922,28.93069053,2.585383997,62.77370174,0.001163134,0.002937797,28.98061061,0.116931625,9,1,430.1699389,0.978040029,0.0,1
,,,272.99,98485.8,0.9049,29.8,9.05,93.03,223.76,149.49,29.42,0.8966,6,1,,,,1
,,,22.8,101199.6,0.282,24.5,2.52,59.33,19.44,14.97,24.09,0.2931,3,0,,,,0
,,,324.3,98372.4,0.8743,21.5,8.74,97.91,220.95,180.0,20.01,0.8763,7,1,,,,1
,,,162.48,100020.6,0.7323,29.2,5.61,85.93,93.42,63.08,30.99,0.7191,10,0,,,,1
109.1929732,26.24925128,68.0,0.0,100113.3128,0.08949215,27.92422331,0.311040853,39.25803009,0.069362598,0.06443147,27.82826869,0.091727754,10,0,-65.43054027,-0.49163797,9.0,0
,,,18.63,101988.5,0.2447,20.55,1.38,49.19,12.88,7.55,20.91,0.2417,4,0,,,,0
,,,84.78,100111.6,0.6394,31.09,3.54,78.25,54.25,40.0,32.93,0.6347,1,0,,,,1
,,,29.12,100502.1,0.3443,35.98,4.09,70.0,20.0,12.69,34.42,0.3638,6,1,,,,0
,,,9.93,101247.8,0.1943,25.87,1.94,35.5,7.15,3.87,26.56,0.1989,6,1,,,,0
109.1929732,26.24925128,68.0,0.0,99838.34922,0.090242093,18.80281538,0.899384226,50.45173244,0.000309303,0.001385166,18.85212149,0.091047042,2,0,-91.58865229,-0.494058396,6.0,0
,,,18.26,101070.1,0.2163,35.27,0.98,48.08,15.49,7.87,35.05,0.2056,9,1,,,,0
,,,2.24,101777.5,0.0938,26.15,0.0,22.79,1.25,1.1,25.41,0.1087,10,0,,,,0
,,,18.57,101725.5,0.2384,18.47,3.13,52.92,11.78,9.34,17.6,0.2397,5,0,,,,0
,,,200.65,99673.6,0.7658,23.59,5.6,82.95,131.76,85.85,24.59,0.7404,8,1,,,,1
,,,292.3,98479.1,0.8292,31.12,6.23,91.5,208.15,167.88,32.35,0.8433,9,1,,,,1
,,,138.86,100207.7,0.6944,31.05,3.89,83.91,95.31,65.29,32.44,0.6704,8,1,,,,1
,,,5.99,102153.0,0.1222,33.65,1.03,20.62,3.49,2.8,34.14,0.124,1,0,,,,0
,,,26.75,100687.2,0.3054,20.26,1.2,66.98,20.0,15.0,21.11,0.3123,3,0,,,,0
,,,9.53,101786.1,0.1924,21.25,0.95,31.34,6.23,3.45,22.78,0.193,9,1,,,,0
109.1929732,26.24925128,68.0,0.010997549,100303.2666,0.085348725,19.73143076,0.36467406,66.12696689,0.007116533,0.005859238,19.06033119,0.085395872,1,0,-186.024585,-0.277702604,2.0,0
,,,8.09,102045.0,0.1624,37.83,0.0,31.38,5.89,4.06,36.19,0.1457,6,1,,,,0
,,,18.47,100996.8,0.2733,21.94,1.3,54.68,16.32,13.17,20.48,0.2865,1,0,,,,0
,,,91.25,100343.0,0.624,34.88,4.03,77.98,63.59,40.87,35.51,0.614,9,1,,,,1
,,,318.45,98950.4,0.9359,27.87,8.36,100.0,233.26,161.88,29.11,0.9095,6,1,,,,1
,,,10.6,101313.2,0.1704,26.18,2.16,38.39,6.26,5.56,25.49,0.1796,11,0,,,,0
,,,20.41,101511.7,0.2814,33.76,2.06,54.73,15.25,8.49,33.7,0.2843,2,0,,,,0
,,,114.3,100316.9,0.6552,28.71,3.53,79.21,95.24,62.35,28.22,0.6641,8,1,,,,1
,,,145.39,99614.5,0.7162,22.07,3.69,80.63,111.42,70.23,20.81,0.7348,8,1,,,,1
109.1929732,26.24925128,68.0,0.000600785,98986.54137,0.084961184,33.89366262,1.990510839,43.58286943,0.001022901,0.000937208,33.08734089,0.085068196,9,1,-197.7858428,-0.277182913,2.0,0
,,,190.96,99641.3,0.7232,31.64,5.75,87.3,126.85,90.83,30.09,0.7111,1,0,,,,1
,,,144.2,99758.8,0.7213,24.01,5.29,80.36,96.45,68.94,23.67,0.6968,7,1,,,,1
109.1929732,26.24925128,68.0,1.298447823,98541.68933,0.414274551,28.10693938,2.098993804,83.27262544,1.101333522,0.842097333,27.75496468,0.411158354,8,1,-154.4078659,-0.138087302,0.0,1
,,,145.66,99988.3,0.6937,22.71,3.34,78.89,104.42,66.26,24.44,0.6661,2,0,,,,1
,,,117.24,99881.6,0.6372,26.28,3.73,75.0,68.83,42.53,24.69,0.6355,6,1,,,,1
,,,228.42,98614.7,0.8257,22.79,3.0,86.82,132.92,88.29,21.59,0.8502,3,0,,,,1
,,,220.17,99095.1,0.7798,20.0,6.95,88.32,175.08,136.4,19.98,0.8067,8,1,,,,1
,,,241.36,98588.7,0.7768,20.0,7.28,87.28,152.35,124.05,19.03,0.7774,7,1,,,,1
,,,10.53,101683.1,0.1615,22.95,0.81,44.54,6.85,4.65,24.9,0.1689,8,1,,,,0
,,,26.19,100722.4,0.2819,24.68,2.09,61.77,20.0,15.0,24.65,0.2779,2,0,,,,0
109.1929732,26.24925128,68.0,0.001224689,98451.47957,0.202826507,30.39998401,4.745426656,70.7411187,0.001999202,0.055558153,30.45277057,0.218140642,8,1,-244.4133734,-0.226075029,0.0,1
109.1929732,26.24925128,68.0,0.597465744,100310.8669,0.113971472,18.57736124,0.859512393,71.83928661,0.245511395,0.108332763,19.67193852,0.095799032,2,0,-104.2283956,-0.498044574,7.0,0
,,,314.39,98261.7,0.8628,21.62,7.31,95.41,196.37,117.17,19.82,0.8713,9,1,,,,1
,,,305.24,98450.1,0.8956,27.36,6.68,98.69,245.06,180.0,28.62,0.8739,6,1,,,,1
109.1929732,26.24925128,68.0,0.0,100533.694,0.088582702,15.96996228,1.919075319,35.20189468,9.5e-05,0.049673329,15.81252143,0.088928409,3,0,-40.78400617,-0.039867289,0.0,1
,,,13.59,101169.9,0.1875,22.03,1.07,47.05,11.78,10.27,23.98,0.2029,4,0,,,,0
,,,165.03,99540.9,0.7079,26.54,4.34,88.84,91.89,63.67,26.18,0.7307,7,1,,,,1
,,,277.3,98660.0,0.8173,31.29,4.59,89.17,228.47,129.44,29.44,0.7888,7,1,,,,1
,,,97.26,100500.0,0.6377,22.22,3.0,75.0,67.2,40.0,20.5,0.6503,10,0,,,,1
,,,18.76,101396.3,0.2748,21.97,2.7,47.24,11.33,9.13,22.29,0.2615,9,1,,,,0
,,,19.97,101242.3,0.2315,18.33,0.0,54.19,12.87,10.91,20.21,0.2471,7,1,,,,0
,,,248.56,99185.8,0.7957,20.18,7.43,97.55,196.82,114.21,21.99,0.8013,9,1,,,,1
109.1929732,26.24925128,68.0,0.002878999,99278.61363,0.094384819,28.76909552,3.329222912,58.08053227,0.002696023,0.00272565,28.91276853,0.095155814,10,0,343.1925252,40.82967603,8.0,0
,,,304.8,99017.3,0.9132,21.94,8.63,97.67,175.55,145.54,22.82,0.9156,8,1,,,,1
,,,159.94,100185.1,0.6525,23.07,6.35,87.03,92.06,57.22,22.77,0.6249,7,1,,,,1
109.1929732,26.24925128,68.0,0.052824687,98588.8691,0.085074231,34.24548551,1.746194136,53.4194863,0.017622464,0.011262555,34.11818201,0.084916707,7,1,-303.8569052,-0.184307723,0.0,1
,,,316.14,98264.2,0.9225,25.06,4.61,94.66,176.43,131.76,24.62,0.9441,9,1,,,,1
,,,11.67,101042.2,0.234,36.89,1.34,40.85,10.05,8.93,38.78,0.2454,8,1,,,,0
,,,22.52,101120.9,0.2801,37.35,0.89,54.48,18.59,12.26,36.25,0.2832,3,0,,,,0
109.1929732,26.24925128,68.0,0.0,100654.7003,0.091900699,19.96096228,0.606887024,44.50264156,0.006091594,0.009117231,19.15834172,0.093458354,2,0,-111.1750406,-0.493356913,7.0,0
,,,342.48,98107.1,0.9467,33.15,10.74,100.0,241.16,139.56,32.09,0.9631,7,1,,,,1
,,,99.97,100060.1,0.6248,25.94,3.22,79.79,74.81,51.88,27.6,0.6471,7,1,,,,1
,,,13.64,101249.7,0.2033,36.39,1.44,40.63,10.93,5.94,37.59,0.2183,6,1,,,,0
,,,239.25,98658.3,0.7784,28.38,5.91,87.87,197.82,150.08,26.93,0.7822,6,1,,,,1
,,,23.05,101216.4,0.2635,29.96,1.49,52.77,12.78,6.9,28.5,0.2777,10,0,,,,0
,,,23.98,101196.5,0.2667,33.45,2.79,58.51,19.19,12.6,34.68,0.262,11,0,,,,0
,,,19.39,101226.5,0.2369,29.71,2.03,57.22,14.12,10.87,31.37,0.2396,12,0,,,,0
,,,207.02,99829.0,0.8016,30.87,6.59,91.58,165.37,118.82,30.41,0.7841,7,1,,,,1
,,,235.05,98871.4,0.821,25.84,10.12,92.46,191.63,143.71,25.12,0.8442,7,1,,,,1
,,,26.23,100586.9,0.3263,27.1,1.18,60.59,17.38,11.34,25.92,0.3423,4,0,,,,0
,,,9.16,101539.7,0.172,21.39,1.66,40.63,7.1,6.12,19.61,0.1725,2,0,,,,0
,,,12.77,100850.9,0.181,22.72,0.76,40.54,11.0,7.16,21.53,0.1726,12,0,,,,0
,,,0.23,102735.4,0.08,32.58,0.0,21.15,0.2,0.11,33.17,0.0787,11,0,,,,0
,,,2.84,101734.3,0.0956,30.74,0.24,26.81,2.39,1.51,31.11,0.1148,4,0,,,,0
,,,319.54,98477.3,0.8612,25.03,8.54,94.31,177.16,139.14,24.65,0.8849,8,1,,,,1
,,,194.3,99233.3,0.7573,20.41,5.45,85.59,118.5,72.19,19.79,0.7403,9,1,,,,1
,,,11.76,102307.3,0.1545,30.68,1.16,38.68,7.38,4.7,30.79,0.1715,2,0,,,,0
,,,19.88,100746.8,0.2385,23.0,2.5,47.84,14.35,7.23,24.9,0.2294,10,0,,,,0
,,,163.75,99887.3,0.6955,22.0,5.68,85.51,120.74,91.24,20.26,0.6805,1,0,,,,1
,,,267.53,98430.5,0.8388,21.77,6.72,90.37,161.25,92.47,21.18,0.8522,6,1,,,,1
,,,159.47,99798.0,0.7414,27.63,6.38,79.12,94.72,66.55,25.67,0.7618,8,1,,,,1
,,,27.14,100500.0,0.3312,35.11,0.87,63.49,14.69,11.21,33.97,0.3246,3,0,,,,0
,,,327.2,98318.9,0.9353,28.47,8.48,100.0,250.0,180.0,30.0,0.91,6,1,,,,1
,,,8.8,101595.3,0.1954,29.7,0.94,23.05,5.14,2.96,28.38,0.2092,3,0,,,,0
,,,111.64,100249.6,0.6,24.16,4.51,75.0,83.0,63.97,22.29,0.6092,8,1,,,,1
,,,5.84,101576.6,0.08,18.52,0.0,28.15,3.88,2.5,17.89,0.0639,6,1,,,,0
109.1929732,26.24925128,68.0,0.001637398,100075.4665,0.086544173,27.32373744,2.527704396,32.78011285,0.000561814,0.000329694,27.07411784,0.086668009,11,0,-161.7790248,-0.972790954,8.0,0
,,,29.17,100524.0,0.35,22.31,2.51,70.0,20.0,14.41,23.26,0.3434,4,0,,,,0
,,,9.06,101956.1,0.1754,31.32,1.08,38.21,4.88,4.37,31.52,0.1653,3,0,,,,0
109.1929732,26.24925128,68.0,3.56e-06,100276.3582,0.085187565,25.35208371,0.772593734,41.56652428,0.001092119,0.001182095,24.74063116,0.085242297,3,0,333.6558309,252.4422196,9.0,0
,,,304.51,98528.2,0.8662,25.77,9.95,90.61,210.04,153.11,25.04,0.8432,3,0,,,,1
,,,166.68,99858.9,0.6336,24.1,5.02,81.48,138.96,113.56,22.44,0.653,7,1,,,,1
,,,4.86,102291.6,0.0803,36.87,0.2,33.96,3.92,1.96,35.5,0.0986,7,1,,,,0
,,,92.91,100500.0,0.6082,30.92,3.24,75.0,77.8,54.91,29.48,0.614,9,1,,,,1
109.1929732,26.24925128,68.0,0.000435044,98621.22798,0.080322827,32.55469195,6.030028292,52.39646574,0.000212783,9.12e-05,32.68103128,0.080324434,6,1,-235.4438154,-0.68540919,3.0,0
109.1929732,26.24925128,68.0,3.13e-05,100253.085,0.086265254,21.27017002,0.482158417,55.24621689,7.23e-05,3.45e-05,21.2297569,0.086279552,12,0,375.214438,0.999459844,4.0,0
,,,327.94,98000.0,0.897,20.0,7.4,94.51,195.64,166.08,21.49,0.8983,7,1,,,,1
,,,251.32,98440.6,0.7812,27.45,7.34,90.87,182.91,121.25,27.69,0.7953,7,1,,,,1
,,,11.17,102150.1,0.1535,20.74,1.44,43.55,7.2,4.33,22.38,0.1492,7,1,,,,0
,,,224.16,99320.4,0.7954,33.16,4.26,88.58,145.32,81.9,31.54,0.8193,7,1,,,,1
,,,27.04,100580.8,0.2924,26.42,4.01,70.0,16.67,11.07,28.08,0.2829,11,0,,,,0
,,,4.04,102781.5,0.1299,32.44,0.38,23.21,3.28,1.8,32.97,0.1293,6,1,,,,0
,,,16.08,101410.7,0.2324,28.48,2.17,45.3,11.11,9.4,30.02,0.2222,12,0,,,,0
,,,142.83,100185.7,0.6768,32.99,5.38,82.46,99.82,59.01,34.5,0.6958,6,1,,,,1
,,,194.18,99224.7,0.7953,26.64,7.09,89.72,137.28,77.93,25.06,0.7846,7,1,,,,1
109.1929732,26.24925128,68.0,0.415778448,98657.40942,0.255091181,31.15492435,2.804056019,72.10974518,0.216374535,0.111200057,31.30828874,0.233190553,8,1,-160.9546078,-0.935888643,7.0,0
,,,8.64,101436.8,0.1611,28.63,0.96,37.24,6.57,3.54,29.16,0.1418,3,0,,,,0
,,,8.53,102660.5,0.1723,20.18,1.36,26.43,7.65,5.84,19.47,0.1685,6,1,,,,0
,,,0.11,101746.1,0.0991,23.47,1.17,23.95,0.06,0.06,21.75,0.1176,4,0,,,,0
,,,27.03,100696.4,0.3272,35.45,2.78,62.06,20.0,13.05,36.24,0.3296,1,0,,,,0
,,,290.7,98115.2,0.8963,30.04,7.35,95.46,160.29,114.7,29.16,0.9134,8,1,,,,1
,,,1.9,102957.8,0.1006,23.14,0.21,23.61,1.41,1.23,25.03,0.1126,6,1,,,,0
,,,140.57,100500.0,0.6588,24.5,4.23,87.76,102.58,67.71,26.47,0.64,8,1,,,,1
,,,7.59,102271.0,0.1393,20.12,1.01,29.33,6.4,3.83,19.7,0.1422,11,0,,,,0
,,,127.95,100008.6,0.6582,26.33,3.74,76.84,79.95,66.58,25.35,0.6479,8,1,,,,1
,,,252.11,99138.7,0.8468,20.06,4.64,90.31,203.2,150.09,21.94,0.8478,5,0,,,,1
,,,185.0,99383.7,0.7198,26.25,3.0,83.38,140.06,115.83,26.76,0.7266,8,1,,,,1
,,,29.41,100882.7,0.3371,35.09,2.31,70.0,20.0,15.0,34.82,0.3564,11,0,,,,0
,,,183.2,99402.2,0.721,27.69,4.3,84.77,149.85,93.55,29.58,0.7311,6,1,,,,1
,,,22.55,101141.6,0.2502,18.35,4.25,58.18,17.6,11.22,17.1,0.2429,4,0,,,,0
,,,19.61,101444.5,0.2636,20.13,0.73,46.12,11.87,9.37,19.61,0.2737,10,0,,,,0
109.1929732,26.24925128,68.0,0.124165905,99525.00243,0.098340052,27.53751644,2.301190219,52.90584369,0.042577121,0.021214286,28.81179534,0.090726549,4,0,-184.5544744,-0.224627179,1.0,0
,,,222.84,99137.4,0.7768,20.0,7.26,88.91,152.14,128.49,18.97,0.7964,9,1,,,,1
,,,9.35,101706.7,0.1577,24.9,1.67,39.04,4.92,4.11,23.48,0.161,3,0,,,,0
109.1929732,26.24925128,68.0,0.000859389,98891.96385,0.084513334,31.23294829,3.107225693,38.01384111,0.000476533,0.000204228,32.29046508,0.083923857,4,0,-231.0188037,-0.698986132,3.0,0
,,,28.35,100500.0,0.3471,18.98,4.08,68.08,20.0,11.61,17.67,0.3652,1,0,,,,0
,,,210.5,98910.6,0.7882,28.11,5.8,82.33,133.91,77.75,26.26,0.7818,8,1,,,,1
,,,15.01,101956.1,0.2242,23.85,1.54,39.32,8.69,6.47,22.34,0.2206,3,0,,,,0
,,,17.17,100916.7,0.1905,36.13,2.31,44.45,14.7,11.62,34.72,0.1867,3,0,,,,0
,,,2.32,102463.3,0.1013,23.23,0.27,20.0,1.71,0.87,21.31,0.0894,11,0,,,,0
,,,20.2,101057.0,0.2768,25.64,2.15,49.81,15.09,11.77,24.59,0.2636,10,0,,,,0
,,,15.96,101197.6,0.2253,18.66,2.38,47.61,13.89,11.42,19.36,0.2133,7,1,,,,0
109.1929732,26.24925128,68.0,0.0,100089.6806,0.088153291,28.96662287,0.574097983,43.2765029,0.000117273,0.002885155,28.65747103,0.089524589,10,0,-166.4491466,-0.305015776,4.0,0
,,,5.12,101764.8,0.1404,28.26,0.57,28.13,3.82,3.15,26.85,0.1534,6,1,,,,0
109.1929732,26.24925128,68.0,0.167595888,99811.02004,0.09104373,20.37856538,1.627606271,64.41769795,0.059940787,0.060927357,20.4530823,0.091089613,3,0,149.0404038,0.992544699,10.0,0
,,,9.35,101509.9,0.1147,36.64,0.92,38.5,4.95,4.03,35.81,0.1034,6,1,,,,0
,,,325.93,98065.4,0.8938,31.73,6.72,100.0,188.84,145.26,30.45,0.876,8,1,,,,1
,,,287.14,98442.2,0.861,21.68,5.27,97.26,179.7,131.59,23.27,0.8335,8,1,,,,1
,,,23.87,101029.9,0.3145,27.73,1.49,59.41,20.0,15.0,25.97,0.3091,12,0,,,,0
,,,82.15,100500.0,0.6,22.02,3.9,75.0,60.93,46.1,20.36,0.5995,1,0,,,,1
109.1929732,26.24925128,68.0,1.34e-05,99995.17167,0.087723133,27.20039923,1.150374383,36.80016463,8.94e-06,5.58e-05,27.10748921,0.087758104,10,0,-187.2414615,-0.177032046,0.0,1
,,,23.57,101275.9,0.3341,25.75,2.56,61.25,17.53,13.04,25.93,0.3384,11,0,,,,0
109.1929732,26.24925128,68.0,4.01e-05,99675.82889,0.09180774,28.92525893,0.938640168,56.32098634,0.002534741,0.003093862,28.823132,0.09271244,10,0,-222.788912,-0.131546405,0.0,1
109.1929732,26.24925128,68.0,0.076570462,99630.09209,0.087566595,29.7364395,1.917425317,61.50571691,0.025723087,0.011042483,29.87601943,0.085785614,10,0,-113.3646333,-0.216899722,5.0,0
,,,132.54,100241.7,0.6698,27.86,5.69,79.01,88.29,68.72,26.61,0.681,2,0,,,,1
,,,10.67,102111.7,0.1904,24.7,1.61,34.62,6.13,4.95,26.06,0.2057,6,1,,,,0
,,,159.54,99834.9,0.6931,20.92,3.95,80.63,116.04,97.44,20.0,0.7153,6,1,,,,1
,,,4.64,102696.0,0.1002,33.78,0.18,25.02,3.9,1.97,32.07,0.0828,9,1,,,,0
,,,344.68,98000.0,0.95,23.51,8.24,97.57,250.0,180.0,22.4,0.9593,9,1,,,,1
,,,168.09,99747.5,0.7195,33.32,4.19,85.29,102.7,77.4,31.93,0.6935,5,0,,,,1
,,,27.92,100653.6,0.3476,26.51,3.6,70.0,20.0,13.73,24.97,0.3656,10,0,,,,0
,,,28.8,100641.1,0.3304,23.91,4.72,70.0,20.0,13.28,23.78,0.3235,2,0,,,,0
,,,25.55,100500.0,0.3081,20.81,3.47,65.56,20.0,12.57,21.44,0.2968,3,0,,,,0
,,,300.82,98272.7,0.95,23.21,7.44,92.43,249.01,148.62,24.64,0.9418,9,1,,,,1
109.1929732,26.24925128,68.0,0.0,99312.17208,0.085573686,32.87355739,1.461966743,31.44566421,0.001371694,0.000721484,32.58852988,0.085884014,9,1,-194.7204679,-0.151999016,0.0,1
,,,256.73,98877.5,0.8445,20.0,5.74,87.18,212.48,125.13,21.48,0.8184,6,1,,,,1
,,,14.35,101062.7,0.2068,31.36,0.85,46.01,9.59,4.96,32.31,0.2093,12,0,,,,0
109.1929732,26.24925128,68.0,0.001540218,99346.02304,0.084857669,29.90141054,2.814513462,31.36432634,0.000513406,0.000282714,29.76810358,0.084992537,3,0,-223.9171881,-0.286484946,1.0,0
,,,240.39,99393.4,0.7892,30.01,7.32,89.73,158.8,89.18,28.08,0.8136,8,1,,,,1
,,,137.1,99731.3,0.6565,22.96,4.83,76.71,85.13,56.8,23.1,0.6304,4,0,,,,1
,,,25.35,100500.0,0.3009,35.35,2.78,59.33,16.17,14.37,36.47,0.3061,1,0,,,,0
,,,7.26,101736.3,0.1348,26.71,1.39,24.2,5.22,4.59,27.17,0.1172,1,0,,,,0
,,,29.83,100500.0,0.3316,32.82,1.19,70.0,20.0,15.0,34.21,0.3336,9,1,,,,0
,,,25.47,100718.2,0.3254,18.32,1.17,66.18,15.7,14.09,18.98,0.3325,1,0,,,,0
,,,317.0,98430.2,0.8882,20.0,6.18,97.24,232.29,136.39,18.6,0.8602,2,0,,,,1
,,,218.58,98792.7,0.8071,20.0,4.37,81.91,152.92,94.97,20.09,0.7822,8,1,,,,1
,,,13.04,101687.6,0.2227,29.26,2.59,38.52,9.94,8.86,30.34,0.2122,10,0,,,,0
,,,25.11,100596.5,0.3125,28.39,3.71,55.47,13.26,11.16,29.72,0.313,2,0,,,,0
,,,11.95,101636.5,0.1983,27.72,0.7,41.44,6.63,3.97,25.78,0.1863,6,1,,,,0
,,,18.58,100824.6,0.2215,25.4,1.41,53.71,13.73,8.38,26.81,0.2018,11,0,,,,0
,,,240.36,99155.6,0.786,26.38,7.13,88.0,158.38,115.07,28.2,0.7579,6,1,,,,1
,,,149.3,99918.4,0.6936,28.15,5.04,79.26,83.18,58.12,26.26,0.6772,5,0,,,,1
,,,158.39,99592.9,0.6972,23.75,4.97,81.96,89.09,58.05,22.11,0.6679,12,0,,,,1
,,,153.35,99680.3,0.6411,33.33,6.23,80.07,121.14,80.87,32.94,0.6683,9,1,,,,1
,,,180.62,100058.9,0.7356,23.72,6.04,82.71,111.81,94.66,23.44,0.7242,7,1,,,,1
,,,22.21,101968.5,0.2914,36.23,3.58,66.2,11.35,6.54,36.74,0.2809,9,1,,,,0
,,,15.63,102049.0,0.2132,29.72,0.39,43.87,11.55,8.56,30.27,0.2052,12,0,,,,0
,,,190.65,99775.0,0.714,23.5,7.23,83.14,109.46,67.01,22.05,0.698,9,1,,,,1
,,,28.07,100941.3,0.3361,34.6,3.62,68.87,18.8,11.42,33.07,0.3548,11,0,,,,0
109.1929732,26.24925128,68.0,0.138994116,100412.327,0.088324734,19.65507821,1.760579117,49.78655251,0.046380921,0.023026966,20.4072768,0.086175505,2,0,-104.2283956,-0.332463121,6.0,0
,,,28.25,101142.7,0.35,34.47,2.42,68.62,14.62,12.23,35.49,0.3319,3,0,,,,0
109.1929732,26.24925128,68.0,6.63e-05,98496.37257,0.084444099,34.47649032,5.554940024,51.88674761,2.21e-05,0.000758901,34.5814156,0.084638362,6,1,-205.7632542,-0.141058899,0.0,1
,,,325.75,98468.9,0.9035,20.94,11.57,97.46,187.7,118.5,19.05,0.8981,1,0,,,,1
,,,100.84,100314.9,0.6193,29.39,4.56,77.38,60.51,44.75,30.4,0.6259,10,0,,,,1
109.1929732,26.24925128,68.0,3.63e-06,100026.0559,0.087308794,19.45826369,0.296654583,51.74717588,1.65e-05,1.41e-05,19.54627111,0.087333499,12,0,-183.2678983,-0.153108216,0.0,1
109.1929732,26.24925128,68.0,0.0,100710.0037,0.0869561,14.72969969,1.181351043,59.36326853,7.15e-05,0.001702796,14.5028425,0.08721886,1,0,-82.64018915,-0.496475388,10.0,0
109.1929732,26.24925128,68.0,3.74e-05,99105.61456,0.090805398,31.11762018,2.961937038,56.62359401,0.000726983,0.000817931,31.90858743,0.091490328,10,0,-193.3781961,-0.176631303,0.0,1
109.1929732,26.24925128,68.0,0.000130762,100568.6874,0.086896849,15.24580164,1.850499772,45.37685015,0.000217691,0.000131717,14.36282881,0.086961183,1,0,345.8473311,0.994134898,10.0,0
,,,26.02,100500.0,0.3418,30.27,1.3,58.14,15.95,13.67,31.26,0.3416,3,0,,,,0
,,,2.57,103000.0,0.1126,30.37,0.0,20.0,1.32,0.97,32.08,0.1175,10,0,,,,0
,,,28.66,100500.0,0.3379,28.23,3.15,70.0,20.0,12.56,29.16,0.3186,9,1,,,,0
,,,83.2,100496.5,0.6,34.58,5.16,80.15,67.24,40.0,34.99,0.6206,6,1,,,,1
,,,334.67,98287.8,0.95,26.39,6.34,99.66,184.47,101.88,27.24,0.9715,8,1,,,,1
109.1929732,26.24925128,68.0,0.032354472,99007.54786,0.244734435,30.99434624,1.819290307,72.05092303,0.039012877,0.026815067,30.74863068,0.253569818,8,1,120.998206,0.324486343,4.0,0
,,,216.87,99044.5,0.8525,26.5,6.31,87.55,167.05,91.93,24.68,0.8431,6,1,,,,1
,,,16.09,101519.4,0.2028,32.88,2.48,47.03,11.44,8.59,32.25,0.1974,5,0,,,,0
,,,86.56,99839.4,0.6179,23.68,3.0,78.77,51.36,40.0,23.03,0.6188,12,0,,,,1
,,,335.45,98000.0,0.95,31.0,4.62,100.0,197.77,137.34,29.85,0.9673,1,0,,,,1
,,,179.22,100054.4,0.7029,31.73,4.11,87.65,106.36,76.3,31.04,0.7022,9,1,,,,1
,,,166.83,99750.5,0.7302,25.99,3.87,80.72,122.84,103.18,25.61,0.7489,9,1,,,,1
,,,288.83,98706.8,0.8,29.03,5.51,92.44,241.78,148.7,28.09,0.8018,12,0,,,,1
,,,14.87,101441.4,0.2131,32.68,1.95,37.17,13.08,7.55,34.4,0.2072,1,0,,,,0
,,,103.76,100308.5,0.6271,31.15,3.0,75.0,73.44,46.14,29.53,0.6286,6,1,,,,1
,,,20.77,101185.8,0.2689,20.9,0.75,52.15,16.94,10.31,22.74,0.2862,3,0,,,,0
,,,1.66,102691.7,0.0995,28.36,1.13,25.91,0.98,0.85,27.72,0.0894,7,1,,,,0
,,,22.35,101148.2,0.2964,32.93,3.41,55.54,15.01,8.06,31.92,0.2829,12,0,,,,0
,,,11.42,102280.1,0.2008,37.04,0.76,44.04,7.5,4.62,38.69,0.2095,12,0,,,,0
109.1929732,26.24925128,68.0,0.001991009,99504.34465,0.094608898,31.84410563,1.360910638,59.97252798,0.002965677,0.002081418,32.03128195,0.092287505,9,1,-88.11724826,-0.326578608,9.0,0
,,,244.48,98598.0,0.8208,33.07,5.74,91.65,181.54,141.94,31.76,0.8351,9,1,,,,1
,,,6.08,102185.1,0.114,37.75,0.41,29.79,4.37,2.89,39.08,0.1288,7,1,,,,0
109.1929732,26.24925128,68.0,5.7e-05,100318.3981,0.086962171,19.58590096,2.125603094,42.10014678,0.005917526,0.002583182,18.50107042,0.087511992,3,0,-220.1664437,-0.406303112,3.0,0
,,,4.09,101761.2,0.1189,37.48,0.54,30.4,2.13,1.75,37.6,0.1133,5,0,,,,0
,,,22.68,101020.9,0.3016,19.55,1.55,59.5,13.46,8.44,20.48,0.2926,2,0,,,,0
,,,243.37,98933.4,0.8783,28.82,6.47,85.84,179.5,128.46,29.3,0.8513,6,1,,,,1
,,,260.87,98618.6,0.8892,28.83,10.65,92.87,175.86,133.05,28.04,0.9139,6,1,,,,1
,,,221.92,98629.2,0.7283,32.66,6.37,84.1,169.89,118.36,33.87,0.7506,10,0,,,,1
,,,17.51,101649.9,0.2439,33.87,1.06,53.96,14.31,8.61,32.53,0.2395,9,1,,,,0
,,,102.5,100492.7,0.6048,31.18,4.48,79.17,76.62,43.92,31.51,0.6014,6,1,,,,1
109.1929732,26.24925128,68.0,0.001967013,100248.3235,0.085915245,24.26726714,1.01667126,59.77429796,0.000952213,0.000408091,24.39455549,0.085862126,11,0,-157.0218929,-0.220841035,5.0,0
,,,12.47,101479.0,0.1732,35.12,0.56,40.95,10.99,9.44,33.55,0.1821,2,0,,,,0
,,,291.86,98406.0,0.8451,21.27,5.6,98.31,185.08,128.48,19.32,0.8633,5,0,,,,1
,,,281.14,98424.4,0.9074,20.01,6.38,94.72,222.83,176.5,18.79,0.9306,9,1,,,,1
,,,265.19,98723.4,0.8822,20.0,5.67,89.32,200.24,125.08,19.12,0.9052,6,1,,,,1
109.1929732,26.24925128,68.0,2.57e-05,99180.1579,0.084017538,32.79835072,1.956622732,33.45086273,0.009832038,0.01099068,32.44996061,0.084068486,5,0,-200.2730713,-0.287058811,2.0,0
,,,110.74,100290.1,0.6,29.97,3.6,79.54,80.38,56.92,29.32,0.617,8,1,,,,1
,,,206.83,99016.0,0.7635,21.38,3.38,81.14,131.44,93.02,20.69,0.7762,9,1,,,,1
,,,17.09,102017.5,0.1921,31.01,2.45,45.65,12.39,6.91,30.55,0.1887,8,1,,,,0
,,,17.04,101049.4,0.2464,32.33,0.25,52.33,9.08,7.91,32.76,0.2617,10,0,,,,0
109.1929732,26.24925128,68.0,5.53e-05,100460.8674,0.096559886,21.34368575,0.849525535,56.82059988,0.005309755,0.017386952,21.27611061,0.09697188,3,0,364.0594453,0.574486635,0.0,1
,,,87.44,100500.0,0.6,20.32,3.8,75.0,56.9,45.12,22.17,0.6068,6,1,,,,1
,,,118.7,100500.0,0.6456,33.14,3.68,79.34,95.77,77.26,32.28,0.6472,6,1,,,,1
,,,117.39,99878.6,0.6408,23.92,3.79,77.79,69.08,41.28,23.18,0.6623,7,1,,,,1
109.1929732,26.24925128,68.0,0.0,100132.1865,0.085766075,24.32295992,1.131855196,48.55509982,0.0,0.000184407,24.28435544,0.085773196,11,0,-166.7237318,-0.191538812,1.0,0
,,,15.58,101840.7,0.2407,24.35,1.87,53.47,9.38,7.86,24.09,0.2306,12,0,,,,0
,,,15.84,101338.5,0.2268,28.2,1.03,44.94,12.82,10.98,28.44,0.2462,1,0,,,,0
109.1929732,26.24925128,68.0,0.0,100519.0843,0.086342184,20.70584729,2.501105613,56.90547304,0.0,0.013083467,20.57108199,0.086896282,12,0,-161.6002909,-0.280592814,6.0,0
,,,160.31,99822.5,0.7121,21.51,4.76,78.41,119.12,71.74,22.1,0.7414,8,1,,,,1
,,,3.38,102247.2,0.1355,34.58,0.0,26.84,2.81,2.41,36.06,0.1462,10,0,,,,0
,,,346.68,98319.0,0.95,28.45,12.0,100.0,222.09,165.91,30.14,0.9306,8,1,,,,1
,,,26.91,100500.0,0.3428,20.8,3.82,70.0,18.57,11.17,19.62,0.3391,6,1,,,,0
,,,25.13,100635.9,0.3245,20.75,3.74,60.95,14.79,13.15,19.01,0.3423,2,0,,,,0
,,,4.48,102088.0,0.1077,28.23,1.06,26.66,3.86,2.82,29.35,0.1266,3,0,,,,0
,,,279.39,98753.6,0.8763,20.36,6.43,83.45,158.42,108.16,19.67,0.8925,8,1,,,,1
,,,206.28,99411.3,0.8113,31.36,6.91,84.63,174.37,112.89,30.56,0.8014,4,0,,,,1
,,,0.34,102242.3,0.1017,19.71,0.0,23.37,0.22,0.16,18.85,0.0874,2,0,,,,0
,,,17.68,101212.6,0.1926,31.15,1.95,46.92,13.74,12.08,30.75,0.21,2,0,,,,0
,,,224.66,99350.5,0.7876,24.83,4.48,88.58,139.36,92.32,24.87,0.7965,9,1,,,,1
,,,4.03,101881.8,0.1003,24.17,0.62,24.87,3.16,1.59,22.29,0.1096,11,0,,,,0
109.1929732,26.24925128,68.0,0.000196399,100075.5552,0.08725971,26.30640382,1.823190472,48.06418574,7.11e-05,4.05e-05,26.59495222,0.087323548,10,0,-175.614674,-0.128035895,0.0,1
,,,26.83,100891.9,0.3193,24.99,2.76,59.36,20.0,15.0,26.34,0.3178,4,0,,,,0
,,,132.97,100112.5,0.6358,25.58,7.01,77.04,75.46,52.08,27.25,0.6359,8,1,,,,1
,,,167.67,99816.5,0.7434,33.76,4.35,84.87,130.85,92.17,34.15,0.754,8,1,,,,1
,,,18.65,101692.6,0.2623,19.11,1.76,49.64,10.74,8.29,17.38,0.262,7,1,,,,0
,,,286.36,98201.9,0.8855,29.18,8.01,97.88,219.35,166.47,30.02,0.9047,4,0,,,,1
,,,254.31,98765.6,0.8024,24.04,7.69,90.28,152.96,107.36,25.51,0.7779,6,1,,,,1
109.1929732,26.24925128,68.0,0.0,98748.56637,0.084735493,34.63387824,4.53986112,49.95177088,5.64e-05,0.000762308,34.94191027,0.085226114,6,1,450.9930719,0.997876323,0.0,1
,,,14.18,101282.2,0.2031,36.98,2.2,42.74,8.21,6.25,36.63,0.2001,3,0,,,,0
,,,13.33,102091.2,0.1972,36.1,1.42,37.75,9.43,7.28,37.38,0.2051,8,1,,,,0
,,,6.12,101211.3,0.1361,18.66,0.06,31.29,5.08,4.44,19.81,0.1379,11,0,,,,0
,,,325.59,98392.4,0.9111,25.75,6.9,93.38,192.08,135.81,26.75,0.9212,8,1,,,,1
,,,6.73,101831.5,0.1412,26.91,0.52,35.69,3.36,1.92,26.81,0.1527,3,0,,,,0
,,,269.1,98858.6,0.8373,32.97,9.33,92.54,151.97,110.92,31.05,0.8527,6,1,,,,1
,,,148.53,99696.5,0.6912,28.2,3.0,82.92,104.66,83.33,26.65,0.6974,7,1,,,,1
,,,15.96,101584.5,0.2041,32.16,2.41,41.58,14.1,11.13,31.64,0.2161,5,0,,,,0
,,,177.53,99316.0,0.7201,28.88,7.53,78.62,114.61,64.58,30.23,0.7479,8,1,,,,1
,,,328.87,98842.1,0.9086,25.9,7.98,100.0,197.6,139.67,26.47,0.9207,6,1,,,,1
109.1929732,26.24925128,68.0,0.000107292,100662.9897,0.086353444,15.22173477,1.816256262,46.79139129,6.37e-05,4.55e-05,15.37765936,0.086295588,12,0,325.9311253,0.996788135,14.0,0
109.1929732,26.24925128,68.0,0.017784305,99080.33007,0.155007818,31.30393952,1.748408866,62.73267572,0.116505376,0.085431003,31.08633034,0.165708907,9,1,-347.2209225,-0.32517764,1.0,0
,,,1.38,102806.0,0.1208,34.32,0.9,20.0,0.83,0.59,32.99,0.1215,5,0,,,,0
,,,205.92,99374.4,0.7508,26.77,6.3,90.62,161.41,134.54,26.31,0.7329,7,1,,,,1
,,,121.61,100464.4,0.6443,28.19,4.02,87.4,86.31,64.67,28.04,0.6309,6,1,,,,1
,,,6.88,102094.1,0.1261,26.37,1.18,32.32,6.12,5.05,24.9,0.122,5,0,,,,0
,,,20.56,101167.8,0.2093,21.48,0.57,51.11,16.66,14.19,20.77,0.1975,1,0,,,,0
,,,22.92,100821.7,0.2974,28.5,3.31,63.99,20.0,15.0,29.74,0.2944,3,0,,,,0
,,,27.3,100502.3,0.3443,31.73,2.64,69.0,19.17,11.5,31.47,0.3566,11,0,,,,0
109.1929732,26.24925128,68.0,0.097211598,99200.04128,0.372075469,28.71758585,3.826565699,76.50509135,0.435759872,0.662716305,28.17191905,0.391986335,7,1,-177.9003322,-0.409492284,3.0,0
,,,171.42,99252.8,0.7088,29.87,3.01,89.61,127.69,75.11,30.09,0.698,8,1,,,,1
,,,27.58,101081.1,0.3308,33.98,3.55,59.06,14.29,9.16,35.78,0.3127,7,1,,,,0
,,,6.77,102545.0,0.1579,18.52,0.84,29.46,5.82,3.28,17.79,0.1749,3,0,,,,0
109.1929732,26.24925128,68.0,0.0,100867.327,0.085454577,17.99130321,3.460079232,52.1413118,0.000106547,0.000540679,17.73761809,0.08544653,12,0,-166.8579295,-0.226515044,4.0,0
,,,240.26,99029.3,0.8033,26.18,4.9,90.24,171.45,104.02,24.87,0.7736,12,0,,,,1
,,,301.33,98576.3,0.8227,31.8,9.1,98.22,226.04,135.22,32.75,0.8281,9,1,,,,1
,,,314.72,98281.7,0.9178,30.57,10.59,100.0,250.0,180.0,31.72,0.9307,8,1,,,,1
,,,14.31,101149.6,0.2407,26.03,2.4,44.87,8.28,5.51,27.63,0.253,8,1,,,,0
,,,212.66,99773.9,0.778,22.72,5.71,90.12,176.53,108.81,23.33,0.7938,9,1,,,,1
,,,19.3,100737.1,0.2275,33.98,1.74,53.42,12.26,9.31,35.89,0.2468,10,0,,,,0
,,,295.65,98909.5,0.8899,31.51,6.94,96.31,198.97,128.93,31.7,0.8647,6,1,,,,1
,,,337.47,98281.6,0.9377,20.03,8.5,100.0,203.79,157.91,18.87,0.9397,9,1,,,,1
,,,236.01,98838.9,0.8181,26.87,6.82,90.45,158.7,99.42,26.08,0.8201,9,1,,,,1
,,,227.45,99104.0,0.8525,27.93,7.3,85.8,156.76,97.24,27.29,0.8611,6,1,,,,1
,,,8.78,102713.2,0.1471,31.91,0.72,29.43,7.35,5.89,30.7,0.1564,9,1,,,,0
,,,338.98,98213.3,0.95,32.26,8.67,99.97,242.51,180.0,33.98,0.9532,8,1,,,,1
109.1929732,26.24925128,68.0,0.00304287,98207.30585,0.079364324,34.2739529,6.425586087,48.841879,0.003823084,0.003985003,35.18359842,0.079436887,6,1,-227.4953503,-0.137816547,0.0,1
109.1929732,26.24925128,68.0,0.000259796,98491.39087,0.182355002,30.36954054,3.451474415,70.11072664,0.001290315,0.03818075,30.41622947,0.203659739,8,1,-244.4133734,-0.292114918,1.0,0
,,,168.73,99819.4,0.7818,31.05,4.62,83.58,114.85,71.02,29.56,0.7571,9,1,,,,1
109.1929732,26.24925128,68.0,0.001452587,98098.1226,0.08432708,34.64602421,5.266516804,53.80035784,0.000856415,0.000504626,35.35244954,0.084710927,7,1,-230.5504001,-0.421060719,2.0,0
,,,268.6,99450.1,0.8167,31.36,7.36,92.83,164.83,134.3,32.26,0.8379,6,1,,,,1
,,,189.87,99180.8,0.737,23.3,5.75,86.18,134.81,113.1,24.56,0.7197,7,1,,,,1
,,,24.46,100722.7,0.3004,18.93,2.19,64.26,13.57,9.51,19.07,0.2888,6,1,,,,0
,,,180.01,100084.4,0.7077,34.4,4.71,85.81,129.11,76.77,32.94,0.731,7,1,,,,1
,,,27.0,100500.0,0.2905,35.31,1.16,65.5,16.53,13.07,35.1,0.3053,7,1,,,,0
109.1929732,26.24925128,68.0,0.0,100380.8056,0.086539035,25.0963962,1.788791229,33.99290426,0.000323128,0.00040861,25.74831038,0.086902718,11,0,-76.59261268,-0.331803364,6.0,0
,,,344.25,98392.6,0.9326,20.0,12.0,100.0,205.65,174.54,20.65,0.9225,9,1,,,,1
,,,25.15,100500.0,0.3009,25.95,2.04,62.79,16.17,11.88,25.02,0.2873,10,0,,,,0
,,,215.98,99079.3,0.7603,29.2,8.14,88.0,152.21,97.21,28.78,0.7603,9,1,,,,1
,,,284.51,98310.3,0.8513,32.38,9.19,92.01,161.51,126.09,33.49,0.8243,6,1,,,,1
,,,26.71,101651.0,0.337,27.61,1.25,56.21,16.36,13.61,26.08,0.3238,2,0,,,,0
,,,7.34,101458.0,0.1558,22.89,1.45,28.38,4.36,3.37,21.92,0.1402,2,0,,,,0
,,,309.7,98549.5,0.8926,30.91,5.29,95.24,186.36,116.24,30.69,0.9168,8,1,,,,1
109.1929732,26.24925128,68.0,0.0,99716.31482,0.084034232,31.66245381,1.125865824,23.38360074,0.0,2.02e-05,31.13225063,0.084079292,4,0,459.1131284,0.994119727,0.0,1
109.1929732,26.24925128,68.0,0.006371292,99133.64198,0.100007131,32.57865969,2.171763409,52.0783599,0.033845038,0.060752784,31.37828755,0.108447419,6,1,-138.3708514,-0.118120379,0.0,1
,,,330.19,98148.7,0.9093,21.33,10.16,98.67,250.0,180.0,20.1,0.9199,8,1,,,,1
109.1929732,26.24925128,68.0,0.102402041,100545.9193,0.10837922,16.14407123,2.545168685,57.42233765,0.037202642,0.032042385,15.66601957,0.112255852,1,0,-254.7130014,-0.242314923,0.0,1
,,,26.34,100568.5,0.3457,28.15,3.36,64.22,19.32,9.78,28.12,0.3421,6,1,,,,0
,,,22.6,101759.6,0.3007,27.71,1.23,59.73,13.45,7.96,29.23,0.3168,8,1,,,,0
109.1929732,26.24925128,68.0,0.000449981,100790.8619,0.087459836,16.31356994,1.706833481,56.60477277,0.000345659,0.000166953,16.00862119,0.087488627,1,0,85.11464899,0.122786874,0.0,1
109.1929732,26.24925128,68.0,0.058505169,100229.5068,0.327211159,15.07810892,0.579040764,84.9490918,0.52607687,0.267333018,15.46623101,0.19994403,1,0,-254.7130014,-0.470176476,2.0,0
,,,24.9,100500.0,0.2699,32.72,2.8,58.32,20.0,15.0,34.12,0.2759,12,0,,,,0
109.1929732,26.24925128,68.0,0.000214583,100738.1779,0.087467772,14.47939703,2.266668044,68.11639542,0.000141561,0.003016217,14.70969095,0.087748137,1,0,-163.6332071,-0.67697189,7.0,0
,,,274.43,98768.4,0.8077,21.49,6.03,88.16,167.87,99.5,19.76,0.8329,8,1,,,,1
,,,29.79,100798.7,0.35,33.74,2.86,70.0,20.0,14.17,35.08,0.3594,6,1,,,,0
109.1929732,26.24925128,68.0,0.028103716,99209.17717,0.084094461,32.43176443,3.995950631,33.78314592,0.025174828,0.010804923,32.11913078,0.084103351,5,0,66.87679853,0.080470824,0.0,1
,,,23.42,101152.3,0.2761,28.66,2.37,64.75,12.34,7.62,26.89,0.2945,10,0,,,,0
109.1929732,26.24925128,68.0,0.00551876,98371.62837,0.309976233,30.8066336,1.535834724,73.80268034,0.014700829,0.078758376,30.72869732,0.320326054,7,1,181.9068747,0.223706166,0.0,1
,,,183.08,99530.9,0.7422,32.78,6.22,80.06,100.95,76.84,33.62,0.764,9,1,,,,1
109.1929732,26.24925128,68.0,0.158203506,98415.61965,0.09097717,35.69590853,1.28852675,53.21661468,0.086954058,0.065810337,35.68127733,0.087847345,7,1,-123.7293041,-0.497101223,6.0,0
,,,0.46,102834.8,0.0976,32.3,0.0,26.31,0.33,0.17,34.17,0.1065,1,0,,,,0
,,,14.12,101767.8,0.2472,34.92,2.44,41.33,11.54,6.25,36.11,0.2576,11,0,,,,0
,,,7.69,102034.1,0.1713,27.01,0.98,31.65,5.81,3.78,28.23,0.172,3,0,,,,0
,,,23.74,100639.5,0.3127,34.42,3.91,54.84,15.59,13.56,35.81,0.3015,1,0,,,,0
,,,2.77,102158.2,0.138,25.67,0.14,27.04,2.05,1.43,23.82,0.128,3,0,,,,0
,,,25.73,101336.3,0.35,18.99,3.57,55.47,14.76,12.42,20.76,0.3476,1,0,,,,0
,,,8.82,101476.2,0.14,31.69,1.16,36.73,7.45,4.07,30.08,0.1485,6,1,,,,0
,,,121.57,100426.0,0.6911,26.51,4.01,81.04,93.57,70.14,25.92,0.6655,7,1,,,,1
,,,136.45,99918.9,0.6978,33.36,3.51,81.71,95.63,80.18,33.79,0.6961,9,1,,,,1
,,,17.73,100674.8,0.232,18.2,2.88,48.5,15.1,12.7,20.0,0.2217,12,0,,,,0
,,,309.41,98707.3,0.91,21.71,8.33,93.5,239.58,154.38,23.06,0.9033,6,1,,,,1
,,,195.9,99618.2,0.7918,27.49,5.79,84.55,138.3,87.11,26.59,0.8067,7,1,,,,1
,,,259.85,98494.7,0.8478,24.94,5.43,93.45,153.79,86.31,25.79,0.8178,7,1,,,,1
109.1929732,26.24925128,68.0,0.0,100222.0825,0.085776757,24.2650532,0.264512157,51.82883577,0.000391912,0.000184407,24.32852704,0.085790719,11,0,312.9314471,0.992640117,14.0,0
,,,291.86,99185.4,0.8205,31.52,9.16,92.79,168.64,129.54,31.11,0.8306,3,0,,,,1
,,,12.31,103000.0,0.2292,25.8,2.17,39.67,9.18,6.63,25.26,0.2279,8,1,,,,0
,,,21.39,101436.9,0.2875,24.48,3.21,63.28,13.57,7.36,25.0,0.2807,9,1,,,,0
,,,28.69,100532.3,0.3423,28.65,2.52,68.68,19.07,15.0,27.5,0.3492,4,0,,,,0
,,,145.4,100476.7,0.6704,21.09,3.03,84.67,106.46,59.96,21.28,0.6764,7,1,,,,1
,,,0.96,102241.8,0.0943,34.01,0.0,24.46,0.85,0.76,35.81,0.1006,11,0,,,,0
,,,18.21,100869.1,0.2227,23.45,2.13,52.88,15.61,13.59,21.99,0.2127,12,0,,,,0
,,,329.32,98196.1,0.95,29.07,10.35,93.52,250.0,177.12,29.33,0.9365,8,1,,,,1
,,,17.4,101321.4,0.2405,35.59,0.62,44.12,12.57,10.64,33.97,0.2387,10,0,,,,0
,,,324.55,98260.3,0.9407,22.86,9.21,94.23,250.0,162.7,21.69,0.9222,7,1,,,,1
,,,82.72,99751.8,0.6711,26.53,3.54,75.0,50.0,40.0,24.69,0.6608,11,0,,,,1
,,,20.2,100963.5,0.2718,24.69,1.52,57.82,13.75,9.41,26.63,0.2872,6,1,,,,0
,,,12.67,100972.0,0.1909,18.91,1.65,38.99,8.94,5.38,19.6,0.1798,1,0,,,,0
,,,137.83,99836.1,0.6391,27.06,6.24,79.67,106.94,85.94,26.47,0.6501,8,1,,,,1
,,,10.39,101906.6,0.162,28.77,1.17,34.9,9.09,6.82,29.98,0.1566,12,0,,,,0
,,,25.3,100500.0,0.3227,19.42,1.55,64.61,20.0,13.83,19.86,0.3343,7,1,,,,0
,,,233.32,99019.1,0.7982,32.87,7.2,91.5,160.98,136.41,31.9,0.7701,7,1,,,,1
,,,12.24,101490.8,0.1881,31.54,0.34,34.86,8.08,5.95,32.64,0.1917,12,0,,,,0
,,,24.33,100787.4,0.3127,35.19,3.35,60.17,13.68,12.13,35.9,0.3325,4,0,,,,0
109.1929732,26.24925128,68.0,0.00284041,98212.35344,0.084372219,35.30922334,3.777050663,51.54563315,0.002413303,0.013736817,35.20764896,0.084589924,7,1,-236.1399781,-0.225013846,0.0,1
,,,140.95,100045.1,0.6819,30.04,4.06,80.69,80.31,46.04,31.31,0.6735,1,0,,,,1
109.1929732,26.24925128,68.0,0.085870555,98429.1808,0.232710777,31.59203859,1.064207193,72.0646719,0.485566262,0.250314149,31.37435722,0.215062024,7,1,245.436678,2.126710238,4.0,0
109.1929732,26.24925128,68.0,0.000221289,100149.6453,0.086380941,20.91834485,1.830621926,47.3106816,0.000430836,0.000814402,23.12750053,0.08654217,2,0,-209.5601786,-0.649986016,4.0,0
,,,175.91,99933.8,0.7389,32.05,4.46,80.94,148.63,104.04,31.9,0.7237,7,1,,,,1
,,,3.26,102302.8,0.121,32.18,0.62,23.15,1.75,0.88,31.09,0.1303,2,0,,,,0
,,,99.18,100178.4,0.6363,22.93,5.06,75.0,75.25,62.21,22.08,0.6258,7,1,,,,1
,,,6.73,102092.0,0.1338,30.9,0.15,32.67,4.5,2.8,30.99,0.1238,1,0,,,,0
,,,272.12,98878.4,0.8343,21.7,5.39,92.81,213.44,141.28,20.56,0.837,9,1,,,,1
,,,235.84,99003.9,0.816,32.91,5.19,89.75,197.02,136.06,31.92,0.8198,8,1,,,,1
109.1929732,26.24925128,68.0,0.00044743,99025.55372,0.08361675,31.91667991,3.377897458,27.77653464,0.00019007,9.22e-05,32.99687509,0.083664454,4,0,-231.0188037,-0.411413677,2.0,0
,,,284.07,98293.0,0.8415,21.38,7.11,96.17,216.29,164.71,23.06,0.8198,6,1,,,,1
,,,14.31,101667.5,0.2199,18.64,2.0,43.38,11.1,6.34,17.14,0.2396,9,1,,,,0
109.1929732,26.24925128,68.0,0.0,100003.7109,0.085623879,28.91117638,1.741835673,51.46124186,0.0,9.47e-05,28.58780814,0.085642664,11,0,314.3045464,92.26491259,12.0,0
,,,167.3,100075.2,0.7372,29.0,3.91,83.9,118.17,70.36,30.99,0.7206,10,0,,,,1
,,,166.79,99508.8,0.7067,22.33,3.84,79.76,92.21,72.57,22.78,0.733,2,0,,,,1
,,,10.5,102566.6,0.1721,23.72,0.5,30.26,8.47,6.64,23.41,0.1886,4,0,,,,0
,,,150.04,100055.2,0.6942,32.11,5.25,79.24,126.08,101.59,32.11,0.7238,6,1,,,,1
,,,23.6,100953.9,0.3061,24.87,0.39,56.32,15.02,10.94,26.08,0.323,7,1,,,,0
,,,330.89,98298.3,0.8747,29.85,10.88,97.29,200.1,166.32,30.37,0.8995,6,1,,,,1
,,,94.82,99874.8,0.6356,34.3,3.27,75.0,76.69,64.9,34.08,0.6459,3,0,,,,1
,,,0.7,102297.7,0.08,24.84,0.07,21.83,0.45,0.24,24.07,0.083,8,1,,,,0
,,,174.57,99341.1,0.6658,33.54,3.0,89.76,129.56,97.62,32.6,0.6854,9,1,,,,1
,,,130.54,99798.2,0.6605,27.3,3.0,78.33,73.18,44.11,25.93,0.6331,9,1,,,,1
,,,286.48,98742.5,0.891,26.06,9.21,96.53,166.62,118.77,26.44,0.9009,9,1,,,,1
,,,90.52,100500.0,0.663,23.02,3.68,78.09,51.94,42.25,21.91,0.682,9,1,,,,1
,,,332.34,98740.6,0.9411,21.15,11.24,100.0,250.0,154.22,22.74,0.9659,7,1,,,,1
109.1929732,26.24925128,68.0,3.35e-05,100736.7199,0.08772585,14.53504158,2.556336604,68.14312723,0.003830134,0.003188274,14.80463638,0.087839044,1,0,-163.6332071,-0.403687083,6.0,0
,,,18.73,101086.0,0.2544,36.71,2.85,54.16,11.21,8.97,38.46,0.2444,2,0,,,,0
,,,7.49,102294.5,0.1387,26.85,0.0,24.74,4.73,4.08,28.67,0.1568,1,0,,,,0
,,,25.25,100814.8,0.3078,27.53,1.95,55.84,20.0,15.0,27.81,0.3266,2,0,,,,0
,,,15.9,101998.3,0.2054,36.73,1.89,51.9,12.01,10.16,38.52,0.1924,2,0,,,,0
,,,331.82,98000.6,0.9172,29.23,10.06,100.0,232.26,180.0,30.45,0.9375,12,0,,,,1
,,,334.85,98081.4,0.9288,24.65,12.0,98.95,250.0,180.0,24.5,0.9197,4,0,,,,1
109.1929732,26.24925128,68.0,0.0,99744.67973,0.087665747,26.76758465,1.665633977,52.09263207,4.47e-06,5.56e-05,27.08987736,0.087640668,10,0,-180.7927687,-0.262156937,2.0,0
,,,26.11,100915.7,0.3179,23.62,2.12,65.17,17.28,14.0,24.17,0.334,4,0,,,,0
,,,3.53,102156.3,0.08,26.31,1.01,23.34,2.68,2.32,27.22,0.0848,4,0,,,,0
,,,102.77,100485.6,0.6137,32.63,3.13,79.39,74.62,45.58,30.94,0.6332,1,0,,,,1
,,,4.71,101990.3,0.1016,32.58,0.0,20.86,3.04,2.6,32.94,0.0864,7,1,,,,0
109.1929732,26.24925128,68.0,6.71e-06,100276.4528,0.085310627,24.01873728,0.8466021,50.17074287,2.3e-05,0.000143268,23.50489904,0.085415208,2,0,-203.9403343,-0.1826617,0.0,1
,,,177.8,99760.0,0.7391,26.29,4.97,88.33,101.75,57.68,25.32,0.7661,6,1,,,,1
109.1929732,26.24925128,68.0,0.000476343,99964.7899,0.089804723,19.21168479,1.722772274,53.3007335,0.000468085,0.000200608,19.05633756,0.090327792,2,0,-91.58865229,-0.976512687,7.0,0
109.1929732,26.24925128,68.0,0.0,98830.57267,0.092535021,34.92763312,4.788649476,35.33846055,0.000175243,0.017740445,34.68103031,0.096763955,5,0,-134.0833328,-0.33268182,6.0,0
109.1929732,26.24925128,68.0,0.143969033,99522.7948,0.322540234,28.33212981,1.636401073,78.16787307,0.159897336,0.231615413,28.32670847,0.32626783,8,1,-393.7666272,-0.20005953,0.0,1
,,,244.87,98944.6,0.7929,23.57,7.4,89.99,134.87,108.89,23.36,0.7925,6,1,,,,1
,,,291.12,98429.2,0.8626,20.7,7.96,94.11,205.42,118.68,21.72,0.872,9,1,,,,1
109.1929732,26.24925128,68.0,0.0,99934.32011,0.086160883,29.43391035,0.279273139,44.15527484,0.0,9.02e-05,29.68004412,0.08621432,10,0,-155.8211644,-0.580475959,7.0,0
,,,226.81,98952.3,0.7808,20.52,5.98,87.77,183.27,129.03,21.85,0.7936,3,0,,,,1
,,,22.51,101648.2,0.2711,32.28,3.03,55.43,13.65,9.75,30.35,0.2569,9,1,,,,0
,,,12.51,102087.0,0.2244,33.63,1.58,39.19,8.02,6.19,33.88,0.2205,5,0,,,,0
,,,12.09,102414.0,0.1822,20.43,1.16,35.31,8.58,5.47,20.77,0.1789,12,0,,,,0
,,,317.74,98588.3,0.9224,22.37,6.08,97.98,250.0,174.46,24.36,0.9013,8,1,,,,1
,,,116.43,100368.7,0.6221,25.16,3.0,79.1,92.35,63.01,25.82,0.6348,8,1,,,,1
,,,1.88,102628.5,0.0925,24.99,0.18,22.55,1.2,0.69,26.42,0.0834,9,1,,,,0
,,,278.82,98729.9,0.8462,25.19,8.73,90.11,197.0,165.35,24.38,0.8724,1,0,,,,1
,,,104.33,100480.3,0.6075,22.56,5.04,76.95,87.69,61.7,21.14,0.5869,6,1,,,,1
,,,12.02,101755.0,0.1997,31.78,2.13,45.23,6.13,3.29,30.65,0.1862,12,0,,,,0
,,,24.58,101038.6,0.3057,29.23,3.1,65.14,20.0,10.69,27.71,0.3089,10,0,,,,0
,,,310.44,98306.7,0.9131,31.14,10.32,96.92,192.55,137.52,32.33,0.9429,12,0,,,,1
,,,14.0,101387.5,0.211,32.99,2.68,42.88,10.22,7.15,33.55,0.2104,7,1,,,,0
,,,97.91,100170.1,0.6005,32.24,5.17,75.5,68.19,50.13,33.74,0.6109,7,1,,,,1
,,,18.38,101161.7,0.2379,34.96,3.15,54.1,16.16,13.28,35.76,0.2376,8,1,,,,0
,,,13.44,101576.2,0.1866,35.76,1.21,45.01,9.83,8.4,36.38,0.2039,8,1,,,,0
,,,215.94,99384.1,0.772,20.0,5.3,86.42,152.55,84.82,19.07,0.7692,9,1,,,,1
,,,209.97,99235.0,0.7434,22.52,4.94,87.15,148.89,113.49,23.63,0.7484,9,1,,,,1
,,,15.71,100904.6,0.1889,31.21,1.62,47.86,10.15,5.9,32.24,0.202,9,1,,,,0
,,,15.08,100844.6,0.2244,29.15,2.06,44.96,10.8,7.39,30.37,0.2066,7,1,,,,0
,,,338.06,98000.0,0.95,33.03,6.76,100.0,237.4,175.07,34.76,0.9492,9,1,,,,1
,,,16.78,101230.8,0.2341,35.53,0.91,42.83,14.98,9.93,35.25,0.236,7,1,,,,0
,,,174.39,99634.3,0.684,32.18,3.79,84.69,120.88,67.9,33.73,0.6757,8,1,,,,1
109.1929732,26.24925128,68.0,5.15e-05,100050.6544,0.085506346,23.03806883,2.390377716,52.19385701,8.54e-05,0.000140787,23.00735441,0.085488597,2,0,680.6190452,1.063777536,0.0,1
,,,20.62,100843.5,0.2797,21.79,1.34,54.38,17.89,9.96,21.38,0.2717,1,0,,,,0
,,,12.34,101107.7,0.1653,36.3,2.18,37.48,8.39,6.56,37.87,0.172,7,1,,,,0
,,,1.26,102281.3,0.111,18.5,0.61,24.41,0.77,0.6,19.85,0.1179,11,0,,,,0
,,,112.34,99864.5,0.6596,31.41,4.42,75.31,82.59,64.7,30.78,0.6601,7,1,,,,1
,,,12.34,101557.7,0.1871,37.85,1.85,41.67,7.71,6.5,37.76,0.2058,10,0,,,,0
,,,84.48,100500.0,0.6,27.82,3.0,75.27,68.61,44.43,27.2,0.5946,7,1,,,,1
,,,251.2,99331.7,0.8521,30.34,4.0,89.52,182.82,154.34,30.44,0.8743,6,1,,,,1
,,,7.23,101680.2,0.1399,36.74,1.57,37.46,5.04,2.53,38.38,0.1341,2,0,,,,0
,,,204.38,98882.5,0.7571,29.86,7.84,85.56,170.06,110.4,30.88,0.7308,6,1,,,,1
109.1929732,26.24925128,68.0,0.00145626,98667.39884,0.092674651,33.94274424,5.155309127,52.57212418,0.002056243,0.020618909,33.86629955,0.098698336,6,1,355.6184431,501.1126281,9.0,0
,,,294.12,98560.9,0.9206,20.0,7.56,93.52,197.23,123.0,18.61,0.9089,1,0,,,,1
109.1929732,26.24925128,68.0,0.00173734,98718.14002,0.138780624,33.59662154,4.391537619,52.63079097,0.056495634,0.034334196,32.64536647,0.163157658,6,1,-197.4412097,-0.605498746,4.0,0
,,,266.87,98930.2,0.8642,23.59,5.67,96.42,188.78,134.2,24.81,0.883,6,1,,,,1
,,,15.2,101227.4,0.2002,36.25,0.87,48.1,10.24,5.79,36.19,0.1892,9,1,,,,0
,,,23.06,100900.5,0.2703,36.19,3.22,61.69,13.44,7.74,34.82,0.2817,8,1,,,,0
109.1929732,26.24925128,68.0,0.928131857,98551.09466,0.393165918,27.51136321,0.108314063,86.21508752,0.561268061,0.604066364,29.37453033,0.325929221,8,1,-132.8561552,-0.93455829,7.0,0
,,,145.35,100158.3,0.7125,29.58,3.94,88.32,109.98,90.91,31.09,0.7179,8,1,,,,1
,,,293.62,99004.5,0.8552,24.41,6.09,94.38,182.57,147.05,24.9,0.885,7,1,,,,1
,,,2.98,102450.0,0.1022,25.27,0.89,22.92,1.88,1.68,24.64,0.1058,2,0,,,,0
109.1929732,26.24925128,68.0,0.00015982,100683.3759,0.085442507,17.61077553,3.732735336,52.39823935,0.001163606,0.000690497,17.59789845,0.085445872,12,0,-179.5911349,-0.250563491,2.0,0
,,,21.26,100500.0,0.2417,18.95,2.75,65.48,16.0,10.37,17.86,0.2595,9,1,,,,0
,,,12.58,101191.2,0.1849,29.28,1.58,39.82,8.29,4.17,30.04,0.1922,3,0,,,,0
,,,312.83,98567.8,0.9073,23.94,6.57,98.39,216.24,154.73,22.02,0.8901,6,1,,,,1
,,,335.8,98184.1,0.9293,21.5,4.57,100.0,250.0,180.0,23.31,0.9209,7,1,,,,1
109.1929732,26.24925128,68.0,0.00433186,99171.26105,0.085562588,30.30922742,5.330936607,52.85346773,0.004308279,0.002610507,30.66055755,0.085543133,9,1,365.9354867,46.48489553,9.0,0
,,,173.95,99863.6,0.7378,34.14,4.46,85.76,142.95,119.78,32.49,0.736,4,0,,,,1
,,,94.69,100319.1,0.6,22.39,4.05,78.29,60.9,40.0,23.59,0.6084,6,1,,,,1
,,,188.89,99500.3,0.7591,26.0,3.37,85.9,139.38,77.97,26.16,0.766,9,1,,,,1
,,,345.37,98000.0,0.9486,33.12,9.98,96.15,250.0,180.0,33.27,0.9755,7,1,,,,1
,,,264.82,98248.2,0.9265,20.31,7.12,92.8,165.84,93.81,19.19,0.9439,10,0,,,,1
,,,180.66,99759.9,0.71,21.98,5.11,81.69,109.02,74.7,22.41,0.684,8,1,,,,1
,,,247.26,98904.4,0.7829,29.1,8.35,95.82,163.58,134.88,29.98,0.7976,4,0,,,,1
,,,233.18,99037.4,0.736,21.62,6.44,89.44,159.03,116.42,20.93,0.7595,2,0,,,,1
,,,230.89,99122.8,0.794,30.52,7.61,88.34,176.11,106.74,32.51,0.7688,7,1,,,,1
,,,280.87,98798.4,0.8627,30.05,7.8,90.26,159.58,100.52,30.28,0.8599,9,1,,,,1
,,,13.15,102017.8,0.2246,34.57,1.72,32.93,10.62,5.39,32.85,0.2104,1,0,,,,0
,,,13.64,101370.0,0.1701,36.97,1.54,43.01,10.5,7.86,38.57,0.1548,2,0,,,,0
,,,0.8,103000.0,0.1197,19.69,0.75,20.22,0.6,0.47,19.48,0.1224,6,1,,,,0
,,,167.11,99811.5,0.7134,21.4,7.22,86.58,100.54,67.3,22.7,0.7165,8,1,,,,1
,,,310.29,98402.9,0.8868,27.98,7.62,91.65,195.66,149.55,28.05,0.9075,7,1,,,,1
,,,248.38,98825.0,0.8502,21.82,9.48,89.98,166.6,141.35,20.54,0.8526,7,1,,,,1
,,,27.23,101025.8,0.3178,34.28,5.0,66.89,20.0,15.0,33.22,0.3031,9,1,,,,0
,,,8.98,101416.5,0.1681,30.55,0.1,33.2,6.08,4.47,30.47,0.1767,9,1,,,,0
,,,13.09,102141.8,0.2194,24.41,1.48,40.61,9.14,5.62,23.97,0.2159,8,1,,,,0
109.1929732,26.24925128,68.0,0.011930153,99461.90453,0.087528073,32.27819014,3.808853058,31.33363537,0.007953435,0.004140211,32.26465402,0.087752164,4,0,71.87630509,0.074507164,0.0,1
,,,220.78,99926.2,0.7735,20.77,4.32,90.65,185.91,133.14,20.34,0.7883,6,1,,,,1
,,,286.75,98456.4,0.8514,24.88,9.3,91.17,198.46,157.74,23.62,0.8352,7,1,,,,1
,,,21.4,100885.5,0.2714,19.94,1.86,59.35,15.37,10.95,19.05,0.2806,9,1,,,,0
,,,16.14,100825.4,0.2338,28.84,0.96,44.42,10.28,6.9,27.45,0.2213,4,0,,,,0
,,,277.73,98185.7,0.7851,33.42,6.35,100.0,172.87,130.98,31.52,0.8124,8,1,,,,1
,,,3.73,102905.5,0.1192,22.27,1.4,22.55,2.91,2.55,21.52,0.1163,12,0,,,,0
,,,19.3,100679.4,0.2725,24.21,1.9,50.58,11.53,8.39,24.56,0.2668,3,0,,,,0
,,,118.15,100293.3,0.6738,24.3,3.0,76.85,78.46,43.82,22.75,0.654,8,1,,,,1
,,,177.44,98795.8,0.7194,30.12,6.02,85.12,115.18,70.56,28.31,0.7158,8,1,,,,1
,,,18.55,100500.0,0.2373,20.43,3.42,49.57,11.0,6.24,18.58,0.2481,4,0,,,,0
109.1929732,26.24925128,68.0,3.13e-05,100253.085,0.086265254,21.27017002,0.482158417,55.24621689,6.18e-05,0.000137787,21.48336065,0.08629508,12,0,-157.9512713,-0.296139111,3.0,0
,,,13.1,101656.3,0.1864,20.17,0.63,46.3,9.96,5.49,20.89,0.1819,3,0,,,,0
,,,11.52,102182.2,0.1673,35.11,0.0,43.09,7.83,6.31,36.51,0.1644,11,0,,,,0
,,,227.06,99509.2,0.7682,21.49,7.05,87.4,149.8,94.36,21.84,0.7735,6,1,,,,1
109.1929732,26.24925128,68.0,0.0,100814.6995,0.086749549,14.95515142,3.143633525,54.60810762,0.0,2.79e-05,14.90565512,0.086748434,12,0,258.9398667,0.387062581,0.0,1
,,,11.91,101865.9,0.1877,21.55,1.56,41.92,9.82,8.57,23.02,0.202,2,0,,,,0
109.1929732,26.24925128,68.0,0.0,100396.0378,0.08631184,22.03098129,3.763162016,59.64308486,0.0,0.000361316,21.90014839,0.086215789,12,0,-157.9512713,-0.185984526,1.0,0
,,,125.44,99645.2,0.6587,34.14,3.68,81.28,72.03,52.12,34.61,0.677,8,1,,,,1
,,,20.3,101012.7,0.252,31.18,1.68,53.97,13.02,7.13,32.44,0.2462,2,0,,,,0
,,,6.47,101403.7,0.1508,34.73,0.98,28.18,5.82,4.06,32.81,0.1525,9,1,,,,0
,,,19.43,100536.1,0.2114,24.6,0.07,56.23,10.19,6.29,22.99,0.192,10,0,,,,0
,,,158.22,99867.0,0.7239,33.41,4.18,83.27,129.1,91.18,34.49,0.7389,9,1,,,,1
,,,115.24,100500.0,0.6464,32.6,4.75,82.59,73.95,58.66,33.12,0.6553,7,1,,,,1
109.1929732,26.24925128,68.0,0.00107179,99080.29137,0.091832793,32.30407105,3.49560125,53.86019335,0.000755531,0.001646054,32.23367796,0.093530949,10,0,291.5575579,0.981591907,13.0,0
,,,3.59,102390.5,0.1028,35.55,0.26,31.74,2.68,1.48,35.27,0.0987,9,1,,,,0
,,,25.12,101069.6,0.3008,33.48,2.85,61.39,17.82,14.19,31.71,0.3014,12,0,,,,0
,,,224.62,99006.8,0.7632,26.4,6.83,86.67,172.33,121.09,26.94,0.7838,7,1,,,,1
,,,8.24,101837.4,0.167,33.34,1.39,31.31,4.24,2.96,33.05,0.1614,2,0,,,,0
,,,3.55,102099.8,0.1273,32.25,0.15,22.36,2.03,1.74,32.31,0.129,9,1,,,,0
,,,11.32,101776.7,0.174,25.65,0.79,34.76,5.94,3.09,24.13,0.1768,4,0,,,,0
,,,3.47,102018.3,0.0904,34.58,0.07,20.0,2.08,1.85,34.77,0.1093,3,0,,,,0
109.1929732,26.24925128,68.0,0.050452495,100258.8504,0.087120419,23.4838203,2.393361985,60.94441951,0.034796738,0.015187992,24.17792416,0.086926696,11,0,776.1382996,1.228322948,0.0,1
109.1929732,26.24925128,68.0,0.989026067,98652.94722,0.395293434,28.79795124,0.830254331,84.83111149,1.268602027,0.768701141,29.03354989,0.372067816,7,1,-120.1447754,-0.996606631,7.0,0
109.1929732,26.24925128,68.0,0.0,99559.03927,0.082724172,35.26541707,2.666733652,24.06622954,0.000550194,0.000343364,34.83416553,0.082855353,5,0,-202.0823856,-0.207565702,0.0,1
,,,5.27,102308.1,0.1335,34.37,0.12,22.41,3.49,2.6,36.02,0.1179,4,0,,,,0
,,,232.94,99228.7,0.8084,31.25,8.96,90.34,189.36,124.99,31.52,0.7968,8,1,,,,1
,,,7.8,102131.5,0.1618,18.91,2.72,34.6,6.74,6.06,20.81,0.1768,8,1,,,,0
109.1929732,26.24925128,68.0,0.00015659,98713.91562,0.085002678,32.83345274,3.423399519,49.00702898,0.000926384,0.001078574,33.44402345,0.084967785,9,1,-197.7858428,-0.621996535,4.0,0
,,,7.91,102401.7,0.1865,26.85,1.43,30.88,7.04,6.02,26.56,0.1869,12,0,,,,0
,,,240.31,98403.0,0.7617,30.64,4.35,92.49,166.67,103.27,30.17,0.7503,6,1,,,,1
109.1929732,26.24925128,68.0,0.000148573,98615.00113,0.090088817,33.99718828,5.130568806,50.95328698,0.000584469,0.001824092,33.97904027,0.090950762,6,1,994.4418619,1.396792878,0.0,1
109.1929732,26.24925128,68.0,0.033260635,98757.00963,0.37242864,30.11213582,3.272475,74.64463221,0.355386088,0.646777495,28.58600479,0.399933082,7,1,-131.241763,-0.498959996,6.0,0
,,,4.15,102197.7,0.1548,21.21,0.83,29.23,2.78,2.21,22.82,0.1741,6,1,,,,0
,,,25.7,101071.3,0.3267,19.24,3.89,61.95,15.27,13.68,19.61,0.3446,3,0,,,,0
,,,128.36,99783.4,0.621,31.83,3.0,75.0,107.64,88.62,31.92,0.6133,10,0,,,,1
,,,315.31,98589.4,0.9014,26.94,10.62,93.57,223.56,136.66,25.41,0.9104,6,1,,,,1
,,,12.28,101367.7,0.1918,34.3,0.59,40.08,7.07,5.5,34.27,0.2055,4,0,,,,0
,,,211.79,99382.6,0.7909,26.82,5.96,87.92,154.68,85.43,26.37,0.8135,7,1,,,,1
,,,199.96,99299.4,0.7955,22.58,6.06,80.39,125.16,106.22,24.51,0.7854,9,1,,,,1
,,,252.38,99044.9,0.8114,30.3,6.71,94.81,163.27,134.97,29.19,0.8283,7,1,,,,1
,,,26.86,100500.0,0.3328,20.9,1.7,69.81,18.37,15.0,21.68,0.3307,1,0,,,,0
,,,5.03,102619.2,0.13,37.83,0.58,25.48,3.47,2.86,38.03,0.1286,6,1,,,,0
109.1929732,26.24925128,68.0,0.121901618,98614.96871,0.29851603,29.93690021,5.065739001,72.12409339,0.078490248,0.437671008,30.20150109,0.324805081,7,1,375.3133295,0.998884916,10.0,0
,,,234.44,99577.9,0.7841,32.86,4.69,89.7,197.37,164.18,34.13,0.7642,9,1,,,,1
,,,8.87,102449.8,0.1773,34.7,1.83,40.48,5.62,4.69,34.44,0.1884,10,0,,,,0
,,,8.07,101580.8,0.1568,29.26,0.9,36.16,5.17,3.29,28.52,0.1678,10,0,,,,0
,,,126.89,99800.8,0.608,32.96,3.22,76.27,87.74,58.6,32.25,0.6021,9,1,,,,1
,,,27.16,101172.6,0.3108,21.42,3.62,68.6,20.0,15.0,21.13,0.3182,10,0,,,,0
,,,306.9,98874.8,0.9185,21.25,6.7,97.99,175.13,117.63,22.72,0.9242,6,1,,,,1
,,,29.67,100500.0,0.35,28.02,2.93,70.0,18.34,11.11,28.02,0.3412,9,1,,,,0
,,,243.86,98688.1,0.8076,23.5,7.25,93.02,157.1,131.81,25.04,0.8244,8,1,,,,1
,,,170.0,99263.7,0.7093,27.55,4.01,86.27,118.64,69.06,28.93,0.6804,7,1,,,,1
,,,20.69,100877.9,0.2515,22.68,2.05,55.39,18.27,12.72,21.2,0.2546,1,0,,,,0
,,,281.35,98619.1,0.8799,23.61,5.61,94.99,163.94,109.29,24.6,0.8604,6,1,,,,1
,,,146.37,99311.3,0.653,33.34,4.57,81.71,109.52,68.97,31.86,0.6239,6,1,,,,1
,,,220.04,99086.4,0.788,29.34,7.07,87.5,129.07,75.54,30.17,0.7886,9,1,,,,1
,,,190.49,99433.0,0.7265,20.0,5.49,88.78,149.53,109.65,20.37,0.6972,8,1,,,,1
,,,19.24,101777.0,0.2283,18.39,1.56,47.4,15.02,8.44,20.27,0.2095,10,0,,,,0
,,,2.83,101820.0,0.1309,35.36,0.0,25.6,2.28,1.34,33.9,0.1235,4,0,,,,0
109.1929732,26.24925128,68.0,0.001115298,100316.902,0.087233869,22.25513763,2.736188402,54.65677942,0.000801678,0.000463706,22.61789813,0.087240744,11,0,-154.6886753,-0.123837803,0.0,1
109.1929732,26.24925128,68.0,4.8e-05,99966.24483,0.08667407,26.87210199,1.952531283,43.56019929,9.61e-05,9.58e-05,26.95422336,0.08678524,11,0,-161.7790248,-0.493103921,7.0,0
,,,146.78,100133.3,0.7104,27.05,5.46,84.33,102.98,70.51,25.69,0.7181,9,1,,,,1
,,,340.85,98000.0,0.9246,27.97,10.76,100.0,250.0,180.0,29.93,0.9266,6,1,,,,1
,,,23.25,100814.6,0.2492,19.92,1.56,60.89,13.3,9.33,21.59,0.2337,10,0,,,,0
,,,8.3,101600.8,0.144,18.71,0.87,32.42,7.06,4.28,17.29,0.138,4,0,,,,0
,,,195.62,99136.3,0.732,33.16,6.2,90.28,153.72,107.29,32.87,0.7145,6,1,,,,1
,,,6.7,101349.7,0.1532,32.0,1.25,30.04,5.37,4.61,33.01,0.1438,6,1,,,,0
,,,114.88,100416.5,0.6225,29.52,3.24,77.22,83.94,59.44,29.43,0.6184,9,1,,,,1
,,,115.96,100295.5,0.6298,34.35,3.0,77.37,66.21,46.69,34.98,0.6567,3,0,,,,1
,,,2.66,102543.0,0.1021,32.25,0.23,22.74,1.78,1.19,30.34,0.0835,2,0,,,,0
,,,261.15,98660.0,0.8366,33.37,5.28,89.61,202.94,118.65,33.64,0.8515,7,1,,,,1
,,,222.19,99300.8,0.7071,34.15,3.5,82.77,181.92,144.62,33.23,0.7183,7,1,,,,1
,,,3.46,102752.9,0.0909,20.97,0.25,26.44,1.73,0.88,20.56,0.0951,3,0,,,,0
,,,196.34,99498.6,0.7602,31.95,4.23,86.22,115.72,84.11,32.96,0.7854,8,1,,,,1
109.1929732,26.24925128,68.0,0.00421319,98520.34279,0.079473168,35.63842117,4.691849326,42.49155856,0.003592376,0.003570424,36.10286604,0.079549513,6,1,676.2785976,0.694022794,0.0,1
,,,23.19,100500.0,0.3229,23.25,2.06,62.49,15.5,12.45,24.65,0.3324,3,0,,,,0
,,,113.13,100458.2,0.6,32.93,3.0,76.75,91.5,69.17,33.57,0.6113,8,1,,,,1
,,,0.18,102884.0,0.08,34.66,0.82,23.42,0.14,0.07,32.9,0.0951,8,1,,,,0
,,,335.6,98195.0,0.9047,33.38,8.61,99.52,188.33,105.74,33.04,0.9287,9,1,,,,1
,,,15.23,101274.6,0.2177,37.02,1.75,49.19,11.96,6.82,36.47,0.2108,1,0,,,,0
,,,24.58,100500.0,0.319,33.35,2.73,58.12,14.23,8.36,33.79,0.334,5,0,,,,0
,,,105.23,100500.0,0.6117,26.85,4.23,76.14,77.68,48.98,27.68,0.5941,7,1,,,,1
109.1929732,26.24925128,68.0,0.0,99380.25606,0.085053497,29.93695937,0.800241324,28.06762896,0.0,0.000587869,30.00739996,0.085139001,10,0,-163.4205129,-0.214130403,3.0,0
,,,15.83,101276.0,0.2451,34.23,0.47,39.77,10.6,5.65,34.95,0.2537,3,0,,,,0
109.1929732,26.24925128,68.0,1.12e-05,100339.8561,0.296742214,13.39201547,0.09345925,72.19065931,0.170270719,0.369232976,13.83007342,0.317114397,1,0,-37.11915383,-0.49829336,6.0,0
,,,5.94,102118.5,0.1225,37.91,0.53,25.47,3.56,2.52,37.74,0.1101,4,0,,,,0
,,,228.34,99019.9,0.7992,20.0,7.58,86.88,147.61,107.13,19.58,0.809,7,1,,,,1
,,,100.39,100480.1,0.6295,22.95,4.51,77.4,55.35,40.0,23.89,0.6591,5,0,,,,1
109.1929732,26.24925128,68.0,1.360695654,98641.71099,0.403141211,27.26624902,2.80944389,89.97199377,0.906380254,0.501431773,28.89562694,0.33539967,7,1,-179.0353322,-0.143508099,0.0,1
,,,4.49,102121.9,0.1291,22.2,1.61,23.5,3.33,2.87,23.58,0.1291,4,0,,,,0
,,,6.34,101835.7,0.1609,23.39,0.72,40.56,5.43,3.35,25.26,0.158,5,0,,,,0
,,,138.41,100008.7,0.6916,25.02,4.83,79.07,79.47,56.14,25.98,0.6971,11,0,,,,1
,,,143.5,100500.0,0.6883,32.29,3.0,78.51,103.34,87.41,33.84,0.7062,7,1,,,,1
,,,19.29,100962.2,0.2447,28.73,2.78,49.05,16.4,12.19,27.15,0.2437,9,1,,,,0
109.1929732,26.24925128,68.0,8.27e-05,100451.9921,0.086421232,16.07814122,0.964873533,54.52695604,8.12e-05,0.000100905,15.52705927,0.086681078,1,0,394.3697534,336.1001614,12.0,0
,,,11.69,101723.4,0.2079,33.23,1.09,37.64,10.4,7.18,34.68,0.2011,10,0,,,,0
,,,231.64,98549.1,0.8225,24.12,5.54,87.74,182.37,109.76,24.42,0.7937,6,1,,,,1
,,,9.88,101316.1,0.1667,22.02,0.73,45.67,5.99,4.44,21.47,0.1793,7,1,,,,0
,,,203.9,99293.3,0.7654,21.78,7.89,90.79,153.33,110.48,19.84,0.7523,8,1,,,,1
,,,207.37,98975.6,0.7681,23.51,5.19,91.04,127.62,74.16,22.74,0.74,7,1,,,,1
,,,2.85,102220.4,0.08,20.61,0.0,22.54,1.66,1.46,20.71,0.0642,9,1,,,,0
,,,28.13,100562.9,0.3326,20.52,4.51,62.95,17.7,15.0,20.89,0.32,6,1,,,,0
,,,9.44,101480.1,0.1884,27.76,1.76,29.56,7.87,4.81,28.55,0.1752,6,1,,,,0
,,,24.82,100500.0,0.2936,27.03,2.17,61.92,18.18,15.0,26.68,0.3043,5,0,,,,0
,,,21.1,100500.0,0.2582,22.41,1.61,53.54,14.98,12.27,22.36,0.2578,9,1,,,,0
,,,270.35,98594.7,0.834,30.29,7.71,91.22,157.03,100.23,29.15,0.8539,8,1,,,,1
109.1929732,26.24925128,68.0,0.0,100348.6703,0.085709894,25.52351565,1.41423706,39.81270965,0.00108643,0.000933664,25.38361317,0.085665008,3,0,-172.7236489,-0.132059213,0.0,1
,,,11.05,101987.5,0.182,35.24,2.24,35.65,9.15,5.04,34.77,0.1915,10,0,,,,0
,,,21.29,100861.2,0.313,19.52,0.74,52.41,13.58,8.14,20.91,0.3026,6,1,,,,0
,,,100.83,100500.0,0.6422,26.31,3.12,75.0,65.66,55.19,27.14,0.6155,4,0,,,,1
,,,3.32,102220.1,0.1317,33.5,0.69,20.0,2.87,1.88,34.93,0.1483,10,0,,,,0
109.1929732,26.24925128,68.0,0.24902644,98647.42071,0.089587426,34.80427258,1.460211024,56.57906286,0.090042597,0.038996315,34.8769956,0.085994872,7,1,-128.0850644,-0.499698231,6.0,0
,,,12.12,101211.7,0.1825,35.62,2.27,38.94,8.28,5.21,37.19,0.1795,5,0,,,,0
,,,24.72,100957.5,0.3161,22.52,2.49,58.04,20.0,15.0,21.19,0.3266,7,1,,,,0
109.1929732,26.24925128,68.0,0.00173734,98718.14002,0.138780624,33.59662154,4.391537619,52.63079097,0.044532734,0.033058465,33.66914946,0.146850164,6,1,282.5534346,2.196481998,5.0,0
,,,138.17,100108.4,0.6615,33.43,3.0,78.03,102.91,87.19,34.16,0.6742,1,0,,,,1
109.1929732,26.24925128,68.0,1.12e-06,99924.52338,0.088065535,27.07862064,0.883106215,35.50678002,3.73e-07,1.17e-05,27.01807272,0.088234768,10,0,336.9065066,0.981467615,10.0,0
,,,304.77,98756.3,0.8536,32.5,8.65,98.34,221.87,169.25,34.42,0.8383,8,1,,,,1
,,,169.0,100062.2,0.7154,33.14,4.49,82.08,129.82,89.96,33.27,0.7405,1,0,,,,1
,,,28.14,100615.7,0.3279,27.03,2.11,70.0,17.24,12.67,26.45,0.3252,5,0,,,,0
109.1929732,26.24925128,68.0,0.000158702,100152.052,0.086528567,14.93784582,2.328898436,53.50147223,7.75e-05,4.54e-05,14.84791219,0.086498248,12,0,-69.15169139,-0.331731665,6.0,0
,,,188.05,99378.7,0.6955,26.42,6.41,88.69,118.98,78.49,24.75,0.7099,9,1,,,,1
109.1929732,26.24925128,68.0,0.0,100099.7925,0.086969644,15.34078686,2.260081957,31.68308799,0.000265956,0.000280934,17.17490969,0.087199523,1,0,-171.4898028,-0.393934956,3.0,0
,,,1.96,102430.1,0.1334,34.57,0.59,20.0,1.12,1.0,35.1,0.1296,4,0,,,,0
,,,137.3,99445.2,0.6998,32.63,6.8,79.69,94.94,64.24,34.15,0.7202,8,1,,,,1
,,,7.38,101459.4,0.1113,21.81,0.13,33.97,6.08,4.72,22.83,0.1021,11,0,,,,0
,,,237.91,98966.5,0.8142,25.77,6.16,87.69,151.64,109.25,23.81,0.7939,9,1,,,,1
,,,311.22,98826.9,0.8964,21.07,8.71,95.63,226.82,173.62,21.8,0.8844,6,1,,,,1
,,,304.33,98404.7,0.9153,23.99,7.28,98.07,228.68,173.96,25.95,0.9156,8,1,,,,1
,,,13.27,101992.9,0.19,27.43,1.19,44.9,9.36,8.25,26.58,0.1814,1,0,,,,0
,,,5.82,102055.9,0.1081,35.16,0.83,34.8,4.23,2.38,36.67,0.1115,6,1,,,,0
,,,179.7,99445.9,0.6768,31.03,3.43,85.8,108.85,69.03,32.01,0.6607,8,1,,,,1
109.1929732,26.24925128,68.0,0.00246918,99799.98429,0.089609686,30.21003584,1.401319322,62.29193104,0.000835516,0.00083499,30.67775133,0.090160995,10,0,-193.3781961,-0.27311132,2.0,0
,,,7.27,101444.9,0.162,24.63,0.81,25.91,6.17,4.27,23.42,0.1671,6,1,,,,0
,,,4.16,101801.1,0.1374,28.38,1.33,22.52,3.22,2.84,26.76,0.1296,10,0,,,,0
,,,4.58,102709.2,0.0931,24.4,0.39,36.58,3.61,3.16,24.81,0.0905,7,1,,,,0
,,,17.38,101321.7,0.2431,34.93,0.0,39.81,14.26,9.72,33.8,0.2552,1,0,,,,0
109.1929732,26.24925128,68.0,0.000196601,99341.98213,0.095445466,32.1485013,2.260191875,52.13881597,0.000848789,0.001695006,32.08795603,0.096224154,10,0,-88.11724826,-0.94157533,11.0,0
,,,340.45,98000.0,0.95,26.58,6.51,97.87,229.03,136.29,27.57,0.9327,7,1,,,,1
,,,93.64,100500.0,0.6496,25.38,3.15,80.45,74.93,58.91,24.04,0.627,7,1,,,,1
,,,12.06,102035.1,0.1578,36.98,1.19,38.51,9.75,5.6,38.67,0.1441,8,1,,,,0
,,,18.4,101742.3,0.2472,31.73,2.22,50.38,10.04,8.37,32.26,0.2325,12,0,,,,0
,,,268.45,99331.0,0.8139,25.33,7.0,91.82,206.1,117.2,26.51,0.7848,9,1,,,,1
,,,171.34,99682.0,0.7257,28.4,4.18,82.12,102.76,60.96,30.08,0.748,8,1,,,,1
,,,22.4,100799.9,0.2983,24.71,2.12,66.11,17.18,10.69,23.92,0.304,8,1,,,,0
,,,168.6,99857.4,0.7076,28.92,5.66,84.07,109.52,74.42,30.51,0.7175,8,1,,,,1
,,,20.1,101410.2,0.2383,30.8,1.24,58.37,11.71,9.52,32.22,0.2208,9,1,,,,0
,,,21.33,101079.1,0.2579,26.34,3.05,59.52,14.03,10.78,27.07,0.238,12,0,,,,0
,,,7.85,101329.9,0.1443,30.71,1.42,30.88,6.25,5.56,31.41,0.1301,7,1,,,,0
,,,16.53,101531.5,0.2413,28.35,0.19,49.2,13.93,7.83,26.49,0.2533,8,1,,,,0
,,,6.72,101819.1,0.1176,31.2,1.66,36.8,5.76,3.58,30.31,0.1109,6,1,,,,0
,,,129.11,99549.1,0.6507,28.7,3.0,78.07,98.55,70.77,28.03,0.6799,4,0,,,,1
109.1929732,26.24925128,68.0,0.001689133,99020.12405,0.087927563,32.73125006,3.564590449,36.80646375,0.001194854,0.000719356,32.96456303,0.087462255,4,0,705.6281786,0.753893673,0.0,1
,,,22.54,100856.5,0.3104,20.03,3.79,59.31,19.01,13.25,21.01,0.3152,12,0,,,,0
,,,171.42,99698.5,0.6613,22.54,4.05,81.2,103.0,66.49,20.56,0.6619,9,1,,,,1
109.1929732,26.24925128,68.0,0.000208995,100298.0886,0.086030363,17.71090417,0.875392758,65.70588505,9.99e-05,9.06e-05,17.06624225,0.086120367,1,0,-434.1940469,-0.463990748,1.0,0
109.1929732,26.24925128,68.0,0.017731934,100125.8027,0.092451731,28.47308053,1.36414213,49.87912875,0.006497483,0.004554899,28.88889368,0.093354921,10,0,-171.4671802,-0.17592206,0.0,1
,,,14.21,101442.1,0.2041,34.11,1.26,42.46,9.59,7.19,35.45,0.1898,2,0,,,,0
,,,115.85,100041.8,0.6289,30.74,3.12,79.48,80.01,47.41,32.37,0.6021,8,1,,,,1
109.1929732,26.24925128,68.0,0.016111257,99108.1986,0.316565508,29.22153768,2.047941545,74.44230017,0.015295992,0.306864713,28.39812946,0.343681852,9,1,-176.6501926,-0.180847914,0.0,1
109.1929732,26.24925128,68.0,0.000335142,99907.10937,0.08730536,20.96708776,1.920028512,43.31519513,0.000145165,8.53e-05,20.59541665,0.087677422,2,0,-133.8329213,-0.496039235,7.0,0
,,,22.49,100791.3,0.2578,18.4,1.22,55.95,13.03,8.53,18.16,0.2421,4,0,,,,0
,,,315.45,98000.0,0.94,20.46,9.29,100.0,188.06,109.07,20.51,0.9419,8,1,,,,1
,,,20.61,100769.4,0.2455,19.33,2.39,52.38,11.31,9.17,20.16,0.2526,9,1,,,,0
,,,24.25,100833.4,0.2725,25.62,1.66,55.77,15.16,12.09,26.96,0.2679,9,1,,,,0
,,,120.82,99275.2,0.6661,24.35,3.24,78.13,73.15,61.68,25.58,0.6873,6,1,,,,1
,,,22.52,100897.2,0.3165,27.55,2.82,61.07,13.28,11.58,28.02,0.2968,9,1,,,,0
,,,23.29,100514.3,0.2813,24.96,2.53,50.69,14.07,11.73,24.71,0.2985,8,1,,,,0
109.1929732,26.24925128,68.0,0.001042315,100852.9292,0.085559142,16.72564664,1.751395427,57.93754719,0.000402849,0.000176322,17.17891989,0.085555994,12,0,349.2918455,531.0513686,12.0,0
,,,15.73,102236.6,0.2418,32.85,0.99,45.75,8.75,7.07,33.21,0.2242,5,0,,,,0
109.1929732,26.24925128,68.0,0.000341992,100858.512,0.087995441,15.86277021,0.499058,55.77120851,0.000403477,0.004391579,17.77644658,0.08815485,12,0,-178.2355388,-0.414508306,3.0,0
,,,29.89,100621.9,0.3448,23.42,0.56,69.15,20.0,15.0,25.15,0.3641,7,1,,,,0
,,,12.02,101189.1,0.1914,37.11,1.18,36.28,6.56,5.12,35.9,0.182,3,0,,,,0
,,,14.55,101301.7,0.2194,37.09,0.8,47.12,9.93,8.15,36.03,0.2115,9,1,,,,0
,,,10.33,101622.7,0.2077,18.6,0.93,29.38,6.22,3.75,20.54,0.2051,7,1,,,,0
,,,241.93,99108.1,0.7873,24.93,9.82,86.49,136.19,99.82,25.6,0.8156,8,1,,,,1
,,,96.33,100066.8,0.6249,28.34,4.63,75.0,76.71,52.08,27.02,0.6183,6,1,,,,1
,,,151.9,100317.8,0.6922,25.4,5.98,81.79,83.92,51.31,26.66,0.6788,1,0,,,,1
,,,19.94,102028.7,0.2583,29.18,2.09,46.62,10.4,6.44,29.03,0.2655,11,0,,,,0
,,,173.84,100094.2,0.6928,27.55,7.07,81.77,98.59,58.07,27.35,0.712,7,1,,,,1
,,,3.69,102563.7,0.1186,37.25,0.87,33.37,1.93,1.64,38.12,0.115,2,0,,,,0
,,,26.21,100772.0,0.3016,30.53,1.7,59.03,20.0,11.38,32.45,0.3123,8,1,,,,0
109.1929732,26.24925128,68.0,0.034653716,99019.64447,0.376437517,29.65969828,1.572139806,79.36880187,0.533803594,1.078518794,28.69105739,0.39726439,7,1,-97.38498259,-0.49892675,7.0,0
,,,0.09,102667.2,0.1098,30.52,0.0,20.0,0.06,0.05,31.33,0.1142,3,0,,,,0
,,,28.06,100866.3,0.3095,36.35,2.21,63.55,20.0,11.66,36.67,0.327,12,0,,,,0
,,,18.01,100637.4,0.2213,19.8,0.59,48.73,13.67,11.48,20.54,0.2202,3,0,,,,0
,,,146.1,100139.0,0.7091,33.0,4.05,84.38,106.09,80.17,34.02,0.7185,4,0,,,,1
,,,214.47,99204.0,0.7892,28.1,6.73,87.2,122.07,101.75,29.01,0.78,7,1,,,,1
,,,28.07,100700.1,0.35,22.07,3.08,69.62,14.31,10.16,23.06,0.3677,7,1,,,,0
,,,14.79,101479.8,0.2082,18.14,1.08,50.09,10.83,9.06,16.84,0.1894,8,1,,,,0
,,,16.5,101178.0,0.254,29.98,2.08,45.69,13.66,6.94,30.47,0.2394,9,1,,,,0
,,,15.9,102093.9,0.2275,37.01,1.93,52.67,13.06,9.79,36.33,0.2431,12,0,,,,0
109.1929732,26.24925128,68.0,0.0002433,98486.16686,0.084531389,37.60829389,1.463084936,39.14895485,0.020734237,0.016036585,36.14150741,0.084873504,7,1,-237.2399226,-0.285273519,1.0,0
109.1929732,26.24925128,68.0,0.000430284,100262.9674,0.085901386,24.2135217,1.537468032,58.03392412,0.000643761,0.000830876,24.14128272,0.085893327,11,0,-63.22725424,-0.495638162,11.0,0
,,,85.01,100500.0,0.6,23.47,3.0,75.0,51.83,40.07,23.33,0.6043,3,0,,,,1
109.1929732,26.24925128,68.0,0.0,100522.2495,0.086295045,19.4790407,1.34918892,33.35140601,0.0,0.000148227,19.38670308,0.086476033,2,0,-242.320438,-0.176338403,0.0,1
,,,139.55,99404.2,0.6933,25.94,5.55,78.27,96.46,66.55,26.52,0.6653,7,1,,,,1
109.1929732,26.24925128,68.0,0.0,100188.5511,0.088674723,19.23392502,0.24237115,51.29603568,2.01e-05,5.39e-05,18.17190996,0.089216224,2,0,-178.1491213,-0.283284736,2.0,0
,,,112.69,100482.3,0.6621,22.54,3.93,80.87,93.04,63.23,24.08,0.6738,8,1,,,,1
,,,27.3,100500.0,0.3457,34.03,1.4,68.46,18.25,15.0,33.02,0.3623,1,0,,,,0
,,,243.35,98770.8,0.7737,23.5,7.81,91.21,160.21,116.64,24.18,0.7501,8,1,,,,1
,,,165.93,99880.2,0.7851,20.0,4.21,85.23,132.63,97.73,19.46,0.8006,6,1,,,,1
,,,24.93,100787.5,0.3005,37.32,2.73,62.24,16.35,14.57,37.43,0.3059,9,1,,,,0
,,,308.19,98218.2,0.95,28.56,5.83,92.19,219.57,152.99,27.97,0.9697,7,1,,,,1
,,,306.77,98769.1,0.9132,23.34,7.47,96.28,194.54,152.07,21.72,0.8857,6,1,,,,1
,,,239.32,99222.2,0.7665,26.92,7.11,88.93,188.51,117.66,27.28,0.7706,8,1,,,,1
,,,230.05,98895.7,0.7743,20.0,7.19,87.89,180.29,116.19,19.4,0.7843,1,0,,,,1
,,,12.89,100943.3,0.2043,37.43,0.0,50.18,10.16,8.55,35.68,0.1981,5,0,,,,0
109.1929732,26.24925128,68.0,0.011370247,99015.92687,0.300959375,29.52504566,1.307212973,77.0567169,0.040363055,0.026038875,29.60960874,0.299201567,9,1,43.78309623,0.097984253,3.0,0
,,,243.11,99140.3,0.773,20.0,5.79,98.18,153.71,115.4,21.79,0.7758,8,1,,,,1
,,,11.57,101795.6,0.173,29.04,1.62,39.64,7.99,6.81,28.85,0.1684,4,0,,,,0
,,,277.95,98077.0,0.8743,23.71,5.51,92.06,227.88,160.91,22.42,0.8463,6,1,,,,1
,,,28.22,100500.0,0.35,31.51,4.24,69.06,20.0,15.0,31.29,0.3543,3,0,,,,0
109.1929732,26.24925128,68.0,0.067840088,98791.08171,0.145326425,31.95856068,3.602316818,63.71848982,0.041134104,0.0190781,31.91664003,0.159188319,8,1,503.8208271,62.15498381,10.0,0
,,,25.49,101075.7,0.3168,20.16,1.69,55.15,18.18,15.0,19.46,0.3257,2,0,,,,0
,,,272.38,98258.6,0.8674,27.75,8.01,91.09,160.87,132.14,28.53,0.8958,6,1,,,,1
,,,202.05,99400.1,0.7593,28.97,7.58,85.6,116.23,97.93,27.77,0.7827,7,1,,,,1
,,,106.05,100477.3,0.6264,27.07,3.36,78.03,68.34,56.3,28.22,0.5976,7,1,,,,1
,,,14.61,100891.6,0.1696,33.46,1.16,52.39,9.01,8.05,33.7,0.1698,10,0,,,,0
,,,336.01,98234.9,0.95,28.29,10.32,100.0,250.0,180.0,27.92,0.9369,12,0,,,,1
109.1929732,26.24925128,68.0,0.001613608,100472.1496,0.144200605,17.81220248,0.885858455,73.44240289,0.202663183,0.106832673,17.71994766,0.136270662,2,0,390.2470216,476.8156101,9.0,0
,,,321.18,98324.4,0.8925,25.75,9.25,100.0,233.03,180.0,25.2,0.875,1,0,,,,1
,,,146.77,99734.0,0.6635,33.03,5.12,82.98,106.59,71.53,33.63,0.6608,6,1,,,,1
109.1929732,26.24925128,68.0,0.000262413,98943.81928,0.104242118,30.74019564,4.082156002,63.7045586,0.000302856,0.000534247,30.72639872,0.105882432,8,1,876.4725963,1.153834461,0.0,1
,,,124.98,100046.7,0.6556,23.98,3.76,77.68,91.12,54.23,23.29,0.6414,9,1,,,,1
109.1929732,26.24925128,68.0,0.119997604,98491.53876,0.085037782,36.27205992,1.523477596,47.90334745,0.045594535,0.033159031,36.55513301,0.084822364,7,1,-237.2399226,-0.39913663,2.0,0
,,,16.85,101667.4,0.2206,34.46,2.55,45.27,12.14,9.29,34.97,0.2299,11,0,,,,0
,,,295.18,98421.2,0.9305,30.8,8.79,93.55,176.93,99.2,29.93,0.9489,8,1,,,,1
,,,176.22,99912.8,0.7005,33.37,5.93,82.98,118.87,89.02,34.19,0.6879,1,0,,,,1
,,,100.71,100277.8,0.6481,23.89,3.98,82.34,69.11,43.4,22.8,0.6702,10,0,,,,1
,,,3.56,102129.7,0.1084,21.97,0.64,21.52,1.91,1.64,22.45,0.1176,4,0,,,,0
,,,18.53,100954.0,0.2449,32.4,2.8,49.68,10.14,5.63,34.34,0.2377,7,1,,,,0
,,,274.78,98669.2,0.8453,22.11,8.8,92.07,172.96,100.11,23.79,0.8626,7,1,,,,1
109.1929732,26.24925128,68.0,0.028103716,99209.17717,0.084094461,32.43176443,3.995950631,33.78314592,0.015812883,0.006881152,30.83454883,0.084144667,5,0,-221.9164875,-0.210749829,0.0,1
,,,108.21,100425.0,0.6422,25.46,5.04,76.74,62.96,47.02,24.97,0.6691,6,1,,,,1
109.1929732,26.24925128,68.0,0.00219975,98077.27757,0.084698776,35.15686178,3.625103556,54.68030289,0.003376865,0.025722569,34.76940011,0.085189461,7,1,-242.4133579,-0.223869006,0.0,1
,,,7.54,102001.0,0.1135,34.04,0.89,27.37,3.8,2.27,32.55,0.1066,12,0,,,,0
,,,81.94,100402.6,0.6226,20.5,3.0,75.0,50.0,40.0,21.39,0.5996,8,1,,,,1
,,,25.42,100525.6,0.292,33.66,3.81,63.84,13.95,11.72,33.32,0.3012,11,0,,,,0
,,,208.24,98861.7,0.7524,30.89,4.32,84.41,171.69,97.06,29.15,0.7298,12,0,,,,1
,,,275.65,99286.6,0.8358,27.16,6.63,95.19,198.42,136.27,26.32,0.8469,4,0,,,,1
,,,25.34,100887.2,0.3459,19.31,4.12,62.87,20.0,14.44,19.8,0.363,4,0,,,,0
,,,7.63,102415.7,0.1487,25.78,0.79,41.92,5.35,4.08,26.57,0.1321,9,1,,,,0
109.1929732,26.24925128,68.0,8.48e-05,99170.47881,0.08431241,33.9611711,2.661451128,26.84482628,3.65e-05,0.002361351,33.6291544,0.084495613,4,0,-143.4878334,-0.332329174,5.0,0
,,,297.9,98622.2,0.8326,27.42,6.36,95.22,175.97,133.54,27.63,0.8066,5,0,,,,1
,,,298.97,98750.3,0.8645,31.21,10.57,94.9,222.03,150.48,30.98,0.8764,6,1,,,,1
,,,337.74,98095.7,0.9149,28.01,8.71,99.03,250.0,180.0,29.26,0.9007,9,1,,,,1
,,,21.19,100897.0,0.2768,21.59,4.21,56.18,18.9,15.0,22.37,0.2602,5,0,,,,0
109.1929732,26.24925128,68.0,0.121901618,98614.96871,0.29851603,29.93690021,5.065739001,72.12409339,0.103254728,0.279826163,29.99501839,0.309893905,7,1,752.6435179,1.002127548,0.0,1
,,,333.46,98508.6,0.9375,30.13,9.57,99.42,204.44,129.02,28.28,0.9306,7,1,,,,1
,,,21.21,101278.5,0.2971,26.89,0.76,57.78,13.17,10.48,26.23,0.2794,12,0,,,,0
,,,20.37,100762.4,0.2496,22.66,3.91,50.78,11.04,8.08,22.48,0.2599,1,0,,,,0
,,,196.78,98733.5,0.7532,25.32,7.32,84.91,147.74,114.19,24.75,0.732,6,1,,,,1
,,,0.23,103000.0,0.1472,29.24,0.12,20.0,0.16,0.11,30.24,0.15,1,0,,,,0
109.1929732,26.24925128,68.0,0.000821513,100043.3091,0.087127523,25.60626834,2.425762784,50.9926529,0.000457694,0.000978659,24.74278516,0.087369082,11,0,-183.4026757,-0.39355749,3.0,0
,,,98.55,100482.8,0.6547,28.19,4.76,79.07,55.7,43.13,28.4,0.6388,2,0,,,,1
,,,93.35,100239.1,0.6,24.85,4.05,84.24,73.22,54.45,25.31,0.5749,6,1,,,,1
,,,240.31,98504.9,0.8375,25.36,7.14,85.86,193.1,115.05,24.03,0.814,8,1,,,,1
,,,286.17,98900.6,0.8801,26.55,10.46,93.43,158.44,91.28,27.72,0.8864,8,1,,,,1
,,,0.18,102703.1,0.0821,32.06,0.0,20.0,0.1,0.08,32.53,0.0997,4,0,,,,0
,,,133.42,99946.4,0.647,26.53,5.11,75.72,79.53,66.64,24.69,0.6599,10,0,,,,1
,,,4.46,101847.5,0.1155,23.68,0.0,26.59,3.9,3.03,22.76,0.1233,12,0,,,,0
109.1929732,26.24925128,68.0,0.001203757,99259.01954,0.085801402,29.83762985,0.32200894,24.08877901,0.000446331,0.01132023,29.6007873,0.086518174,4,0,-144.1543798,-0.994377925,8.0,0
,,,170.91,99464.6,0.7511,24.31,5.6,88.85,100.12,63.22,25.42,0.753,1,0,,,,1
,,,114.9,100500.0,0.6563,22.42,3.0,75.55,84.52,68.29,21.28,0.6521,1,0,,,,1
,,,200.48,99481.7,0.7684,20.64,5.37,88.97,143.28,99.95,22.18,0.7427,6,1,,,,1
,,,204.63,99419.9,0.8054,31.4,6.34,91.22,118.51,95.19,32.13,0.7887,6,1,,,,1
,,,3.77,102332.8,0.1087,22.99,0.0,30.38,2.72,2.4,21.82,0.111,7,1,,,,0
,,,201.59,99051.3,0.7614,33.8,6.48,84.7,149.08,119.06,35.01,0.7516,8,1,,,,1
,,,25.93,101160.4,0.3068,21.67,3.16,61.86,16.26,13.56,22.9,0.3158,2,0,,,,0
,,,91.09,100107.6,0.6348,20.53,3.17,79.12,72.74,52.59,20.22,0.616,7,1,,,,1
,,,20.52,101274.7,0.3129,26.31,2.48,59.23,10.81,7.87,24.99,0.3288,3,0,,,,0
,,,221.62,99411.4,0.7348,21.82,5.17,81.95,172.53,115.48,20.54,0.7358,6,1,,,,1
,,,19.85,100832.0,0.2518,33.73,2.94,51.51,11.0,8.09,32.58,0.2586,2,0,,,,0
,,,21.65,101597.8,0.2755,36.56,1.63,52.95,13.63,10.08,36.17,0.2651,9,1,,,,0
,,,13.9,101370.8,0.1871,27.14,1.24,48.12,9.17,6.34,25.97,0.1825,3,0,,,,0
,,,83.64,100500.0,0.6364,28.86,4.48,75.13,56.15,40.0,30.75,0.6559,11,0,,,,1
,,,208.74,99098.2,0.7587,33.96,6.03,86.97,159.96,104.15,33.81,0.7686,6,1,,,,1
,,,22.84,100513.4,0.2737,36.11,3.13,64.5,16.69,11.81,35.1,0.2807,12,0,,,,0
,,,306.37,98641.1,0.9062,28.37,8.67,88.51,198.58,146.12,27.84,0.88,7,1,,,,1
,,,21.32,101245.6,0.2429,24.34,1.19,58.86,14.28,9.89,24.51,0.2461,4,0,,,,0
,,,25.53,100798.5,0.3108,19.12,1.53,63.86,19.36,15.0,17.23,0.3162,11,0,,,,0
109.1929732,26.24925128,68.0,0.001600021,98068.43797,0.08403483,35.18567286,4.00076363,45.62216532,0.000555439,0.000262219,35.03633841,0.084232075,6,1,-205.7632542,-0.196493099,0.0,1
,,,8.08,102636.4,0.1122,34.96,1.01,33.27,4.22,3.7,36.75,0.1077,1,0,,,,0
,,,113.57,99987.2,0.6737,26.64,3.23,79.21,93.34,54.16,25.96,0.6979,8,1,,,,1
,,,8.77,102132.0,0.1321,32.66,1.11,29.38,7.18,6.22,31.16,0.1384,9,1,,,,0
,,,5.53,101850.6,0.1118,37.74,0.15,29.7,4.43,3.02,38.77,0.1066,8,1,,,,0
,,,311.49,98258.8,0.8766,29.15,10.71,94.09,250.0,157.34,27.4,0.8792,9,1,,,,1
,,,26.08,100903.2,0.3361,26.31,4.67,68.49,17.5,11.29,27.82,0.3172,12,0,,,,0
109.1929732,26.24925128,68.0,0.003528439,98491.35016,0.087496172,34.18904375,5.235653109,52.11346869,0.001956897,0.001741142,34.06628414,0.088704719,6,1,-232.2486867,-0.157548626,0.0,1
,,,206.72,99470.0,0.7827,21.9,5.08,87.43,136.55,80.91,21.77,0.7926,8,1,,,,1
,,,88.78,100500.0,0.62,30.95,5.74,75.0,62.14,40.0,32.14,0.6319,7,1,,,,1
109.1929732,26.24925128,68.0,9.73e-05,98255.0623,0.123713021,30.33617614,6.004504503,64.26340368,0.000636547,0.000773749,30.33547112,0.13507053,8,1,-186.0983034,-0.488222531,6.0,0
109.1929732,26.24925128,68.0,0.0,100090.5582,0.08703697,20.87584631,0.29997262,49.49169682,1.19e-06,3.63e-05,20.7350383,0.087037285,11,0,326.1354204,3.366340326,5.0,0
,,,12.99,101780.0,0.2292,20.84,1.95,44.96,8.8,5.06,21.42,0.2168,10,0,,,,0
,,,94.01,99990.6,0.6118,32.33,3.0,75.92,66.4,40.03,33.79,0.6281,8,1,,,,1
,,,28.41,100681.7,0.2923,32.78,2.3,67.87,15.16,13.04,33.86,0.2799,10,0,,,,0
109.1929732,26.24925128,68.0,0.000351818,100052.5771,0.09115737,28.68893005,0.393656491,45.83196971,0.00614519,0.003699893,28.61698021,0.091588824,10,0,80.41321863,0.127287945,2.0,0
,,,17.09,101737.9,0.1969,26.5,1.5,47.69,14.88,9.13,24.69,0.2159,3,0,,,,0
,,,8.84,101673.2,0.1431,33.06,1.2,29.32,4.64,4.06,34.59,0.1319,6,1,,,,0
109.1929732,26.24925128,68.0,0.0,99413.03049,0.085976513,32.71208215,1.034742129,22.19546194,0.0,0.004826894,32.81500914,0.087030121,5,0,-214.1113842,-0.190863317,0.0,1
109.1929732,26.24925128,68.0,0.0,99547.016,0.084173914,31.76139237,1.565574713,11.61961123,4.72e-05,2.02e-05,30.80445523,0.08423846,4,0,-121.7690323,-0.494486014,7.0,0
109.1929732,26.24925128,68.0,2.29e-05,100224.233,0.087345852,19.59027482,0.827884864,51.32000531,7.64e-06,1.03e-05,19.65946008,0.087321934,12,0,306.9191448,0.991045895,10.0,0
,,,17.67,100702.8,0.2413,23.38,1.74,52.38,13.76,9.43,22.82,0.2369,10,0,,,,0
,,,137.11,99529.6,0.6367,32.09,4.56,80.66,93.3,69.1,30.93,0.6588,7,1,,,,1
,,,10.74,101875.0,0.186,23.96,1.89,32.92,8.1,4.78,23.04,0.1685,1,0,,,,0
,,,23.3,101148.1,0.3153,29.59,2.66,56.56,12.98,8.34,31.39,0.3135,2,0,,,,0
,,,12.65,101182.2,0.1914,31.98,1.14,37.39,6.34,5.65,30.21,0.207,5,0,,,,0
,,,125.62,100500.0,0.6928,25.64,3.01,77.21,98.93,80.32,23.93,0.7101,3,0,,,,1
,,,219.37,98837.5,0.748,21.53,4.95,90.02,175.13,116.16,22.43,0.7429,7,1,,,,1
109.1929732,26.24925128,68.0,0.002065324,98852.21478,0.086433852,30.32082831,4.908124574,56.3883776,0.001821125,0.001582495,30.1120415,0.086648828,8,1,-179.3093183,-0.246040767,2.0,0
,,,127.29,99789.4,0.6829,33.11,5.05,80.46,97.98,73.36,31.48,0.6878,9,1,,,,1
,,,299.74,98590.8,0.852,26.77,6.48,98.75,175.24,117.75,26.0,0.8764,7,1,,,,1
,,,16.13,101287.8,0.2137,21.85,2.55,46.22,10.31,9.15,23.61,0.2049,12,0,,,,0
,,,23.32,101123.2,0.2799,20.03,1.73,64.23,18.12,15.0,18.4,0.2925,2,0,,,,0
,,,4.01,102807.8,0.1186,26.88,1.49,28.95,2.37,2.0,26.37,0.1278,8,1,,,,0
,,,277.4,98435.4,0.8648,26.91,3.93,97.15,154.71,123.03,26.63,0.8822,8,1,,,,1
,,,22.38,101137.1,0.2793,32.0,3.41,61.23,19.28,15.0,31.91,0.2609,10,0,,,,0
109.1929732,26.24925128,68.0,0.002009088,99161.13832,0.083911338,34.38315944,1.240892775,31.08689492,0.001133829,0.011277693,33.10042562,0.084007445,5,0,-200.2730713,-0.40264024,3.0,0
,,,7.21,102060.9,0.1293,36.35,1.09,39.18,5.63,4.49,38.09,0.1395,7,1,,,,0
,,,29.71,100500.0,0.3329,34.27,3.26,70.0,18.25,15.0,35.92,0.345,11,0,,,,0
,,,0.19,103000.0,0.0911,22.21,0.0,20.0,0.11,0.08,21.37,0.0984,5,0,,,,0
,,,340.45,98357.0,0.95,29.3,6.99,100.0,250.0,155.98,29.8,0.9334,12,0,,,,1
,,,14.92,101403.6,0.2274,31.28,1.24,49.74,8.32,5.42,31.72,0.2177,9,1,,,,0
,,,29.9,101209.4,0.3327,19.06,3.56,68.65,20.0,14.34,20.34,0.3315,11,0,,,,0
,,,271.5,98359.2,0.7965,32.54,9.42,90.14,213.22,121.2,31.0,0.785,7,1,,,,1
,,,10.31,102094.9,0.1731,27.55,0.52,34.09,6.22,3.59,28.86,0.1611,4,0,,,,0
,,,8.51,101879.7,0.1751,26.93,0.72,28.74,7.21,5.43,24.95,0.1653,11,0,,,,0
,,,17.23,101449.5,0.2202,37.69,1.69,44.06,14.33,8.7,39.15,0.2326,6,1,,,,0
,,,2.36,102105.0,0.1154,25.27,0.01,28.51,1.96,1.27,26.98,0.1129,11,0,,,,0
,,,21.24,100514.0,0.2479,33.06,1.68,60.71,11.28,7.36,32.42,0.2609,6,1,,,,0
,,,11.71,101592.7,0.1742,23.04,1.94,43.35,6.0,3.97,24.76,0.158,2,0,,,,0
,,,118.74,100240.7,0.6,22.22,4.07,81.86,89.93,68.85,20.97,0.6276,8,1,,,,1
109.1929732,26.24925128,68.0,1.12e-05,100505.9856,0.085790878,22.50580316,2.727470438,49.01522275,0.002109464,0.000973318,22.69423933,0.085825977,11,0,360.9342022,0.555713714,0.0,1
,,,283.76,98000.0,0.8728,31.58,8.94,97.48,223.89,154.21,32.81,0.891,6,1,,,,1
,,,182.23,100500.0,0.6982,28.37,3.02,82.42,104.3,65.8,28.14,0.6686,4,0,,,,1
109.1929732,26.24925128,68.0,6.71e-05,100697.9454,0.085538447,16.75421339,1.420159371,51.51518246,0.000425201,0.000184305,16.82755302,0.085547117,12,0,349.2918455,0.998120482,13.0,0
,,,286.82,98870.3,0.897,30.6,8.13,93.9,212.31,153.72,31.33,0.9073,11,0,,,,1
,,,11.31,101124.3,0.1996,33.43,1.22,36.57,8.54,7.19,32.88,0.2137,2,0,,,,0
,,,159.39,99819.2,0.7349,29.41,5.12,83.21,132.63,77.79,28.48,0.7313,6,1,,,,1
109.1929732,26.24925128,68.0,0.003601742,99554.52583,0.099612053,28.41472012,1.808743376,63.17226325,0.001560683,0.001727013,28.76769954,0.100906331,9,1,-252.6130284,-0.339344598,2.0,0
,,,295.33,98555.3,0.8762,28.48,8.89,95.87,238.01,180.0,28.96,0.8634,11,0,,,,1
,,,4.37,102273.7,0.1527,26.2,0.84,28.49,3.25,1.95,26.02,0.1602,9,1,,,,0
,,,15.73,101208.9,0.1827,30.49,1.04,45.8,11.87,7.29,32.37,0.178,6,1,,,,0
109.1929732,26.24925128,68.0,0.0,100301.4069,0.086383757,15.92923507,2.614814628,49.25964954,4.91e-05,9.63e-05,16.2037492,0.086361419,12,0,-181.3418796,-0.225308813,1.0,0
109.1929732,26.24925128,68.0,0.008913992,99908.22729,0.084505183,29.8858885,1.696702096,40.93369128,0.006172796,0.003143656,29.79430979,0.084511496,3,0,440.3312749,0.60743609,0.0,1
,,,27.03,100653.1,0.3412,35.04,2.63,70.0,17.37,10.28,34.54,0.3561,7,1,,,,0
,,,9.96,101839.7,0.1417,27.29,1.33,37.16,6.81,4.25,28.76,0.1339,2,0,,,,0
,,,169.73,99577.6,0.7075,20.0,4.86,81.44,136.85,97.57,18.45,0.6812,9,1,,,,1
,,,299.69,98227.8,0.9206,27.1,6.07,87.3,222.83,146.26,26.01,0.9446,7,1,,,,1
,,,29.54,100500.0,0.35,37.15,1.27,63.88,20.0,15.0,38.55,0.3384,3,0,,,,0
,,,8.96,101881.5,0.1655,27.06,0.19,33.38,5.23,2.7,27.85,0.183,4,0,,,,0
,,,28.24,100990.0,0.3336,23.51,2.87,69.8,19.46,10.39,21.62,0.3484,1,0,,,,0
,,,19.75,101475.9,0.2489,35.96,0.82,57.78,15.56,9.71,35.88,0.2321,9,1,,,,0
,,,310.57,98184.3,0.8788,21.82,9.66,94.42,190.49,132.91,22.81,0.8913,8,1,,,,1
,,,122.84,100500.0,0.6267,26.1,3.0,78.41,80.95,49.54,25.6,0.6028,9,1,,,,1
,,,229.3,98558.2,0.8415,31.42,6.25,87.77,169.22,140.62,30.32,0.8116,3,0,,,,1
,,,214.23,99176.7,0.7683,20.0,5.92,81.38,146.7,115.55,20.16,0.7425,6,1,,,,1
,,,276.89,98832.6,0.8622,30.55,5.94,100.0,212.88,154.9,29.97,0.8475,11,0,,,,1
,,,88.4,100430.4,0.6,21.48,3.38,79.14,58.49,42.92,22.5,0.5848,9,1,,,,1
,,,184.24,99701.6,0.7019,23.19,5.48,88.63,126.39,97.02,24.05,0.7226,6,1,,,,1
,,,27.22,101421.7,0.3436,37.48,2.14,62.6,14.19,10.16,36.32,0.3317,4,0,,,,0
,,,23.65,100926.5,0.2643,35.83,3.43,63.38,20.0,15.0,35.43,0.2789,12,0,,,,0
,,,289.47,98220.2,0.8855,30.36,8.11,93.46,202.71,151.64,30.17,0.8614,12,0,,,,1
,,,6.07,101980.6,0.1251,19.6,0.43,26.95,4.22,2.48,20.22,0.1088,1,0,,,,0
,,,264.99,99329.0,0.8723,33.16,8.24,90.23,153.67,87.94,32.11,0.86,12,0,,,,1
,,,238.9,99269.2,0.8104,22.42,6.04,85.33,151.57,85.08,20.85,0.8343,7,1,,,,1
,,,87.0,100500.0,0.6,27.81,4.44,75.0,56.25,46.5,29.21,0.6082,10,0,,,,1
,,,202.98,99676.5,0.7386,29.06,5.2,92.37,164.45,134.53,30.48,0.7112,8,1,,,,1
,,,141.94,99892.3,0.6943,32.5,4.44,80.29,115.04,88.53,31.03,0.6986,8,1,,,,1
,,,275.41,98520.9,0.8513,24.7,8.21,97.98,220.56,134.97,25.85,0.8496,6,1,,,,1
,,,203.08,99129.5,0.7546,25.52,5.89,86.89,116.68,93.14,24.26,0.7811,9,1,,,,1
,,,26.88,100765.8,0.291,34.12,3.11,64.2,16.7,13.47,35.08,0.2718,1,0,,,,0
,,,23.99,100500.0,0.3047,21.56,2.87,57.69,18.57,14.9,21.43,0.2883,5,0,,,,0
,,,29.82,100500.0,0.35,21.45,5.0,66.78,20.0,13.12,19.85,0.3304,9,1,,,,0
,,,316.58,98363.2,0.9434,20.0,10.23,100.0,228.86,144.09,20.68,0.9505,8,1,,,,1
,,,133.91,99876.2,0.7056,21.08,3.71,79.98,99.72,62.53,22.39,0.7196,3,0,,,,1
,,,14.46,101528.5,0.2018,27.92,1.51,44.88,8.63,4.38,28.35,0.1975,3,0,,,,0
,,,195.81,99678.7,0.7454,21.01,3.2,89.57,137.74,86.48,21.43,0.7257,3,0,,,,1
,,,200.55,99295.7,0.7601,25.29,6.06,89.04,160.82,133.65,26.25,0.7881,3,0,,,,1
,,,7.13,102406.3,0.1417,21.36,0.45,26.63,5.53,4.74,21.68,0.1381,9,1,,,,0
,,,85.21,100186.1,0.635,33.99,4.08,75.0,54.12,40.0,34.85,0.6512,8,1,,,,1
,,,323.57,98384.0,0.95,32.67,6.52,100.0,250.0,177.5,32.24,0.9734,8,1,,,,1
,,,324.45,98349.3,0.9049,27.24,12.0,90.16,212.49,141.58,26.81,0.8849,1,0,,,,1
,,,22.61,100815.2,0.2565,22.92,3.72,54.27,16.89,9.33,22.48,0.2645,4,0,,,,0
109.1929732,26.24925128,68.0,0.008144254,99908.45915,0.084869595,29.91655031,0.403834576,24.75356042,0.003586091,0.001883101,29.51909719,0.084881316,4,0,-139.0498945,-0.99264281,8.0,0
,,,208.02,98767.0,0.7564,28.23,4.72,92.39,129.16,86.32,26.77,0.7704,9,1,,,,1
,,,97.57,99922.2,0.6019,24.36,3.58,76.31,62.76,42.09,24.76,0.6247,2,0,,,,1
,,,113.89,100307.1,0.6742,23.8,3.93,77.14,62.89,49.06,24.45,0.6472,6,1,,,,1
,,,15.76,101530.3,0.2481,26.86,1.08,48.22,13.29,11.75,26.17,0.2543,6,1,,,,0
,,,326.72,98118.5,0.8675,20.77,8.8,97.58,250.0,180.0,21.58,0.8802,9,1,,,,1
,,,6.86,101433.9,0.1277,30.89,0.93,32.2,4.15,2.54,31.69,0.1446,1,0,,,,0
,,,207.94,99382.4,0.7517,20.01,7.97,91.91,128.9,107.51,18.75,0.7568,7,1,,,,1
,,,202.21,99594.7,0.7824,26.61,4.41,87.42,140.27,82.2,25.28,0.7802,6,1,,,,1
109.1929732,26.24925128,68.0,0.000106279,99516.49558,0.105906057,23.45714279,2.668618612,40.89119677,0.015768463,0.022791488,23.96434489,0.103225335,3,0,-185.6544608,-0.281504616,2.0,0
,,,12.55,102035.2,0.2041,36.74,2.2,45.51,10.07,6.23,38.36,0.215,6,1,,,,0
,,,191.66,99595.2,0.7294,25.16,7.26,85.16,143.7,100.05,25.06,0.7527,9,1,,,,1
,,,15.06,101514.5,0.2267,21.53,1.82,46.8,11.22,10.05,19.98,0.2281,11,0,,,,0
109.1929732,26.24925128,68.0,0.0,100287.0911,0.086099311,20.99785922,0.610724469,45.77777557,0.0,6.74e-05,20.49158638,0.086164556,2,0,-15.39139098,-0.017302687,0.0,1
,,,114.65,100271.6,0.6891,24.16,4.02,75.72,89.89,67.06,26.05,0.6807,9,1,,,,1
109.1929732,26.24925128,68.0,4.69e-05,99062.23032,0.082247532,36.32421358,3.934695854,20.2405108,2.76e-05,0.000247612,36.19110769,0.082413442,5,0,-192.7145573,-0.407344101,3.0,0
,,,5.03,101877.9,0.1328,18.45,0.59,22.97,2.81,1.83,20.34,0.1495,2,0,,,,0
109.1929732,26.24925128,68.0,0.002732351,99521.11731,0.084600692,29.1137503,1.588507832,37.50245849,0.000910784,0.000615268,28.76187446,0.084660062,3,0,-90.24814161,-0.984047372,8.0,0
,,,10.59,101994.3,0.191,19.79,1.29,38.98,8.14,7.03,18.78,0.2042,8,1,,,,0
109.1929732,26.24925128,68.0,0.002243065,98060.09978,0.086611325,34.16663579,6.407603695,53.3616391,0.000841344,0.050098468,34.54505152,0.087544268,7,1,-197.1511381,-0.131672029,0.0,1
,,,12.78,101759.9,0.2011,19.39,2.06,44.97,11.48,6.06,17.6,0.1958,9,1,,,,0
,,,13.05,101310.1,0.1901,18.62,1.18,47.35,10.26,8.86,16.98,0.202,6,1,,,,0
109.1929732,26.24925128,68.0,0.0,99605.51797,0.084077432,30.83063382,1.230667458,18.77055364,0.0,2.02e-05,31.16523015,0.084125853,4,0,459.1131284,169.0601299,9.0,0
109.1929732,26.24925128,68.0,2.24e-06,98975.40043,0.090000206,30.72434244,3.872615534,57.15877831,0.000258894,0.00068162,31.22994128,0.090902953,8,1,-191.6705614,-0.578758503,4.0,0
,,,123.2,100373.1,0.6968,28.02,4.7,77.08,74.91,43.28,27.49,0.7207,5,0,,,,1
,,,90.32,100500.0,0.6,21.18,3.0,78.92,74.55,59.43,22.5,0.5879,9,1,,,,1
,,,131.43,100043.2,0.627,34.31,4.69,78.66,103.12,81.64,32.62,0.6473,7,1,,,,1
,,,86.5,100500.0,0.6,23.98,4.99,77.18,50.0,40.0,22.08,0.5934,7,1,,,,1
,,,5.84,101643.8,0.1702,29.36,2.22,29.24,4.64,3.57,27.83,0.1796,1,0,,,,0
109.1929732,26.24925128,68.0,0.208087794,100023.0471,0.092760193,27.60683927,0.610453409,56.44016185,0.150340096,0.064531989,27.90762382,0.09101388,10,0,152.1581322,3.282153239,7.0,0
109.1929732,26.24925128,68.0,7.54e-05,99716.79909,0.083970187,33.36717644,1.977902342,18.14316884,2.51e-05,3.1e-05,32.23069469,0.084012884,4,0,-229.1103936,-0.141113755,0.0,1
,,,192.53,99322.5,0.689,32.77,4.1,84.36,120.88,78.49,31.39,0.7016,9,1,,,,1
,,,11.57,101487.3,0.1863,24.87,2.51,37.86,9.43,7.44,25.09,0.1729,7,1,,,,0
,,,20.62,101025.3,0.2717,24.83,1.68,59.47,12.68,7.66,26.6,0.2786,4,0,,,,0
,,,4.16,102162.8,0.1501,27.63,1.33,28.81,3.18,2.72,28.04,0.1497,4,0,,,,0
109.1929732,26.24925128,68.0,0.001875039,98988.21901,0.101465769,34.01628038,5.191132526,48.07631549,0.041184339,0.01786852,33.95755525,0.094213173,5,0,-200.2142267,-0.426605348,3.0,0
,,,156.55,99783.5,0.7466,22.16,5.29,80.87,90.08,50.19,22.17,0.7608,11,0,,,,1
,,,12.26,100979.9,0.2086,23.77,0.7,53.16,10.36,6.26,23.76,0.1955,5,0,,,,0
,,,4.24,102752.2,0.1317,36.02,0.34,27.1,2.28,1.74,35.2,0.1413,9,1,,,,0
,,,165.22,99793.6,0.6872,33.23,6.25,82.28,103.36,68.55,34.07,0.6618,8,1,,,,1
109.1929732,26.24925128,68.0,0.008780552,100245.656,0.087496016,19.50363044,1.216067433,37.5903773,0.005898526,0.026517309,17.29575753,0.088052169,3,0,-220.1664437,-0.288915746,2.0,0
109.1929732,26.24925128,68.0,1.96e-05,100481.0434,0.085919809,19.90240028,2.189889828,58.51238421,1.01e-05,4.33e-06,19.84454147,0.085984232,12,0,-69.6005198,-0.332381333,10.0,0
,,,194.19,98950.6,0.775,30.73,6.39,86.54,134.98,85.22,31.35,0.7858,7,1,,,,1
,,,19.24,100940.9,0.2189,32.47,1.18,50.02,12.42,9.97,30.65,0.2315,11,0,,,,0
,,,28.04,100961.6,0.3185,33.67,0.98,66.2,20.0,15.0,35.23,0.3128,6,1,,,,0
109.1929732,26.24925128,68.0,1.417323401,100431.6104,0.164241712,15.17651288,1.857984559,70.49700142,0.508109461,0.309098588,15.58252595,0.128938367,1,0,-254.7130014,-0.319809549,1.0,0
,,,122.25,100481.8,0.6263,26.16,3.52,82.16,84.77,66.33,26.25,0.6544,6,1,,,,1
,,,28.25,100500.0,0.3457,35.18,4.69,70.0,18.35,11.28,36.72,0.3569,2,0,,,,0
,,,189.99,99162.6,0.7452,27.74,4.01,77.48,138.72,104.73,25.78,0.7159,9,1,,,,1
,,,269.65,98564.9,0.8875,30.38,7.86,90.6,160.37,128.89,29.02,0.8906,8,1,,,,1
,,,4.05,102618.2,0.1312,23.83,0.05,20.0,2.91,2.22,25.46,0.1346,4,0,,,,0
,,,118.73,100166.7,0.6643,33.95,3.0,85.92,87.62,66.12,33.45,0.6773,6,1,,,,1
,,,12.09,102480.0,0.2181,28.06,1.72,42.15,9.1,7.72,26.85,0.2244,1,0,,,,0
,,,314.38,98092.5,0.8668,26.78,8.91,98.53,203.8,120.84,26.66,0.8912,7,1,,,,1
,,,16.52,101057.6,0.2508,29.61,2.46,42.34,14.43,12.71,28.95,0.2375,5,0,,,,0
,,,269.37,99013.8,0.8257,31.53,5.49,92.26,225.81,179.56,33.46,0.8556,6,1,,,,1
,,,27.17,100501.0,0.321,20.27,2.56,61.88,20.0,11.31,22.05,0.3364,5,0,,,,0
,,,300.98,98112.5,0.8548,29.31,8.18,95.72,189.93,137.72,29.11,0.8312,6,1,,,,1
,,,19.24,100862.2,0.2703,36.31,3.03,56.31,15.71,10.43,37.79,0.2828,12,0,,,,0
,,,122.75,100156.4,0.6835,26.76,5.56,78.49,101.12,58.84,25.51,0.6648,3,0,,,,1
,,,20.89,101525.4,0.2599,22.57,2.68,50.65,16.32,10.47,20.75,0.2418,3,0,,,,0
109.1929732,26.24925128,68.0,0.000140483,98438.29038,0.08801074,34.73425938,6.051648109,52.84709847,0.026151701,0.049837152,35.14017955,0.092416728,7,1,446.3963123,0.999653563,0.0,1
,,,174.05,99232.7,0.7103,23.39,6.09,84.92,103.37,82.51,23.58,0.7112,6,1,,,,1
109.1929732,26.24925128,68.0,0.0,99657.9657,0.085271037,27.17241236,0.762229525,32.58661244,1.96e-05,5.22e-05,27.19002559,0.085580318,4,0,-179.2759346,-0.282344958,2.0,0
,,,272.91,98409.2,0.8492,30.3,7.38,90.93,209.13,121.85,28.99,0.8366,9,1,,,,1
,,,102.95,100373.7,0.6873,31.02,4.92,83.09,71.27,47.06,31.16,0.7095,7,1,,,,1
,,,338.13,98000.0,0.9086,25.53,9.15,97.3,250.0,180.0,27.21,0.8946,7,1,,,,1
109.1929732,26.24925128,68.0,0.0,100559.8418,0.085630491,22.15481458,2.107163507,49.32760631,3.73e-06,0.000904076,22.27093878,0.085707805,11,0,-157.4395826,-0.184573496,1.0,0
,,,107.75,99821.8,0.667,29.5,4.2,75.93,72.49,40.0,31.29,0.69,6,1,,,,1
,,,343.52,98000.0,0.9248,22.27,9.38,99.29,191.08,140.73,20.8,0.9289,7,1,,,,1
,,,332.09,99165.7,0.9319,21.48,7.97,100.0,205.85,151.55,21.28,0.9211,7,1,,,,1
,,,176.42,99715.0,0.7458,30.4,5.97,81.95,118.89,77.54,31.36,0.7458,9,1,,,,1
,,,6.02,102510.1,0.1269,35.72,0.0,27.29,5.24,2.84,36.4,0.141,3,0,,,,0
109.1929732,26.24925128,68.0,0.007920787,97958.73039,0.085150822,34.67326474,3.662842774,54.87831957,0.016141443,0.04800882,34.68174753,0.085858161,7,1,-242.4133579,-0.182919091,0.0,1
,,,20.75,101393.1,0.293,36.84,1.46,55.14,14.87,12.72,36.9,0.2988,6,1,,,,0
,,,139.75,100339.3,0.6787,29.75,3.84,85.05,100.28,61.73,30.8,0.6547,9,1,,,,1
109.1929732,26.24925128,68.0,0.000124691,99568.01474,0.088165585,24.18286477,4.258182782,48.67054221,0.000262756,0.00011261,23.63908498,0.08857874,2,0,-112.6524223,-0.099020198,0.0,1
,,,241.86,99109.0,0.7877,25.64,7.61,86.31,184.38,110.76,24.15,0.8108,6,1,,,,1
,,,154.43,99697.4,0.718,24.71,4.41,82.35,99.4,80.96,25.87,0.7156,10,0,,,,1
,,,23.83,100706.3,0.3263,21.31,0.42,63.15,15.15,11.42,22.46,0.3312,1,0,,,,0
,,,5.15,101946.7,0.1618,37.13,0.0,31.64,3.5,2.36,37.11,0.1806,5,0,,,,0
,,,261.69,99249.7,0.8238,25.32,4.66,91.43,165.2,124.02,25.94,0.7965,4,0,,,,1
,,,17.86,101667.1,0.2461,24.29,0.81,45.89,14.82,11.38,24.83,0.2459,2,0,,,,0
,,,162.14,100473.9,0.7118,28.52,5.26,85.32,110.54,93.12,29.68,0.7312,9,1,,,,1
,,,10.7,101793.8,0.1812,27.24,1.09,38.72,6.07,4.88,29.01,0.1921,9,1,,,,0
,,,21.46,100624.0,0.2631,31.23,2.03,48.05,18.33,15.0,31.8,0.2727,6,1,,,,0
,,,11.32,101498.0,0.147,31.41,1.25,39.65,9.81,5.5,29.65,0.16,12,0,,,,0
109.1929732,26.24925128,68.0,1.07e-05,100152.9198,0.085428652,23.45789101,0.737046869,50.77072341,3.79e-05,0.00014231,23.17800956,0.085480448,2,0,-203.9403343,-0.154449662,0.0,1
,,,324.85,98637.8,0.95,22.79,4.24,100.0,237.01,167.76,21.01,0.9393,7,1,,,,1
,,,15.7,100916.9,0.2067,29.58,0.22,42.21,11.37,6.07,30.29,0.2138,2,0,,,,0
,,,171.45,99717.0,0.6981,29.97,5.59,82.52,98.42,74.19,28.5,0.6843,6,1,,,,1
,,,157.79,99159.9,0.6863,20.94,5.89,83.34,105.01,63.24,19.6,0.6981,7,1,,,,1
109.1929732,26.24925128,68.0,0.001629645,100217.3901,0.085642566,25.31366193,1.497917543,39.57451286,0.001593621,0.000863628,25.20754548,0.085347788,3,0,333.6558309,0.996054327,10.0,0
,,,21.43,101486.6,0.2685,29.7,1.26,54.71,11.52,6.68,29.7,0.2676,1,0,,,,0
,,,13.1,101271.6,0.212,25.82,0.28,38.95,11.08,9.29,26.59,0.2271,8,1,,,,0
,,,4.65,102443.1,0.1308,31.78,0.11,31.24,2.93,1.87,30.59,0.1256,6,1,,,,0
,,,12.18,102205.1,0.1897,28.99,0.78,39.12,7.91,4.87,28.37,0.1749,9,1,,,,0
,,,332.18,98289.3,0.9083,20.04,7.67,96.95,198.35,146.68,21.86,0.9275,4,0,,,,1
109.1929732,26.24925128,68.0,0.004308429,99203.09508,0.100063791,30.89857453,2.628515423,64.50013955,0.117214685,0.056617657,31.48806105,0.099443009,9,1,-165.6874213,-0.360091543,3.0,0
,,,7.89,102192.5,0.1538,20.38,0.66,29.43,6.25,5.05,18.43,0.1729,4,0,,,,0
,,,14.13,101083.5,0.1946,22.15,0.6,43.47,10.56,8.14,22.88,0.2139,4,0,,,,0
,,,83.72,100267.9,0.6032,26.82,3.0,77.1,52.13,40.0,24.84,0.5863,9,1,,,,1
109.1929732,26.24925128,68.0,0.0,99164.72583,0.0841108,32.6466576,1.845589887,37.27508694,0.0,0.002400662,32.62407963,0.084418393,5,0,-233.5881046,-0.290538766,1.0,0
,,,6.8,101884.0,0.1169,28.96,2.1,33.0,4.44,2.6,27.57,0.1362,12,0,,,,0
,,,12.52,101623.1,0.1932,23.44,1.64,45.85,8.47,7.15,23.48,0.1876,6,1,,,,0
,,,20.56,101247.6,0.2618,27.47,2.91,49.85,13.55,10.44,25.62,0.251,4,0,,,,0
,,,1.27,102958.2,0.0929,24.17,0.0,20.0,1.05,0.72,23.04,0.075,6,1,,,,0
,,,234.72,99078.7,0.7881,20.91,6.78,89.08,142.11,90.53,22.22,0.7877,11,0,,,,1
,,,15.05,102143.0,0.2197,28.28,0.74,46.36,12.3,9.84,29.71,0.208,1,0,,,,0
,,,17.97,101206.2,0.235,24.38,2.56,46.08,10.41,6.44,22.88,0.2267,1,0,,,,0
,,,0.73,102474.5,0.08,34.86,0.0,20.0,0.43,0.25,33.81,0.074,4,0,,,,0
,,,17.74,101137.1,0.2657,32.69,2.03,51.52,12.15,7.6,32.62,0.2658,3,0,,,,0
109.1929732,26.24925128,68.0,0.00025453,99519.81025,0.08678978,26.79816171,2.994048219,38.27187947,8.48e-05,0.003873554,25.99590567,0.087339147,4,0,-213.6950859,-0.145707581,0.0,1
,,,13.32,101658.7,0.1996,28.95,1.64,39.53,10.01,7.35,27.02,0.1833,2,0,,,,0
,,,213.33,99422.5,0.7533,24.9,4.78,90.53,173.54,95.62,25.01,0.7268,8,1,,,,1
,,,1.8,102182.9,0.1001,27.23,0.2,24.5,1.07,0.65,26.41,0.1118,11,0,,,,0
,,,28.3,101191.2,0.3094,18.49,1.04,64.62,20.0,12.18,19.23,0.3119,8,1,,,,0
109.1929732,26.24925128,68.0,0.000859389,98891.96385,0.084513334,31.23294829,3.107225693,38.01384111,0.000722069,0.000326998,31.46085883,0.084214473,4,0,307.8533781,3.094415643,4.0,0
,,,300.5,98163.2,0.8671,26.9,7.33,94.24,206.58,122.94,27.66,0.8895,7,1,,,,1
,,,14.4,101594.1,0.1777,36.3,1.91,42.28,10.4,7.8,37.72,0.1947,6,1,,,,0
,,,20.58,101352.5,0.2681,22.92,2.16,55.62,13.01,8.48,21.43,0.2855,3,0,,,,0
,,,13.93,101736.5,0.2137,20.97,1.99,43.61,8.28,5.48,22.77,0.2171,10,0,,,,0
,,,22.14,100500.0,0.2631,24.35,2.97,60.64,12.27,10.66,24.91,0.2798,2,0,,,,0
109.1929732,26.24925128,68.0,0.092094021,100437.8353,0.096457185,18.34328885,4.390757584,50.65397169,0.082170785,0.035272816,19.28213094,0.090638001,2,0,-101.3361537,-0.332110363,6.0,0
,,,293.56,98331.1,0.8979,20.35,9.24,96.34,161.74,129.16,20.36,0.8932,8,1,,,,1
109.1929732,26.24925128,68.0,0.000195584,98772.36519,0.08122339,35.65454343,2.43780086,19.78508219,0.001792344,0.000830441,35.09258031,0.081458275,6,1,-141.7400046,-0.990719913,7.0,0
109.1929732,26.24925128,68.0,1.92e-05,98115.79365,0.085156221,36.03085043,4.005309203,52.85320201,0.000323198,0.000980874,36.0740967,0.085679421,7,1,-230.5504001,-0.228573812,0.0,1
,,,10.6,102499.7,0.1886,18.89,0.4,34.92,7.02,4.29,17.49,0.1871,9,1,,,,0
109.1929732,26.24925128,68.0,0.000988503,98656.14638,0.085732596,33.49918785,5.719621045,51.80854048,0.000345893,0.000436528,33.74118046,0.086392339,7,1,-142.7088202,-0.9923768,10.0,0
,,,239.05,98901.3,0.8255,25.69,8.01,86.03,199.72,130.21,25.27,0.8232,7,1,,,,1
109.1929732,26.24925128,68.0,0.021737744,99283.96131,0.126334333,28.13332097,0.31716036,50.46793004,0.033835138,0.033283415,26.24101663,0.129954387,5,0,-184.5544744,-0.688790131,4.0,0
,,,2.63,102081.2,0.08,26.02,0.97,20.0,2.22,1.3,27.19,0.0756,4,0,,,,0
109.1929732,26.24925128,68.0,0.143969033,99522.7948,0.322540234,28.33212981,1.636401073,78.16787307,0.207426678,0.262150356,28.28470277,0.335078367,8,1,-243.8424937,-0.110231735,0.0,1
,,,126.34,100212.2,0.6709,23.22,4.07,78.92,73.59,53.15,24.74,0.6891,6,1,,,,1
,,,195.63,99549.2,0.7037,25.17,4.27,83.33,120.78,97.69,26.52,0.6829,3,0,,,,1
,,,18.03,101726.1,0.2054,20.96,2.01,50.52,9.06,6.12,19.84,0.2086,1,0,,,,0
109.1929732,26.24925128,68.0,1.79e-05,99346.88857,0.084218411,28.57801856,0.382521055,13.48107163,5.96e-06,0.000185355,29.51254748,0.084289556,5,0,-221.9164875,-0.148258797,0.0,1
,,,185.4,99604.9,0.6889,33.41,3.99,85.64,140.53,97.54,33.3,0.7165,9,1,,,,1
,,,134.43,99627.0,0.6321,31.32,5.05,78.86,81.15,48.54,32.93,0.6098,7,1,,,,1
,,,322.87,98041.3,0.9199,23.31,8.37,100.0,202.37,170.1,21.72,0.9182,7,1,,,,1
,,,269.5,98943.9,0.8783,32.77,9.04,97.02,202.37,139.52,33.1,0.8794,8,1,,,,1
109.1929732,26.24925128,68.0,6.71e-05,99156.5453,0.083564525,36.48333921,2.846189883,22.83299288,7.93e-05,0.004534726,36.03005643,0.083691277,5,0,-97.10063997,-0.33235071,6.0,0
,,,138.39,100010.5,0.727,31.17,3.0,81.22,81.05,59.83,31.87,0.74,10,0,,,,1
,,,8.66,101231.4,0.1592,32.73,1.17,30.47,5.77,3.8,32.35,0.1678,11,0,,,,0
109.1929732,26.24925128,68.0,0.001187387,98995.07785,0.094438725,31.73476781,2.059749729,56.69334751,0.001777698,0.001787839,31.91020567,0.095400595,9,1,-148.5172013,-0.204778961,4.0,0
109.1929732,26.24925128,68.0,0.0,100654.5598,0.204971739,13.85334201,2.003695935,69.77053687,0.0,6.05e-05,14.04947237,0.216837693,1,0,-162.1949327,-0.297618476,3.0,0
,,,293.07,98670.5,0.8177,20.0,8.38,96.58,192.35,151.19,20.37,0.8335,6,1,,,,1
,,,14.96,100916.4,0.2453,22.78,1.51,40.08,12.16,9.32,22.18,0.2357,4,0,,,,0
,,,86.07,100330.3,0.7031,31.49,3.14,76.22,62.39,45.62,30.05,0.7034,9,1,,,,1
,,,275.29,98444.1,0.7903,24.47,6.72,90.43,184.92,152.14,25.08,0.7964,11,0,,,,1
109.1929732,26.24925128,68.0,0.016427785,99667.50844,0.100063617,28.89563612,3.392240479,64.7248055,0.031110723,0.013389309,29.54265709,0.090848496,10,0,-113.3646333,-0.276975668,6.0,0
,,,216.13,99302.1,0.8147,20.0,4.93,82.15,143.77,108.93,20.19,0.8006,8,1,,,,1
,,,155.85,99851.6,0.6818,32.91,4.18,76.31,110.54,91.89,34.46,0.7067,6,1,,,,1
,,,2.24,102699.6,0.0906,18.59,1.09,20.0,1.79,0.96,17.87,0.0846,10,0,,,,0
109.1929732,26.24925128,68.0,0.0,100528.6053,0.110878888,18.76491286,0.837797945,46.39682492,0.004369682,0.00501623,18.2305245,0.113387424,2,0,284.4406224,0.448445192,0.0,1
,,,341.94,98040.6,0.9188,20.37,6.75,99.07,206.79,162.56,18.47,0.9169,9,1,,,,1
,,,319.75,98231.7,0.8876,32.07,10.83,95.88,246.32,180.0,32.98,0.8908,6,1,,,,1
109.1929732,26.24925128,68.0,0.005143064,98171.69573,0.079309273,34.02893534,6.597300124,51.93554313,0.004133042,0.004702703,34.64710314,0.079382255,6,1,-227.4953503,-0.159845967,0.0,1
,,,19.44,101385.5,0.2181,33.53,1.26,54.43,13.13,7.04,34.91,0.2314,4,0,,,,0
,,,5.2,102348.1,0.177,36.21,0.52,25.65,3.62,2.7,37.56,0.1915,3,0,,,,0
,,,110.27,100294.1,0.6236,26.91,3.0,77.18,89.65,52.12,27.79,0.6447,9,1,,,,1
,,,113.34,100268.8,0.6331,27.71,4.99,78.02,86.8,67.28,26.15,0.6122,9,1,,,,1
109.1929732,26.24925128,68.0,0.0,100023.0622,0.09333497,24.06033758,1.259892189,41.58886806,0.0,0.009587107,24.03044655,0.094775143,3,0,324.0819949,3.160409235,5.0,0
,,,283.3,98793.3,0.8492,26.3,9.24,92.12,169.55,124.79,27.25,0.8326,2,0,,,,1
,,,102.72,100330.6,0.6618,26.19,4.18,78.25,58.09,48.69,27.31,0.6541,6,1,,,,1
,,,286.44,98217.2,0.8628,29.97,10.42,90.75,242.49,158.32,31.37,0.853,8,1,,,,1
,,,19.72,101105.5,0.2677,30.89,2.22,50.73,15.69,8.73,32.42,0.2593,2,0,,,,0
,,,311.71,98219.8,0.8934,23.43,5.54,91.43,193.26,123.89,21.94,0.9158,6,1,,,,1
109.1929732,26.24925128,68.0,4.47e-06,99212.54639,0.095012771,28.14138745,4.713159393,42.75633904,0.007152547,0.047151178,28.07815795,0.096613636,4,0,-178.1333063,-0.129026321,0.0,1
,,,184.01,99331.8,0.7691,24.35,7.86,81.53,126.95,87.57,22.61,0.7461,6,1,,,,1
,,,225.64,99351.2,0.8522,32.98,8.08,86.55,133.86,91.65,31.96,0.8764,6,1,,,,1
109.1929732,26.24925128,68.0,0.007037598,100575.885,0.135877201,17.31958064,2.503303336,70.21092877,0.005853801,0.107738559,17.30068746,0.143572571,2,0,390.2470216,0.997907142,0.0,1
,,,324.81,98347.4,0.9177,31.0,6.51,95.81,184.17,118.55,31.66,0.9461,9,1,,,,1
,,,21.71,100755.3,0.2929,32.51,2.33,62.46,15.1,10.93,34.23,0.2868,4,0,,,,0
,,,6.44,101518.9,0.1016,18.5,1.11,37.17,3.89,2.2,17.37,0.0828,5,0,,,,0
,,,3.8,101943.7,0.0894,35.95,0.11,31.3,2.18,1.72,35.42,0.0743,11,0,,,,0
,,,236.66,98922.5,0.7617,27.24,7.21,87.77,145.06,110.04,27.26,0.7594,8,1,,,,1
109.1929732,26.24925128,68.0,0.002487824,98777.39481,0.284286624,29.80324412,2.546041825,73.9598008,0.008409439,0.024209281,29.61777848,0.295401792,9,1,-160.3597046,-0.326850348,4.0,0
,,,87.84,100267.1,0.6462,20.49,4.79,78.06,58.55,40.05,21.09,0.6661,6,1,,,,1
,,,304.21,98376.4,0.8812,26.7,6.11,93.72,169.44,133.13,24.83,0.9026,9,1,,,,1
,,,28.56,101269.2,0.3486,37.24,3.34,70.0,20.0,14.93,35.33,0.3686,2,0,,,,0
,,,28.77,100520.8,0.3297,28.37,4.16,70.0,14.68,12.76,26.45,0.3351,7,1,,,,0
,,,94.19,100244.5,0.6773,21.01,3.2,75.0,52.65,44.43,21.46,0.6818,8,1,,,,1
,,,259.13,98376.7,0.8652,20.04,6.21,93.92,164.47,100.0,19.85,0.8861,8,1,,,,1
109.1929732,26.24925128,68.0,0.0,100105.7218,0.085710305,27.92482142,1.290938244,56.50255547,0.000511498,0.000219213,27.96845721,0.085714642,11,0,-164.7607236,-0.215136093,2.0,0
,,,314.81,98172.6,0.9361,28.11,8.03,97.36,223.19,179.62,28.08,0.956,2,0,,,,1
,,,9.5,101784.8,0.1609,30.56,1.26,38.64,5.76,3.84,31.37,0.1641,10,0,,,,0
,,,322.37,98214.6,0.9256,23.79,5.1,99.48,229.99,139.42,24.77,0.9006,6,1,,,,1
109.1929732,26.24925128,68.0,0.0,98815.35611,0.083335801,33.73133016,2.565253669,41.39463525,0.0,0.006612499,33.96099059,0.083523596,5,0,-140.6835161,-0.993981974,7.0,0
,,,4.99,102271.3,0.1175,19.86,0.62,26.84,3.36,2.5,19.52,0.1054,3,0,,,,0
,,,174.07,100127.2,0.7099,29.44,6.35,83.05,139.07,80.31,31.19,0.7321,6,1,,,,1
109.1929732,26.24925128,68.0,0.00631576,100934.0471,0.126805547,17.08691296,3.393652561,63.76062899,0.006796985,0.109624946,17.24202474,0.132853317,2,0,-237.9134081,-0.176490743,0.0,1
,,,14.52,101336.3,0.2041,30.35,1.68,41.93,9.3,6.88,31.83,0.2123,10,0,,,,0
,,,18.67,101533.8,0.2491,30.44,1.67,50.94,10.67,9.01,29.17,0.2571,7,1,,,,0
,,,219.63,99609.0,0.8048,20.94,4.57,87.68,157.58,106.23,21.06,0.8067,8,1,,,,1
,,,27.17,100685.1,0.32,20.48,3.34,65.85,19.76,15.0,20.72,0.3307,8,1,,,,0
,,,10.25,101131.1,0.1692,26.04,1.62,42.96,5.19,4.55,27.98,0.1597,7,1,,,,0
,,,276.11,99122.7,0.8115,30.1,6.45,93.54,160.74,118.45,31.19,0.8148,9,1,,,,1
,,,18.96,101636.0,0.2444,36.47,1.27,48.85,11.37,8.47,37.57,0.2563,5,0,,,,0
,,,7.41,101899.4,0.1377,31.93,0.06,37.98,5.84,4.58,30.14,0.12,9,1,,,,0
,,,14.29,101637.7,0.2443,18.65,0.59,44.15,10.61,9.22,17.41,0.2263,10,0,,,,0
,,,27.97,100500.0,0.3156,32.95,4.76,69.73,18.34,13.59,34.92,0.3225,3,0,,,,0
109.1929732,26.24925128,68.0,0.0,99315.041,0.084726342,28.97404227,0.852937749,34.83977443,0.0,0.000220031,29.41076019,0.084705353,3,0,-97.58780039,-0.330236014,5.0,0
,,,235.87,98657.2,0.85,29.36,6.81,90.99,164.09,102.24,29.26,0.8522,7,1,,,,1
,,,10.39,102672.8,0.1809,19.29,0.0,37.0,8.4,4.78,17.7,0.1852,3,0,,,,0
,,,190.19,99325.6,0.7116,32.0,3.23,85.31,154.85,89.62,31.59,0.7241,7,1,,,,1
109.1929732,26.24925128,68.0,0.569034399,98852.96997,0.29345024,30.10717197,3.469567437,74.3220687,0.435981876,0.341830526,30.12174577,0.299859546,7,1,517.9656684,0.570049851,0.0,1
,,,17.43,101100.1,0.2234,21.72,1.38,45.19,11.98,7.14,20.13,0.2271,12,0,,,,0
,,,226.01,98884.3,0.7815,26.5,5.93,87.91,144.53,122.34,28.45,0.7527,6,1,,,,1
,,,186.94,98977.6,0.7068,28.64,6.38,84.17,110.48,91.19,28.07,0.6874,3,0,,,,1
,,,15.38,101001.5,0.2015,31.7,0.57,47.71,13.79,11.59,30.73,0.2208,6,1,,,,0
,,,3.6,102301.2,0.0958,23.33,0.07,26.25,2.21,1.5,22.94,0.0956,8,1,,,,0
,,,254.52,98944.0,0.8404,20.75,8.28,98.26,159.39,132.34,21.04,0.8529,7,1,,,,1
,,,15.49,101443.5,0.2324,37.93,1.29,51.43,12.48,8.72,38.85,0.2267,2,0,,,,0
,,,251.47,98837.4,0.8281,28.34,4.38,93.09,150.25,95.84,29.45,0.8133,6,1,,,,1
,,,14.34,101177.7,0.2311,37.62,1.88,41.92,10.31,7.95,36.34,0.2501,1,0,,,,0
,,,298.26,98148.4,0.8416,31.76,8.08,94.5,188.34,154.35,29.82,0.8392,10,0,,,,1
,,,21.74,100970.1,0.255,23.89,4.28,51.71,15.74,14.1,24.9,0.2707,6,1,,,,0
,,,96.69,100078.5,0.6,31.94,3.66,77.63,77.84,60.78,32.5,0.5785,10,0,,,,1
,,,12.07,102158.1,0.1862,31.81,2.02,44.87,7.13,3.97,32.41,0.1758,3,0,,,,0
109.1929732,26.24925128,68.0,0.016542702,98539.7901,0.084897921,35.78504521,1.513844048,47.71901539,0.035792041,0.016021897,35.28247048,0.085093443,7,1,-237.2399226,-0.221955494,0.0,1
,,,250.56,98688.0,0.7963,20.0,4.11,91.15,162.46,111.47,21.05,0.8183,6,1,,,,1
,,,319.21,98640.3,0.8831,32.75,11.25,95.92,180.83,107.95,31.24,0.9121,6,1,,,,1
,,,293.62,98528.9,0.888,27.39,10.07,93.96,166.61,107.48,27.73,0.8666,8,1,,,,1
,,,212.76,99518.9,0.797,34.56,5.87,86.25,146.89,81.68,33.02,0.7799,6,1,,,,1
,,,20.26,101752.2,0.2502,24.08,2.65,50.77,15.45,11.07,22.48,0.2659,3,0,,,,0
,,,18.27,101011.3,0.2322,22.55,1.53,55.06,9.3,6.92,21.24,0.2123,9,1,,,,0
,,,279.7,98580.8,0.8731,25.77,8.21,88.57,236.91,150.96,24.19,0.888,8,1,,,,1
,,,21.59,101029.9,0.2539,30.05,1.75,58.61,16.63,12.86,28.6,0.2465,7,1,,,,0
,,,21.49,101715.3,0.2515,35.54,0.39,56.59,15.4,9.73,36.87,0.2502,10,0,,,,0
,,,97.04,100395.7,0.6136,29.39,3.0,82.7,66.12,42.11,30.85,0.6219,6,1,,,,1
,,,169.68,99270.6,0.6996,27.79,5.9,79.9,115.53,84.87,26.63,0.6988,8,1,,,,1
,,,9.03,101902.4,0.1487,28.92,1.74,39.54,5.16,4.11,27.06,0.16,6,1,,,,0
,,,172.35,99715.0,0.7772,34.54,7.17,75.0,137.31,110.92,35.7,0.7575,12,0,,,,1
,,,135.95,99910.1,0.6613,23.25,4.82,76.22,88.1,60.52,24.25,0.6567,9,1,,,,1
,,,234.27,99336.3,0.822,26.3,7.87,92.99,135.6,95.42,27.95,0.8506,8,1,,,,1
,,,173.8,99763.7,0.7573,32.58,3.37,81.5,134.65,102.33,31.02,0.7511,7,1,,,,1
109.1929732,26.24925128,68.0,0.008222895,98911.7574,0.093014351,33.93184853,3.912703119,36.6211566,0.003969103,0.001720823,34.71385028,0.090762072,5,0,-127.7477973,-0.33268687,6.0,0
,,,16.53,100681.8,0.2454,29.56,1.71,52.48,12.09,8.38,28.31,0.2436,3,0,,,,0
,,,24.19,100500.0,0.279,21.54,0.14,62.71,20.0,15.0,21.94,0.2874,6,1,,,,0
,,,26.92,100500.0,0.3484,26.93,2.75,63.51,16.29,12.15,28.81,0.3454,1,0,,,,0
109.1929732,26.24925128,68.0,0.075406642,99091.04977,0.345101581,29.04410958,4.504697594,74.00755786,0.082674961,0.377103008,28.93526834,0.354092877,7,1,355.4417058,4.519826347,5.0,0
,,,211.95,98626.1,0.7123,20.0,6.52,89.17,126.51,94.58,18.76,0.6885,9,1,,,,1
,,,29.22,100500.0,0.3338,27.97,1.06,70.0,20.0,15.0,26.37,0.3208,3,0,,,,0
,,,24.66,101320.7,0.2778,26.85,1.75,62.51,16.16,13.51,25.81,0.276,9,1,,,,0
,,,293.23,99133.2,0.8797,33.57,9.87,88.84,224.99,149.81,34.68,0.8948,8,1,,,,1
,,,303.57,98506.8,0.8584,23.46,10.51,95.05,172.49,144.48,23.9,0.8351,3,0,,,,1
,,,11.06,101306.0,0.1551,26.89,0.18,35.06,7.71,6.1,26.95,0.1576,5,0,,,,0
,,,95.63,100444.9,0.6,20.85,3.0,76.77,79.12,46.65,19.76,0.5748,6,1,,,,1
,,,28.55,101205.2,0.3186,27.67,1.53,68.73,14.7,10.35,28.59,0.3082,9,1,,,,0
,,,168.86,99575.6,0.714,23.73,5.44,84.11,128.07,80.55,21.74,0.7377,9,1,,,,1
,,,6.54,101563.4,0.1398,24.49,1.3,29.6,4.99,3.68,25.58,0.1503,12,0,,,,0
,,,103.95,100129.9,0.6517,34.68,3.0,82.55,82.01,46.26,35.11,0.6507,6,1,,,,1
,,,2.09,102737.0,0.1257,29.98,0.69,27.43,1.49,1.15,29.59,0.1388,10,0,,,,0
,,,11.39,101435.3,0.1889,19.86,1.1,42.96,6.1,5.23,19.95,0.2086,7,1,,,,0
,,,10.03,101425.3,0.1778,29.56,0.0,33.44,6.45,5.66,27.78,0.1833,11,0,,,,0
,,,18.29,101164.7,0.2473,30.59,1.09,49.57,11.75,10.09,30.36,0.231,4,0,,,,0
109.1929732,26.24925128,68.0,0.0,100846.9283,0.092845799,12.48373897,3.079485669,39.42655544,0.000152034,0.000252794,12.19454717,0.093372083,1,0,-148.0726972,-0.33000473,6.0,0
,,,6.21,101752.4,0.1551,32.91,0.77,37.04,3.95,3.56,32.09,0.1742,3,0,,,,0
,,,2.18,102880.0,0.08,29.69,0.45,29.21,1.29,1.01,27.97,0.095,8,1,,,,0
,,,22.1,101771.7,0.3008,25.09,1.71,58.34,12.69,9.84,23.47,0.2958,10,0,,,,0
,,,275.95,98091.9,0.8733,30.37,4.47,92.99,179.35,147.66,29.35,0.8614,6,1,,,,1
109.1929732,26.24925128,68.0,0.000765549,99169.92632,0.084091315,34.08495137,3.350289385,30.28442051,0.000383763,0.000180092,34.28804692,0.084387717,4,0,393.8139205,302.7754839,8.0,0
,,,0.96,102635.7,0.1028,27.72,0.0,20.0,0.54,0.43,28.4,0.0843,2,0,,,,0
,,,274.22,99260.4,0.8432,27.19,6.73,97.16,223.36,167.68,27.79,0.8407,9,1,,,,1
,,,22.65,100500.0,0.2963,29.01,2.98,57.14,17.67,14.54,28.97,0.2959,11,0,,,,0
,,,20.87,101198.7,0.2702,23.25,2.84,44.37,11.36,8.23,24.1,0.2762,1,0,,,,0
,,,18.47,101273.4,0.2357,26.43,1.71,49.68,16.37,11.87,24.51,0.2529,2,0,,,,0
,,,160.17,99783.3,0.7658,23.9,3.47,84.36,109.58,90.1,22.95,0.756,7,1,,,,1
109.1929732,26.24925128,68.0,0.000822876,98595.42043,0.084569715,35.30097264,4.533564306,39.41439948,0.002242462,0.002775558,34.97017739,0.084689246,6,1,-213.7318192,-0.139009556,0.0,1
,,,12.01,101244.5,0.1855,29.19,1.89,42.03,10.09,7.49,27.22,0.1925,6,1,,,,0
,,,21.79,100974.1,0.2609,33.28,1.7,55.4,17.0,13.91,34.93,0.2731,2,0,,,,0
,,,310.32,98692.1,0.95,20.0,7.83,96.6,216.11,145.67,18.22,0.927,8,1,,,,1
,,,185.85,99737.2,0.7268,33.25,4.01,81.69,145.6,90.95,34.02,0.7005,7,1,,,,1
109.1929732,26.24925128,68.0,0.003412084,98808.29851,0.091261581,35.60496188,3.29477071,51.50075268,0.109113687,0.050024596,35.16351729,0.09294229,7,1,446.3963123,2885.529272,8.0,0
,,,18.83,101916.9,0.2633,27.45,2.23,49.05,14.24,10.69,26.79,0.2813,4,0,,,,0
109.1929732,26.24925128,68.0,0.00047935,99417.73703,0.111239961,30.06035237,0.909958094,41.3183461,0.014651613,0.035667306,28.77566477,0.121302876,5,0,-142.0826615,-0.332936679,6.0,0
,,,20.28,101186.4,0.2526,33.36,1.82,41.8,17.46,10.65,35.2,0.2358,2,0,,,,0
,,,265.98,98908.0,0.825,22.05,4.02,96.42,200.81,112.67,21.16,0.8137,7,1,,,,1
,,,194.93,98936.4,0.7302,34.09,5.33,86.82,136.22,77.24,33.81,0.7202,7,1,,,,1
,,,10.7,101742.8,0.1714,24.36,0.23,36.15,9.5,8.03,25.12,0.1625,7,1,,,,0
109.1929732,26.24925128,68.0,0.0,98700.76765,0.080410422,33.12497007,5.779179488,36.5636048,0.0,0.0,33.46346263,0.080439719,6,1,126.9820659,0.13759657,0.0,1
,,,218.11,99280.8,0.7288,29.97,6.42,89.27,126.41,89.21,31.3,0.7241,8,1,,,,1
,,,27.98,100749.6,0.3305,30.13,4.63,54.49,19.94,10.6,28.89,0.3305,7,1,,,,0
,,,262.79,98585.2,0.8218,29.4,6.4,92.51,167.91,133.87,31.39,0.8421,8,1,,,,1
109.1929732,26.24925128,68.0,0.000414173,99164.04623,0.085194278,32.02013014,2.173509955,51.35777217,0.000905708,0.001270817,31.59640386,0.085253042,9,1,169.0752465,0.227782027,0.0,1
,,,19.98,100795.7,0.2608,20.98,2.62,51.99,11.28,9.99,21.76,0.2529,7,1,,,,0
,,,10.55,101639.4,0.1434,21.0,1.52,32.72,6.02,3.74,22.51,0.1489,10,0,,,,0
,,,9.65,101834.0,0.1585,22.12,0.64,37.17,6.78,5.02,22.7,0.1461,7,1,,,,0
109.1929732,26.24925128,68.0,0.000435044,98621.22798,0.080322827,32.55469195,6.030028292,52.39646574,0.000357798,0.000153342,32.5603362,0.080323952,6,1,335.7626291,3.107055142,4.0,0
,,,28.72,101302.0,0.3326,36.9,1.98,67.62,20.0,15.0,37.28,0.3429,9,1,,,,0
,,,4.3,102373.1,0.1076,20.3,0.0,31.69,3.51,3.06,19.43,0.1195,1,0,,,,0
,,,258.3,98983.1,0.8469,29.9,6.44,88.5,177.57,147.7,28.19,0.8442,8,1,,,,1
,,,5.89,102552.5,0.143,23.19,0.45,27.53,4.93,2.92,24.68,0.1349,9,1,,,,0
,,,0.63,102835.7,0.0843,19.32,0.0,20.0,0.55,0.49,19.44,0.0765,1,0,,,,0
,,,16.29,101174.3,0.2482,32.45,1.54,50.41,14.07,7.2,32.07,0.257,3,0,,,,0
,,,119.58,99991.9,0.623,29.31,4.57,78.88,88.02,70.79,30.95,0.6063,11,0,,,,1
,,,27.81,100500.0,0.3337,22.0,2.66,66.27,18.63,15.0,23.79,0.3272,7,1,,,,0
,,,115.15,100297.7,0.6266,25.44,3.36,75.0,96.88,66.97,27.35,0.6091,9,1,,,,1
,,,24.32,100706.3,0.3145,23.69,0.93,62.66,18.36,11.16,23.41,0.3309,5,0,,,,0
,,,0.06,102040.2,0.0947,37.88,0.95,23.8,0.03,0.02,37.78,0.0922,10,0,,,,0
,,,173.72,99705.5,0.7374,34.34,4.5,87.6,99.89,79.8,33.51,0.761,4,0,,,,1
,,,17.11,100500.0,0.2319,22.74,0.77,53.34,8.93,4.75,21.56,0.2231,3,0,,,,0
,,,24.52,101253.5,0.3015,29.6,3.38,55.5,20.0,10.92,31.27,0.3185,7,1,,,,0
109.1929732,26.24925128,68.0,0.002706304,100516.701,0.08559119,21.52155013,2.655456646,46.32982323,0.000902101,0.001290691,21.94285443,0.085641242,11,0,-157.4395826,-0.226352093,2.0,0
,,,14.18,101004.8,0.2063,25.18,2.16,47.04,9.12,6.43,24.65,0.2259,6,1,,,,0
,,,8.87,102041.8,0.1206,29.39,0.52,34.6,6.68,3.83,29.39,0.1275,3,0,,,,0
,,,243.66,98665.7,0.8463,25.33,7.43,89.5,150.38,106.57,24.25,0.8573,2,0,,,,1
,,,11.69,102228.1,0.1659,27.28,1.1,45.69,6.67,5.21,28.02,0.1475,9,1,,,,0
,,,16.75,101182.7,0.2186,31.19,2.19,50.53,10.37,5.67,29.91,0.2092,8,1,,,,0
109.1929732,26.24925128,68.0,1.9e-05,98722.49423,0.086316443,33.9407189,4.68273659,51.22317996,1.64e-05,0.001103264,33.84549471,0.087264336,7,1,-142.7088202,-0.498086908,9.0,0
,,,203.5,99410.9,0.7668,29.39,5.91,87.86,116.25,75.11,28.95,0.7761,9,1,,,,1
,,,23.61,101545.3,0.3021,31.31,0.91,58.98,19.47,10.96,32.61,0.3197,8,1,,,,0
,,,20.44,101306.9,0.2657,23.64,2.02,52.7,13.68,7.59,22.91,0.2821,1,0,,,,0
,,,219.15,99137.6,0.766,23.44,8.7,88.43,157.56,111.03,23.34,0.7621,8,1,,,,1
,,,20.49,101587.8,0.2788,25.07,3.42,51.59,16.69,14.14,24.42,0.2634,6,1,,,,0
,,,9.97,101714.8,0.1655,28.27,2.27,35.55,5.77,3.02,28.76,0.1618,9,1,,,,0
109.1929732,26.24925128,68.0,0.0,100025.23,0.085745664,28.32301584,1.001060921,51.09692658,0.000220916,9.47e-05,28.78659279,0.085734307,11,0,-160.4263934,-0.621807473,7.0,0
,,,2.95,101527.7,0.1433,26.96,0.0,31.38,1.81,1.09,25.87,0.1453,2,0,,,,0
,,,339.04,98467.1,0.9341,20.0,9.04,97.7,187.06,118.91,20.52,0.914,6,1,,,,1
,,,83.01,100500.0,0.6257,20.22,3.0,75.19,68.17,46.71,21.37,0.6023,6,1,,,,1
,,,307.04,98006.6,0.8708,26.37,9.76,97.58,203.85,122.31,27.31,0.8779,7,1,,,,1
,,,22.12,101115.8,0.3341,19.97,3.38,52.19,15.01,7.91,20.4,0.3283,5,0,,,,0
,,,245.44,99256.4,0.8057,27.4,4.65,94.24,171.71,140.2,26.39,0.8019,6,1,,,,1
,,,29.6,100500.0,0.35,21.63,3.16,62.43,20.0,10.43,22.15,0.3507,10,0,,,,0
,,,124.19,99741.9,0.6449,25.37,3.41,80.45,93.0,55.49,25.15,0.6715,9,1,,,,1
,,,233.26,98821.9,0.7819,32.84,6.55,87.6,137.11,84.83,31.35,0.7825,7,1,,,,1
,,,228.39,99299.7,0.7269,20.0,6.97,90.88,163.47,134.38,18.6,0.7261,6,1,,,,1
,,,259.41,98837.8,0.8369,21.42,6.89,83.74,158.44,113.45,19.89,0.8655,2,0,,,,1
,,,17.1,101228.1,0.2256,34.63,2.54,42.77,12.55,6.51,36.42,0.2279,10,0,,,,0
109.1929732,26.24925128,68.0,0.048931036,98585.75186,0.100955912,30.47635069,3.851216481,61.6808455,0.020061672,0.011082837,31.53907775,0.09081986,6,1,-197.4412097,-0.214982977,1.0,0
,,,164.1,99253.3,0.6541,30.56,3.79,80.23,112.38,65.31,28.82,0.6624,9,1,,,,1
,,,18.09,101227.2,0.25,36.27,1.37,48.24,14.42,11.89,36.94,0.2612,4,0,,,,0
,,,25.83,100584.8,0.3106,32.4,3.32,64.56,13.36,10.78,30.56,0.3065,10,0,,,,0
,,,337.77,98000.0,0.9132,22.53,7.82,96.64,200.02,132.35,20.56,0.9222,7,1,,,,1
,,,267.85,98254.0,0.8612,20.0,7.28,93.18,203.75,117.82,20.61,0.8578,8,1,,,,1
,,,303.25,98141.2,0.8407,24.96,6.18,89.84,168.93,127.74,25.31,0.8109,9,1,,,,1
,,,20.58,101056.2,0.2532,28.86,0.54,56.36,11.82,7.25,27.84,0.2402,4,0,,,,0
109.1929732,26.24925128,68.0,3.441955949,98873.25008,0.288670509,29.23902839,3.853286348,84.29611092,1.573801749,0.715079251,32.01602483,0.165753091,7,1,-215.8841733,-0.414151738,3.0,0
109.1929732,26.24925128,68.0,2.46e-05,99525.80376,0.08577037,30.89716251,0.850947041,41.97684205,6.22e-05,2.67e-05,30.58010705,0.085808905,10,0,308.6716104,0.988630793,13.0,0
,,,119.94,100065.3,0.6501,28.86,3.0,75.73,70.21,44.14,29.67,0.6669,9,1,,,,1
,,,223.25,98961.7,0.7824,24.26,6.44,85.95,144.75,105.48,24.37,0.774,6,1,,,,1
,,,87.92,100500.0,0.6076,32.78,3.0,79.77,73.32,42.59,33.42,0.6265,8,1,,,,1
,,,1.33,102664.1,0.08,18.03,0.36,21.06,1.13,0.97,16.77,0.0795,6,1,,,,0
,,,14.91,101360.1,0.2466,21.5,2.89,45.97,11.95,9.89,22.39,0.2579,5,0,,,,0
109.1929732,26.24925128,68.0,0.0,100109.1957,0.085663546,25.53329946,0.833344336,47.02914359,0.0,0.0,25.93057538,0.085689797,11,0,-161.8974149,-0.660806136,8.0,0
,,,154.73,100198.9,0.6608,22.99,4.33,82.9,92.97,59.39,23.58,0.6828,6,1,,,,1
,,,19.15,100745.1,0.2743,31.45,1.76,54.59,17.16,10.59,31.95,0.2616,5,0,,,,0
,,,254.19,98376.5,0.8562,23.15,6.29,95.93,166.5,125.21,21.63,0.8782,9,1,,,,1
,,,331.47,98011.2,0.9161,28.02,9.88,97.48,249.03,180.0,29.81,0.9317,12,0,,,,1
,,,27.04,100550.7,0.3027,37.47,4.5,62.18,20.0,13.02,36.47,0.292,10,0,,,,0
,,,21.74,100672.7,0.2605,26.88,1.05,58.96,13.39,9.46,28.52,0.2608,4,0,,,,0
,,,287.33,98578.2,0.8994,23.97,8.16,98.73,193.61,138.1,22.02,0.9145,7,1,,,,1
,,,282.06,98377.6,0.8642,28.1,3.88,96.65,182.6,112.49,29.45,0.8669,6,1,,,,1
,,,316.07,98542.2,0.874,27.59,5.66,97.07,250.0,179.71,27.85,0.8725,6,1,,,,1
,,,28.32,100500.0,0.3307,33.28,4.35,69.8,16.49,9.16,34.93,0.3428,11,0,,,,0
,,,196.26,99593.6,0.7473,22.43,7.45,85.88,149.07,108.35,23.16,0.7251,9,1,,,,1
,,,336.45,98000.0,0.9091,27.96,11.78,94.53,243.96,171.13,26.74,0.8854,4,0,,,,1
,,,0.47,102637.2,0.0871,35.67,0.0,20.0,0.28,0.2,36.13,0.092,9,1,,,,0
,,,338.06,98147.6,0.9339,32.95,6.64,100.0,239.75,136.74,31.97,0.9461,7,1,,,,1
,,,6.12,101627.1,0.1463,22.68,1.15,29.92,3.28,2.07,24.28,0.1344,1,0,,,,0
,,,267.23,98311.6,0.8768,31.78,5.25,95.15,194.07,111.38,30.9,0.8667,6,1,,,,1
,,,25.74,101086.3,0.3204,29.87,2.17,62.48,17.59,12.32,29.98,0.3357,1,0,,,,0
,,,302.69,98875.7,0.8643,25.49,4.51,93.0,211.63,165.46,24.12,0.8597,1,0,,,,1
,,,16.97,100791.4,0.2541,21.55,1.37,50.98,9.93,6.56,23.22,0.2701,9,1,,,,0
,,,18.57,101188.9,0.2128,35.2,1.54,51.1,10.29,7.75,37.18,0.2062,3,0,,,,0
,,,15.59,101797.2,0.2118,22.37,2.88,48.66,8.83,7.65,23.86,0.2089,2,0,,,,0
,,,10.51,102270.2,0.1929,25.17,1.15,32.91,7.05,5.83,25.96,0.2075,2,0,,,,0
,,,0.85,103000.0,0.0872,22.66,0.25,20.0,0.49,0.4,21.85,0.0926,3,0,,,,0
,,,93.09,100346.4,0.6297,29.75,3.79,76.84,52.81,40.0,29.13,0.6522,8,1,,,,1
,,,305.96,98988.7,0.9399,20.0,6.83,94.3,250.0,180.0,20.97,0.9293,5,0,,,,1
,,,296.06,98689.9,0.9253,28.73,8.36,94.91,217.16,127.36,30.71,0.912,8,1,,,,1
,,,0.18,102063.6,0.08,22.25,0.32,20.0,0.11,0.08,22.8,0.0715,11,0,,,,0
109.1929732,26.24925128,68.0,0.0,99487.92599,0.084325128,29.97981194,3.005364421,10.33721231,3.07e-05,0.000771548,30.15917153,0.084366585,4,0,663.8832009,0.797040684,0.0,1
,,,2.2,102581.2,0.1244,30.1,0.11,25.52,1.18,0.78,29.28,0.1294,2,0,,,,0
,,,7.16,101810.6,0.1329,18.73,1.27,30.44,5.51,2.95,19.3,0.1302,12,0,,,,0
,,,29.2,100793.7,0.35,25.21,1.77,61.46,20.0,10.75,26.94,0.3473,2,0,,,,0
,,,216.77,99017.7,0.7501,21.71,4.27,90.37,175.32,142.26,20.21,0.7755,6,1,,,,1
,,,24.51,100969.1,0.3023,32.74,4.53,62.47,18.55,14.31,32.27,0.322,12,0,,,,0
,,,209.26,99001.5,0.7634,23.04,6.44,88.16,123.01,74.19,22.24,0.7908,10,0,,,,1
,,,23.26,101458.1,0.2738,27.32,2.31,61.76,18.8,9.76,29.12,0.2714,4,0,,,,0
,,,14.8,101797.6,0.2485,30.07,0.36,43.75,9.95,8.38,28.7,0.2588,8,1,,,,0
,,,29.68,100851.8,0.3382,34.9,3.73,67.54,19.01,15.0,36.42,0.3361,12,0,,,,0
,,,10.07,101598.1,0.181,34.42,1.91,33.06,6.87,5.54,35.5,0.1701,12,0,,,,0
109.1929732,26.24925128,68.0,0.0,99795.93704,0.091039168,26.36728259,2.264542959,30.49509747,0.0,0.006757913,24.82931925,0.092569703,3,0,-141.7816717,-0.332332228,6.0,0
,,,256.55,99381.9,0.8313,25.42,3.39,92.3,144.8,112.44,24.29,0.8415,9,1,,,,1
109.1929732,26.24925128,68.0,0.002052737,100277.6934,0.085322267,22.49444934,3.64076378,56.67697765,0.000689834,0.000297559,22.72405657,0.085325134,11,0,-68.90642071,-0.988397006,11.0,0
,,,23.45,100570.5,0.3076,28.62,1.36,55.68,19.59,15.0,29.52,0.2956,4,0,,,,0
,,,161.7,99439.3,0.7465,20.21,4.03,78.39,91.79,71.79,21.7,0.7479,9,1,,,,1
,,,19.72,101523.8,0.2397,30.15,0.71,56.6,11.31,8.33,31.76,0.2217,3,0,,,,0
,,,324.19,98394.9,0.9322,25.72,6.13,100.0,208.07,176.52,26.44,0.9223,9,1,,,,1
109.1929732,26.24925128,68.0,0.0,98614.94862,0.080403579,34.02001645,5.44631582,48.41506738,0.000582674,0.002059191,33.98611345,0.080580976,6,1,466.0425048,321.9301254,8.0,0
,,,3.91,102884.7,0.1288,22.36,0.59,30.81,2.53,1.49,21.38,0.1235,10,0,,,,0
,,,19.41,101760.9,0.296,32.12,1.85,49.24,14.58,7.89,30.48,0.3129,8,1,,,,0
109.1929732,26.24925128,68.0,0.0,100357.5129,0.087561235,20.13771134,2.0009025,52.93265246,3.35e-06,0.049556731,19.96969833,0.087942817,11,0,241.4609876,0.486753842,4.0,0
,,,15.35,100634.4,0.2358,23.62,1.19,46.51,9.29,6.46,23.2,0.2221,2,0,,,,0
,,,9.96,101607.0,0.1456,19.36,0.51,39.73,8.42,4.8,18.12,0.1305,9,1,,,,0
109.1929732,26.24925128,68.0,9.25e-05,100087.4952,0.088031929,20.53139319,1.555009524,52.4522967,8.48e-05,5.36e-05,20.534992,0.088128051,2,0,309.2139124,3.274804274,5.0,0
109.1929732,26.24925128,68.0,0.00337689,99626.04458,0.084505427,29.1535713,0.585297044,29.58311684,0.001564835,0.000985287,29.00471504,0.084370274,4,0,364.319936,186.513603,9.0,0
,,,150.23,99343.7,0.6879,30.07,3.55,85.39,94.19,71.61,29.28,0.69,7,1,,,,1
,,,10.22,101096.6,0.161,25.56,0.25,35.36,5.93,4.31,24.53,0.1611,9,1,,,,0
,,,12.39,101717.8,0.1745,24.01,1.23,45.01,7.6,4.56,24.29,0.1932,4,0,,,,0
,,,106.74,99998.9,0.6905,22.68,3.89,75.0,66.65,42.05,24.15,0.7087,7,1,,,,1
,,,0.96,102611.4,0.1108,34.81,0.01,20.0,0.77,0.59,32.84,0.1259,6,1,,,,0
,,,274.87,98786.3,0.8621,20.75,8.57,89.69,218.15,130.12,21.35,0.8553,6,1,,,,1
,,,312.42,98000.0,0.8685,26.56,10.02,96.92,250.0,180.0,25.53,0.8756,8,1,,,,1
,,,89.93,100046.9,0.6156,24.62,4.41,75.0,71.71,50.55,26.46,0.6209,8,1,,,,1
,,,5.71,102395.4,0.1054,33.54,0.39,33.76,3.98,2.61,34.4,0.0995,10,0,,,,0
,,,156.56,100239.1,0.7166,31.83,3.45,79.6,110.24,75.58,32.48,0.6974,9,1,,,,1
109.1929732,26.24925128,68.0,0.000981271,99405.41254,0.084982169,31.11563788,3.212887304,60.6900056,0.000382599,0.000164312,30.94826593,0.084944233,10,0,-105.6780364,-0.965269684,10.0,0
,,,22.08,100945.4,0.2854,23.4,1.48,64.49,13.3,11.36,25.39,0.2917,2,0,,,,0
,,,191.87,99345.0,0.7398,20.0,5.99,82.7,109.79,65.86,21.37,0.7686,6,1,,,,1
,,,2.63,102165.7,0.1081,22.35,0.0,22.87,1.7,1.3,23.42,0.116,1,0,,,,0
,,,191.59,99884.1,0.682,21.34,4.56,83.23,146.44,111.47,21.84,0.6954,8,1,,,,1
,,,323.63,98279.7,0.9151,23.71,8.01,95.39,179.05,106.58,22.44,0.9055,2,0,,,,1
,,,263.41,99416.1,0.8314,21.85,4.74,95.3,203.98,162.0,21.56,0.8438,8,1,,,,1
,,,160.24,99760.0,0.6893,23.34,4.63,84.86,101.98,79.83,22.87,0.6676,6,1,,,,1
,,,8.72,101984.7,0.1905,25.3,0.54,37.68,6.86,5.42,24.07,0.2022,10,0,,,,0
,,,97.81,100500.0,0.6142,33.8,3.0,77.86,54.3,42.16,34.88,0.5913,6,1,,,,1
109.1929732,26.24925128,68.0,0.000203306,98550.06834,0.080326202,32.5716247,6.108351476,52.52047729,6.78e-05,2.9e-05,32.87761953,0.080334425,6,1,-235.4438154,-0.406672275,2.0,0
,,,238.54,98938.6,0.8013,26.01,3.92,85.69,144.85,113.03,24.31,0.8058,3,0,,,,1
,,,311.89,98309.7,0.8942,32.29,9.82,90.64,198.75,165.98,32.6,0.8742,8,1,,,,1
,,,8.85,101292.3,0.1717,23.31,0.92,38.09,5.21,3.16,21.82,0.1811,11,0,,,,0
,,,190.48,99918.5,0.7655,25.8,6.71,85.77,119.89,82.23,26.1,0.7378,6,1,,,,1
,,,10.14,101465.5,0.1603,28.42,1.08,32.05,7.83,5.64,27.37,0.1734,3,0,,,,0
,,,279.77,98226.9,0.876,26.12,8.15,90.73,202.0,157.77,25.69,0.9035,9,1,,,,1
,,,25.76,101113.0,0.286,36.83,3.23,62.81,20.0,12.32,35.85,0.2761,4,0,,,,0
,,,126.68,100379.4,0.6959,29.39,3.14,84.34,71.97,61.04,29.38,0.6927,6,1,,,,1
,,,269.84,99355.3,0.8784,20.0,8.75,86.28,204.56,165.86,18.87,0.8843,7,1,,,,1
,,,26.04,100580.8,0.3411,24.85,3.66,61.35,16.17,14.07,23.33,0.3347,10,0,,,,0
,,,8.2,102333.0,0.1693,28.81,1.44,31.56,5.4,4.28,30.62,0.1768,1,0,,,,0
109.1929732,26.24925128,68.0,0.00087014,100479.9933,0.087804859,24.44730238,1.449102062,60.99216857,0.001535797,0.015805001,23.89328503,0.088148834,11,0,-185.8654783,-0.179359116,0.0,1
,,,169.98,99680.3,0.7208,20.53,5.07,86.63,141.54,82.91,21.04,0.7045,7,1,,,,1
,,,17.25,101329.3,0.2157,26.97,2.53,46.7,14.99,12.31,26.51,0.2329,1,0,,,,0
,,,14.35,101602.5,0.2145,35.43,1.57,55.74,9.99,8.22,34.83,0.2156,6,1,,,,0
,,,101.94,100421.8,0.6862,27.83,4.39,77.86,82.03,54.44,29.41,0.6637,2,0,,,,1
,,,191.73,99539.7,0.7782,23.5,5.86,88.51,113.24,95.06,24.92,0.7519,7,1,,,,1
,,,305.94,98723.8,0.9224,23.55,7.12,92.62,242.09,180.0,21.75,0.8995,9,1,,,,1
,,,274.09,98941.1,0.8734,31.68,9.45,93.72,181.66,111.22,30.92,0.8702,1,0,,,,1
,,,224.99,99263.6,0.7739,32.47,5.16,91.65,191.11,121.79,33.16,0.7751,6,1,,,,1
,,,163.89,99431.3,0.6905,26.23,3.97,78.82,93.31,63.1,26.51,0.6796,6,1,,,,1
,,,263.73,98393.2,0.7747,29.27,7.43,90.31,193.47,110.88,29.98,0.7954,9,1,,,,1
109.1929732,26.24925128,68.0,0.000724232,99354.4265,0.086751399,24.68847592,3.820241094,34.9550286,0.001653847,0.000974785,22.90777377,0.08721351,2,0,-209.5601786,-0.282606052,2.0,0
,,,266.55,99303.6,0.8511,21.57,5.47,90.44,147.69,101.92,20.14,0.8655,6,1,,,,1
,,,5.59,102293.4,0.1176,20.32,1.56,26.29,4.02,2.04,21.29,0.1346,1,0,,,,0
,,,20.62,100653.2,0.2722,37.8,2.95,62.25,16.94,12.04,39.28,0.2833,6,1,,,,0
,,,5.21,101803.0,0.12,33.99,0.84,29.94,2.94,2.11,32.74,0.1112,12,0,,,,0
109.1929732,26.24925128,68.0,0.0,100601.3541,0.091165981,15.0348888,2.401746183,50.39286438,0.002425913,0.001581545,14.66184217,0.091427532,1,0,374.5769742,0.98817958,10.0,0
109.1929732,26.24925128,68.0,9.61e-05,100027.4949,0.086785205,26.89452808,1.922577041,43.78222097,3.2e-05,4.42e-05,26.47867093,0.08689797,10,0,-194.6328289,-0.280109578,2.0,0
,,,293.74,98227.4,0.8619,20.0,10.1,97.15,166.56,135.89,19.79,0.8491,7,1,,,,1
,,,16.03,102065.9,0.2329,30.21,1.81,48.21,12.93,11.05,31.18,0.2376,10,0,,,,0
,,,26.87,100900.3,0.3144,36.97,3.65,62.37,13.86,8.04,35.18,0.3159,2,0,,,,0
,,,222.05,99144.3,0.7562,32.94,3.0,87.79,123.88,77.35,32.15,0.7802,9,1,,,,1
,,,301.79,98833.2,0.8896,20.52,7.9,100.0,250.0,161.35,19.71,0.9062,11,0,,,,1
109.1929732,26.24925128,68.0,0.000333853,99582.59374,0.082855647,34.844332,2.383228007,27.9960231,0.000550194,0.000343364,34.40648987,0.082987155,5,0,-202.0823856,-0.171887709,0.0,1
109.1929732,26.24925128,68.0,0.0,100473.7874,0.085703808,18.84295262,2.36862691,51.73213005,6.54e-06,4.33e-06,19.46459287,0.085803894,12,0,-69.6005198,-0.991480657,12.0,0
109.1929732,26.24925128,68.0,0.001419694,99404.69327,0.098065781,28.86948804,2.522038656,58.08658696,0.002147044,0.001534464,28.71789873,0.098581205,9,1,456.4011553,1.908124036,4.0,0
,,,288.32,98539.0,0.8168,21.58,7.4,94.1,199.46,143.5,21.28,0.8254,9,1,,,,1
,,,27.82,101264.0,0.3312,19.79,0.75,57.46,20.0,15.0,18.33,0.3454,1,0,,,,0
109.1929732,26.24925128,68.0,0.001812698,99693.18379,0.084440764,31.69062934,2.635386981,30.41385809,0.006546894,0.003294777,30.48746878,0.08448371,3,0,-152.6846859,-0.131033646,0.0,1
109.1929732,26.24925128,68.0,0.0,99832.67629,0.086200953,29.42152842,0.280191458,44.77198695,2.46e-05,0.001441314,29.89663933,0.086332995,10,0,-155.8211644,-0.367279208,6.0,0
,,,287.6,98588.6,0.8633,21.46,9.61,94.64,171.79,109.13,20.28,0.8893,12,0,,,,1
,,,251.13,99287.7,0.8551,20.71,8.55,89.45,204.88,157.45,21.9,0.8505,7,1,,,,1
,,,20.62,101251.0,0.2186,26.65,2.26,54.94,18.2,10.86,28.5,0.2236,10,0,,,,0
,,,9.4,101730.5,0.1098,21.41,0.65,38.19,7.38,5.65,22.21,0.1064,1,0,,,,0
,,,12.6,101321.3,0.1843,24.29,1.15,37.91,10.15,5.81,22.33,0.1824,1,0,,,,0
109.1929732,26.24925128,68.0,0.01618218,100394.4409,0.086176544,21.66231779,0.840808273,36.91330401,0.005434294,0.004865066,20.77490705,0.086412709,3,0,-112.5320918,-0.331954447,6.0,0
,,,20.92,101949.0,0.2405,29.59,2.71,49.06,17.29,12.33,27.94,0.2351,5,0,,,,0
,,,27.25,100500.0,0.35,36.72,2.02,67.62,19.87,12.63,36.2,0.3431,12,0,,,,0
109.1929732,26.24925128,68.0,6.15e-05,98875.651,0.083346611,34.25765697,1.783672291,40.81092944,2.05e-05,0.00662128,33.97617598,0.083392313,5,0,463.5983166,544.2808993,8.0,0
,,,8.87,101816.4,0.1227,21.9,0.08,27.8,6.75,4.61,20.65,0.1357,7,1,,,,0
,,,2.45,101881.8,0.0988,35.18,0.0,25.54,1.39,0.89,34.77,0.0869,6,1,,,,0
,,,104.33,100492.6,0.6313,20.59,4.73,76.64,73.64,54.46,18.97,0.6023,3,0,,,,1
,,,0.69,102258.7,0.08,26.37,0.15,20.0,0.52,0.39,25.82,0.0644,12,0,,,,0
,,,317.71,98129.2,0.9277,22.29,8.03,93.38,248.6,180.0,21.88,0.9567,9,1,,,,1
,,,238.0,98944.6,0.8256,25.39,6.9,84.93,186.43,111.25,25.3,0.8398,7,1,,,,1
,,,206.06,99224.1,0.7688,26.01,9.07,84.58,123.77,77.7,26.1,0.7811,9,1,,,,1
,,,12.7,101578.6,0.165,25.41,0.0,31.09,8.32,5.02,23.8,0.1816,12,0,,,,0
,,,323.51,98000.0,0.9411,24.86,8.42,100.0,250.0,167.23,25.85,0.9287,7,1,,,,1
109.1929732,26.24925128,68.0,0.0,99821.32121,0.084423526,27.34440208,1.934171376,39.19541711,0.000449387,0.002001179,27.31823268,0.084441266,3,0,-176.0710266,-0.28884436,2.0,0
,,,188.39,99720.7,0.7614,30.42,6.5,88.82,107.41,61.3,30.75,0.7419,11,0,,,,1
,,,19.64,101432.7,0.2445,34.82,2.66,56.48,13.99,7.0,34.35,0.243,1,0,,,,0
,,,16.97,101862.9,0.2217,24.2,0.0,53.78,9.8,7.42,24.89,0.2176,10,0,,,,0
,,,12.41,101621.0,0.2072,37.78,0.05,38.09,9.12,8.0,39.72,0.2173,6,1,,,,0
,,,25.66,100500.0,0.3259,24.33,2.94,63.99,18.5,14.05,22.8,0.3257,1,0,,,,0
,,,11.05,101820.7,0.1844,26.18,0.59,33.21,9.28,5.14,25.77,0.1657,10,0,,,,0
109.1929732,26.24925128,68.0,0.0,100391.9776,0.112493939,16.38484772,1.809475618,45.46632931,7.97e-05,4.28e-05,15.50827816,0.116009396,1,0,-249.4179563,-0.28662487,1.0,0
,,,16.94,102393.9,0.2498,27.23,1.29,49.66,11.19,9.54,25.3,0.2322,1,0,,,,0
109.1929732,26.24925128,68.0,0.000215701,99018.92402,0.085056952,31.49312105,2.520278276,57.12297223,0.001409944,0.001133091,31.31463185,0.085096621,9,1,289.6949178,45.0235506,9.0,0
,,,348.55,98656.7,0.95,23.28,11.22,100.0,231.17,154.08,24.59,0.9457,1,0,,,,1
,,,110.18,100490.9,0.6345,20.73,3.0,77.21,93.51,67.52,20.08,0.6397,7,1,,,,1
,,,177.32,99165.7,0.7491,26.21,3.63,85.99,144.07,80.1,27.09,0.7752,5,0,,,,1
,,,153.6,100093.5,0.7141,21.5,7.15,83.94,118.14,91.95,22.31,0.6899,1,0,,,,1
,,,26.69,100500.0,0.35,30.22,1.61,70.0,20.0,12.03,29.89,0.3399,10,0,,,,0
109.1929732,26.24925128,68.0,0.000128408,100723.4567,0.086350854,15.48944516,1.088150294,57.12748652,0.000128487,6.15e-05,15.43917207,0.086336765,12,0,0.0,0.0,3.0,0
,,,268.17,99480.3,0.8502,20.0,5.72,94.64,171.58,113.13,19.99,0.8663,7,1,,,,1
,,,8.52,101617.4,0.1531,18.08,0.51,24.91,5.49,4.07,16.59,0.1605,11,0,,,,0
,,,26.14,100837.7,0.3257,35.48,3.9,53.9,20.0,15.0,34.9,0.3415,11,0,,,,0
,,,172.45,99382.2,0.688,23.55,5.73,83.42,126.57,85.81,23.52,0.679,8,1,,,,1
109.1929732,26.24925128,68.0,0.00551876,98371.62837,0.309976233,30.8066336,1.535834724,73.80268034,0.031045665,0.21925942,30.35979704,0.339858953,7,1,-95.54561737,-0.105145792,0.0,1
,,,0.74,102608.9,0.1093,20.85,0.0,20.0,0.66,0.33,19.13,0.122,7,1,,,,0
,,,17.46,102030.8,0.2398,31.26,1.97,51.79,13.18,7.2,31.47,0.2396,5,0,,,,0
109.1929732,26.24925128,68.0,0.003747129,99377.81174,0.08551317,30.24012599,1.638439809,25.84799726,0.005319473,0.003139173,30.58123585,0.085171804,4,0,-213.2987098,-0.156770686,0.0,1
,,,268.42,98912.3,0.8228,28.36,6.34,95.53,162.15,110.18,29.79,0.7987,2,0,,,,1
,,,7.27,102767.0,0.0985,19.85,0.76,31.38,6.24,3.19,18.32,0.0897,12,0,,,,0
,,,19.27,100975.7,0.2365,22.8,1.87,54.88,9.79,8.06,21.42,0.2415,2,0,,,,0
,,,7.54,101876.4,0.1205,30.34,0.38,29.77,6.5,5.37,30.9,0.1186,7,1,,,,0
,,,344.69,98337.4,0.95,20.0,7.08,100.0,223.73,130.08,19.03,0.9628,7,1,,,,1
109.1929732,26.24925128,68.0,0.007271006,99210.10191,0.095061774,32.92508635,0.771983587,51.34681173,0.006631403,0.049059775,32.24540332,0.100917147,6,1,-138.3708514,-0.133941613,0.0,1
,,,330.62,98213.9,0.9063,28.1,6.82,95.67,217.36,157.9,29.77,0.9071,8,1,,,,1
,,,198.63,99486.7,0.7673,30.97,3.75,82.92,145.47,122.29,30.39,0.7637,5,0,,,,1
,,,298.38,98298.9,0.9212,25.08,7.46,93.48,250.0,180.0,24.15,0.9105,7,1,,,,1
,,,303.01,98250.9,0.9319,21.0,8.97,90.74,214.57,175.56,22.12,0.9327,8,1,,,,1
,,,15.65,101262.9,0.2441,28.99,1.65,50.56,11.36,6.18,30.17,0.2596,10,0,,,,0
109.1929732,26.24925128,68.0,0.015181037,99817.91462,0.087393833,29.16957956,0.502785604,45.46781035,0.02598697,0.01136039,29.49300533,0.087281161,10,0,306.137311,0.985383264,13.0,0
,,,26.3,100500.0,0.3047,32.26,2.98,64.21,18.38,9.44,31.49,0.3011,12,0,,,,0
,,,24.59,101251.7,0.3355,37.13,3.55,54.4,17.03,12.98,38.76,0.3185,6,1,,,,0
,,,19.29,101073.0,0.2312,28.01,0.25,53.62,12.67,8.71,26.81,0.2489,9,1,,,,0
,,,198.91,99262.0,0.7207,22.07,6.72,83.51,154.72,115.99,23.06,0.7131,7,1,,,,1
,,,132.85,99832.1,0.6849,28.27,3.0,82.38,85.38,54.84,29.07,0.6798,9,1,,,,1
109.1929732,26.24925128,68.0,0.004059284,98756.81732,0.081501925,35.32106303,3.118401936,29.09895249,0.001771728,0.000895622,34.86047102,0.081653895,6,1,-141.7400046,-0.497669163,6.0,0
,,,27.35,100755.6,0.35,32.08,0.65,60.26,20.0,15.0,33.92,0.3593,10,0,,,,0
109.1929732,26.24925128,68.0,0.0,100268.1355,0.086718176,19.94068609,1.863740935,25.76192591,0.000146188,0.000175262,20.59398968,0.086978618,2,0,-209.3121033,-0.22597278,1.0,0
,,,209.9,99592.5,0.7698,29.53,5.48,88.96,177.01,136.13,29.96,0.7708,10,0,,,,1
,,,10.46,102102.5,0.1495,37.55,0.64,38.26,8.69,6.51,37.69,0.1558,12,0,,,,0
,,,6.31,101851.8,0.1507,22.45,0.59,23.69,3.51,2.7,20.59,0.1443,12,0,,,,0
109.1929732,26.24925128,68.0,0.000214583,98879.86672,0.082138137,35.24190198,3.949703253,26.55692806,9.91e-05,9.02e-05,36.03685342,0.082264803,5,0,-192.7145573,-0.687319743,4.0,0
109.1929732,26.24925128,68.0,0.0,100396.994,0.086972094,12.81455681,0.784069173,42.9222503,8.96e-05,0.000152402,12.3809415,0.086926162,1,0,-133.8295902,-0.496217278,7.0,0
,,,5.02,102153.6,0.1182,29.67,0.62,21.55,3.83,3.44,28.53,0.1365,11,0,,,,0
,,,208.03,99486.2,0.8177,31.25,3.47,86.79,157.03,93.38,33.1,0.8431,1,0,,,,1
,,,257.77,99243.0,0.8358,29.58,5.43,84.3,178.12,125.58,29.71,0.8364,3,0,,,,1
,,,9.61,100893.5,0.168,18.75,1.39,36.06,7.17,5.84,17.5,0.1726,5,0,,,,0
,,,16.42,101878.3,0.2187,32.1,1.47,54.01,13.87,8.82,30.77,0.2135,2,0,,,,0
,,,15.26,101349.4,0.2637,23.48,3.31,43.15,11.91,8.4,24.16,0.2616,7,1,,,,0
109.1929732,26.24925128,68.0,0.005935256,98943.76374,0.252058273,30.82951312,3.209404238,71.82947832,0.007569615,0.384160749,30.39475921,0.280456077,8,1,-134.2640189,-0.259875301,3.0,0
,,,0.24,102139.5,0.08,25.95,0.0,25.78,0.17,0.11,26.81,0.0716,8,1,,,,0
,,,0.63,102356.0,0.1035,22.54,1.22,20.0,0.5,0.3,22.28,0.1158,3,0,,,,0
,,,302.8,98685.4,0.9032,23.42,10.48,99.87,230.99,180.0,24.69,0.8889,1,0,,,,1
,,,259.9,98841.0,0.859,25.15,8.44,89.39,175.06,106.74,26.51,0.8542,9,1,,,,1
,,,1.41,102464.7,0.114,30.56,0.78,24.57,1.22,0.99,29.39,0.1063,8,1,,,,0
,,,198.23,99153.3,0.7399,21.74,3.05,89.67,153.25,130.25,20.39,0.7642,6,1,,,,1
,,,256.08,99171.6,0.839,28.62,4.43,91.8,197.61,125.65,27.32,0.8525,10,0,,,,1
109.1929732,26.24925128,68.0,0.002021776,98863.25122,0.084939493,33.60495498,2.213775739,45.47243669,0.001558769,0.001132043,33.61561584,0.084983268,9,1,-197.7858428,-0.383475872,3.0,0
,,,13.02,101696.2,0.1799,28.34,0.37,42.36,8.69,6.38,26.82,0.1769,2,0,,,,0
109.1929732,26.24925128,68.0,0.000124398,98983.64918,0.086283273,33.74449102,2.021469885,16.32530388,0.00019718,0.000411504,32.38221986,0.088230549,4,0,-135.1734039,-0.986715238,7.0,0
,,,14.45,102018.2,0.2142,19.9,0.31,45.67,8.53,4.86,18.04,0.2075,5,0,,,,0
,,,28.68,100500.0,0.3441,32.58,1.9,70.0,20.0,10.92,31.04,0.3242,11,0,,,,0
,,,270.56,98573.5,0.8992,21.05,5.33,93.96,174.48,114.83,22.84,0.9249,8,1,,,,1
,,,129.89,100334.2,0.6582,24.49,3.87,78.93,101.68,74.11,23.61,0.6521,8,1,,,,1
,,,93.19,100424.7,0.6334,32.64,3.0,75.0,57.07,40.08,34.37,0.6196,7,1,,,,1
,,,337.98,98076.6,0.9173,20.0,7.07,100.0,216.89,178.15,20.65,0.9105,9,1,,,,1
,,,6.8,101898.8,0.1573,36.44,0.55,27.46,5.95,3.66,38.2,0.168,3,0,,,,0
109.1929732,26.24925128,68.0,0.000449981,100790.8619,0.087459836,16.31356994,1.706833481,56.60477277,0.000239564,0.00010267,15.38152427,0.087544984,1,0,-168.3848005,-0.195438371,1.0,0
,,,207.36,99172.8,0.7601,20.52,4.67,83.68,173.62,132.79,18.54,0.7741,2,0,,,,1
,,,167.85,99806.2,0.7428,31.37,5.6,80.07,124.66,88.56,30.98,0.7617,5,0,,,,1
,,,174.84,99832.5,0.7544,30.17,3.0,85.94,114.1,84.78,31.86,0.7581,6,1,,,,1
,,,23.39,101641.0,0.3141,31.57,1.12,56.28,12.77,7.77,31.15,0.3105,2,0,,,,0
,,,6.89,102218.1,0.1654,19.51,1.26,27.62,5.85,2.99,20.98,0.1494,6,1,,,,0
,,,27.18,100967.7,0.3204,26.55,3.82,62.95,20.0,11.01,27.66,0.3208,3,0,,,,0
,,,17.97,101633.3,0.2317,20.95,1.13,49.38,15.46,8.82,19.01,0.214,9,1,,,,0
109.1929732,26.24925128,68.0,6.71e-06,100460.2793,0.085447274,21.57599697,2.08245793,55.00973464,4.47e-06,0.000775146,21.62505002,0.085451869,11,0,128.8198957,1.63667542,8.0,0
,,,27.98,100500.0,0.3127,37.81,4.69,65.22,17.06,9.36,38.05,0.3233,5,0,,,,0
