precipitation,pressure,soil_moisture,temperature,wind_speed,humidity,precip_3day_avg,precip_7day_avg,temp_3day_avg,soil_3day_avg,month,is_monsoon,flood_event
12.64,101570.4,0.1814,19.32,2.18,40.72,10.26,5.66,20.36,0.165,5,0,0
0.18,102703.1,0.0821,32.06,0.0,20.0,0.1,0.08,32.53,0.0997,4,0,0
259.7,98843.0,0.8918,24.4,6.97,89.4,204.0,115.61,22.87,0.8947,9,1,1
0.2,102418.4,0.0932,28.7,0.0,20.8,0.15,0.08,28.29,0.0981,8,1,0
16.14,101281.5,0.2219,28.12,1.44,48.97,11.84,8.29,28.93,0.2199,10,0,0
22.65,100500.0,0.2963,29.01,2.98,57.14,17.67,14.54,28.97,0.2959,11,0,0
213.48,99078.1,0.7543,33.81,7.34,88.03,159.72,89.29,31.96,0.762,9,1,1
113.91,100500.0,0.6962,23.64,3.75,75.17,67.2,49.62,23.72,0.6861,10,0,1
194.01,99166.1,0.7639,29.09,5.55,82.69,133.14,110.85,28.52,0.7593,12,0,1
120.79,99644.0,0.6093,30.69,4.92,76.58,90.24,71.29,30.72,0.6312,7,1,1
265.87,99128.9,0.8294,31.2,7.28,88.71,185.82,124.27,31.08,0.8239,6,1,1
116.28,100011.1,0.6,34.34,3.32,75.0,86.46,63.89,34.71,0.6058,9,1,1
200.19,99498.7,0.7281,20.51,4.24,85.6,124.08,102.68,19.79,0.7401,7,1,1
6.21,102335.3,0.1626,29.93,0.65,30.41,3.87,3.39,28.16,0.1609,8,1,0
9.77,101413.8,0.1561,31.67,1.25,35.76,5.56,3.27,31.89,0.1377,2,0,0
22.53,101025.1,0.2915,26.0,0.81,57.93,17.66,11.93,26.43,0.3055,2,0,0
343.89,98052.0,0.9297,20.0,9.03,100.0,234.73,139.38,20.01,0.9521,9,1,1
26.24,101262.3,0.2835,23.73,1.02,57.92,20.0,15.0,25.67,0.2954,7,1,0
11.07,101012.1,0.2317,20.36,1.8,41.29,7.64,5.47,20.81,0.2381,11,0,0
340.35,98097.8,0.9055,30.84,7.05,98.23,210.67,178.2,30.76,0.8763,4,0,1
23.29,100514.3,0.2813,24.96,2.53,50.69,14.07,11.73,24.71,0.2985,8,1,0
17.93,101953.4,0.2411,35.42,3.06,51.8,10.71,8.97,36.01,0.2334,4,0,0
21.07,101003.4,0.2748,31.41,0.58,53.49,18.38,10.66,33.21,0.2598,4,0,0
22.96,100683.6,0.2707,36.46,2.38,65.63,15.15,8.76,35.04,0.2568,2,0,0
243.35,98770.8,0.7737,23.5,7.81,91.21,160.21,116.64,24.18,0.7501,8,1,1
13.52,101474.1,0.1923,24.19,0.42,44.87,10.37,5.58,23.58,0.206,3,0,0
10.71,100748.3,0.1689,18.21,1.75,36.64,6.19,3.74,18.59,0.1671,10,0,0
337.01,98030.9,0.95,22.71,8.5,97.69,209.06,161.95,23.12,0.9458,5,0,1
17.18,100885.3,0.2017,37.23,1.9,51.75,12.79,6.52,38.8,0.2004,5,0,0
4.92,101591.5,0.0891,35.28,0.79,26.16,2.67,1.51,33.92,0.1028,3,0,0
14.93,101678.1,0.1814,29.26,2.58,49.0,11.57,7.04,29.09,0.1915,2,0,0
4.23,101715.6,0.1477,20.25,0.0,27.27,3.41,1.75,18.75,0.163,12,0,0
237.91,98966.5,0.8142,25.77,6.16,87.69,151.64,109.25,23.81,0.7939,9,1,1
14.33,101395.6,0.2,37.74,0.85,42.54,12.76,9.75,39.21,0.1851,10,0,0
167.87,99505.8,0.7148,20.88,4.61,83.88,105.2,65.17,20.46,0.7359,6,1,1
26.07,100500.0,0.3275,23.83,2.32,62.42,18.12,12.09,22.07,0.3243,12,0,0
17.73,101270.5,0.2937,28.99,2.22,47.53,11.75,8.2,30.17,0.2892,8,1,0
280.4,98858.7,0.8626,31.31,8.19,91.89,226.67,173.33,32.97,0.8452,6,1,1
18.39,101288.7,0.2459,26.24,1.12,53.24,14.84,12.06,25.15,0.2506,5,0,0
113.23,100223.0,0.6152,21.11,3.49,76.24,95.54,77.41,23.04,0.6419,9,1,1
16.04,101854.0,0.2159,36.27,2.65,51.73,12.22,6.25,35.26,0.2354,7,1,0
234.13,99124.6,0.798,29.37,8.06,89.48,184.22,128.58,28.6,0.7837,1,0,1
29.93,100500.0,0.3255,34.44,5.0,63.95,17.57,9.81,35.12,0.3445,12,0,0
21.81,101275.2,0.2725,31.41,0.87,57.93,19.29,12.25,32.07,0.2879,12,0,0
303.43,98613.9,0.8669,30.8,6.58,98.88,177.74,139.31,29.64,0.8702,8,1,1
14.13,101083.5,0.1946,22.15,0.6,43.47,10.56,8.14,22.88,0.2139,4,0,0
118.26,99678.2,0.6646,24.35,5.37,78.33,73.92,57.31,23.73,0.653,9,1,1
246.84,98680.5,0.8157,33.97,8.39,84.54,147.31,115.86,32.68,0.8003,3,0,1
13.12,101933.4,0.2054,30.12,0.57,42.06,9.58,7.74,29.31,0.2011,9,1,0
0.15,102997.2,0.0837,34.2,0.41,20.0,0.1,0.08,35.55,0.0965,11,0,0
265.79,99435.3,0.8699,24.05,5.14,93.97,202.3,115.13,25.65,0.8978,9,1,1
131.99,100317.6,0.7127,34.36,4.19,76.85,97.46,68.94,33.53,0.7291,9,1,1
0.6,102128.4,0.0915,32.59,0.6,20.45,0.42,0.29,33.07,0.0751,9,1,0
18.13,101643.3,0.2127,36.4,1.35,54.18,11.23,9.53,35.92,0.2086,2,0,0
110.44,99816.4,0.6058,20.12,4.52,79.75,65.12,50.86,20.64,0.592,8,1,1
17.61,100500.0,0.2391,36.88,0.69,57.42,14.85,11.24,36.49,0.225,6,1,0
28.15,100500.0,0.35,29.55,3.0,68.12,20.0,14.95,28.61,0.3562,3,0,0
167.75,99782.2,0.6795,22.08,5.71,84.58,96.06,53.7,22.69,0.6703,10,0,1
16.79,101748.3,0.2419,32.29,1.04,49.42,12.81,10.82,32.29,0.2321,6,1,0
6.59,101874.9,0.1118,20.86,0.67,27.28,3.67,2.02,19.53,0.107,10,0,0
299.07,98230.0,0.9376,24.23,9.72,94.78,220.2,139.01,25.86,0.9107,8,1,1
194.9,99294.3,0.7163,20.0,3.11,84.55,116.94,77.19,21.67,0.7435,8,1,1
1.66,102067.3,0.0836,32.92,0.22,24.01,0.89,0.72,31.9,0.0841,5,0,0
22.45,100864.1,0.2929,24.71,2.72,63.29,11.24,7.93,24.47,0.2871,12,0,0
109.62,100190.5,0.6454,20.16,3.76,75.0,90.84,62.32,19.19,0.6218,6,1,1
167.56,99661.1,0.7174,20.62,4.08,81.57,141.95,94.65,20.69,0.7099,8,1,1
139.77,99675.7,0.7069,30.12,6.92,75.0,107.3,63.46,29.27,0.7,10,0,1
302.12,98408.5,0.8747,20.0,8.44,97.88,250.0,180.0,18.13,0.865,11,0,1
14.04,101396.2,0.22,34.45,1.73,41.72,12.18,7.85,35.25,0.2228,9,1,0
4.14,102173.6,0.1363,31.92,0.31,26.74,2.65,2.32,32.74,0.1196,11,0,0
28.28,100500.0,0.3393,33.45,3.79,60.89,14.65,12.48,32.41,0.3196,8,1,0
183.35,99506.3,0.7475,21.89,7.23,84.14,152.91,88.9,21.24,0.7256,9,1,1
349.46,98140.0,0.9455,26.42,11.24,98.96,224.84,159.87,28.25,0.9505,9,1,1
81.79,100314.0,0.6,23.96,3.0,80.43,60.52,48.19,24.59,0.6278,7,1,1
113.96,100193.8,0.6339,20.24,4.4,84.14,67.21,47.0,21.63,0.6524,1,0,1
338.92,98000.0,0.9157,22.88,5.93,96.97,201.74,131.42,24.05,0.9275,6,1,1
171.84,98955.4,0.6847,31.08,3.75,86.45,109.94,84.64,31.86,0.6986,2,0,1
346.52,98534.8,0.95,34.67,9.51,97.52,242.6,180.0,34.03,0.925,6,1,1
3.25,102032.4,0.1238,24.44,0.0,28.67,2.09,1.13,24.15,0.1161,1,0,0
332.71,98060.0,0.9047,22.95,7.36,100.0,234.22,143.65,21.4,0.933,8,1,1
146.85,99329.8,0.6983,20.0,5.29,84.66,85.93,70.57,19.49,0.6825,6,1,1
186.94,98977.6,0.7068,28.64,6.38,84.17,110.48,91.19,28.07,0.6874,3,0,1
87.51,100179.7,0.6127,32.51,3.0,77.74,65.85,40.38,32.25,0.6112,7,1,1
220.2,99521.3,0.7347,22.67,5.49,85.48,139.99,95.13,22.52,0.7222,3,0,1
8.1,101926.0,0.1645,24.54,0.0,29.23,4.19,3.51,22.84,0.1571,6,1,0
154.64,99825.2,0.6495,31.11,4.51,79.62,96.27,77.85,31.3,0.6786,7,1,1
335.0,98627.5,0.9248,23.81,9.57,100.0,242.86,137.89,25.28,0.9309,9,1,1
2.91,101850.3,0.1122,28.92,0.43,24.54,1.69,1.39,29.93,0.094,10,0,0
293.34,98558.0,0.897,34.23,10.02,94.91,179.38,120.92,33.45,0.9004,8,1,1
170.3,99395.3,0.7151,25.75,4.95,87.55,118.17,79.94,26.72,0.6871,6,1,1
294.21,98417.0,0.8774,24.94,9.8,97.28,224.52,174.85,25.69,0.8913,12,0,1
166.12,99374.5,0.7105,26.28,3.15,84.17,117.67,95.39,25.6,0.7041,7,1,1
19.8,101513.5,0.2729,30.97,2.28,53.83,13.48,11.12,31.22,0.2759,4,0,0
219.75,99720.6,0.8054,28.11,4.57,88.49,174.56,127.71,27.46,0.7766,12,0,1
221.55,98920.7,0.8164,30.51,6.34,86.59,183.23,152.53,30.13,0.8294,7,1,1
261.7,98923.6,0.7705,21.14,7.1,90.57,150.57,127.52,21.01,0.7656,9,1,1
20.69,100877.9,0.2515,22.68,2.05,55.39,18.27,12.72,21.2,0.2546,1,0,0
331.89,98205.7,0.9146,20.88,11.45,99.17,210.53,153.39,21.45,0.9007,7,1,1
23.5,100756.4,0.2787,24.54,1.54,59.42,16.77,12.35,26.26,0.2591,9,1,0
2.87,101969.5,0.0848,25.18,0.61,23.31,2.5,1.44,26.64,0.0893,7,1,0
4.0,101507.6,0.1251,33.98,1.07,28.68,3.08,1.55,35.76,0.1109,11,0,0
14.91,101069.5,0.1945,29.25,1.13,48.9,7.9,5.81,29.01,0.1747,1,0,0
29.85,100500.0,0.3409,36.61,2.18,69.51,20.0,15.0,37.8,0.3452,5,0,0
28.55,100551.9,0.35,20.56,2.69,68.63,20.0,13.41,22.11,0.3612,8,1,0
103.08,100437.0,0.6541,34.35,3.0,76.91,80.27,54.65,35.96,0.6665,6,1,1
297.79,98157.4,0.8891,28.06,10.71,99.12,246.97,171.23,28.29,0.8723,10,0,1
208.02,98767.0,0.7564,28.23,4.72,92.39,129.16,86.32,26.77,0.7704,9,1,1
3.21,102280.8,0.134,29.18,0.57,20.0,2.23,1.32,30.64,0.1397,8,1,0
19.13,100630.0,0.2149,18.17,1.36,48.99,16.58,13.99,16.33,0.2066,9,1,0
84.45,99870.1,0.6331,24.63,3.93,77.45,55.24,45.01,24.99,0.6369,6,1,1
211.64,99112.1,0.7646,22.35,6.62,83.62,159.59,90.05,21.88,0.7814,6,1,1
5.1,102192.7,0.1111,24.15,0.48,28.27,4.28,3.2,25.43,0.0933,7,1,0
12.25,101624.0,0.184,21.84,0.64,46.15,10.8,6.16,21.22,0.1651,2,0,0
133.68,99896.6,0.6805,24.39,3.98,79.28,86.02,70.82,24.83,0.6519,7,1,1
110.18,100490.9,0.6345,20.73,3.0,77.21,93.51,67.52,20.08,0.6397,7,1,1
109.03,100389.4,0.6871,32.47,3.0,75.0,84.76,49.85,33.9,0.6944,2,0,1
309.85,99001.6,0.8841,27.17,11.57,100.0,234.01,140.29,27.36,0.8872,7,1,1
200.65,99673.6,0.7658,23.59,5.6,82.95,131.76,85.85,24.59,0.7404,8,1,1
317.29,98092.9,0.909,31.05,7.41,96.03,250.0,180.0,29.82,0.8996,8,1,1
208.8,99142.0,0.7203,28.98,3.99,84.43,122.6,69.03,28.28,0.7128,7,1,1
23.45,100570.5,0.3076,28.62,1.36,55.68,19.59,15.0,29.52,0.2956,4,0,0
292.1,98812.0,0.9263,20.0,6.51,93.06,213.18,123.94,20.84,0.9228,8,1,1
22.76,101087.5,0.2934,29.69,2.13,44.75,14.17,8.66,29.19,0.292,11,0,0
26.37,101215.6,0.3366,30.83,1.28,62.8,15.31,10.36,29.27,0.335,9,1,0
14.51,101774.9,0.1802,19.19,0.72,46.65,8.25,7.14,20.11,0.1806,2,0,0
253.83,98452.4,0.7866,27.64,8.18,90.85,158.88,115.24,29.06,0.8051,8,1,1
230.71,98551.3,0.7627,22.59,4.72,89.69,175.58,98.44,21.67,0.7613,9,1,1
15.86,101645.6,0.2352,27.27,2.07,51.06,13.85,9.18,29.12,0.2395,3,0,0
11.79,101420.7,0.1769,20.73,1.02,34.05,6.21,3.77,22.27,0.1868,1,0,0
233.32,99019.1,0.7982,32.87,7.2,91.5,160.98,136.41,31.9,0.7701,7,1,1
161.16,99679.2,0.6834,32.6,5.31,86.79,110.97,64.09,31.42,0.7041,6,1,1
191.73,99539.7,0.7782,23.5,5.86,88.51,113.24,95.06,24.92,0.7519,7,1,1
20.86,101394.5,0.3066,24.49,0.88,64.73,13.6,7.34,25.81,0.3035,4,0,0
5.91,101753.2,0.1289,30.18,0.39,20.0,3.07,2.16,28.83,0.1157,8,1,0
20.49,101366.3,0.2613,35.87,1.62,49.36,12.08,6.62,34.16,0.2617,9,1,0
18.91,101217.5,0.2662,19.59,2.06,50.54,16.04,12.55,21.21,0.26,12,0,0
317.71,98129.2,0.9277,22.29,8.03,93.38,248.6,180.0,21.88,0.9567,9,1,1
253.05,98427.9,0.8127,24.69,7.27,88.88,169.8,107.81,26.64,0.7931,9,1,1
171.93,100076.5,0.7004,30.19,4.66,84.06,94.97,61.96,31.51,0.7201,9,1,1
20.64,101334.9,0.2708,18.24,0.91,55.24,13.33,7.92,16.29,0.2619,8,1,0
27.17,100760.4,0.3126,36.75,4.66,64.87,20.0,15.0,37.65,0.322,8,1,0
157.67,99473.1,0.683,31.33,5.03,78.81,111.9,70.44,30.6,0.7105,7,1,1
27.34,100500.0,0.3038,31.86,2.89,62.62,20.0,11.99,33.61,0.3067,3,0,0
18.06,101369.6,0.236,27.1,0.0,55.18,12.54,6.68,25.25,0.2411,11,0,0
334.9,98003.7,0.9021,22.46,5.97,99.78,190.46,161.45,22.82,0.8832,8,1,1
26.98,100720.6,0.3251,21.43,3.61,69.62,20.0,13.46,21.2,0.3385,1,0,0
202.14,99225.4,0.7569,30.76,6.96,81.84,137.93,109.32,30.9,0.7456,6,1,1
15.78,100833.9,0.2199,31.66,1.28,36.01,9.72,5.72,32.49,0.2339,1,0,0
25.13,101201.4,0.3179,26.78,1.07,64.93,20.0,12.73,26.18,0.3124,11,0,0
11.92,101369.3,0.2146,18.45,0.6,42.35,7.57,6.44,19.78,0.2111,3,0,0
6.96,103000.0,0.1323,26.05,1.27,36.57,6.19,5.0,27.77,0.1447,12,0,0
2.04,102030.8,0.0926,23.36,1.02,23.19,1.15,0.8,21.5,0.1002,11,0,0
94.01,99990.6,0.6118,32.33,3.0,75.92,66.4,40.03,33.79,0.6281,8,1,1
224.0,98884.9,0.8229,33.92,4.86,92.98,137.92,102.81,33.01,0.8507,9,1,1
24.38,101177.9,0.2866,36.77,0.97,61.41,17.33,10.17,37.62,0.2749,1,0,0
84.64,100466.6,0.6643,32.47,3.31,75.39,59.57,45.77,34.19,0.6931,3,0,1
124.82,99928.8,0.6303,20.0,4.82,85.71,81.61,47.2,21.28,0.6499,10,0,1
17.24,101105.1,0.2191,35.28,1.64,49.97,11.37,8.04,36.85,0.2118,6,1,0
246.32,99174.6,0.7708,31.44,6.96,89.41,200.51,140.79,29.98,0.7624,8,1,1
224.79,99034.5,0.7951,32.67,7.18,87.33,161.98,99.89,30.99,0.7712,6,1,1
159.58,99831.0,0.6994,29.89,3.0,85.42,130.39,74.78,29.13,0.6823,7,1,1
164.17,99556.2,0.693,22.87,4.47,81.59,95.42,80.5,22.66,0.6763,4,0,1
1.92,102538.2,0.0932,34.72,0.0,22.49,1.19,1.02,35.46,0.0802,10,0,0
28.77,100520.8,0.3297,28.37,4.16,70.0,14.68,12.76,26.45,0.3351,7,1,0
303.01,98250.9,0.9319,21.0,8.97,90.74,214.57,175.56,22.12,0.9327,8,1,1
287.33,98578.2,0.8994,23.97,8.16,98.73,193.61,138.1,22.02,0.9145,7,1,1
339.71,98000.0,0.903,28.78,9.12,100.0,250.0,177.47,28.23,0.9103,12,0,1
115.85,100041.8,0.6289,30.74,3.12,79.48,80.01,47.41,32.37,0.6021,8,1,1
168.29,99661.4,0.7356,22.39,3.7,82.38,92.81,74.95,22.87,0.7298,9,1,1
217.23,98966.3,0.8141,28.91,5.8,89.64,170.99,141.16,27.39,0.8004,8,1,1
259.71,99198.2,0.8525,32.61,8.3,89.09,214.48,125.56,30.99,0.8475,6,1,1
319.23,98472.7,0.9373,20.0,11.03,100.0,222.85,169.46,20.4,0.9464,7,1,1
243.44,99303.1,0.8709,22.46,8.77,87.11,162.52,126.83,20.51,0.8812,7,1,1
227.08,99200.6,0.7852,28.07,3.63,91.73,181.92,107.53,28.2,0.7941,5,0,1
175.33,99169.5,0.7557,32.97,4.9,85.19,120.81,74.42,34.72,0.7659,6,1,1
26.05,100500.0,0.3327,21.4,1.58,58.28,13.04,9.56,21.29,0.3272,3,0,0
12.89,100943.3,0.2043,37.43,0.0,50.18,10.16,8.55,35.68,0.1981,5,0,0
167.69,100159.8,0.716,20.0,4.94,83.22,117.63,93.9,20.08,0.694,7,1,1
202.05,99400.1,0.7593,28.97,7.58,85.6,116.23,97.93,27.77,0.7827,7,1,1
141.01,99798.0,0.7121,33.47,4.4,82.51,84.1,58.45,34.71,0.7337,9,1,1
27.62,100500.0,0.35,31.1,2.78,63.81,19.18,9.63,29.18,0.3331,9,1,0
22.23,100905.7,0.2645,21.4,3.48,57.16,13.58,8.84,23.21,0.2583,9,1,0
83.49,100035.2,0.6,24.73,3.0,76.61,62.71,45.19,26.19,0.5845,9,1,1
316.25,98580.7,0.9227,25.15,9.83,97.99,241.64,172.68,26.28,0.9127,7,1,1
8.79,101325.2,0.1493,37.98,0.29,36.62,6.6,3.64,39.72,0.1516,2,0,0
222.17,98841.3,0.7707,33.68,5.93,86.17,179.54,122.5,32.01,0.7705,11,0,1
8.44,102666.2,0.1611,22.0,0.71,38.3,6.84,5.82,22.28,0.1429,1,0,0
92.08,99964.4,0.6,20.11,3.03,79.62,76.28,55.02,21.63,0.5832,5,0,1
21.7,101385.7,0.2479,30.67,2.32,54.31,15.03,8.79,30.09,0.228,6,1,0
14.58,101504.8,0.2062,21.4,0.8,48.39,12.48,8.97,21.41,0.2118,2,0,0
16.3,101100.1,0.2098,32.46,2.18,45.58,8.56,6.75,30.85,0.1922,3,0,0
17.19,100500.0,0.1939,18.1,2.27,45.98,14.07,9.83,17.8,0.2023,11,0,0
217.31,98996.4,0.7736,21.44,6.49,85.44,136.47,115.93,19.49,0.7562,12,0,1
169.13,100093.6,0.6795,31.35,5.63,81.58,136.54,105.68,31.83,0.654,6,1,1
24.85,101236.4,0.3161,30.02,2.95,60.05,16.82,12.77,31.91,0.3025,9,1,0
2.82,101521.6,0.1088,24.61,0.85,23.11,1.79,1.47,22.64,0.0995,8,1,0
280.96,98544.6,0.8504,23.7,7.7,90.88,197.79,143.98,24.89,0.8535,9,1,1
301.67,98000.0,0.8365,33.55,8.69,96.48,213.57,136.24,35.39,0.8101,9,1,1
22.56,101087.4,0.251,37.88,0.49,55.85,17.1,10.39,37.14,0.2496,5,0,0
29.2,101192.5,0.348,21.81,1.99,64.47,19.25,15.0,22.99,0.3549,11,0,0
14.17,101603.2,0.2199,21.34,1.69,40.95,7.54,5.65,23.04,0.2021,12,0,0
199.73,98950.1,0.7637,27.8,4.53,85.87,147.24,122.12,28.2,0.7832,8,1,1
6.39,102290.8,0.1539,18.42,0.43,35.66,3.61,2.71,18.19,0.1488,9,1,0
183.25,99721.3,0.7772,26.35,6.73,82.51,152.73,113.32,26.87,0.7528,3,0,1
17.23,101449.5,0.2202,37.69,1.69,44.06,14.33,8.7,39.15,0.2326,6,1,0
133.05,99666.0,0.6557,25.59,4.4,83.75,91.77,58.99,25.19,0.6776,8,1,1
274.87,98786.3,0.8621,20.75,8.57,89.69,218.15,130.12,21.35,0.8553,6,1,1
21.32,101245.6,0.2429,24.34,1.19,58.86,14.28,9.89,24.51,0.2461,4,0,0
17.6,100932.6,0.2548,31.27,1.4,45.73,15.56,10.46,32.61,0.2526,3,0,0
19.3,100737.1,0.2275,33.98,1.74,53.42,12.26,9.31,35.89,0.2468,10,0,0
25.7,101071.3,0.3267,19.24,3.89,61.95,15.27,13.68,19.61,0.3446,3,0,0
21.99,101633.0,0.2772,18.98,1.62,53.63,11.79,10.51,19.15,0.2727,3,0,0
25.8,100500.0,0.3113,35.68,3.94,60.69,13.46,9.63,36.12,0.3211,11,0,0
239.32,99142.9,0.8142,24.94,7.23,91.38,132.01,95.81,23.95,0.817,9,1,1
269.71,98781.6,0.8494,27.25,5.11,96.85,202.38,139.45,27.78,0.8593,6,1,1
10.38,101914.0,0.1906,19.73,0.36,38.7,6.04,3.99,21.58,0.1747,6,1,0
262.78,98473.3,0.839,33.55,6.32,92.22,220.07,124.48,35.08,0.8231,10,0,1
143.5,100500.0,0.6883,32.29,3.0,78.51,103.34,87.41,33.84,0.7062,7,1,1
188.99,99590.4,0.7034,31.31,6.51,86.14,127.66,70.95,32.05,0.7027,9,1,1
25.83,100853.7,0.3257,36.56,1.55,65.26,20.0,14.22,37.03,0.3219,11,0,0
280.07,98866.4,0.8218,22.5,8.26,96.9,190.25,153.61,23.12,0.8342,7,1,1
16.97,101862.9,0.2217,24.2,0.0,53.78,9.8,7.42,24.89,0.2176,10,0,0
10.93,101312.0,0.1834,36.0,0.9,43.13,7.14,6.28,37.73,0.1913,6,1,0
19.06,101237.9,0.2318,36.69,2.99,51.58,12.53,9.52,36.77,0.2152,6,1,0
209.14,98906.0,0.7747,33.61,8.11,84.19,176.93,122.93,34.51,0.767,6,1,1
133.75,100063.5,0.6816,27.32,5.49,79.37,88.75,61.54,28.87,0.6606,9,1,1
269.32,98733.5,0.8732,22.41,7.42,89.33,153.68,102.88,20.75,0.8877,12,0,1
136.73,99609.9,0.6489,29.69,3.0,78.83,90.18,56.28,28.26,0.6496,9,1,1
293.35,98523.5,0.8744,23.95,5.52,94.15,175.5,128.94,24.34,0.8858,4,0,1
9.39,101923.1,0.1533,35.16,1.48,38.34,8.15,4.53,35.02,0.1698,5,0,0
18.22,101113.3,0.2615,31.36,2.86,44.49,11.98,9.83,30.99,0.2486,10,0,0
16.9,101397.0,0.2285,29.78,0.8,47.22,9.1,7.54,28.33,0.2465,3,0,0
161.93,99184.0,0.7506,28.34,5.63,77.17,120.39,77.56,28.68,0.7429,6,1,1
302.69,98875.7,0.8643,25.49,4.51,93.0,211.63,165.46,24.12,0.8597,1,0,1
279.92,98490.9,0.8871,22.15,6.69,84.89,162.62,122.56,22.42,0.9057,8,1,1
345.04,98000.0,0.9445,25.01,11.07,100.0,247.24,180.0,25.33,0.9306,12,0,1
13.12,101455.5,0.1878,26.89,2.03,38.9,10.74,7.08,25.43,0.1825,9,1,0
106.24,99806.1,0.636,26.12,3.0,79.78,70.94,45.47,27.82,0.6322,9,1,1
311.26,98681.2,0.8672,21.41,6.57,96.85,211.17,176.84,22.78,0.8417,9,1,1
175.91,99933.8,0.7389,32.05,4.46,80.94,148.63,104.04,31.9,0.7237,7,1,1
254.31,98765.6,0.8024,24.04,7.69,90.28,152.96,107.36,25.51,0.7779,6,1,1
136.45,99918.9,0.6978,33.36,3.51,81.71,95.63,80.18,33.79,0.6961,9,1,1
19.91,101020.9,0.2451,34.74,2.96,57.47,14.12,11.71,34.97,0.2382,6,1,0
113.3,100500.0,0.6478,20.71,3.36,75.71,95.26,71.15,18.98,0.6261,8,1,1
1.37,102552.9,0.0995,25.86,0.0,22.54,0.94,0.74,24.34,0.0875,1,0,0
192.81,99816.1,0.7475,29.2,6.38,85.96,156.25,101.44,28.99,0.7642,2,0,1
138.64,100306.9,0.6835,29.85,4.34,76.94,94.22,57.58,31.52,0.7078,9,1,1
25.86,100955.4,0.3442,36.1,4.4,63.6,20.0,15.0,36.35,0.3258,11,0,0
144.11,99891.4,0.7167,29.25,3.0,80.63,102.02,75.26,29.06,0.6919,7,1,1
6.79,101573.8,0.1186,19.96,0.41,26.89,4.63,3.71,18.84,0.1065,7,1,0
199.23,99249.7,0.6966,27.87,5.36,86.43,126.99,87.82,29.51,0.6833,6,1,1
14.72,101437.0,0.2277,35.8,0.62,48.05,13.1,8.43,37.6,0.2298,12,0,0
263.01,98508.5,0.8656,24.03,8.74,89.82,146.54,112.77,25.89,0.8932,7,1,1
22.85,101085.8,0.2576,22.88,3.46,55.96,14.17,10.01,22.55,0.2686,12,0,0
29.43,101306.1,0.3448,28.01,3.0,70.0,20.0,15.0,28.26,0.3507,3,0,0
1.38,102806.0,0.1208,34.32,0.9,20.0,0.83,0.59,32.99,0.1215,5,0,0
8.86,102337.1,0.1596,22.48,0.61,38.06,5.84,4.88,20.53,0.1774,9,1,0
305.73,98590.2,0.8599,32.29,4.71,97.47,244.52,180.0,33.07,0.8391,9,1,1
26.16,100650.6,0.3383,32.89,0.54,70.0,20.0,15.0,32.45,0.3291,5,0,0
299.02,98000.0,0.8995,27.62,9.44,93.5,241.1,180.0,25.78,0.912,8,1,1
24.0,100997.5,0.3114,22.08,0.84,59.95,20.0,11.16,21.13,0.3271,2,0,0
137.11,99529.6,0.6367,32.09,4.56,80.66,93.3,69.1,30.93,0.6588,7,1,1
14.43,101098.2,0.1841,35.5,1.26,43.93,7.65,6.79,36.2,0.173,11,0,0
2.83,102370.2,0.1042,23.95,0.26,23.77,2.53,1.41,22.75,0.1211,8,1,0
137.92,99507.2,0.6747,26.5,3.58,77.17,80.2,67.18,26.63,0.6946,8,1,1
17.02,101032.2,0.2123,37.18,0.0,51.66,10.48,7.68,36.1,0.197,12,0,0
1.85,102541.5,0.106,30.9,0.0,20.0,1.49,1.24,31.19,0.1147,10,0,0
9.96,101839.7,0.1417,27.29,1.33,37.16,6.81,4.25,28.76,0.1339,2,0,0
281.97,98416.8,0.8649,20.0,8.46,93.57,197.85,130.57,20.22,0.8922,9,1,1
23.25,100814.6,0.2492,19.92,1.56,60.89,13.3,9.33,21.59,0.2337,10,0,0
22.67,101507.2,0.2853,22.55,1.92,58.89,12.9,6.66,24.29,0.2728,3,0,0
88.4,100430.4,0.6,21.48,3.38,79.14,58.49,42.92,22.5,0.5848,9,1,1
219.15,99137.6,0.766,23.44,8.7,88.43,157.56,111.03,23.34,0.7621,8,1,1
317.91,98517.6,0.919,24.66,7.85,98.63,228.0,180.0,22.82,0.9447,11,0,1
0.92,103000.0,0.08,35.33,0.2,20.0,0.68,0.57,33.82,0.065,4,0,0
5.12,101764.8,0.1404,28.26,0.57,28.13,3.82,3.15,26.85,0.1534,6,1,0
14.58,101230.8,0.1386,34.78,0.9,43.72,7.75,6.81,36.49,0.1453,3,0,0
22.74,100925.5,0.307,35.99,0.55,59.42,17.67,13.17,35.73,0.3227,10,0,0
116.76,100007.6,0.6374,23.26,3.54,75.36,72.99,44.91,21.5,0.659,8,1,1
239.62,99007.0,0.8537,27.82,4.59,91.53,165.0,132.64,28.13,0.8603,6,1,1
27.56,100500.0,0.3276,33.78,3.69,64.02,20.0,10.89,32.25,0.3339,11,0,0
8.64,101436.8,0.1611,28.63,0.96,37.24,6.57,3.54,29.16,0.1418,3,0,0
18.73,101086.0,0.2544,36.71,2.85,54.16,11.21,8.97,38.46,0.2444,2,0,0
15.12,101117.7,0.1795,27.87,0.46,47.4,9.6,5.19,27.81,0.1808,3,0,0
3.6,102301.2,0.0958,23.33,0.07,26.25,2.21,1.5,22.94,0.0956,8,1,0
176.43,99851.0,0.7268,27.74,4.19,85.83,149.66,100.92,28.7,0.7339,2,0,1
12.09,101923.8,0.1707,23.91,0.14,35.03,8.63,7.71,22.07,0.1721,12,0,0
274.93,98460.6,0.8574,25.86,8.04,95.33,157.58,103.59,24.92,0.8742,8,1,1
13.19,101580.2,0.1694,33.57,0.11,42.18,7.5,5.09,32.85,0.1719,5,0,0
102.12,100056.7,0.6508,25.02,3.0,75.12,65.68,47.46,25.18,0.6331,6,1,1
193.71,99471.8,0.7832,22.74,4.78,86.35,116.99,88.99,21.99,0.7719,1,0,1
0.59,102875.5,0.0853,35.91,0.74,20.0,0.51,0.3,34.43,0.0748,5,0,0
164.57,99553.8,0.7006,24.87,4.92,80.9,91.42,53.62,26.46,0.7057,12,0,1
271.88,98954.4,0.8528,33.69,7.63,93.45,167.97,131.29,34.07,0.8431,6,1,1
91.81,100500.0,0.6135,20.76,3.55,75.0,51.54,40.0,22.51,0.595,9,1,1
104.46,100173.4,0.6117,25.88,4.35,79.11,86.63,72.79,27.33,0.6116,8,1,1
102.66,100231.3,0.6461,22.12,4.17,81.22,78.69,45.51,23.01,0.6327,8,1,1
17.91,101067.7,0.275,19.92,1.97,49.23,15.54,8.87,19.26,0.2623,6,1,0
125.58,99739.7,0.6952,31.31,3.88,78.33,82.38,51.94,33.27,0.6891,7,1,1
282.06,98377.6,0.8642,28.1,3.88,96.65,182.6,112.49,29.45,0.8669,6,1,1
5.03,101877.9,0.1328,18.45,0.59,22.97,2.81,1.83,20.34,0.1495,2,0,0
319.16,98548.2,0.9171,22.03,7.65,95.81,212.97,166.98,23.5,0.9006,9,1,1
113.38,99693.6,0.6685,31.18,4.92,77.64,91.33,54.67,30.97,0.6554,8,1,1
10.3,102025.3,0.1953,19.15,1.53,37.29,6.93,5.44,20.63,0.2044,11,0,0
146.37,99311.3,0.653,33.34,4.57,81.71,109.52,68.97,31.86,0.6239,6,1,1
29.21,100662.6,0.3289,23.68,3.05,70.0,16.25,12.52,22.29,0.3222,9,1,0
21.82,101350.8,0.266,33.32,2.93,60.15,17.28,10.87,32.05,0.2506,4,0,0
289.41,98751.1,0.8395,20.0,9.78,90.64,172.65,143.37,18.66,0.8632,10,0,1
21.45,101333.5,0.2474,19.03,0.45,58.17,16.6,9.81,17.42,0.2333,3,0,0
22.92,100821.7,0.2974,28.5,3.31,63.99,20.0,15.0,29.74,0.2944,3,0,0
192.4,99419.5,0.7159,20.0,5.6,84.87,145.98,84.65,21.47,0.725,6,1,1
175.76,99707.0,0.696,30.86,5.62,88.07,146.33,103.82,30.24,0.6906,12,0,1
11.84,101347.7,0.1817,32.67,0.54,42.57,10.42,8.37,33.81,0.1947,6,1,0
325.64,98474.3,0.8727,31.34,5.51,93.3,230.62,157.18,31.09,0.892,6,1,1
29.2,100793.7,0.35,25.21,1.77,61.46,20.0,10.75,26.94,0.3473,2,0,0
85.21,100186.1,0.635,33.99,4.08,75.0,54.12,40.0,34.85,0.6512,8,1,1
139.55,99404.2,0.6933,25.94,5.55,78.27,96.46,66.55,26.52,0.6653,7,1,1
103.98,100500.0,0.6195,32.65,3.05,81.36,76.21,57.96,32.09,0.597,11,0,1
293.62,98528.9,0.888,27.39,10.07,93.96,166.61,107.48,27.73,0.8666,8,1,1
16.94,101216.2,0.2236,20.95,3.09,40.83,12.44,9.65,20.68,0.2163,7,1,0
297.5,98337.7,0.8959,30.14,6.21,95.98,246.76,152.39,28.61,0.9081,4,0,1
13.02,101696.2,0.1799,28.34,0.37,42.36,8.69,6.38,26.82,0.1769,2,0,0
12.52,101623.1,0.1932,23.44,1.64,45.85,8.47,7.15,23.48,0.1876,6,1,0
118.74,100240.7,0.6,22.22,4.07,81.86,89.93,68.85,20.97,0.6276,8,1,1
25.44,100558.0,0.3006,30.94,0.94,61.76,20.0,15.0,29.01,0.2934,10,0,0
227.49,99095.6,0.8099,26.13,6.91,89.72,157.83,104.55,27.64,0.8341,7,1,1
7.24,101992.6,0.1449,22.17,1.78,35.27,4.78,3.19,22.3,0.1354,9,1,0
14.17,101415.2,0.2032,32.28,1.32,48.22,10.28,7.09,31.1,0.2091,12,0,0
14.66,101745.3,0.2099,27.94,1.34,43.34,7.73,4.67,27.97,0.2043,8,1,0
19.72,101105.5,0.2677,30.89,2.22,50.73,15.69,8.73,32.42,0.2593,2,0,0
171.84,99424.8,0.6826,29.37,3.98,82.04,125.77,104.9,29.12,0.7082,8,1,1
154.23,100015.6,0.6999,29.69,6.36,77.38,102.96,64.89,31.27,0.6769,8,1,1
14.34,101177.7,0.2311,37.62,1.88,41.92,10.31,7.95,36.34,0.2501,1,0,0
20.78,100906.6,0.3041,20.19,2.19,52.57,11.76,8.85,20.02,0.3163,10,0,0
6.13,102388.9,0.1218,35.4,1.43,29.22,4.81,3.01,36.97,0.1413,4,0,0
221.9,99019.1,0.7468,20.85,6.29,88.09,175.37,137.26,22.03,0.7661,6,1,1
19.41,100663.8,0.2448,26.6,2.94,51.06,13.52,9.06,24.65,0.237,3,0,0
0.0,102620.4,0.1064,34.01,0.07,20.83,0.0,0.0,34.47,0.1028,4,0,0
3.14,101873.3,0.1252,22.11,0.88,28.76,2.81,1.93,23.79,0.1196,2,0,0
27.02,100626.0,0.35,34.33,4.07,66.22,17.13,8.98,35.0,0.3456,12,0,0
26.17,101176.3,0.3078,20.09,2.57,58.25,14.71,10.05,21.88,0.2918,7,1,0
9.28,102059.1,0.1629,22.59,2.22,32.94,8.09,7.1,24.31,0.1529,12,0,0
296.22,98184.9,0.8192,22.62,8.44,96.32,239.22,155.14,22.88,0.8232,9,1,1
27.81,100500.0,0.3337,22.0,2.66,66.27,18.63,15.0,23.79,0.3272,7,1,0
26.98,100678.1,0.2862,22.44,3.47,63.32,20.0,15.0,21.67,0.2766,5,0,0
28.23,100500.0,0.3017,29.23,3.91,70.0,20.0,15.0,30.49,0.3212,1,0,0
139.66,100088.9,0.6813,24.99,3.0,83.06,77.39,49.69,26.62,0.6874,9,1,1
298.87,98592.6,0.9393,32.38,7.37,93.86,201.53,153.69,32.42,0.9437,9,1,1
27.01,100783.6,0.3407,37.86,1.11,59.08,15.35,12.95,38.65,0.3331,4,0,0
19.69,100846.8,0.2321,34.43,2.85,49.83,13.44,10.45,35.98,0.2172,1,0,0
214.3,98931.1,0.7626,24.23,5.93,92.71,176.8,135.68,26.19,0.7499,6,1,1
27.17,100501.0,0.321,20.27,2.56,61.88,20.0,11.31,22.05,0.3364,5,0,0
17.06,101979.9,0.2074,19.57,0.99,52.24,12.68,10.99,21.17,0.2038,10,0,0
233.13,99708.6,0.7555,22.66,5.41,88.77,146.44,102.81,23.17,0.7425,6,1,1
16.5,101496.0,0.2295,19.52,1.56,51.51,10.27,8.86,21.13,0.2282,4,0,0
145.35,100158.3,0.7125,29.58,3.94,88.32,109.98,90.91,31.09,0.7179,8,1,1
101.81,100167.0,0.6057,26.76,3.0,76.69,80.83,61.32,25.66,0.6028,6,1,1
9.65,102188.2,0.1744,23.59,0.68,37.59,6.41,4.06,25.05,0.192,1,0,0
305.96,98988.7,0.9399,20.0,6.83,94.3,250.0,180.0,20.97,0.9293,5,0,1
19.7,100799.3,0.2752,28.1,1.81,51.01,12.56,10.03,28.76,0.2782,2,0,0
19.97,101242.3,0.2315,18.33,0.0,54.19,12.87,10.91,20.21,0.2471,7,1,0
14.01,102146.1,0.1757,28.61,2.99,43.71,12.41,8.97,28.85,0.1935,9,1,0
11.29,101103.2,0.1719,28.5,1.67,41.69,7.49,6.06,27.39,0.1639,4,0,0
1.89,102557.2,0.0815,21.71,0.35,21.84,1.21,0.78,19.87,0.0803,2,0,0
198.25,99196.9,0.7176,33.29,8.49,81.46,143.65,82.52,31.37,0.7276,7,1,1
22.4,101346.0,0.2756,27.08,1.55,59.92,19.71,15.0,27.32,0.2749,10,0,0
21.01,101210.9,0.2754,25.4,1.13,56.32,14.89,13.03,23.61,0.2761,2,0,0
235.3,99296.2,0.8015,25.48,7.27,87.83,150.13,104.18,26.69,0.8048,9,1,1
324.58,98000.0,0.9148,22.63,6.36,100.0,220.9,180.0,24.2,0.9078,9,1,1
0.63,102835.7,0.0843,19.32,0.0,20.0,0.55,0.49,19.44,0.0765,1,0,0
2.18,102880.0,0.08,29.69,0.45,29.21,1.29,1.01,27.97,0.095,8,1,0
22.52,101569.5,0.2692,33.11,2.12,60.74,16.08,9.96,33.28,0.2534,9,1,0
2.01,102760.9,0.1211,35.95,0.0,20.3,1.1,0.78,34.75,0.1114,1,0,0
159.07,99349.2,0.7266,22.46,6.09,79.47,90.02,57.33,22.5,0.7261,6,1,1
22.92,100805.8,0.2692,20.04,4.09,56.71,12.21,9.75,19.38,0.262,1,0,0
141.38,99967.4,0.7154,34.92,5.31,80.45,78.55,56.9,34.6,0.7216,3,0,1
15.36,101893.1,0.2057,30.77,1.73,48.31,11.34,6.42,31.11,0.1875,5,0,0
191.76,99076.2,0.7163,21.81,4.88,83.22,154.16,86.6,20.88,0.7074,9,1,1
24.88,100581.4,0.3246,36.24,3.97,53.75,14.88,9.85,36.09,0.3427,6,1,0
20.27,100855.0,0.2525,22.04,1.63,49.57,14.47,12.66,23.35,0.2659,1,0,0
263.3,98952.4,0.8636,27.35,6.25,94.9,155.34,105.63,28.46,0.8603,6,1,1
16.55,100948.3,0.2348,31.74,1.3,47.82,14.1,11.58,32.19,0.236,10,0,0
26.69,100888.2,0.3036,24.98,3.39,64.74,20.0,11.53,26.31,0.302,4,0,0
243.83,99073.8,0.7885,22.38,4.78,89.98,143.2,89.2,22.62,0.7859,9,1,1
15.41,101454.1,0.2228,27.49,0.18,46.76,13.05,10.07,28.44,0.209,2,0,0
2.68,102077.1,0.1013,19.9,1.25,28.44,1.55,1.0,21.1,0.0895,3,0,0
28.42,100500.0,0.3455,25.73,5.0,62.68,20.0,13.61,26.99,0.3331,3,0,0
140.32,99876.9,0.7153,20.67,4.53,77.92,90.24,70.29,19.28,0.697,7,1,1
175.37,99346.8,0.7691,34.5,4.88,89.01,147.54,84.63,34.57,0.7783,5,0,1
209.97,99235.0,0.7434,22.52,4.94,87.15,148.89,113.49,23.63,0.7484,9,1,1
15.62,101806.0,0.2181,25.54,2.52,41.73,13.23,8.58,24.49,0.2136,11,0,0
124.95,100397.9,0.6754,25.65,4.04,78.87,76.18,48.09,23.98,0.6668,6,1,1
254.99,99221.6,0.8188,30.63,9.13,93.36,158.31,125.72,32.26,0.8127,7,1,1
23.26,101458.1,0.2738,27.32,2.31,61.76,18.8,9.76,29.12,0.2714,4,0,0
21.65,101187.8,0.2793,18.18,2.31,56.96,14.39,7.21,19.61,0.2927,12,0,0
165.03,99540.9,0.7079,26.54,4.34,88.84,91.89,63.67,26.18,0.7307,7,1,1
14.36,101914.7,0.2148,32.43,0.86,43.37,7.53,3.96,33.07,0.1948,2,0,0
329.32,98196.1,0.95,29.07,10.35,93.52,250.0,177.12,29.33,0.9365,8,1,1
184.75,99680.2,0.7887,22.98,3.14,88.71,129.05,74.71,24.96,0.7708,7,1,1
20.06,100500.0,0.2574,18.16,3.62,45.07,10.76,8.93,17.85,0.2571,1,0,0
11.24,102107.1,0.2056,32.51,1.19,39.02,7.55,4.15,30.94,0.1963,12,0,0
9.04,101751.7,0.1568,31.89,0.22,36.8,5.17,3.88,32.07,0.1404,11,0,0
276.56,98616.9,0.8778,29.4,6.55,89.3,170.3,141.06,31.2,0.8696,6,1,1
0.43,102958.6,0.08,32.21,0.0,20.0,0.27,0.19,32.55,0.0909,4,0,0
346.69,98354.9,0.9191,29.17,9.23,99.44,193.04,149.87,28.14,0.9037,7,1,1
8.03,101963.4,0.1411,30.58,1.26,37.21,6.93,3.87,30.27,0.1455,5,0,0
29.06,100500.0,0.3257,20.6,1.77,70.0,16.8,9.69,20.04,0.3307,10,0,0
3.42,102164.8,0.1342,22.91,0.0,30.1,2.75,2.26,24.23,0.1383,12,0,0
168.23,99483.3,0.6653,23.06,4.85,82.77,128.91,101.56,21.32,0.6536,3,0,1
153.82,100167.4,0.7156,24.54,5.11,81.21,128.74,78.82,26.21,0.7185,7,1,1
324.15,98211.6,0.9348,22.2,7.52,96.43,185.97,102.69,23.11,0.9221,8,1,1
144.57,99552.2,0.6819,20.85,4.89,84.12,121.27,83.95,22.17,0.6559,8,1,1
13.25,101075.1,0.2096,31.01,0.33,36.04,9.37,4.99,32.24,0.2283,4,0,0
98.06,99939.4,0.6375,20.56,4.74,80.89,58.69,40.0,22.39,0.6571,7,1,1
187.58,99330.6,0.7782,27.32,5.45,81.3,151.14,106.55,27.56,0.8038,6,1,1
339.33,98136.7,0.941,30.51,9.73,96.53,191.57,119.95,28.66,0.9406,6,1,1
286.85,98689.2,0.8412,28.91,7.21,94.59,235.95,179.04,30.33,0.8244,8,1,1
28.88,100500.0,0.35,32.38,3.36,70.0,20.0,11.43,31.05,0.3476,6,1,0
9.26,102354.5,0.1331,32.32,0.9,35.18,6.4,3.75,33.67,0.1364,10,0,0
334.39,98084.0,0.9298,28.4,6.45,95.15,250.0,170.16,27.39,0.9339,9,1,1
13.84,101272.6,0.2159,25.98,1.78,48.65,6.92,3.71,26.05,0.2276,10,0,0
11.83,102147.7,0.199,34.47,1.66,32.64,10.49,7.66,33.67,0.2016,1,0,0
343.36,98111.7,0.95,26.78,5.92,100.0,250.0,175.41,25.22,0.9327,12,0,1
120.68,99990.1,0.6448,28.39,5.25,76.98,73.94,49.88,28.73,0.6226,10,0,1
130.27,100169.4,0.6774,20.51,3.71,77.55,88.09,62.78,19.54,0.7072,9,1,1
10.6,101228.3,0.1746,26.05,1.07,34.45,7.88,6.8,25.62,0.1658,6,1,0
279.66,99013.2,0.8745,28.05,7.74,92.11,156.28,104.35,26.34,0.8644,8,1,1
7.59,101988.9,0.1434,18.94,0.39,24.0,5.63,3.06,20.73,0.1492,6,1,0
1.9,102957.8,0.1006,23.14,0.21,23.61,1.41,1.23,25.03,0.1126,6,1,0
182.08,99239.3,0.7114,29.01,4.58,84.54,125.42,84.88,29.73,0.7226,7,1,1
12.01,101244.5,0.1855,29.19,1.89,42.03,10.09,7.49,27.22,0.1925,6,1,0
20.84,101153.8,0.239,18.74,1.4,54.59,15.2,12.96,17.43,0.2576,10,0,0
312.46,98448.5,0.9228,23.42,5.87,98.21,192.48,120.11,22.74,0.8997,9,1,1
257.79,98316.9,0.8671,24.36,8.64,90.16,161.81,94.84,24.9,0.8487,9,1,1
313.06,98153.0,0.883,23.16,4.91,100.0,188.31,152.09,23.66,0.8788,6,1,1
2.37,102566.6,0.08,20.6,0.46,26.48,1.78,1.1,22.51,0.0669,11,0,0
28.72,100500.0,0.3462,22.42,1.29,67.0,20.0,11.41,23.59,0.3542,4,0,0
10.62,102231.6,0.1915,32.1,0.87,36.61,8.15,6.65,30.72,0.1811,7,1,0
28.55,101205.2,0.3186,27.67,1.53,68.73,14.7,10.35,28.59,0.3082,9,1,0
156.25,99558.7,0.6991,24.35,6.39,84.85,131.95,93.36,23.77,0.6844,9,1,1
2.77,102527.4,0.1128,35.59,0.0,20.0,2.04,1.03,35.8,0.1274,2,0,0
14.09,102186.7,0.2181,28.69,0.82,37.35,11.4,7.64,26.72,0.2365,3,0,0
27.35,100755.6,0.35,32.08,0.65,60.26,20.0,15.0,33.92,0.3593,10,0,0
14.76,102336.0,0.2174,33.5,2.15,44.23,11.33,8.11,32.44,0.2361,10,0,0
0.07,102121.2,0.1031,24.44,0.0,20.0,0.05,0.03,25.79,0.0907,11,0,0
12.83,101376.3,0.2256,23.07,1.37,41.82,10.54,6.49,22.03,0.228,8,1,0
28.07,100700.1,0.35,22.07,3.08,69.62,14.31,10.16,23.06,0.3677,7,1,0
6.71,102181.8,0.1062,31.21,0.72,33.39,3.95,2.68,32.0,0.1197,2,0,0
137.65,99921.8,0.7043,32.07,5.37,75.91,114.99,79.27,31.4,0.721,9,1,1
1.9,103000.0,0.1246,33.86,0.0,20.65,1.65,1.01,32.85,0.1052,1,0,0
273.49,98610.9,0.8444,31.92,5.4,86.38,226.76,180.0,31.5,0.8613,3,0,1
265.38,98680.5,0.8255,32.5,5.5,92.08,221.37,135.56,33.09,0.8305,6,1,1
1.8,102182.9,0.1001,27.23,0.2,24.5,1.07,0.65,26.41,0.1118,11,0,0
10.5,101321.4,0.1559,30.6,0.96,35.51,5.78,3.34,32.07,0.1502,5,0,0
87.3,100452.1,0.6072,21.86,3.0,75.0,55.23,40.0,22.21,0.611,6,1,1
333.46,98508.6,0.9375,30.13,9.57,99.42,204.44,129.02,28.28,0.9306,7,1,1
137.66,100125.2,0.708,22.55,3.0,82.5,97.04,68.23,22.34,0.7032,9,1,1
4.69,102015.2,0.1325,22.37,0.11,27.55,2.57,1.84,24.24,0.1445,4,0,0
155.5,99827.1,0.665,32.87,3.0,82.76,119.29,93.92,34.37,0.6601,9,1,1
211.79,99382.6,0.7909,26.82,5.96,87.92,154.68,85.43,26.37,0.8135,7,1,1
335.6,98195.0,0.9047,33.38,8.61,99.52,188.33,105.74,33.04,0.9287,9,1,1
13.34,101321.5,0.1899,32.65,1.07,37.43,7.58,4.18,32.02,0.1921,12,0,0
2.28,102682.9,0.1028,29.04,0.0,26.25,2.0,1.41,30.83,0.0874,11,0,0
15.9,102093.9,0.2275,37.01,1.93,52.67,13.06,9.79,36.33,0.2431,12,0,0
212.66,99773.9,0.778,22.72,5.71,90.12,176.53,108.81,23.33,0.7938,9,1,1
5.87,102414.7,0.1302,29.83,0.0,32.97,4.95,3.65,28.26,0.1283,11,0,0
180.36,99477.3,0.7649,30.78,6.59,86.62,153.16,125.22,32.0,0.7899,8,1,1
15.29,101598.4,0.2191,27.96,1.24,44.57,11.72,10.38,29.33,0.216,6,1,0
16.62,101375.6,0.236,26.84,1.56,54.13,10.08,5.48,28.45,0.2295,1,0,0
81.96,100500.0,0.6,31.7,3.34,76.2,54.41,40.88,33.24,0.5748,9,1,1
300.82,98272.7,0.95,23.21,7.44,92.43,249.01,148.62,24.64,0.9418,9,1,1
20.19,101010.2,0.2671,18.95,2.41,53.31,15.29,11.56,17.47,0.2707,1,0,0
160.94,99628.5,0.7068,28.98,3.89,79.83,100.61,60.43,28.76,0.7329,6,1,1
4.87,102215.5,0.1446,25.0,0.88,22.66,2.54,1.77,26.06,0.1524,6,1,0
228.34,99019.9,0.7992,20.0,7.58,86.88,147.61,107.13,19.58,0.809,7,1,1
0.32,103000.0,0.0828,36.06,0.0,22.27,0.21,0.12,36.37,0.0802,9,1,0
8.23,102019.5,0.1547,20.24,0.0,38.64,4.92,2.67,20.73,0.1517,6,1,0
171.45,99717.0,0.6981,29.97,5.59,82.52,98.42,74.19,28.5,0.6843,6,1,1
24.72,100688.2,0.31,26.79,1.62,55.69,12.95,8.12,25.94,0.3297,11,0,0
6.21,101752.4,0.1551,32.91,0.77,37.04,3.95,3.56,32.09,0.1742,3,0,0
135.17,99898.3,0.6665,27.95,4.12,79.47,100.07,69.09,26.88,0.6806,7,1,1
8.12,102091.0,0.1482,32.82,0.0,36.66,7.0,6.05,31.71,0.1562,6,1,0
28.67,100500.0,0.3379,30.84,4.27,68.1,20.0,14.32,30.96,0.3469,2,0,0
17.83,101255.9,0.2705,23.11,2.24,52.27,15.23,12.54,22.05,0.2693,11,0,0
3.55,102099.8,0.1273,32.25,0.15,22.36,2.03,1.74,32.31,0.129,9,1,0
17.66,101612.0,0.242,19.04,2.53,45.1,11.66,10.49,18.42,0.2598,8,1,0
151.69,100500.0,0.6872,22.22,4.85,82.6,96.31,61.87,21.93,0.6976,6,1,1
4.08,101372.4,0.1083,27.54,0.82,25.47,3.43,1.86,27.98,0.1155,8,1,0
21.33,101079.1,0.2579,26.34,3.05,59.52,14.03,10.78,27.07,0.238,12,0,0
307.04,98006.6,0.8708,26.37,9.76,97.58,203.85,122.31,27.31,0.8779,7,1,1
4.04,102781.5,0.1299,32.44,0.38,23.21,3.28,1.8,32.97,0.1293,6,1,0
98.15,99947.1,0.6265,31.87,3.98,76.76,80.32,57.97,31.27,0.5989,4,0,1
27.3,100500.0,0.3457,34.03,1.4,68.46,18.25,15.0,33.02,0.3623,1,0,0
180.62,100058.9,0.7356,23.72,6.04,82.71,111.81,94.66,23.44,0.7242,7,1,1
5.39,102304.8,0.1051,25.91,0.89,34.81,4.04,2.59,25.3,0.1157,12,0,0
303.83,98532.6,0.8867,21.61,9.1,98.74,196.14,135.17,23.07,0.8942,7,1,1
220.99,99051.5,0.8103,27.32,6.57,86.17,177.18,113.84,25.5,0.7888,7,1,1
348.3,98000.0,0.95,30.16,9.49,100.0,250.0,180.0,31.52,0.9369,4,0,1
15.53,101353.2,0.2041,24.37,1.93,44.49,13.24,9.47,24.37,0.2169,6,1,0
12.47,101479.0,0.1732,35.12,0.56,40.95,10.99,9.44,33.55,0.1821,2,0,0
209.97,98749.8,0.7594,28.25,6.75,91.63,148.36,122.0,27.6,0.7617,12,0,1
149.3,99918.4,0.6936,28.15,5.04,79.26,83.18,58.12,26.26,0.6772,5,0,1
14.27,101478.7,0.2164,21.58,2.54,47.07,8.49,6.78,21.53,0.2217,5,0,0
293.24,98613.0,0.9131,21.22,4.88,91.42,210.18,124.54,22.86,0.9337,6,1,1
4.76,101469.2,0.1223,31.94,0.22,29.43,2.63,1.59,33.86,0.1352,6,1,0
28.03,100500.0,0.321,32.68,1.33,68.12,14.49,9.95,30.85,0.3249,7,1,0
22.97,100500.0,0.2752,30.17,2.77,64.94,18.58,12.44,30.06,0.2808,11,0,0
5.14,102149.9,0.0937,18.21,0.82,20.0,3.76,2.67,19.36,0.0745,9,1,0
19.49,101061.7,0.2406,29.3,1.43,48.97,14.71,11.71,27.58,0.2411,7,1,0
244.57,98815.6,0.8653,30.77,8.26,93.65,193.47,163.07,30.4,0.866,6,1,1
183.6,99515.8,0.7635,25.97,4.59,82.13,125.27,72.05,27.66,0.7531,10,0,1
183.01,99691.9,0.7598,26.6,3.0,83.2,118.93,83.69,27.27,0.7341,7,1,1
10.68,101798.5,0.1659,21.11,1.2,44.77,6.88,4.21,19.14,0.185,1,0,0
12.15,101488.4,0.2149,30.93,1.14,38.41,7.0,5.88,29.24,0.1988,9,1,0
303.13,98782.8,0.9114,25.1,7.15,99.06,212.04,165.07,25.43,0.9116,4,0,1
160.03,99603.0,0.6948,28.14,3.87,77.4,90.65,61.33,28.18,0.7226,6,1,1
18.04,101189.4,0.2321,32.22,2.11,47.16,12.73,8.4,30.41,0.2515,1,0,0
199.66,99711.0,0.7558,25.32,6.21,84.94,111.35,66.71,26.08,0.735,8,1,1
18.14,101197.2,0.2598,26.47,1.18,50.19,10.08,8.12,26.86,0.2452,2,0,0
181.58,99951.8,0.7258,20.0,5.23,87.33,107.53,61.02,18.04,0.7144,11,0,1
15.25,100686.4,0.1872,20.33,0.47,48.57,10.34,7.8,21.48,0.1965,12,0,0
18.48,100846.6,0.2606,25.52,2.76,51.22,16.39,13.39,23.72,0.2739,4,0,0
14.29,101347.5,0.1844,19.45,2.18,42.04,7.68,4.42,20.96,0.1784,7,1,0
15.2,101227.4,0.2002,36.25,0.87,48.1,10.24,5.79,36.19,0.1892,9,1,0
133.08,100418.3,0.6523,25.22,3.0,84.29,92.25,54.15,23.4,0.6792,2,0,1
1.53,102625.9,0.0828,29.53,0.07,25.62,1.04,0.53,29.12,0.0957,2,0,0
11.2,101561.2,0.1804,18.83,1.11,32.92,9.38,8.06,19.06,0.1789,8,1,0
20.63,101144.1,0.2859,31.02,2.19,54.36,13.67,10.59,32.17,0.2785,2,0,0
2.45,102399.8,0.1085,29.19,0.0,20.0,1.86,1.25,29.44,0.1183,10,0,0
308.6,98023.8,0.8583,30.8,6.01,95.14,250.0,152.31,30.17,0.8332,6,1,1
13.43,101848.6,0.2008,26.51,1.28,45.6,8.24,5.53,25.96,0.2116,9,1,0
0.73,102474.5,0.08,34.86,0.0,20.0,0.43,0.25,33.81,0.074,4,0,0
13.98,101125.3,0.256,32.79,2.23,51.19,11.37,7.83,34.05,0.2416,8,1,0
345.81,98340.9,0.9349,20.0,7.09,100.0,202.76,164.24,18.82,0.9535,8,1,1
17.76,101161.4,0.2435,19.05,3.8,51.8,10.12,5.94,20.56,0.2307,2,0,0
26.3,100500.0,0.3047,32.26,2.98,64.21,18.38,9.44,31.49,0.3011,12,0,0
255.78,98888.9,0.8262,27.95,10.14,90.88,206.25,171.37,26.24,0.8491,8,1,1
18.57,101725.5,0.2384,18.47,3.13,52.92,11.78,9.34,17.6,0.2397,5,0,0
23.65,101691.3,0.3103,24.68,1.75,62.18,13.11,11.5,23.36,0.2931,3,0,0
22.58,101109.3,0.2711,35.23,1.9,52.92,19.88,12.53,35.13,0.2599,7,1,0
245.79,99670.7,0.7985,27.22,8.27,93.62,202.29,151.33,27.19,0.8038,8,1,1
250.18,98978.9,0.8215,26.25,8.75,91.96,210.57,146.55,26.67,0.7977,7,1,1
94.69,100319.1,0.6,22.39,4.05,78.29,60.9,40.0,23.59,0.6084,6,1,1
186.24,99863.8,0.7916,25.51,7.32,88.81,131.7,94.22,24.7,0.7987,7,1,1
26.83,100891.9,0.3193,24.99,2.76,59.36,20.0,15.0,26.34,0.3178,4,0,0
181.21,99152.4,0.6946,25.66,3.4,85.13,129.89,80.18,25.99,0.6895,8,1,1
109.64,100174.6,0.6016,28.93,3.57,77.01,90.56,55.85,28.38,0.5769,6,1,1
129.83,99829.9,0.6692,32.06,4.32,81.87,108.63,68.33,31.39,0.651,12,0,1
4.5,102063.1,0.1457,21.78,0.11,30.02,2.61,1.89,22.93,0.1398,8,1,0
231.51,99444.5,0.7744,33.51,6.07,92.04,187.05,134.16,33.3,0.8029,7,1,1
29.95,100813.0,0.35,30.34,2.28,70.0,17.79,13.81,29.64,0.3462,7,1,0
149.76,100017.5,0.657,20.41,4.85,86.49,93.99,74.53,19.51,0.659,6,1,1
7.86,101765.1,0.1463,20.3,0.0,36.52,4.25,2.88,18.78,0.1637,1,0,0
14.31,101149.6,0.2407,26.03,2.4,44.87,8.28,5.51,27.63,0.253,8,1,0
341.4,98000.0,0.95,31.24,7.87,99.89,250.0,180.0,32.65,0.9281,9,1,1
13.64,101614.5,0.1961,35.25,0.75,40.93,7.3,6.53,35.42,0.1839,3,0,0
262.13,98707.3,0.8537,30.79,6.36,88.44,152.23,123.97,30.08,0.8342,9,1,1
115.24,100500.0,0.6543,31.39,4.46,77.44,97.77,54.88,30.22,0.6277,9,1,1
207.92,99095.6,0.7855,25.31,7.35,88.67,123.93,98.55,24.87,0.7739,9,1,1
316.66,98593.6,0.9109,23.54,5.09,97.92,222.74,175.03,23.04,0.9255,6,1,1
177.63,99860.3,0.6663,32.67,4.27,84.19,150.2,109.55,34.38,0.6671,2,0,1
251.6,98260.4,0.8261,28.73,3.88,90.99,171.24,98.65,29.13,0.8282,6,1,1
96.49,100500.0,0.6,34.84,4.38,75.0,55.19,40.0,36.38,0.6069,3,0,1
1.63,102038.8,0.08,31.34,0.04,20.0,1.38,0.83,31.81,0.0738,3,0,0
21.29,100954.8,0.2794,22.1,2.6,57.38,18.36,15.0,23.41,0.2957,12,0,0
277.91,98050.1,0.9215,30.42,9.12,92.12,195.41,130.29,32.18,0.9085,7,1,1
10.7,101742.8,0.1714,24.36,0.23,36.15,9.5,8.03,25.12,0.1625,7,1,0
10.59,101994.3,0.191,19.79,1.29,38.98,8.14,7.03,18.78,0.2042,8,1,0
349.23,98391.9,0.95,32.27,9.59,98.55,205.36,150.57,32.66,0.9463,8,1,1
23.13,100657.8,0.2636,21.14,2.8,52.52,17.75,14.1,21.44,0.2537,12,0,0
24.9,100500.0,0.3152,33.13,1.11,61.31,14.87,9.66,33.75,0.2959,11,0,0
246.06,99063.2,0.8053,23.66,7.93,88.32,136.58,96.1,25.34,0.8075,8,1,1
29.88,101466.9,0.3457,26.06,3.2,70.0,20.0,14.3,24.94,0.3513,4,0,0
26.75,100815.0,0.3119,19.01,0.91,63.56,15.72,8.08,19.75,0.3208,12,0,0
19.8,101769.2,0.2554,22.0,2.83,55.38,17.43,13.55,23.3,0.2445,12,0,0
18.01,101537.0,0.2344,27.13,2.18,44.77,11.77,7.49,26.75,0.2526,5,0,0
297.79,98483.7,0.8338,20.0,5.41,95.56,206.39,133.88,19.34,0.8298,8,1,1
302.77,98000.0,0.9165,22.24,7.8,100.0,250.0,180.0,21.47,0.9418,9,1,1
334.58,98000.0,0.8922,27.45,8.23,99.83,214.3,168.3,27.7,0.873,9,1,1
1.24,102503.3,0.1158,18.51,0.02,20.0,0.63,0.45,19.25,0.0971,2,0,0
5.94,102118.5,0.1225,37.91,0.53,25.47,3.56,2.52,37.74,0.1101,4,0,0
296.94,98879.2,0.8594,26.65,8.66,93.85,246.33,180.0,26.46,0.8686,8,1,1
105.14,100082.3,0.68,24.0,4.06,75.0,69.61,54.62,23.48,0.6516,7,1,1
25.99,101098.2,0.3342,18.51,2.96,65.32,16.02,14.36,18.64,0.3203,6,1,0
238.05,98563.3,0.8329,20.34,6.22,88.05,155.84,107.8,19.32,0.8474,1,0,1
332.83,98237.0,0.9169,20.0,9.76,100.0,221.88,164.56,18.55,0.8885,6,1,1
8.14,102118.0,0.1452,28.6,0.42,36.87,6.62,3.72,30.56,0.1397,1,0,0
21.83,100826.7,0.2802,25.97,2.45,58.89,11.78,7.48,27.02,0.2698,6,1,0
15.86,100862.8,0.2219,24.23,1.21,54.39,11.48,8.5,26.21,0.2211,7,1,0
110.23,100341.8,0.6369,30.47,3.0,78.02,87.35,67.97,31.29,0.6224,1,0,1
0.65,102562.9,0.0927,22.94,0.0,27.41,0.52,0.37,24.46,0.0811,7,1,0
12.41,101621.0,0.2072,37.78,0.05,38.09,9.12,8.0,39.72,0.2173,6,1,0
112.92,100159.5,0.6206,28.04,4.11,81.6,66.76,50.81,29.38,0.6437,12,0,1
295.46,98708.0,0.9066,21.49,7.39,93.82,209.39,150.73,23.19,0.9203,8,1,1
22.52,100897.2,0.3165,27.55,2.82,61.07,13.28,11.58,28.02,0.2968,9,1,0
10.03,101425.3,0.1778,29.56,0.0,33.44,6.45,5.66,27.78,0.1833,11,0,0
93.64,100060.9,0.6,27.24,3.76,77.6,68.32,49.32,26.11,0.6017,6,1,1
23.56,101063.2,0.2999,25.43,1.92,66.55,12.27,9.58,24.13,0.2846,1,0,0
316.33,98000.0,0.8748,28.61,9.99,98.65,209.28,165.47,26.98,0.8507,9,1,1
90.2,100004.8,0.6,27.16,3.0,75.0,67.38,54.27,28.3,0.5868,8,1,1
81.0,100500.0,0.6062,21.1,3.45,82.61,50.0,40.0,23.08,0.5826,8,1,1
281.02,98122.0,0.8699,22.36,6.55,94.19,192.5,116.9,24.31,0.8859,6,1,1
14.68,101697.7,0.1949,34.46,0.79,48.65,7.35,4.99,35.87,0.1806,4,0,0
86.55,100319.7,0.6,21.86,3.0,75.0,61.52,41.46,23.34,0.5911,8,1,1
15.08,100844.6,0.2244,29.15,2.06,44.96,10.8,7.39,30.37,0.2066,7,1,0
204.38,98882.5,0.7571,29.86,7.84,85.56,170.06,110.4,30.88,0.7308,6,1,1
335.45,98000.0,0.95,31.0,4.62,100.0,197.77,137.34,29.85,0.9673,1,0,1
3.59,102021.1,0.1203,22.48,0.86,28.19,1.87,1.53,21.27,0.1312,12,0,0
18.44,101556.7,0.2235,37.95,0.03,46.48,12.24,9.96,37.97,0.2049,1,0,0
26.31,100500.0,0.3035,31.12,3.56,64.08,20.0,15.0,30.84,0.3116,3,0,0
290.67,98495.3,0.8783,23.05,5.89,88.16,191.81,160.83,21.05,0.8943,7,1,1
0.96,102241.8,0.0943,34.01,0.0,24.46,0.85,0.76,35.81,0.1006,11,0,0
167.3,100075.2,0.7372,29.0,3.91,83.9,118.17,70.36,30.99,0.7206,10,0,1
9.52,102087.5,0.1396,36.14,0.89,45.22,7.39,5.84,36.47,0.1585,12,0,0
112.17,100133.8,0.607,21.75,3.0,78.53,85.42,69.6,20.96,0.6288,6,1,1
214.35,99567.2,0.8012,33.0,4.99,89.06,136.01,92.99,31.71,0.7796,8,1,1
25.17,100500.0,0.3123,25.72,1.64,65.03,15.94,11.18,25.18,0.2927,8,1,0
20.92,101949.0,0.2405,29.59,2.71,49.06,17.29,12.33,27.94,0.2351,5,0,0
107.75,99821.8,0.667,29.5,4.2,75.93,72.49,40.0,31.29,0.69,6,1,1
84.33,100500.0,0.6498,32.58,3.15,77.61,64.77,46.18,32.66,0.6256,7,1,1
5.27,102308.1,0.1335,34.37,0.12,22.41,3.49,2.6,36.02,0.1179,4,0,0
295.71,98113.6,0.8788,29.65,6.36,99.57,249.65,180.0,28.85,0.8633,7,1,1
274.22,99260.4,0.8432,27.19,6.73,97.16,223.36,167.68,27.79,0.8407,9,1,1
19.72,101080.4,0.2496,31.69,2.18,57.93,10.28,6.98,30.95,0.2554,1,0,0
25.43,100550.6,0.2829,25.81,2.47,63.3,20.0,12.16,24.62,0.2931,1,0,0
11.06,101888.8,0.1441,35.59,0.73,38.08,9.53,6.11,35.7,0.1375,6,1,0
2.84,101734.3,0.0956,30.74,0.24,26.81,2.39,1.51,31.11,0.1148,4,0,0
16.2,101560.9,0.2242,35.19,1.22,50.25,9.66,6.36,36.79,0.2121,6,1,0
11.88,102544.4,0.1798,19.88,1.43,46.11,10.17,7.8,20.6,0.1831,4,0,0
309.35,98047.0,0.9164,26.66,5.8,94.58,203.33,170.04,26.26,0.8973,9,1,1
269.1,98858.6,0.8373,32.97,9.33,92.54,151.97,110.92,31.05,0.8527,6,1,1
9.84,102065.5,0.2011,24.9,1.37,33.62,7.59,4.59,26.85,0.2097,5,0,0
20.61,100769.4,0.2455,19.33,2.39,52.38,11.31,9.17,20.16,0.2526,9,1,0
20.77,101185.8,0.2689,20.9,0.75,52.15,16.94,10.31,22.74,0.2862,3,0,0
17.1,101228.1,0.2256,34.63,2.54,42.77,12.55,6.51,36.42,0.2279,10,0,0
81.92,100500.0,0.6,25.19,3.12,75.0,65.35,40.0,25.89,0.5754,8,1,1
190.49,99433.0,0.7265,20.0,5.49,88.78,149.53,109.65,20.37,0.6972,8,1,1
123.0,99543.4,0.6702,31.56,5.45,86.42,77.55,43.79,31.8,0.6584,6,1,1
151.32,99990.4,0.6743,33.69,3.9,86.33,91.58,73.69,33.64,0.6587,8,1,1
12.99,101340.0,0.1872,26.36,0.88,50.91,9.75,6.24,28.32,0.1941,9,1,0
290.71,98241.7,0.8795,20.0,6.88,92.12,206.64,145.53,21.95,0.8984,9,1,1
24.88,100934.6,0.2824,32.02,0.72,60.86,16.05,8.32,30.21,0.2715,1,0,0
22.04,101049.2,0.2693,30.55,1.33,57.43,13.81,11.87,29.05,0.2892,3,0,0
103.67,100416.4,0.6759,24.43,3.47,75.71,70.15,50.08,25.0,0.6973,8,1,1
19.88,102091.9,0.2404,27.21,2.96,56.01,14.69,10.9,27.64,0.226,3,0,0
26.62,101144.6,0.3473,32.05,2.37,70.0,17.43,8.85,33.67,0.34,10,0,0
143.81,99462.4,0.6633,23.43,3.05,80.71,105.59,88.71,21.83,0.6589,8,1,1
191.13,99673.1,0.7499,27.81,4.14,83.55,109.22,68.56,27.69,0.741,9,1,1
14.33,101731.9,0.2164,34.24,1.06,45.72,11.1,6.58,35.74,0.2079,9,1,0
14.95,101843.0,0.2246,23.26,2.4,40.18,12.05,9.7,21.71,0.2142,12,0,0
20.66,101133.0,0.2541,18.44,2.14,52.92,17.41,13.42,17.72,0.2533,10,0,0
26.43,101264.6,0.3413,31.01,2.67,64.9,16.83,9.85,29.7,0.3245,6,1,0
8.44,102711.2,0.1431,30.82,1.78,27.85,6.07,5.15,31.55,0.1414,1,0,0
13.1,101656.3,0.1864,20.17,0.63,46.3,9.96,5.49,20.89,0.1819,3,0,0
327.96,98477.6,0.8442,26.32,8.5,99.53,250.0,180.0,27.84,0.8595,9,1,1
161.9,99426.1,0.6966,21.38,6.67,82.25,131.01,90.27,21.94,0.6833,7,1,1
11.73,102273.9,0.1974,23.65,0.85,36.0,6.66,5.56,24.49,0.1856,3,0,0
28.78,100500.0,0.35,31.5,1.69,56.86,20.0,15.0,31.68,0.3506,3,0,0
224.13,98939.4,0.7808,20.59,4.6,90.08,147.68,106.14,20.14,0.7944,10,0,1
1.14,102191.0,0.0911,20.96,0.97,20.0,0.97,0.68,19.64,0.1013,4,0,0
24.33,100500.0,0.3341,32.85,1.52,63.31,14.06,10.04,33.61,0.3202,3,0,0
330.72,98533.3,0.8648,33.4,5.66,100.0,198.83,130.16,33.79,0.8549,8,1,1
301.33,98576.3,0.8227,31.8,9.1,98.22,226.04,135.22,32.75,0.8281,9,1,1
274.09,98941.1,0.8734,31.68,9.45,93.72,181.66,111.22,30.92,0.8702,1,0,1
322.11,98670.9,0.9438,26.76,8.24,97.0,249.68,142.82,24.97,0.9261,8,1,1
174.72,99611.3,0.6552,24.87,4.33,86.98,139.38,93.97,24.36,0.6633,10,0,1
136.19,99504.7,0.6742,24.43,5.83,78.69,79.44,65.2,25.45,0.6901,9,1,1
237.41,98971.4,0.7697,20.0,3.29,87.17,141.33,113.58,20.68,0.7409,7,1,1
7.68,102115.5,0.1877,36.1,0.82,33.43,5.61,4.31,36.28,0.1733,9,1,0
275.9,98661.5,0.8383,20.0,7.37,88.59,186.8,155.84,18.8,0.8362,7,1,1
16.08,100691.1,0.2497,22.36,1.32,44.24,12.49,6.27,22.04,0.2414,9,1,0
26.02,100500.0,0.3418,30.27,1.3,58.14,15.95,13.67,31.26,0.3416,3,0,0
87.69,100500.0,0.6,26.12,3.0,75.0,55.2,42.62,25.43,0.6068,2,0,1
8.77,102443.0,0.1444,24.26,0.59,35.49,4.63,2.38,22.55,0.1345,9,1,0
21.74,100672.7,0.2605,26.88,1.05,58.96,13.39,9.46,28.52,0.2608,4,0,0
27.58,101081.1,0.3308,33.98,3.55,59.06,14.29,9.16,35.78,0.3127,7,1,0
306.13,98481.6,0.8778,20.0,11.04,96.05,203.15,152.5,19.67,0.9034,9,1,1
172.45,99382.2,0.688,23.55,5.73,83.42,126.57,85.81,23.52,0.679,8,1,1
29.38,100500.0,0.2859,29.8,5.0,59.58,20.0,11.95,31.3,0.2963,1,0,0
190.87,99218.6,0.735,29.16,5.41,89.1,140.94,96.33,30.31,0.7082,9,1,1
6.31,102540.0,0.1259,19.79,0.0,27.34,4.23,2.6,19.51,0.1225,2,0,0
87.37,100500.0,0.6,27.39,3.32,75.0,66.61,43.38,27.07,0.6144,9,1,1
0.34,102767.0,0.0948,37.43,0.03,27.82,0.3,0.21,35.76,0.0921,11,0,0
10.46,102102.5,0.1495,37.55,0.64,38.26,8.69,6.51,37.69,0.1558,12,0,0
8.07,101580.8,0.1568,29.26,0.9,36.16,5.17,3.29,28.52,0.1678,10,0,0
172.35,99715.0,0.7772,34.54,7.17,75.0,137.31,110.92,35.7,0.7575,12,0,1
9.71,101464.1,0.1731,35.96,0.61,38.35,5.18,3.46,35.71,0.1611,2,0,0
1.93,102778.7,0.1011,27.57,0.17,22.26,1.35,0.85,28.76,0.0941,9,1,0
4.46,103000.0,0.1383,29.78,0.33,23.96,3.26,1.81,30.55,0.1313,12,0,0
25.44,101216.4,0.2913,28.75,4.22,63.86,15.71,8.17,29.98,0.2851,8,1,0
20.23,100733.3,0.3051,33.61,2.55,48.86,15.19,13.1,34.46,0.2893,5,0,0
12.51,102087.0,0.2244,33.63,1.58,39.19,8.02,6.19,33.88,0.2205,5,0,0
20.26,101752.2,0.2502,24.08,2.65,50.77,15.45,11.07,22.48,0.2659,3,0,0
238.4,99149.0,0.8014,20.47,8.05,91.51,156.89,98.51,18.9,0.8187,9,1,1
5.0,102609.2,0.1046,36.5,0.0,28.81,4.2,2.38,36.38,0.0866,2,0,0
84.56,100249.2,0.6719,31.74,3.9,76.31,62.29,42.46,30.6,0.6683,8,1,1
6.88,102094.1,0.1261,26.37,1.18,32.32,6.12,5.05,24.9,0.122,5,0,0
0.74,102608.9,0.1093,20.85,0.0,20.0,0.66,0.33,19.13,0.122,7,1,0
5.59,102293.4,0.1176,20.32,1.56,26.29,4.02,2.04,21.29,0.1346,1,0,0
17.28,101134.8,0.2207,28.61,1.23,49.23,9.74,6.23,28.39,0.2297,8,1,0
308.3,98196.3,0.9141,24.46,10.45,94.88,250.0,180.0,22.69,0.9408,9,1,1
28.3,101191.2,0.3094,18.49,1.04,64.62,20.0,12.18,19.23,0.3119,8,1,0
292.59,98671.9,0.9131,33.59,11.58,92.56,183.02,148.11,31.67,0.9342,4,0,1
12.33,101151.3,0.1884,18.44,1.15,41.78,9.51,6.59,16.45,0.1688,7,1,0
11.26,101405.1,0.1637,24.8,0.22,39.51,6.46,4.34,26.15,0.1724,7,1,0
318.78,98328.7,0.8831,20.0,9.98,97.93,210.12,151.66,20.6,0.888,7,1,1
122.84,100500.0,0.6267,26.1,3.0,78.41,80.95,49.54,25.6,0.6028,9,1,1
244.47,98739.2,0.8431,32.64,5.85,90.27,207.03,151.49,32.94,0.871,6,1,1
25.4,101552.6,0.3098,35.65,2.91,61.68,19.19,11.85,34.29,0.2954,2,0,0
159.08,100097.1,0.7167,34.13,4.16,86.41,129.48,106.23,34.47,0.7402,8,1,1
262.98,98852.8,0.8574,20.89,6.61,90.31,221.8,179.28,21.91,0.8318,9,1,1
150.04,100055.2,0.6942,32.11,5.25,79.24,126.08,101.59,32.11,0.7238,6,1,1
15.77,101645.1,0.2386,21.64,2.2,44.13,9.06,5.95,20.36,0.2229,9,1,0
12.98,100734.5,0.2072,37.53,1.27,43.3,10.72,8.29,38.5,0.2138,10,0,0
22.35,101031.0,0.2974,18.64,2.71,62.45,20.0,11.42,19.0,0.2866,12,0,0
10.53,101683.1,0.1615,22.95,0.81,44.54,6.85,4.65,24.9,0.1689,8,1,0
7.05,102587.5,0.1212,34.49,0.59,25.3,5.83,4.06,32.5,0.1324,2,0,0
12.28,101367.7,0.1918,34.3,0.59,40.08,7.07,5.5,34.27,0.2055,4,0,0
219.37,98837.5,0.748,21.53,4.95,90.02,175.13,116.16,22.43,0.7429,7,1,1
10.46,102052.7,0.1781,26.84,0.88,39.89,7.29,4.08,28.18,0.1747,11,0,0
2.25,102406.2,0.1203,35.11,0.5,23.08,1.65,1.44,34.92,0.1402,7,1,0
29.41,100941.6,0.3305,30.91,2.61,65.79,20.0,15.0,29.4,0.3331,7,1,0
19.14,101134.8,0.2664,36.0,3.37,46.49,16.24,8.45,36.22,0.2711,11,0,0
307.01,98833.2,0.9301,33.14,8.84,93.07,248.77,146.04,34.89,0.9274,12,0,1
135.72,99899.0,0.698,29.72,5.34,76.97,106.82,71.59,30.34,0.7063,6,1,1
24.82,101333.5,0.2903,22.82,1.43,58.82,18.5,11.73,22.28,0.2864,1,0,0
242.18,98280.3,0.742,28.73,6.87,85.13,145.18,113.8,28.95,0.7711,7,1,1
267.38,98770.6,0.8028,30.67,9.54,95.17,207.27,135.76,28.71,0.8228,7,1,1
146.55,100045.0,0.6895,28.57,5.97,81.86,88.49,63.69,28.2,0.66,12,0,1
247.42,99158.0,0.8364,34.37,5.39,90.32,179.49,106.57,36.04,0.8315,6,1,1
247.3,98842.7,0.8511,21.83,5.52,91.87,159.32,127.37,23.36,0.8414,6,1,1
18.03,101796.6,0.2411,22.63,2.01,51.02,11.21,6.69,20.85,0.24,8,1,0
6.95,101892.6,0.1217,18.45,0.51,27.59,4.42,3.61,18.43,0.1154,8,1,0
234.37,99148.9,0.7933,20.0,8.21,90.12,137.93,81.33,21.42,0.7991,9,1,1
134.38,100108.8,0.6241,28.36,4.0,76.38,86.31,70.9,28.74,0.6273,9,1,1
20.44,101070.4,0.2674,30.02,2.04,50.59,14.97,10.15,31.36,0.2629,3,0,0
174.65,100134.9,0.7272,20.7,5.24,82.67,116.06,92.32,19.84,0.7211,9,1,1
17.45,100976.8,0.2261,24.25,1.65,52.74,12.69,9.55,25.63,0.2375,7,1,0
24.29,100922.6,0.3062,32.07,3.39,55.74,13.34,8.52,32.71,0.3119,5,0,0
12.8,100840.1,0.2132,36.03,1.81,40.86,6.88,5.04,37.22,0.223,9,1,0
342.95,98000.0,0.9474,20.0,11.28,100.0,208.34,143.84,18.11,0.9611,7,1,1
129.11,99549.1,0.6507,28.7,3.0,78.07,98.55,70.77,28.03,0.6799,4,0,1
309.06,98326.1,0.95,25.68,10.95,97.59,247.12,171.23,24.59,0.9436,10,0,1
283.57,98841.3,0.8683,30.09,5.35,88.58,220.44,168.73,28.6,0.8725,12,0,1
18.72,101518.4,0.2419,35.08,1.91,47.33,15.21,10.82,33.5,0.2265,4,0,0
299.71,98924.7,0.8567,21.85,9.0,94.86,169.61,112.4,22.28,0.8484,7,1,1
227.0,99153.0,0.734,28.62,6.01,90.28,182.69,119.26,28.44,0.7438,9,1,1
102.98,100345.8,0.6138,26.26,5.06,75.0,75.48,55.36,24.85,0.6433,7,1,1
15.98,101270.4,0.1937,31.74,0.03,42.19,12.97,11.27,30.9,0.2022,3,0,0
127.14,99942.1,0.6544,34.42,4.5,77.82,81.29,47.87,32.96,0.6815,1,0,1
198.81,99638.1,0.725,31.14,3.54,87.19,156.21,113.28,30.17,0.7048,7,1,1
19.07,101630.2,0.2705,34.25,2.8,47.84,11.83,6.58,33.84,0.2605,12,0,0
25.55,100500.0,0.3081,20.81,3.47,65.56,20.0,12.57,21.44,0.2968,3,0,0
185.17,99581.4,0.7572,30.1,5.85,89.08,103.82,61.37,31.65,0.761,6,1,1
1.75,102209.7,0.08,35.42,0.22,20.08,1.33,0.78,37.29,0.0802,4,0,0
29.23,100500.0,0.3329,29.13,5.0,70.0,17.56,13.01,30.37,0.3449,1,0,0
193.56,99055.3,0.7182,20.35,6.14,84.21,149.28,83.54,22.16,0.7171,7,1,1
15.72,100852.6,0.2324,33.72,1.05,44.3,13.05,7.43,33.32,0.2435,8,1,0
19.43,100536.1,0.2114,24.6,0.07,56.23,10.19,6.29,22.99,0.192,10,0,0
131.74,100398.9,0.6622,22.62,3.56,81.57,104.73,59.12,22.96,0.6391,3,0,1
139.44,99520.8,0.6679,28.07,3.88,79.06,100.27,72.02,26.61,0.673,7,1,1
3.53,102156.3,0.08,26.31,1.01,23.34,2.68,2.32,27.22,0.0848,4,0,0
5.31,102853.1,0.1316,18.54,1.41,27.97,3.67,2.49,18.46,0.1138,12,0,0
16.72,101807.1,0.21,27.89,1.61,50.36,13.18,9.91,26.07,0.199,12,0,0
21.4,100885.5,0.2714,19.94,1.86,59.35,15.37,10.95,19.05,0.2806,9,1,0
23.02,101060.3,0.2659,37.23,4.26,50.67,18.35,12.22,38.08,0.2745,8,1,0
24.67,100955.6,0.3474,26.55,2.74,66.86,17.64,14.66,24.77,0.3653,6,1,0
17.19,101642.7,0.2429,26.2,2.66,46.37,13.92,11.55,26.42,0.2559,7,1,0
87.92,100385.7,0.6443,26.41,3.0,75.0,56.38,47.05,26.45,0.6437,6,1,1
7.8,102264.7,0.1609,29.61,0.74,33.21,5.59,4.05,30.34,0.1432,1,0,0
161.63,100139.4,0.7848,26.68,5.91,80.19,101.82,58.86,28.04,0.8006,6,1,1
305.26,98000.0,0.9459,26.44,10.34,92.43,242.91,138.72,26.64,0.9686,9,1,1
265.19,98723.4,0.8822,20.0,5.67,89.32,200.24,125.08,19.12,0.9052,6,1,1
256.47,98908.7,0.8168,31.65,8.29,88.2,182.08,152.99,32.59,0.812,6,1,1
183.26,99606.4,0.8102,33.59,4.94,82.59,139.78,96.9,35.25,0.8007,8,1,1
29.19,100500.0,0.35,35.05,1.92,70.0,20.0,12.85,35.38,0.368,7,1,0
123.67,99616.7,0.6127,21.61,3.46,76.43,97.49,65.73,21.28,0.6183,7,1,1
203.08,99129.5,0.7546,25.52,5.89,86.89,116.68,93.14,24.26,0.7811,9,1,1
27.63,100954.4,0.344,31.31,0.0,64.71,19.34,15.0,30.11,0.3582,9,1,0
208.74,99098.2,0.7587,33.96,6.03,86.97,159.96,104.15,33.81,0.7686,6,1,1
235.75,99235.8,0.8239,20.33,4.92,86.97,178.38,110.32,22.23,0.8164,7,1,1
10.96,101521.0,0.1757,20.39,1.78,38.63,9.43,6.19,20.86,0.1765,6,1,0
3.62,102130.9,0.124,23.64,0.0,26.9,2.93,2.2,22.5,0.1328,6,1,0
9.34,101653.4,0.1883,30.41,1.51,43.21,7.77,4.69,30.28,0.188,7,1,0
302.94,98206.6,0.9005,26.33,9.16,89.42,190.1,107.85,26.16,0.8823,8,1,1
20.72,101021.7,0.2493,24.24,0.21,51.08,15.16,8.53,23.26,0.2527,3,0,0
20.3,101012.7,0.252,31.18,1.68,53.97,13.02,7.13,32.44,0.2462,2,0,0
288.83,98706.8,0.8,29.03,5.51,92.44,241.78,148.7,28.09,0.8018,12,0,1
340.85,98000.0,0.9246,27.97,10.76,100.0,250.0,180.0,29.93,0.9266,6,1,1
301.68,98148.6,0.8932,25.57,8.81,88.74,188.0,112.64,24.75,0.9102,7,1,1
13.01,101997.1,0.2027,24.9,1.13,46.17,8.31,6.77,25.72,0.2169,5,0,0
189.09,99821.2,0.7537,26.23,4.15,87.33,157.42,121.36,25.99,0.7359,8,1,1
274.78,98669.2,0.8453,22.11,8.8,92.07,172.96,100.11,23.79,0.8626,7,1,1
255.69,98565.4,0.9025,22.19,6.92,91.16,200.17,134.05,22.56,0.8869,6,1,1
24.33,100787.4,0.3127,35.19,3.35,60.17,13.68,12.13,35.9,0.3325,4,0,0
261.31,98334.4,0.8141,32.81,5.9,95.48,218.38,123.11,33.97,0.8139,9,1,1
16.75,101182.7,0.2186,31.19,2.19,50.53,10.37,5.67,29.91,0.2092,8,1,0
91.25,100343.0,0.624,34.88,4.03,77.98,63.59,40.87,35.51,0.614,9,1,1
27.62,100621.3,0.348,26.44,4.06,58.58,16.55,8.91,24.68,0.3448,1,0,0
126.84,100014.8,0.6797,26.32,3.45,78.6,90.32,72.19,26.44,0.7089,6,1,1
142.98,99613.4,0.6968,32.87,3.0,81.01,115.53,89.29,34.77,0.6835,8,1,1
7.91,102401.7,0.1865,26.85,1.43,30.88,7.04,6.02,26.56,0.1869,12,0,0
285.53,98432.9,0.8837,25.55,8.95,90.69,205.62,119.25,24.59,0.9036,6,1,1
12.48,101299.0,0.1975,20.18,0.41,40.36,7.16,4.0,20.92,0.1963,4,0,0
12.13,101087.8,0.1686,33.25,1.06,42.03,8.29,4.74,31.48,0.1501,3,0,0
319.36,98660.4,0.893,26.83,3.54,96.03,250.0,144.27,25.05,0.8833,6,1,1
329.94,98368.1,0.9419,28.59,4.45,99.14,210.96,132.5,26.63,0.9324,3,0,1
139.4,100249.5,0.7177,27.5,3.0,87.88,87.97,71.23,29.48,0.7156,6,1,1
312.36,98103.1,0.95,20.0,9.98,100.0,244.37,142.3,20.59,0.9585,5,0,1
242.7,98630.4,0.7959,22.43,4.39,88.94,190.26,113.2,20.7,0.7723,8,1,1
8.73,101848.8,0.1299,37.43,0.7,39.67,4.37,2.61,38.28,0.1496,4,0,0
216.44,99194.2,0.7909,28.85,5.17,89.78,144.03,95.47,28.82,0.7716,8,1,1
9.56,102462.1,0.1814,28.37,0.71,32.86,7.62,5.04,29.29,0.1723,12,0,0
10.82,101003.3,0.1466,18.3,0.66,37.72,9.31,6.62,18.33,0.1466,11,0,0
27.3,100596.7,0.3135,26.88,1.11,63.29,15.17,10.44,24.92,0.3275,2,0,0
11.91,101457.8,0.2164,30.29,0.0,38.44,7.98,5.14,31.27,0.2107,2,0,0
286.75,98456.4,0.8514,24.88,9.3,91.17,198.46,157.74,23.62,0.8352,7,1,1
154.97,99589.7,0.7104,33.6,5.43,83.26,95.29,59.95,33.09,0.7098,9,1,1
152.5,99868.2,0.6997,20.69,5.74,78.65,87.52,50.36,20.75,0.713,6,1,1
7.95,102429.6,0.1576,19.18,0.64,30.3,5.28,4.66,19.11,0.1504,5,0,0
289.88,98180.0,0.8488,28.07,7.06,94.97,161.92,89.28,26.35,0.8686,6,1,1
223.4,99003.2,0.8338,30.59,8.63,88.03,128.77,85.6,31.01,0.8144,8,1,1
11.15,101462.2,0.1489,29.48,0.47,36.66,8.43,6.02,27.87,0.1626,12,0,0
13.49,102134.7,0.2014,34.72,2.27,43.07,9.94,5.27,33.07,0.1868,7,1,0
287.14,98442.2,0.861,21.68,5.27,97.26,179.7,131.59,23.27,0.8335,8,1,1
298.07,98456.2,0.9023,21.84,8.42,90.76,244.56,173.44,23.83,0.8875,6,1,1
4.09,101761.2,0.1189,37.48,0.54,30.4,2.13,1.75,37.6,0.1133,5,0,0
26.42,100743.0,0.3167,24.62,3.42,56.61,18.17,12.38,23.05,0.3142,5,0,0
244.48,98598.0,0.8208,33.07,5.74,91.65,181.54,141.94,31.76,0.8351,9,1,1
23.19,100500.0,0.3229,23.25,2.06,62.49,15.5,12.45,24.65,0.3324,3,0,0
24.93,101254.6,0.2727,18.83,3.25,54.12,15.79,12.36,19.53,0.2889,9,1,0
221.47,99211.8,0.8148,30.6,4.96,84.6,179.13,115.18,31.68,0.8261,7,1,1
18.14,101350.0,0.2388,24.32,1.62,50.93,13.85,7.37,24.06,0.2562,8,1,0
263.88,98616.6,0.8246,30.19,4.3,92.74,216.3,138.03,29.09,0.8173,9,1,1
308.25,98164.4,0.8667,28.73,6.41,97.16,211.5,122.2,28.87,0.8638,4,0,1
90.52,100500.0,0.6,29.34,3.0,76.12,71.0,58.58,29.96,0.5916,9,1,1
27.97,100500.0,0.3156,32.95,4.76,69.73,18.34,13.59,34.92,0.3225,3,0,0
200.24,99511.7,0.736,20.51,5.19,85.82,164.32,137.99,22.45,0.7293,4,0,1
4.1,102311.1,0.1389,19.98,0.89,28.04,2.17,1.56,21.04,0.1436,12,0,0
13.64,101249.7,0.2033,36.39,1.44,40.63,10.93,5.94,37.59,0.2183,6,1,0
100.84,100314.9,0.6193,29.39,4.56,77.38,60.51,44.75,30.4,0.6259,10,0,1
8.66,101231.4,0.1592,32.73,1.17,30.47,5.77,3.8,32.35,0.1678,11,0,0
4.99,102037.0,0.124,24.78,1.08,33.6,3.43,2.96,24.45,0.1417,8,1,0
83.34,100133.3,0.604,34.92,3.0,76.65,65.44,47.5,36.6,0.6327,7,1,1
242.7,98650.0,0.8209,24.7,7.15,92.18,146.71,111.12,26.22,0.8396,9,1,1
308.75,98203.2,0.9128,25.24,6.9,95.48,229.86,155.62,26.7,0.9023,1,0,1
10.35,101527.8,0.1442,23.74,1.67,41.19,8.07,7.14,24.59,0.1552,9,1,0
4.64,102089.8,0.0975,23.14,0.0,27.99,2.84,1.79,23.06,0.1036,8,1,0
17.32,101377.0,0.2223,20.5,1.7,48.73,13.43,9.89,20.7,0.2237,9,1,0
120.66,100247.8,0.6317,30.41,5.61,80.63,93.85,69.55,32.31,0.6537,7,1,1
28.06,100866.3,0.3095,36.35,2.21,63.55,20.0,11.66,36.67,0.327,12,0,0
3.28,102617.4,0.1241,32.95,0.57,22.5,2.06,1.85,32.5,0.1298,7,1,0
275.05,99272.0,0.8519,31.69,8.8,92.29,224.96,146.25,32.02,0.8759,9,1,1
326.31,98184.0,0.9184,27.24,5.89,96.25,233.65,178.94,25.53,0.8943,7,1,1
2.79,102381.1,0.1444,22.88,0.16,24.5,1.88,1.24,21.75,0.1576,6,1,0
20.56,101167.8,0.2093,21.48,0.57,51.11,16.66,14.19,20.77,0.1975,1,0,0
26.08,100500.0,0.3234,37.83,1.82,68.56,20.0,15.0,38.82,0.3354,2,0,0
101.76,99911.0,0.6344,20.0,3.89,75.56,69.02,42.44,20.57,0.6201,9,1,1
27.91,101048.5,0.35,24.66,2.13,70.0,15.32,9.68,24.43,0.361,2,0,0
22.16,100984.2,0.2694,27.77,1.26,58.32,13.61,11.87,26.18,0.2873,8,1,0
4.69,102495.0,0.1349,34.89,0.18,28.16,3.01,2.15,35.48,0.1458,11,0,0
84.01,100064.9,0.6,25.49,3.0,75.0,63.6,42.4,26.02,0.6056,8,1,1
29.99,100627.5,0.3263,22.95,4.83,70.0,20.0,15.0,22.04,0.3083,4,0,0
280.28,98330.6,0.7864,30.25,6.71,95.71,189.73,125.32,29.77,0.7715,9,1,1
0.94,102637.2,0.0922,30.74,0.57,20.0,0.55,0.48,32.55,0.0907,4,0,0
250.97,98874.3,0.8207,23.01,8.34,85.11,165.96,131.18,22.66,0.8165,9,1,1
125.71,99515.6,0.6756,24.3,3.16,77.0,100.64,67.81,24.87,0.683,12,0,1
157.46,99617.3,0.7154,27.84,3.01,85.77,124.5,69.99,28.08,0.711,8,1,1
90.52,99915.9,0.6021,28.74,4.76,76.27,54.2,41.25,27.34,0.6278,8,1,1
3.98,102051.2,0.1352,34.31,0.0,27.19,3.22,2.7,33.55,0.1388,8,1,0
313.29,98485.0,0.8957,30.37,9.3,91.8,187.6,154.08,31.09,0.8906,6,1,1
190.02,99619.1,0.7076,30.09,5.88,87.08,156.7,88.9,29.67,0.7337,2,0,1
19.68,100500.0,0.2126,32.08,2.59,56.93,13.99,7.11,32.39,0.2055,12,0,0
254.19,98376.5,0.8562,23.15,6.29,95.93,166.5,125.21,21.63,0.8782,9,1,1
337.65,98544.7,0.9023,33.23,5.8,100.0,249.38,180.0,32.72,0.9258,10,0,1
91.03,100142.8,0.6226,23.41,3.49,75.54,54.1,40.0,23.6,0.5949,8,1,1
195.84,99447.8,0.7322,29.13,3.0,87.84,155.38,126.54,27.42,0.7276,6,1,1
123.45,99637.6,0.6,23.01,3.84,77.21,93.83,72.51,21.97,0.5804,3,0,1
0.21,102527.5,0.1059,21.18,0.0,20.0,0.18,0.13,22.64,0.0894,1,0,0
15.63,102049.0,0.2132,29.72,0.39,43.87,11.55,8.56,30.27,0.2052,12,0,0
90.45,100411.0,0.6278,32.26,3.0,78.91,60.98,42.27,31.24,0.6558,8,1,1
4.71,102303.0,0.1406,33.86,0.29,22.83,3.35,1.84,32.51,0.1433,5,0,0
160.32,99037.5,0.7099,29.39,4.58,78.48,115.76,80.09,29.55,0.6833,12,0,1
310.57,98596.6,0.877,20.29,7.99,93.33,206.29,122.17,20.69,0.8726,8,1,1
4.38,102504.0,0.1286,18.92,0.62,29.95,2.88,2.52,17.94,0.1242,3,0,0
161.81,99567.8,0.7346,29.67,6.01,88.88,117.15,68.37,28.54,0.7394,3,0,1
173.89,99926.3,0.712,26.04,6.04,83.2,105.56,65.81,25.05,0.7241,11,0,1
282.11,98934.7,0.8951,22.56,6.94,91.01,200.45,123.12,23.39,0.9176,6,1,1
18.78,101281.2,0.2473,19.85,2.91,49.7,16.76,12.62,18.23,0.2498,5,0,0
164.83,99733.3,0.7542,23.72,4.43,81.58,121.05,97.86,22.97,0.7487,6,1,1
24.47,100550.0,0.2755,22.93,2.31,58.36,13.21,7.17,24.26,0.2724,11,0,0
250.56,98688.0,0.7963,20.0,4.11,91.15,162.46,111.47,21.05,0.8183,6,1,1
282.41,98746.1,0.8397,25.84,7.25,91.52,211.71,143.96,25.1,0.8132,4,0,1
8.47,101938.4,0.1523,28.12,1.93,26.08,6.4,4.15,27.51,0.1563,9,1,0
348.57,98000.0,0.95,29.24,10.24,100.0,250.0,180.0,27.8,0.924,8,1,1
190.6,99026.8,0.7165,23.19,4.71,87.68,148.86,124.54,21.86,0.7175,6,1,1
246.31,98940.4,0.7848,31.45,6.54,91.17,194.16,158.69,30.95,0.7727,6,1,1
14.0,101387.5,0.211,32.99,2.68,42.88,10.22,7.15,33.55,0.2104,7,1,0
305.24,98450.1,0.8956,27.36,6.68,98.69,245.06,180.0,28.62,0.8739,6,1,1
327.79,98373.1,0.9361,27.21,6.74,93.86,244.75,140.84,28.36,0.9251,7,1,1
334.34,98019.5,0.94,29.09,11.59,100.0,208.42,162.08,28.15,0.9474,8,1,1
6.07,101980.6,0.1251,19.6,0.43,26.95,4.22,2.48,20.22,0.1088,1,0,0
21.3,101278.1,0.297,23.99,0.27,55.89,13.25,7.17,22.12,0.3001,12,0,0
26.84,100527.6,0.2992,32.42,3.71,60.83,20.0,15.0,33.84,0.308,9,1,0
21.06,100500.0,0.261,28.96,1.5,50.76,14.5,11.97,29.98,0.2458,9,1,0
337.03,98404.2,0.895,25.03,7.79,100.0,250.0,176.37,23.96,0.8701,7,1,1
10.15,101943.0,0.174,35.0,1.8,35.94,8.52,4.67,34.3,0.1554,7,1,0
28.39,100824.0,0.3446,22.66,0.03,63.39,18.52,12.33,21.04,0.3331,6,1,0
24.2,100604.2,0.2676,26.24,1.19,62.84,17.36,11.64,28.09,0.2617,5,0,0
8.48,101957.5,0.1408,37.62,2.35,40.2,5.67,5.02,36.27,0.1354,11,0,0
23.72,100921.9,0.2953,20.98,3.3,60.05,18.54,11.68,21.12,0.3047,1,0,0
88.38,100500.0,0.6,20.36,3.34,75.0,70.41,40.0,19.08,0.6283,9,1,1
80.67,100143.2,0.6,21.49,3.12,75.22,50.0,40.0,21.64,0.5712,8,1,1
18.19,101614.5,0.2251,18.25,2.16,54.77,15.38,11.79,19.77,0.2067,8,1,0
10.14,101465.5,0.1603,28.42,1.08,32.05,7.83,5.64,27.37,0.1734,3,0,0
125.01,100098.6,0.6709,20.44,4.94,77.99,93.59,54.48,21.47,0.6945,8,1,1
14.32,101497.1,0.2251,29.82,0.81,38.72,8.09,5.41,29.87,0.2069,5,0,0
304.38,98473.5,0.875,31.26,7.05,97.47,197.8,133.49,31.28,0.8554,8,1,1
182.36,99709.1,0.7083,21.96,4.52,83.66,108.8,85.14,22.37,0.7367,9,1,1
5.14,101907.1,0.1269,37.61,0.64,32.99,4.03,2.15,38.32,0.1146,2,0,0
238.43,99611.5,0.8221,21.12,8.3,90.95,136.94,82.8,19.81,0.8241,8,1,1
2.97,102060.6,0.0811,31.97,0.0,29.39,2.58,1.58,31.38,0.0618,9,1,0
310.44,98306.7,0.9131,31.14,10.32,96.92,192.55,137.52,32.33,0.9429,12,0,1
22.08,102027.1,0.2398,28.67,1.83,50.82,13.7,10.97,28.7,0.2546,1,0,0
29.54,101028.8,0.35,18.77,3.39,66.15,20.0,10.5,17.48,0.3536,3,0,0
23.97,101604.7,0.2979,32.81,4.04,55.12,15.3,9.5,34.67,0.3093,10,0,0
11.24,101540.4,0.1727,36.16,0.75,37.49,6.59,5.29,36.24,0.1552,5,0,0
4.96,102668.5,0.1351,31.91,0.96,20.17,4.19,2.48,31.25,0.1185,12,0,0
184.9,100116.6,0.7647,24.08,4.5,81.71,105.39,83.21,25.34,0.7374,6,1,1
14.21,101454.2,0.2159,33.72,0.43,43.38,8.19,4.92,35.68,0.2321,8,1,0
22.61,100815.2,0.2565,22.92,3.72,54.27,16.89,9.33,22.48,0.2645,4,0,0
94.45,100058.3,0.6584,34.76,4.77,76.01,62.76,40.0,33.82,0.6304,6,1,1
13.44,101576.2,0.1866,35.76,1.21,45.01,9.83,8.4,36.38,0.2039,8,1,0
2.91,102394.0,0.1022,25.04,0.6,20.0,2.57,1.48,26.52,0.104,2,0,0
23.15,100859.7,0.2717,21.37,2.46,59.29,18.45,11.18,21.09,0.2548,9,1,0
116.41,100500.0,0.6483,21.35,3.0,80.05,69.24,41.43,19.56,0.6211,1,0,1
293.56,98331.1,0.8979,20.35,9.24,96.34,161.74,129.16,20.36,0.8932,8,1,1
272.91,98848.3,0.8669,31.26,4.42,93.09,202.81,117.86,29.82,0.8512,6,1,1
0.74,101769.7,0.1088,24.37,0.38,25.56,0.51,0.28,22.95,0.0996,6,1,0
9.34,102080.3,0.1615,36.98,1.59,33.42,8.3,4.67,36.88,0.1609,5,0,0
344.24,98000.0,0.9224,20.0,9.59,99.01,242.39,177.49,21.02,0.9037,9,1,1
96.56,100241.6,0.6329,31.76,3.57,76.15,55.22,45.03,32.96,0.6606,2,0,1
12.63,102083.2,0.2055,25.62,3.05,40.48,8.16,7.2,26.21,0.2029,11,0,0
20.26,100762.1,0.2427,21.99,2.92,54.06,15.91,11.68,20.02,0.2375,5,0,0
303.92,98663.9,0.8905,32.63,8.79,97.57,167.91,102.11,31.56,0.8691,6,1,1
10.91,101199.6,0.1658,37.15,0.07,38.04,6.94,5.08,37.07,0.1688,3,0,0
262.26,99038.5,0.8393,24.29,8.19,87.35,218.74,177.13,26.07,0.8481,8,1,1
166.68,99556.6,0.6641,33.58,3.0,88.93,138.21,88.55,32.75,0.6904,7,1,1
13.99,101494.3,0.2003,33.95,0.55,44.83,11.74,7.75,35.39,0.1872,5,0,0
2.54,102977.0,0.08,29.6,0.71,30.75,1.66,1.37,30.98,0.0828,8,1,0
178.78,99736.2,0.7168,31.88,4.9,84.98,144.04,121.27,30.39,0.691,8,1,1
217.91,98879.1,0.789,27.3,6.01,88.55,135.02,90.41,26.5,0.8147,10,0,1
263.92,98292.7,0.7985,26.09,8.22,89.02,190.62,144.13,24.97,0.7723,6,1,1
252.7,99167.5,0.801,23.0,3.3,91.06,196.74,136.36,22.55,0.7761,7,1,1
102.21,100390.9,0.6,26.54,3.01,77.28,76.59,53.98,26.97,0.5861,6,1,1
20.71,101170.3,0.2484,34.82,2.11,52.72,16.33,9.55,34.52,0.267,6,1,0
27.95,101029.4,0.3477,23.7,2.84,64.45,15.4,11.82,24.74,0.3526,5,0,0
6.81,102657.6,0.1559,25.47,0.41,25.35,4.29,3.18,26.89,0.1609,6,1,0
301.1,98030.6,0.8762,28.61,9.55,92.72,178.58,126.69,30.12,0.8518,9,1,1
311.33,98182.8,0.9233,25.9,8.8,93.08,246.42,180.0,26.44,0.9037,8,1,1
309.41,98707.3,0.91,21.71,8.33,93.5,239.58,154.38,23.06,0.9033,6,1,1
103.43,99712.9,0.6281,21.14,3.54,75.9,65.12,50.82,20.34,0.657,4,0,1
91.09,100107.6,0.6348,20.53,3.17,79.12,72.74,52.59,20.22,0.616,7,1,1
27.98,100749.6,0.3305,30.13,4.63,54.49,19.94,10.6,28.89,0.3305,7,1,0
11.98,101256.8,0.1894,26.67,1.34,30.59,8.68,7.2,27.46,0.1884,12,0,0
303.42,98240.2,0.9407,24.94,9.67,97.76,230.65,180.0,26.57,0.9507,7,1,1
27.49,100500.0,0.3217,28.33,5.0,70.0,20.0,13.44,29.2,0.3148,4,0,0
227.6,98777.5,0.7572,20.0,8.11,91.53,148.62,118.25,18.37,0.7509,3,0,1
220.17,99095.1,0.7798,20.0,6.95,88.32,175.08,136.4,19.98,0.8067,8,1,1
24.62,100863.0,0.3341,34.13,2.25,58.37,19.42,11.16,35.03,0.3507,11,0,0
221.65,99480.2,0.7899,26.46,4.67,87.36,162.8,99.43,27.13,0.7627,7,1,1
19.17,101536.9,0.2244,22.38,2.08,49.73,10.62,6.97,20.44,0.2397,2,0,0
28.07,100941.3,0.3361,34.6,3.62,68.87,18.8,11.42,33.07,0.3548,11,0,0
211.26,99464.8,0.7753,31.37,5.16,91.87,153.32,85.9,31.78,0.7825,6,1,1
11.8,101332.6,0.1896,32.91,1.73,44.69,8.2,5.49,31.77,0.2018,8,1,0
103.17,100388.0,0.628,32.44,4.86,80.25,80.12,65.74,32.63,0.604,7,1,1
163.04,99887.1,0.7162,33.71,4.01,86.35,96.52,56.59,31.85,0.7007,9,1,1
13.04,101217.1,0.159,22.2,1.3,36.97,11.71,8.34,21.47,0.1429,12,0,0
283.45,98319.7,0.8608,24.21,8.7,97.21,233.56,180.0,24.53,0.8766,6,1,1
291.86,98406.0,0.8451,21.27,5.6,98.31,185.08,128.48,19.32,0.8633,5,0,1
222.74,99303.4,0.7815,23.78,6.39,90.14,126.65,102.17,24.46,0.7718,7,1,1
202.2,99198.6,0.759,32.41,4.82,85.26,121.44,97.34,34.02,0.7364,7,1,1
1.32,102580.7,0.0866,32.79,0.0,26.47,0.77,0.64,33.03,0.0893,8,1,0
332.83,98388.6,0.95,32.16,3.66,97.83,227.6,136.78,33.7,0.9759,8,1,1
6.05,101776.3,0.1395,28.95,1.23,32.23,4.26,2.75,28.36,0.1311,7,1,0
23.57,101275.9,0.3341,25.75,2.56,61.25,17.53,13.04,25.93,0.3384,11,0,0
108.13,99876.6,0.6726,24.36,4.65,77.65,62.64,40.0,25.99,0.6978,1,0,1
3.68,102228.9,0.1041,28.49,0.38,34.27,2.0,1.52,30.29,0.086,7,1,0
255.05,98736.4,0.8627,31.7,4.28,88.6,162.7,128.68,33.59,0.8926,8,1,1
330.8,98394.4,0.9328,20.51,7.55,99.28,219.45,163.79,18.58,0.9444,9,1,1
140.45,100232.6,0.6548,31.77,5.37,80.45,88.08,67.32,31.95,0.6537,9,1,1
277.76,98163.3,0.8545,29.06,5.59,94.49,160.18,128.24,28.11,0.8458,6,1,1
26.2,100500.0,0.2951,18.89,2.46,62.67,17.58,10.38,19.91,0.2914,1,0,0
14.5,101152.6,0.1908,25.16,2.69,49.58,8.34,5.0,26.21,0.1717,12,0,0
88.35,99911.0,0.6052,31.25,4.56,77.69,59.59,40.15,31.57,0.6212,8,1,1
101.28,100401.4,0.6,28.29,3.0,81.21,75.78,59.88,28.91,0.5736,1,0,1
13.34,100979.8,0.2281,18.89,0.54,47.26,7.21,5.6,18.77,0.2234,1,0,0
14.49,101412.4,0.2065,33.0,2.16,37.59,7.91,4.62,32.73,0.206,1,0,0
145.4,100476.7,0.6704,21.09,3.03,84.67,106.46,59.96,21.28,0.6764,7,1,1
17.46,102030.8,0.2398,31.26,1.97,51.79,13.18,7.2,31.47,0.2396,5,0,0
12.61,101442.5,0.1947,30.59,0.09,40.82,8.95,5.19,29.28,0.1919,10,0,0
201.74,99808.7,0.7122,27.19,6.6,86.16,118.68,73.73,28.17,0.7349,8,1,1
23.73,100940.7,0.2935,22.65,4.25,55.73,14.66,8.0,23.84,0.3064,3,0,0
187.01,100132.0,0.7256,24.78,5.35,87.73,107.64,75.75,23.07,0.7233,5,0,1
261.69,99249.7,0.8238,25.32,4.66,91.43,165.2,124.02,25.94,0.7965,4,0,1
18.85,101121.3,0.2654,34.98,1.07,53.09,14.93,11.5,35.01,0.285,3,0,0
10.7,101983.4,0.1592,19.61,0.27,45.18,8.07,6.96,20.21,0.1747,1,0,0
7.26,101736.3,0.1348,26.71,1.39,24.2,5.22,4.59,27.17,0.1172,1,0,0
4.11,102215.6,0.1079,35.4,1.04,25.42,2.26,1.63,34.26,0.1141,9,1,0
247.49,98672.6,0.8129,20.0,6.82,91.43,137.52,91.63,18.29,0.8033,7,1,1
16.11,101650.1,0.2329,27.87,2.43,47.52,13.56,12.12,27.44,0.2505,8,1,0
116.67,99786.1,0.6519,21.48,3.0,75.88,75.49,49.71,20.14,0.6659,9,1,1
177.53,99316.0,0.7201,28.88,7.53,78.62,114.61,64.58,30.23,0.7479,8,1,1
22.49,101023.1,0.3015,30.92,3.71,64.33,11.58,6.21,32.61,0.2855,4,0,0
249.35,98627.5,0.778,33.13,6.52,86.36,182.14,130.08,32.61,0.7764,6,1,1
0.16,102959.5,0.08,31.72,0.0,21.69,0.14,0.12,31.78,0.0658,12,0,0
263.62,98177.3,0.8234,27.55,4.9,92.51,190.21,124.86,29.33,0.8344,3,0,1
6.01,101930.8,0.1113,25.86,1.82,28.36,3.04,1.76,27.27,0.1087,9,1,0
338.38,98227.2,0.8802,25.86,6.33,100.0,214.99,159.42,25.61,0.9082,9,1,1
25.34,100682.4,0.3096,34.76,0.81,61.93,17.49,11.86,36.5,0.3272,4,0,0
0.29,102630.2,0.1428,33.98,0.52,24.93,0.2,0.11,33.88,0.1252,7,1,0
103.95,100129.9,0.6517,34.68,3.0,82.55,82.01,46.26,35.11,0.6507,6,1,1
308.19,98218.2,0.95,28.56,5.83,92.19,219.57,152.99,27.97,0.9697,7,1,1
4.19,103000.0,0.0904,25.07,0.55,26.02,2.29,1.39,24.66,0.0945,6,1,0
254.02,98673.9,0.8435,26.45,7.26,90.34,152.19,104.11,26.64,0.8557,9,1,1
24.61,101579.2,0.258,22.65,2.13,60.88,15.98,12.52,22.97,0.2748,11,0,0
229.71,99190.8,0.827,22.04,4.41,92.24,173.71,102.32,23.04,0.8395,7,1,1
256.08,99171.6,0.839,28.62,4.43,91.8,197.61,125.65,27.32,0.8525,10,0,1
14.97,100814.3,0.1972,33.78,0.45,48.0,8.04,4.68,33.08,0.1804,1,0,0
174.39,99634.3,0.684,32.18,3.79,84.69,120.88,67.9,33.73,0.6757,8,1,1
263.19,98548.1,0.8965,31.05,8.48,91.81,183.83,142.07,31.74,0.8994,11,0,1
340.18,98000.0,0.95,28.34,3.78,100.0,249.92,180.0,29.49,0.9543,7,1,1
2.27,102655.1,0.0997,33.36,0.0,20.17,1.98,1.72,34.58,0.1163,6,1,0
23.74,100639.5,0.3127,34.42,3.91,54.84,15.59,13.56,35.81,0.3015,1,0,0
290.95,99023.1,0.8894,20.58,10.29,97.2,234.46,144.48,20.2,0.8908,6,1,1
6.05,101752.0,0.094,18.97,0.95,37.21,4.14,3.38,17.84,0.1121,11,0,0
21.37,101336.2,0.2911,18.58,3.49,63.12,15.89,9.75,19.92,0.3025,10,0,0
19.91,100500.0,0.2849,35.96,4.15,54.81,12.72,10.92,35.56,0.2761,9,1,0
17.53,101722.2,0.229,31.41,3.06,47.04,12.39,9.64,32.84,0.2316,3,0,0
182.81,99581.6,0.7867,33.43,5.05,84.67,111.83,91.91,32.85,0.792,9,1,1
136.92,100080.2,0.7047,24.45,3.64,79.8,105.94,63.37,24.13,0.7347,2,0,1
19.34,101734.2,0.2377,33.97,1.61,49.98,12.07,9.23,32.29,0.2488,5,0,0
255.88,98616.4,0.8585,32.21,7.12,96.27,216.35,133.97,31.32,0.8858,6,1,1
89.96,100480.1,0.6,27.58,4.23,76.97,52.87,40.0,27.07,0.5733,7,1,1
16.3,101839.2,0.21,28.24,1.6,41.21,11.65,7.0,29.2,0.229,1,0,0
230.36,99044.5,0.7586,20.5,6.5,93.67,150.15,124.42,19.82,0.7775,6,1,1
6.65,102228.6,0.1855,35.1,0.21,31.48,4.14,3.24,35.22,0.1807,1,0,0
177.66,99723.3,0.7158,21.33,5.08,84.48,141.57,101.08,20.43,0.7424,12,0,1
1.06,102646.2,0.0904,34.4,0.0,20.61,0.55,0.31,35.56,0.0918,1,0,0
0.28,103000.0,0.0842,28.4,0.85,23.26,0.15,0.09,28.24,0.0653,5,0,0
327.6,98252.4,0.95,20.88,6.69,100.0,195.26,119.36,22.01,0.9295,9,1,1
9.27,101813.2,0.1498,36.8,0.47,40.91,6.23,5.59,35.66,0.1364,5,0,0
327.59,98108.0,0.9417,28.22,7.12,98.33,181.13,152.94,30.1,0.9439,7,1,1
298.8,98007.0,0.9022,28.4,5.75,94.88,193.99,125.34,27.57,0.8806,6,1,1
20.29,101418.9,0.2634,33.23,1.54,56.3,12.72,9.8,34.11,0.2757,9,1,0
28.68,101074.2,0.3017,21.26,3.17,69.07,20.0,13.96,21.26,0.2914,2,0,0
255.15,98939.9,0.8581,23.76,7.27,88.28,186.58,104.72,23.18,0.8429,6,1,1
0.36,102559.4,0.106,25.22,0.0,20.0,0.28,0.14,24.48,0.1095,12,0,0
290.12,98183.5,0.8994,22.02,7.62,90.73,240.78,159.63,22.56,0.9037,8,1,1
26.69,100565.2,0.3217,30.12,2.8,57.63,17.52,10.52,29.21,0.3411,10,0,0
180.03,99978.6,0.7054,26.24,7.07,84.12,151.81,112.16,25.66,0.6757,9,1,1
3.12,102694.0,0.1327,37.62,0.41,27.82,2.66,1.82,36.64,0.1231,1,0,0
87.48,100500.0,0.6154,28.49,3.0,75.0,52.39,40.87,28.1,0.6288,9,1,1
2.36,102105.0,0.1154,25.27,0.01,28.51,1.96,1.27,26.98,0.1129,11,0,0
10.89,101192.6,0.1681,27.36,0.2,35.89,8.94,7.57,26.14,0.1563,7,1,0
12.45,101651.9,0.2263,26.71,1.2,40.28,8.27,6.5,27.03,0.2186,4,0,0
5.87,102169.0,0.1314,23.74,0.66,28.54,3.19,1.7,22.94,0.1387,8,1,0
161.34,99807.6,0.7016,20.0,5.34,84.8,119.85,94.09,19.44,0.6716,6,1,1
22.49,100572.3,0.2648,29.21,1.44,58.77,17.47,14.6,27.41,0.2766,4,0,0
259.9,98841.0,0.859,25.15,8.44,89.39,175.06,106.74,26.51,0.8542,9,1,1
80.11,100500.0,0.6,34.17,3.0,75.0,65.27,42.06,32.62,0.5739,9,1,1
268.42,98912.3,0.8228,28.36,6.34,95.53,162.15,110.18,29.79,0.7987,2,0,1
330.46,98000.0,0.9289,31.4,6.46,99.13,250.0,157.86,30.91,0.9324,4,0,1
15.32,102011.7,0.1664,19.86,3.13,40.04,12.05,10.19,19.64,0.1515,4,0,0
21.89,100779.8,0.238,22.34,4.0,62.28,16.16,9.31,23.98,0.2341,11,0,0
29.68,100688.8,0.35,36.49,3.41,63.73,20.0,11.18,38.4,0.3539,10,0,0
217.47,98900.9,0.7818,25.97,5.43,84.77,146.46,102.9,27.01,0.7751,7,1,1
147.87,99868.4,0.6909,23.24,3.24,86.82,114.71,81.46,23.19,0.6707,6,1,1
185.81,99261.4,0.7426,30.0,4.94,81.93,121.92,69.81,31.52,0.7482,1,0,1
82.15,100500.0,0.6,22.02,3.9,75.0,60.93,46.1,20.36,0.5995,1,0,1
277.4,98435.4,0.8648,26.91,3.93,97.15,154.71,123.03,26.63,0.8822,8,1,1
175.41,99822.4,0.7239,24.21,3.77,79.46,141.15,108.77,22.68,0.7216,8,1,1
288.16,98332.9,0.8818,30.05,7.02,98.65,181.61,102.31,30.29,0.8944,6,1,1
10.02,102096.0,0.198,25.0,0.45,41.02,8.84,6.28,24.6,0.2064,8,1,0
286.39,98287.1,0.8163,30.21,6.14,91.57,186.76,124.82,30.87,0.8196,9,1,1
281.14,98424.4,0.9074,20.01,6.38,94.72,222.83,176.5,18.79,0.9306,9,1,1
160.74,99381.0,0.7124,26.71,3.07,82.84,92.86,68.76,28.25,0.6846,7,1,1
334.41,98611.8,0.95,20.0,10.36,100.0,197.23,110.57,20.93,0.9697,8,1,1
212.03,98642.3,0.7529,34.02,7.55,84.98,132.17,106.72,35.63,0.7299,6,1,1
184.73,99490.4,0.6854,24.8,8.14,82.42,124.73,69.91,23.64,0.6871,5,0,1
2.63,102165.7,0.1081,22.35,0.0,22.87,1.7,1.3,23.42,0.116,1,0,0
324.85,98637.8,0.95,22.79,4.24,100.0,237.01,167.76,21.01,0.9393,7,1,1
250.34,98964.0,0.7982,31.05,5.12,93.87,197.33,151.73,29.53,0.8058,8,1,1
28.56,100500.0,0.3243,34.29,2.59,68.63,20.0,12.31,32.42,0.3223,1,0,0
302.25,98472.8,0.9052,23.45,8.41,98.75,196.98,150.64,25.03,0.9194,7,1,1
23.02,101331.5,0.2844,18.19,2.88,58.11,16.42,11.31,17.05,0.2966,6,1,0
29.22,100500.0,0.35,27.72,1.66,66.9,18.09,9.97,27.04,0.367,8,1,0
336.82,98811.5,0.909,31.1,10.78,96.45,194.03,128.4,29.93,0.9145,6,1,1
161.43,100112.9,0.658,28.57,5.12,81.49,134.2,108.03,30.0,0.6818,6,1,1
15.25,102014.6,0.2311,21.4,0.45,42.96,8.04,6.1,20.64,0.2306,3,0,0
327.2,98000.0,0.8807,22.94,12.0,98.32,237.77,177.13,21.46,0.8815,7,1,1
187.99,99407.5,0.6751,23.03,5.4,86.05,149.42,125.8,23.06,0.6892,9,1,1
15.75,101110.8,0.2527,23.0,1.27,49.21,14.08,12.43,22.72,0.2621,1,0,0
9.71,101656.6,0.1593,30.22,1.27,32.97,6.21,3.6,30.0,0.1739,4,0,0
21.43,100995.5,0.2376,33.13,3.04,55.28,17.15,14.95,33.18,0.2276,11,0,0
13.96,101551.3,0.225,23.14,1.43,45.21,10.69,9.35,22.6,0.2193,12,0,0
297.56,98504.2,0.889,23.51,8.41,97.17,173.14,107.64,22.57,0.8865,7,1,1
14.39,100999.9,0.1869,27.1,0.47,47.73,9.39,5.16,26.16,0.1725,6,1,0
12.67,100972.0,0.1909,18.91,1.65,38.99,8.94,5.38,19.6,0.1798,1,0,0
152.09,99804.7,0.6701,26.08,3.67,82.76,123.96,68.54,27.86,0.6472,8,1,1
288.17,98768.3,0.8421,29.51,8.63,92.29,235.32,152.25,28.16,0.8309,6,1,1
25.59,101070.2,0.3393,25.47,1.97,60.57,14.25,12.25,23.94,0.3281,5,0,0
253.29,98823.5,0.8176,26.63,6.02,88.8,180.55,102.51,28.57,0.8361,4,0,1
15.24,101708.0,0.2195,34.5,1.15,46.98,7.78,6.96,34.66,0.2107,3,0,0
174.72,99052.3,0.7469,21.09,4.62,83.17,144.49,113.1,22.92,0.7172,9,1,1
23.65,100926.5,0.2643,35.83,3.43,63.38,20.0,15.0,35.43,0.2789,12,0,0
1.77,102452.5,0.08,30.99,0.64,23.05,0.89,0.63,32.73,0.0946,8,1,0
26.66,101436.3,0.3056,32.73,1.59,60.87,19.82,10.71,33.53,0.2941,4,0,0
227.06,99509.2,0.7682,21.49,7.05,87.4,149.8,94.36,21.84,0.7735,6,1,1
20.63,101325.0,0.2716,32.17,2.44,60.5,17.74,12.67,30.59,0.2683,3,0,0
202.93,99664.9,0.738,31.82,5.99,86.25,168.45,125.78,32.92,0.7438,7,1,1
113.34,100268.8,0.6331,27.71,4.99,78.02,86.8,67.28,26.15,0.6122,9,1,1
26.51,100597.2,0.3145,35.95,2.7,66.03,17.64,13.8,34.57,0.3218,9,1,0
19.06,101419.9,0.2251,25.6,0.52,55.21,13.47,11.45,27.38,0.2399,1,0,0
129.47,100068.0,0.6629,22.38,3.54,80.4,75.45,55.92,20.97,0.6885,8,1,1
169.73,99577.6,0.7075,20.0,4.86,81.44,136.85,97.57,18.45,0.6812,9,1,1
22.8,101199.6,0.282,24.5,2.52,59.33,19.44,14.97,24.09,0.2931,3,0,0
118.73,100166.7,0.6643,33.95,3.0,85.92,87.62,66.12,33.45,0.6773,6,1,1
16.98,101246.5,0.2503,27.97,2.32,46.53,11.0,7.2,27.96,0.2392,8,1,0
221.48,99330.5,0.8155,27.75,4.28,87.55,122.19,97.77,26.5,0.8241,11,0,1
278.9,98784.4,0.8764,32.71,6.6,93.37,190.87,142.73,33.36,0.8968,8,1,1
326.15,98057.0,0.95,24.64,10.41,99.78,230.88,180.0,24.23,0.9566,3,0,1
5.57,101764.6,0.1255,27.91,0.0,29.15,2.91,2.46,28.38,0.1355,10,0,0
6.25,102266.0,0.1243,33.68,0.26,26.79,5.55,3.84,35.09,0.1164,2,0,0
14.91,101205.5,0.249,19.96,1.3,36.87,11.62,9.6,20.51,0.2471,9,1,0
17.48,101464.4,0.247,34.26,0.54,52.03,14.41,12.14,34.37,0.2495,4,0,0
197.94,99723.6,0.7147,20.21,6.15,86.35,162.12,116.15,20.8,0.7424,8,1,1
151.74,100290.1,0.7079,31.46,4.84,81.91,108.05,70.26,32.53,0.678,8,1,1
21.21,101278.5,0.2971,26.89,0.76,57.78,13.17,10.48,26.23,0.2794,12,0,0
279.57,98377.6,0.8722,34.44,8.71,91.45,194.74,126.68,33.7,0.891,9,1,1
5.53,101850.6,0.1118,37.74,0.15,29.7,4.43,3.02,38.77,0.1066,8,1,0
218.79,99526.2,0.8191,30.26,7.51,90.5,132.46,103.74,31.51,0.8135,9,1,1
233.18,99447.9,0.7574,33.71,3.82,88.71,193.57,114.19,35.39,0.748,8,1,1
11.33,100738.1,0.1809,31.61,1.16,46.12,7.94,4.19,32.24,0.1879,5,0,0
231.64,98549.1,0.8225,24.12,5.54,87.74,182.37,109.76,24.42,0.7937,6,1,1
17.54,101099.6,0.2157,23.18,1.65,51.11,12.06,9.68,22.12,0.2304,8,1,0
192.72,99692.2,0.7103,21.39,3.0,85.29,110.68,64.72,20.13,0.7014,7,1,1
21.79,100974.1,0.2609,33.28,1.7,55.4,17.0,13.91,34.93,0.2731,2,0,0
218.53,99442.6,0.8087,32.48,5.0,85.33,166.13,104.64,32.78,0.8081,7,1,1
184.41,99550.5,0.7507,34.37,4.01,81.13,116.98,64.36,32.51,0.7667,8,1,1
93.56,100440.7,0.6013,26.04,3.0,79.2,74.91,48.22,26.26,0.6046,10,0,1
250.86,98207.1,0.7762,26.68,8.78,91.9,180.92,124.97,26.87,0.7974,9,1,1
25.14,100975.7,0.3035,26.46,2.25,64.9,20.0,15.0,27.29,0.3001,12,0,0
5.0,101923.4,0.1421,36.91,0.76,31.29,3.04,2.27,35.7,0.1308,9,1,0
190.26,98867.9,0.7181,23.25,6.32,87.92,121.86,86.31,24.79,0.7335,7,1,1
9.09,102402.2,0.186,19.69,1.17,28.71,4.9,3.7,21.17,0.1742,3,0,0
26.29,100589.1,0.3301,21.73,3.18,63.19,16.31,8.69,21.96,0.3279,4,0,0
17.69,101260.4,0.2278,22.66,0.87,47.58,13.61,10.88,21.93,0.2353,8,1,0
329.17,98157.5,0.9004,34.11,12.0,94.16,231.86,152.63,32.57,0.9234,9,1,1
115.57,99991.4,0.6579,25.45,3.48,79.61,82.02,52.5,27.0,0.6764,9,1,1
138.39,100010.5,0.727,31.17,3.0,81.22,81.05,59.83,31.87,0.74,10,0,1
338.71,98129.4,0.95,29.35,7.35,95.23,206.56,123.34,28.27,0.9672,9,1,1
116.44,100366.0,0.6031,23.1,4.87,80.52,91.5,77.45,24.17,0.6286,7,1,1
20.45,101056.0,0.2494,32.8,1.26,51.55,18.28,10.37,30.99,0.2452,3,0,0
311.35,98248.8,0.9419,25.85,3.4,99.39,182.96,107.98,24.66,0.9398,9,1,1
99.25,100063.2,0.621,26.6,3.0,82.79,68.66,48.54,27.88,0.6097,8,1,1
13.32,101796.8,0.1867,32.37,0.49,37.46,7.14,3.7,33.14,0.1915,10,0,0
202.83,99042.6,0.7405,33.07,6.68,89.63,172.18,126.35,31.67,0.7211,8,1,1
298.73,98495.9,0.8628,26.77,9.12,92.2,168.66,104.36,25.37,0.8717,9,1,1
339.72,98077.3,0.9411,29.34,8.77,100.0,250.0,180.0,30.46,0.9181,9,1,1
222.33,98755.0,0.7546,20.0,3.48,84.78,161.47,119.71,20.4,0.7556,8,1,1
24.24,101030.2,0.2727,20.15,1.61,63.6,13.53,11.57,20.32,0.2704,12,0,0
183.02,99533.3,0.8201,32.27,5.09,81.67,148.6,119.98,32.98,0.8465,7,1,1
83.72,100267.9,0.6032,26.82,3.0,77.1,52.13,40.0,24.84,0.5863,9,1,1
23.71,101235.9,0.2996,19.54,1.84,62.61,19.78,11.18,19.28,0.298,3,0,0
336.01,98234.9,0.95,28.29,10.32,100.0,250.0,180.0,27.92,0.9369,12,0,1
15.21,101403.8,0.2414,21.83,0.25,38.26,10.89,7.75,21.82,0.2289,1,0,0
200.63,99152.5,0.7489,28.47,4.59,86.77,161.35,100.11,26.59,0.75,6,1,1
25.28,100894.5,0.3198,23.13,3.29,57.51,19.77,12.62,22.17,0.329,10,0,0
236.4,99049.6,0.8074,32.39,6.79,82.48,132.97,101.46,30.91,0.7836,8,1,1
194.62,99313.7,0.7692,34.23,3.72,85.01,152.77,123.99,36.1,0.7533,5,0,1
7.67,101831.3,0.1558,36.75,1.2,33.09,5.27,4.28,35.04,0.1751,5,0,0
127.29,99789.4,0.6829,33.11,5.05,80.46,97.98,73.36,31.48,0.6878,9,1,1
144.13,100204.5,0.69,29.37,4.05,77.5,113.08,79.42,29.24,0.7158,7,1,1
236.39,98552.9,0.7337,33.36,7.94,92.09,132.13,78.36,34.28,0.7618,9,1,1
3.23,102625.5,0.1202,26.94,0.0,29.79,2.12,1.25,28.43,0.1299,8,1,0
300.99,98000.0,0.858,21.54,6.47,92.96,246.81,180.0,22.75,0.8644,8,1,1
26.71,101651.0,0.337,27.61,1.25,56.21,16.36,13.61,26.08,0.3238,2,0,0
85.48,100500.0,0.6309,20.0,3.0,75.0,59.34,42.56,21.5,0.6283,9,1,1
2.07,102245.8,0.0897,35.47,0.13,23.27,1.48,1.23,37.06,0.0787,8,1,0
297.99,98177.4,0.9022,29.03,9.68,93.37,201.85,153.32,28.48,0.9274,4,0,1
319.26,98698.8,0.8849,24.09,11.97,100.0,207.27,118.52,24.92,0.8701,6,1,1
348.55,98656.7,0.95,23.28,11.22,100.0,231.17,154.08,24.59,0.9457,1,0,1
10.39,102672.8,0.1809,19.29,0.0,37.0,8.4,4.78,17.7,0.1852,3,0,0
6.31,101851.8,0.1507,22.45,0.59,23.69,3.51,2.7,20.59,0.1443,12,0,0
1.69,102727.8,0.0872,22.03,0.17,31.28,1.47,1.32,21.36,0.0729,6,1,0
206.28,99411.3,0.8113,31.36,6.91,84.63,174.37,112.89,30.56,0.8014,4,0,1
10.16,102289.1,0.1765,18.99,1.37,40.22,9.02,6.87,18.91,0.1933,5,0,0
27.99,100767.5,0.3326,20.2,3.37,67.48,20.0,13.72,20.11,0.3325,1,0,0
8.82,101476.2,0.14,31.69,1.16,36.73,7.45,4.07,30.08,0.1485,6,1,0
19.95,101179.5,0.2664,32.68,0.51,55.57,15.54,13.03,31.12,0.2646,1,0,0
322.87,98041.3,0.9199,23.31,8.37,100.0,202.37,170.1,21.72,0.9182,7,1,1
0.91,102243.8,0.084,37.63,0.33,32.16,0.72,0.42,39.13,0.0811,11,0,0
13.78,101249.9,0.207,25.84,0.81,47.71,10.11,6.77,27.61,0.1923,2,0,0
263.73,98393.2,0.7747,29.27,7.43,90.31,193.47,110.88,29.98,0.7954,9,1,1
106.24,100500.0,0.62,29.59,3.36,77.89,62.1,50.66,30.47,0.606,6,1,1
108.21,100174.2,0.6312,24.4,3.0,81.16,71.09,50.89,23.44,0.6258,8,1,1
212.18,99859.6,0.8218,30.91,5.92,90.05,177.03,112.52,31.53,0.8131,9,1,1
10.41,101741.0,0.1675,26.65,2.17,38.25,7.06,6.07,25.75,0.1618,1,0,0
21.92,101393.5,0.2412,35.15,1.04,59.1,15.04,10.06,34.85,0.2354,2,0,0
9.14,101821.7,0.1778,34.35,2.25,37.77,6.73,5.81,32.62,0.1915,7,1,0
308.4,98575.0,0.8918,24.06,5.63,93.05,240.88,136.63,23.08,0.9196,6,1,1
281.43,98287.8,0.9184,32.47,4.33,92.41,213.9,132.89,33.62,0.893,6,1,1
11.98,101995.5,0.1816,23.47,1.18,38.58,9.63,7.87,23.93,0.1781,10,0,0
4.48,102358.3,0.1394,35.22,1.45,26.52,3.9,2.83,33.78,0.1365,10,0,0
21.87,101276.7,0.2786,22.5,1.51,54.53,19.12,14.67,23.37,0.2637,4,0,0
14.46,101159.9,0.2294,24.41,0.22,41.53,11.79,8.22,23.97,0.2255,9,1,0
18.06,100818.9,0.2288,33.99,2.14,51.65,12.37,9.0,35.24,0.2414,1,0,0
138.23,100201.5,0.6393,22.61,5.33,80.61,91.0,76.28,22.62,0.6471,5,0,1
245.61,98928.0,0.7786,33.61,8.41,87.59,139.17,87.89,32.91,0.7987,9,1,1
26.08,100700.2,0.3237,28.01,3.74,65.29,20.0,15.0,26.66,0.3408,6,1,0
114.34,100256.8,0.6455,25.36,5.38,78.46,81.23,52.45,25.43,0.671,8,1,1
21.94,101324.3,0.2782,21.72,3.71,59.67,13.99,11.23,21.93,0.2592,11,0,0
103.29,100500.0,0.6457,27.62,3.59,75.0,81.4,69.07,25.78,0.6268,7,1,1
287.77,99182.8,0.8965,32.96,9.48,94.93,181.36,100.8,34.4,0.9104,6,1,1
3.72,102577.0,0.1346,37.13,0.24,28.36,2.51,1.8,36.28,0.1276,10,0,0
23.42,101152.3,0.2761,28.66,2.37,64.75,12.34,7.62,26.89,0.2945,10,0,0
17.92,101655.8,0.2533,25.99,1.52,49.68,9.53,8.29,24.12,0.2486,10,0,0
85.4,100282.7,0.6,29.94,4.21,76.62,72.52,51.06,28.41,0.617,5,0,1
13.15,102017.8,0.2246,34.57,1.72,32.93,10.62,5.39,32.85,0.2104,1,0,0
226.93,98996.0,0.7979,32.16,8.46,88.05,167.76,135.52,30.47,0.7927,7,1,1
274.43,98768.4,0.8077,21.49,6.03,88.16,167.87,99.5,19.76,0.8329,8,1,1
278.83,99134.2,0.8662,29.99,10.3,94.13,209.9,175.15,28.76,0.8613,6,1,1
325.75,98468.9,0.9035,20.94,11.57,97.46,187.7,118.5,19.05,0.8981,1,0,1
22.49,101038.9,0.2897,36.69,2.12,51.73,14.1,10.91,37.78,0.3059,5,0,0
280.42,98737.3,0.8259,20.0,5.81,98.94,210.91,157.72,19.31,0.8362,3,0,1
7.01,102345.2,0.1526,28.23,0.63,27.8,5.04,4.34,27.59,0.137,12,0,0
24.33,101568.3,0.3166,37.11,4.72,58.94,18.16,11.36,38.66,0.3314,5,0,0
239.58,98880.0,0.7335,23.53,6.6,88.5,163.37,136.4,24.47,0.7099,2,0,1
186.08,99722.0,0.7304,28.67,4.93,85.33,106.43,84.94,27.99,0.7128,7,1,1
113.07,100157.7,0.661,27.32,3.46,76.57,78.07,63.06,28.59,0.6506,12,0,1
13.66,101160.8,0.1902,37.55,1.28,41.25,7.91,6.18,37.64,0.2077,10,0,0
341.74,98079.3,0.9184,28.61,11.33,100.0,209.19,176.64,27.9,0.9138,6,1,1
29.4,100500.0,0.3345,34.1,0.79,70.0,20.0,15.0,33.09,0.3524,2,0,0
23.77,100500.0,0.3203,29.35,2.5,52.93,13.89,9.6,31.22,0.3182,11,0,0
153.61,99506.0,0.7119,20.59,4.8,77.55,90.21,60.5,22.28,0.7365,2,0,1
299.22,98329.6,0.9311,32.7,6.89,97.75,206.85,118.06,30.9,0.9163,10,0,1
230.08,99800.2,0.7585,23.75,6.03,91.65,182.01,110.53,24.89,0.7517,2,0,1
8.52,101617.4,0.1531,18.08,0.51,24.91,5.49,4.07,16.59,0.1605,11,0,0
12.7,101578.6,0.165,25.41,0.0,31.09,8.32,5.02,23.8,0.1816,12,0,0
2.66,101915.4,0.1302,29.1,0.91,26.99,2.01,1.28,28.74,0.1241,4,0,0
309.53,98946.9,0.8875,26.72,6.29,94.58,183.51,115.97,24.87,0.8796,9,1,1
108.21,100425.0,0.6422,25.46,5.04,76.74,62.96,47.02,24.97,0.6691,6,1,1
1.69,102696.0,0.1002,19.26,0.48,26.09,0.93,0.62,18.49,0.1106,9,1,0
10.77,101802.9,0.1786,36.59,1.84,42.31,7.54,4.51,36.64,0.1713,1,0,0
231.8,99088.0,0.7842,22.55,5.87,91.03,164.78,134.69,23.99,0.7668,8,1,1
311.76,98352.4,0.8789,31.08,5.28,94.02,250.0,171.53,29.16,0.8818,9,1,1
17.04,101049.4,0.2464,32.33,0.25,52.33,9.08,7.91,32.76,0.2617,10,0,0
287.98,98545.6,0.854,32.96,7.64,93.72,194.8,148.8,33.72,0.8708,9,1,1
247.25,99018.6,0.7791,20.0,6.26,91.66,168.74,120.06,18.29,0.8006,7,1,1
140.35,99822.1,0.6484,24.91,3.76,80.14,101.5,59.69,24.45,0.6773,3,0,1
15.59,101797.2,0.2118,22.37,2.88,48.66,8.83,7.65,23.86,0.2089,2,0,0
216.87,99044.5,0.8525,26.5,6.31,87.55,167.05,91.93,24.68,0.8431,6,1,1
201.24,99333.3,0.7463,23.06,4.83,82.08,168.03,119.22,21.52,0.7608,7,1,1
112.98,100030.1,0.7193,22.56,4.05,76.95,68.04,42.29,21.24,0.7166,7,1,1
15.22,101759.0,0.231,23.96,0.95,48.53,13.13,11.26,25.02,0.2272,6,1,0
228.02,99235.3,0.7902,31.74,5.64,88.47,158.1,124.28,30.58,0.7765,6,1,1
246.28,99533.5,0.7952,31.89,8.5,92.02,166.19,100.31,31.74,0.7851,8,1,1
13.43,101150.3,0.2109,33.52,1.38,40.81,8.95,6.37,31.83,0.2138,8,1,0
191.46,99712.2,0.7759,27.17,5.36,81.3,131.94,91.05,28.31,0.7905,10,0,1
159.19,99638.2,0.7131,20.0,3.0,84.39,119.52,89.12,19.46,0.7259,9,1,1
17.68,101212.6,0.1926,31.15,1.95,46.92,13.74,12.08,30.75,0.21,2,0,0
223.23,99161.2,0.7599,20.27,7.88,87.03,188.08,123.07,21.09,0.7344,6,1,1
29.08,100832.4,0.3086,34.96,3.1,67.12,20.0,14.19,33.7,0.2894,1,0,0
294.02,98073.6,0.9057,28.09,6.23,92.27,228.7,180.0,29.2,0.8959,7,1,1
349.27,98000.0,0.9401,30.37,6.86,100.0,218.28,131.16,31.99,0.9228,9,1,1
22.06,100885.2,0.2872,19.79,3.69,60.89,12.14,8.44,20.22,0.288,9,1,0
14.6,101696.1,0.2236,28.9,3.02,46.95,12.55,9.83,27.26,0.2336,7,1,0
182.15,99183.6,0.7123,20.85,4.16,85.19,148.16,104.57,22.75,0.7015,3,0,1
329.66,98000.0,0.8966,32.46,9.77,93.76,214.71,122.37,33.87,0.8933,8,1,1
104.24,100411.5,0.6373,32.92,4.53,79.75,70.12,46.61,34.79,0.6232,1,0,1
22.21,101968.5,0.2914,36.23,3.58,66.2,11.35,6.54,36.74,0.2809,9,1,0
115.34,100500.0,0.6627,21.73,3.0,78.56,70.37,53.1,21.9,0.6782,1,0,1
328.75,98302.9,0.9219,20.0,7.11,99.82,248.04,180.0,19.94,0.9275,5,0,1
135.72,100443.8,0.6311,30.54,3.49,81.4,103.1,75.92,31.88,0.6447,1,0,1
262.31,98457.6,0.8521,24.45,5.71,85.89,195.42,133.67,24.75,0.8244,8,1,1
20.78,101386.3,0.281,31.56,3.18,55.83,12.54,9.28,33.37,0.2821,10,0,0
12.7,102153.3,0.196,35.66,1.43,37.82,11.28,8.54,34.39,0.1951,11,0,0
303.16,98085.3,0.9116,24.66,4.78,95.86,250.0,149.42,26.37,0.8933,6,1,1
203.75,99625.3,0.7868,21.9,4.85,81.63,122.47,70.83,23.54,0.7976,9,1,1
142.71,99901.2,0.6715,28.62,4.04,82.06,109.51,60.77,28.28,0.6457,6,1,1
332.58,98315.4,0.9361,20.0,9.45,96.81,229.96,145.25,21.88,0.925,7,1,1
106.68,100260.1,0.6787,29.71,3.0,75.0,70.05,51.1,28.94,0.6542,9,1,1
348.8,98291.1,0.95,32.06,9.75,96.59,250.0,180.0,32.76,0.963,8,1,1
28.84,100799.7,0.35,34.09,1.79,66.48,17.41,14.18,33.07,0.3633,8,1,0
311.32,98958.2,0.8693,22.93,7.54,97.1,174.6,126.65,22.44,0.8893,1,0,1
4.05,102618.2,0.1312,23.83,0.05,20.0,2.91,2.22,25.46,0.1346,4,0,0
13.57,101498.6,0.2027,21.21,0.8,38.18,6.94,4.81,20.53,0.188,12,0,0
25.89,100500.0,0.2943,27.96,3.88,58.09,17.47,13.9,26.38,0.3111,3,0,0
302.53,98000.0,0.9113,31.45,6.91,98.44,191.44,128.71,33.09,0.8921,7,1,1
216.28,99213.7,0.7332,24.0,6.29,84.4,128.65,97.0,25.71,0.7213,7,1,1
23.96,101146.3,0.2756,34.2,3.37,64.95,20.0,15.0,32.33,0.295,5,0,0
344.35,98471.9,0.9493,22.41,5.2,96.04,214.22,151.25,22.3,0.9753,9,1,1
21.01,100964.2,0.2678,25.25,3.48,55.57,16.79,12.43,26.66,0.2614,11,0,0
175.18,100321.6,0.7158,31.99,5.07,83.46,112.79,79.89,30.57,0.6989,10,0,1
94.94,100123.5,0.6442,34.83,4.64,79.38,79.47,60.91,33.07,0.6616,9,1,1
348.79,98000.0,0.9407,21.62,9.23,100.0,250.0,152.19,21.96,0.9498,9,1,1
23.7,100500.0,0.294,31.61,1.85,63.61,20.0,15.0,31.41,0.2842,11,0,0
23.95,100605.9,0.2811,36.56,1.72,64.29,19.14,10.25,36.6,0.2814,7,1,0
25.11,100806.0,0.32,22.31,2.44,61.55,12.86,7.22,23.82,0.3369,7,1,0
14.35,101062.7,0.2068,31.36,0.85,46.01,9.59,4.96,32.31,0.2093,12,0,0
87.92,100500.0,0.6076,32.78,3.0,79.77,73.32,42.59,33.42,0.6265,8,1,1
10.35,101938.7,0.1441,23.63,0.65,31.77,7.56,6.55,25.27,0.1253,2,0,0
241.32,99470.2,0.7821,29.31,4.03,85.99,171.97,123.73,27.84,0.7731,6,1,1
2.4,102284.0,0.1092,19.04,0.02,20.0,1.66,1.34,19.66,0.0919,9,1,0
299.93,98303.1,0.95,20.17,7.28,99.23,224.4,164.84,20.67,0.9214,8,1,1
10.79,101276.2,0.2017,27.91,1.08,36.2,6.95,4.74,26.44,0.1884,8,1,0
243.11,99140.3,0.773,20.0,5.79,98.18,153.71,115.4,21.79,0.7758,8,1,1
212.36,99045.2,0.8001,31.85,3.98,82.67,157.25,102.24,33.79,0.824,6,1,1
126.13,100413.3,0.6037,22.34,3.13,78.47,79.21,50.16,22.33,0.6126,6,1,1
17.63,101228.3,0.2578,20.63,2.21,45.34,9.25,5.39,21.85,0.2735,10,0,0
163.07,100074.1,0.7036,29.73,5.21,80.44,122.08,101.42,30.94,0.7044,2,0,1
19.25,100806.5,0.2766,32.58,2.16,52.7,11.83,7.26,31.8,0.2909,12,0,0
93.42,100500.0,0.6,24.48,3.0,77.33,64.78,40.0,24.02,0.6215,9,1,1
225.33,99833.3,0.7509,29.25,7.37,80.18,167.53,132.26,28.7,0.7767,9,1,1
142.55,99862.1,0.667,34.52,4.84,79.78,81.74,62.17,34.53,0.642,8,1,1
10.22,101096.6,0.161,25.56,0.25,35.36,5.93,4.31,24.53,0.1611,9,1,0
13.6,102064.3,0.2298,33.47,2.72,43.09,8.45,6.19,33.08,0.2419,11,0,0
10.68,101684.6,0.1866,30.0,0.74,39.65,5.91,4.16,31.3,0.1828,6,1,0
267.23,98311.6,0.8768,31.78,5.25,95.15,194.07,111.38,30.9,0.8667,6,1,1
20.58,101409.1,0.2471,27.72,1.05,57.07,18.28,10.15,29.34,0.2669,2,0,0
305.94,98723.8,0.9224,23.55,7.12,92.62,242.09,180.0,21.75,0.8995,9,1,1
271.68,98452.7,0.809,20.44,9.72,91.23,196.87,110.63,19.43,0.8146,8,1,1
1.74,102565.9,0.1184,29.85,0.0,23.23,1.17,0.84,30.12,0.1125,11,0,0
1.41,102541.3,0.1003,36.07,0.0,20.0,1.26,0.92,35.45,0.1111,2,0,0
330.01,98000.0,0.9185,31.13,5.87,97.48,188.74,119.01,31.5,0.9093,9,1,1
16.77,101466.9,0.2459,21.86,2.28,43.77,10.72,6.97,22.8,0.2575,4,0,0
241.86,99109.0,0.7877,25.64,7.61,86.31,184.38,110.76,24.15,0.8108,6,1,1
13.78,101273.8,0.2244,18.08,0.42,42.89,10.65,6.87,18.83,0.243,4,0,0
1.96,102430.1,0.1334,34.57,0.59,20.0,1.12,1.0,35.1,0.1296,4,0,0
9.21,102054.6,0.1457,20.55,0.95,39.77,7.31,6.09,21.12,0.1541,5,0,0
125.98,100156.9,0.6244,20.59,7.17,83.78,94.33,62.69,18.85,0.5989,9,1,1
27.39,100594.3,0.3366,20.5,1.39,70.0,20.0,15.0,21.12,0.3182,5,0,0
204.0,99091.0,0.7892,33.56,4.99,86.31,164.28,93.99,31.84,0.7918,8,1,1
251.32,98440.6,0.7812,27.45,7.34,90.87,182.91,121.25,27.69,0.7953,7,1,1
195.9,99618.2,0.7918,27.49,5.79,84.55,138.3,87.11,26.59,0.8067,7,1,1
173.47,99645.9,0.7414,34.52,5.69,84.77,104.92,65.19,33.13,0.7342,7,1,1
232.52,99190.6,0.7622,28.78,6.06,84.36,133.81,92.9,28.79,0.742,9,1,1
6.08,102185.1,0.114,37.75,0.41,29.79,4.37,2.89,39.08,0.1288,7,1,0
239.25,98658.3,0.7784,28.38,5.91,87.87,197.82,150.08,26.93,0.7822,6,1,1
23.74,100702.6,0.2743,29.32,3.19,56.99,20.0,10.45,28.67,0.255,5,0,0
93.63,100500.0,0.6311,28.65,3.0,80.31,78.88,60.54,30.63,0.6542,9,1,1
341.81,98224.5,0.95,33.66,9.21,97.87,209.71,176.01,33.35,0.9264,10,0,1
241.36,98588.7,0.7768,20.0,7.28,87.28,152.35,124.05,19.03,0.7774,7,1,1
25.87,100760.9,0.3067,33.29,4.46,55.03,18.46,12.69,32.08,0.2891,9,1,0
9.51,102543.6,0.1914,22.51,0.96,39.14,7.09,3.76,24.24,0.2019,6,1,0
12.15,101955.3,0.1633,37.07,0.7,37.16,6.72,4.78,38.42,0.1693,10,0,0
26.62,100500.0,0.3068,21.13,4.13,66.07,20.0,15.0,19.27,0.3002,4,0,0
247.64,99070.3,0.8107,20.0,9.13,93.42,184.74,105.07,19.78,0.8165,6,1,1
84.83,100227.5,0.6,21.54,3.0,75.0,58.99,46.25,22.62,0.5765,4,0,1
243.86,98688.1,0.8076,23.5,7.25,93.02,157.1,131.81,25.04,0.8244,8,1,1
3.64,102078.7,0.0987,20.56,1.02,20.0,1.87,1.24,21.17,0.0863,9,1,0
25.4,100500.0,0.3379,34.67,2.94,66.16,16.53,9.14,33.97,0.3574,9,1,0
325.9,98698.5,0.9266,25.63,8.61,98.31,193.6,112.71,25.62,0.9069,9,1,1
187.58,99610.0,0.7662,28.67,3.0,87.15,126.22,82.95,30.24,0.7712,5,0,1
18.57,101188.9,0.2128,35.2,1.54,51.1,10.29,7.75,37.18,0.2062,3,0,0
15.96,101197.6,0.2253,18.66,2.38,47.61,13.89,11.42,19.36,0.2133,7,1,0
5.71,102395.4,0.1054,33.54,0.39,33.76,3.98,2.61,34.4,0.0995,10,0,0
141.85,99326.9,0.6692,32.59,6.42,81.4,91.63,69.53,31.47,0.6528,1,0,1
17.97,101206.2,0.235,24.38,2.56,46.08,10.41,6.44,22.88,0.2267,1,0,0
198.91,99262.0,0.7207,22.07,6.72,83.51,154.72,115.99,23.06,0.7131,7,1,1
21.71,100755.3,0.2929,32.51,2.33,62.46,15.1,10.93,34.23,0.2868,4,0,0
283.28,99099.3,0.9285,21.73,9.49,95.23,181.95,108.8,23.02,0.925,10,0,1
331.01,98000.0,0.9389,34.4,6.21,100.0,212.45,158.73,35.0,0.9653,9,1,1
271.5,98359.2,0.7965,32.54,9.42,90.14,213.22,121.2,31.0,0.785,7,1,1
324.55,98260.3,0.9407,22.86,9.21,94.23,250.0,162.7,21.69,0.9222,7,1,1
140.73,99903.4,0.6958,30.38,5.48,79.45,94.76,61.18,29.88,0.6895,1,0,1
313.13,98957.6,0.9422,29.27,8.47,94.45,194.36,107.55,29.73,0.9196,6,1,1
218.09,99591.9,0.7427,23.29,6.02,89.17,174.36,134.6,21.53,0.7534,7,1,1
107.95,100409.6,0.6699,24.69,4.75,80.73,60.96,49.96,23.42,0.6745,7,1,1
195.81,99678.7,0.7454,21.01,3.2,89.57,137.74,86.48,21.43,0.7257,3,0,1
11.05,101987.5,0.182,35.24,2.24,35.65,9.15,5.04,34.77,0.1915,10,0,0
7.22,102193.8,0.1296,19.55,0.21,35.01,5.25,4.18,18.23,0.1131,11,0,0
209.9,99592.5,0.7698,29.53,5.48,88.96,177.01,136.13,29.96,0.7708,10,0,1
165.63,99318.5,0.7527,26.99,3.26,81.99,97.27,78.9,26.53,0.7432,7,1,1
22.71,101430.6,0.2788,33.81,2.59,55.07,16.37,10.63,33.78,0.2897,9,1,0
233.66,99216.0,0.7441,33.12,7.49,89.45,158.78,112.78,34.21,0.7645,9,1,1
124.68,99905.9,0.6947,23.27,4.76,80.5,82.4,58.33,24.41,0.6899,7,1,1
167.73,99957.9,0.7189,27.35,4.94,82.89,130.47,103.63,26.57,0.7329,9,1,1
230.29,99072.4,0.8069,29.77,6.3,90.3,140.12,111.55,30.72,0.7853,8,1,1
11.14,101442.1,0.176,20.36,2.31,40.65,8.11,5.59,20.2,0.1763,2,0,0
19.15,101247.1,0.2506,28.72,2.09,55.56,12.74,9.26,29.12,0.2582,1,0,0
220.04,99086.4,0.788,29.34,7.07,87.5,129.07,75.54,30.17,0.7886,9,1,1
23.78,100999.0,0.3217,27.56,2.23,58.75,16.13,8.93,28.48,0.3143,2,0,0
347.54,98000.0,0.95,27.32,9.38,100.0,235.94,174.32,27.28,0.973,6,1,1
1.55,102437.4,0.08,22.27,0.0,20.0,0.89,0.74,22.88,0.0651,8,1,0
127.99,99929.4,0.6892,21.61,3.0,78.12,107.2,75.38,19.92,0.6902,7,1,1
128.39,99910.2,0.6764,20.0,4.87,79.02,72.69,44.16,20.61,0.682,4,0,1
27.0,100500.0,0.2905,35.31,1.16,65.5,16.53,13.07,35.1,0.3053,7,1,0
20.93,101184.0,0.283,22.28,2.05,54.26,14.36,11.7,21.7,0.2982,1,0,0
9.37,101549.8,0.1336,31.34,0.07,43.07,5.23,3.25,31.79,0.1428,6,1,0
247.03,98862.8,0.7979,25.8,5.02,87.56,163.18,115.45,27.24,0.7852,9,1,1
244.87,98944.6,0.7929,23.57,7.4,89.99,134.87,108.89,23.36,0.7925,6,1,1
18.6,101903.0,0.2255,20.16,3.22,52.54,14.52,7.75,18.77,0.2056,11,0,0
274.47,98750.4,0.7987,21.23,6.95,90.52,186.0,138.43,22.96,0.7954,9,1,1
191.21,99918.7,0.7568,34.07,6.46,85.33,117.52,95.46,33.97,0.743,10,0,1
85.16,100500.0,0.6072,28.14,3.73,76.47,66.29,54.05,29.3,0.5981,7,1,1
17.98,101376.4,0.2575,35.13,1.06,48.26,12.95,6.58,36.41,0.2667,1,0,0
26.73,100500.0,0.3407,26.21,2.66,58.77,20.0,11.82,25.25,0.3413,3,0,0
312.42,98000.0,0.8685,26.56,10.02,96.92,250.0,180.0,25.53,0.8756,8,1,1
343.52,98000.0,0.9248,22.27,9.38,99.29,191.08,140.73,20.8,0.9289,7,1,1
305.34,98430.9,0.8965,30.93,7.74,97.63,170.04,97.4,30.5,0.8871,7,1,1
20.34,100850.2,0.2544,23.74,2.45,54.36,13.95,10.81,25.35,0.2416,3,0,0
119.58,99991.9,0.623,29.31,4.57,78.88,88.02,70.79,30.95,0.6063,11,0,1
247.61,99095.2,0.8497,23.18,6.48,89.53,138.87,84.03,24.69,0.8583,6,1,1
270.35,98594.7,0.834,30.29,7.71,91.22,157.03,100.23,29.15,0.8539,8,1,1
16.75,101123.9,0.2466,31.82,3.06,41.98,12.54,9.17,30.76,0.2486,10,0,0
9.04,101542.7,0.1111,34.88,0.49,43.47,4.88,3.6,34.92,0.1172,2,0,0
21.19,100897.0,0.2768,21.59,4.21,56.18,18.9,15.0,22.37,0.2602,5,0,0
28.14,100615.7,0.3279,27.03,2.11,70.0,17.24,12.67,26.45,0.3252,5,0,0
27.01,100861.3,0.3477,21.61,1.02,64.69,20.0,12.87,22.67,0.3352,11,0,0
310.83,98654.7,0.9383,25.21,6.26,89.3,195.65,116.17,26.55,0.9236,7,1,1
8.08,102636.4,0.1122,34.96,1.01,33.27,4.22,3.7,36.75,0.1077,1,0,0
29.38,100500.0,0.3411,33.59,4.79,59.59,17.82,12.11,32.4,0.3611,4,0,0
19.91,100795.6,0.2674,26.97,1.83,56.07,17.91,15.0,25.61,0.2811,1,0,0
16.22,101125.4,0.2119,24.75,1.71,51.9,9.83,7.16,24.51,0.2268,11,0,0
256.55,99381.9,0.8313,25.42,3.39,92.3,144.8,112.44,24.29,0.8415,9,1,1
209.38,99384.9,0.8203,28.26,4.31,89.73,148.62,112.46,26.43,0.8319,9,1,1
26.25,100500.0,0.3119,35.34,1.8,55.8,13.73,9.77,34.85,0.3158,11,0,0
138.99,100342.3,0.6904,26.66,3.0,75.0,114.34,84.14,26.01,0.7104,8,1,1
29.32,100594.7,0.3032,34.19,3.79,64.09,19.85,15.0,36.08,0.3172,11,0,0
275.02,98952.7,0.859,32.88,8.59,87.44,182.59,120.8,32.25,0.8723,7,1,1
18.5,100882.2,0.231,23.46,1.22,51.1,12.64,8.95,23.36,0.2187,11,0,0
332.34,98740.6,0.9411,21.15,11.24,100.0,250.0,154.22,22.74,0.9659,7,1,1
147.97,99866.7,0.7353,31.45,4.51,81.79,103.27,85.4,31.29,0.7516,7,1,1
144.59,99787.6,0.7083,20.39,4.11,84.79,86.97,63.64,19.1,0.6979,8,1,1
325.3,98408.3,0.9089,21.45,6.31,99.51,248.15,180.0,20.23,0.8971,10,0,1
13.05,101729.4,0.1991,28.33,0.6,37.39,7.82,5.65,27.35,0.2017,4,0,0
19.15,100961.6,0.247,26.5,2.42,50.09,11.81,7.36,26.28,0.2321,6,1,0
297.86,98179.6,0.8814,27.28,10.07,92.33,169.22,94.72,28.99,0.8734,8,1,1
114.54,100129.4,0.6892,20.98,3.39,76.51,74.24,50.46,21.24,0.6749,6,1,1
12.38,101516.8,0.2311,23.24,1.56,43.94,9.85,5.21,23.17,0.212,3,0,0
21.43,101486.6,0.2685,29.7,1.26,54.71,11.52,6.68,29.7,0.2676,1,0,0
13.77,101806.3,0.217,33.81,2.26,32.97,7.38,4.1,33.4,0.2053,2,0,0
206.72,99470.0,0.7827,21.9,5.08,87.43,136.55,80.91,21.77,0.7926,8,1,1
81.1,100500.0,0.6093,21.21,3.0,75.86,54.11,40.0,20.81,0.591,6,1,1
154.05,100500.0,0.7051,28.65,4.59,84.02,128.3,100.05,27.91,0.7219,2,0,1
160.17,99783.3,0.7658,23.9,3.47,84.36,109.58,90.1,22.95,0.756,7,1,1
14.2,101002.7,0.2096,25.42,1.33,43.03,9.73,6.88,26.98,0.2068,8,1,0
201.79,99457.0,0.7783,21.5,5.11,88.3,155.0,112.6,20.11,0.7954,7,1,1
224.62,99006.8,0.7632,26.4,6.83,86.67,172.33,121.09,26.94,0.7838,7,1,1
299.89,98558.4,0.8577,28.32,5.66,97.0,224.77,180.0,30.09,0.849,6,1,1
27.03,100653.1,0.3412,35.04,2.63,70.0,17.37,10.28,34.54,0.3561,7,1,0
28.83,100879.6,0.3281,34.94,2.63,63.19,20.0,15.0,33.74,0.3164,12,0,0
24.37,100756.8,0.2696,20.28,3.71,65.82,19.41,13.66,20.81,0.2859,2,0,0
9.92,101852.9,0.1463,33.39,1.16,41.95,7.17,5.46,35.37,0.1417,7,1,0
311.05,98370.6,0.91,20.0,4.9,97.4,212.89,121.81,18.75,0.9326,6,1,1
1.66,101996.8,0.08,31.43,0.23,20.0,1.31,0.99,30.05,0.0644,12,0,0
186.89,99180.3,0.7582,33.31,3.2,82.37,157.9,111.46,33.48,0.7616,1,0,1
17.78,101418.3,0.2384,23.89,1.92,43.55,9.58,7.37,24.14,0.2494,3,0,0
26.14,100837.7,0.3257,35.48,3.9,53.9,20.0,15.0,34.9,0.3415,11,0,0
105.5,100261.2,0.6,29.58,3.0,77.35,74.15,46.41,30.58,0.5772,11,0,1
23.73,101092.8,0.2953,23.56,2.72,70.0,12.1,10.67,24.8,0.3018,2,0,0
129.52,100109.9,0.6601,24.91,6.9,79.78,73.6,47.61,24.58,0.6386,8,1,1
152.47,99620.9,0.6697,34.4,4.51,82.07,117.39,71.6,34.33,0.6815,6,1,1
26.85,101077.1,0.35,32.6,0.62,63.36,17.62,12.28,33.27,0.3654,1,0,0
10.94,101388.5,0.1832,26.51,0.69,35.82,8.27,6.8,27.55,0.1658,12,0,0
169.0,100062.2,0.7154,33.14,4.49,82.08,129.82,89.96,33.27,0.7405,1,0,1
248.38,98825.0,0.8502,21.82,9.48,89.98,166.6,141.35,20.54,0.8526,7,1,1
22.97,100954.6,0.2754,34.08,1.52,56.95,17.38,12.5,33.73,0.2936,6,1,0
84.09,100241.4,0.63,34.71,4.02,77.25,50.0,40.0,33.68,0.6321,2,0,1
11.09,101911.5,0.175,28.9,1.1,36.32,6.36,5.27,27.33,0.1786,9,1,0
270.4,98951.0,0.8077,28.19,6.71,92.52,206.34,125.66,26.56,0.8044,8,1,1
1.62,102562.0,0.0857,34.34,0.0,23.03,0.83,0.59,34.78,0.0743,4,0,0
12.78,101759.9,0.2011,19.39,2.06,44.97,11.48,6.06,17.6,0.1958,9,1,0
295.33,98555.3,0.8762,28.48,8.89,95.87,238.01,180.0,28.96,0.8634,11,0,1
13.34,101257.7,0.2107,19.65,1.03,43.97,8.49,6.84,19.84,0.2177,7,1,0
19.73,101721.4,0.2638,21.68,1.53,53.7,13.17,11.32,20.3,0.2476,5,0,0
265.0,98612.8,0.792,30.38,9.48,90.33,216.16,130.28,31.66,0.8004,9,1,1
134.6,100255.9,0.6464,22.59,3.2,75.34,84.44,62.01,21.03,0.671,8,1,1
205.93,99276.6,0.7502,20.01,5.54,87.97,170.33,132.49,20.52,0.7755,8,1,1
241.16,99239.6,0.834,20.69,4.6,88.43,170.66,116.11,20.92,0.8057,7,1,1
302.54,98000.0,0.9433,32.51,7.46,93.84,246.69,173.48,31.24,0.9291,2,0,1
16.64,101188.5,0.2319,35.42,2.08,47.66,14.26,10.4,37.3,0.2175,9,1,0
80.9,100500.0,0.6,28.15,3.67,75.0,50.31,40.9,27.68,0.6237,9,1,1
15.06,101514.5,0.2267,21.53,1.82,46.8,11.22,10.05,19.98,0.2281,11,0,0
84.14,100500.0,0.6071,20.51,3.0,75.0,69.0,56.18,20.77,0.5836,8,1,1
1.71,102602.0,0.138,32.87,0.59,20.0,1.43,1.03,31.54,0.1452,10,0,0
302.29,98330.5,0.8922,28.82,9.76,98.16,218.97,130.94,30.21,0.894,8,1,1
11.95,101636.5,0.1983,27.72,0.7,41.44,6.63,3.97,25.78,0.1863,6,1,0
6.15,101777.3,0.1243,23.72,1.63,30.52,3.38,2.12,21.91,0.1063,6,1,0
14.39,101901.2,0.1969,33.26,1.83,40.97,11.72,9.26,35.25,0.214,12,0,0
197.06,99674.9,0.7774,26.92,4.57,86.14,134.91,113.61,26.37,0.7904,7,1,1
122.79,100500.0,0.6467,21.03,5.49,75.09,94.14,77.77,19.44,0.6215,7,1,1
291.88,98904.4,0.8736,21.11,6.55,93.42,243.77,138.94,19.66,0.8773,12,0,1
25.58,101596.6,0.3249,20.28,3.76,64.77,18.71,10.12,21.09,0.3263,10,0,0
146.57,99553.1,0.6696,26.38,5.93,79.7,89.48,49.35,27.06,0.6981,8,1,1
290.7,98115.2,0.8963,30.04,7.35,95.46,160.29,114.7,29.16,0.9134,8,1,1
23.84,100704.8,0.3211,31.24,2.38,58.0,17.41,12.62,33.16,0.3135,11,0,0
121.37,100500.0,0.6987,31.95,3.15,80.54,83.05,63.88,30.88,0.7177,9,1,1
349.57,98332.5,0.8797,26.71,10.05,100.0,216.73,179.56,24.91,0.8946,3,0,1
8.78,101675.8,0.1596,34.36,0.44,32.35,5.69,3.85,35.24,0.1484,4,0,0
3.89,102176.9,0.1096,33.28,0.0,28.45,2.94,2.17,34.48,0.0987,10,0,0
272.91,98777.9,0.8806,29.25,7.99,96.1,207.6,139.34,31.23,0.8589,8,1,1
142.05,99931.8,0.7418,24.1,3.0,85.49,83.37,69.33,22.76,0.7523,6,1,1
219.63,99609.0,0.8048,20.94,4.57,87.68,157.58,106.23,21.06,0.8067,8,1,1
0.46,102834.8,0.0976,32.3,0.0,26.31,0.33,0.17,34.17,0.1065,1,0,0
15.83,101276.0,0.2451,34.23,0.47,39.77,10.6,5.65,34.95,0.2537,3,0,0
142.83,100185.7,0.6768,32.99,5.38,82.46,99.82,59.01,34.5,0.6958,6,1,1
340.86,98384.9,0.9379,27.03,7.77,100.0,217.53,159.6,26.64,0.9484,7,1,1
239.84,99268.9,0.7919,23.56,4.87,90.35,155.12,103.48,25.06,0.7931,9,1,1
287.79,98200.2,0.8839,21.51,6.97,100.0,161.91,109.36,20.03,0.8668,8,1,1
28.01,100793.2,0.2925,35.82,3.28,67.51,20.0,15.0,36.22,0.2816,1,0,0
21.24,100572.7,0.2953,28.47,2.86,60.33,12.96,7.41,26.77,0.3082,6,1,0
104.33,100480.3,0.6075,22.56,5.04,76.95,87.69,61.7,21.14,0.5869,6,1,1
2.91,102694.1,0.0959,28.69,1.3,20.3,2.61,2.14,28.01,0.1131,12,0,0
335.23,98332.9,0.9429,32.66,8.68,100.0,250.0,180.0,31.32,0.9147,4,0,1
20.98,100500.0,0.268,32.65,3.15,54.24,11.27,8.19,30.85,0.2873,5,0,0
5.2,102016.4,0.1336,32.83,1.22,27.24,3.32,2.41,33.5,0.1216,7,1,0
16.63,101216.3,0.2244,25.26,0.69,49.1,14.28,9.23,24.81,0.2223,9,1,0
101.91,100299.3,0.6284,34.88,3.0,81.7,63.99,40.24,33.38,0.6112,7,1,1
172.93,98948.4,0.7246,28.52,7.77,83.48,99.65,59.85,26.98,0.7261,7,1,1
21.51,101229.5,0.2506,37.91,1.82,59.42,13.32,8.55,36.34,0.2706,9,1,0
0.89,102692.0,0.1127,33.38,0.0,24.33,0.51,0.42,31.99,0.1235,12,0,0
7.54,101876.4,0.1205,30.34,0.38,29.77,6.5,5.37,30.9,0.1186,7,1,0
17.13,101610.5,0.2386,24.9,2.35,50.25,12.33,8.18,22.95,0.2302,6,1,0
269.1,98689.0,0.8343,28.88,10.5,94.04,214.12,133.01,29.99,0.8474,8,1,1
25.35,100500.0,0.3009,35.35,2.78,59.33,16.17,14.37,36.47,0.3061,1,0,0
225.04,99553.9,0.7736,20.0,5.23,88.01,136.14,87.83,21.15,0.7744,8,1,1
23.19,100857.0,0.2776,36.85,1.78,62.0,20.0,15.0,35.0,0.2839,6,1,0
306.31,98122.5,0.8673,25.63,6.69,91.77,206.6,121.91,26.86,0.8556,9,1,1
237.41,99006.2,0.8605,28.56,6.89,86.37,168.07,101.9,29.51,0.8573,6,1,1
12.65,101182.2,0.1914,31.98,1.14,37.39,6.34,5.65,30.21,0.207,5,0,0
192.11,99266.6,0.7387,27.2,5.73,90.98,151.54,95.93,27.0,0.7645,6,1,1
87.44,100500.0,0.6,20.32,3.8,75.0,56.9,45.12,22.17,0.6068,6,1,1
216.63,99305.6,0.7064,31.7,4.67,82.75,175.88,104.64,30.45,0.7292,9,1,1
13.98,101477.3,0.2441,37.83,0.0,37.46,8.05,4.24,38.72,0.2364,2,0,0
20.56,101247.6,0.2618,27.47,2.91,49.85,13.55,10.44,25.62,0.251,4,0,0
0.97,102393.0,0.0873,23.07,0.0,22.1,0.76,0.57,23.78,0.1072,8,1,0
11.61,101206.5,0.2107,18.3,1.85,37.29,8.56,6.94,19.46,0.2256,1,0,0
5.02,102153.6,0.1182,29.67,0.62,21.55,3.83,3.44,28.53,0.1365,11,0,0
18.99,101277.7,0.2458,18.84,1.61,46.12,15.22,12.33,19.79,0.2427,11,0,0
0.52,102803.0,0.1178,27.67,0.0,21.0,0.4,0.24,25.77,0.129,2,0,0
253.88,99069.5,0.7859,20.0,5.63,87.06,190.13,121.31,21.52,0.7585,7,1,1
83.49,100500.0,0.6215,32.68,3.0,76.1,50.0,40.0,33.66,0.647,7,1,1
29.15,100799.2,0.3248,19.62,2.76,70.0,17.77,11.92,21.6,0.3255,1,0,0
12.56,102051.3,0.2009,34.25,0.89,37.96,10.23,6.54,33.59,0.1818,5,0,0
22.1,101771.7,0.3008,25.09,1.71,58.34,12.69,9.84,23.47,0.2958,10,0,0
240.36,99155.6,0.786,26.38,7.13,88.0,158.38,115.07,28.2,0.7579,6,1,1
190.17,99912.6,0.7504,28.46,6.95,87.89,105.64,59.91,26.89,0.7587,10,0,1
201.59,99051.3,0.7614,33.8,6.48,84.7,149.08,119.06,35.01,0.7516,8,1,1
7.24,102093.7,0.1536,31.59,0.0,35.88,3.82,3.22,33.59,0.138,3,0,0
9.9,101926.7,0.1927,35.84,0.0,32.0,5.12,3.02,37.06,0.2035,4,0,0
97.39,100307.0,0.6377,22.54,3.89,77.07,61.28,48.61,21.79,0.6383,10,0,1
27.01,101084.4,0.2996,29.08,2.42,68.33,20.0,10.05,29.81,0.3047,6,1,0
14.45,102018.2,0.2142,19.9,0.31,45.67,8.53,4.86,18.04,0.2075,5,0,0
22.27,101026.8,0.2768,18.94,3.01,64.78,17.78,10.14,18.26,0.2906,3,0,0
171.59,98933.0,0.7291,25.49,6.34,80.8,115.73,84.36,27.44,0.7272,9,1,1
122.42,100500.0,0.6079,26.72,3.91,76.94,93.74,78.43,25.11,0.6244,11,0,1
146.1,100139.0,0.7091,33.0,4.05,84.38,106.09,80.17,34.02,0.7185,4,0,1
26.44,100837.9,0.3203,19.3,3.55,56.0,20.0,15.0,20.07,0.3322,9,1,0
295.73,98391.7,0.8372,24.66,6.95,94.95,183.33,110.5,24.26,0.8577,6,1,1
2.7,102434.7,0.0967,22.92,0.44,24.87,2.39,1.84,23.39,0.0795,3,0,0
128.62,99482.6,0.6979,32.29,4.78,82.87,97.42,71.21,33.94,0.6684,7,1,1
309.7,98549.5,0.8926,30.91,5.29,95.24,186.36,116.24,30.69,0.9168,8,1,1
276.18,98503.5,0.8565,31.97,3.61,89.75,206.42,167.98,32.35,0.8593,7,1,1
204.12,99208.9,0.7398,30.38,5.85,93.45,161.01,94.54,30.82,0.7574,9,1,1
218.11,99280.8,0.7288,29.97,6.42,89.27,126.41,89.21,31.3,0.7241,8,1,1
15.8,101029.2,0.2615,37.27,2.21,40.6,10.73,8.05,35.41,0.2455,6,1,0
171.34,99682.0,0.7257,28.4,4.18,82.12,102.76,60.96,30.08,0.748,8,1,1
15.26,101429.9,0.2237,36.12,1.5,44.15,13.11,11.34,34.23,0.2082,11,0,0
15.01,101956.1,0.2242,23.85,1.54,39.32,8.69,6.47,22.34,0.2206,3,0,0
14.69,100957.8,0.1975,20.82,0.94,41.47,11.84,10.39,22.27,0.2167,8,1,0
149.53,100032.2,0.7172,32.39,3.61,75.0,108.69,62.22,32.98,0.7095,7,1,1
208.24,98861.7,0.7524,30.89,4.32,84.41,171.69,97.06,29.15,0.7298,12,0,1
138.61,99512.6,0.6805,28.24,6.56,82.15,117.29,83.69,28.13,0.701,9,1,1
23.3,101747.8,0.2774,27.38,0.73,65.22,18.24,14.49,28.23,0.2756,9,1,0
20.21,101530.7,0.2472,21.61,0.7,50.79,17.32,11.77,20.82,0.2379,1,0,0
107.23,100383.4,0.6787,29.26,3.25,79.92,82.42,59.49,29.78,0.6577,8,1,1
327.01,98000.0,0.901,21.57,5.18,94.71,205.42,153.82,22.68,0.9258,7,1,1
243.2,98922.3,0.7643,23.26,7.59,89.83,175.06,101.76,21.9,0.7877,9,1,1
226.92,98846.7,0.7566,24.84,5.49,89.62,133.38,97.43,24.81,0.7786,7,1,1
285.35,98314.5,0.8783,20.19,8.69,94.12,204.35,149.49,19.42,0.8536,7,1,1
293.62,99004.5,0.8552,24.41,6.09,94.38,182.57,147.05,24.9,0.885,7,1,1
210.08,99290.8,0.7196,20.0,4.38,83.84,129.1,93.4,18.62,0.7148,8,1,1
12.46,101676.6,0.2097,30.91,0.38,40.17,9.19,6.29,29.66,0.2192,11,0,0
21.46,100624.0,0.2631,31.23,2.03,48.05,18.33,15.0,31.8,0.2727,6,1,0
8.98,101615.8,0.1519,25.9,1.73,35.25,7.93,4.73,24.03,0.1549,1,0,0
200.22,99311.0,0.8185,33.31,4.85,87.07,155.81,120.0,31.81,0.8439,7,1,1
12.69,101572.0,0.1962,21.82,1.73,33.95,7.03,5.33,19.95,0.2111,7,1,0
241.59,98477.3,0.795,22.64,5.92,85.65,178.36,122.38,22.37,0.8246,9,1,1
122.62,100257.3,0.658,28.31,4.33,77.27,99.56,69.44,29.82,0.6471,8,1,1
19.29,100962.2,0.2447,28.73,2.78,49.05,16.4,12.19,27.15,0.2437,9,1,0
318.17,98476.5,0.9071,27.03,11.1,97.88,245.98,169.05,28.84,0.8944,9,1,1
6.73,101831.5,0.1412,26.91,0.52,35.69,3.36,1.92,26.81,0.1527,3,0,0
264.99,99329.0,0.8723,33.16,8.24,90.23,153.67,87.94,32.11,0.86,12,0,1
9.34,102193.6,0.1347,20.95,0.72,32.13,4.74,3.29,20.21,0.1378,5,0,0
7.41,101899.4,0.1377,31.93,0.06,37.98,5.84,4.58,30.14,0.12,9,1,0
5.34,102112.2,0.1268,29.36,0.66,30.73,3.21,1.87,29.99,0.109,9,1,0
335.62,98000.0,0.95,22.28,6.53,93.36,237.58,142.82,22.1,0.9216,7,1,1
10.0,102379.2,0.1429,27.3,0.16,39.67,7.28,4.84,29.2,0.1536,7,1,0
25.13,100635.9,0.3245,20.75,3.74,60.95,14.79,13.15,19.01,0.3423,2,0,0
101.6,100454.7,0.6665,26.32,3.89,82.39,58.34,40.0,26.51,0.6854,6,1,1
8.77,102132.0,0.1321,32.66,1.11,29.38,7.18,6.22,31.16,0.1384,9,1,0
220.61,99260.0,0.8354,30.12,7.67,94.45,131.95,78.17,32.01,0.8189,11,0,1
3.1,102215.5,0.1142,36.16,0.77,23.44,2.43,2.12,34.42,0.1114,7,1,0
101.61,100500.0,0.6,25.55,3.37,80.04,85.62,65.01,25.84,0.5904,7,1,1
7.09,101823.7,0.1252,20.88,0.67,32.44,6.15,4.55,20.2,0.1251,5,0,0
23.08,101245.1,0.2964,23.92,0.0,59.77,19.61,11.48,23.68,0.291,6,1,0
228.3,98719.1,0.7414,28.61,6.72,87.41,156.13,91.25,29.98,0.7413,8,1,1
232.34,98551.6,0.7835,28.21,9.03,92.24,190.29,130.53,28.7,0.8005,8,1,1
22.14,100500.0,0.2631,24.35,2.97,60.64,12.27,10.66,24.91,0.2798,2,0,0
18.29,101164.7,0.2473,30.59,1.09,49.57,11.75,10.09,30.36,0.231,4,0,0
28.99,101095.3,0.3432,22.37,2.85,66.03,20.0,12.18,22.03,0.3601,4,0,0
348.98,98000.0,0.9343,27.94,12.0,100.0,215.74,156.16,29.89,0.9588,6,1,1
298.23,98786.4,0.8543,27.86,9.21,92.67,190.85,118.84,26.51,0.8809,9,1,1
166.48,99310.7,0.7187,23.59,4.05,87.93,135.22,91.13,22.11,0.7308,10,0,1
138.05,99856.8,0.686,24.7,5.39,80.97,113.87,93.15,22.95,0.69,6,1,1
100.71,100277.8,0.6481,23.89,3.98,82.34,69.11,43.4,22.8,0.6702,10,0,1
6.64,101796.9,0.1442,34.61,0.3,32.46,4.53,3.69,35.81,0.1534,1,0,0
106.06,100150.9,0.6828,30.73,3.0,78.02,84.52,61.35,30.09,0.6656,4,0,1
2.83,101819.8,0.0982,35.61,0.0,21.75,1.69,1.16,37.06,0.0966,4,0,0
101.83,100390.5,0.6197,28.85,5.36,75.98,61.68,49.84,29.94,0.6351,9,1,1
214.72,98858.5,0.8195,23.81,6.23,87.14,174.79,123.92,25.57,0.8046,9,1,1
0.48,103000.0,0.08,29.03,0.16,20.0,0.32,0.28,28.73,0.0989,10,0,0
264.25,98804.2,0.8284,26.77,8.18,93.15,146.5,98.8,27.94,0.8029,8,1,1
317.63,98176.6,0.8808,20.06,5.49,100.0,191.32,112.97,20.5,0.8804,8,1,1
182.54,99166.1,0.7378,22.14,6.49,81.56,102.55,78.81,23.54,0.7173,8,1,1
243.0,98725.9,0.8623,30.52,3.88,88.55,178.0,104.81,31.97,0.8524,7,1,1
11.57,101795.6,0.173,29.04,1.62,39.64,7.99,6.81,28.85,0.1684,4,0,0
284.74,98387.9,0.8572,20.0,5.14,96.66,205.88,120.9,20.66,0.8611,9,1,1
138.06,99878.1,0.721,34.35,4.14,79.43,96.87,65.18,36.02,0.7293,9,1,1
179.69,99768.3,0.7451,25.64,6.05,82.67,129.52,109.08,26.45,0.7343,7,1,1
153.69,99464.5,0.6766,33.57,3.48,81.58,130.5,75.48,35.08,0.698,8,1,1
4.04,102771.3,0.1276,25.68,0.22,26.17,3.05,1.71,27.12,0.1127,1,0,0
23.61,101545.3,0.3021,31.31,0.91,58.98,19.47,10.96,32.61,0.3197,8,1,0
298.72,98358.6,0.8779,28.76,6.51,96.24,168.8,134.87,27.73,0.8762,6,1,1
336.64,98704.5,0.95,21.66,6.85,100.0,250.0,180.0,20.41,0.9603,6,1,1
245.42,99038.0,0.8423,32.81,5.48,84.69,151.54,105.87,32.25,0.8263,6,1,1
238.03,98780.4,0.8338,20.0,5.81,88.41,157.3,124.13,21.37,0.8151,7,1,1
12.3,101347.3,0.1978,20.78,1.45,39.4,6.33,3.38,22.41,0.1841,7,1,0
19.29,101073.0,0.2312,28.01,0.25,53.62,12.67,8.71,26.81,0.2489,9,1,0
94.64,100036.0,0.6558,21.37,3.0,77.24,53.42,40.0,23.31,0.6619,8,1,1
316.62,98897.5,0.9006,22.94,10.56,98.89,219.89,131.37,23.0,0.8761,4,0,1
119.1,100500.0,0.6584,33.18,4.47,75.0,70.47,46.75,33.33,0.6321,4,0,1
6.8,101884.0,0.1169,28.96,2.1,33.0,4.44,2.6,27.57,0.1362,12,0,0
144.05,99948.9,0.6825,21.19,5.68,75.9,107.92,82.9,22.52,0.6776,9,1,1
2.17,102070.5,0.0828,34.82,1.26,20.0,1.67,1.5,33.13,0.0668,4,0,0
108.04,100220.4,0.6487,22.03,4.03,75.36,77.8,60.14,20.1,0.659,8,1,1
14.78,101464.2,0.1752,28.2,0.92,42.7,9.72,6.57,28.63,0.1718,8,1,0
207.15,99821.9,0.788,32.47,8.34,81.05,128.82,92.48,31.35,0.7925,6,1,1
170.3,99506.0,0.6821,28.92,5.71,84.78,122.8,95.42,30.2,0.699,7,1,1
25.06,100958.1,0.311,35.26,2.53,66.33,17.7,10.36,33.26,0.3027,11,0,0
99.13,100058.2,0.6222,23.43,4.41,75.0,84.2,65.66,22.57,0.6206,8,1,1
11.31,101588.9,0.1651,30.02,1.46,46.61,9.0,4.95,31.99,0.1764,5,0,0
138.17,100108.4,0.6615,33.43,3.0,78.03,102.91,87.19,34.16,0.6742,1,0,1
0.03,102673.4,0.08,29.53,0.0,24.66,0.01,0.01,27.97,0.0616,7,1,0
235.76,99731.5,0.8076,22.94,7.23,91.2,138.26,92.28,21.86,0.8132,7,1,1
13.14,101506.3,0.25,29.03,1.93,41.08,10.09,7.8,29.13,0.2565,6,1,0
7.03,102290.1,0.157,27.04,0.31,32.68,5.77,3.96,28.62,0.1766,1,0,0
193.03,99586.0,0.7037,20.06,6.4,82.74,138.0,85.61,21.4,0.7197,4,0,1
6.1,103000.0,0.1402,21.86,0.95,29.9,5.17,2.61,19.92,0.1465,4,0,0
180.85,99095.1,0.7088,30.62,5.78,80.96,148.63,113.95,29.27,0.6947,7,1,1
14.68,102145.4,0.1832,28.89,0.46,49.66,12.65,11.03,28.77,0.1765,5,0,0
5.0,102587.7,0.1502,19.42,0.0,24.65,4.1,3.65,19.84,0.1588,10,0,0
18.02,100719.1,0.211,31.83,2.42,51.98,13.85,9.91,32.87,0.1985,4,0,0
194.18,99224.7,0.7953,26.64,7.09,89.72,137.28,77.93,25.06,0.7846,7,1,1
0.8,103000.0,0.1197,19.69,0.75,20.22,0.6,0.47,19.48,0.1224,6,1,0
237.76,99062.4,0.7736,21.24,6.46,90.1,172.9,118.45,21.39,0.8002,7,1,1
22.32,100677.2,0.2722,34.66,1.25,51.74,18.23,13.73,34.72,0.2636,2,0,0
286.95,98444.9,0.8614,34.12,7.18,95.44,194.31,154.26,33.76,0.8328,10,0,1
5.69,101692.5,0.1262,33.33,0.43,23.81,3.9,3.01,32.38,0.1397,3,0,0
317.06,98135.7,0.9267,32.52,7.72,97.56,238.86,172.51,31.81,0.943,6,1,1
3.47,102018.3,0.0904,34.58,0.07,20.0,2.08,1.85,34.77,0.1093,3,0,0
28.28,101443.9,0.3268,22.8,4.22,66.19,20.0,15.0,22.47,0.335,11,0,0
7.1,101843.6,0.1595,18.07,0.47,29.36,4.56,2.59,17.61,0.1668,5,0,0
5.52,102325.7,0.1556,32.48,0.84,28.17,4.67,4.14,30.91,0.1525,12,0,0
25.45,101076.2,0.2793,37.75,2.6,65.0,16.66,11.06,37.67,0.2899,4,0,0
26.62,100500.0,0.3364,37.41,1.74,62.81,20.0,11.75,39.12,0.3324,10,0,0
13.78,101613.8,0.177,28.53,0.95,40.15,7.58,3.94,30.24,0.183,8,1,0
174.39,100321.6,0.7072,21.04,4.87,76.35,129.88,101.35,19.44,0.7242,9,1,1
337.83,98030.6,0.95,28.59,6.52,100.0,246.2,165.37,27.61,0.9791,7,1,1
311.54,98539.2,0.8623,28.48,11.92,92.55,182.08,148.99,30.22,0.8817,8,1,1
26.7,101047.0,0.3154,21.7,3.11,67.22,20.0,13.3,23.6,0.3237,3,0,0
0.41,102566.1,0.08,35.08,0.06,20.0,0.28,0.23,33.95,0.0605,7,1,0
291.59,98905.3,0.8921,21.35,8.14,94.49,174.08,134.86,22.84,0.9123,9,1,1
290.34,99252.5,0.8341,30.15,9.33,98.89,222.12,130.08,31.53,0.8399,6,1,1
122.25,100481.8,0.6263,26.16,3.52,82.16,84.77,66.33,26.25,0.6544,6,1,1
16.41,101881.4,0.2083,18.77,0.48,46.64,8.75,4.62,20.14,0.2174,9,1,0
334.19,98000.0,0.9287,21.93,5.4,100.0,249.03,170.86,22.49,0.9074,7,1,1
11.42,102280.1,0.2008,37.04,0.76,44.04,7.5,4.62,38.69,0.2095,12,0,0
7.48,102943.3,0.1693,36.2,0.65,36.4,6.56,4.85,36.26,0.1694,9,1,0
222.84,99137.4,0.7768,20.0,7.26,88.91,152.14,128.49,18.97,0.7964,9,1,1
114.3,100316.9,0.6552,28.71,3.53,79.21,95.24,62.35,28.22,0.6641,8,1,1
10.37,101890.2,0.1666,29.95,1.04,36.54,5.89,3.65,28.88,0.1505,3,0,0
202.98,99676.5,0.7386,29.06,5.2,92.37,164.45,134.53,30.48,0.7112,8,1,1
25.74,101086.3,0.3204,29.87,2.17,62.48,17.59,12.32,29.98,0.3357,1,0,0
14.15,101575.8,0.2289,25.72,1.95,40.72,12.68,8.63,27.46,0.2134,8,1,0
227.95,99344.7,0.8035,27.26,4.66,82.85,189.82,124.3,25.32,0.7751,6,1,1
162.39,99419.3,0.6737,25.42,6.21,85.16,111.43,75.15,25.16,0.6689,6,1,1
26.55,100735.7,0.3235,27.04,2.29,61.58,16.35,14.65,27.9,0.3051,7,1,0
20.89,101471.4,0.2592,32.62,1.17,50.54,17.41,10.29,31.02,0.2758,11,0,0
23.19,101291.1,0.3165,29.42,1.52,59.47,12.74,8.55,30.06,0.3206,3,0,0
216.13,99302.1,0.8147,20.0,4.93,82.15,143.77,108.93,20.19,0.8006,8,1,1
28.25,101142.7,0.35,34.47,2.42,68.62,14.62,12.23,35.49,0.3319,3,0,0
17.67,100702.8,0.2413,23.38,1.74,52.38,13.76,9.43,22.82,0.2369,10,0,0
13.48,101262.4,0.2241,26.57,2.67,43.38,8.51,7.44,25.24,0.2154,1,0,0
291.02,98713.3,0.8696,22.42,6.53,96.64,179.13,110.2,21.71,0.8517,6,1,1
120.82,99275.2,0.6661,24.35,3.24,78.13,73.15,61.68,25.58,0.6873,6,1,1
188.39,99720.7,0.7614,30.42,6.5,88.82,107.41,61.3,30.75,0.7419,11,0,1
299.82,98381.2,0.8911,29.88,9.77,91.4,203.8,127.29,30.75,0.8846,1,0,1
18.64,101303.5,0.256,22.71,3.86,56.7,16.23,12.58,22.35,0.2718,3,0,0
22.58,101180.6,0.2639,35.84,0.96,58.05,11.45,10.0,37.22,0.248,6,1,0
238.63,99053.6,0.8254,23.53,9.09,91.31,133.94,83.09,22.52,0.8084,8,1,1
11.83,101404.4,0.2131,31.16,1.43,42.27,6.43,4.35,32.41,0.2208,4,0,0
18.63,101988.5,0.2447,20.55,1.38,49.19,12.88,7.55,20.91,0.2417,4,0,0
10.88,101981.6,0.1694,27.13,0.56,35.69,7.42,3.99,28.15,0.1509,4,0,0
271.71,98899.6,0.7912,31.24,9.41,99.71,170.29,121.34,29.77,0.8099,8,1,1
15.77,100668.6,0.2049,24.2,1.69,48.44,10.47,7.56,24.47,0.1854,11,0,0
5.75,102418.1,0.1369,22.14,0.0,22.27,4.06,3.23,21.41,0.1342,4,0,0
188.72,99317.6,0.7173,24.17,7.1,84.61,110.19,85.9,26.1,0.7154,9,1,1
1.75,102634.1,0.08,35.62,0.0,20.0,0.92,0.7,36.37,0.0974,6,1,0
0.7,102297.7,0.08,24.84,0.07,21.83,0.45,0.24,24.07,0.083,8,1,0
4.37,102273.7,0.1527,26.2,0.84,28.49,3.25,1.95,26.02,0.1602,9,1,0
15.95,101225.3,0.218,19.93,2.78,46.17,12.29,7.86,20.54,0.222,10,0,0
27.37,101051.8,0.3396,24.26,3.95,64.09,17.7,14.14,22.29,0.3227,6,1,0
11.34,101656.4,0.2033,27.28,1.76,44.62,9.06,6.52,28.16,0.2021,6,1,0
13.22,101395.7,0.157,24.41,0.93,41.42,11.56,8.94,25.57,0.1434,12,0,0
174.84,99832.5,0.7544,30.17,3.0,85.94,114.1,84.78,31.86,0.7581,6,1,1
80.52,100500.0,0.6492,27.69,4.0,75.0,68.17,52.42,28.21,0.6255,7,1,1
123.26,100342.0,0.673,21.64,3.43,78.3,103.71,69.8,21.83,0.6474,9,1,1
3.89,102653.7,0.1168,27.63,0.0,30.34,2.2,1.6,27.19,0.1124,10,0,0
18.39,101133.0,0.2448,32.51,2.77,55.29,15.72,13.24,32.06,0.2503,12,0,0
29.85,100799.4,0.35,18.54,2.69,70.0,19.72,14.15,16.57,0.3369,1,0,0
94.11,100168.9,0.6192,32.23,3.0,75.0,74.29,52.51,33.35,0.6417,7,1,1
311.89,98309.7,0.8942,32.29,9.82,90.64,198.75,165.98,32.6,0.8742,8,1,1
250.59,98928.2,0.8287,28.34,5.6,97.69,199.65,119.54,29.77,0.8499,8,1,1
2.56,102386.5,0.1062,36.86,0.18,25.29,1.76,0.91,36.83,0.1231,9,1,0
7.01,102244.0,0.1293,29.27,0.43,28.21,5.44,3.49,30.77,0.1146,5,0,0
199.49,99216.6,0.7582,23.98,4.91,88.82,133.47,92.92,25.12,0.7402,7,1,1
263.41,99416.1,0.8314,21.85,4.74,95.3,203.98,162.0,21.56,0.8438,8,1,1
243.72,99248.6,0.8487,20.1,6.78,87.5,150.86,109.16,20.83,0.8658,9,1,1
155.92,99419.0,0.7272,22.9,4.88,86.29,116.34,88.65,22.58,0.7087,3,0,1
273.03,98977.0,0.8113,34.24,4.15,94.26,163.41,121.25,32.7,0.8411,3,0,1
21.59,101029.9,0.2539,30.05,1.75,58.61,16.63,12.86,28.6,0.2465,7,1,0
29.68,100500.0,0.3349,33.51,3.12,68.9,20.0,15.0,32.49,0.3543,2,0,0
179.22,100054.4,0.7029,31.73,4.11,87.65,106.36,76.3,31.04,0.7022,9,1,1
29.96,100883.9,0.35,26.5,5.0,68.17,20.0,11.04,27.79,0.3382,8,1,0
275.64,98320.7,0.836,27.75,9.18,91.91,200.67,124.25,27.89,0.8475,9,1,1
12.71,101641.6,0.1803,20.62,2.68,49.18,10.67,5.34,22.03,0.1646,7,1,0
233.95,98889.1,0.8029,20.63,8.43,87.57,177.96,148.17,19.84,0.8112,1,0,1
7.3,101553.7,0.1762,29.08,1.5,37.16,6.14,5.0,29.8,0.16,7,1,0
293.62,98961.3,0.866,28.97,5.22,92.53,190.66,150.53,28.06,0.846,8,1,1
16.78,101230.8,0.2341,35.53,0.91,42.83,14.98,9.93,35.25,0.236,7,1,0
23.99,100500.0,0.3047,21.56,2.87,57.69,18.57,14.9,21.43,0.2883,5,0,0
236.25,99163.3,0.7885,28.59,6.32,90.51,150.92,116.75,29.6,0.8155,9,1,1
293.07,98670.5,0.8177,20.0,8.38,96.58,192.35,151.19,20.37,0.8335,6,1,1
193.41,99497.9,0.763,31.36,4.17,83.78,115.83,98.02,31.17,0.7381,7,1,1
251.2,99331.7,0.8521,30.34,4.0,89.52,182.82,154.34,30.44,0.8743,6,1,1
87.94,100500.0,0.6001,26.68,4.1,75.0,56.12,40.0,26.41,0.6298,9,1,1
189.99,99162.6,0.7452,27.74,4.01,77.48,138.72,104.73,25.78,0.7159,9,1,1
180.64,99913.7,0.7142,28.57,3.59,84.03,120.83,84.16,29.31,0.7303,12,0,1
12.93,101929.9,0.2228,25.98,1.38,42.13,9.54,6.45,26.39,0.2392,1,0,0
29.15,100500.0,0.35,23.75,1.24,61.93,14.62,10.28,22.1,0.359,11,0,0
20.34,100500.0,0.2645,30.68,2.0,57.69,13.39,11.97,31.66,0.2725,9,1,0
315.66,98015.5,0.8996,20.04,7.76,93.7,214.45,136.29,19.55,0.9005,6,1,1
27.41,100500.0,0.3458,36.56,3.24,68.24,14.11,10.43,37.25,0.3384,12,0,0
149.68,99448.9,0.6653,34.39,4.63,81.8,96.62,70.85,36.38,0.6423,8,1,1
302.77,98603.7,0.9185,26.4,8.14,92.91,220.46,130.54,27.95,0.9272,8,1,1
147.45,99778.6,0.6815,31.3,3.0,80.74,86.26,64.3,32.45,0.6731,8,1,1
2.53,102527.7,0.1214,25.4,0.46,25.72,1.73,0.94,27.32,0.1361,10,0,0
16.64,100763.0,0.2295,22.41,0.96,48.83,9.81,6.8,23.98,0.2189,12,0,0
113.13,100458.2,0.6,32.93,3.0,76.75,91.5,69.17,33.57,0.6113,8,1,1
280.97,98498.9,0.8293,20.24,10.66,91.05,222.71,126.02,18.93,0.8171,7,1,1
242.57,99203.9,0.8278,29.27,8.61,88.26,199.75,139.5,30.47,0.8385,8,1,1
112.06,100059.1,0.6677,30.33,4.32,77.04,71.31,54.58,31.27,0.6684,10,0,1
25.34,100887.2,0.3459,19.31,4.12,62.87,20.0,14.44,19.8,0.363,4,0,0
16.5,101178.0,0.254,29.98,2.08,45.69,13.66,6.94,30.47,0.2394,9,1,0
288.61,98730.0,0.8829,21.98,5.42,97.65,184.22,124.81,20.07,0.8777,8,1,1
295.88,98289.7,0.9302,23.35,9.6,89.37,225.96,166.32,23.14,0.9422,6,1,1
114.12,100123.7,0.6523,32.87,3.02,80.64,88.66,63.84,30.94,0.6585,11,0,1
305.38,98587.1,0.8881,20.32,4.45,97.21,173.01,95.79,20.4,0.8592,10,0,1
12.99,101780.0,0.2292,20.84,1.95,44.96,8.8,5.06,21.42,0.2168,10,0,0
324.45,98349.3,0.9049,27.24,12.0,90.16,212.49,141.58,26.81,0.8849,1,0,1
11.23,102089.4,0.1977,21.12,0.88,35.87,9.01,5.59,22.88,0.1837,12,0,0
188.84,100071.5,0.6763,27.14,3.0,83.49,113.92,92.9,28.43,0.691,8,1,1
22.51,100961.2,0.3127,37.75,3.1,62.1,15.07,7.55,37.09,0.3058,11,0,0
8.19,102333.0,0.1709,19.29,1.36,30.7,7.3,4.94,20.5,0.1596,10,0,0
25.66,100500.0,0.3259,24.33,2.94,63.99,18.5,14.05,22.8,0.3257,1,0,0
96.53,100440.9,0.6305,29.77,3.78,75.0,81.44,52.48,30.1,0.6016,8,1,1
22.83,100690.5,0.2838,29.41,0.37,55.83,17.93,10.24,31.04,0.2772,3,0,0
25.47,100779.9,0.2865,37.01,4.63,54.2,16.36,11.54,37.37,0.2675,11,0,0
26.44,100500.0,0.31,33.85,2.51,62.71,16.96,12.77,35.1,0.3067,11,0,0
0.85,103000.0,0.0872,22.66,0.25,20.0,0.49,0.4,21.85,0.0926,3,0,0
200.62,99835.5,0.7723,29.97,4.31,85.31,122.71,80.18,29.39,0.7659,9,1,1
223.48,99568.9,0.7505,20.0,5.12,84.78,166.11,134.85,20.32,0.7481,9,1,1
27.81,100500.0,0.323,25.37,3.34,61.54,19.64,15.0,24.88,0.3349,7,1,0
13.36,101684.6,0.1936,30.86,2.55,45.52,8.97,4.53,29.57,0.1847,12,0,0
316.21,98157.7,0.9377,25.34,10.63,99.55,241.97,162.07,25.61,0.9103,4,0,1
241.42,99414.0,0.7672,29.14,3.14,85.2,181.56,138.21,27.63,0.7907,9,1,1
24.82,100631.2,0.2981,31.15,1.38,56.5,14.05,11.08,30.94,0.3055,8,1,0
139.12,100088.0,0.6786,30.01,4.09,78.97,91.37,61.37,29.74,0.6927,8,1,1
27.28,100500.0,0.35,33.16,3.89,68.48,20.0,12.68,31.66,0.3525,1,0,0
5.86,102080.5,0.1252,31.64,0.62,34.46,4.75,3.03,33.4,0.1329,8,1,0
163.57,100065.6,0.7369,30.68,3.63,85.5,106.94,64.92,29.33,0.7166,9,1,1
10.81,101181.8,0.1911,34.55,1.66,33.56,7.13,4.68,35.97,0.1716,3,0,0
212.76,99518.9,0.797,34.56,5.87,86.25,146.89,81.68,33.02,0.7799,6,1,1
28.68,100500.0,0.3441,32.58,1.9,70.0,20.0,10.92,31.04,0.3242,11,0,0
22.91,100500.0,0.3286,34.92,3.56,53.61,17.09,9.84,36.79,0.335,4,0,0
320.45,98446.7,0.95,26.23,5.92,95.48,236.09,179.46,26.03,0.9356,6,1,1
11.19,102270.6,0.1429,36.9,0.01,37.8,5.78,4.81,37.17,0.1354,6,1,0
332.18,98289.3,0.9083,20.04,7.67,96.95,198.35,146.68,21.86,0.9275,4,0,1
207.28,99130.3,0.7558,21.83,3.86,89.12,154.23,108.89,22.29,0.7265,9,1,1
16.14,100825.4,0.2338,28.84,0.96,44.42,10.28,6.9,27.45,0.2213,4,0,0
15.03,101265.8,0.1952,27.01,1.53,49.98,7.76,5.86,26.88,0.2045,2,0,0
8.55,102231.4,0.1876,22.73,1.44,38.74,4.99,3.41,22.14,0.1692,4,0,0
5.8,102823.8,0.1269,18.24,1.62,32.29,4.83,3.33,20.22,0.122,5,0,0
8.23,102551.9,0.1468,28.7,1.58,39.06,6.19,4.55,28.5,0.1406,11,0,0
23.53,100798.7,0.3198,37.53,1.37,63.51,14.73,9.4,36.23,0.3331,2,0,0
190.19,99325.6,0.7116,32.0,3.23,85.31,154.85,89.62,31.59,0.7241,7,1,1
23.83,101127.8,0.317,31.38,1.92,57.35,12.68,9.8,31.31,0.3096,1,0,0
14.75,101467.6,0.1754,22.14,1.36,41.86,9.48,4.93,22.45,0.1786,10,0,0
180.85,99273.7,0.74,33.3,5.46,83.43,118.54,77.54,33.31,0.7526,7,1,1
22.93,101003.4,0.302,37.78,1.66,60.39,16.35,12.77,36.31,0.2894,6,1,0
236.16,99099.2,0.8018,33.23,5.63,88.27,137.44,88.5,34.45,0.8124,7,1,1
7.38,101977.7,0.1436,24.32,0.5,26.66,6.48,4.8,25.98,0.1587,10,0,0
210.31,98903.2,0.7845,34.11,4.78,87.46,124.68,71.7,34.3,0.7731,8,1,1
298.26,98148.4,0.8416,31.76,8.08,94.5,188.34,154.35,29.82,0.8392,10,0,1
333.53,98169.4,0.922,30.98,7.73,100.0,193.82,109.54,30.44,0.8996,6,1,1
5.97,102116.5,0.144,26.24,0.89,34.2,4.15,3.68,27.04,0.1353,1,0,0
13.94,101658.6,0.2266,30.17,1.74,44.26,12.27,10.16,28.47,0.211,6,1,0
9.68,101860.4,0.1776,31.31,0.56,34.56,5.21,2.85,31.69,0.1696,9,1,0
25.94,101412.1,0.3234,24.31,0.65,56.82,13.89,10.7,24.85,0.3188,11,0,0
252.99,98961.0,0.8482,25.48,6.49,96.19,190.03,120.34,25.32,0.8298,9,1,1
23.66,101285.1,0.2791,22.65,2.9,66.18,15.54,10.95,21.53,0.2768,7,1,0
5.13,102251.6,0.1587,21.35,1.1,25.81,4.53,2.75,22.36,0.1708,1,0,0
8.42,101308.1,0.1409,31.85,0.25,30.94,4.98,2.97,32.83,0.1602,1,0,0
28.81,100500.0,0.336,34.09,4.55,70.0,20.0,14.26,32.18,0.3469,10,0,0
298.38,98298.9,0.9212,25.08,7.46,93.48,250.0,180.0,24.15,0.9105,7,1,1
13.78,101543.5,0.2002,28.91,1.75,40.73,10.74,8.56,28.15,0.2091,12,0,0
121.08,100390.8,0.6544,21.45,4.79,81.35,98.14,57.18,19.88,0.6791,6,1,1
10.67,102111.7,0.1904,24.7,1.61,34.62,6.13,4.95,26.06,0.2057,6,1,0
27.85,100500.0,0.306,23.6,1.08,64.63,20.0,12.76,24.54,0.2967,12,0,0
13.45,101663.3,0.1882,29.34,3.0,39.32,9.82,7.28,30.37,0.2045,4,0,0
256.4,98827.3,0.8038,24.07,6.12,86.74,143.18,97.26,24.12,0.7888,6,1,1
182.41,99499.3,0.7045,32.74,4.99,78.31,120.25,94.41,34.56,0.7141,2,0,1
17.38,101544.7,0.253,25.78,1.53,44.98,13.46,9.97,26.33,0.2631,9,1,0
212.89,99092.7,0.7648,30.32,4.1,86.1,167.4,95.94,28.93,0.7833,9,1,1
13.59,101169.9,0.1875,22.03,1.07,47.05,11.78,10.27,23.98,0.2029,4,0,0
254.82,99019.8,0.7948,29.76,9.75,95.09,160.36,92.11,27.78,0.7846,7,1,1
274.67,98652.2,0.8602,32.48,10.15,91.69,183.21,120.67,34.0,0.8303,8,1,1
315.83,98673.6,0.8863,26.26,7.3,95.72,211.83,122.08,25.44,0.8843,7,1,1
3.28,102529.4,0.102,20.03,0.16,24.28,2.27,1.71,20.93,0.091,11,0,0
229.39,98780.6,0.7937,23.66,5.95,91.97,139.66,90.33,21.89,0.8205,10,0,1
20.48,101465.9,0.2705,36.78,2.71,52.92,16.54,13.75,38.11,0.2868,6,1,0
275.95,98091.9,0.8733,30.37,4.47,92.99,179.35,147.66,29.35,0.8614,6,1,1
94.86,100405.4,0.6848,25.44,4.77,75.73,66.18,56.23,23.98,0.6906,6,1,1
3.16,102133.5,0.08,20.64,0.0,20.0,2.36,1.61,22.07,0.0733,5,0,0
7.54,102001.0,0.1135,34.04,0.89,27.37,3.8,2.27,32.55,0.1066,12,0,0
263.99,98000.0,0.8035,28.09,9.39,97.66,182.98,106.97,27.28,0.8024,3,0,1
151.85,99689.2,0.6798,29.62,4.94,75.0,88.83,65.3,31.15,0.6668,6,1,1
336.93,98016.2,0.95,20.1,12.0,97.93,205.0,138.21,18.7,0.9335,11,0,1
272.21,98433.1,0.8808,23.91,6.87,95.94,198.58,113.23,23.69,0.8856,7,1,1
274.01,98457.9,0.8274,31.04,7.24,92.27,218.27,180.0,29.21,0.8556,6,1,1
317.0,98430.2,0.8882,20.0,6.18,97.24,232.29,136.39,18.6,0.8602,2,0,1
8.67,102220.6,0.1312,21.0,1.1,32.14,4.73,2.76,20.0,0.1348,7,1,0
136.16,99976.1,0.6954,33.28,5.45,81.15,85.93,63.22,31.32,0.6898,8,1,1
15.64,101827.3,0.2245,22.19,0.62,49.55,11.67,8.32,23.6,0.2332,7,1,0
13.1,102118.6,0.1895,30.66,1.94,39.95,7.62,3.93,32.48,0.197,12,0,0
112.19,99924.3,0.6742,27.26,3.51,75.0,80.18,53.34,28.42,0.6576,8,1,1
18.67,101533.8,0.2491,30.44,1.67,50.94,10.67,9.01,29.17,0.2571,7,1,0
6.95,101497.9,0.1677,37.98,0.83,30.27,4.9,4.21,39.01,0.1643,4,0,0
239.32,99222.2,0.7665,26.92,7.11,88.93,188.51,117.66,27.28,0.7706,8,1,1
22.72,101007.2,0.2567,30.05,3.2,60.16,17.0,15.0,31.49,0.2545,3,0,0
229.48,99094.3,0.7686,21.04,6.99,93.86,126.99,100.04,22.78,0.7713,8,1,1
19.13,101873.2,0.2314,21.86,2.33,55.41,11.96,10.36,21.07,0.245,12,0,0
27.95,100706.8,0.3047,24.24,2.59,67.34,14.44,8.76,24.5,0.2972,1,0,0
225.19,99674.5,0.7902,32.53,6.88,86.17,175.25,134.08,32.75,0.7629,6,1,1
7.16,101810.6,0.1329,18.73,1.27,30.44,5.51,2.95,19.3,0.1302,12,0,0
189.13,99678.9,0.7198,26.55,4.12,84.49,123.94,91.03,25.58,0.6899,9,1,1
13.57,101147.6,0.2058,21.58,1.79,47.0,9.21,4.63,23.04,0.1954,5,0,0
2.54,102056.6,0.0975,22.69,0.0,20.0,1.96,1.67,23.49,0.106,9,1,0
286.06,98467.5,0.8407,31.36,9.32,92.03,179.93,106.88,33.02,0.8639,9,1,1
26.15,101274.1,0.3079,29.41,0.55,58.99,20.0,15.0,28.76,0.3067,8,1,0
151.29,99976.6,0.6633,31.47,5.09,80.27,115.19,66.42,30.46,0.6534,6,1,1
302.69,98983.6,0.9072,29.83,9.6,97.13,201.0,145.0,31.46,0.9073,5,0,1
93.8,99835.5,0.6047,33.64,3.68,75.0,75.54,49.7,35.26,0.5758,9,1,1
29.54,100500.0,0.35,37.15,1.27,63.88,20.0,15.0,38.55,0.3384,3,0,0
0.49,101999.8,0.0822,28.15,0.44,21.77,0.27,0.15,27.98,0.0748,2,0,0
307.94,98399.9,0.9003,23.85,11.93,96.02,233.26,175.58,22.27,0.9198,11,0,1
141.46,100256.9,0.6779,22.47,3.0,83.26,90.79,64.95,22.4,0.688,9,1,1
9.65,101834.0,0.1585,22.12,0.64,37.17,6.78,5.02,22.7,0.1461,7,1,0
8.43,101163.1,0.1901,22.09,0.04,34.97,5.02,4.28,22.48,0.1828,10,0,0
5.32,101829.9,0.1037,34.32,0.62,26.64,3.34,2.76,33.07,0.1219,5,0,0
9.62,101634.6,0.1501,34.66,0.0,37.19,6.74,4.5,34.42,0.1602,3,0,0
127.6,99512.9,0.6679,27.13,4.98,81.45,107.63,73.42,25.39,0.6465,8,1,1
10.84,102220.6,0.1907,37.09,0.58,45.45,8.93,6.71,37.19,0.1708,1,0,0
174.05,99232.7,0.7103,23.39,6.09,84.92,103.37,82.51,23.58,0.7112,6,1,1
281.44,98483.2,0.8621,30.61,6.8,91.5,229.78,153.04,31.82,0.8321,10,0,1
28.44,100500.0,0.3437,22.09,4.07,67.73,14.44,9.55,20.48,0.354,7,1,0
223.82,98963.6,0.7329,20.97,3.79,88.85,181.33,101.6,20.25,0.7527,6,1,1
5.17,102507.3,0.124,26.91,0.69,31.74,4.05,3.46,26.75,0.1253,9,1,0
23.06,100900.5,0.2703,36.19,3.22,61.69,13.44,7.74,34.82,0.2817,8,1,0
17.09,101737.9,0.1969,26.5,1.5,47.69,14.88,9.13,24.69,0.2159,3,0,0
329.53,98497.3,0.8804,29.07,11.0,100.0,187.12,138.41,30.41,0.8518,9,1,1
270.82,98085.9,0.8229,25.69,7.05,89.03,181.87,111.18,26.53,0.8064,9,1,1
274.98,98541.7,0.8437,29.64,9.03,90.79,211.03,120.7,28.48,0.8451,9,1,1
24.36,101005.7,0.2781,32.48,2.89,61.74,16.34,12.14,34.3,0.2643,7,1,0
18.83,101916.9,0.2633,27.45,2.23,49.05,14.24,10.69,26.79,0.2813,4,0,0
10.19,101953.4,0.1633,26.15,2.52,34.06,7.47,4.53,24.87,0.1757,10,0,0
14.41,101117.9,0.1911,21.61,0.5,39.38,9.02,8.03,20.72,0.2039,7,1,0
235.43,98953.2,0.7604,23.87,5.49,94.56,198.62,138.04,24.7,0.7642,8,1,1
270.48,99122.1,0.8764,29.31,7.25,95.46,171.02,109.93,27.77,0.9058,7,1,1
1.86,102334.2,0.08,37.95,0.0,21.32,1.58,1.31,36.23,0.0842,7,1,0
3.59,102390.5,0.1028,35.55,0.26,31.74,2.68,1.48,35.27,0.0987,9,1,0
262.84,99043.8,0.8485,31.46,8.82,92.87,212.2,133.31,33.31,0.8415,7,1,1
22.06,101251.1,0.3065,19.84,1.35,57.08,11.98,8.52,18.38,0.2925,4,0,0
9.35,101509.9,0.1147,36.64,0.92,38.5,4.95,4.03,35.81,0.1034,6,1,0
20.18,101278.2,0.2626,37.69,1.22,52.25,15.51,7.81,39.48,0.2696,5,0,0
99.18,100178.4,0.6363,22.93,5.06,75.0,75.25,62.21,22.08,0.6258,7,1,1
268.45,99331.0,0.8139,25.33,7.0,91.82,206.1,117.2,26.51,0.7848,9,1,1
7.32,102021.1,0.1131,37.49,1.74,34.36,6.59,5.25,39.06,0.0992,8,1,0
8.12,102498.4,0.1501,37.95,0.51,26.75,4.84,3.21,38.53,0.1367,1,0,0
26.11,100915.7,0.3179,23.62,2.12,65.17,17.28,14.0,24.17,0.334,4,0,0
25.71,100716.0,0.2967,23.01,2.33,59.05,15.33,9.46,21.95,0.3054,5,0,0
28.08,100500.0,0.35,22.89,2.12,60.48,20.0,11.59,22.5,0.3685,2,0,0
22.57,100923.1,0.2827,30.55,2.91,58.4,16.2,9.15,31.53,0.2954,8,1,0
5.7,101386.7,0.134,28.17,0.0,29.47,3.97,2.68,26.37,0.1483,8,1,0
4.51,102637.6,0.1277,31.08,1.03,22.82,3.94,3.47,30.71,0.1474,9,1,0
18.47,100996.8,0.2733,21.94,1.3,54.68,16.32,13.17,20.48,0.2865,1,0,0
295.18,98421.2,0.9305,30.8,8.79,93.55,176.93,99.2,29.93,0.9489,8,1,1
24.58,101544.5,0.35,22.12,1.77,64.85,19.08,13.84,20.91,0.3449,8,1,0
160.02,99922.0,0.74,31.17,3.63,86.87,104.02,64.92,32.1,0.7316,7,1,1
100.68,100500.0,0.6475,29.63,3.47,75.9,81.91,68.82,30.19,0.6508,9,1,1
286.31,98559.6,0.8832,20.0,5.79,88.63,201.47,159.56,19.41,0.8751,7,1,1
26.6,100871.3,0.2887,32.82,2.75,70.0,16.19,12.72,32.66,0.2894,8,1,0
5.68,102309.9,0.0858,20.39,1.4,33.59,4.24,3.19,18.96,0.0951,5,0,0
106.05,100477.3,0.6264,27.07,3.36,78.03,68.34,56.3,28.22,0.5976,7,1,1
331.47,98011.2,0.9161,28.02,9.88,97.48,249.03,180.0,29.81,0.9317,12,0,1
17.93,100500.0,0.2684,37.87,1.82,50.36,10.8,7.03,37.79,0.249,11,0,0
29.6,100500.0,0.35,21.63,3.16,62.43,20.0,10.43,22.15,0.3507,10,0,0
29.78,100500.0,0.35,29.5,3.12,70.0,15.67,10.52,31.16,0.369,2,0,0
13.13,102101.4,0.1945,21.05,1.22,42.5,10.5,5.39,19.11,0.1999,9,1,0
23.59,101254.9,0.2841,34.43,2.19,58.45,20.0,15.0,33.47,0.2885,5,0,0
4.15,101871.2,0.1184,34.99,0.92,27.59,2.22,1.81,33.39,0.1346,6,1,0
143.5,100059.5,0.693,26.3,3.47,79.41,105.16,84.96,26.36,0.7225,8,1,1
22.35,101441.7,0.286,19.0,1.02,59.2,13.25,9.69,19.83,0.2687,3,0,0
25.67,100853.6,0.3246,35.42,3.02,66.29,16.43,13.92,34.02,0.3293,12,0,0
16.11,100936.2,0.2112,36.1,1.2,48.99,10.81,9.59,35.01,0.1938,11,0,0
273.18,98703.0,0.8438,31.64,6.36,85.63,160.33,116.26,32.2,0.8316,9,1,1
93.09,100346.4,0.6297,29.75,3.79,76.84,52.81,40.0,29.13,0.6522,8,1,1
16.23,100999.1,0.2325,24.86,2.33,41.6,12.63,6.77,23.81,0.2433,3,0,0
14.75,102235.1,0.2014,25.19,1.74,50.32,12.31,9.31,26.45,0.2077,7,1,0
188.76,99859.9,0.7042,34.63,4.53,85.23,120.08,94.87,33.43,0.7208,7,1,1
278.16,98402.5,0.8989,24.81,5.14,93.54,172.51,104.88,24.68,0.8992,9,1,1
21.26,100912.1,0.2442,29.39,2.73,57.11,13.35,7.51,27.59,0.2244,7,1,0
113.33,100106.6,0.7088,30.15,3.0,76.75,73.98,55.79,29.28,0.6829,8,1,1
24.36,100768.4,0.2971,32.42,1.53,64.29,18.71,13.55,33.29,0.3095,7,1,0
2.79,102026.3,0.1202,27.93,0.54,25.07,1.68,0.9,29.56,0.1272,12,0,0
24.23,101122.5,0.2793,18.86,3.2,58.46,18.12,11.36,18.3,0.2793,5,0,0
14.61,100891.6,0.1696,33.46,1.16,52.39,9.01,8.05,33.7,0.1698,10,0,0
168.09,99747.5,0.7195,33.32,4.19,85.29,102.7,77.4,31.93,0.6935,5,0,1
4.01,101859.7,0.1071,25.23,0.91,31.95,2.39,1.26,26.33,0.1143,8,1,0
14.4,101594.1,0.1777,36.3,1.91,42.28,10.4,7.8,37.72,0.1947,6,1,0
101.55,100500.0,0.6305,25.07,4.24,75.94,68.5,46.11,26.5,0.6588,7,1,1
14.48,101201.6,0.2258,27.55,2.84,40.98,9.53,6.62,27.6,0.229,1,0,0
137.3,99445.2,0.6998,32.63,6.8,79.69,94.94,64.24,34.15,0.7202,8,1,1
178.12,99941.2,0.6992,21.81,6.4,85.26,116.3,71.33,20.87,0.6722,6,1,1
234.83,98856.5,0.8585,29.74,8.45,93.27,165.69,137.96,29.55,0.8586,6,1,1
304.06,98500.9,0.896,27.17,6.32,93.84,201.67,125.07,27.12,0.8664,9,1,1
10.47,102305.6,0.188,23.97,1.03,37.76,6.79,4.29,22.49,0.1725,11,0,0
26.75,100687.2,0.3054,20.26,1.2,66.98,20.0,15.0,21.11,0.3123,3,0,0
310.09,98000.0,0.8716,31.4,10.31,90.28,204.86,125.83,29.76,0.8607,6,1,1
18.03,101512.6,0.2184,21.21,1.18,41.97,9.31,5.2,20.17,0.2144,8,1,0
325.41,98504.5,0.9327,22.0,9.64,97.95,189.23,131.6,20.09,0.9511,6,1,1
105.64,100236.7,0.616,22.75,3.45,76.72,74.93,46.59,20.98,0.5989,9,1,1
94.97,99850.2,0.6345,25.51,4.56,81.07,80.49,61.66,26.47,0.6288,8,1,1
14.77,101681.0,0.2374,32.38,0.76,47.74,12.07,10.37,33.59,0.2518,12,0,0
20.62,101251.0,0.2186,26.65,2.26,54.94,18.2,10.86,28.5,0.2236,10,0,0
326.72,98118.5,0.8675,20.77,8.8,97.58,250.0,180.0,21.58,0.8802,9,1,1
215.59,99261.9,0.8012,20.0,6.8,91.91,160.65,118.58,19.17,0.7884,12,0,1
130.54,99798.2,0.6605,27.3,3.0,78.33,73.18,44.11,25.93,0.6331,9,1,1
29.43,100500.0,0.3282,32.12,3.8,69.05,20.0,12.36,31.11,0.3094,3,0,0
168.39,99995.5,0.6937,33.69,4.0,82.66,135.37,81.91,32.47,0.6895,8,1,1
88.78,100500.0,0.62,30.95,5.74,75.0,62.14,40.0,32.14,0.6319,7,1,1
193.97,99406.7,0.7187,34.76,4.08,81.67,125.71,75.95,32.94,0.7385,10,0,1
289.69,98871.7,0.8896,29.42,6.76,93.33,172.53,121.8,28.41,0.8934,5,0,1
164.08,99757.0,0.7158,21.25,5.32,87.29,99.32,78.37,22.69,0.6992,5,0,1
165.18,99503.4,0.744,28.53,4.02,85.21,110.65,73.53,28.68,0.7631,9,1,1
28.84,100500.0,0.3488,30.44,4.65,70.0,20.0,12.59,29.2,0.3592,8,1,0
5.2,102348.1,0.177,36.21,0.52,25.65,3.62,2.7,37.56,0.1915,3,0,0
258.78,98688.9,0.8614,31.49,8.28,93.44,157.11,94.23,32.28,0.8572,9,1,1
14.46,101528.5,0.2018,27.92,1.51,44.88,8.63,4.38,28.35,0.1975,3,0,0
307.63,98011.3,0.9123,33.59,10.57,93.48,184.85,145.52,35.54,0.8838,6,1,1
15.3,101270.1,0.202,21.59,0.45,43.52,9.95,8.9,23.18,0.1839,2,0,0
111.09,100311.5,0.6,24.32,4.02,84.2,70.97,53.44,23.96,0.6134,9,1,1
313.36,98487.2,0.8717,28.55,11.42,99.66,250.0,180.0,29.04,0.8658,1,0,1
310.48,98000.0,0.8597,27.5,10.7,96.56,231.28,152.76,27.45,0.8651,8,1,1
0.42,102791.2,0.0939,33.16,0.28,20.0,0.28,0.19,34.72,0.0884,12,0,0
13.99,101518.3,0.2263,19.9,1.07,37.4,11.84,8.56,19.96,0.2188,10,0,0
113.75,100097.9,0.6166,24.8,3.0,82.1,75.11,48.8,23.84,0.6056,7,1,1
22.46,101415.5,0.2972,27.99,1.15,54.83,15.96,10.65,26.12,0.3031,1,0,0
2.73,102432.3,0.08,25.72,0.09,26.19,2.13,1.13,25.05,0.0924,5,0,0
252.11,99138.7,0.8468,20.06,4.64,90.31,203.2,150.09,21.94,0.8478,5,0,1
127.95,100008.6,0.6582,26.33,3.74,76.84,79.95,66.58,25.35,0.6479,8,1,1
29.22,100500.0,0.3338,27.97,1.06,70.0,20.0,15.0,26.37,0.3208,3,0,0
228.43,98959.5,0.8209,23.23,7.06,92.67,186.54,145.88,23.87,0.791,9,1,1
276.38,98891.4,0.8872,23.0,7.35,95.25,211.56,131.66,24.42,0.896,7,1,1
116.79,100268.3,0.6951,25.85,3.31,85.04,71.03,40.0,23.92,0.6835,9,1,1
16.13,101287.8,0.2137,21.85,2.55,46.22,10.31,9.15,23.61,0.2049,12,0,0
25.12,101069.6,0.3008,33.48,2.85,61.39,17.82,14.19,31.71,0.3014,12,0,0
1.82,102326.3,0.08,30.15,0.02,29.11,1.6,1.24,30.55,0.0938,3,0,0
179.7,99445.9,0.6768,31.03,3.43,85.8,108.85,69.03,32.01,0.6607,8,1,1
26.17,101179.0,0.3101,26.5,2.02,57.47,20.0,14.75,27.64,0.3131,6,1,0
6.27,101946.8,0.1584,28.65,0.92,30.74,4.09,3.05,28.84,0.1772,9,1,0
4.99,102420.5,0.1657,36.49,0.75,24.63,4.43,3.89,35.55,0.177,5,0,0
99.65,100108.7,0.6757,29.82,3.29,75.0,69.34,43.07,29.41,0.6492,11,0,1
29.63,100500.0,0.35,29.19,1.79,69.71,20.0,13.18,31.13,0.3682,8,1,0
83.94,100500.0,0.6,22.87,3.0,77.48,53.04,40.1,24.03,0.6264,7,1,1
2.26,102936.3,0.1055,22.26,0.14,28.19,1.66,1.06,23.13,0.1032,4,0,0
282.89,99037.0,0.8474,21.98,7.31,90.96,170.29,126.86,23.02,0.8683,11,0,1
16.42,101878.3,0.2187,32.1,1.47,54.01,13.87,8.82,30.77,0.2135,2,0,0
10.34,101966.9,0.1599,29.71,0.53,35.87,8.36,7.02,29.77,0.1658,1,0,0
15.05,101645.0,0.2272,19.53,1.41,47.55,7.97,6.86,19.51,0.2217,1,0,0
303.68,98478.4,0.853,28.07,9.34,93.78,195.11,149.38,29.85,0.8318,7,1,1
26.19,100722.4,0.2819,24.68,2.09,61.77,20.0,15.0,24.65,0.2779,2,0,0
180.25,99664.0,0.7887,32.78,3.62,85.25,121.77,87.48,33.37,0.8052,8,1,1
4.48,102088.0,0.1077,28.23,1.06,26.66,3.86,2.82,29.35,0.1266,3,0,0
113.2,100500.0,0.6452,27.43,3.0,85.88,70.43,48.91,27.45,0.6574,8,1,1
309.13,98608.6,0.9078,20.0,5.08,97.7,225.54,140.3,18.86,0.8847,8,1,1
300.5,98163.2,0.8671,26.9,7.33,94.24,206.58,122.94,27.66,0.8895,7,1,1
19.71,101099.2,0.2545,19.6,3.79,54.13,10.29,7.45,19.05,0.2384,5,0,0
19.8,101059.6,0.261,19.88,1.11,51.49,14.7,10.6,19.68,0.2613,3,0,0
310.32,98692.1,0.95,20.0,7.83,96.6,216.11,145.67,18.22,0.927,8,1,1
315.71,98000.0,0.8678,29.15,7.81,97.6,201.86,160.23,30.07,0.8639,7,1,1
318.44,98208.1,0.8669,20.98,9.14,98.15,197.8,155.35,21.83,0.854,12,0,1
298.63,98782.9,0.8997,26.94,6.17,95.03,219.55,162.17,28.34,0.8991,3,0,1
212.45,98915.2,0.7337,26.49,8.79,87.11,144.94,94.44,25.27,0.7291,11,0,1
124.03,99926.0,0.6288,31.22,4.34,77.88,93.28,61.62,32.7,0.6563,8,1,1
109.45,100500.0,0.6042,33.29,3.2,76.9,82.89,54.79,31.79,0.5836,9,1,1
19.77,101160.3,0.2343,23.18,0.99,55.61,15.2,9.62,21.8,0.2487,7,1,0
162.07,99667.8,0.7413,25.73,5.81,79.65,116.16,92.02,26.19,0.7306,6,1,1
14.18,101704.6,0.1929,26.63,1.07,42.67,11.07,9.58,27.83,0.1915,4,0,0
4.02,102553.4,0.1088,21.03,0.38,25.6,2.49,1.93,21.54,0.0971,2,0,0
162.88,99665.1,0.6442,29.23,4.41,82.51,136.73,92.86,28.54,0.6418,8,1,1
229.69,99529.9,0.7945,22.25,8.8,83.19,150.53,90.51,21.96,0.8071,8,1,1
142.61,99823.6,0.6087,24.16,3.0,82.9,107.01,78.25,25.23,0.6269,3,0,1
29.61,100500.0,0.35,27.22,2.85,62.17,20.0,15.0,26.69,0.3522,6,1,0
0.54,102604.5,0.08,32.52,0.1,20.0,0.4,0.35,32.03,0.0744,6,1,0
26.22,100855.1,0.3348,27.39,2.37,64.14,17.34,12.91,26.52,0.3402,1,0,0
307.82,98405.1,0.8976,28.28,9.9,100.0,203.04,149.71,26.32,0.9138,7,1,1
332.0,98045.1,0.9188,21.51,8.32,96.98,191.84,106.55,22.77,0.8915,2,0,1
4.38,102268.3,0.1164,19.42,0.85,30.22,3.84,2.66,17.44,0.1086,12,0,0
8.53,102660.5,0.1723,20.18,1.36,26.43,7.65,5.84,19.47,0.1685,6,1,0
21.1,101655.9,0.2608,31.7,2.01,55.3,15.82,10.03,33.58,0.2494,5,0,0
315.31,98589.4,0.9014,26.94,10.62,93.57,223.56,136.66,25.41,0.9104,6,1,1
195.63,99549.2,0.7037,25.17,4.27,83.33,120.78,97.69,26.52,0.6829,3,0,1
25.73,101336.3,0.35,18.99,3.57,55.47,14.76,12.42,20.76,0.3476,1,0,0
90.13,99945.1,0.6188,29.85,4.31,75.0,75.65,54.28,31.51,0.6423,7,1,1
127.8,100054.0,0.6592,22.15,3.67,80.62,81.39,55.14,24.1,0.6711,9,1,1
288.84,98266.0,0.8899,31.95,8.19,98.75,203.37,161.67,32.23,0.9067,8,1,1
4.27,102304.4,0.1019,24.26,0.44,21.54,2.76,2.35,24.72,0.0839,12,0,0
23.78,100794.9,0.3001,29.15,0.23,53.02,17.56,13.76,27.77,0.3061,10,0,0
99.15,100414.2,0.6312,26.4,3.13,79.37,68.43,41.32,24.93,0.6481,5,0,1
216.21,99124.5,0.7838,32.46,5.1,89.5,140.16,86.82,30.85,0.8116,9,1,1
96.41,100421.3,0.6,26.65,3.24,75.0,56.73,47.37,27.72,0.6185,8,1,1
10.12,101895.6,0.1633,28.06,0.09,37.54,6.64,5.8,29.53,0.1666,11,0,0
0.84,102857.2,0.08,36.75,0.0,21.89,0.64,0.39,36.47,0.0676,10,0,0
316.14,98264.2,0.9225,25.06,4.61,94.66,176.43,131.76,24.62,0.9441,9,1,1
26.26,100755.5,0.3225,19.51,3.31,68.8,20.0,15.0,20.63,0.313,9,1,0
2.57,102146.3,0.1188,25.01,0.0,25.34,2.13,1.5,26.2,0.109,8,1,0
0.43,102246.7,0.0928,23.01,0.22,24.04,0.26,0.22,23.78,0.1065,9,1,0
283.3,98793.3,0.8492,26.3,9.24,92.12,169.55,124.79,27.25,0.8326,2,0,1
27.74,100500.0,0.3413,31.21,3.02,69.66,20.0,10.24,31.92,0.3462,12,0,0
170.53,99490.4,0.71,22.08,5.32,83.41,97.78,80.39,20.59,0.7306,9,1,1
298.64,98705.8,0.8386,21.43,7.14,96.73,245.0,180.0,20.21,0.864,7,1,1
19.85,100832.0,0.2518,33.73,2.94,51.51,11.0,8.09,32.58,0.2586,2,0,0
302.64,98236.3,0.9345,29.12,5.67,92.01,199.13,156.47,29.2,0.9326,9,1,1
242.38,98587.8,0.7942,23.06,6.93,90.09,193.44,125.55,24.5,0.8152,6,1,1
9.38,101570.4,0.1443,36.27,0.85,32.2,6.26,4.95,35.79,0.1637,4,0,0
270.56,98573.5,0.8992,21.05,5.33,93.96,174.48,114.83,22.84,0.9249,8,1,1
259.41,98837.8,0.8369,21.42,6.89,83.74,158.44,113.45,19.89,0.8655,2,0,1
184.01,99331.8,0.7691,24.35,7.86,81.53,126.95,87.57,22.61,0.7461,6,1,1
1.25,102615.0,0.1134,35.56,0.42,20.81,0.85,0.71,34.44,0.1172,9,1,0
291.86,99185.4,0.8205,31.52,9.16,92.79,168.64,129.54,31.11,0.8306,3,0,1
19.61,101444.5,0.2636,20.13,0.73,46.12,11.87,9.37,19.61,0.2737,10,0,0
27.27,100500.0,0.3207,24.4,4.56,60.0,19.4,15.0,23.19,0.3236,11,0,0
2.24,101777.5,0.0938,26.15,0.0,22.79,1.25,1.1,25.41,0.1087,10,0,0
203.92,98994.8,0.782,28.32,7.31,82.23,153.77,124.38,27.67,0.8072,6,1,1
1.56,101504.2,0.1317,18.99,0.0,28.44,1.05,0.61,18.93,0.1119,10,0,0
5.2,102753.7,0.0949,24.06,0.0,29.51,4.46,2.51,25.89,0.0751,6,1,0
327.76,98021.1,0.9331,29.75,9.8,96.38,236.64,144.22,29.42,0.9619,6,1,1
24.96,100688.9,0.3362,34.95,3.64,65.4,17.38,15.0,36.3,0.34,1,0,0
20.49,101587.8,0.2788,25.07,3.42,51.59,16.69,14.14,24.42,0.2634,6,1,0
270.18,98651.1,0.8731,31.7,4.37,93.38,168.38,129.82,29.72,0.871,8,1,1
19.95,101278.2,0.272,23.11,1.37,61.06,14.67,8.45,22.78,0.2606,4,0,0
140.74,99916.0,0.694,26.46,5.04,76.07,87.0,59.54,27.21,0.6694,1,0,1
323.51,98000.0,0.9411,24.86,8.42,100.0,250.0,167.23,25.85,0.9287,7,1,1
84.78,100111.6,0.6394,31.09,3.54,78.25,54.25,40.0,32.93,0.6347,1,0,1
7.56,101591.6,0.1523,18.81,0.21,35.19,5.63,4.27,17.14,0.1678,11,0,0
90.38,100492.6,0.6276,24.53,3.22,76.35,52.93,40.0,23.03,0.6017,7,1,1
26.08,100903.2,0.3361,26.31,4.67,68.49,17.5,11.29,27.82,0.3172,12,0,0
312.04,98310.8,0.8892,32.08,7.36,97.65,229.16,160.51,33.48,0.888,5,0,1
337.24,98123.7,0.9165,25.67,12.0,99.03,249.37,180.0,26.84,0.9195,8,1,1
342.13,98507.5,0.909,20.0,9.84,100.0,243.55,140.81,18.4,0.8809,8,1,1
23.72,101401.7,0.3012,18.12,3.05,55.35,17.94,15.0,16.41,0.2852,4,0,0
6.35,101699.1,0.1478,26.97,1.29,33.93,5.15,3.76,25.48,0.1303,4,0,0
13.35,102197.2,0.1837,31.36,1.98,41.44,11.26,7.58,33.34,0.1708,9,1,0
8.98,101416.5,0.1681,30.55,0.1,33.2,6.08,4.47,30.47,0.1767,9,1,0
23.94,100749.6,0.3117,25.7,3.01,62.67,18.07,13.15,25.39,0.3278,5,0,0
173.72,99705.5,0.7374,34.34,4.5,87.6,99.89,79.8,33.51,0.761,4,0,1
298.84,98936.2,0.8474,27.88,9.83,97.14,223.55,143.04,27.41,0.8189,9,1,1
0.11,101746.1,0.0991,23.47,1.17,23.95,0.06,0.06,21.75,0.1176,4,0,0
221.6,99218.0,0.7966,25.98,3.68,87.23,148.02,98.6,24.04,0.7731,9,1,1
92.16,100500.0,0.6077,23.27,3.0,75.0,57.03,41.53,24.33,0.6011,6,1,1
12.91,101071.9,0.1661,24.15,0.0,35.59,6.77,3.91,23.56,0.1844,11,0,0
103.19,100065.8,0.6,34.58,3.0,75.46,75.88,63.93,33.27,0.5795,7,1,1
131.08,100232.5,0.6564,28.96,4.56,80.14,80.41,48.0,29.21,0.6267,7,1,1
280.25,98883.0,0.8301,23.87,4.7,95.12,210.4,146.8,22.48,0.8069,11,0,1
12.92,101810.8,0.2106,30.45,0.55,31.85,8.39,5.79,29.85,0.2077,3,0,0
264.34,98813.7,0.8044,22.1,6.35,93.07,219.21,147.13,21.37,0.8075,7,1,1
105.15,100412.4,0.6238,21.29,4.38,75.0,85.63,70.05,20.22,0.6032,8,1,1
14.79,101479.8,0.2082,18.14,1.08,50.09,10.83,9.06,16.84,0.1894,8,1,0
241.33,99391.9,0.8405,30.43,8.12,85.8,185.64,135.81,29.86,0.8192,7,1,1
299.17,98469.1,0.9185,31.03,10.53,93.2,190.9,123.88,29.06,0.9161,8,1,1
268.9,99052.6,0.8285,28.88,9.49,87.91,180.72,142.21,28.59,0.8278,8,1,1
13.33,102091.2,0.1972,36.1,1.42,37.75,9.43,7.28,37.38,0.2051,8,1,0
312.4,98413.9,0.8944,29.62,9.07,96.75,250.0,180.0,29.23,0.883,1,0,1
16.24,101460.1,0.2747,25.31,0.06,45.82,12.12,8.71,25.42,0.2613,11,0,0
239.13,99080.8,0.7835,28.53,5.8,94.17,153.2,111.01,28.28,0.7672,3,0,1
25.89,100745.1,0.284,26.92,0.27,69.59,15.92,11.12,28.29,0.2823,1,0,0
144.2,99758.8,0.7213,24.01,5.29,80.36,96.45,68.94,23.67,0.6968,7,1,1
210.05,99398.5,0.7602,34.63,7.02,84.31,174.51,145.34,35.71,0.7761,6,1,1
13.99,100860.3,0.18,31.67,0.81,38.25,12.18,8.74,30.37,0.1701,11,0,0
29.9,101209.4,0.3327,19.06,3.56,68.65,20.0,14.34,20.34,0.3315,11,0,0
20.55,100840.9,0.275,32.07,3.44,56.01,17.35,8.69,30.58,0.278,3,0,0
213.64,99080.1,0.776,20.73,5.43,86.11,128.69,78.8,19.42,0.7777,7,1,1
13.1,101790.9,0.2266,31.59,0.35,45.48,11.05,8.88,31.12,0.2233,8,1,0
327.94,98000.0,0.897,20.0,7.4,94.51,195.64,166.08,21.49,0.8983,7,1,1
305.52,98174.5,0.8954,31.83,7.1,94.88,238.88,142.92,33.16,0.9038,9,1,1
26.23,100647.6,0.3175,19.62,1.11,68.0,19.34,10.14,19.07,0.3289,6,1,0
2.8,102945.6,0.0969,33.03,1.08,22.35,2.27,1.39,33.93,0.1104,11,0,0
7.13,102406.3,0.1417,21.36,0.45,26.63,5.53,4.74,21.68,0.1381,9,1,0
92.91,100500.0,0.6082,30.92,3.24,75.0,77.8,54.91,29.48,0.614,9,1,1
9.38,102182.1,0.1443,36.4,0.45,43.95,5.16,2.68,35.06,0.1538,9,1,0
272.84,98795.3,0.8117,20.0,9.49,93.79,196.33,155.18,19.45,0.8268,9,1,1
28.72,101302.0,0.3326,36.9,1.98,67.62,20.0,15.0,37.28,0.3429,9,1,0
217.9,98989.4,0.792,32.6,3.46,83.27,152.61,114.97,31.16,0.8023,4,0,1
4.16,101801.1,0.1374,28.38,1.33,22.52,3.22,2.84,26.76,0.1296,10,0,0
108.16,99783.2,0.6325,20.0,4.58,79.5,68.24,42.62,19.44,0.6136,1,0,1
18.21,100869.1,0.2227,23.45,2.13,52.88,15.61,13.59,21.99,0.2127,12,0,0
27.44,100951.5,0.3459,23.76,1.73,63.45,16.08,13.52,25.41,0.3431,6,1,0
148.01,100062.0,0.6486,33.22,4.33,84.26,124.95,89.55,34.95,0.6699,6,1,1
2.77,102158.2,0.138,25.67,0.14,27.04,2.05,1.43,23.82,0.128,3,0,0
193.61,99867.0,0.8007,30.58,3.39,85.38,157.9,133.02,32.06,0.8253,7,1,1
116.57,100244.0,0.6372,27.72,4.14,75.0,78.37,58.73,27.68,0.6286,7,1,1
7.02,101813.6,0.1571,24.46,0.76,34.47,5.53,2.91,22.84,0.1712,1,0,0
10.19,101943.7,0.1485,37.49,0.13,41.99,8.71,5.84,38.17,0.1483,6,1,0
19.94,102028.7,0.2583,29.18,2.09,46.62,10.4,6.44,29.03,0.2655,11,0,0
2.35,102436.0,0.1049,32.14,0.7,31.22,1.93,1.32,34.03,0.1042,6,1,0
12.77,101491.3,0.178,28.53,0.93,34.04,7.97,4.18,29.53,0.1581,5,0,0
162.41,99825.3,0.7483,32.62,4.44,78.67,127.05,75.16,32.87,0.7507,7,1,1
1.19,102470.5,0.0893,30.79,0.37,24.53,0.72,0.48,31.87,0.0955,3,0,0
302.01,98340.9,0.95,20.0,11.62,95.44,207.24,142.08,21.89,0.9227,9,1,1
117.69,100357.5,0.6132,27.56,3.85,77.53,93.04,60.7,29.32,0.6068,8,1,1
339.79,98069.0,0.9401,20.0,9.64,100.0,250.0,180.0,20.13,0.9592,6,1,1
4.03,101881.8,0.1003,24.17,0.62,24.87,3.16,1.59,22.29,0.1096,11,0,0
20.2,101057.0,0.2768,25.64,2.15,49.81,15.09,11.77,24.59,0.2636,10,0,0
16.6,101853.1,0.2382,20.77,0.79,41.95,13.11,8.76,21.18,0.2249,9,1,0
185.0,99383.7,0.7198,26.25,3.0,83.38,140.06,115.83,26.76,0.7266,8,1,1
238.49,99057.4,0.8017,21.64,6.45,86.88,136.72,80.64,22.04,0.7727,10,0,1
9.37,101901.3,0.1353,27.45,0.32,40.47,8.31,4.87,29.16,0.1275,11,0,0
220.72,99240.7,0.7426,29.02,5.23,86.17,135.16,97.17,29.18,0.7515,7,1,1
129.95,100044.4,0.6317,27.4,4.77,77.51,104.4,65.78,26.49,0.6386,10,0,1
21.91,101250.5,0.268,20.07,3.29,53.66,12.68,6.73,22.07,0.2675,10,0,0
25.65,100500.0,0.2942,36.53,1.49,65.81,15.06,8.57,37.3,0.2899,11,0,0
22.39,101166.8,0.2751,19.7,3.19,54.97,19.44,14.7,18.05,0.2627,4,0,0
261.82,98660.5,0.834,28.23,8.65,89.06,155.84,118.58,29.59,0.8125,2,0,1
13.47,101896.1,0.1815,25.23,2.22,36.07,9.65,7.73,23.87,0.188,4,0,0
27.03,100500.0,0.35,24.67,2.64,60.56,19.62,14.95,26.05,0.3364,1,0,0
236.24,99217.5,0.8027,22.66,7.06,90.08,148.97,87.44,21.61,0.8131,6,1,1
157.72,99156.9,0.6121,24.03,3.0,80.67,102.07,65.38,25.05,0.5824,2,0,1
283.76,98000.0,0.8728,31.58,8.94,97.48,223.89,154.21,32.81,0.891,6,1,1
261.0,99097.2,0.8712,31.97,8.21,91.57,167.13,113.36,33.1,0.8802,4,0,1
15.63,101782.0,0.2231,31.17,0.86,39.41,13.98,8.37,31.19,0.2126,8,1,0
14.01,101509.9,0.1952,28.0,0.18,40.92,7.23,6.16,29.85,0.2056,6,1,0
12.77,101489.0,0.2076,26.04,1.85,43.71,6.78,5.77,26.2,0.2149,7,1,0
24.63,100924.0,0.3057,21.51,2.5,61.68,13.08,11.51,22.36,0.2859,7,1,0
240.93,99103.6,0.7384,29.01,7.01,85.1,189.28,112.38,30.32,0.7432,7,1,1
93.39,100392.8,0.6,23.96,3.0,79.11,64.58,40.0,24.88,0.5913,8,1,1
311.03,98225.0,0.9,28.35,7.62,96.31,198.37,154.06,28.21,0.8847,6,1,1
206.09,99343.8,0.8213,26.9,5.38,82.06,121.14,77.49,26.38,0.8172,8,1,1
198.63,99486.7,0.7673,30.97,3.75,82.92,145.47,122.29,30.39,0.7637,5,0,1
265.2,99110.5,0.8641,26.65,5.75,91.85,211.98,145.18,28.53,0.8378,1,0,1
287.39,98653.6,0.877,26.52,8.73,92.49,170.86,103.74,26.28,0.8909,6,1,1
22.51,100753.5,0.2676,24.68,0.57,57.87,16.81,14.54,24.12,0.2734,2,0,0
6.36,101923.8,0.1306,31.43,0.34,27.1,4.18,2.19,31.75,0.1153,7,1,0
279.77,98226.9,0.876,26.12,8.15,90.73,202.0,157.77,25.69,0.9035,9,1,1
18.58,101232.4,0.2799,28.15,2.01,49.16,12.65,9.22,27.89,0.2841,1,0,0
179.09,99468.9,0.7513,25.21,6.41,88.69,105.09,69.63,24.16,0.7499,6,1,1
29.07,100969.1,0.3275,31.17,1.41,66.79,17.59,12.51,31.33,0.3297,6,1,0
8.87,101207.0,0.1609,37.72,1.44,30.32,7.64,6.86,36.4,0.153,1,0,0
106.72,100328.3,0.6437,25.36,3.08,76.94,89.79,63.57,25.7,0.6201,7,1,1
198.24,99434.7,0.6798,21.92,7.58,86.1,125.01,78.6,23.63,0.6796,5,0,1
156.48,100032.6,0.7183,28.41,3.95,80.48,118.17,66.27,28.03,0.7094,8,1,1
162.01,100414.8,0.7022,24.1,5.9,86.18,136.09,83.31,24.22,0.7275,9,1,1
5.44,102172.4,0.1694,30.29,0.38,29.43,3.64,2.69,28.71,0.1732,4,0,0
4.81,102914.4,0.1271,20.4,0.34,21.83,3.85,1.97,20.63,0.1343,6,1,0
9.16,101539.7,0.172,21.39,1.66,40.63,7.1,6.12,19.61,0.1725,2,0,0
314.02,98734.7,0.8973,29.04,5.31,100.0,189.73,150.34,30.46,0.9253,6,1,1
7.16,102043.6,0.1308,24.11,0.0,33.66,5.28,4.16,23.75,0.1483,9,1,0
16.39,101766.0,0.2175,31.99,1.28,49.94,9.58,7.83,31.68,0.218,9,1,0
26.94,100804.1,0.35,23.73,1.66,62.94,20.0,12.9,24.44,0.3406,2,0,0
298.97,98750.3,0.8645,31.21,10.57,94.9,222.03,150.48,30.98,0.8764,6,1,1
3.44,102761.0,0.1097,18.91,1.17,30.69,3.06,1.93,18.29,0.1046,7,1,0
310.29,98402.9,0.8868,27.98,7.62,91.65,195.66,149.55,28.05,0.9075,7,1,1
20.72,101723.9,0.2609,24.98,1.44,56.09,17.51,9.4,25.5,0.2614,11,0,0
9.97,101714.8,0.1655,28.27,2.27,35.55,5.77,3.02,28.76,0.1618,9,1,0
194.93,98936.4,0.7302,34.09,5.33,86.82,136.22,77.24,33.81,0.7202,7,1,1
215.84,99252.2,0.8173,23.22,8.54,86.79,180.54,131.35,23.64,0.7949,8,1,1
311.22,98826.9,0.8964,21.07,8.71,95.63,226.82,173.62,21.8,0.8844,6,1,1
9.56,102160.0,0.1404,37.59,0.29,33.69,7.58,5.95,39.02,0.1561,5,0,0
29.47,100500.0,0.3336,27.89,0.99,68.87,17.61,10.33,29.01,0.3247,6,1,0
288.07,98000.0,0.8746,22.07,5.93,99.11,224.38,158.48,23.68,0.8586,5,0,1
180.66,99603.2,0.6723,22.22,7.26,86.55,125.4,95.73,20.58,0.6598,7,1,1
222.33,99492.1,0.7628,29.79,3.63,89.27,135.21,105.59,30.21,0.7791,8,1,1
93.08,100101.4,0.6385,29.01,3.96,75.0,70.95,42.44,27.42,0.6646,8,1,1
0.2,102615.6,0.113,37.04,0.66,20.0,0.16,0.14,35.65,0.0939,4,0,0
108.14,100444.2,0.6,21.44,3.47,77.4,76.53,46.69,20.26,0.6287,7,1,1
262.52,99294.4,0.821,20.0,6.22,94.18,166.33,109.86,21.98,0.8077,8,1,1
23.39,100500.0,0.2707,28.09,2.56,62.1,19.9,12.37,26.82,0.2729,11,0,0
4.82,101875.3,0.1075,29.16,0.54,27.57,2.83,2.09,27.99,0.0901,5,0,0
6.73,102092.0,0.1338,30.9,0.15,32.67,4.5,2.8,30.99,0.1238,1,0,0
17.51,101649.9,0.2439,33.87,1.06,53.96,14.31,8.61,32.53,0.2395,9,1,0
100.75,100500.0,0.6293,29.96,3.0,75.0,65.58,53.8,28.04,0.6052,8,1,1
249.83,99122.5,0.8099,27.01,3.91,96.1,209.48,164.48,26.75,0.8231,6,1,1
327.2,98318.9,0.9353,28.47,8.48,100.0,250.0,180.0,30.0,0.91,6,1,1
19.17,100863.9,0.2797,25.15,2.87,53.52,9.99,8.21,25.62,0.2715,12,0,0
3.69,102563.7,0.1186,37.25,0.87,33.37,1.93,1.64,38.12,0.115,2,0,0
5.8,102894.6,0.1357,25.28,1.55,32.0,3.86,1.98,25.43,0.1217,12,0,0
24.82,100500.0,0.2852,21.47,1.81,63.59,20.0,13.75,22.0,0.2786,8,1,0
286.36,98803.3,0.8778,31.0,5.24,95.05,188.53,143.18,29.74,0.8588,6,1,1
141.07,100257.1,0.7112,21.8,4.27,80.94,117.49,65.8,21.54,0.7079,7,1,1
263.89,98755.4,0.8962,21.58,9.02,93.32,207.4,156.4,20.35,0.9044,8,1,1
25.23,100500.0,0.3274,37.24,4.26,59.96,14.43,10.97,35.59,0.3325,4,0,0
20.89,101152.2,0.2238,31.43,2.49,53.32,14.99,11.43,29.68,0.2252,7,1,0
9.08,101594.5,0.1593,27.74,1.15,35.98,6.47,4.86,29.66,0.1767,12,0,0
91.54,100500.0,0.6131,30.78,3.0,75.0,68.62,44.75,30.18,0.6288,6,1,1
231.34,99118.9,0.7935,30.98,8.55,92.76,163.83,104.96,31.52,0.8001,9,1,1
0.06,102281.0,0.08,28.5,0.19,21.86,0.04,0.03,27.99,0.088,5,0,0
265.39,98567.7,0.8614,24.79,7.27,85.67,205.51,155.26,24.32,0.8694,9,1,1
317.56,98000.0,0.9164,25.12,6.92,95.48,250.0,150.82,26.29,0.9424,8,1,1
13.07,101283.4,0.1591,37.23,3.03,46.56,7.66,6.3,36.71,0.1627,11,0,0
184.83,99623.2,0.7895,20.76,5.53,85.08,138.31,79.28,19.62,0.7708,7,1,1
7.0,102235.1,0.1402,26.88,0.0,28.99,3.72,3.0,25.21,0.1272,8,1,0
190.07,98710.1,0.7609,27.71,3.68,84.29,140.39,99.63,25.78,0.7328,9,1,1
92.6,100066.3,0.6,27.97,3.0,75.0,68.68,41.47,29.01,0.5908,9,1,1
22.3,101180.7,0.2567,23.9,0.93,68.84,19.82,15.0,25.21,0.2415,9,1,0
27.18,100905.3,0.339,18.35,2.39,59.62,20.0,14.04,20.05,0.3408,4,0,0
14.16,101929.5,0.2082,28.7,1.79,45.47,8.58,4.81,28.52,0.2044,5,0,0
21.3,101243.1,0.2733,29.75,1.52,54.5,17.62,12.71,28.51,0.2865,9,1,0
9.58,102623.1,0.163,29.54,2.11,29.13,5.02,3.9,28.07,0.1453,3,0,0
1.15,102970.9,0.1015,20.55,0.0,23.36,0.96,0.75,20.43,0.1143,11,0,0
336.45,98000.0,0.9091,27.96,11.78,94.53,243.96,171.13,26.74,0.8854,4,0,1
279.1,98527.3,0.8497,30.79,4.89,96.08,224.55,180.0,32.12,0.8697,8,1,1
273.38,98758.5,0.787,29.4,6.67,94.87,152.4,84.17,30.39,0.7664,9,1,1
20.05,101113.6,0.2698,26.86,2.73,54.63,15.37,13.14,25.44,0.268,5,0,0
132.23,99807.7,0.7088,26.18,4.31,83.79,98.9,71.02,28.11,0.6861,7,1,1
14.96,101427.3,0.217,26.28,1.77,39.94,13.07,6.89,26.85,0.2368,4,0,0
148.29,99561.5,0.6843,33.48,5.7,82.27,101.35,80.21,33.14,0.6898,6,1,1
20.75,101000.7,0.3024,26.63,2.79,54.85,12.53,6.42,28.38,0.2916,2,0,0
23.41,101034.8,0.3171,34.85,1.25,56.3,18.85,15.0,36.64,0.3213,2,0,0
81.94,100402.6,0.6226,20.5,3.0,75.0,50.0,40.0,21.39,0.5996,8,1,1
7.38,101459.4,0.1113,21.81,0.13,33.97,6.08,4.72,22.83,0.1021,11,0,0
16.21,101576.5,0.2013,33.83,2.72,46.08,13.47,9.66,32.97,0.2205,6,1,0
21.02,100841.8,0.2657,31.48,1.49,60.06,10.77,8.59,33.45,0.2718,6,1,0
10.48,102667.2,0.2013,35.27,2.12,45.14,6.56,5.77,33.44,0.2115,5,0,0
13.3,101257.7,0.1762,22.42,2.23,45.18,10.79,8.42,22.69,0.1823,4,0,0
301.82,98088.1,0.8879,32.55,7.39,97.51,250.0,180.0,30.63,0.9146,9,1,1
234.27,99336.3,0.822,26.3,7.87,92.99,135.6,95.42,27.95,0.8506,8,1,1
1.88,102628.5,0.0925,24.99,0.18,22.55,1.2,0.69,26.42,0.0834,9,1,0
191.87,99345.0,0.7398,20.0,5.99,82.7,109.79,65.86,21.37,0.7686,6,1,1
11.27,101043.6,0.195,29.96,0.33,34.71,6.17,3.17,28.85,0.1756,7,1,0
4.63,101653.9,0.1093,29.89,0.0,32.81,3.88,2.82,28.62,0.1032,5,0,0
23.0,101263.9,0.3134,27.19,1.97,60.96,16.85,9.46,25.97,0.3029,10,0,0
257.76,98999.4,0.7856,25.64,7.55,91.91,153.35,97.06,24.07,0.7754,6,1,1
25.1,100975.3,0.273,37.11,2.89,66.87,19.72,10.65,38.0,0.2548,7,1,0
273.0,99336.3,0.8546,32.52,5.75,91.82,197.91,124.44,33.97,0.8363,7,1,1
3.66,102375.4,0.1299,30.57,0.77,23.93,3.01,2.52,29.96,0.1392,8,1,0
262.36,99080.0,0.8131,23.7,6.47,93.58,177.42,134.36,22.5,0.8322,6,1,1
185.46,99753.3,0.7243,25.0,4.94,89.05,137.4,95.05,23.02,0.7282,8,1,1
296.38,98518.9,0.9452,28.55,8.3,98.96,187.07,158.28,28.98,0.955,9,1,1
114.53,100148.6,0.661,25.63,3.02,76.52,82.65,50.43,26.82,0.6401,9,1,1
319.35,98280.0,0.8815,25.58,6.93,96.76,244.75,180.0,26.73,0.8551,6,1,1
310.99,98783.9,0.8799,31.54,5.79,96.45,179.34,151.13,31.15,0.8649,9,1,1
212.89,98888.9,0.7799,21.92,4.78,86.87,168.67,114.03,21.95,0.7512,7,1,1
7.23,102075.5,0.1523,19.34,0.47,32.85,4.08,2.33,20.88,0.1554,11,0,0
27.73,100652.7,0.3365,30.92,3.26,62.89,14.1,11.66,30.82,0.3403,6,1,0
243.96,99138.9,0.789,20.0,6.0,91.42,151.18,96.83,20.29,0.8094,8,1,1
26.95,100767.4,0.3373,26.01,1.67,58.55,17.86,10.1,25.97,0.3253,11,0,0
235.08,98853.0,0.8541,20.64,6.15,83.58,150.55,87.21,21.88,0.8576,9,1,1
184.26,99873.0,0.7238,22.92,3.8,86.28,111.39,88.76,23.56,0.7226,8,1,1
15.71,101403.6,0.2084,24.96,0.75,43.31,10.13,8.75,25.92,0.2241,3,0,0
8.53,101917.2,0.1742,31.91,1.17,38.05,4.33,2.94,30.55,0.16,3,0,0
7.84,101494.7,0.1639,18.34,1.24,27.91,6.84,4.1,19.97,0.1752,4,0,0
109.6,99779.8,0.6255,33.94,4.55,78.48,67.23,53.06,34.22,0.6292,8,1,1
330.97,98241.6,0.9253,32.0,11.77,97.44,197.04,108.84,31.56,0.9237,7,1,1
253.03,98534.5,0.7723,25.72,5.36,91.65,173.62,119.1,25.9,0.7437,7,1,1
202.21,99594.7,0.7824,26.61,4.41,87.42,140.27,82.2,25.28,0.7802,6,1,1
151.65,99680.6,0.6493,27.44,3.18,78.16,106.87,61.05,27.8,0.6621,7,1,1
175.54,98979.0,0.7182,23.89,4.96,89.97,105.21,78.04,25.83,0.6947,7,1,1
86.5,100500.0,0.6,23.98,4.99,77.18,50.0,40.0,22.08,0.5934,7,1,1
22.07,101360.0,0.2733,31.39,0.35,57.34,12.44,7.01,30.91,0.2711,12,0,0
14.18,101282.2,0.2031,36.98,2.2,42.74,8.21,6.25,36.63,0.2001,3,0,0
194.9,99326.7,0.7792,23.24,3.99,86.97,152.87,91.96,22.17,0.7507,8,1,1
289.07,98392.7,0.8924,27.92,5.18,96.08,169.53,104.04,28.44,0.9109,8,1,1
9.03,102366.0,0.1457,24.55,1.0,36.79,7.21,3.71,25.08,0.1534,7,1,0
1.26,101923.6,0.1042,35.46,0.0,22.57,0.91,0.79,37.38,0.0909,4,0,0
347.88,98055.9,0.942,22.2,10.7,97.77,250.0,178.94,23.08,0.9402,8,1,1
21.76,101145.4,0.2734,29.15,1.17,56.12,13.22,8.65,27.85,0.2674,1,0,0
176.26,99447.3,0.7436,26.0,4.82,84.76,114.72,83.8,27.47,0.7305,6,1,1
2.59,101862.1,0.0973,29.18,0.52,28.99,1.6,1.23,30.91,0.0969,7,1,0
131.98,99816.5,0.68,22.02,4.0,79.15,89.26,72.38,23.41,0.708,8,1,1
14.87,101441.4,0.2131,32.68,1.95,37.17,13.08,7.55,34.4,0.2072,1,0,0
163.48,99336.3,0.7138,31.18,3.0,86.99,136.41,102.77,32.17,0.7424,8,1,1
296.27,98398.5,0.8984,22.1,7.49,97.34,214.44,164.8,22.22,0.9252,1,0,1
17.39,101302.1,0.239,28.27,1.88,50.36,14.19,7.88,28.39,0.2339,9,1,0
8.2,102135.2,0.1457,19.85,0.09,28.29,5.16,4.59,19.74,0.1628,1,0,0
148.23,99845.9,0.6852,27.7,3.56,81.45,123.36,83.22,29.29,0.6591,8,1,1
14.14,101834.9,0.2126,23.86,1.74,35.31,11.04,5.59,25.85,0.2118,10,0,0
22.05,100922.1,0.2833,25.01,1.42,50.56,11.3,7.31,26.12,0.2965,8,1,0
126.89,99976.3,0.6233,32.03,3.14,77.08,79.22,45.74,33.65,0.6216,7,1,1
20.44,101306.9,0.2657,23.64,2.02,52.7,13.68,7.59,22.91,0.2821,1,0,0
2.67,101492.0,0.1064,19.07,0.38,24.59,1.37,0.88,19.2,0.1073,5,0,0
172.75,99653.3,0.7499,21.78,4.27,90.18,101.13,66.64,22.98,0.7729,9,1,1
28.9,100500.0,0.3467,34.65,2.72,64.4,20.0,11.18,34.52,0.3605,9,1,0
1.84,102378.5,0.1026,21.57,1.09,20.0,1.25,0.93,20.81,0.1212,4,0,0
304.8,99017.3,0.9132,21.94,8.63,97.67,175.55,145.54,22.82,0.9156,8,1,1
6.18,102387.1,0.1065,26.4,0.0,26.86,5.03,2.84,26.56,0.1239,11,0,0
8.49,101920.2,0.1581,21.92,0.77,36.18,7.19,6.17,22.78,0.1767,9,1,0
199.13,99110.2,0.7673,32.81,3.14,89.55,115.14,78.09,31.83,0.7549,6,1,1
10.78,101263.5,0.1469,25.21,0.44,35.08,6.32,5.64,24.24,0.1514,11,0,0
321.61,98458.3,0.9185,20.0,10.19,95.17,205.79,171.1,20.5,0.9295,7,1,1
248.02,99139.1,0.8346,29.73,7.33,87.42,180.86,122.12,28.63,0.8169,7,1,1
225.24,99389.7,0.7636,23.59,6.75,90.55,141.15,92.09,22.33,0.7564,6,1,1
14.55,101301.7,0.2194,37.09,0.8,47.12,9.93,8.15,36.03,0.2115,9,1,0
129.99,100374.4,0.6792,26.51,4.8,78.22,98.1,54.73,25.06,0.6537,9,1,1
2.28,102076.7,0.0975,22.11,0.73,20.0,1.4,1.15,20.92,0.0907,3,0,0
4.29,102622.7,0.1257,35.67,0.74,29.82,3.01,1.65,34.73,0.1411,6,1,0
205.92,99374.4,0.7508,26.77,6.3,90.62,161.41,134.54,26.31,0.7329,7,1,1
92.52,99773.1,0.6,26.93,3.0,75.0,71.88,52.75,28.48,0.6242,6,1,1
23.81,100968.7,0.2937,31.54,0.33,64.47,20.0,14.87,32.96,0.304,6,1,0
1.03,102053.9,0.1411,34.2,0.34,27.34,0.92,0.67,32.56,0.1547,8,1,0
329.29,98091.0,0.9409,32.71,11.48,99.01,233.01,173.84,34.35,0.9187,8,1,1
21.67,101607.5,0.2499,35.85,3.0,59.2,11.04,9.06,34.1,0.2495,7,1,0
24.93,100787.5,0.3005,37.32,2.73,62.24,16.35,14.57,37.43,0.3059,9,1,0
23.63,101410.7,0.3204,27.31,2.62,54.34,14.22,10.69,28.25,0.3385,1,0,0
12.17,101863.5,0.1815,37.11,1.61,40.52,9.4,5.15,38.52,0.1631,6,1,0
4.01,102172.5,0.1014,22.39,0.16,30.52,3.26,2.1,21.75,0.1057,5,0,0
97.04,100395.7,0.6136,29.39,3.0,82.7,66.12,42.11,30.85,0.6219,6,1,1
273.11,98869.2,0.8818,27.74,7.18,92.97,182.28,107.14,26.76,0.9054,6,1,1
140.08,100500.0,0.7372,22.68,5.83,75.0,95.37,76.96,23.52,0.7475,9,1,1
18.24,101211.5,0.2433,19.67,1.11,52.71,12.49,6.63,18.39,0.2322,1,0,0
105.69,100223.3,0.6642,28.1,3.56,77.65,79.3,59.53,27.61,0.6506,5,0,1
231.39,99252.4,0.7919,31.28,8.0,87.46,169.16,116.43,31.88,0.7856,1,0,1
340.94,98000.0,0.8762,25.1,10.61,100.0,233.31,180.0,26.53,0.8759,4,0,1
299.69,98227.8,0.9206,27.1,6.07,87.3,222.83,146.26,26.01,0.9446,7,1,1
12.08,100815.6,0.1856,30.84,1.68,43.21,10.64,6.77,29.12,0.1749,8,1,0
125.25,99948.7,0.6163,33.21,3.17,79.19,95.17,56.61,33.82,0.6092,8,1,1
341.13,98066.3,0.9321,27.57,10.24,99.01,250.0,143.14,26.23,0.9028,4,0,1
28.84,100500.0,0.35,21.92,3.98,67.06,17.84,15.0,21.88,0.3396,12,0,0
14.12,101767.8,0.2472,34.92,2.44,41.33,11.54,6.25,36.11,0.2576,11,0,0
102.95,100373.7,0.6873,31.02,4.92,83.09,71.27,47.06,31.16,0.7095,7,1,1
327.35,98572.0,0.9461,22.29,8.33,98.37,250.0,168.93,20.62,0.9312,9,1,1
14.88,101634.6,0.2236,30.24,0.0,38.85,7.58,5.71,31.9,0.2149,9,1,0
0.87,102289.4,0.08,36.5,1.4,26.82,0.49,0.41,34.56,0.0747,10,0,0
24.28,101226.0,0.3274,26.88,3.81,63.56,15.34,11.3,28.28,0.3165,7,1,0
17.25,101584.0,0.2484,27.66,1.92,50.08,8.95,6.03,28.4,0.2474,4,0,0
174.95,99625.2,0.7029,20.37,5.85,82.93,115.21,63.75,22.24,0.7252,6,1,1
228.39,99299.7,0.7269,20.0,6.97,90.88,163.47,134.38,18.6,0.7261,6,1,1
240.26,99029.3,0.8033,26.18,4.9,90.24,171.45,104.02,24.87,0.7736,12,0,1
2.99,101898.3,0.0839,19.31,0.61,26.57,1.67,1.46,18.63,0.0783,3,0,0
21.24,100514.0,0.2479,33.06,1.68,60.71,11.28,7.36,32.42,0.2609,6,1,0
17.15,101222.6,0.2419,21.57,1.65,52.16,12.5,8.43,22.34,0.2402,5,0,0
25.83,100584.8,0.3106,32.4,3.32,64.56,13.36,10.78,30.56,0.3065,10,0,0
178.72,99108.9,0.7204,28.3,6.49,81.51,120.96,86.8,26.86,0.7007,2,0,1
0.91,102136.4,0.0852,24.32,0.07,20.0,0.67,0.57,23.8,0.0695,5,0,0
13.65,101652.3,0.1814,18.62,1.87,42.99,6.89,5.91,19.64,0.2012,2,0,0
145.16,99824.8,0.717,23.17,3.59,81.96,88.11,64.83,23.57,0.6985,7,1,1
17.12,101215.1,0.2375,36.17,0.74,55.69,12.87,10.3,38.01,0.2387,2,0,0
277.9,98440.3,0.8238,24.56,5.91,89.21,229.22,139.48,23.59,0.8323,7,1,1
18.47,101247.1,0.2461,36.45,1.58,48.56,10.02,7.27,36.83,0.2305,5,0,0
137.1,99731.3,0.6565,22.96,4.83,76.71,85.13,56.8,23.1,0.6304,4,0,1
318.62,98234.8,0.8918,31.11,6.5,96.56,180.08,152.75,32.73,0.9214,8,1,1
21.07,100853.9,0.2601,36.52,3.04,60.89,16.07,11.56,35.97,0.2732,5,0,0
13.22,101324.0,0.2017,20.15,2.34,37.2,7.45,6.6,18.46,0.1842,6,1,0
102.05,100500.0,0.6915,28.49,3.6,76.31,68.84,53.76,30.01,0.6668,7,1,1
19.23,101065.6,0.2228,32.07,2.13,50.26,12.45,9.57,30.3,0.2217,2,0,0
221.92,98629.2,0.7283,32.66,6.37,84.1,169.89,118.36,33.87,0.7506,10,0,1
245.44,99256.4,0.8057,27.4,4.65,94.24,171.71,140.2,26.39,0.8019,6,1,1
9.82,101270.4,0.1419,24.98,1.17,35.89,5.02,2.9,26.36,0.1369,3,0,0
19.59,101235.4,0.2592,25.55,3.0,51.1,12.89,7.09,26.94,0.2705,2,0,0
221.62,99411.4,0.7348,21.82,5.17,81.95,172.53,115.48,20.54,0.7358,6,1,1
23.24,100918.5,0.305,26.37,3.04,54.69,15.43,9.44,27.66,0.2969,10,0,0
154.62,99518.5,0.7067,30.23,5.22,81.66,92.38,64.85,29.38,0.7201,8,1,1
272.91,98409.2,0.8492,30.3,7.38,90.93,209.13,121.85,28.99,0.8366,9,1,1
11.43,101460.6,0.1878,34.57,0.6,38.33,10.03,5.91,34.17,0.1946,6,1,0
0.41,102771.4,0.0983,20.19,0.0,20.0,0.29,0.15,20.12,0.1038,7,1,0
23.39,101641.0,0.3141,31.57,1.12,56.28,12.77,7.77,31.15,0.3105,2,0,0
27.61,101217.5,0.3287,22.73,4.48,68.12,20.0,11.74,21.21,0.316,11,0,0
152.96,99673.2,0.6907,33.79,5.62,79.38,99.36,77.33,32.54,0.7204,9,1,1
28.13,100562.9,0.3326,20.52,4.51,62.95,17.7,15.0,20.89,0.32,6,1,0
85.96,99938.9,0.6,26.48,3.15,76.93,72.66,56.01,26.76,0.6139,2,0,1
27.17,100685.1,0.32,20.48,3.34,65.85,19.76,15.0,20.72,0.3307,8,1,0
27.66,100500.0,0.2904,20.87,4.63,61.12,20.0,15.0,19.44,0.304,8,1,0
156.15,99748.8,0.6462,30.61,5.12,77.29,120.59,102.34,31.49,0.6563,6,1,1
163.9,100070.2,0.7267,26.31,6.76,87.28,125.02,82.4,25.8,0.7517,8,1,1
14.38,101155.7,0.2026,26.62,1.7,46.35,8.91,6.89,26.34,0.2124,12,0,0
12.31,101850.8,0.1808,24.39,1.32,41.11,8.88,5.46,23.33,0.1771,7,1,0
135.45,100280.6,0.7139,30.09,4.02,79.06,88.3,68.69,30.08,0.7086,9,1,1
5.5,101954.5,0.1358,37.42,0.43,29.74,3.2,2.17,38.56,0.1222,9,1,0
134.33,99578.6,0.6744,22.56,5.25,79.63,92.13,75.67,22.07,0.6969,7,1,1
19.62,101293.8,0.1996,29.64,3.44,52.41,15.34,11.24,31.56,0.1847,8,1,0
23.53,100500.0,0.2867,26.95,0.49,61.97,19.48,11.58,27.09,0.2949,8,1,0
191.37,99546.5,0.71,33.04,7.77,94.34,109.09,89.99,34.17,0.7195,9,1,1
100.59,100500.0,0.6113,20.0,4.92,75.46,69.61,51.68,20.84,0.6177,6,1,1
20.42,101163.8,0.2732,30.66,3.12,57.76,15.31,10.02,31.38,0.2829,2,0,0
14.52,101336.3,0.2041,30.35,1.68,41.93,9.3,6.88,31.83,0.2123,10,0,0
206.94,99230.0,0.7912,27.47,3.76,90.4,133.0,105.55,26.85,0.8005,7,1,1
235.62,98945.6,0.7935,20.0,8.0,92.02,170.94,94.88,21.52,0.8065,6,1,1
8.44,101698.3,0.1811,36.29,0.6,28.07,5.39,3.85,34.52,0.1752,4,0,0
14.8,101452.7,0.2028,27.56,0.79,39.12,9.48,8.02,27.69,0.2028,9,1,0
0.74,102207.4,0.08,23.42,0.59,23.25,0.5,0.26,23.4,0.0787,2,0,0
7.59,102271.0,0.1393,20.12,1.01,29.33,6.4,3.83,19.7,0.1422,11,0,0
287.6,98588.6,0.8633,21.46,9.61,94.64,171.79,109.13,20.28,0.8893,12,0,1
4.74,102237.2,0.1131,32.89,0.0,31.51,2.55,2.27,31.47,0.0945,7,1,0
148.14,99408.2,0.6604,21.01,3.28,81.54,84.23,64.92,22.79,0.6801,7,1,1
298.55,98414.9,0.8827,26.0,6.8,94.97,250.0,174.82,24.64,0.896,6,1,1
1.39,101944.9,0.0803,37.25,0.29,26.4,1.13,0.97,37.54,0.0713,7,1,0
5.29,101375.4,0.1109,25.46,0.39,22.28,4.48,2.54,27.2,0.0981,8,1,0
18.92,102137.8,0.2885,30.72,1.36,50.64,16.89,10.62,29.01,0.2972,8,1,0
331.25,98000.0,0.8797,22.01,9.3,99.19,237.31,180.0,21.74,0.8535,4,0,1
245.73,99222.6,0.7998,25.49,6.9,90.68,147.27,117.39,25.11,0.7886,6,1,1
24.5,101096.6,0.3096,24.25,1.58,59.45,18.87,11.73,26.13,0.3118,7,1,0
172.61,99382.6,0.7067,25.19,6.33,83.69,126.11,73.39,26.45,0.6777,4,0,1
19.23,100500.0,0.2575,25.11,1.87,49.72,10.47,7.61,26.76,0.2426,1,0,0
207.17,99636.6,0.7856,31.51,4.79,82.53,163.78,90.69,30.03,0.806,10,0,1
130.76,99883.0,0.704,21.38,6.2,78.03,108.21,80.9,20.42,0.6758,9,1,1
12.31,103000.0,0.2292,25.8,2.17,39.67,9.18,6.63,25.26,0.2279,8,1,0
310.67,98167.8,0.8593,23.06,9.55,93.99,209.03,170.54,21.91,0.8834,8,1,1
9.09,102756.6,0.1726,18.35,0.0,32.35,6.6,4.14,17.01,0.1894,11,0,0
27.66,100500.0,0.333,33.32,2.19,65.01,16.61,12.81,34.88,0.3299,1,0,0
15.53,101214.9,0.212,31.23,3.29,51.47,10.55,9.04,31.83,0.195,8,1,0
333.54,98287.1,0.9312,20.0,7.47,96.84,188.28,150.82,20.07,0.9202,7,1,1
180.66,99759.9,0.71,21.98,5.11,81.69,109.02,74.7,22.41,0.684,8,1,1
295.06,98168.4,0.8865,25.07,6.44,94.98,228.15,180.0,24.58,0.8946,7,1,1
4.35,101970.4,0.1301,24.76,0.0,28.15,2.99,2.51,23.67,0.1467,6,1,0
28.31,100500.0,0.3121,21.12,3.56,59.96,20.0,13.35,23.12,0.294,3,0,0
25.21,100795.9,0.298,30.4,2.32,62.88,14.7,10.66,30.86,0.3179,11,0,0
345.37,98000.0,0.9486,33.12,9.98,96.15,250.0,180.0,33.27,0.9755,7,1,1
9.36,101807.5,0.1598,19.46,1.29,43.05,5.45,4.27,20.04,0.177,1,0,0
9.24,101608.2,0.1502,18.32,0.2,38.6,6.25,5.19,18.65,0.1487,8,1,0
142.29,100022.1,0.6748,34.16,5.24,77.32,100.9,79.05,33.64,0.7026,7,1,1
80.41,100500.0,0.6,23.53,3.86,75.67,51.96,40.0,22.52,0.5716,7,1,1
28.17,100500.0,0.3215,30.12,4.85,69.74,20.0,12.87,29.6,0.3273,1,0,0
294.95,98604.7,0.7886,22.61,8.64,93.34,186.14,113.48,23.13,0.7701,8,1,1
19.71,101727.4,0.2532,36.74,3.11,54.9,16.3,14.42,38.25,0.2479,4,0,0
171.49,99755.7,0.7083,20.66,4.32,84.5,134.71,88.95,19.53,0.7181,9,1,1
19.3,101077.7,0.2644,27.87,3.61,53.9,16.53,10.39,29.85,0.266,10,0,0
20.26,101122.0,0.2592,37.73,2.56,55.63,13.99,7.41,37.74,0.2457,10,0,0
260.66,98824.3,0.8184,23.38,4.27,89.48,191.07,122.29,22.08,0.792,1,0,1
22.43,101211.8,0.2748,26.88,3.27,59.57,11.65,7.42,27.18,0.2651,12,0,0
23.98,100500.0,0.2977,32.79,1.23,58.29,15.54,10.03,32.99,0.2936,5,0,0
299.95,98413.3,0.8632,29.29,7.03,92.36,231.33,180.0,29.47,0.8715,6,1,1
134.46,99924.8,0.6585,34.32,5.62,80.48,75.54,41.82,32.54,0.6456,6,1,1
188.95,99386.8,0.7356,30.22,7.49,82.59,143.26,104.15,29.05,0.7092,5,0,1
150.23,99343.7,0.6879,30.07,3.55,85.39,94.19,71.61,29.28,0.69,7,1,1
188.83,99407.1,0.7717,30.25,4.95,82.98,139.5,115.63,29.16,0.7483,9,1,1
337.24,98000.0,0.95,33.26,10.92,98.26,240.75,152.89,34.23,0.9217,7,1,1
238.0,98944.6,0.8256,25.39,6.9,84.93,186.43,111.25,25.3,0.8398,7,1,1
14.63,101402.4,0.2052,30.67,1.22,47.66,10.77,7.08,29.36,0.2009,7,1,0
154.36,99601.8,0.6709,25.64,5.18,84.08,104.86,76.89,26.4,0.6553,10,0,1
252.97,98575.2,0.7894,24.61,8.64,89.91,206.59,170.14,26.14,0.7933,6,1,1
5.15,101946.7,0.1618,37.13,0.0,31.64,3.5,2.36,37.11,0.1806,5,0,0
140.12,99867.6,0.6906,26.9,3.4,79.15,90.22,50.1,26.79,0.7056,5,0,1
5.17,102125.9,0.0923,35.37,1.41,32.71,2.89,2.08,36.17,0.1026,8,1,0
160.31,99822.5,0.7121,21.51,4.76,78.41,119.12,71.74,22.1,0.7414,8,1,1
21.65,101597.8,0.2755,36.56,1.63,52.95,13.63,10.08,36.17,0.2651,9,1,0
157.23,99488.6,0.749,29.63,4.27,81.33,107.7,70.97,30.49,0.7289,8,1,1
5.71,101642.3,0.1274,20.39,0.69,29.83,5.14,4.46,21.07,0.1286,10,0,0
314.38,98092.5,0.8668,26.78,8.91,98.53,203.8,120.84,26.66,0.8912,7,1,1
127.47,100015.5,0.7073,30.9,4.79,83.56,99.33,60.74,31.68,0.6979,6,1,1
24.58,101117.6,0.3018,34.17,2.12,56.25,20.0,15.0,33.56,0.3049,12,0,0
28.16,100500.0,0.3008,26.26,3.0,69.75,20.0,15.0,24.89,0.3001,1,0,0
192.88,99520.3,0.744,25.28,3.77,88.73,111.4,88.52,23.37,0.7213,3,0,1
195.57,99130.6,0.786,25.12,6.37,84.65,131.1,101.06,24.57,0.7759,7,1,1
8.32,101889.9,0.1476,25.3,0.73,32.59,6.06,4.37,26.97,0.1438,11,0,0
13.92,100587.5,0.2229,37.2,0.57,39.09,9.8,5.89,36.17,0.2326,11,0,0
29.47,100683.8,0.3457,18.7,4.41,69.03,17.42,13.35,19.92,0.3423,5,0,0
15.05,102143.0,0.2197,28.28,0.74,46.36,12.3,9.84,29.71,0.208,1,0,0
6.98,102668.3,0.1942,28.34,0.54,34.85,6.15,4.35,28.8,0.2137,8,1,0
6.99,102363.7,0.1419,28.93,0.89,30.56,5.15,2.74,29.93,0.1355,12,0,0
17.8,102226.7,0.2187,36.18,1.13,54.16,14.01,10.23,37.19,0.2168,7,1,0
14.14,101250.3,0.176,30.92,0.65,46.73,10.25,7.98,29.34,0.1731,3,0,0
273.06,98000.0,0.8462,26.7,5.09,94.08,186.04,151.11,26.59,0.8363,4,0,1
9.92,101894.3,0.1799,21.68,1.31,29.54,7.21,4.75,23.43,0.183,4,0,0
20.88,101625.5,0.2744,25.02,2.63,48.65,18.5,13.46,23.53,0.2807,10,0,0
27.85,100885.2,0.3342,21.32,1.87,64.26,20.0,13.64,20.63,0.346,6,1,0
20.98,101186.0,0.2699,23.24,3.91,57.61,12.53,10.65,22.14,0.2895,10,0,0
6.56,101736.5,0.1715,21.28,0.52,27.81,4.65,4.09,20.01,0.1654,7,1,0
24.05,100928.7,0.2939,21.02,1.97,62.75,20.0,11.68,21.69,0.294,10,0,0
3.95,102757.7,0.1032,37.1,0.14,22.58,3.5,2.51,35.51,0.0891,4,0,0
210.5,98910.6,0.7882,28.11,5.8,82.33,133.91,77.75,26.26,0.7818,8,1,1
5.41,102194.5,0.1436,26.02,0.78,27.29,4.04,2.8,24.7,0.1274,4,0,0
138.36,99777.0,0.6747,30.07,3.17,82.42,117.59,72.24,28.36,0.665,8,1,1
17.1,101871.4,0.2349,37.76,1.68,55.92,12.52,10.15,37.51,0.2198,4,0,0
28.96,101278.6,0.3329,23.64,4.6,65.56,19.6,15.0,23.76,0.3214,4,0,0
181.06,99617.8,0.712,22.69,6.92,86.88,129.01,79.56,22.81,0.7289,6,1,1
184.82,99832.2,0.7371,25.44,5.96,82.63,107.25,68.0,27.44,0.7352,8,1,1
102.77,100500.0,0.6,31.38,4.61,75.0,68.17,48.26,32.68,0.5716,10,0,1
266.55,99303.6,0.8511,21.57,5.47,90.44,147.69,101.92,20.14,0.8655,6,1,1
154.05,99955.1,0.7776,20.0,5.4,79.0,93.65,75.93,21.71,0.7985,9,1,1
21.82,100549.9,0.3084,21.8,1.2,61.88,15.27,9.51,23.12,0.3081,4,0,0
26.42,100787.5,0.3494,28.59,3.84,60.95,20.0,15.0,28.57,0.35,8,1,0
1.33,102780.9,0.08,27.96,0.31,22.81,0.96,0.59,28.41,0.0888,3,0,0
29.72,100507.3,0.35,21.8,2.89,69.84,20.0,15.0,22.75,0.3492,5,0,0
330.62,98213.9,0.9063,28.1,6.82,95.67,217.36,157.9,29.77,0.9071,8,1,1
7.01,101775.8,0.1386,32.87,1.21,36.92,4.37,2.88,33.62,0.1305,7,1,0
120.18,99641.0,0.6481,20.34,6.1,77.09,70.22,53.22,19.58,0.6485,7,1,1
7.83,101636.0,0.1462,20.21,0.0,31.11,5.62,3.9,21.26,0.1632,7,1,0
143.83,99920.1,0.6857,33.43,5.06,82.0,121.25,71.67,31.6,0.6634,2,0,1
168.16,99574.5,0.7188,32.9,6.65,81.86,108.82,65.35,30.93,0.7119,8,1,1
232.68,99450.3,0.8337,21.64,4.56,87.86,135.3,83.96,19.92,0.8464,7,1,1
294.16,98476.3,0.8876,21.77,7.77,89.46,162.2,108.78,21.64,0.8806,8,1,1
0.69,101734.4,0.106,37.9,0.42,20.0,0.5,0.44,36.89,0.103,4,0,0
308.61,98431.2,0.9236,26.81,6.99,99.67,187.15,150.03,26.51,0.9305,8,1,1
12.34,101107.7,0.1653,36.3,2.18,37.48,8.39,6.56,37.87,0.172,7,1,0
191.94,99528.5,0.7428,23.7,7.95,85.16,155.25,105.75,24.2,0.7394,8,1,1
11.36,101722.2,0.199,36.76,0.94,46.11,9.72,8.18,35.7,0.182,7,1,0
308.68,98415.4,0.8878,27.33,8.19,86.16,250.0,180.0,27.56,0.9104,7,1,1
254.5,99463.4,0.7793,27.62,9.88,89.06,179.52,109.32,28.14,0.7726,4,0,1
129.27,100176.4,0.6389,31.85,3.71,76.74,103.28,73.83,30.18,0.6496,8,1,1
175.0,99427.3,0.7402,27.58,6.06,79.53,141.99,90.82,27.31,0.7355,6,1,1
24.79,100763.5,0.2982,36.34,4.88,60.33,16.58,14.38,34.61,0.3101,8,1,0
213.55,98932.1,0.7401,24.82,6.13,85.96,166.03,100.76,24.62,0.7127,7,1,1
302.72,98611.5,0.8832,22.63,6.96,97.6,181.65,145.67,21.35,0.8963,10,0,1
179.98,99542.7,0.7234,33.97,5.33,83.82,135.8,83.73,34.44,0.7297,6,1,1
28.62,100955.2,0.311,21.6,3.84,68.08,20.0,15.0,19.62,0.307,7,1,0
87.65,100500.0,0.6058,26.42,3.0,78.97,60.43,43.56,25.07,0.6266,9,1,1
7.21,102060.9,0.1293,36.35,1.09,39.18,5.63,4.49,38.09,0.1395,7,1,0
160.87,99202.2,0.6993,26.69,5.71,85.53,114.28,90.2,25.81,0.7021,10,0,1
185.01,99467.4,0.7284,34.31,3.89,87.99,127.33,93.56,34.35,0.7035,4,0,1
270.04,98204.2,0.8123,21.56,6.37,88.71,217.74,126.79,20.4,0.8038,1,0,1
98.04,100500.0,0.6451,31.62,3.59,82.47,78.86,66.05,30.85,0.641,9,1,1
186.62,100500.0,0.7545,20.0,6.61,90.55,126.3,104.89,20.37,0.7565,8,1,1
336.36,98000.0,0.9087,20.0,10.6,96.49,198.97,136.95,18.43,0.8846,8,1,1
267.12,98472.6,0.8593,25.32,4.75,94.01,200.14,112.83,25.03,0.8707,7,1,1
268.99,99020.7,0.8966,26.4,8.13,97.53,164.39,127.78,24.57,0.9123,9,1,1
91.05,100500.0,0.6209,33.33,3.57,77.39,66.11,54.8,32.01,0.6196,9,1,1
17.43,101100.1,0.2234,21.72,1.38,45.19,11.98,7.14,20.13,0.2271,12,0,0
86.61,100500.0,0.6227,31.48,3.0,75.0,50.22,40.0,29.82,0.6481,12,0,1
114.88,100416.5,0.6225,29.52,3.24,77.22,83.94,59.44,29.43,0.6184,9,1,1
216.45,99237.6,0.7635,32.39,5.79,82.69,124.16,81.87,33.43,0.7766,9,1,1
15.13,102114.9,0.2185,33.28,1.86,51.79,10.17,7.45,32.82,0.2351,8,1,0
108.99,100063.5,0.6101,28.54,4.35,75.0,63.89,43.26,26.99,0.5992,8,1,1
91.27,99494.9,0.6637,31.07,3.51,78.86,51.81,40.0,31.29,0.6889,8,1,1
336.99,98353.0,0.8943,23.75,9.69,96.06,244.21,180.0,22.58,0.8739,7,1,1
0.23,102515.4,0.08,26.08,0.0,20.0,0.14,0.09,28.03,0.0694,4,0,0
26.68,101036.7,0.2981,28.53,3.33,57.75,18.78,10.49,29.94,0.2989,1,0,0
133.8,100166.0,0.6744,30.85,3.18,76.81,85.49,56.93,28.92,0.7011,7,1,1
252.36,98615.9,0.8176,28.44,5.41,87.63,201.58,144.03,29.53,0.8366,8,1,1
24.14,100500.0,0.2823,36.04,2.03,57.94,14.13,7.44,36.58,0.292,11,0,0
102.6,100500.0,0.6094,27.78,4.13,75.0,65.47,42.83,26.33,0.6154,6,1,1
16.8,101466.3,0.2237,23.34,1.46,58.29,11.25,7.15,22.36,0.205,5,0,0
18.07,101612.8,0.2635,28.93,1.96,52.08,13.54,8.69,27.45,0.2512,7,1,0
143.74,99713.4,0.7406,30.94,5.62,76.73,83.96,57.53,30.17,0.7669,4,0,1
2.83,102475.0,0.1139,27.44,0.87,23.22,1.62,1.29,26.0,0.1298,11,0,0
160.13,99100.1,0.6869,33.63,5.42,77.37,116.0,76.41,33.21,0.6883,6,1,1
9.92,101601.7,0.1968,24.89,1.66,32.69,5.48,3.7,24.0,0.1883,8,1,0
19.64,101432.7,0.2445,34.82,2.66,56.48,13.99,7.0,34.35,0.243,1,0,0
27.27,101000.9,0.3089,23.97,1.53,65.23,20.0,15.0,24.15,0.2969,1,0,0
25.07,100500.0,0.2915,20.87,3.63,59.15,16.56,11.57,20.25,0.278,7,1,0
300.42,98005.5,0.8939,31.61,7.94,91.53,186.09,134.31,30.17,0.8742,8,1,1
8.87,102595.9,0.1705,24.06,1.05,38.4,6.35,3.6,24.28,0.1534,1,0,0
159.21,99677.4,0.6597,25.5,4.18,81.09,115.25,88.06,27.26,0.6714,7,1,1
22.12,100968.9,0.2745,33.23,3.19,63.32,15.17,8.37,32.81,0.2631,3,0,0
17.38,101109.7,0.253,19.68,3.68,44.88,14.49,8.32,20.18,0.2482,1,0,0
28.93,100561.9,0.3408,37.54,4.23,68.73,20.0,15.0,38.36,0.3371,2,0,0
114.9,100500.0,0.6563,22.42,3.0,75.55,84.52,68.29,21.28,0.6521,1,0,1
231.1,98865.8,0.8064,28.99,7.16,90.63,152.2,109.24,28.77,0.8342,9,1,1
287.02,98067.7,0.8433,21.39,5.06,98.02,183.92,120.07,21.36,0.8634,7,1,1
9.02,101840.2,0.1752,33.37,2.18,35.01,5.9,4.82,32.66,0.1555,12,0,0
20.48,101060.0,0.2583,25.81,2.34,47.48,17.87,14.91,25.29,0.2622,9,1,0
229.67,99314.1,0.7874,20.39,4.7,91.34,190.28,105.06,19.59,0.7961,6,1,1
283.77,98612.2,0.8829,21.18,9.75,92.91,197.25,161.48,19.55,0.8852,6,1,1
317.71,98267.6,0.8684,32.55,10.0,98.47,224.13,124.21,32.74,0.8668,7,1,1
315.84,98958.0,0.853,34.64,7.64,100.0,208.38,172.21,34.5,0.8374,9,1,1
255.42,99132.1,0.867,28.2,6.36,95.93,148.65,107.16,30.08,0.8649,12,0,1
7.8,102131.5,0.1618,18.91,2.72,34.6,6.74,6.06,20.81,0.1768,8,1,0
4.42,102663.9,0.1306,34.96,0.35,27.38,3.03,1.59,34.85,0.1485,7,1,0
16.18,101398.4,0.2107,35.94,3.83,48.06,14.45,10.71,37.58,0.2004,11,0,0
311.58,98005.3,0.8902,30.25,9.13,96.17,182.88,102.46,32.08,0.8945,8,1,1
216.87,99058.5,0.7786,22.46,5.19,87.65,160.68,121.31,23.95,0.7801,8,1,1
287.26,98733.5,0.896,22.34,7.02,95.04,214.16,163.45,21.52,0.8682,2,0,1
215.66,99175.2,0.7683,23.26,5.28,90.35,133.61,111.87,24.5,0.7476,7,1,1
299.74,98590.8,0.852,26.77,6.48,98.75,175.24,117.75,26.0,0.8764,7,1,1
203.74,99571.9,0.7731,34.8,4.59,79.2,147.51,109.99,33.82,0.7759,12,0,1
19.54,101126.1,0.279,20.74,0.65,58.52,9.78,7.52,18.82,0.2638,5,0,0
270.06,98470.6,0.8343,25.24,8.39,88.63,216.25,138.98,27.19,0.8356,7,1,1
25.69,100719.6,0.2828,36.34,2.94,64.2,15.09,12.73,34.75,0.2854,12,0,0
8.84,101673.2,0.1431,33.06,1.2,29.32,4.64,4.06,34.59,0.1319,6,1,0
1.09,102368.2,0.1252,23.33,0.0,22.2,0.96,0.71,25.27,0.1283,8,1,0
300.71,98776.6,0.868,23.13,6.35,97.73,211.33,154.62,24.54,0.8393,9,1,1
0.17,102520.7,0.08,19.77,0.0,20.0,0.1,0.07,21.27,0.0841,1,0,0
27.55,100500.0,0.3119,30.23,1.36,67.07,20.0,14.62,30.9,0.2978,12,0,0
9.22,101709.8,0.1435,33.09,0.83,42.1,5.04,4.26,33.45,0.1575,3,0,0
27.71,100500.0,0.2985,35.2,4.07,68.67,20.0,12.43,35.39,0.3138,6,1,0
115.24,100500.0,0.6464,32.6,4.75,82.59,73.95,58.66,33.12,0.6553,7,1,1
25.09,101488.9,0.3119,32.73,1.38,57.9,18.3,12.32,32.45,0.3119,5,0,0
82.26,100500.0,0.6,23.72,3.0,82.25,50.0,42.03,25.58,0.603,12,0,1
17.83,101678.6,0.2327,34.95,2.49,52.81,12.59,6.65,35.48,0.2154,8,1,0
222.56,98728.5,0.7371,27.19,8.83,89.2,142.35,115.23,26.3,0.7071,9,1,1
1.08,102723.8,0.0882,33.67,0.3,26.92,0.66,0.4,34.21,0.0933,9,1,0
94.19,100244.5,0.6773,21.01,3.2,75.0,52.65,44.43,21.46,0.6818,8,1,1
321.75,98000.0,0.9444,21.99,5.34,99.29,248.66,180.0,20.78,0.9239,4,0,1
278.14,98763.6,0.8507,22.75,7.03,90.66,233.38,166.83,22.75,0.8609,9,1,1
5.59,102023.2,0.117,22.28,1.34,26.87,4.54,3.11,20.8,0.1275,7,1,0
251.47,98837.4,0.8281,28.34,4.38,93.09,150.25,95.84,29.45,0.8133,6,1,1
162.12,99398.2,0.7281,28.16,5.0,82.83,98.54,66.01,27.78,0.7099,5,0,1
222.05,99144.3,0.7562,32.94,3.0,87.79,123.88,77.35,32.15,0.7802,9,1,1
10.29,101639.7,0.1604,26.16,1.19,32.6,7.6,5.16,25.07,0.1617,9,1,0
264.24,98701.7,0.8342,21.36,8.54,95.06,191.13,133.32,21.89,0.8124,8,1,1
1.65,102227.2,0.095,36.67,0.61,20.6,0.98,0.54,35.94,0.1093,1,0,0
249.67,99029.5,0.799,30.54,7.66,90.45,178.5,118.41,30.9,0.8233,8,1,1
18.85,101254.9,0.2266,32.76,3.19,55.03,9.68,8.66,30.87,0.2302,1,0,0
84.38,100094.8,0.6,22.54,3.35,78.32,50.0,40.0,21.42,0.6271,8,1,1
8.51,101879.7,0.1751,26.93,0.72,28.74,7.21,5.43,24.95,0.1653,11,0,0
24.9,100758.7,0.282,35.27,3.52,57.21,15.83,13.51,36.65,0.2836,12,0,0
23.65,100767.6,0.2963,27.82,2.98,65.53,16.22,8.6,27.53,0.2848,10,0,0
22.95,101076.7,0.2597,31.18,2.83,61.14,16.13,11.66,31.56,0.2695,9,1,0
165.74,100108.7,0.7141,22.93,4.68,77.53,134.56,87.07,21.16,0.6924,8,1,1
18.89,101748.2,0.2429,35.42,1.41,46.55,14.74,12.76,36.34,0.2582,6,1,0
5.03,101844.1,0.1199,19.82,0.21,35.1,2.69,1.9,21.65,0.1082,2,0,0
137.83,99836.1,0.6391,27.06,6.24,79.67,106.94,85.94,26.47,0.6501,8,1,1
10.87,101451.5,0.1699,29.65,1.91,38.25,7.66,5.71,27.81,0.1505,7,1,0
212.74,99385.0,0.7521,27.2,5.71,85.58,124.11,78.62,27.86,0.7563,3,0,1
8.35,102157.1,0.1643,31.08,0.0,35.06,7.12,4.45,32.99,0.1692,5,0,0
28.21,100500.0,0.3252,31.06,3.42,67.59,20.0,13.0,30.6,0.3248,4,0,0
192.89,99277.8,0.8183,29.4,4.9,84.77,135.24,98.6,28.34,0.7922,7,1,1
12.36,102214.1,0.1858,19.84,2.45,37.78,10.18,5.62,18.25,0.2006,1,0,0
16.94,102393.9,0.2498,27.23,1.29,49.66,11.19,9.54,25.3,0.2322,1,0,0
8.64,101298.5,0.1729,29.34,0.23,39.9,4.97,3.75,27.65,0.1625,1,0,0
21.88,100500.0,0.31,24.21,1.06,59.68,15.1,12.03,24.27,0.2939,10,0,0
17.13,101226.5,0.2163,33.65,2.31,46.66,9.34,4.77,35.34,0.2167,8,1,0
166.83,99750.5,0.7302,25.99,3.87,80.72,122.84,103.18,25.61,0.7489,9,1,1
24.84,100893.9,0.3387,24.82,2.11,60.21,13.61,8.74,23.4,0.3574,9,1,0
132.14,99733.8,0.6973,25.97,4.43,78.06,89.48,72.02,26.13,0.7153,8,1,1
27.04,100580.8,0.2924,26.42,4.01,70.0,16.67,11.07,28.08,0.2829,11,0,0
204.26,98959.3,0.7739,32.09,7.05,88.88,158.55,129.97,31.3,0.7784,7,1,1
288.88,98804.2,0.8116,28.39,6.33,94.67,187.67,111.25,29.88,0.8063,2,0,1
311.44,98420.7,0.9243,30.78,5.59,95.42,248.64,180.0,29.58,0.9368,7,1,1
7.77,102435.5,0.1475,34.88,0.6,38.41,5.29,3.96,32.96,0.1289,11,0,0
142.43,100321.7,0.6353,28.13,4.27,83.74,78.48,45.63,28.71,0.6308,7,1,1
286.36,98201.9,0.8855,29.18,8.01,97.88,219.35,166.47,30.02,0.9047,4,0,1
25.53,100754.5,0.3201,25.17,2.34,55.6,20.0,12.2,24.51,0.325,9,1,0
14.91,101360.1,0.2466,21.5,2.89,45.97,11.95,9.89,22.39,0.2579,5,0,0
277.12,98993.4,0.8599,23.77,9.28,88.99,209.91,136.31,23.17,0.873,8,1,1
336.69,98203.4,0.9268,29.82,9.11,95.39,214.11,172.46,29.79,0.9375,7,1,1
18.78,101613.0,0.276,35.82,1.2,55.48,10.83,8.16,33.86,0.2787,9,1,0
1.66,102691.7,0.0995,28.36,1.13,25.91,0.98,0.85,27.72,0.0894,7,1,0
297.33,98000.0,0.8597,22.5,8.18,93.72,237.98,180.0,20.87,0.868,7,1,1
295.0,98934.3,0.8334,26.11,8.27,93.93,170.62,110.27,27.21,0.8269,6,1,1
242.09,98834.9,0.797,32.54,6.21,90.08,187.21,116.76,31.86,0.7765,6,1,1
17.53,101639.2,0.2537,33.85,2.47,47.09,11.41,7.56,35.51,0.243,10,0,0
130.98,100174.1,0.6811,23.9,3.5,80.72,93.15,56.28,24.02,0.6576,3,0,1
24.33,101237.1,0.2768,28.39,2.95,62.53,18.14,13.33,27.43,0.2711,5,0,0
169.42,99540.6,0.7377,23.84,4.4,86.26,138.64,83.07,23.04,0.7363,6,1,1
202.12,99522.2,0.7444,31.52,7.2,85.94,148.98,93.95,30.2,0.7421,9,1,1
188.89,99500.3,0.7591,26.0,3.37,85.9,139.38,77.97,26.16,0.766,9,1,1
6.45,102207.3,0.1253,28.17,0.55,34.45,4.71,3.34,27.95,0.1334,6,1,0
24.12,100664.7,0.3189,27.05,2.84,59.14,12.31,7.07,26.95,0.3179,3,0,0
133.91,99876.2,0.7056,21.08,3.71,79.98,99.72,62.53,22.39,0.7196,3,0,1
2.07,102798.6,0.08,25.72,0.5,22.98,1.25,0.8,25.51,0.072,3,0,0
101.08,100392.2,0.6251,27.73,3.0,80.67,80.84,53.16,28.74,0.6186,4,0,1
27.33,100718.7,0.3335,35.61,3.76,70.0,14.01,9.62,37.22,0.3149,10,0,0
10.25,101905.4,0.1382,27.83,0.81,40.35,8.66,7.1,26.69,0.1454,8,1,0
9.32,102045.3,0.1744,33.35,0.08,42.45,8.18,6.03,31.62,0.1858,3,0,0
23.96,100922.6,0.266,30.71,1.58,66.56,20.0,14.92,30.32,0.2798,3,0,0
15.98,101101.7,0.2385,21.46,0.66,44.19,8.65,4.37,22.31,0.2303,6,1,0
10.81,101522.9,0.2041,19.33,1.5,37.47,5.64,3.76,20.12,0.1993,12,0,0
277.85,99101.6,0.8206,20.0,7.8,95.97,173.96,103.16,19.06,0.8371,2,0,1
17.16,100996.6,0.2299,37.23,1.57,44.64,14.38,12.73,37.01,0.2142,9,1,0
267.56,98487.0,0.8176,25.85,7.74,86.81,157.08,131.7,27.46,0.7953,9,1,1
7.89,102192.5,0.1538,20.38,0.66,29.43,6.25,5.05,18.43,0.1729,4,0,0
252.12,98643.7,0.8408,28.16,7.43,89.49,210.54,168.91,29.05,0.8213,8,1,1
333.94,98000.0,0.883,27.55,7.31,94.37,250.0,180.0,28.59,0.8879,7,1,1
20.23,101730.4,0.2262,20.32,2.21,49.09,12.81,10.95,18.55,0.2318,12,0,0
24.66,101320.7,0.2778,26.85,1.75,62.51,16.16,13.51,25.81,0.276,9,1,0
216.8,99450.9,0.7367,27.01,5.71,84.84,178.4,98.13,28.24,0.7093,9,1,1
134.05,100059.8,0.7159,25.88,3.0,75.2,88.29,73.36,24.1,0.7367,8,1,1
18.26,101070.1,0.2163,35.27,0.98,48.08,15.49,7.87,35.05,0.2056,9,1,0
21.68,101045.0,0.2799,27.29,1.27,60.05,18.23,15.0,25.42,0.2738,2,0,0
321.74,98044.9,0.9318,26.8,6.51,96.83,250.0,180.0,28.21,0.9459,7,1,1
4.99,102271.3,0.1175,19.86,0.62,26.84,3.36,2.5,19.52,0.1054,3,0,0
29.43,100599.4,0.35,32.49,1.84,68.57,20.0,12.11,33.96,0.3475,11,0,0
136.78,99853.9,0.6412,32.62,4.67,75.64,109.73,86.2,31.71,0.6255,3,0,1
113.89,100307.1,0.6742,23.8,3.93,77.14,62.89,49.06,24.45,0.6472,6,1,1
272.66,99239.6,0.8298,25.32,8.26,91.97,163.01,132.57,27.28,0.8267,6,1,1
0.25,102934.9,0.1037,37.06,0.0,24.65,0.17,0.1,37.49,0.1168,3,0,0
201.13,99662.2,0.7015,33.75,6.08,87.07,111.08,87.44,34.27,0.7203,9,1,1
7.63,102317.2,0.1533,37.09,0.84,33.55,5.41,3.63,38.59,0.1455,7,1,0
287.81,98944.2,0.8828,20.59,6.97,89.61,214.58,155.07,18.6,0.8767,9,1,1
334.3,98153.3,0.95,28.89,6.57,97.04,206.39,174.46,27.11,0.9638,7,1,1
253.61,98763.5,0.8225,33.53,9.43,89.22,182.68,131.14,33.71,0.8127,12,0,1
176.51,99851.6,0.748,31.49,4.03,81.31,138.9,96.2,31.22,0.7437,7,1,1
25.53,100798.5,0.3108,19.12,1.53,63.86,19.36,15.0,17.23,0.3162,11,0,0
242.92,98669.5,0.8173,30.11,7.8,86.41,172.54,122.83,30.32,0.8069,7,1,1
15.55,101193.0,0.2362,20.23,0.91,47.7,9.94,8.81,19.43,0.2385,12,0,0
27.08,100500.0,0.3461,34.73,1.11,65.02,20.0,12.62,36.72,0.3263,1,0,0
255.6,98941.8,0.8285,27.36,8.49,90.09,195.78,150.02,25.43,0.8088,6,1,1
327.13,98247.3,0.929,29.93,6.42,99.89,232.91,154.69,31.86,0.9385,6,1,1
322.44,98183.8,0.9147,20.0,9.26,96.89,250.0,176.14,19.87,0.9343,7,1,1
14.17,101803.2,0.2271,27.41,2.28,39.21,12.65,7.09,25.82,0.2226,5,0,0
25.46,101036.9,0.2678,35.69,1.9,64.58,20.0,11.5,37.38,0.248,12,0,0
232.1,98764.5,0.7975,24.63,6.73,85.45,135.75,109.77,24.89,0.7934,8,1,1
106.68,100203.0,0.6172,34.52,3.62,80.36,65.63,45.53,36.17,0.5924,7,1,1
18.27,101011.3,0.2322,22.55,1.53,55.06,9.3,6.92,21.24,0.2123,9,1,0
336.53,98153.6,0.9202,21.9,8.54,100.0,250.0,148.33,21.16,0.9411,9,1,1
25.26,100938.2,0.2747,36.0,3.28,61.62,20.0,15.0,37.87,0.2935,1,0,0
19.7,101444.0,0.2314,23.27,1.57,52.43,11.69,8.57,21.88,0.2267,4,0,0
1.43,102605.0,0.1104,22.02,0.97,29.51,0.8,0.54,20.8,0.1197,11,0,0
25.85,101062.4,0.3165,22.75,4.02,62.77,17.33,11.41,21.79,0.3104,4,0,0
22.43,101164.9,0.3039,34.08,0.79,57.51,12.6,8.37,34.08,0.2902,9,1,0
11.69,102228.1,0.1659,27.28,1.1,45.69,6.67,5.21,28.02,0.1475,9,1,0
18.51,100972.6,0.2475,32.64,3.51,52.88,9.9,6.19,30.69,0.2393,4,0,0
265.07,98834.7,0.8255,22.51,6.33,92.44,168.78,138.62,23.68,0.825,9,1,1
27.0,100500.0,0.3219,18.34,2.48,64.42,20.0,15.0,16.38,0.3284,10,0,0
103.86,100027.3,0.6877,33.66,3.0,84.67,83.85,47.13,32.63,0.6649,1,0,1
19.42,101705.9,0.2421,31.46,2.4,60.31,17.39,10.06,32.14,0.2481,4,0,0
322.51,98742.3,0.9244,22.0,9.97,92.36,224.1,164.17,20.3,0.9513,9,1,1
9.09,102075.8,0.1619,25.51,0.76,35.38,5.21,3.53,23.65,0.1544,4,0,0
94.21,100500.0,0.6259,30.52,5.65,75.0,60.44,47.32,30.42,0.6477,8,1,1
27.92,100653.6,0.3476,26.51,3.6,70.0,20.0,13.73,24.97,0.3656,10,0,0
4.01,102807.8,0.1186,26.88,1.49,28.95,2.37,2.0,26.37,0.1278,8,1,0
102.1,100500.0,0.6152,20.64,3.29,76.12,84.1,47.46,20.44,0.6176,2,0,1
17.14,100873.0,0.2159,32.05,1.86,51.23,10.46,8.06,33.31,0.2246,11,0,0
293.0,98697.3,0.8668,27.32,6.33,97.32,222.16,180.0,28.0,0.8815,9,1,1
227.52,99390.2,0.8156,31.04,5.14,87.58,166.98,97.36,32.14,0.8449,6,1,1
29.34,100500.0,0.3451,18.2,3.49,70.0,20.0,15.0,18.63,0.3331,2,0,0
13.85,101646.4,0.1707,32.33,2.62,41.66,7.67,4.0,32.42,0.1838,4,0,0
23.59,101622.9,0.2652,23.04,3.1,54.68,12.27,7.84,22.43,0.2817,7,1,0
17.86,101667.1,0.2461,24.29,0.81,45.89,14.82,11.38,24.83,0.2459,2,0,0
9.84,102001.9,0.1543,32.64,0.46,41.45,5.79,3.8,33.37,0.1627,4,0,0
9.61,100893.5,0.168,18.75,1.39,36.06,7.17,5.84,17.5,0.1726,5,0,0
135.72,100210.3,0.6544,25.67,3.0,80.75,86.97,63.2,25.46,0.6428,6,1,1
166.58,99709.2,0.6978,29.18,3.51,81.21,120.8,76.78,30.3,0.7235,1,0,1
319.54,98477.3,0.8612,25.03,8.54,94.31,177.16,139.14,24.65,0.8849,8,1,1
227.89,99531.7,0.7638,21.2,6.25,84.55,192.84,127.34,22.31,0.7366,4,0,1
23.82,101000.3,0.3083,33.97,3.8,61.37,13.52,8.76,32.28,0.3129,3,0,0
102.77,100485.6,0.6137,32.63,3.13,79.39,74.62,45.58,30.94,0.6332,1,0,1
238.68,98985.6,0.8502,25.97,7.42,85.69,166.33,111.35,25.41,0.852,9,1,1
23.25,100612.6,0.2878,20.08,3.87,54.87,14.6,11.35,19.97,0.2963,10,0,0
6.13,101801.1,0.1418,36.0,0.96,28.35,5.1,3.83,37.46,0.1264,8,1,0
158.03,99255.1,0.6826,25.57,3.88,82.72,111.82,91.6,25.99,0.6914,6,1,1
3.53,102197.9,0.1413,37.21,0.32,23.47,3.12,1.65,36.52,0.1376,3,0,0
27.93,100719.7,0.3402,27.68,4.1,66.69,16.17,11.97,27.54,0.3424,2,0,0
28.93,100825.7,0.3412,25.67,4.09,65.17,16.8,10.84,26.62,0.3605,5,0,0
10.7,101793.8,0.1812,27.24,1.09,38.72,6.07,4.88,29.01,0.1921,9,1,0
13.9,101370.8,0.1871,27.14,1.24,48.12,9.17,6.34,25.97,0.1825,3,0,0
137.34,99673.4,0.6576,25.96,4.66,79.91,104.64,82.07,27.62,0.6373,9,1,1
173.84,100094.2,0.6928,27.55,7.07,81.77,98.59,58.07,27.35,0.712,7,1,1
20.73,101457.9,0.2934,29.86,2.26,54.99,18.37,13.53,27.89,0.2823,11,0,0
24.82,100500.0,0.2936,27.03,2.17,61.92,18.18,15.0,26.68,0.3043,5,0,0
11.21,101597.0,0.1818,27.23,0.67,39.5,9.35,6.71,29.0,0.1698,8,1,0
264.82,98248.2,0.9265,20.31,7.12,92.8,165.84,93.81,19.19,0.9439,10,0,1
16.84,100816.2,0.2548,28.27,2.55,51.6,11.79,7.82,28.26,0.2519,9,1,0
27.57,101413.6,0.35,26.74,3.57,65.01,16.84,13.24,26.53,0.3369,4,0,0
269.87,99319.4,0.8676,27.56,9.18,97.33,210.07,158.12,28.13,0.872,12,0,1
165.22,99793.6,0.6872,33.23,6.25,82.28,103.36,68.55,34.07,0.6618,8,1,1
278.82,98729.9,0.8462,25.19,8.73,90.11,197.0,165.35,24.38,0.8724,1,0,1
125.26,100439.0,0.6001,31.57,3.87,77.19,93.51,56.66,30.96,0.5984,8,1,1
305.1,98950.3,0.909,27.11,6.9,98.44,213.67,132.78,26.43,0.9083,11,0,1
338.13,98000.0,0.9086,25.53,9.15,97.3,250.0,180.0,27.21,0.8946,7,1,1
275.15,98897.5,0.8573,22.41,7.49,88.82,207.02,116.86,21.0,0.8474,9,1,1
22.21,100667.0,0.2636,30.63,3.67,59.31,17.86,13.34,30.56,0.2511,7,1,0
5.16,102253.3,0.1062,26.12,0.0,27.28,3.12,2.17,27.1,0.0952,1,0,0
5.99,102153.0,0.1222,33.65,1.03,20.62,3.49,2.8,34.14,0.124,1,0,0
23.79,101264.3,0.2948,26.85,4.26,56.59,14.14,8.74,26.89,0.2826,6,1,0
335.26,98259.2,0.9446,31.03,10.64,100.0,239.22,179.01,29.86,0.9402,9,1,1
4.97,102712.9,0.1385,25.51,0.38,31.49,3.36,1.78,26.12,0.1408,11,0,0
272.97,98599.5,0.8848,22.64,9.39,90.65,174.46,132.51,22.57,0.8928,6,1,1
9.34,102037.4,0.1497,34.76,1.81,32.21,7.25,4.63,33.95,0.1368,3,0,0
7.23,101680.2,0.1399,36.74,1.57,37.46,5.04,2.53,38.38,0.1341,2,0,0
102.6,99698.6,0.6274,29.74,3.96,77.41,80.86,57.43,30.03,0.5994,5,0,1
2.66,102543.0,0.1021,32.25,0.23,22.74,1.78,1.19,30.34,0.0835,2,0,0
95.46,100500.0,0.6,24.89,3.52,78.34,55.82,40.0,25.82,0.5923,7,1,1
139.7,100184.0,0.7139,29.73,4.21,83.31,115.63,76.88,29.36,0.7173,6,1,1
156.18,98980.9,0.6657,26.23,4.89,80.94,121.42,99.03,26.78,0.6709,6,1,1
103.09,100253.3,0.6333,28.73,3.55,75.0,77.48,45.22,29.82,0.647,9,1,1
29.87,100690.0,0.35,33.28,1.62,66.26,20.0,11.76,33.57,0.3571,8,1,0
13.64,101370.0,0.1701,36.97,1.54,43.01,10.5,7.86,38.57,0.1548,2,0,0
331.98,98108.9,0.8721,24.5,6.9,100.0,200.61,158.63,24.33,0.8656,8,1,1
172.52,99629.2,0.7274,20.0,4.64,91.31,100.37,63.37,20.29,0.7149,7,1,1
237.55,99503.2,0.8108,26.87,5.68,91.42,174.25,129.75,26.96,0.8331,9,1,1
1.74,102478.9,0.1113,29.31,0.0,25.17,1.34,0.96,27.58,0.096,7,1,0
2.53,102853.9,0.1065,32.82,0.0,22.61,1.38,0.87,33.09,0.1076,11,0,0
26.34,100568.5,0.3457,28.15,3.36,64.22,19.32,9.78,28.12,0.3421,6,1,0
196.78,98733.5,0.7532,25.32,7.32,84.91,147.74,114.19,24.75,0.732,6,1,1
116.55,99646.4,0.6,24.97,4.94,79.07,77.57,60.49,24.36,0.5857,9,1,1
195.92,99440.0,0.7343,21.03,6.41,85.57,137.23,96.03,19.25,0.7265,9,1,1
2.21,102331.3,0.1029,35.23,1.4,24.51,1.21,0.86,36.49,0.0829,4,0,0
22.4,100799.9,0.2983,24.71,2.12,66.11,17.18,10.69,23.92,0.304,8,1,0
141.69,99737.5,0.6893,29.16,3.91,82.26,116.28,77.87,30.83,0.6822,12,0,1
23.92,101082.7,0.2995,23.83,2.24,54.81,16.69,8.88,23.61,0.2915,1,0,0
306.9,98874.8,0.9185,21.25,6.7,97.99,175.13,117.63,22.72,0.9242,6,1,1
9.62,102049.3,0.1615,23.4,1.85,40.64,8.07,4.53,24.68,0.1698,4,0,0
27.26,101112.4,0.3,36.26,4.29,68.46,19.12,12.23,34.57,0.2827,9,1,0
27.92,100500.0,0.3479,22.69,3.67,70.0,20.0,15.0,21.42,0.3448,9,1,0
19.08,100704.9,0.2479,26.85,1.16,48.9,10.73,6.79,27.15,0.2374,1,0,0
242.81,99115.9,0.8254,25.21,8.61,92.56,184.91,150.9,25.15,0.7981,7,1,1
172.12,99418.5,0.7255,23.29,7.22,83.72,145.89,105.98,23.43,0.7538,8,1,1
23.3,101148.1,0.3153,29.59,2.66,56.56,12.98,8.34,31.39,0.3135,2,0,0
0.09,102667.2,0.1098,30.52,0.0,20.0,0.06,0.05,31.33,0.1142,3,0,0
20.81,101517.8,0.2579,28.54,1.74,57.33,10.83,9.39,28.12,0.257,9,1,0
294.12,98560.9,0.9206,20.0,7.56,93.52,197.23,123.0,18.61,0.9089,1,0,1
105.79,100315.2,0.6,28.24,3.34,76.14,65.32,51.11,28.12,0.626,6,1,1
133.98,99749.4,0.6143,32.06,5.33,82.03,112.09,88.85,32.21,0.6121,6,1,1
29.68,100851.8,0.3382,34.9,3.73,67.54,19.01,15.0,36.42,0.3361,12,0,0
5.16,102503.3,0.1437,18.17,0.45,28.22,3.65,2.21,17.24,0.1249,8,1,0
1.57,101776.6,0.1015,28.49,0.51,20.07,0.82,0.59,28.48,0.0994,1,0,0
29.77,100500.0,0.3179,36.95,2.98,68.4,17.39,10.87,35.05,0.3005,5,0,0
274.84,98740.8,0.9009,27.94,3.12,94.32,210.69,170.11,28.91,0.8749,1,0,1
6.37,102202.0,0.1387,22.53,0.05,25.44,4.38,3.45,22.39,0.1475,1,0,0
15.14,101375.8,0.2452,37.65,0.66,42.51,8.64,7.29,36.67,0.2646,6,1,0
26.31,100500.0,0.3128,36.22,3.19,60.1,13.94,7.8,35.53,0.318,4,0,0
226.01,98884.3,0.7815,26.5,5.93,87.91,144.53,122.34,28.45,0.7527,6,1,1
27.41,100865.0,0.3282,30.11,1.55,65.52,20.0,15.0,30.15,0.3287,6,1,0
137.67,99684.6,0.6461,20.31,6.25,81.2,86.98,72.15,20.46,0.6271,9,1,1
12.02,101755.0,0.1997,31.78,2.13,45.23,6.13,3.29,30.65,0.1862,12,0,0
10.38,101258.1,0.2086,30.54,0.34,35.15,8.2,5.35,31.11,0.2199,9,1,0
28.65,100500.0,0.3487,32.34,3.17,70.0,20.0,14.83,31.54,0.3447,6,1,0
207.89,98768.1,0.7793,29.8,3.87,88.41,172.29,145.45,31.32,0.7936,4,0,1
12.24,101490.8,0.1881,31.54,0.34,34.86,8.08,5.95,32.64,0.1917,12,0,0
290.14,98635.4,0.914,26.23,8.16,92.4,230.15,162.19,26.17,0.9025,6,1,1
8.78,102713.2,0.1471,31.91,0.72,29.43,7.35,5.89,30.7,0.1564,9,1,0
255.78,99440.2,0.8607,28.9,4.13,87.7,175.55,118.92,30.14,0.8896,8,1,1
13.18,100585.0,0.2178,22.92,2.0,46.78,8.63,5.07,21.1,0.2063,7,1,0
110.51,99619.5,0.6502,33.21,3.0,81.51,87.37,65.03,33.36,0.6555,9,1,1
4.86,102291.6,0.0803,36.87,0.2,33.96,3.92,1.96,35.5,0.0986,7,1,0
291.75,99067.2,0.869,25.59,4.63,95.82,173.99,103.98,25.28,0.8749,6,1,1
22.75,101212.3,0.2588,29.39,2.88,55.49,12.12,10.87,31.22,0.2483,9,1,0
7.44,101951.8,0.1122,22.44,1.0,32.49,6.14,3.19,24.21,0.0952,10,0,0
19.84,101604.5,0.2568,25.33,2.87,56.89,14.12,9.61,26.47,0.2492,9,1,0
27.9,100543.8,0.3278,26.14,2.11,70.0,20.0,13.65,24.39,0.3256,11,0,0
10.55,101639.4,0.1434,21.0,1.52,32.72,6.02,3.74,22.51,0.1489,10,0,0
1.8,102607.2,0.1043,23.03,0.0,20.0,1.31,0.99,21.05,0.1038,8,1,0
21.37,101099.4,0.2504,35.19,2.16,55.14,11.47,7.16,36.79,0.2508,7,1,0
192.08,99865.0,0.7745,33.58,5.72,82.97,134.72,109.56,33.87,0.7526,10,0,1
9.62,101965.3,0.1751,25.15,1.07,34.83,8.28,7.44,25.13,0.1859,3,0,0
97.71,100500.0,0.6713,27.97,3.0,76.95,62.5,44.75,28.95,0.6522,5,0,1
239.91,98459.1,0.7667,31.61,6.55,96.85,134.79,85.18,31.91,0.771,7,1,1
240.39,99393.4,0.7892,30.01,7.32,89.73,158.8,89.18,28.08,0.8136,8,1,1
21.78,100788.5,0.2854,23.6,0.36,54.91,12.32,8.68,25.03,0.2999,2,0,0
17.09,102017.5,0.1921,31.01,2.45,45.65,12.39,6.91,30.55,0.1887,8,1,0
20.05,100864.3,0.243,28.81,2.8,53.54,13.61,10.94,28.36,0.2356,3,0,0
18.66,100555.1,0.2288,26.67,3.05,51.97,11.67,9.33,28.17,0.2321,3,0,0
313.77,98081.3,0.9156,20.36,6.24,95.89,182.15,106.88,21.68,0.8904,6,1,1
275.2,98456.4,0.8758,22.82,10.65,94.87,227.01,162.91,22.38,0.8823,1,0,1
181.98,100037.8,0.752,23.4,4.0,80.74,134.06,74.21,25.0,0.7612,6,1,1
207.15,99192.0,0.7601,26.82,6.62,85.75,159.36,110.21,24.94,0.7434,8,1,1
314.72,98281.7,0.9178,30.57,10.59,100.0,250.0,180.0,31.72,0.9307,8,1,1
201.64,99361.6,0.7494,33.81,4.14,83.03,145.4,102.59,32.01,0.7629,6,1,1
29.69,100618.3,0.35,22.5,2.31,70.0,15.37,8.91,21.19,0.3392,6,1,0
111.83,100500.0,0.6468,22.6,5.61,76.84,62.88,48.07,23.93,0.6231,7,1,1
339.3,98345.4,0.9328,23.11,9.23,100.0,250.0,180.0,23.78,0.9378,9,1,1
7.03,102874.3,0.1216,34.18,0.45,25.27,5.54,4.07,35.22,0.1156,6,1,0
9.59,102599.4,0.1225,35.17,0.56,42.31,5.79,4.25,37.14,0.1319,11,0,0
300.81,98849.9,0.8917,30.45,8.24,93.53,231.54,160.37,30.53,0.8826,10,0,1
264.9,98544.0,0.8739,27.87,8.81,89.94,192.38,134.67,28.24,0.8981,6,1,1
159.94,100185.1,0.6525,23.07,6.35,87.03,92.06,57.22,22.77,0.6249,7,1,1
272.57,98071.7,0.8509,20.39,5.69,91.11,192.58,141.13,19.19,0.8274,8,1,1
271.37,98517.0,0.82,29.45,8.79,93.52,189.68,104.78,29.28,0.8263,9,1,1
7.67,101722.0,0.1709,23.72,1.26,31.15,4.34,2.51,23.62,0.173,11,0,0
114.35,100500.0,0.6526,24.16,4.69,75.15,81.78,60.12,25.65,0.6294,11,0,1
18.07,101270.3,0.2368,25.4,1.67,50.16,11.81,7.81,23.97,0.2208,12,0,0
323.57,98384.0,0.95,32.67,6.52,100.0,250.0,177.5,32.24,0.9734,8,1,1
239.39,98929.6,0.8328,27.96,8.4,89.35,150.35,105.79,29.56,0.8213,7,1,1
239.56,99242.6,0.8288,27.91,4.77,92.2,175.48,110.91,26.34,0.803,4,0,1
16.7,101343.4,0.1982,35.34,2.57,46.37,10.95,9.56,35.91,0.1947,1,0,0
244.36,98794.5,0.8508,26.14,4.9,90.27,189.36,153.63,24.29,0.8379,7,1,1
188.47,99310.0,0.7646,34.33,5.12,84.62,117.96,96.23,35.21,0.7487,9,1,1
131.39,99587.9,0.6939,32.83,4.09,80.88,74.87,60.06,34.69,0.6886,6,1,1
20.81,101622.9,0.2839,30.82,2.52,54.8,11.69,7.66,30.56,0.2704,10,0,0
318.6,98086.5,0.9253,32.57,8.9,97.79,196.37,164.21,34.09,0.9158,8,1,1
256.65,99245.9,0.8089,30.12,6.33,95.45,144.4,95.52,32.07,0.7845,2,0,1
4.34,102462.1,0.1154,31.03,0.99,26.68,3.05,2.66,31.03,0.1063,11,0,0
310.13,98489.2,0.9188,23.69,5.84,95.69,177.8,114.0,25.4,0.9313,7,1,1
177.44,98795.8,0.7194,30.12,6.02,85.12,115.18,70.56,28.31,0.7158,8,1,1
22.01,101230.8,0.2719,24.86,0.28,56.65,16.2,11.14,23.54,0.2546,6,1,0
163.36,99745.4,0.7039,29.13,3.0,79.45,107.57,86.33,28.3,0.7283,6,1,1
301.01,98085.8,0.9087,24.37,8.86,96.2,224.9,150.97,25.28,0.9046,9,1,1
0.8,102557.8,0.08,31.59,0.54,20.0,0.52,0.38,33.33,0.0655,7,1,0
207.21,99260.3,0.776,23.24,3.24,86.92,153.38,98.63,21.83,0.7987,6,1,1
24.87,100697.4,0.2982,35.04,1.89,62.85,20.0,12.74,36.2,0.2925,10,0,0
151.9,100317.8,0.6922,25.4,5.98,81.79,83.92,51.31,26.66,0.6788,1,0,1
83.08,100350.5,0.6395,30.99,3.18,79.37,61.02,43.4,31.46,0.6122,9,1,1
305.19,98000.0,0.9055,30.67,9.08,100.0,191.84,153.42,32.02,0.9344,9,1,1
132.68,99880.3,0.6023,34.16,3.0,79.94,89.48,59.11,35.18,0.5873,9,1,1
22.1,101130.2,0.3152,18.47,2.56,60.11,19.65,14.77,19.69,0.3191,1,0,0
120.47,100021.2,0.672,30.92,3.38,78.38,93.53,57.4,31.79,0.6734,7,1,1
169.1,99124.5,0.6853,28.25,4.27,85.37,133.38,96.41,29.57,0.6659,7,1,1
19.08,100530.4,0.2311,20.53,0.69,53.86,16.76,10.83,22.19,0.2284,11,0,0
2.63,102081.2,0.08,26.02,0.97,20.0,2.22,1.3,27.19,0.0756,4,0,0
15.28,101306.2,0.1882,37.45,0.11,46.62,9.11,5.35,37.41,0.1726,9,1,0
260.99,98692.9,0.8705,32.14,6.37,91.24,178.82,134.28,33.75,0.8511,8,1,1
269.46,98547.8,0.8596,20.0,7.36,94.28,154.3,109.55,20.59,0.866,9,1,1
16.32,101487.1,0.2439,23.67,1.75,49.8,14.03,10.38,23.82,0.2607,6,1,0
3.52,102824.8,0.0821,22.03,0.0,23.9,2.19,1.74,20.61,0.0705,2,0,0
185.85,99737.2,0.7268,33.25,4.01,81.69,145.6,90.95,34.02,0.7005,7,1,1
21.37,101014.3,0.2513,18.37,2.6,54.56,18.06,10.39,19.63,0.2659,4,0,0
87.41,100500.0,0.6,30.92,3.79,75.0,50.58,40.0,32.47,0.5887,10,0,1
22.49,100791.3,0.2578,18.4,1.22,55.95,13.03,8.53,18.16,0.2421,4,0,0
15.62,100892.7,0.21,23.4,1.54,41.79,11.22,6.47,23.34,0.2006,3,0,0
159.63,99487.9,0.7062,34.56,4.48,85.62,132.96,90.28,33.18,0.6967,8,1,1
234.4,98744.9,0.7951,31.61,7.22,84.2,170.42,143.62,33.58,0.824,8,1,1
344.25,98392.6,0.9326,20.0,12.0,100.0,205.65,174.54,20.65,0.9225,9,1,1
28.4,100500.0,0.3134,19.07,1.23,59.87,17.38,9.93,18.83,0.333,12,0,0
327.85,98000.0,0.9044,30.54,5.0,96.28,187.03,144.04,31.03,0.9298,9,1,1
260.39,98477.9,0.8462,20.1,5.66,93.36,156.41,122.61,20.8,0.8745,8,1,1
237.12,99020.1,0.774,31.14,5.37,87.96,200.5,117.01,32.74,0.7809,8,1,1
319.72,98230.7,0.95,30.6,4.34,94.61,209.95,126.31,32.2,0.9588,8,1,1
236.07,99491.5,0.7705,30.37,6.24,93.13,146.65,98.81,32.27,0.7743,2,0,1
213.3,99532.4,0.7364,31.68,5.23,84.19,118.66,75.05,31.88,0.7176,6,1,1
27.25,100500.0,0.35,36.72,2.02,67.62,19.87,12.63,36.2,0.3431,12,0,0
18.4,101742.3,0.2472,31.73,2.22,50.38,10.04,8.37,32.26,0.2325,12,0,0
20.54,101156.8,0.2376,31.16,1.51,50.53,12.6,6.73,30.78,0.2414,3,0,0
233.18,99037.4,0.736,21.62,6.44,89.44,159.03,116.42,20.93,0.7595,2,0,1
149.2,99776.6,0.7014,31.3,4.82,79.29,122.34,100.36,29.53,0.7,9,1,1
275.82,98218.1,0.859,31.41,4.29,96.26,197.06,144.46,29.86,0.8479,7,1,1
258.59,98939.5,0.8361,31.99,7.51,87.41,208.2,167.66,33.85,0.8086,5,0,1
97.1,100458.6,0.7063,27.02,3.43,75.0,75.62,44.14,26.31,0.6959,9,1,1
27.77,100720.7,0.3072,29.29,3.64,64.38,17.46,11.7,30.49,0.3163,8,1,0
127.83,100367.1,0.6605,29.87,3.76,76.52,103.99,68.39,28.96,0.6852,6,1,1
228.56,98922.7,0.7635,25.92,5.23,83.16,184.29,108.17,26.71,0.7766,9,1,1
324.12,98110.3,0.8563,27.08,10.86,99.78,224.57,180.0,26.27,0.8315,7,1,1
18.12,101427.8,0.2961,23.75,2.07,49.93,13.11,11.46,25.75,0.2812,9,1,0
2.97,102361.5,0.1121,36.17,0.44,21.53,2.4,1.67,36.21,0.1048,7,1,0
283.08,98794.1,0.8901,20.88,9.33,89.35,219.12,176.23,22.55,0.877,2,0,1
85.01,100500.0,0.6,23.47,3.0,75.0,51.83,40.07,23.33,0.6043,3,0,1
27.39,100500.0,0.3321,18.75,3.54,68.43,20.0,11.61,18.05,0.3319,11,0,0
5.22,102430.6,0.1512,25.03,0.0,20.0,3.63,2.86,26.74,0.1535,1,0,0
13.7,101794.7,0.206,36.14,0.0,41.49,8.06,6.12,37.06,0.2094,3,0,0
293.2,98448.3,0.8858,31.77,5.8,95.14,188.51,127.71,31.94,0.8827,8,1,1
8.23,102278.0,0.1594,30.3,0.48,34.16,6.84,5.55,29.9,0.1737,9,1,0
311.98,98407.8,0.95,22.54,8.27,100.0,180.0,148.67,21.9,0.951,3,0,1
4.21,102853.4,0.1127,24.53,0.63,31.95,3.46,2.16,22.71,0.1256,8,1,0
2.58,101942.8,0.1119,29.99,0.53,23.5,1.62,1.09,31.73,0.1313,6,1,0
24.34,100500.0,0.284,19.69,1.34,56.94,20.0,11.93,17.99,0.2785,9,1,0
23.9,100952.6,0.3385,21.66,2.54,65.58,19.52,10.56,20.88,0.3417,8,1,0
122.3,100201.8,0.7064,28.46,3.0,79.66,72.66,40.0,28.93,0.701,8,1,1
29.79,100798.7,0.35,33.74,2.86,70.0,20.0,14.17,35.08,0.3594,6,1,0
3.91,101946.0,0.1238,36.97,1.03,27.22,2.47,1.88,38.69,0.1085,9,1,0
296.53,98517.0,0.8967,23.39,7.08,96.5,188.15,133.91,22.8,0.9076,7,1,1
97.11,100500.0,0.6543,32.81,3.19,78.67,73.84,60.22,34.66,0.6661,10,0,1
249.5,99034.9,0.7937,28.58,4.73,88.19,199.38,114.75,27.32,0.8187,9,1,1
21.83,100593.5,0.2707,29.73,5.0,47.91,18.78,15.0,31.46,0.259,8,1,0
146.77,99734.0,0.6635,33.03,5.12,82.98,106.59,71.53,33.63,0.6608,6,1,1
302.15,98499.8,0.8629,30.48,4.48,95.22,187.95,145.7,31.29,0.8473,9,1,1
1.58,102913.6,0.1167,30.76,0.0,27.94,1.11,0.7,30.82,0.1016,2,0,0
266.29,99399.8,0.8428,28.44,5.9,87.68,168.58,97.38,26.59,0.8411,9,1,1
152.24,99773.2,0.7157,34.02,5.54,85.0,95.13,60.01,34.73,0.74,7,1,1
29.85,100500.0,0.3042,34.91,4.14,68.55,20.0,15.0,34.11,0.3195,7,1,0
12.44,102051.6,0.1984,32.34,0.17,38.64,9.04,4.87,34.26,0.1867,10,0,0
91.35,100500.0,0.6419,24.48,3.16,75.0,58.23,44.87,22.53,0.6444,8,1,1
287.31,99054.4,0.8676,20.0,6.79,91.6,232.81,159.31,18.37,0.8756,8,1,1
13.37,101796.9,0.1858,19.25,0.95,45.76,7.78,6.74,17.87,0.2049,8,1,0
10.65,101994.6,0.1605,21.68,0.71,33.65,6.92,5.68,23.28,0.1604,3,0,0
12.18,102205.1,0.1897,28.99,0.78,39.12,7.91,4.87,28.37,0.1749,9,1,0
23.93,100500.0,0.3025,35.01,2.96,60.21,16.45,10.92,33.58,0.2943,12,0,0
14.29,101449.2,0.2359,18.28,0.73,46.38,7.18,4.79,17.77,0.2227,9,1,0
18.55,100500.0,0.2373,20.43,3.42,49.57,11.0,6.24,18.58,0.2481,4,0,0
345.7,98000.0,0.8867,28.8,8.76,99.41,221.72,142.89,29.22,0.903,7,1,1
21.21,100581.8,0.2788,37.2,0.71,51.74,10.65,6.83,38.74,0.2762,5,0,0
303.09,98000.0,0.8912,27.82,7.09,89.94,198.5,115.66,26.73,0.9167,6,1,1
0.95,102728.4,0.08,26.94,0.0,20.0,0.53,0.4,24.99,0.0601,6,1,0
312.35,98000.0,0.9471,26.59,6.63,100.0,242.84,180.0,28.46,0.9432,6,1,1
8.77,101300.2,0.1693,24.29,1.03,33.87,4.97,3.42,24.6,0.1494,5,0,0
28.39,100737.1,0.3492,33.6,4.53,66.79,14.43,12.81,32.17,0.361,8,1,0
274.75,98533.4,0.8209,27.7,5.75,90.4,195.5,151.13,25.84,0.8459,9,1,1
321.83,98730.9,0.9448,22.59,8.92,99.29,212.34,146.67,20.86,0.9554,8,1,1
161.37,99724.6,0.7009,20.0,3.27,82.72,101.04,56.12,20.04,0.671,7,1,1
15.95,101737.9,0.2473,28.13,2.01,50.31,11.81,7.45,26.55,0.2554,3,0,0
95.24,100278.8,0.6365,30.72,5.32,75.0,71.97,48.84,28.74,0.6204,7,1,1
3.37,102324.3,0.0958,31.87,0.43,26.35,1.78,1.33,33.07,0.0894,5,0,0
23.74,100599.5,0.3123,20.58,2.78,57.76,13.63,9.56,20.99,0.3074,5,0,0
19.41,101722.9,0.2465,21.87,1.29,51.42,11.58,8.14,20.24,0.2358,9,1,0
20.37,100762.4,0.2496,22.66,3.91,50.78,11.04,8.08,22.48,0.2599,1,0,0
29.95,100643.7,0.35,27.93,4.16,69.65,20.0,12.57,26.03,0.3635,6,1,0
19.51,101266.5,0.2455,29.56,2.72,37.6,13.31,9.16,30.44,0.2493,6,1,0
232.94,99228.7,0.8084,31.25,8.96,90.34,189.36,124.99,31.52,0.7968,8,1,1
12.26,100979.9,0.2086,23.77,0.7,53.16,10.36,6.26,23.76,0.1955,5,0,0
83.18,100214.6,0.6,31.13,3.0,75.75,55.75,40.0,32.67,0.5973,8,1,1
7.54,102262.7,0.1409,25.38,0.28,33.78,4.58,3.76,26.66,0.1305,10,0,0
129.6,99954.3,0.7013,25.11,4.99,75.0,81.99,51.69,24.62,0.6881,9,1,1
11.09,102038.3,0.2356,24.15,0.09,40.07,5.56,2.94,24.19,0.2282,2,0,0
226.27,99076.0,0.7856,23.43,6.67,93.31,125.22,74.18,24.96,0.7662,8,1,1
5.04,102184.6,0.1017,36.28,0.76,26.68,3.97,3.02,37.9,0.1185,1,0,0
11.3,101708.0,0.1601,28.06,0.77,35.48,10.02,5.3,28.0,0.1654,7,1,0
2.2,102292.8,0.102,32.06,0.54,22.79,1.41,1.2,32.08,0.0826,4,0,0
11.07,101536.2,0.1491,33.2,0.0,37.79,6.42,5.42,31.53,0.1483,12,0,0
136.62,99623.0,0.6418,20.05,4.82,81.55,85.14,55.94,21.15,0.6289,8,1,1
22.06,101152.7,0.253,36.22,2.06,57.35,13.09,10.94,35.47,0.2559,5,0,0
9.3,101987.8,0.1881,34.22,0.42,33.93,5.13,2.83,35.33,0.2003,6,1,0
128.99,100137.1,0.6793,20.0,4.07,80.88,101.44,73.79,18.7,0.6935,8,1,1
0.83,102577.4,0.0837,25.6,0.29,20.0,0.6,0.52,24.92,0.0918,11,0,0
12.07,101965.1,0.2141,37.2,1.43,38.35,7.23,5.47,37.63,0.2114,12,0,0
22.38,101137.1,0.2793,32.0,3.41,61.23,19.28,15.0,31.91,0.2609,10,0,0
147.59,99690.7,0.683,30.37,5.44,80.56,92.89,62.65,30.12,0.7101,7,1,1
28.48,100829.1,0.3228,26.49,3.64,68.14,20.0,11.38,28.33,0.3254,4,0,0
19.46,101189.1,0.2587,29.85,2.04,58.05,11.72,8.81,31.38,0.2716,1,0,0
17.52,101478.7,0.206,31.89,3.42,54.41,14.67,10.47,29.97,0.2244,7,1,0
1.3,102803.8,0.1019,28.16,0.02,24.29,0.97,0.71,29.0,0.1145,9,1,0
19.35,100884.7,0.2456,37.57,2.03,51.27,12.13,7.41,35.76,0.2354,9,1,0
294.03,98277.3,0.9002,28.54,7.69,97.49,175.42,143.43,28.78,0.8936,6,1,1
130.58,99805.3,0.6635,26.67,4.94,80.14,108.89,73.01,27.56,0.6416,6,1,1
262.79,98585.2,0.8218,29.4,6.4,92.51,167.91,133.87,31.39,0.8421,8,1,1
1.65,102269.3,0.1207,26.54,0.44,22.72,1.47,0.98,26.39,0.1312,1,0,0
21.59,101721.6,0.2562,19.28,2.69,60.53,16.77,13.31,21.0,0.2479,11,0,0
128.54,100034.0,0.7349,34.13,3.0,75.0,107.39,85.57,34.76,0.7167,8,1,1
22.74,100700.3,0.2787,37.41,2.4,57.01,13.43,6.74,38.39,0.2674,9,1,0
110.83,100017.1,0.6576,27.32,3.0,80.84,67.76,57.0,28.21,0.6412,8,1,1
17.12,100899.6,0.1823,23.79,2.68,48.74,9.4,5.77,24.0,0.1684,7,1,0
149.43,100306.2,0.7122,28.73,3.25,86.43,105.0,60.94,29.65,0.6824,9,1,1
12.66,101226.7,0.1678,29.72,1.93,43.08,7.65,3.91,29.07,0.1709,10,0,0
10.95,102272.2,0.1569,33.1,1.37,40.4,9.01,5.08,33.77,0.1569,8,1,0
20.22,101707.1,0.2608,36.44,1.32,46.99,10.55,9.32,37.56,0.2638,4,0,0
95.55,100500.0,0.6307,25.7,3.91,79.06,78.4,61.53,27.24,0.6521,12,0,1
22.93,100698.6,0.285,27.09,3.37,59.3,13.98,7.9,25.48,0.2731,1,0,0
227.54,98687.9,0.8185,22.61,5.8,95.21,185.65,146.67,23.76,0.8013,5,0,1
9.9,102298.6,0.1596,31.4,0.02,26.92,8.48,4.34,30.73,0.156,11,0,0
191.65,99304.9,0.735,33.3,6.53,91.56,133.36,79.89,35.11,0.7394,8,1,1
24.13,100529.9,0.3318,30.17,2.21,64.99,14.92,12.94,30.94,0.3209,7,1,0
23.7,100590.3,0.2757,32.69,2.23,57.5,20.0,12.88,33.79,0.2659,6,1,0
29.56,100903.9,0.3278,25.08,2.04,66.37,20.0,15.0,25.14,0.3407,9,1,0
162.48,100020.6,0.7323,29.2,5.61,85.93,93.42,63.08,30.99,0.7191,10,0,1
348.86,98059.9,0.95,22.71,10.04,93.09,235.07,147.53,23.86,0.928,7,1,1
10.21,101542.8,0.1658,30.19,1.12,41.63,8.91,7.87,28.92,0.1467,10,0,0
179.22,100196.0,0.711,32.82,3.38,87.89,139.13,107.03,33.12,0.688,7,1,1
5.47,101259.3,0.1347,20.31,0.0,24.87,4.58,3.21,22.15,0.1546,8,1,0
337.77,98000.0,0.9132,22.53,7.82,96.64,200.02,132.35,20.56,0.9222,7,1,1
261.44,98260.9,0.8016,23.41,5.91,94.46,217.97,140.43,25.35,0.8118,7,1,1
295.65,98909.5,0.8899,31.51,6.94,96.31,198.97,128.93,31.7,0.8647,6,1,1
13.47,101754.3,0.2185,21.75,1.16,39.04,6.97,5.96,21.37,0.2345,6,1,0
14.53,100851.2,0.2329,21.36,0.71,49.28,12.96,7.37,22.21,0.239,6,1,0
17.9,101704.0,0.2805,29.81,3.1,52.23,9.53,7.45,29.49,0.2665,2,0,0
25.36,100853.9,0.3088,21.74,1.81,60.79,15.5,9.57,20.43,0.3139,9,1,0
0.92,101518.3,0.08,31.52,0.16,21.42,0.66,0.37,31.26,0.0952,11,0,0
252.81,98856.3,0.8699,27.04,6.38,85.82,187.94,104.29,27.14,0.8431,9,1,1
97.26,100500.0,0.6377,22.22,3.0,75.0,67.2,40.0,20.5,0.6503,10,0,1
201.23,99408.3,0.7787,25.64,5.82,88.5,112.94,72.21,26.41,0.7701,8,1,1
269.91,98548.4,0.8386,24.58,8.85,93.94,191.13,134.84,22.94,0.8401,8,1,1
311.85,98565.6,0.8917,20.56,6.67,96.18,186.77,103.44,19.99,0.8986,12,0,1
337.98,98076.6,0.9173,20.0,7.07,100.0,216.89,178.15,20.65,0.9105,9,1,1
273.94,98227.5,0.8695,23.54,5.78,88.03,161.52,118.11,21.8,0.8887,6,1,1
17.31,101670.5,0.218,32.25,1.74,52.14,8.7,4.46,34.18,0.215,2,0,0
132.97,100112.5,0.6358,25.58,7.01,77.04,75.46,52.08,27.25,0.6359,8,1,1
278.18,98686.8,0.8734,20.1,7.98,96.41,164.4,95.63,21.33,0.8473,6,1,1
13.67,101814.4,0.2177,19.99,2.15,45.41,7.7,6.18,20.96,0.212,3,0,0
116.43,100368.7,0.6221,25.16,3.0,79.1,92.35,63.01,25.82,0.6348,8,1,1
10.25,101131.1,0.1692,26.04,1.62,42.96,5.19,4.55,27.98,0.1597,7,1,0
26.79,100500.0,0.35,20.81,4.15,66.34,20.0,12.25,21.79,0.3331,1,0,0
206.59,98976.1,0.7099,31.18,5.44,89.09,124.46,73.12,32.05,0.6916,6,1,1
162.55,99470.8,0.7234,22.48,4.66,80.76,106.69,63.54,20.65,0.712,8,1,1
27.13,100500.0,0.3012,35.51,3.07,64.73,14.73,12.91,34.12,0.2928,8,1,0
2.26,102595.5,0.08,22.91,0.02,22.9,1.67,1.47,23.18,0.0804,2,0,0
254.01,99011.4,0.8184,22.86,4.54,93.42,203.2,151.11,24.23,0.8394,6,1,1
180.27,99821.9,0.724,33.26,3.22,84.18,112.49,86.3,33.5,0.742,8,1,1
290.72,98389.6,0.8684,33.26,9.48,98.58,244.53,180.0,32.35,0.8442,8,1,1
252.39,98904.4,0.8341,20.4,6.1,93.79,155.11,85.86,19.59,0.8065,9,1,1
17.66,101928.2,0.2751,26.16,2.63,48.9,13.48,10.12,24.8,0.2769,5,0,0
125.34,99958.0,0.7122,33.9,5.24,84.54,97.8,68.49,33.86,0.7229,6,1,1
93.35,100488.5,0.625,23.27,3.0,75.9,73.86,57.27,24.14,0.6398,6,1,1
243.89,99014.8,0.8078,27.57,6.1,88.06,148.97,93.39,29.31,0.8352,1,0,1
334.47,98000.0,0.9171,24.68,7.41,100.0,250.0,144.24,25.51,0.9354,9,1,1
26.58,100528.9,0.3113,30.02,1.67,65.7,15.36,9.3,29.35,0.2929,4,0,0
198.16,99977.2,0.8176,24.26,5.28,90.63,149.08,89.59,23.08,0.8036,6,1,1
325.94,98000.0,0.9452,22.04,5.99,100.0,234.91,160.7,20.41,0.9465,9,1,1
2.32,102463.3,0.1013,23.23,0.27,20.0,1.71,0.87,21.31,0.0894,11,0,0
229.3,98558.2,0.8415,31.42,6.25,87.77,169.22,140.62,30.32,0.8116,3,0,1
103.37,100343.4,0.6567,30.35,3.25,82.28,59.34,45.98,31.23,0.64,5,0,1
231.04,99053.1,0.7473,25.34,7.51,86.61,188.39,147.76,23.56,0.7613,9,1,1
2.98,102450.0,0.1022,25.27,0.89,22.92,1.88,1.68,24.64,0.1058,2,0,0
273.95,98794.0,0.7778,28.31,6.86,94.24,207.34,169.32,28.94,0.7711,8,1,1
1.32,102365.5,0.0819,23.6,1.41,23.36,0.75,0.38,22.77,0.065,12,0,0
184.27,99695.5,0.7358,21.97,3.96,84.42,127.63,84.49,20.44,0.7351,8,1,1
16.67,100695.7,0.246,20.02,2.04,45.63,13.58,9.84,19.08,0.2529,9,1,0
16.17,101096.9,0.2,33.23,2.62,52.96,8.91,7.72,35.22,0.2051,4,0,0
29.48,101014.6,0.3345,24.23,3.74,67.69,16.45,11.32,25.97,0.3215,7,1,0
318.8,98678.7,0.95,28.1,8.05,95.95,186.51,156.2,29.57,0.9542,7,1,1
249.28,99322.8,0.823,29.36,6.48,94.59,160.59,111.34,31.2,0.8031,9,1,1
271.23,98966.1,0.88,20.12,6.54,89.68,179.66,115.83,18.62,0.8635,10,0,1
156.55,99783.5,0.7466,22.16,5.29,80.87,90.08,50.19,22.17,0.7608,11,0,1
22.56,101274.5,0.2687,20.86,2.13,56.38,18.43,9.92,19.13,0.2878,9,1,0
256.48,99454.9,0.8514,26.68,7.71,91.97,193.62,131.59,28.68,0.8702,10,0,1
24.72,100957.5,0.3161,22.52,2.49,58.04,20.0,15.0,21.19,0.3266,7,1,0
0.18,102884.0,0.08,34.66,0.82,23.42,0.14,0.07,32.9,0.0951,8,1,0
127.74,100120.3,0.6169,31.19,3.29,76.98,81.07,67.67,30.51,0.5974,6,1,1
15.35,101699.0,0.1867,23.65,1.2,52.97,11.31,9.28,22.16,0.2017,4,0,0
15.36,101282.6,0.2327,23.08,2.15,50.25,10.45,6.82,21.74,0.2163,6,1,0
296.06,98419.1,0.8936,20.0,10.16,89.78,184.85,113.63,20.86,0.8751,8,1,1
126.68,100379.4,0.6959,29.39,3.14,84.34,71.97,61.04,29.38,0.6927,6,1,1
187.18,99562.8,0.7254,27.63,6.42,81.72,151.27,111.42,29.12,0.6988,3,0,1
25.34,101223.3,0.2831,25.25,2.67,57.99,20.0,14.84,25.5,0.3025,5,0,0
132.18,99943.3,0.6676,28.41,4.49,75.0,73.63,54.47,27.89,0.6423,2,0,1
325.28,98762.6,0.8877,27.95,9.72,100.0,242.89,148.6,26.42,0.9155,10,0,1
4.07,102152.0,0.1099,35.18,0.84,27.98,3.39,2.98,35.15,0.1145,2,0,0
8.16,100981.9,0.1372,30.15,0.02,30.72,6.43,5.35,28.37,0.1321,2,0,0
90.14,100500.0,0.6317,27.66,3.72,75.0,59.95,44.27,28.78,0.6507,8,1,1
135.46,99991.8,0.6461,24.96,5.2,82.23,92.08,78.12,23.72,0.637,8,1,1
204.47,99119.4,0.7841,28.6,6.81,87.84,138.94,114.32,29.54,0.8137,8,1,1
171.79,100087.6,0.7528,28.65,5.38,91.5,103.11,79.17,28.44,0.7802,8,1,1
6.34,101835.7,0.1609,23.39,0.72,40.56,5.43,3.35,25.26,0.158,5,0,0
19.6,101637.4,0.2696,18.39,0.94,50.14,16.98,8.5,18.05,0.2888,3,0,0
176.64,99793.6,0.7194,31.79,3.11,84.99,106.17,63.08,31.54,0.746,9,1,1
3.91,102884.7,0.1288,22.36,0.59,30.81,2.53,1.49,21.38,0.1235,10,0,0
344.7,98029.7,0.9346,30.46,9.84,100.0,215.2,124.92,30.58,0.9166,9,1,1
113.08,100466.2,0.6263,29.0,3.0,77.55,95.05,68.95,30.54,0.6355,4,0,1
275.65,99286.6,0.8358,27.16,6.63,95.19,198.42,136.27,26.32,0.8469,4,0,1
286.17,98900.6,0.8801,26.55,10.46,93.43,158.44,91.28,27.72,0.8864,8,1,1
15.35,100634.4,0.2358,23.62,1.19,46.51,9.29,6.46,23.2,0.2221,2,0,0
13.96,101512.5,0.2012,27.04,1.47,42.34,9.63,5.93,27.88,0.2131,5,0,0
154.43,99697.4,0.718,24.71,4.41,82.35,99.4,80.96,25.87,0.7156,10,0,1
19.98,100795.7,0.2608,20.98,2.62,51.99,11.28,9.99,21.76,0.2529,7,1,0
214.94,99320.1,0.7884,27.21,6.39,87.81,134.53,96.11,27.77,0.8077,8,1,1
348.2,98000.0,0.9469,20.0,10.87,98.25,204.59,135.2,18.39,0.9472,10,0,1
12.07,102158.1,0.1862,31.81,2.02,44.87,7.13,3.97,32.41,0.1758,3,0,0
157.21,99897.9,0.714,24.7,3.0,83.5,114.18,72.65,24.34,0.6895,7,1,1
3.97,102758.6,0.1194,33.59,0.0,33.89,2.85,1.93,34.42,0.1376,12,0,0
269.71,98664.4,0.8391,20.89,4.07,91.01,183.81,114.83,19.48,0.8296,6,1,1
8.9,102488.0,0.1649,22.28,0.0,37.08,4.75,3.6,23.85,0.1708,4,0,0
177.92,99381.6,0.7256,25.4,5.25,80.93,147.09,93.96,23.58,0.7478,7,1,1
169.53,100171.6,0.7507,25.99,6.32,81.25,122.4,69.12,26.74,0.7636,7,1,1
160.94,100074.9,0.6948,28.35,6.15,85.35,124.02,98.0,26.53,0.6765,9,1,1
21.9,101227.2,0.2792,34.07,0.29,60.02,12.84,7.69,35.49,0.2872,1,0,0
201.58,99418.1,0.7338,20.0,6.27,83.03,122.06,85.54,18.4,0.7116,5,0,1
26.07,100576.5,0.296,27.0,2.34,65.59,16.77,8.93,28.77,0.2806,6,1,0
15.86,101071.7,0.2362,25.49,0.88,44.06,10.11,9.03,25.4,0.2226,7,1,0
255.22,98729.9,0.8609,20.7,6.7,92.71,157.02,96.84,22.68,0.8601,11,0,1
19.81,101311.0,0.2579,31.76,2.36,49.98,15.96,11.83,33.39,0.2619,4,0,0
9.05,102369.6,0.1363,20.27,1.33,32.92,5.24,3.19,20.96,0.1294,7,1,0
26.04,100580.8,0.3411,24.85,3.66,61.35,16.17,14.07,23.33,0.3347,10,0,0
141.85,100093.1,0.7419,25.61,5.54,82.3,78.1,58.09,27.02,0.7402,6,1,1
21.51,101583.4,0.2873,35.14,2.22,57.34,14.64,12.43,36.1,0.2764,7,1,0
81.37,100355.2,0.6047,26.78,4.26,77.54,52.26,43.84,28.25,0.6323,7,1,1
24.44,101278.2,0.2951,35.25,3.87,58.5,19.66,14.82,33.72,0.3029,1,0,0
204.15,99516.2,0.7374,26.71,4.14,86.22,148.07,119.28,28.44,0.7137,8,1,1
7.19,101794.4,0.1585,32.77,1.79,32.19,6.41,4.78,33.38,0.1589,3,0,0
138.73,100075.1,0.6819,20.0,4.39,79.74,89.1,60.17,18.28,0.6658,7,1,1
23.91,101475.5,0.3202,22.71,3.35,59.54,13.35,10.73,22.27,0.3214,12,0,0
26.74,100574.5,0.295,26.87,0.74,70.0,13.74,9.16,28.74,0.3053,12,0,0
117.24,99881.6,0.6372,26.28,3.73,75.0,68.83,42.53,24.69,0.6355,6,1,1
246.92,99238.1,0.7896,29.75,7.06,88.2,178.11,143.29,28.2,0.8078,6,1,1
7.67,101579.1,0.1673,24.91,1.21,37.58,5.43,2.9,26.43,0.1484,7,1,0
14.63,101920.1,0.2163,22.13,1.44,42.19,7.99,6.31,20.61,0.2049,3,0,0
9.13,101853.8,0.1566,26.44,1.28,26.95,7.23,5.2,25.1,0.148,12,0,0
22.03,101148.6,0.2741,25.79,0.88,56.59,15.85,11.12,27.32,0.262,7,1,0
6.47,101403.7,0.1508,34.73,0.98,28.18,5.82,4.06,32.81,0.1525,9,1,0
335.33,98171.6,0.95,20.0,7.96,96.92,189.02,127.3,21.75,0.9221,7,1,1
233.99,98874.3,0.7822,31.3,4.83,86.37,196.88,137.3,29.76,0.81,8,1,1
240.31,98403.0,0.7617,30.64,4.35,92.49,166.67,103.27,30.17,0.7503,6,1,1
23.94,100646.7,0.2961,19.52,3.11,61.87,12.01,9.29,18.09,0.2811,6,1,0
204.39,99238.7,0.7677,27.13,5.46,93.11,158.87,129.6,28.45,0.7417,8,1,1
11.12,102268.1,0.2167,20.21,1.14,41.89,9.14,7.15,20.06,0.2202,2,0,0
11.13,101575.4,0.197,32.22,0.09,37.24,6.37,5.67,33.2,0.2014,10,0,0
139.84,99901.9,0.6505,22.68,5.77,82.45,108.31,72.53,24.37,0.6439,8,1,1
162.64,99425.5,0.6695,22.97,5.76,83.53,127.29,93.61,22.07,0.6493,6,1,1
92.54,100383.1,0.6154,20.67,4.07,75.0,66.88,52.27,19.12,0.5882,6,1,1
15.98,101779.1,0.2062,36.35,1.99,37.85,8.92,6.29,36.74,0.223,7,1,0
11.52,102182.2,0.1673,35.11,0.0,43.09,7.83,6.31,36.51,0.1644,11,0,0
14.28,101754.6,0.2115,23.56,0.09,36.67,8.08,5.99,21.69,0.216,8,1,0
26.86,100500.0,0.3328,20.9,1.7,69.81,18.37,15.0,21.68,0.3307,1,0,0
7.41,101864.5,0.1455,36.34,0.29,29.87,5.79,4.5,35.81,0.144,1,0,0
18.33,101688.5,0.2152,18.49,2.27,54.49,12.6,10.64,19.17,0.2103,12,0,0
7.11,102360.5,0.1344,20.51,0.49,36.61,6.04,3.28,21.29,0.1191,11,0,0
21.49,101715.3,0.2515,35.54,0.39,56.59,15.4,9.73,36.87,0.2502,10,0,0
18.96,101046.0,0.2478,29.84,0.69,55.43,13.68,9.86,31.72,0.2558,6,1,0
1.43,102985.6,0.08,22.53,0.44,23.98,1.06,0.66,20.79,0.0631,11,0,0
251.13,99287.7,0.8551,20.71,8.55,89.45,204.88,157.45,21.9,0.8505,7,1,1
290.33,98200.5,0.896,26.95,6.18,92.31,244.9,153.72,26.41,0.8966,1,0,1
321.56,98000.0,0.9141,29.19,7.76,98.58,212.11,175.11,29.17,0.9285,7,1,1
175.8,99704.9,0.6611,26.67,5.33,77.88,136.96,80.07,25.06,0.6655,12,0,1
15.26,101349.4,0.2637,23.48,3.31,43.15,11.91,8.4,24.16,0.2616,7,1,0
17.33,101430.5,0.2373,32.73,1.25,58.76,14.23,9.43,34.24,0.2567,1,0,0
100.4,100388.9,0.6426,28.17,6.44,75.0,83.98,57.02,28.99,0.6549,12,0,1
12.22,101833.2,0.2017,26.85,1.1,44.16,6.27,4.51,27.65,0.1929,3,0,0
267.72,98667.6,0.8294,20.0,8.73,91.69,183.55,128.05,18.1,0.8515,9,1,1
315.7,98303.1,0.9287,20.0,6.13,100.0,190.57,139.87,21.51,0.9139,8,1,1
316.06,98465.8,0.8745,23.68,6.99,96.13,250.0,148.53,22.31,0.8567,2,0,1
95.71,100459.0,0.6,33.34,3.0,76.01,58.83,47.39,35.2,0.6193,8,1,1
337.01,98000.0,0.9199,32.19,8.01,95.77,193.84,145.35,33.97,0.9378,6,1,1
6.32,102347.8,0.1347,33.73,0.0,24.58,5.44,2.75,32.44,0.1323,4,0,0
225.64,99351.2,0.8522,32.98,8.08,86.55,133.86,91.65,31.96,0.8764,6,1,1
17.65,102133.0,0.2579,21.9,1.99,48.25,9.26,7.83,23.64,0.2463,7,1,0
253.39,98906.0,0.8674,31.13,7.73,92.41,203.46,168.56,29.18,0.8848,7,1,1
345.74,98225.0,0.892,20.48,6.83,100.0,250.0,150.15,19.99,0.8958,7,1,1
4.71,101990.3,0.1016,32.58,0.0,20.86,3.04,2.6,32.94,0.0864,7,1,0
131.49,100181.8,0.6629,23.36,3.43,81.94,94.0,56.12,21.44,0.6875,8,1,1
19.24,101777.0,0.2283,18.39,1.56,47.4,15.02,8.44,20.27,0.2095,10,0,0
266.93,98509.8,0.8491,29.97,10.66,92.26,222.29,180.0,28.28,0.8659,9,1,1
4.32,101977.9,0.1437,35.72,0.0,36.7,3.45,1.84,35.59,0.1332,11,0,0
18.06,101395.6,0.254,21.21,1.11,46.39,11.48,5.76,21.55,0.2671,8,1,0
147.7,100500.0,0.6781,28.21,3.33,79.99,98.77,55.31,26.27,0.702,6,1,1
322.59,98115.5,0.9304,32.61,7.51,91.34,218.38,171.91,32.23,0.9475,6,1,1
324.6,98019.1,0.9271,21.49,11.37,96.25,243.03,180.0,20.22,0.9428,6,1,1
12.29,101295.8,0.2011,29.3,1.48,40.59,10.87,6.51,30.69,0.215,11,0,0
27.13,100978.0,0.3244,26.76,3.47,58.95,20.0,12.05,27.98,0.3085,11,0,0
23.6,100953.9,0.3061,24.87,0.39,56.32,15.02,10.94,26.08,0.323,7,1,0
174.95,99562.0,0.7368,26.05,4.9,85.09,131.43,106.27,25.86,0.7408,8,1,1
299.71,98082.7,0.8617,21.35,10.55,99.9,180.11,141.41,19.94,0.8836,7,1,1
207.94,99382.4,0.7517,20.01,7.97,91.91,128.9,107.51,18.75,0.7568,7,1,1
347.61,98000.0,0.8476,29.64,6.18,98.25,248.39,179.44,29.28,0.8715,8,1,1
317.39,98202.2,0.8246,29.98,5.22,100.0,244.01,138.69,30.11,0.8374,8,1,1
23.52,101012.6,0.2873,22.36,3.07,55.03,17.65,15.0,23.49,0.2979,9,1,0
12.83,101184.8,0.1753,33.31,1.1,44.93,6.76,3.7,33.29,0.1773,4,0,0
288.54,98968.1,0.8175,27.45,6.61,94.78,201.7,119.88,26.02,0.8346,7,1,1
9.5,101661.7,0.1688,29.41,1.0,34.63,7.23,5.93,27.91,0.1828,7,1,0
23.16,101226.1,0.2537,28.88,0.64,58.67,14.29,11.45,27.33,0.2462,7,1,0
279.99,98317.2,0.8541,33.69,6.65,91.28,185.43,107.32,32.91,0.8442,6,1,1
286.82,98870.3,0.897,30.6,8.13,93.9,212.31,153.72,31.33,0.9073,11,0,1
10.15,101983.3,0.1885,30.42,0.14,33.88,7.99,6.86,32.16,0.1819,10,0,0
203.28,99029.2,0.785,26.22,7.3,86.67,132.28,89.2,26.38,0.8118,3,0,1
203.29,99390.0,0.7472,32.46,6.2,88.64,154.35,96.02,32.28,0.7463,1,0,1
100.15,100409.0,0.6377,28.04,3.41,77.93,79.67,57.3,28.04,0.6332,1,0,1
7.6,101440.7,0.1313,21.38,0.83,30.85,5.58,4.36,19.68,0.1217,2,0,0
191.59,99884.1,0.682,21.34,4.56,83.23,146.44,111.47,21.84,0.6954,8,1,1
18.42,100937.9,0.2552,23.13,2.5,48.17,15.49,11.81,23.97,0.2443,8,1,0
23.22,101268.3,0.2657,19.82,2.72,56.92,18.91,10.23,21.14,0.2591,11,0,0
208.78,99420.8,0.7331,32.18,4.65,84.1,175.18,98.04,33.51,0.7322,8,1,1
170.84,100071.0,0.77,22.07,5.15,81.48,141.01,111.76,23.19,0.7874,7,1,1
167.19,100214.9,0.7689,33.87,4.14,85.52,131.35,85.07,34.16,0.7532,9,1,1
124.99,100245.6,0.6579,34.42,4.53,75.0,77.06,63.04,34.62,0.6388,8,1,1
7.74,101685.4,0.1494,22.43,1.46,35.16,5.8,2.99,20.65,0.1692,6,1,0
85.66,100353.8,0.6355,30.86,4.24,75.0,50.23,40.0,29.5,0.6513,7,1,1
12.31,101409.6,0.1622,21.73,0.65,33.84,6.35,4.55,20.65,0.1725,1,0,0
22.47,101122.3,0.2729,32.22,2.1,56.78,14.95,10.39,33.64,0.2914,7,1,0
323.88,98337.7,0.9217,20.27,9.11,100.0,244.47,174.03,21.55,0.9187,8,1,1
146.5,98974.7,0.6622,22.69,3.8,81.37,108.31,74.02,24.07,0.6705,9,1,1
15.73,101208.9,0.1827,30.49,1.04,45.8,11.87,7.29,32.37,0.178,6,1,0
153.35,99680.3,0.6411,33.33,6.23,80.07,121.14,80.87,32.94,0.6683,9,1,1
2.83,101820.0,0.1309,35.36,0.0,25.6,2.28,1.34,33.9,0.1235,4,0,0
88.03,100130.2,0.6023,30.8,3.0,75.0,70.54,43.91,30.77,0.6221,6,1,1
196.25,99228.0,0.7383,24.31,7.2,80.74,153.91,95.56,22.93,0.712,4,0,1
132.23,99096.3,0.6287,25.62,3.0,75.88,103.87,81.96,24.92,0.6073,8,1,1
29.3,100542.4,0.3274,21.7,4.6,62.7,20.0,14.02,21.07,0.3338,6,1,0
216.31,99038.8,0.7717,26.03,6.83,86.54,177.29,145.39,27.04,0.7823,9,1,1
12.58,101624.5,0.2016,35.62,1.82,42.86,8.87,6.53,34.51,0.2126,12,0,0
4.55,102257.3,0.147,29.54,0.22,24.43,3.84,2.95,31.53,0.1614,10,0,0
334.85,98081.4,0.9288,24.65,12.0,98.95,250.0,180.0,24.5,0.9197,4,0,1
15.85,102046.1,0.2211,25.9,1.99,43.97,12.81,11.37,26.11,0.2314,5,0,0
298.07,98862.3,0.9324,22.99,8.12,96.21,224.69,128.22,21.88,0.9117,8,1,1
327.76,98000.0,0.9279,32.84,6.28,96.12,242.36,135.21,34.69,0.946,8,1,1
154.86,100190.1,0.6525,32.28,4.55,83.72,113.47,66.4,32.02,0.6781,8,1,1
1.85,102066.0,0.1108,31.0,0.0,25.06,1.6,1.27,31.18,0.1231,10,0,0
338.98,98213.3,0.95,32.26,8.67,99.97,242.51,180.0,33.98,0.9532,8,1,1
21.38,100589.2,0.2552,22.13,2.41,55.51,15.25,12.45,21.49,0.2712,10,0,0
126.12,100234.0,0.677,34.21,3.0,76.02,70.74,56.09,35.9,0.6639,7,1,1
29.58,100500.0,0.35,33.85,3.98,70.0,20.0,15.0,33.79,0.3451,1,0,0
29.52,100500.0,0.34,26.1,3.19,70.0,20.0,15.0,26.65,0.3345,2,0,0
235.84,99003.9,0.816,32.91,5.19,89.75,197.02,136.06,31.92,0.8198,8,1,1
12.2,101038.8,0.2307,36.41,1.04,41.47,10.21,7.28,35.73,0.2383,12,0,0
14.9,101651.0,0.1931,24.15,2.16,45.12,11.41,5.78,25.05,0.1856,7,1,0
2.49,102286.4,0.08,26.57,0.2,26.02,1.94,1.53,26.98,0.0613,12,0,0
2.2,102581.2,0.1244,30.1,0.11,25.52,1.18,0.78,29.28,0.1294,2,0,0
3.73,102905.5,0.1192,22.27,1.4,22.55,2.91,2.55,21.52,0.1163,12,0,0
280.09,99318.3,0.8441,31.7,4.27,91.47,220.14,126.96,31.59,0.8377,7,1,1
6.06,101889.3,0.0973,22.35,0.49,23.22,4.14,3.43,22.13,0.0972,1,0,0
253.6,99256.8,0.7865,24.99,4.9,90.7,157.72,107.2,26.63,0.7591,7,1,1
16.27,102176.7,0.2177,25.39,1.68,49.61,13.74,11.5,26.14,0.2082,12,0,0
86.07,100330.3,0.7031,31.49,3.14,76.22,62.39,45.62,30.05,0.7034,9,1,1
28.4,100500.0,0.3426,29.65,1.93,67.07,20.0,15.0,28.0,0.3585,8,1,0
10.88,101523.0,0.1701,18.53,1.02,33.82,6.35,5.07,19.68,0.1695,3,0,0
301.06,98063.7,0.9,27.19,9.22,91.6,250.0,161.01,27.06,0.9201,9,1,1
184.24,99701.6,0.7019,23.19,5.48,88.63,126.39,97.02,24.05,0.7226,6,1,1
11.98,101884.1,0.1827,22.4,1.1,46.68,7.78,5.82,21.39,0.1887,10,0,0
26.36,101434.0,0.3477,18.36,3.47,56.23,13.23,10.94,20.03,0.3481,1,0,0
192.9,99917.2,0.7274,33.37,6.31,88.59,157.89,129.46,33.21,0.7017,8,1,1
253.11,98816.0,0.8645,32.43,9.34,94.25,143.44,93.54,31.16,0.8548,7,1,1
16.27,102302.4,0.2139,37.46,1.33,47.51,11.28,5.71,38.22,0.2196,4,0,0
107.41,100013.1,0.6639,23.6,4.16,75.33,64.82,50.51,22.68,0.6895,6,1,1
90.77,100500.0,0.6439,27.38,3.9,75.0,69.66,55.74,27.79,0.6581,8,1,1
227.45,99104.0,0.8525,27.93,7.3,85.8,156.76,97.24,27.29,0.8611,6,1,1
24.26,101546.3,0.3426,29.48,2.17,64.39,20.0,10.62,30.74,0.3248,8,1,0
10.04,101934.6,0.1499,18.23,1.72,38.25,5.38,4.38,17.86,0.1544,8,1,0
257.29,99078.3,0.8754,27.61,9.52,94.05,163.97,138.77,29.28,0.8908,4,0,1
24.59,101251.7,0.3355,37.13,3.55,54.4,17.03,12.98,38.76,0.3185,6,1,0
2.95,101527.7,0.1433,26.96,0.0,31.38,1.81,1.09,25.87,0.1453,2,0,0
244.65,98968.7,0.8209,32.26,6.77,92.02,169.33,126.42,31.28,0.7941,6,1,1
13.33,101686.2,0.2058,19.4,0.34,40.51,6.7,3.51,18.36,0.1877,8,1,0
224.16,99320.4,0.7954,33.16,4.26,88.58,145.32,81.9,31.54,0.8193,7,1,1
261.61,98366.9,0.8122,30.51,8.77,92.93,201.15,121.65,28.85,0.8186,2,0,1
143.65,99886.0,0.644,30.96,5.19,77.12,118.66,71.82,31.04,0.6372,7,1,1
346.76,98096.4,0.939,30.84,7.95,98.48,202.73,117.02,32.1,0.9121,8,1,1
148.0,100111.2,0.6877,24.68,3.53,81.05,97.86,70.85,23.43,0.6985,6,1,1
294.34,98986.1,0.8706,22.71,9.93,95.44,170.46,112.52,21.78,0.9,7,1,1
29.74,101077.9,0.35,29.64,3.44,70.0,20.0,14.41,27.87,0.3583,12,0,0
338.8,98410.7,0.95,29.61,6.18,100.0,224.79,156.72,28.22,0.9204,6,1,1
22.68,101020.9,0.3016,19.55,1.55,59.5,13.46,8.44,20.48,0.2926,2,0,0
279.03,98652.0,0.9218,31.7,4.59,96.36,162.63,93.2,32.9,0.9009,7,1,1
26.15,101055.5,0.3371,24.44,1.68,60.17,17.75,10.88,25.58,0.3299,2,0,0
158.22,99867.0,0.7239,33.41,4.18,83.27,129.1,91.18,34.49,0.7389,9,1,1
18.23,101371.7,0.225,37.4,1.19,54.14,9.56,5.29,37.79,0.2425,11,0,0
28.76,100500.0,0.3368,29.67,1.83,62.4,15.32,11.03,30.46,0.353,12,0,0
159.17,100002.5,0.6804,27.74,3.41,88.57,96.35,61.62,27.91,0.6588,7,1,1
339.63,98562.6,0.9149,20.16,6.03,98.46,244.97,180.0,21.67,0.9371,6,1,1
284.48,98926.8,0.9113,25.47,7.53,95.41,162.42,99.23,26.25,0.8915,9,1,1
84.02,100484.8,0.6128,21.18,5.96,76.03,67.97,43.59,21.76,0.5835,10,0,1
1.72,102083.4,0.0869,18.38,0.1,25.15,1.36,1.08,19.92,0.0997,2,0,0
271.7,98784.6,0.8287,24.33,5.44,91.49,161.79,91.29,23.58,0.8102,7,1,1
254.52,98944.0,0.8404,20.75,8.28,98.26,159.39,132.34,21.04,0.8529,7,1,1
258.68,98522.3,0.8533,26.56,7.42,92.93,169.24,129.26,25.69,0.8773,7,1,1
15.46,101617.2,0.2121,21.26,2.27,43.39,7.78,6.52,20.14,0.2267,3,0,0
20.96,101899.0,0.2808,18.76,2.34,52.85,14.73,9.74,16.81,0.2848,9,1,0
95.99,100166.9,0.6811,22.64,3.0,82.26,69.06,47.46,23.03,0.6525,9,1,1
22.16,101499.3,0.2843,20.57,1.88,60.96,14.89,13.32,19.39,0.292,1,0,0
265.69,98643.1,0.8191,23.31,8.27,91.36,161.92,89.83,22.62,0.8009,7,1,1
15.17,101754.9,0.2421,29.2,1.24,43.63,11.58,6.51,30.84,0.2318,12,0,0
24.15,101119.5,0.2964,25.51,0.69,60.72,16.48,14.8,24.2,0.3156,1,0,0
19.11,101201.4,0.2422,36.51,2.08,52.99,15.74,13.59,37.39,0.2384,10,0,0
22.52,100908.2,0.2587,31.48,2.08,56.92,12.48,6.94,30.16,0.2524,3,0,0
127.1,100242.0,0.6626,21.88,3.92,78.33,75.71,53.73,22.58,0.6473,9,1,1
10.1,101762.0,0.168,22.04,1.02,40.53,7.22,6.49,22.9,0.1537,10,0,0
20.93,100500.0,0.259,30.87,3.21,50.97,16.78,9.48,31.62,0.2755,11,0,0
23.94,100724.3,0.264,18.99,2.88,61.18,19.38,10.57,18.4,0.2572,12,0,0
27.65,101473.1,0.3387,22.39,4.56,63.66,20.0,12.22,20.68,0.3495,9,1,0
4.25,102127.6,0.1409,22.83,0.41,29.78,3.66,2.97,21.07,0.1401,7,1,0
112.34,99864.5,0.6596,31.41,4.42,75.31,82.59,64.7,30.78,0.6601,7,1,1
15.34,102012.1,0.2607,19.84,2.49,43.93,9.62,8.07,21.6,0.2624,11,0,0
131.25,99999.6,0.6807,28.63,4.33,81.72,98.73,73.91,29.71,0.6952,7,1,1
18.56,100892.1,0.2381,19.1,1.42,52.77,13.34,8.72,17.5,0.2567,2,0,0
7.54,102414.8,0.1544,18.01,0.0,34.67,3.8,3.18,17.41,0.1476,10,0,0
264.97,98807.6,0.8792,32.87,8.17,90.27,187.02,145.08,32.43,0.8747,5,0,1
25.64,100500.0,0.3003,20.96,3.53,55.82,20.0,10.04,21.21,0.2906,7,1,0
1.17,103000.0,0.0814,37.53,0.28,21.87,0.92,0.56,37.09,0.0803,2,0,0
4.12,102280.6,0.1154,27.42,0.61,28.99,3.48,2.12,25.74,0.1135,5,0,0
136.53,100288.6,0.643,33.49,4.85,82.86,105.28,81.68,32.11,0.6533,6,1,1
16.49,101315.6,0.253,25.09,0.48,47.21,9.79,8.78,25.72,0.2416,3,0,0
20.12,101296.5,0.2805,18.83,2.77,55.63,15.08,12.12,20.43,0.2674,8,1,0
102.5,100492.7,0.6048,31.18,4.48,79.17,76.62,43.92,31.51,0.6014,6,1,1
154.23,99851.1,0.6604,30.47,4.3,82.78,107.49,86.51,30.66,0.6421,8,1,1
183.11,98970.1,0.711,25.25,4.77,87.52,122.78,84.93,25.99,0.6904,12,0,1
14.16,101090.0,0.2182,36.86,0.61,47.07,10.66,8.55,36.35,0.2156,3,0,0
113.31,100102.7,0.658,23.7,3.0,79.93,65.17,53.08,23.51,0.6671,7,1,1
163.79,99566.9,0.7107,30.31,3.69,76.34,136.13,113.02,29.81,0.712,9,1,1
24.2,100607.0,0.3031,35.43,2.76,61.45,18.19,13.22,35.36,0.295,1,0,0
10.39,101906.6,0.162,28.77,1.17,34.9,9.09,6.82,29.98,0.1566,12,0,0
8.24,101837.4,0.167,33.34,1.39,31.31,4.24,2.96,33.05,0.1614,2,0,0
22.51,101648.2,0.2711,32.28,3.03,55.43,13.65,9.75,30.35,0.2569,9,1,0
234.72,99078.7,0.7881,20.91,6.78,89.08,142.11,90.53,22.22,0.7877,11,0,1
311.24,98387.3,0.8966,26.14,7.19,92.91,215.37,168.45,24.93,0.9136,2,0,1
15.49,101443.5,0.2324,37.93,1.29,51.43,12.48,8.72,38.85,0.2267,2,0,0
22.64,101133.0,0.3223,31.82,2.51,57.38,15.04,9.14,30.54,0.3062,7,1,0
243.15,98698.9,0.7955,21.61,4.6,92.07,171.8,116.54,22.11,0.8184,3,0,1
2.68,102013.5,0.1513,36.15,0.42,25.06,2.33,1.52,37.83,0.1665,12,0,0
191.22,100168.0,0.7408,26.19,3.39,82.4,154.57,105.7,26.29,0.764,8,1,1
7.68,101187.4,0.1484,20.64,1.35,32.34,6.54,4.17,20.03,0.1424,11,0,0
114.65,100271.6,0.6891,24.16,4.02,75.72,89.89,67.06,26.05,0.6807,9,1,1
188.15,99772.4,0.7433,32.58,5.69,80.31,112.35,84.8,32.2,0.7476,7,1,1
273.95,98853.6,0.8831,30.88,7.59,95.41,192.01,144.67,31.71,0.8775,1,0,1
26.53,100783.9,0.3282,35.64,1.49,69.0,14.06,10.39,36.55,0.3477,3,0,0
18.14,100944.0,0.239,26.5,2.18,54.98,11.91,6.63,27.2,0.2411,9,1,0
214.15,98937.0,0.7793,33.86,6.8,89.35,123.14,103.63,35.26,0.7812,8,1,1
3.8,101943.7,0.0894,35.95,0.11,31.3,2.18,1.72,35.42,0.0743,11,0,0
168.86,99575.6,0.714,23.73,5.44,84.11,128.07,80.55,21.74,0.7377,9,1,1
243.66,98665.7,0.8463,25.33,7.43,89.5,150.38,106.57,24.25,0.8573,2,0,1
192.8,99590.7,0.7353,30.74,6.22,83.3,111.15,71.38,29.76,0.7327,5,0,1
284.25,99005.0,0.8251,20.25,7.7,93.12,222.35,156.0,21.53,0.8261,10,0,1
346.46,98095.7,0.8933,26.18,12.0,99.34,199.11,157.65,25.45,0.9144,9,1,1
268.6,98999.8,0.7956,33.49,11.53,92.26,177.12,128.57,31.94,0.7972,7,1,1
29.76,100500.0,0.3262,20.3,4.81,65.73,19.82,9.93,18.54,0.3109,10,0,0
208.29,99668.3,0.7974,26.09,5.07,89.17,147.69,109.36,25.33,0.8194,4,0,1
267.85,98254.0,0.8612,20.0,7.28,93.18,203.75,117.82,20.61,0.8578,8,1,1
18.27,101691.6,0.2386,24.28,2.26,48.94,10.05,7.4,24.27,0.2324,1,0,0
171.68,99381.8,0.7139,20.0,3.99,90.18,133.16,86.83,19.66,0.7333,6,1,1
22.62,101295.7,0.2759,27.72,1.61,53.08,16.7,11.75,27.9,0.2782,7,1,0
96.33,100066.8,0.6249,28.34,4.63,75.0,76.71,52.08,27.02,0.6183,6,1,1
337.47,98281.6,0.9377,20.03,8.5,100.0,203.79,157.91,18.87,0.9397,9,1,1
1.29,103000.0,0.0856,21.2,0.0,20.0,0.84,0.47,20.55,0.071,3,0,0
23.06,101510.9,0.2677,29.13,1.39,52.95,18.65,9.39,27.18,0.2853,11,0,0
192.53,99322.5,0.689,32.77,4.1,84.36,120.88,78.49,31.39,0.7016,9,1,1
257.32,98572.4,0.9152,21.38,10.19,93.67,184.15,111.97,20.37,0.9311,1,0,1
275.29,98444.1,0.7903,24.47,6.72,90.43,184.92,152.14,25.08,0.7964,11,0,1
279.08,98707.7,0.8333,28.71,8.51,94.26,194.05,119.66,27.16,0.8145,7,1,1
192.81,99144.6,0.7257,30.16,5.5,87.04,113.7,66.68,31.53,0.7293,6,1,1
23.05,101216.4,0.2635,29.96,1.49,52.77,12.78,6.9,28.5,0.2777,10,0,0
176.5,99013.6,0.718,21.12,6.79,86.11,133.39,73.61,20.17,0.7396,6,1,1
194.3,99233.3,0.7573,20.41,5.45,85.59,118.5,72.19,19.79,0.7403,9,1,1
96.36,100500.0,0.6,30.88,3.09,75.0,55.36,40.0,30.84,0.5852,12,0,1
22.15,101465.8,0.2851,24.92,2.52,56.06,12.7,10.35,25.32,0.297,9,1,0
273.77,98030.4,0.8479,27.94,9.1,92.76,217.18,170.99,29.34,0.8482,8,1,1
113.36,99897.2,0.6287,23.13,5.27,81.05,66.37,40.0,22.22,0.6279,9,1,1
1.15,103000.0,0.08,31.25,0.05,20.0,0.72,0.37,32.98,0.0739,3,0,0
137.38,99373.7,0.6576,32.77,3.0,83.89,78.97,52.0,33.29,0.6831,7,1,1
4.06,101578.7,0.1274,33.24,1.0,29.44,2.57,2.14,32.75,0.1105,9,1,0
241.0,99763.8,0.8602,31.6,9.36,88.86,192.25,137.1,29.81,0.8561,2,0,1
167.05,99647.9,0.6918,21.89,4.59,83.31,115.98,67.59,22.94,0.6887,8,1,1
309.68,98849.6,0.8802,20.0,5.06,91.74,175.1,96.38,21.45,0.8889,6,1,1
4.41,101716.1,0.1047,26.61,0.0,20.0,2.41,1.26,26.12,0.0902,9,1,0
313.84,98000.0,0.8963,20.45,9.48,100.0,200.29,141.24,20.7,0.8796,6,1,1
163.95,99741.6,0.6661,31.28,6.07,81.35,98.93,76.35,29.64,0.6801,6,1,1
102.03,100500.0,0.6184,31.37,3.96,75.0,86.39,52.25,30.29,0.6152,8,1,1
186.09,99661.7,0.7195,24.19,3.88,86.49,157.2,117.22,23.04,0.7294,6,1,1
0.03,102122.2,0.1054,20.18,0.49,20.67,0.03,0.02,20.12,0.1026,10,0,0
288.77,98000.0,0.865,28.28,8.61,98.01,244.1,147.73,29.74,0.8672,7,1,1
269.37,99013.8,0.8257,31.53,5.49,92.26,225.81,179.56,33.46,0.8556,6,1,1
191.31,99071.9,0.717,25.17,4.12,87.91,107.71,72.81,26.88,0.6929,6,1,1
164.1,99253.3,0.6541,30.56,3.79,80.23,112.38,65.31,28.82,0.6624,9,1,1
162.14,100473.9,0.7118,28.52,5.26,85.32,110.54,93.12,29.68,0.7312,9,1,1
273.35,98858.8,0.8533,31.06,8.88,87.84,151.45,116.13,30.96,0.8725,7,1,1
4.99,101767.8,0.1569,23.22,0.17,28.18,4.27,3.23,23.94,0.1583,6,1,0
11.94,101420.9,0.1668,20.13,0.11,43.9,6.15,3.83,22.12,0.1846,4,0,0
6.7,101349.7,0.1532,32.0,1.25,30.04,5.37,4.61,33.01,0.1438,6,1,0
6.77,102545.0,0.1579,18.52,0.84,29.46,5.82,3.28,17.79,0.1749,3,0,0
156.7,99840.7,0.6826,31.83,7.42,82.69,92.85,62.92,32.18,0.6725,10,0,1
8.98,101515.8,0.1751,28.39,1.16,37.26,7.04,4.87,26.56,0.1951,5,0,0
17.07,101404.1,0.2479,21.52,1.53,52.37,14.41,12.33,22.41,0.2451,8,1,0
27.68,100500.0,0.3114,25.22,0.53,65.06,18.28,14.87,24.41,0.3117,8,1,0
181.6,99731.0,0.7271,31.52,3.11,89.27,131.4,94.84,30.63,0.7381,6,1,1
10.41,101493.8,0.1588,31.84,0.59,41.32,6.65,4.3,30.06,0.1524,7,1,0
103.04,100107.3,0.6,27.61,3.0,77.78,63.08,44.61,28.44,0.5843,9,1,1
188.91,99461.5,0.8103,24.09,3.7,85.8,160.54,100.6,23.8,0.7813,8,1,1
129.91,100263.3,0.7089,30.84,3.0,82.2,110.28,67.45,29.68,0.6959,6,1,1
28.81,100743.4,0.3028,30.95,2.7,70.0,20.0,12.18,32.48,0.3023,7,1,0
23.06,101234.1,0.2906,18.65,3.2,55.86,19.34,13.93,17.81,0.2997,10,0,0
328.81,98014.0,0.9305,32.95,12.0,94.11,194.66,116.64,31.68,0.9467,6,1,1
0.69,102258.7,0.08,26.37,0.15,20.0,0.52,0.39,25.82,0.0644,12,0,0
97.57,99922.2,0.6019,24.36,3.58,76.31,62.76,42.09,24.76,0.6247,2,0,1
95.4,100025.2,0.6297,29.94,3.27,75.0,58.7,41.82,31.05,0.6432,6,1,1
1.18,102222.4,0.0851,30.68,0.0,21.28,0.64,0.53,31.4,0.0973,2,0,0
109.69,100328.3,0.669,28.19,3.93,76.16,79.79,45.99,29.76,0.6988,6,1,1
23.08,101626.0,0.2372,18.74,1.71,55.24,11.75,7.89,17.92,0.2402,3,0,0
100.39,100480.1,0.6295,22.95,4.51,77.4,55.35,40.0,23.89,0.6591,5,0,1
12.77,100850.9,0.181,22.72,0.76,40.54,11.0,7.16,21.53,0.1726,12,0,0
29.83,100553.3,0.3268,23.09,4.01,70.0,20.0,13.13,25.06,0.3097,3,0,0
132.54,100241.7,0.6698,27.86,5.69,79.01,88.29,68.72,26.61,0.681,2,0,1
5.04,101847.0,0.1522,25.7,0.19,29.42,3.02,2.54,25.53,0.149,3,0,0
29.67,100500.0,0.35,28.02,2.93,70.0,18.34,11.11,28.02,0.3412,9,1,0
140.79,99999.4,0.6629,30.21,4.87,76.37,101.24,70.23,29.69,0.6842,8,1,1
87.61,99742.3,0.6054,32.45,3.29,75.0,60.79,51.56,31.01,0.5897,8,1,1
234.23,98789.0,0.7932,33.34,5.46,92.16,132.04,97.12,35.07,0.8093,8,1,1
23.49,101488.9,0.2518,27.61,1.92,58.74,19.48,13.48,26.93,0.2374,2,0,0
0.93,102445.7,0.08,28.33,0.85,27.97,0.55,0.43,27.83,0.0762,1,0,0
17.34,101314.1,0.2517,27.87,1.71,47.64,13.63,10.71,26.21,0.2469,2,0,0
14.97,102605.2,0.233,25.69,2.03,45.46,11.45,9.84,25.15,0.2497,4,0,0
5.87,101467.6,0.1612,25.0,0.93,26.91,4.46,2.68,26.37,0.147,3,0,0
22.42,101346.9,0.2689,18.21,1.99,53.52,18.64,11.43,17.54,0.288,8,1,0
24.25,100909.4,0.2679,34.96,0.78,58.66,19.08,12.93,35.16,0.2559,9,1,0
117.39,99878.6,0.6408,23.92,3.79,77.79,69.08,41.28,23.18,0.6623,7,1,1
177.8,99760.0,0.7391,26.29,4.97,88.33,101.75,57.68,25.32,0.7661,6,1,1
226.91,99311.4,0.8331,25.22,7.68,89.28,160.13,96.87,23.5,0.814,9,1,1
5.86,102196.7,0.1025,34.54,0.15,25.09,4.58,2.72,34.92,0.0896,9,1,0
256.08,98848.4,0.8594,30.57,9.3,91.29,151.65,94.07,29.69,0.8849,12,0,1
24.04,101192.7,0.316,29.67,0.8,60.85,16.84,13.13,28.63,0.3265,1,0,0
250.0,99021.7,0.8265,21.0,7.21,98.79,178.51,122.89,21.1,0.8369,2,0,1
2.88,102285.8,0.108,30.24,0.23,23.29,2.13,1.83,28.47,0.1025,11,0,0
196.83,98996.5,0.7559,24.66,5.3,88.34,146.72,101.45,25.23,0.7832,8,1,1
0.17,102933.6,0.1191,26.56,0.0,20.0,0.14,0.1,25.68,0.1388,2,0,0
216.46,99334.7,0.7227,26.92,7.09,86.06,136.51,88.69,27.04,0.7117,7,1,1
4.23,101556.2,0.1251,27.91,0.45,21.49,2.37,1.76,27.93,0.142,12,0,0
2.55,102739.0,0.12,31.88,0.21,24.25,1.31,0.78,31.96,0.1015,4,0,0
21.68,100718.9,0.2889,28.02,1.54,52.9,16.92,11.27,27.0,0.3088,6,1,0
21.88,101222.6,0.2825,20.86,3.58,58.22,18.47,10.06,19.15,0.2956,10,0,0
9.44,101480.1,0.1884,27.76,1.76,29.56,7.87,4.81,28.55,0.1752,6,1,0
133.35,99991.8,0.6521,20.02,5.54,81.35,88.6,68.28,20.1,0.6754,7,1,1
14.68,101468.3,0.2079,18.08,1.98,42.93,7.72,4.38,16.72,0.1998,10,0,0
12.11,100780.2,0.1759,20.66,0.89,38.52,8.6,6.76,22.34,0.167,10,0,0
262.29,98886.5,0.8206,22.32,6.09,94.43,175.99,99.1,23.57,0.8392,6,1,1
168.63,99898.5,0.755,32.23,7.44,82.66,121.45,67.84,31.05,0.7727,8,1,1
281.91,98421.1,0.8535,31.22,11.78,93.78,226.9,157.05,33.18,0.8749,6,1,1
201.0,99295.0,0.7025,29.85,6.2,85.38,112.09,77.44,30.98,0.6997,6,1,1
208.03,99486.2,0.8177,31.25,3.47,86.79,157.03,93.38,33.1,0.8431,1,0,1
1.02,102956.4,0.1149,30.5,1.1,20.0,0.74,0.61,30.62,0.1267,2,0,0
220.58,99342.3,0.7723,27.85,5.13,96.99,130.74,80.21,29.35,0.759,9,1,1
321.18,98324.4,0.8925,25.75,9.25,100.0,233.03,180.0,25.2,0.875,1,0,1
18.25,101103.0,0.2395,35.24,1.39,55.58,12.63,8.08,35.91,0.2371,1,0,0
21.26,101261.7,0.2745,30.21,2.12,60.21,17.06,15.0,32.19,0.273,9,1,0
241.93,99108.1,0.7873,24.93,9.82,86.49,136.19,99.82,25.6,0.8156,8,1,1
16.79,102001.9,0.2082,28.45,0.75,42.15,12.49,7.49,28.12,0.1992,11,0,0
332.94,98098.7,0.95,23.3,12.0,94.53,204.52,142.0,24.1,0.9352,10,0,1
6.51,102297.0,0.1282,30.13,0.0,29.96,3.55,2.92,29.09,0.1118,10,0,0
18.31,101054.7,0.2274,19.07,1.67,54.4,15.15,13.11,18.72,0.2253,3,0,0
277.73,98185.7,0.7851,33.42,6.35,100.0,172.87,130.98,31.52,0.8124,8,1,1
9.12,101316.8,0.1438,18.06,1.52,32.01,5.77,4.18,16.98,0.1257,7,1,0
144.09,99968.7,0.6814,27.19,5.3,84.48,114.63,78.32,27.7,0.6628,4,0,1
22.93,100735.7,0.3172,30.35,1.19,59.67,20.0,14.2,29.88,0.3039,2,0,0
11.32,101776.7,0.174,25.65,0.79,34.76,5.94,3.09,24.13,0.1768,4,0,0
16.03,102065.9,0.2329,30.21,1.81,48.21,12.93,11.05,31.18,0.2376,10,0,0
123.66,99718.6,0.6846,21.39,3.61,76.82,68.23,57.17,20.51,0.7023,9,1,1
97.22,99840.2,0.6,25.49,3.0,75.37,64.18,44.66,25.0,0.5854,5,0,1
3.97,101796.9,0.087,23.17,0.42,29.61,2.66,1.36,25.08,0.071,8,1,0
161.34,100088.4,0.7096,23.07,3.31,84.52,123.19,82.33,22.06,0.7186,9,1,1
317.53,98000.0,0.95,31.85,5.47,100.0,194.99,141.72,32.46,0.9408,8,1,1
26.85,100886.5,0.3372,21.47,1.64,69.17,16.19,11.88,22.02,0.3326,2,0,0
29.24,100548.0,0.35,22.51,2.84,65.09,17.65,11.93,22.1,0.3586,2,0,0
111.08,100500.0,0.6417,33.24,3.94,83.25,65.61,49.01,33.33,0.6604,7,1,1
145.09,100453.4,0.7464,28.97,3.07,86.3,108.92,65.99,27.54,0.7575,6,1,1
194.19,98950.6,0.775,30.73,6.39,86.54,134.98,85.22,31.35,0.7858,7,1,1
220.46,98776.4,0.8026,33.2,4.58,89.44,149.35,119.27,33.72,0.8235,7,1,1
120.36,100234.8,0.7,22.5,4.41,78.41,85.87,63.36,23.22,0.6775,8,1,1
6.09,101567.7,0.1177,36.55,0.37,27.57,4.03,3.6,35.01,0.1279,8,1,0
292.3,98479.1,0.8292,31.12,6.23,91.5,208.15,167.88,32.35,0.8433,9,1,1
297.42,98629.0,0.9221,32.76,6.24,99.31,248.08,172.56,33.2,0.925,6,1,1
8.72,101984.7,0.1905,25.3,0.54,37.68,6.86,5.42,24.07,0.2022,10,0,0
260.32,98000.0,0.8302,30.03,6.37,83.76,168.39,126.52,29.78,0.8351,6,1,1
6.78,102378.0,0.1734,37.81,0.76,24.5,5.86,4.81,39.72,0.1615,3,0,0
28.72,100583.8,0.3394,24.54,4.09,67.07,20.0,12.63,24.35,0.347,2,0,0
6.48,101596.6,0.123,22.6,1.15,34.4,4.42,3.94,21.74,0.1063,8,1,0
258.27,99136.5,0.8053,30.94,7.76,92.23,183.12,137.28,32.53,0.8195,7,1,1
14.89,100921.2,0.2194,20.7,0.77,47.08,11.7,8.51,22.5,0.2173,7,1,0
27.6,101688.8,0.3339,32.08,5.0,64.55,17.0,9.28,31.04,0.3536,6,1,0
18.07,101162.6,0.2551,26.46,2.19,46.42,15.44,7.75,26.55,0.2711,3,0,0
107.12,100135.5,0.6215,32.16,3.0,75.0,68.34,46.51,32.65,0.6237,6,1,1
157.38,99501.0,0.7219,22.99,4.47,78.61,108.78,73.66,23.36,0.7081,7,1,1
334.24,98247.6,0.8876,24.92,8.01,100.0,250.0,180.0,26.26,0.861,7,1,1
301.79,98833.2,0.8896,20.52,7.9,100.0,250.0,161.35,19.71,0.9062,11,0,1
29.33,101088.5,0.35,29.49,2.25,68.18,20.0,11.16,30.76,0.354,1,0,0
14.9,101489.3,0.2184,31.53,2.82,41.41,12.61,7.1,29.8,0.2018,5,0,0
81.28,100385.1,0.6135,27.61,3.0,76.02,51.07,43.15,26.99,0.5839,6,1,1
6.12,101627.1,0.1463,22.68,1.15,29.92,3.28,2.07,24.28,0.1344,1,0,0
220.78,99926.2,0.7735,20.77,4.32,90.65,185.91,133.14,20.34,0.7883,6,1,1
319.75,98231.7,0.8876,32.07,10.83,95.88,246.32,180.0,32.98,0.8908,6,1,1
194.61,99257.0,0.7138,29.47,5.97,89.28,128.78,88.6,30.99,0.6885,8,1,1
138.86,100207.7,0.6944,31.05,3.89,83.91,95.31,65.29,32.44,0.6704,8,1,1
3.23,102342.2,0.1244,36.57,0.26,22.31,2.75,2.21,34.66,0.118,4,0,0
303.18,98260.1,0.8776,30.65,9.0,94.64,213.92,180.0,28.72,0.8604,7,1,1
0.54,102327.4,0.08,33.79,0.0,21.73,0.39,0.32,34.2,0.0699,3,0,0
187.15,99573.0,0.7049,22.18,3.54,88.31,117.95,79.19,23.18,0.6811,5,0,1
3.44,102929.8,0.0994,24.69,0.0,23.15,2.36,1.62,24.34,0.0879,7,1,0
296.64,98547.0,0.8694,20.0,8.84,99.43,248.62,158.51,19.67,0.8415,9,1,1
201.6,99377.7,0.759,27.0,6.54,90.16,169.15,94.34,25.16,0.7666,8,1,1
7.24,101884.5,0.1431,31.15,0.04,32.63,4.1,2.56,32.34,0.1433,8,1,0
23.1,100965.8,0.2875,18.78,2.04,62.19,13.16,11.77,20.62,0.2916,2,0,0
22.68,100588.9,0.2839,27.84,1.42,61.09,18.99,14.28,28.75,0.2954,7,1,0
199.63,99298.8,0.7801,20.0,4.77,84.67,144.16,87.3,19.1,0.7758,3,0,1
18.94,100918.6,0.2401,20.88,3.07,52.18,16.99,10.27,19.6,0.23,3,0,0
144.15,99900.9,0.6852,28.32,4.94,76.49,106.16,81.97,27.09,0.6952,7,1,1
155.75,99534.7,0.6978,33.04,6.04,76.73,101.74,63.99,32.42,0.7176,9,1,1
20.1,101410.2,0.2383,30.8,1.24,58.37,11.71,9.52,32.22,0.2208,9,1,0
9.4,101730.5,0.1098,21.41,0.65,38.19,7.38,5.65,22.21,0.1064,1,0,0
28.62,100500.0,0.35,35.67,4.32,70.0,20.0,12.08,34.98,0.3633,4,0,0
343.49,98000.0,0.9352,31.87,9.65,98.19,205.06,120.12,33.4,0.9204,7,1,1
205.84,99234.9,0.7797,22.67,8.15,81.45,151.1,92.31,23.01,0.7799,8,1,1
97.32,100107.5,0.6389,29.53,3.0,78.03,65.78,54.62,28.82,0.6297,5,0,1
103.76,100308.5,0.6271,31.15,3.0,75.0,73.44,46.14,29.53,0.6286,6,1,1
239.83,98908.8,0.7211,27.43,7.8,89.85,172.55,145.51,26.66,0.7053,11,0,1
8.38,101937.6,0.1217,19.67,0.06,34.28,6.75,3.7,21.5,0.1262,12,0,0
190.26,99931.1,0.7708,31.96,5.79,86.43,121.03,93.3,33.71,0.7465,7,1,1
160.41,100184.9,0.7076,32.99,6.29,84.06,112.27,86.12,32.09,0.6909,3,0,1
4.42,102960.6,0.1326,32.31,1.1,27.63,3.85,2.37,32.84,0.1401,1,0,0
8.92,101432.3,0.1202,22.21,1.83,35.55,4.57,2.81,22.93,0.1256,8,1,0
14.52,101327.5,0.2274,26.15,1.34,41.91,8.44,7.19,24.21,0.2123,10,0,0
15.73,102236.6,0.2418,32.85,0.99,45.75,8.75,7.07,33.21,0.2242,5,0,0
13.18,101193.6,0.1835,18.22,1.77,46.66,8.59,6.01,20.2,0.1645,5,0,0
9.53,101786.1,0.1924,21.25,0.95,31.34,6.23,3.45,22.78,0.193,9,1,0
20.84,100978.7,0.2988,18.15,1.36,56.77,17.3,8.7,18.64,0.2961,9,1,0
171.11,99613.6,0.6726,33.72,4.31,82.05,104.01,61.54,33.39,0.6809,8,1,1
176.42,99715.0,0.7458,30.4,5.97,81.95,118.89,77.54,31.36,0.7458,9,1,1
193.18,99378.0,0.7539,25.03,6.1,84.55,141.08,85.95,26.98,0.7286,11,0,1
4.3,102373.1,0.1076,20.3,0.0,31.69,3.51,3.06,19.43,0.1195,1,0,0
95.87,100500.0,0.6505,30.5,3.94,75.0,76.22,43.07,31.74,0.6595,9,1,1
16.52,101057.6,0.2508,29.61,2.46,42.34,14.43,12.71,28.95,0.2375,5,0,0
5.42,102408.2,0.1178,23.04,0.0,27.82,4.01,3.39,24.64,0.1324,11,0,0
23.28,101500.2,0.2986,19.09,3.24,53.23,18.98,10.19,19.99,0.2975,8,1,0
26.34,100907.4,0.3466,34.25,4.37,54.95,20.0,15.0,36.07,0.346,5,0,0
297.96,98000.0,0.8865,33.6,9.88,94.38,197.21,112.08,34.09,0.8641,11,0,1
152.17,99624.4,0.7591,32.87,5.63,82.58,99.81,58.89,34.24,0.766,8,1,1
26.95,100500.0,0.35,31.9,3.8,63.57,20.0,15.0,31.63,0.3645,3,0,0
22.42,101432.7,0.276,25.69,1.14,53.95,19.34,15.0,26.11,0.2825,8,1,0
174.4,99636.2,0.6988,25.76,5.21,80.74,120.87,80.88,24.71,0.7204,3,0,1
11.05,101748.3,0.1972,29.83,0.12,38.84,9.28,6.61,29.02,0.2127,5,0,0
260.83,98457.4,0.8236,26.62,7.11,92.97,170.73,104.92,26.09,0.8466,7,1,1
22.52,101120.9,0.2801,37.35,0.89,54.48,18.59,12.26,36.25,0.2832,3,0,0
1.56,102578.3,0.0825,30.38,0.11,21.26,0.98,0.79,30.29,0.0933,6,1,0
337.74,98095.7,0.9149,28.01,8.71,99.03,250.0,180.0,29.26,0.9007,9,1,1
93.68,100234.2,0.6,21.88,3.0,80.34,51.93,40.0,20.43,0.5987,9,1,1
261.15,98660.0,0.8366,33.37,5.28,89.61,202.94,118.65,33.64,0.8515,7,1,1
1.24,102922.6,0.08,23.83,0.11,21.23,0.96,0.52,22.01,0.0985,6,1,0
28.85,100500.0,0.35,19.65,1.44,68.15,20.0,15.0,18.98,0.3539,3,0,0
244.92,99098.4,0.8177,27.21,8.14,86.19,161.32,91.78,27.32,0.8402,4,0,1
294.14,98097.3,0.8763,29.58,6.9,100.0,222.88,137.78,27.77,0.8811,4,0,1
118.25,100017.1,0.6591,24.06,4.09,84.37,88.44,65.07,24.99,0.6369,9,1,1
180.14,99789.1,0.762,33.43,4.11,82.04,146.35,120.64,33.93,0.7881,7,1,1
219.63,99237.8,0.8541,25.86,6.13,90.38,156.39,87.76,26.1,0.8646,8,1,1
3.23,102848.6,0.134,32.9,0.24,24.39,1.84,1.48,34.66,0.1307,6,1,0
107.12,100500.0,0.6502,31.81,3.0,75.0,81.21,51.22,31.74,0.6751,7,1,1
26.38,100500.0,0.3163,24.84,2.22,69.84,15.09,8.83,25.57,0.3132,5,0,0
25.06,100652.0,0.3018,23.35,1.8,58.99,14.55,9.62,23.92,0.2863,1,0,0
201.35,99149.0,0.7933,23.67,4.35,86.36,132.25,100.46,22.55,0.7911,6,1,1
18.21,101157.1,0.2784,29.92,3.61,48.66,16.26,13.49,28.83,0.2804,7,1,0
27.98,100500.0,0.325,22.92,3.68,70.0,16.33,13.7,22.66,0.3382,3,0,0
143.41,99872.5,0.7025,28.31,4.56,87.12,87.75,61.87,29.03,0.7074,8,1,1
21.1,100500.0,0.2582,22.41,1.61,53.54,14.98,12.27,22.36,0.2578,9,1,0
156.89,99397.4,0.7407,31.77,4.36,81.69,111.09,63.62,32.45,0.7189,3,0,1
0.12,102727.0,0.0954,37.17,0.0,20.0,0.1,0.07,35.8,0.0873,4,0,0
9.82,101967.4,0.1717,34.9,0.85,34.75,8.58,6.71,36.65,0.1681,6,1,0
3.77,102332.8,0.1087,22.99,0.0,30.38,2.72,2.4,21.82,0.111,7,1,0
215.71,99501.1,0.7665,33.66,5.57,85.77,165.14,101.81,33.6,0.7447,6,1,1
23.14,100856.2,0.3038,24.93,4.79,60.89,13.74,10.49,26.74,0.3042,2,0,0
267.53,98430.5,0.8388,21.77,6.72,90.37,161.25,92.47,21.18,0.8522,6,1,1
105.23,100500.0,0.6117,26.85,4.23,76.14,77.68,48.98,27.68,0.5941,7,1,1
276.11,99122.7,0.8115,30.1,6.45,93.54,160.74,118.45,31.19,0.8148,9,1,1
8.3,101762.0,0.112,25.22,0.0,29.27,7.12,3.78,23.28,0.1048,1,0,0
23.41,100500.0,0.2779,22.25,4.35,60.42,13.36,11.55,21.39,0.2833,9,1,0
135.95,99910.1,0.6613,23.25,4.82,76.22,88.1,60.52,24.25,0.6567,9,1,1
28.27,100500.0,0.35,18.18,0.54,67.82,16.72,12.37,19.97,0.3412,11,0,0
15.9,101998.3,0.2054,36.73,1.89,51.9,12.01,10.16,38.52,0.1924,2,0,0
227.13,99119.8,0.7891,27.07,5.63,90.35,186.06,156.69,26.28,0.8136,9,1,1
7.63,102415.7,0.1487,25.78,0.79,41.92,5.35,4.08,26.57,0.1321,9,1,0
107.99,100283.7,0.6,25.96,3.54,78.75,70.17,41.44,25.03,0.5748,7,1,1
5.21,103000.0,0.1087,32.03,0.54,30.59,3.2,2.69,32.66,0.1247,5,0,0
260.07,99380.2,0.8745,27.63,9.46,97.13,145.49,93.59,26.52,0.8544,8,1,1
158.63,99522.3,0.7073,25.71,3.48,84.17,121.44,99.07,27.61,0.7008,8,1,1
29.39,100500.0,0.3434,33.16,1.36,70.0,20.0,14.09,31.5,0.349,11,0,0
5.46,101787.5,0.1323,24.02,0.0,26.71,4.64,3.71,24.76,0.1378,7,1,0
102.39,100268.1,0.6412,30.07,3.52,75.71,58.78,41.45,31.7,0.6275,7,1,1
27.03,101046.8,0.3483,19.59,2.35,67.3,17.15,10.48,19.83,0.3467,4,0,0
300.56,98434.0,0.9075,30.21,7.55,93.18,206.06,121.42,31.3,0.924,2,0,1
18.91,101184.6,0.2244,18.96,1.79,51.31,12.28,10.63,17.81,0.2437,3,0,0
144.09,100169.4,0.6265,30.58,3.85,76.13,83.42,47.49,29.44,0.6287,1,0,1
6.86,101433.9,0.1277,30.89,0.93,32.2,4.15,2.54,31.69,0.1446,1,0,0
11.24,101474.2,0.1703,19.08,0.68,38.09,6.74,4.8,17.12,0.1506,1,0,0
0.55,102327.1,0.0848,23.22,0.64,20.0,0.35,0.3,25.21,0.1026,1,0,0
1.72,102340.8,0.0837,23.16,0.0,21.44,0.95,0.52,23.89,0.0693,9,1,0
234.65,99018.4,0.878,24.87,4.27,90.15,177.55,117.25,25.01,0.8482,9,1,1
15.7,100535.2,0.236,34.05,1.24,49.93,10.89,6.12,35.88,0.2497,9,1,0
26.14,100753.2,0.3342,25.1,2.95,62.86,20.0,14.5,26.16,0.3295,5,0,0
155.84,99938.5,0.7122,32.73,3.52,80.29,121.9,72.31,33.73,0.7143,3,0,1
151.04,99910.1,0.6885,27.16,3.87,79.76,86.74,51.49,27.14,0.7149,8,1,1
90.17,100500.0,0.6,34.69,3.0,75.0,66.73,47.44,36.15,0.5728,3,0,1
141.12,99628.3,0.7024,24.04,3.65,75.14,105.58,66.24,23.73,0.7124,8,1,1
13.62,101224.1,0.2367,24.16,2.14,40.79,11.84,7.69,25.56,0.2275,11,0,0
23.69,101043.4,0.3056,22.92,3.43,57.15,14.15,12.15,23.92,0.3098,12,0,0
87.32,100500.0,0.6264,30.95,3.45,75.0,60.27,40.03,29.44,0.6491,9,1,1
26.14,100500.0,0.3349,24.14,1.59,65.05,16.46,14.42,22.65,0.3407,2,0,0
225.99,98952.6,0.7794,31.18,5.26,82.59,156.23,128.92,30.06,0.7837,12,0,1
271.74,98533.5,0.8594,23.36,6.7,89.21,168.59,111.47,21.8,0.8294,9,1,1
334.24,98183.9,0.9392,25.21,10.5,96.53,250.0,158.69,26.8,0.9689,8,1,1
143.73,99991.4,0.6882,23.16,3.0,76.23,85.55,65.82,21.35,0.6695,9,1,1
17.68,101164.2,0.244,31.66,3.25,42.22,10.0,7.42,31.16,0.2631,11,0,0
265.38,98773.9,0.8583,27.1,3.4,89.21,216.36,179.82,28.8,0.8324,3,0,1
24.15,101547.8,0.3323,32.3,2.18,57.48,16.78,13.33,31.15,0.334,3,0,0
87.07,100500.0,0.6475,23.74,3.0,75.05,56.81,43.41,23.98,0.6668,8,1,1
2.84,102630.1,0.0949,36.03,0.0,29.95,1.81,1.58,37.77,0.0866,6,1,0
15.7,100916.9,0.2067,29.58,0.22,42.21,11.37,6.07,30.29,0.2138,2,0,0
15.66,101572.8,0.2261,30.52,2.07,50.31,9.09,4.67,29.63,0.2331,11,0,0
24.52,101887.0,0.3088,22.58,3.44,61.28,12.6,7.22,22.51,0.3046,11,0,0
21.18,101241.9,0.3026,31.11,2.88,55.1,13.34,9.93,29.61,0.287,11,0,0
234.71,99091.0,0.8229,32.53,6.34,87.29,185.61,140.37,32.37,0.8143,8,1,1
212.79,99448.9,0.7597,25.11,5.4,93.63,139.48,87.18,24.56,0.7393,7,1,1
213.32,99292.7,0.8064,21.54,4.94,85.56,170.31,143.15,19.64,0.7974,2,0,1
8.61,101687.3,0.1652,24.57,1.07,38.18,6.52,4.81,26.07,0.1753,1,0,0
203.9,99293.3,0.7654,21.78,7.89,90.79,153.33,110.48,19.84,0.7523,8,1,1
12.54,101255.9,0.1943,28.63,1.42,50.31,6.37,3.83,28.43,0.1855,8,1,0
101.53,100208.6,0.651,33.67,3.0,85.06,73.81,56.82,31.95,0.6461,6,1,1
129.25,100152.5,0.6474,33.27,4.95,76.71,72.28,45.01,34.06,0.6696,9,1,1
247.55,99126.9,0.8561,23.01,4.28,87.15,161.84,126.77,23.66,0.8786,7,1,1
171.42,99698.5,0.6613,22.54,4.05,81.2,103.0,66.49,20.56,0.6619,9,1,1
341.05,98323.5,0.9139,28.37,6.67,100.0,226.02,138.73,27.96,0.8912,1,0,1
11.17,102150.1,0.1535,20.74,1.44,43.55,7.2,4.33,22.38,0.1492,7,1,0
166.68,99858.9,0.6336,24.1,5.02,81.48,138.96,113.56,22.44,0.653,7,1,1
95.69,100302.5,0.6477,20.0,3.05,79.21,66.8,51.35,20.88,0.6483,11,0,1
27.14,100500.0,0.3312,35.11,0.87,63.49,14.69,11.21,33.97,0.3246,3,0,0
174.47,100160.4,0.6734,27.18,5.91,82.52,107.17,85.83,25.24,0.6612,7,1,1
12.61,101581.3,0.1976,35.35,1.84,42.35,10.17,6.98,33.94,0.2138,12,0,0
8.04,101946.5,0.1725,19.19,0.25,34.78,5.24,3.55,19.25,0.1607,6,1,0
91.16,100500.0,0.6,34.76,3.0,80.57,51.49,40.0,32.89,0.5837,5,0,1
347.62,98282.3,0.95,23.03,6.45,100.0,233.39,166.13,22.46,0.9649,7,1,1
164.61,99521.0,0.6895,30.55,5.81,83.23,128.13,103.56,30.04,0.7112,11,0,1
112.75,100280.5,0.6586,23.05,4.47,79.16,93.87,75.44,23.22,0.6852,8,1,1
215.98,99079.3,0.7603,29.2,8.14,88.0,152.21,97.21,28.78,0.7603,9,1,1
296.39,98316.4,0.8742,33.23,5.79,93.21,211.54,148.26,32.26,0.8531,6,1,1
320.39,98000.0,0.9481,26.91,8.73,96.45,244.9,171.65,26.35,0.9713,7,1,1
132.55,100085.0,0.625,28.88,4.53,80.32,75.59,51.15,29.34,0.6253,2,0,1
10.1,101184.5,0.1628,33.83,1.67,36.58,5.36,4.6,35.75,0.1602,4,0,0
23.54,101159.1,0.3076,26.14,2.64,60.36,13.29,7.79,24.21,0.3002,1,0,0
2.12,102105.1,0.0978,24.25,0.0,28.8,1.23,0.86,25.02,0.1067,12,0,0
15.29,100666.8,0.2063,21.4,1.76,41.56,8.81,4.8,22.88,0.2092,6,1,0
339.88,98000.0,0.95,30.32,12.0,100.0,204.6,169.29,29.05,0.9267,9,1,1
0.63,102356.0,0.1035,22.54,1.22,20.0,0.5,0.3,22.28,0.1158,3,0,0
10.31,102094.9,0.1731,27.55,0.52,34.09,6.22,3.59,28.86,0.1611,4,0,0
141.94,99892.3,0.6943,32.5,4.44,80.29,115.04,88.53,31.03,0.6986,8,1,1
151.8,100075.7,0.7198,30.63,3.0,82.32,120.18,88.37,32.01,0.7197,6,1,1
85.8,100500.0,0.6,28.77,3.2,75.0,53.93,44.63,30.76,0.5947,8,1,1
0.96,102611.4,0.1108,34.81,0.01,20.0,0.77,0.59,32.84,0.1259,6,1,0
103.18,100110.8,0.6558,29.31,4.68,79.11,84.89,67.66,27.82,0.6805,9,1,1
29.15,100500.0,0.35,29.38,2.43,67.95,15.28,10.94,28.34,0.3522,6,1,0
12.38,102068.4,0.2004,21.26,2.39,36.81,7.68,6.64,20.82,0.2026,11,0,0
4.35,101406.0,0.1163,19.58,0.12,28.09,3.07,2.55,21.43,0.1078,1,0,0
299.0,98022.2,0.8438,28.05,7.89,94.76,227.27,180.0,29.76,0.8699,12,0,1
189.96,99590.5,0.7432,33.89,5.49,87.12,155.73,122.96,33.5,0.7709,8,1,1
304.77,98756.3,0.8536,32.5,8.65,98.34,221.87,169.25,34.42,0.8383,8,1,1
294.65,98053.7,0.8706,31.65,8.56,91.23,210.04,170.57,32.21,0.8912,8,1,1
155.93,99890.9,0.6502,26.25,6.01,81.53,114.32,69.58,25.93,0.6527,7,1,1
245.29,99381.5,0.8655,31.24,7.49,87.03,165.3,140.01,32.66,0.853,7,1,1
299.22,98325.8,0.9232,22.46,9.22,99.15,184.0,116.45,22.62,0.92,8,1,1
223.25,98961.7,0.7824,24.26,6.44,85.95,144.75,105.48,24.37,0.774,6,1,1
18.18,101192.2,0.2679,19.23,1.31,50.79,10.73,7.51,19.74,0.2493,1,0,0
1.6,101974.9,0.0838,30.71,0.45,22.44,1.37,1.21,32.27,0.0888,7,1,0
250.48,99613.1,0.8046,28.27,7.18,89.99,206.7,155.12,27.1,0.7862,6,1,1
294.49,98387.5,0.8565,21.6,5.67,95.21,210.81,135.88,23.07,0.8697,8,1,1
306.37,98641.1,0.9062,28.37,8.67,88.51,198.58,146.12,27.84,0.88,7,1,1
15.61,101818.3,0.1916,21.37,1.45,47.79,12.87,7.13,22.1,0.1791,6,1,0
9.66,101347.8,0.1803,28.51,1.9,36.35,6.94,5.08,26.7,0.1873,12,0,0
12.52,101232.9,0.2058,28.32,2.21,39.56,6.4,3.32,26.33,0.1883,6,1,0
218.13,99104.5,0.7864,26.99,4.54,85.32,126.73,91.77,28.73,0.8125,6,1,1
321.9,98286.0,0.8904,29.05,10.41,94.57,250.0,180.0,27.68,0.9099,8,1,1
263.6,99025.2,0.8265,23.22,9.29,93.4,195.92,156.15,22.44,0.8104,8,1,1
183.74,99448.7,0.7415,20.32,4.22,82.1,132.85,75.98,21.65,0.7155,7,1,1
4.32,101780.0,0.147,35.05,0.0,32.01,2.79,2.42,33.57,0.1408,12,0,0
17.77,101342.1,0.2591,18.34,3.28,54.91,9.68,7.29,17.64,0.2402,6,1,0
10.6,101313.2,0.1704,26.18,2.16,38.39,6.26,5.56,25.49,0.1796,11,0,0
226.91,99542.9,0.7903,20.0,6.53,87.59,173.74,119.0,19.04,0.7847,3,0,1
27.4,100943.1,0.3499,29.41,0.76,63.58,18.89,10.31,27.92,0.3314,6,1,0
204.76,99121.3,0.7929,20.25,5.67,84.92,147.88,114.03,19.64,0.7755,8,1,1
0.06,102333.4,0.1031,25.01,0.95,21.91,0.04,0.04,24.45,0.1022,5,0,0
10.6,102499.7,0.1886,18.89,0.4,34.92,7.02,4.29,17.49,0.1871,9,1,0
344.27,98382.4,0.95,29.81,10.03,100.0,250.0,180.0,29.17,0.9213,12,0,1
307.34,98094.7,0.8798,23.67,9.85,92.98,219.34,135.33,22.64,0.8545,8,1,1
162.03,99629.5,0.6985,32.24,4.21,79.62,96.63,61.52,33.71,0.6898,1,0,1
200.55,99295.7,0.7601,25.29,6.06,89.04,160.82,133.65,26.25,0.7881,3,0,1
154.41,99492.5,0.6089,23.97,3.55,85.95,91.74,68.92,24.58,0.6142,8,1,1
138.9,99993.3,0.6712,23.27,3.3,84.37,85.79,47.55,25.1,0.6666,1,0,1
286.1,98360.6,0.8563,28.38,9.28,88.91,191.02,159.8,27.78,0.8748,9,1,1
231.42,98978.7,0.7868,30.86,4.65,81.5,174.56,115.65,30.76,0.8166,6,1,1
29.3,101079.3,0.35,23.13,5.0,70.0,20.0,14.12,21.18,0.3587,1,0,0
23.98,101196.5,0.2667,33.45,2.79,58.51,19.19,12.6,34.68,0.262,11,0,0
227.45,99060.3,0.7792,21.53,5.41,90.56,181.73,109.23,21.84,0.7577,6,1,1
293.54,98222.3,0.8335,29.11,5.47,97.76,220.31,151.26,29.33,0.8603,7,1,1
13.32,101311.7,0.1551,32.58,2.41,43.81,7.38,4.99,31.67,0.1575,10,0,0
318.31,98553.9,0.9128,22.5,6.64,90.76,216.74,134.82,24.08,0.9426,11,0,1
13.95,101193.5,0.2359,23.69,0.23,38.39,12.02,6.83,24.14,0.2545,10,0,0
26.88,100765.8,0.291,34.12,3.11,64.2,16.7,13.47,35.08,0.2718,1,0,0
250.21,99068.4,0.841,21.03,9.64,92.12,159.62,120.3,20.76,0.8182,5,0,1
26.61,100670.5,0.334,23.32,3.81,69.01,16.04,13.84,22.07,0.3423,9,1,0
0.23,103000.0,0.0934,31.73,0.3,20.0,0.17,0.1,30.95,0.1015,11,0,0
23.87,100952.3,0.302,31.5,3.76,55.82,12.46,6.65,31.37,0.3007,10,0,0
183.2,99402.2,0.721,27.69,4.3,84.77,149.85,93.55,29.58,0.7311,6,1,1
25.24,100978.2,0.3098,31.69,0.46,54.19,20.0,11.35,31.6,0.2994,5,0,0
273.0,98631.5,0.8577,23.78,8.32,93.95,223.1,155.3,22.1,0.8484,3,0,1
24.71,100598.0,0.3139,27.19,1.68,60.52,16.84,10.67,27.8,0.3172,1,0,0
174.09,99478.3,0.7611,29.1,4.28,86.2,113.46,85.73,27.28,0.787,7,1,1
328.32,98245.1,0.916,20.0,9.12,96.16,234.66,180.0,18.52,0.9094,7,1,1
19.3,100679.4,0.2725,24.21,1.9,50.58,11.53,8.39,24.56,0.2668,3,0,0
10.07,101598.1,0.181,34.42,1.91,33.06,6.87,5.54,35.5,0.1701,12,0,0
80.88,100500.0,0.618,32.2,3.73,78.54,57.8,47.23,33.56,0.6303,6,1,1
303.27,98388.3,0.9027,26.98,5.89,95.3,196.54,108.99,26.17,0.9006,9,1,1
96.48,100056.9,0.6244,31.1,4.61,80.48,57.53,40.0,31.87,0.6205,8,1,1
15.0,101296.9,0.2553,32.23,1.82,42.76,9.29,7.63,32.8,0.247,10,0,0
157.33,100038.4,0.7047,29.48,4.95,83.65,90.87,58.13,29.47,0.6804,8,1,1
7.49,102294.5,0.1387,26.85,0.0,24.74,4.73,4.08,28.67,0.1568,1,0,0
0.52,102546.2,0.0939,35.96,0.0,27.42,0.33,0.25,37.09,0.1023,10,0,0
24.58,100500.0,0.319,33.35,2.73,58.12,14.23,8.36,33.79,0.334,5,0,0
23.45,100825.6,0.3467,36.78,1.4,55.56,19.35,14.16,36.68,0.3354,1,0,0
25.25,100814.8,0.3078,27.53,1.95,55.84,20.0,15.0,27.81,0.3266,2,0,0
12.12,101211.7,0.1825,35.62,2.27,38.94,8.28,5.21,37.19,0.1795,5,0,0
28.67,100500.0,0.3209,36.76,4.79,63.58,20.0,15.0,36.3,0.3022,5,0,0
113.6,100500.0,0.6688,31.93,5.49,81.46,84.54,55.08,31.43,0.6723,6,1,1
26.77,100864.8,0.3431,20.09,4.53,70.0,20.0,12.38,20.32,0.3608,7,1,0
188.05,99378.7,0.6955,26.42,6.41,88.69,118.98,78.49,24.75,0.7099,9,1,1
20.49,101524.9,0.2561,30.34,2.14,55.06,17.48,15.0,30.04,0.2632,11,0,0
347.64,98000.0,0.95,27.39,7.73,100.0,225.76,131.05,29.05,0.9759,9,1,1
324.19,98394.9,0.9322,25.72,6.13,100.0,208.07,176.52,26.44,0.9223,9,1,1
1.89,102623.6,0.08,23.87,0.24,20.0,1.46,1.17,25.16,0.0796,3,0,0
28.07,101077.4,0.3222,25.18,2.2,63.66,19.04,15.0,23.61,0.3369,5,0,0
6.2,101511.4,0.1019,33.2,0.88,31.85,4.37,2.7,33.53,0.1059,12,0,0
8.95,101732.5,0.2319,32.63,0.0,34.7,5.89,4.52,32.76,0.2215,10,0,0
16.6,101890.7,0.1829,25.64,2.21,54.45,10.59,9.52,27.4,0.1703,11,0,0
95.05,100074.9,0.6175,24.5,3.0,75.0,62.61,41.97,24.17,0.6299,7,1,1
202.97,99362.4,0.7611,27.66,5.11,88.31,158.29,101.71,29.54,0.7488,10,0,1
243.37,98933.4,0.8783,28.82,6.47,85.84,179.5,128.46,29.3,0.8513,6,1,1
15.89,101316.7,0.1894,29.07,1.72,52.01,9.15,7.38,28.14,0.1867,9,1,0
155.18,99841.6,0.7422,28.9,7.61,85.57,127.98,104.43,27.76,0.7529,9,1,1
317.74,98588.3,0.9224,22.37,6.08,97.98,250.0,174.46,24.36,0.9013,8,1,1
19.45,100839.1,0.243,26.3,2.33,49.45,14.25,7.25,25.71,0.2302,10,0,0
338.06,98147.6,0.9339,32.95,6.64,100.0,239.75,136.74,31.97,0.9461,7,1,1
18.63,100691.2,0.2479,22.69,0.89,58.47,14.16,10.15,24.54,0.2302,2,0,0
242.06,99120.8,0.7885,24.17,5.65,89.73,151.57,100.17,26.12,0.8175,7,1,1
283.52,98905.4,0.8987,32.62,8.87,94.98,177.21,135.36,33.18,0.9126,4,0,1
4.28,101770.0,0.0976,19.86,0.25,26.53,2.56,2.06,18.0,0.0984,2,0,0
267.14,98603.8,0.9146,32.07,7.91,90.71,186.82,131.67,33.85,0.9335,2,0,1
26.8,100500.0,0.35,18.73,2.86,61.25,14.82,9.02,17.42,0.3545,1,0,0
334.01,98249.2,0.9243,31.68,7.28,95.8,217.37,180.0,33.54,0.9348,4,0,1
6.6,102574.0,0.1618,35.78,1.24,27.1,3.94,3.12,34.53,0.1505,3,0,0
13.63,101429.4,0.2014,34.81,2.49,45.94,7.67,5.61,35.45,0.2062,7,1,0
15.2,101331.4,0.192,22.54,1.29,43.68,13.47,10.28,22.72,0.2106,5,0,0
9.56,101339.9,0.154,36.97,2.31,36.24,8.11,6.4,35.97,0.1646,5,0,0
168.37,99701.9,0.7451,32.22,3.03,84.55,96.88,55.62,33.56,0.7413,6,1,1
18.25,100918.7,0.2345,20.45,1.96,51.63,10.7,5.56,22.11,0.2388,6,1,0
18.53,100954.0,0.2449,32.4,2.8,49.68,10.14,5.63,34.34,0.2377,7,1,0
23.83,101080.2,0.2855,35.25,0.75,52.81,15.77,12.1,37.24,0.2743,8,1,0
93.09,100500.0,0.662,32.31,3.0,79.33,55.59,40.0,32.06,0.662,6,1,1
16.58,101233.4,0.2027,31.17,1.68,46.74,11.97,8.6,30.1,0.2193,9,1,0
141.76,99760.0,0.7083,24.08,5.57,82.62,109.27,87.78,23.55,0.6916,7,1,1
23.82,100500.0,0.2767,25.8,2.31,57.8,16.19,13.21,27.36,0.2865,11,0,0
22.58,100500.0,0.2943,20.45,1.79,54.93,14.6,11.2,19.76,0.2956,7,1,0
1.13,102890.1,0.08,37.87,0.08,20.0,0.91,0.59,39.16,0.088,8,1,0
235.06,98841.7,0.8441,23.16,5.03,90.27,148.61,100.37,24.15,0.8239,7,1,1
14.63,101312.6,0.2139,29.54,1.29,42.66,8.08,6.14,31.12,0.2324,12,0,0
3.66,102622.7,0.1383,18.53,0.03,33.02,1.85,1.21,18.95,0.1321,9,1,0
115.15,100297.7,0.6266,25.44,3.36,75.0,96.88,66.97,27.35,0.6091,9,1,1
12.09,102480.0,0.2181,28.06,1.72,42.15,9.1,7.72,26.85,0.2244,1,0,0
3.98,102358.2,0.1251,22.57,0.04,27.49,2.9,2.42,23.28,0.1081,11,0,0
24.58,101038.6,0.3057,29.23,3.1,65.14,20.0,10.69,27.71,0.3089,10,0,0
235.87,99160.7,0.8247,30.03,6.46,91.01,182.74,128.44,29.31,0.8357,8,1,1
131.43,100043.2,0.627,34.31,4.69,78.66,103.12,81.64,32.62,0.6473,7,1,1
89.35,100500.0,0.6141,31.51,3.96,75.0,63.88,42.37,30.73,0.6174,8,1,1
17.48,101479.2,0.2269,21.47,0.67,47.74,10.99,6.81,20.36,0.2411,3,0,0
282.25,98912.4,0.8934,28.45,10.24,98.12,165.84,136.14,29.8,0.8816,8,1,1
16.31,100810.5,0.2311,26.29,1.4,48.12,10.0,8.28,27.32,0.2471,11,0,0
248.56,99185.8,0.7957,20.18,7.43,97.55,196.82,114.21,21.99,0.8013,9,1,1
28.1,100500.0,0.3494,29.91,3.03,69.27,15.04,8.91,31.0,0.3681,3,0,0
339.04,98497.9,0.95,20.0,8.27,99.24,250.0,146.92,19.98,0.9254,7,1,1
344.77,98302.7,0.95,24.35,11.58,100.0,247.59,164.86,24.13,0.9341,7,1,1
190.3,99092.9,0.7501,21.18,4.64,91.65,146.0,89.92,21.88,0.769,9,1,1
21.56,101452.8,0.2939,18.09,2.88,52.36,16.04,11.77,19.12,0.2827,5,0,0
29.82,100500.0,0.35,21.45,5.0,66.78,20.0,13.12,19.85,0.3304,9,1,0
22.0,100552.4,0.2915,24.36,3.42,55.9,16.75,11.9,23.53,0.2719,11,0,0
334.09,98327.7,0.95,24.52,4.7,94.11,250.0,180.0,24.05,0.9667,3,0,1
6.89,102218.1,0.1654,19.51,1.26,27.62,5.85,2.99,20.98,0.1494,6,1,0
297.9,98528.5,0.8168,31.26,5.71,94.49,183.9,120.42,31.54,0.835,8,1,1
6.29,102113.8,0.1327,27.48,0.1,33.25,4.17,3.7,28.18,0.1446,5,0,0
194.77,99924.5,0.7973,23.02,5.54,87.62,111.83,87.18,23.66,0.7974,6,1,1
4.69,102157.4,0.1131,18.34,0.18,21.84,4.12,2.78,19.47,0.0945,7,1,0
1.25,102160.8,0.0946,29.28,0.0,23.08,1.05,0.84,28.16,0.0811,4,0,0
15.71,100904.6,0.1889,31.21,1.62,47.86,10.15,5.9,32.24,0.202,9,1,0
5.44,102340.7,0.159,28.0,0.04,28.45,4.36,2.3,29.55,0.1546,11,0,0
121.17,99629.7,0.6389,32.85,3.53,76.77,68.06,43.38,33.53,0.6416,6,1,1
18.35,100864.0,0.2457,27.41,1.59,52.22,11.99,7.96,26.48,0.2578,9,1,0
27.43,100500.0,0.3356,27.07,3.22,62.24,19.58,10.3,26.14,0.3388,4,0,0
26.43,100605.3,0.3123,33.52,4.63,56.07,20.0,13.33,33.22,0.3172,7,1,0
11.67,101042.2,0.234,36.89,1.34,40.85,10.05,8.93,38.78,0.2454,8,1,0
17.64,101328.6,0.2241,21.37,2.33,47.94,14.04,7.34,22.38,0.2251,7,1,0
94.75,100500.0,0.6,23.75,3.0,75.0,67.5,49.01,23.44,0.5988,5,0,1
214.56,99135.8,0.7387,32.16,7.88,85.91,145.48,105.98,31.85,0.7258,8,1,1
17.99,100853.4,0.2618,24.94,1.42,46.23,15.39,13.41,24.44,0.2583,8,1,0
21.53,101976.4,0.2758,30.67,2.36,52.25,13.1,11.02,32.6,0.2777,3,0,0
29.08,101168.7,0.3237,32.48,4.04,66.0,15.15,9.94,32.96,0.3172,1,0,0
238.78,99380.2,0.8237,27.78,6.92,87.7,178.61,145.21,29.71,0.8357,7,1,1
6.02,102510.1,0.1269,35.72,0.0,27.29,5.24,2.84,36.4,0.141,3,0,0
23.81,101010.4,0.3106,23.83,3.09,61.14,20.0,13.69,25.51,0.2923,5,0,0
143.31,99607.6,0.6652,31.09,4.3,80.82,90.55,60.4,29.22,0.6563,9,1,1
245.93,99083.1,0.8561,20.72,7.86,94.96,151.4,120.04,19.16,0.8628,10,0,1
191.66,99595.2,0.7294,25.16,7.26,85.16,143.7,100.05,25.06,0.7527,9,1,1
18.9,101055.2,0.2351,22.35,2.51,51.02,10.59,9.13,20.56,0.2415,1,0,0
12.42,101809.3,0.1921,19.01,0.5,40.37,8.51,5.46,18.49,0.1881,3,0,0
17.05,101700.8,0.2179,33.24,1.67,46.98,8.63,7.25,31.62,0.216,6,1,0
0.8,103000.0,0.1125,19.02,1.07,27.2,0.6,0.49,17.77,0.1232,8,1,0
211.82,99205.9,0.7525,22.2,5.89,89.02,165.26,91.05,21.72,0.7766,4,0,1
279.68,99121.2,0.8798,31.45,5.87,94.11,156.5,90.41,32.1,0.9001,6,1,1
28.04,100961.6,0.3185,33.67,0.98,66.2,20.0,15.0,35.23,0.3128,6,1,0
3.69,102270.9,0.111,30.05,0.09,21.62,3.16,2.02,30.47,0.1056,4,0,0
338.59,98475.4,0.8859,30.41,8.1,100.0,250.0,165.73,30.99,0.875,12,0,1
206.06,99224.1,0.7688,26.01,9.07,84.58,123.77,77.7,26.1,0.7811,9,1,1
27.18,100967.7,0.3204,26.55,3.82,62.95,20.0,11.01,27.66,0.3208,3,0,0
0.42,102075.9,0.0875,21.06,0.0,23.77,0.22,0.18,19.76,0.0744,9,1,0
345.17,98000.0,0.929,28.69,7.69,100.0,250.0,180.0,28.95,0.9079,11,0,1
10.03,101276.9,0.1739,20.49,1.63,36.66,7.98,4.4,20.18,0.1596,7,1,0
24.27,101331.0,0.3109,32.83,3.6,60.42,20.0,14.96,31.99,0.3138,7,1,0
25.3,100500.0,0.2763,23.75,2.29,62.36,14.83,10.37,22.35,0.2822,2,0,0
22.12,101115.8,0.3341,19.97,3.38,52.19,15.01,7.91,20.4,0.3283,5,0,0
303.59,98345.4,0.8816,25.24,5.14,93.23,201.81,150.36,25.62,0.8967,11,0,1
88.43,100500.0,0.6495,29.09,3.0,75.0,50.79,40.0,28.64,0.6322,8,1,1
14.67,101662.1,0.2195,26.68,0.36,49.57,10.78,6.19,26.95,0.2284,11,0,0
22.54,100856.5,0.3104,20.03,3.79,59.31,19.01,13.25,21.01,0.3152,12,0,0
12.55,102035.2,0.2041,36.74,2.2,45.51,10.07,6.23,38.36,0.215,6,1,0
18.58,100500.0,0.2399,18.35,1.68,55.26,13.56,8.98,17.63,0.2307,8,1,0
4.81,101678.8,0.0981,21.63,0.63,32.98,3.53,2.75,20.99,0.1138,3,0,0
97.91,100170.1,0.6005,32.24,5.17,75.5,68.19,50.13,33.74,0.6109,7,1,1
226.96,99101.4,0.8124,33.39,5.28,88.25,163.58,95.06,33.98,0.8091,7,1,1
267.23,98716.7,0.8662,21.25,6.3,94.28,197.98,112.7,21.03,0.8716,1,0,1
26.09,100500.0,0.3341,18.37,1.91,64.43,15.45,12.76,19.28,0.3505,7,1,0
203.97,98977.0,0.7543,22.96,8.11,86.16,171.33,138.21,24.21,0.736,6,1,1
240.47,99092.7,0.7783,26.62,7.19,85.82,153.97,107.35,27.15,0.7618,12,0,1
1.61,102326.5,0.103,20.87,1.33,20.4,1.04,0.84,22.18,0.123,10,0,0
137.54,99930.1,0.7268,30.65,5.06,80.85,110.85,80.07,29.18,0.7435,6,1,1
224.99,99263.6,0.7739,32.47,5.16,91.65,191.11,121.79,33.16,0.7751,6,1,1
24.32,100706.3,0.3145,23.69,0.93,62.66,18.36,11.16,23.41,0.3309,5,0,0
258.14,99539.8,0.9085,24.79,5.5,94.46,191.7,112.54,24.73,0.9227,8,1,1
5.05,102549.4,0.1447,19.93,0.6,26.84,3.27,1.96,21.84,0.1259,2,0,0
81.92,100500.0,0.6,21.99,3.0,79.4,62.29,41.62,20.65,0.5839,6,1,1
295.29,98149.7,0.8696,25.69,7.73,91.62,228.9,138.76,25.32,0.8402,6,1,1
87.84,100267.1,0.6462,20.49,4.79,78.06,58.55,40.05,21.09,0.6661,6,1,1
304.17,98336.6,0.8912,21.35,7.19,95.88,184.63,108.26,19.83,0.8852,9,1,1
224.66,99350.5,0.7876,24.83,4.48,88.58,139.36,92.32,24.87,0.7965,9,1,1
6.16,101877.4,0.1524,26.56,0.15,29.03,3.4,2.24,25.99,0.1629,6,1,0
14.35,101602.5,0.2145,35.43,1.57,55.74,9.99,8.22,34.83,0.2156,6,1,0
29.01,101054.1,0.3423,33.97,0.72,70.0,19.02,12.56,32.23,0.3559,9,1,0
22.4,100847.6,0.2581,23.47,2.92,51.25,13.11,8.06,23.63,0.2578,10,0,0
15.15,102169.4,0.1729,33.69,0.2,45.0,11.69,8.4,33.7,0.1806,7,1,0
13.27,101992.9,0.19,27.43,1.19,44.9,9.36,8.25,26.58,0.1814,1,0,0
5.5,102116.8,0.1454,22.35,0.0,27.32,2.88,1.94,22.15,0.1467,12,0,0
27.16,101172.6,0.3108,21.42,3.62,68.6,20.0,15.0,21.13,0.3182,10,0,0
1.77,102359.7,0.1169,30.88,0.76,20.61,0.92,0.52,32.13,0.1213,10,0,0
329.83,98034.4,0.9367,21.01,3.95,100.0,250.0,180.0,20.46,0.9257,7,1,1
4.8,101839.2,0.1155,31.87,0.78,32.65,3.89,3.01,30.66,0.1031,9,1,0
168.6,99857.4,0.7076,28.92,5.66,84.07,109.52,74.42,30.51,0.7175,8,1,1
293.06,98680.9,0.8651,25.38,9.17,96.44,176.18,97.09,25.78,0.8722,4,0,1
291.97,99032.9,0.8873,33.4,9.0,97.85,230.35,180.0,33.47,0.8713,6,1,1
26.51,100758.2,0.3055,28.93,2.03,64.86,20.0,13.96,27.78,0.2994,11,0,0
143.19,99950.6,0.6443,24.95,5.13,83.81,97.67,55.73,22.97,0.6581,8,1,1
6.89,102073.0,0.1529,22.95,0.51,34.87,6.1,5.29,21.44,0.1652,7,1,0
8.59,101907.3,0.1705,29.19,0.9,23.9,5.27,3.63,30.06,0.1873,5,0,0
23.8,100997.6,0.2984,35.99,2.88,60.09,13.68,11.72,34.14,0.2804,3,0,0
20.62,100653.2,0.2722,37.8,2.95,62.25,16.94,12.04,39.28,0.2833,6,1,0
260.58,99113.3,0.8144,22.24,3.71,92.64,201.33,154.74,24.12,0.8072,6,1,1
14.3,101374.7,0.2057,36.55,2.74,37.97,12.83,9.72,36.7,0.1953,2,0,0
296.06,98689.9,0.9253,28.73,8.36,94.91,217.16,127.36,30.71,0.912,8,1,1
235.05,98871.4,0.821,25.84,10.12,92.46,191.63,143.71,25.12,0.8442,7,1,1
12.62,101767.9,0.1765,20.9,1.84,43.17,10.57,6.7,20.34,0.1668,12,0,0
215.15,99154.4,0.7405,22.54,6.18,85.64,174.38,141.68,23.0,0.7559,1,0,1
164.41,99090.5,0.7182,27.19,4.45,82.75,134.27,74.44,29.0,0.7228,6,1,1
19.54,101157.0,0.2506,32.97,2.49,51.68,10.59,7.41,33.62,0.2414,5,0,0
288.01,98542.5,0.7849,23.34,12.0,96.68,220.68,138.38,23.52,0.8131,9,1,1
18.77,102093.1,0.2548,26.47,1.1,53.65,9.39,5.96,25.05,0.2578,9,1,0
29.71,100500.0,0.3329,34.27,3.26,70.0,18.25,15.0,35.92,0.345,11,0,0
120.47,100162.5,0.6,25.05,4.8,82.96,82.52,55.41,24.7,0.5928,8,1,1
338.67,98114.9,0.9481,22.24,6.48,97.9,230.72,173.54,21.52,0.9581,10,0,1
17.77,101587.2,0.2147,27.02,1.55,50.14,15.24,13.35,27.43,0.202,1,0,0
10.32,101074.0,0.1909,23.82,1.67,43.14,5.79,3.62,25.07,0.1787,5,0,0
24.91,101998.3,0.2511,19.87,3.61,56.19,15.3,12.42,20.66,0.2388,8,1,0
272.38,98258.6,0.8674,27.75,8.01,91.09,160.87,132.14,28.53,0.8958,6,1,1
19.63,101759.8,0.2562,18.76,2.89,51.86,12.38,6.97,19.22,0.2661,6,1,0
13.06,101529.4,0.1587,34.0,1.86,38.95,9.7,8.72,34.87,0.1604,9,1,0
347.66,98301.1,0.95,26.6,9.94,100.0,241.53,180.0,26.63,0.9681,6,1,1
29.12,100502.1,0.3443,35.98,4.09,70.0,20.0,12.69,34.42,0.3638,6,1,0
19.88,100746.8,0.2385,23.0,2.5,47.84,14.35,7.23,24.9,0.2294,10,0,0
0.23,102735.4,0.08,32.58,0.0,21.15,0.2,0.11,33.17,0.0787,11,0,0
16.85,101192.9,0.2079,35.86,2.07,56.72,10.53,9.14,37.15,0.2163,1,0,0
18.01,100637.4,0.2213,19.8,0.59,48.73,13.67,11.48,20.54,0.2202,3,0,0
133.04,99874.0,0.6691,21.97,4.66,82.21,96.38,80.43,20.26,0.6762,8,1,1
13.28,101727.0,0.2207,19.24,0.28,35.89,7.69,6.44,21.2,0.2155,2,0,0
88.85,100500.0,0.6517,23.63,3.53,79.93,71.49,40.0,24.41,0.6516,11,0,1
3.56,102129.7,0.1084,21.97,0.64,21.52,1.91,1.64,22.45,0.1176,4,0,0
317.91,98643.5,0.9051,21.38,7.51,99.05,226.17,180.0,22.91,0.9286,12,0,1
14.6,101550.5,0.1888,19.33,2.79,41.73,10.56,9.14,20.45,0.1849,7,1,0
15.76,101530.3,0.2481,26.86,1.08,48.22,13.29,11.75,26.17,0.2543,6,1,0
19.33,101496.2,0.2542,20.91,1.22,48.48,13.85,11.8,22.8,0.2451,5,0,0
327.0,98072.3,0.8783,26.77,9.79,94.48,201.8,113.18,26.15,0.8832,7,1,1
302.8,98685.4,0.9032,23.42,10.48,99.87,230.99,180.0,24.69,0.8889,1,0,1
19.41,101939.7,0.2953,32.23,2.55,54.44,12.72,10.63,32.8,0.3146,6,1,0
223.45,99130.0,0.8382,24.56,8.82,86.22,152.81,117.35,26.22,0.8368,6,1,1
198.56,99694.2,0.7447,33.7,5.73,87.82,123.11,73.13,32.62,0.7455,2,0,1
19.24,100940.9,0.2189,32.47,1.18,50.02,12.42,9.97,30.65,0.2315,11,0,0
284.67,98953.2,0.9324,33.73,10.59,90.23,199.36,153.09,34.86,0.9094,4,0,1
7.7,102280.0,0.1385,30.22,1.2,31.08,4.15,2.41,30.77,0.1251,5,0,0
14.44,101700.4,0.2016,36.07,1.04,43.49,11.44,9.26,35.87,0.192,6,1,0
298.6,98038.1,0.8796,25.2,6.72,95.86,179.21,137.39,24.21,0.8851,1,0,1
207.37,98975.6,0.7681,23.51,5.19,91.04,127.62,74.16,22.74,0.74,7,1,1
186.92,99904.3,0.7081,32.85,4.19,90.31,122.67,101.35,32.36,0.7318,7,1,1
115.51,100041.2,0.6592,23.34,3.0,79.35,87.76,70.82,23.14,0.6603,9,1,1
238.9,99269.2,0.8104,22.42,6.04,85.33,151.57,85.08,20.85,0.8343,7,1,1
15.72,101693.2,0.2413,26.01,2.91,46.06,10.43,7.35,26.31,0.261,4,0,0
6.36,102665.7,0.138,24.49,0.61,35.64,4.56,3.44,23.21,0.1323,4,0,0
236.41,98747.1,0.8346,25.33,6.26,92.83,199.44,118.51,26.28,0.8298,1,0,1
3.6,101545.9,0.1333,19.59,0.0,26.14,2.37,1.6,19.13,0.1143,9,1,0
25.13,100500.0,0.3073,33.04,1.64,56.6,20.0,14.91,34.26,0.3219,2,0,0
187.87,99895.4,0.7279,23.56,7.01,83.87,135.84,88.9,21.99,0.7121,9,1,1
12.03,101783.8,0.1984,22.39,1.99,36.79,8.57,5.68,22.91,0.1875,8,1,0
6.37,102782.0,0.1283,31.64,0.21,28.08,4.2,2.44,31.18,0.1473,6,1,0
18.67,101622.7,0.2628,33.73,1.71,51.86,13.61,9.48,35.57,0.258,8,1,0
9.2,100989.1,0.1286,26.67,0.0,35.82,4.66,2.84,27.02,0.1106,11,0,0
6.8,101898.8,0.1573,36.44,0.55,27.46,5.95,3.66,38.2,0.168,3,0,0
291.9,98739.8,0.8361,29.17,6.94,94.57,233.94,157.56,28.53,0.8297,6,1,1
115.96,100295.5,0.6298,34.35,3.0,77.37,66.21,46.69,34.98,0.6567,3,0,1
1.78,102332.2,0.1133,18.04,0.26,20.0,0.92,0.57,18.46,0.1281,8,1,0
12.51,101398.9,0.1762,23.37,0.78,47.92,8.14,6.32,22.45,0.1878,2,0,0
233.43,98926.1,0.8422,25.94,8.35,85.79,159.79,89.97,24.39,0.8209,9,1,1
168.4,99495.2,0.6987,20.0,5.44,79.99,96.72,79.42,21.24,0.6744,6,1,1
118.3,99915.0,0.6679,31.49,4.48,83.96,80.93,51.2,33.18,0.6531,11,0,1
24.9,100500.0,0.2699,32.72,2.8,58.32,20.0,15.0,34.12,0.2759,12,0,0
247.65,99103.7,0.8461,25.9,5.65,91.15,152.69,106.38,25.34,0.8557,8,1,1
29.92,100857.5,0.35,31.9,1.07,65.88,17.79,15.0,31.35,0.3699,6,1,0
2.66,102505.9,0.1099,35.7,0.4,22.37,2.12,1.64,36.97,0.1264,1,0,0
4.19,101576.7,0.1152,22.06,1.25,27.92,2.45,1.82,22.58,0.1327,5,0,0
303.46,98487.2,0.8663,20.0,7.52,92.46,250.0,141.44,19.49,0.8461,8,1,1
93.64,100500.0,0.6496,25.38,3.15,80.45,74.93,58.91,24.04,0.627,7,1,1
10.05,102288.3,0.191,27.79,1.92,39.02,8.78,7.84,27.89,0.1939,11,0,0
14.31,101667.5,0.2199,18.64,2.0,43.38,11.1,6.34,17.14,0.2396,9,1,0
193.92,99402.1,0.7457,27.06,6.76,90.8,143.34,116.96,26.69,0.7555,7,1,1
200.43,99335.0,0.7851,26.36,6.48,82.07,141.94,118.06,27.07,0.7961,7,1,1
18.09,101227.2,0.25,36.27,1.37,48.24,14.42,11.89,36.94,0.2612,4,0,0
241.5,98980.6,0.834,27.32,7.12,90.27,165.69,110.96,26.57,0.8192,6,1,1
92.51,100500.0,0.6,22.31,3.74,76.86,78.1,43.11,22.69,0.5991,7,1,1
17.22,101065.7,0.2632,22.9,2.68,47.1,9.79,5.02,21.24,0.2482,1,0,0
10.38,101487.1,0.1533,18.32,0.4,37.15,9.27,7.09,18.08,0.1642,9,1,0
196.34,99498.6,0.7602,31.95,4.23,86.22,115.72,84.11,32.96,0.7854,8,1,1
29.05,100500.0,0.3305,22.46,2.07,65.98,16.94,10.13,21.46,0.3375,12,0,0
268.78,98639.9,0.869,29.78,8.02,89.41,173.08,131.6,31.1,0.8723,9,1,1
323.33,98288.6,0.9053,20.57,5.77,97.32,191.08,151.32,21.28,0.891,8,1,1
14.19,101881.0,0.2161,31.29,0.54,43.25,7.68,6.32,30.72,0.2308,3,0,0
112.4,100438.1,0.6461,31.75,3.81,79.68,92.37,71.51,30.49,0.6344,9,1,1
282.86,98660.2,0.835,29.83,6.53,85.4,216.61,125.37,29.02,0.8123,9,1,1
125.41,100144.5,0.6521,24.86,4.17,75.0,96.02,59.66,25.28,0.6593,6,1,1
81.16,100288.2,0.6,24.45,3.0,75.0,54.34,42.63,25.37,0.6178,2,0,1
250.64,98309.0,0.8022,25.25,7.48,90.14,143.3,82.29,26.1,0.7823,6,1,1
227.52,99031.5,0.8096,29.84,6.22,92.21,145.42,92.37,31.01,0.828,9,1,1
215.11,99664.6,0.7333,22.62,6.35,90.75,136.66,109.49,21.91,0.7248,9,1,1
29.44,100602.5,0.3363,23.52,4.64,70.0,20.0,12.34,21.68,0.3487,2,0,0
316.34,98111.1,0.8741,30.46,4.21,96.1,179.46,148.91,31.69,0.8593,8,1,1
98.7,100500.0,0.6576,32.16,3.0,75.21,54.5,40.0,32.01,0.6309,6,1,1
190.65,99775.0,0.714,23.5,7.23,83.14,109.46,67.01,22.05,0.698,9,1,1
12.05,101938.6,0.1998,23.96,0.93,39.91,6.06,3.09,22.83,0.2078,9,1,0
27.68,100596.5,0.3119,36.79,4.58,55.2,20.0,15.0,38.32,0.3117,7,1,0
12.09,102414.0,0.1822,20.43,1.16,35.31,8.58,5.47,20.77,0.1789,12,0,0
179.23,99240.2,0.7558,31.69,5.48,80.25,117.17,73.98,32.98,0.7543,8,1,1
217.37,99992.9,0.8002,26.28,6.21,87.18,140.89,112.5,26.24,0.7981,6,1,1
178.66,99660.3,0.7267,31.44,6.35,84.86,110.11,66.63,29.65,0.7098,8,1,1
11.99,102304.1,0.2236,23.56,2.38,36.91,8.96,7.73,23.49,0.2278,6,1,0
80.38,99628.4,0.6069,31.45,4.25,75.0,55.93,46.13,33.35,0.6283,6,1,1
24.9,100572.7,0.2842,28.47,3.27,56.69,20.0,10.16,27.68,0.2839,12,0,0
21.65,100500.0,0.2548,22.67,3.64,54.72,17.79,12.75,21.17,0.2458,10,0,0
20.07,101456.4,0.2501,37.65,2.39,43.71,10.21,8.87,38.62,0.2345,10,0,0
10.29,102076.8,0.1417,18.96,0.0,36.51,8.03,4.26,17.7,0.1487,2,0,0
301.34,98501.7,0.8657,30.96,6.53,99.5,231.01,143.62,31.89,0.8728,9,1,1
340.45,98357.0,0.95,29.3,6.99,100.0,250.0,155.98,29.8,0.9334,12,0,1
237.38,99305.4,0.7583,21.9,6.36,88.53,188.89,128.52,22.77,0.7648,8,1,1
17.1,101071.6,0.267,27.06,0.59,42.99,8.71,4.46,27.33,0.2692,9,1,0
17.97,101633.3,0.2317,20.95,1.13,49.38,15.46,8.82,19.01,0.214,9,1,0
2.46,102216.8,0.1141,18.35,0.58,25.82,2.13,1.67,20.2,0.1237,9,1,0
200.48,99481.7,0.7684,20.64,5.37,88.97,143.28,99.95,22.18,0.7427,6,1,1
7.27,102767.0,0.0985,19.85,0.76,31.38,6.24,3.19,18.32,0.0897,12,0,0
6.52,102547.2,0.153,20.86,1.63,31.51,5.17,3.52,19.03,0.1546,10,0,0
14.17,101027.8,0.2123,28.66,1.67,41.97,12.56,8.42,27.79,0.2241,8,1,0
10.54,101787.0,0.1631,28.6,0.95,37.72,7.12,6.16,29.18,0.1774,6,1,0
161.57,99680.3,0.6799,30.72,5.58,77.35,127.38,73.64,32.08,0.706,5,0,1
276.58,98230.4,0.7916,20.17,7.28,92.32,200.86,164.96,20.32,0.772,6,1,1
150.2,99897.9,0.6992,25.76,3.67,86.36,96.72,53.49,24.04,0.7153,9,1,1
325.77,98549.6,0.95,29.91,6.49,100.0,199.91,131.97,31.28,0.9734,9,1,1
17.4,101321.4,0.2405,35.59,0.62,44.12,12.57,10.64,33.97,0.2387,10,0,0
4.41,102177.7,0.1067,34.32,0.0,25.04,3.3,2.18,36.25,0.0868,10,0,0
274.74,98294.4,0.8114,25.05,6.62,90.68,210.62,147.66,26.28,0.7913,6,1,1
191.56,99385.8,0.7145,25.33,5.51,89.77,117.76,93.87,26.77,0.7278,8,1,1
308.97,98387.1,0.95,24.93,5.31,98.66,249.15,180.0,23.36,0.9488,7,1,1
96.42,99966.0,0.6739,29.76,3.0,78.48,56.61,42.49,29.31,0.6456,10,0,1
114.05,100279.7,0.626,33.84,3.8,75.0,82.82,56.04,32.18,0.6205,8,1,1
276.89,98832.6,0.8622,30.55,5.94,100.0,212.88,154.9,29.97,0.8475,11,0,1
138.49,100098.0,0.6736,21.19,4.6,84.86,89.26,67.24,20.41,0.698,6,1,1
121.42,99821.1,0.6407,20.73,3.4,79.65,102.83,75.28,21.35,0.668,9,1,1
3.55,101910.4,0.1529,19.8,0.0,20.0,3.14,2.17,17.83,0.1351,7,1,0
228.54,98959.9,0.7388,26.05,3.77,90.47,138.95,81.4,25.79,0.7351,9,1,1
8.54,101851.9,0.1582,36.04,0.11,37.38,4.77,3.59,35.08,0.1474,2,0,0
101.27,100257.5,0.6255,31.36,3.0,78.86,76.76,59.02,30.02,0.6317,8,1,1
279.39,98753.6,0.8763,20.36,6.43,83.45,158.42,108.16,19.67,0.8925,8,1,1
146.06,99515.3,0.7326,26.27,5.03,83.48,116.33,81.12,26.6,0.7403,6,1,1
19.82,101694.7,0.258,28.86,0.47,48.44,16.44,11.0,30.13,0.24,9,1,0
22.09,100500.0,0.3026,35.45,1.91,57.67,18.79,9.47,33.46,0.2915,7,1,0
3.94,102798.7,0.1419,29.59,0.0,27.8,2.43,1.54,30.91,0.1394,11,0,0
29.43,100506.6,0.3139,25.15,4.32,70.0,20.0,15.0,23.53,0.2953,6,1,0
7.55,102166.4,0.1417,36.05,1.51,38.56,4.46,3.28,36.35,0.1592,7,1,0
248.39,99248.9,0.787,26.81,8.31,92.34,181.86,100.06,27.92,0.8121,6,1,1
9.03,101902.4,0.1487,28.92,1.74,39.54,5.16,4.11,27.06,0.16,6,1,0
12.9,102160.5,0.2269,28.97,1.2,44.25,6.67,5.94,30.57,0.2378,7,1,0
253.69,98871.2,0.8247,27.89,6.73,90.13,195.67,137.6,28.01,0.805,9,1,1
17.02,101482.4,0.2323,28.29,2.17,47.48,10.78,9.02,26.78,0.2333,6,1,0
245.09,99219.5,0.7848,31.81,6.2,94.53,152.97,129.51,30.06,0.8035,9,1,1
169.71,100273.8,0.694,33.69,3.0,85.68,141.07,88.51,34.69,0.6676,8,1,1
25.42,101077.0,0.3168,26.86,1.83,64.0,20.0,12.64,24.88,0.3076,4,0,0
5.15,102816.7,0.1562,26.53,0.0,22.89,3.66,2.97,28.15,0.1733,7,1,0
331.82,98000.6,0.9172,29.23,10.06,100.0,232.26,180.0,30.45,0.9375,12,0,1
288.92,98010.6,0.8803,31.83,5.48,95.65,219.28,164.27,32.63,0.8789,6,1,1
89.29,99976.4,0.6,26.2,3.0,76.6,56.17,40.64,24.59,0.6066,6,1,1
253.96,98738.6,0.8754,29.13,7.66,87.79,163.63,110.52,27.4,0.8604,8,1,1
7.0,102301.1,0.1022,32.91,1.13,32.11,4.04,2.19,31.9,0.0923,4,0,0
25.3,100710.0,0.3064,32.58,3.26,63.89,16.87,9.37,34.55,0.2972,6,1,0
11.94,101354.7,0.1781,18.57,1.5,41.51,8.57,6.02,19.9,0.1899,1,0,0
123.72,100500.0,0.6828,22.32,3.91,82.93,93.87,64.9,23.57,0.7109,7,1,1
21.38,101001.1,0.2948,24.57,1.24,61.15,14.44,8.42,22.72,0.2771,2,0,0
4.91,102190.9,0.1028,36.45,0.25,26.45,3.19,2.51,37.78,0.0924,2,0,0
29.02,100509.0,0.2969,20.09,2.53,63.31,20.0,14.34,18.86,0.3169,6,1,0
17.74,101137.1,0.2657,32.69,2.03,51.52,12.15,7.6,32.62,0.2658,3,0,0
17.17,100916.7,0.1905,36.13,2.31,44.45,14.7,11.62,34.72,0.1867,3,0,0
80.25,100500.0,0.6017,32.69,3.0,75.0,50.51,40.0,30.7,0.63,2,0,1
19.81,101507.1,0.2756,23.02,2.33,50.06,16.84,9.46,24.45,0.2819,8,1,0
1.59,103000.0,0.1306,31.73,0.25,22.39,1.34,0.9,33.05,0.1151,2,0,0
325.61,98626.7,0.9065,27.27,8.75,95.47,250.0,142.36,25.54,0.8976,8,1,1
268.2,98647.1,0.806,20.0,6.18,100.0,209.32,133.49,21.62,0.8092,2,0,1
27.23,101025.8,0.3178,34.28,5.0,66.89,20.0,15.0,33.22,0.3031,9,1,0
316.07,98542.2,0.874,27.59,5.66,97.07,250.0,179.71,27.85,0.8725,6,1,1
330.02,98254.1,0.9193,29.23,8.88,98.58,240.47,170.56,30.31,0.9186,7,1,1
13.66,101696.3,0.1768,34.03,2.02,47.15,10.12,8.58,35.82,0.1751,2,0,0
5.86,102011.8,0.1247,31.08,0.97,32.59,5.2,3.44,29.32,0.1134,8,1,0
346.19,98000.0,0.9262,28.2,7.59,98.05,250.0,180.0,28.55,0.8992,8,1,1
28.02,100979.1,0.315,25.44,2.33,66.32,18.55,13.9,27.08,0.3329,2,0,0
18.66,101001.6,0.2181,24.58,2.41,48.47,16.37,13.97,25.98,0.2069,1,0,0
17.76,101251.8,0.2477,22.94,2.26,55.75,10.61,8.47,24.2,0.2585,1,0,0
85.59,100139.7,0.6463,23.66,4.14,76.28,54.36,40.0,25.49,0.6655,9,1,1
17.26,101401.9,0.2291,34.88,1.32,42.66,14.56,8.92,36.28,0.2269,3,0,0
18.66,101505.5,0.2208,24.15,0.94,50.3,12.64,6.51,24.4,0.2335,4,0,0
28.56,100701.9,0.3041,19.02,2.28,59.65,20.0,12.94,18.49,0.305,3,0,0
25.6,100718.3,0.3087,30.55,2.7,58.94,20.0,13.21,29.9,0.3113,10,0,0
163.89,99431.3,0.6905,26.23,3.97,78.82,93.31,63.1,26.51,0.6796,6,1,1
272.08,98466.0,0.832,23.89,4.37,96.03,229.7,138.7,25.23,0.8614,11,0,1
9.48,102599.2,0.1802,21.37,0.2,40.99,6.13,3.46,22.98,0.1619,12,0,0
166.58,99205.9,0.7301,32.78,5.79,82.85,98.49,61.52,32.27,0.7131,8,1,1
3.32,102220.1,0.1317,33.5,0.69,20.0,2.87,1.88,34.93,0.1483,10,0,0
3.38,102247.2,0.1355,34.58,0.0,26.84,2.81,2.41,36.06,0.1462,10,0,0
82.22,100500.0,0.6,29.39,3.0,77.2,50.66,40.0,30.04,0.5989,7,1,1
7.4,101638.5,0.1428,28.35,0.38,37.25,6.63,3.47,29.36,0.1348,11,0,0
21.06,101847.3,0.2955,20.92,2.09,59.59,15.13,12.82,20.73,0.3123,4,0,0
26.43,100878.2,0.3039,31.7,3.45,61.36,18.0,14.7,30.23,0.3144,7,1,0
4.57,100621.6,0.1173,32.67,0.02,26.51,3.06,2.42,32.55,0.1289,2,0,0
4.21,102966.2,0.1327,28.67,0.0,23.96,3.21,1.76,28.11,0.1342,10,0,0
27.77,101711.1,0.35,32.8,0.26,66.96,15.11,8.02,33.65,0.3643,7,1,0
3.65,102812.4,0.08,37.32,0.39,31.28,1.99,1.25,38.97,0.0921,12,0,0
0.95,102338.6,0.0996,30.94,0.13,24.02,0.51,0.29,30.91,0.1036,4,0,0
21.64,101174.7,0.2738,27.54,0.53,56.46,12.19,6.86,27.96,0.2907,11,0,0
18.76,101396.3,0.2748,21.97,2.7,47.24,11.33,9.13,22.29,0.2615,9,1,0
20.12,101749.1,0.2512,19.48,1.61,43.59,10.99,8.17,21.35,0.2385,4,0,0
318.63,98084.7,0.9296,31.1,9.7,98.22,182.62,149.95,31.05,0.9118,3,0,1
4.94,102062.7,0.1241,18.83,0.98,29.16,3.67,3.07,17.76,0.1379,4,0,0
18.64,101209.0,0.2405,20.17,2.91,49.86,13.92,7.84,20.47,0.2367,6,1,0
289.09,98833.7,0.8667,23.86,4.05,96.55,169.93,109.63,22.44,0.8902,5,0,1
9.9,101422.6,0.1625,30.56,1.37,34.09,8.67,6.57,29.18,0.1772,9,1,0
153.6,100093.5,0.7141,21.5,7.15,83.94,118.14,91.95,22.31,0.6899,1,0,1
95.84,100065.5,0.6031,23.53,3.0,75.0,63.18,40.0,23.76,0.587,6,1,1
235.39,98689.6,0.7809,21.35,6.64,92.17,147.47,94.38,21.69,0.798,8,1,1
225.76,99168.4,0.7626,31.58,6.3,89.47,180.49,132.68,30.89,0.7513,6,1,1
145.39,99614.5,0.7162,22.07,3.69,80.63,111.42,70.23,20.81,0.7348,8,1,1
1.58,102641.9,0.1313,27.05,0.39,29.05,1.36,0.9,26.45,0.1186,6,1,0
176.27,99330.2,0.7373,20.0,3.0,86.05,99.07,81.05,19.35,0.7205,6,1,1
10.46,102248.9,0.1574,37.19,0.11,37.37,8.22,5.76,35.5,0.1749,6,1,0
5.82,102469.2,0.1381,27.2,0.95,24.9,3.3,1.71,27.81,0.1343,12,0,0
121.57,100105.7,0.6529,23.81,3.0,77.6,99.59,79.26,24.93,0.6578,6,1,1
154.73,100198.9,0.6608,22.99,4.33,82.9,92.97,59.39,23.58,0.6828,6,1,1
26.55,100866.6,0.3474,20.25,2.93,59.55,13.36,9.44,19.11,0.3332,10,0,0
111.79,100151.4,0.6556,24.04,3.59,84.47,73.19,40.94,23.09,0.6853,10,0,1
200.77,99686.9,0.7466,28.04,3.48,89.17,153.64,96.63,27.12,0.7335,6,1,1
339.08,98000.0,0.8864,24.83,4.8,95.24,250.0,159.61,23.89,0.8714,10,0,1
19.28,101175.2,0.2862,21.91,1.75,55.16,11.79,9.16,20.76,0.29,2,0,0
10.59,101490.2,0.1639,30.06,1.92,35.09,9.43,4.82,29.06,0.1589,8,1,0
189.91,99657.8,0.7377,23.86,6.16,84.48,122.36,99.33,25.19,0.7608,9,1,1
19.15,100745.1,0.2743,31.45,1.76,54.59,17.16,10.59,31.95,0.2616,5,0,0
2.61,102989.5,0.0857,18.32,0.33,23.38,2.28,1.79,19.45,0.094,4,0,0
143.47,99831.1,0.7206,30.04,3.0,82.81,82.34,46.59,30.79,0.725,8,1,1
100.93,100268.4,0.6579,25.6,3.57,79.65,73.74,42.0,23.68,0.6627,6,1,1
19.3,100935.7,0.2437,18.29,2.2,50.48,10.71,8.77,16.53,0.2473,11,0,0
309.58,98513.8,0.8838,31.64,8.63,96.71,185.17,128.88,29.9,0.871,1,0,1
235.39,98843.4,0.836,31.81,7.27,88.41,177.9,126.38,33.8,0.8423,11,0,1
304.21,98376.4,0.8812,26.7,6.11,93.72,169.44,133.13,24.83,0.9026,9,1,1
277.95,98077.0,0.8743,23.71,5.51,92.06,227.88,160.91,22.42,0.8463,6,1,1
101.33,99792.4,0.6213,26.91,4.31,77.52,77.0,45.53,26.29,0.6329,9,1,1
19.48,101346.4,0.2525,36.62,1.8,54.05,15.05,10.11,38.27,0.2526,7,1,0
27.36,100818.5,0.2858,36.8,3.15,63.9,17.41,11.85,36.65,0.2734,8,1,0
90.76,100284.5,0.6,34.11,3.0,75.0,61.83,40.75,35.65,0.6121,9,1,1
148.48,99555.7,0.7099,34.15,5.3,76.54,114.56,71.77,32.39,0.7309,4,0,1
20.3,101051.0,0.2782,33.12,3.22,55.99,15.6,11.91,33.3,0.2872,1,0,0
311.16,98463.6,0.938,21.3,7.31,95.96,202.93,157.71,23.08,0.9657,8,1,1
20.64,101363.7,0.2847,29.32,1.49,54.05,11.9,9.98,28.45,0.2667,5,0,0
21.49,100689.4,0.2852,31.35,1.84,51.25,13.29,11.89,32.53,0.2997,8,1,0
338.41,98240.0,0.95,34.48,8.08,94.16,190.29,116.47,32.87,0.9369,7,1,1
204.05,99721.4,0.7427,20.25,4.08,89.59,123.28,92.9,19.14,0.7136,8,1,1
20.62,100843.5,0.2797,21.79,1.34,54.38,17.89,9.96,21.38,0.2717,1,0,0
20.49,101377.2,0.2254,19.79,1.35,52.71,14.86,8.53,20.72,0.244,10,0,0
140.57,100500.0,0.6588,24.5,4.23,87.76,102.58,67.71,26.47,0.64,8,1,1
258.47,98231.1,0.8301,21.21,7.26,95.22,184.54,153.05,22.84,0.8291,8,1,1
7.47,101458.3,0.1599,25.29,1.14,30.15,6.64,4.89,25.24,0.1541,3,0,0
268.6,99450.1,0.8167,31.36,7.36,92.83,164.83,134.3,32.26,0.8379,6,1,1
303.25,98141.2,0.8407,24.96,6.18,89.84,168.93,127.74,25.31,0.8109,9,1,1
185.88,99395.6,0.7206,32.45,4.2,87.24,149.43,120.73,32.69,0.7319,7,1,1
190.98,98799.4,0.7495,33.82,5.82,90.97,152.46,89.54,33.83,0.7415,3,0,1
177.18,99699.2,0.6954,27.56,4.21,85.98,120.92,93.86,28.69,0.7103,4,0,1
293.23,99133.2,0.8797,33.57,9.87,88.84,224.99,149.81,34.68,0.8948,8,1,1
5.89,102552.5,0.143,23.19,0.45,27.53,4.93,2.92,24.68,0.1349,9,1,0
0.19,103000.0,0.0911,22.21,0.0,20.0,0.11,0.08,21.37,0.0984,5,0,0
2.29,102139.6,0.08,26.49,0.0,20.0,1.99,1.36,25.81,0.0864,10,0,0
17.92,101288.4,0.2301,33.6,3.28,53.6,9.21,7.6,35.45,0.2145,12,0,0
15.38,101001.5,0.2015,31.7,0.57,47.71,13.79,11.59,30.73,0.2208,6,1,0
23.85,100923.8,0.323,30.0,3.24,59.07,16.5,14.54,28.09,0.3225,9,1,0
306.77,98769.1,0.9132,23.34,7.47,96.28,194.54,152.07,21.72,0.8857,6,1,1
108.02,99958.9,0.6088,23.9,5.01,79.37,89.69,60.45,23.69,0.6066,1,0,1
231.57,98797.9,0.839,21.43,7.26,87.18,185.47,113.68,22.68,0.8414,8,1,1
0.82,102081.4,0.1102,31.51,0.0,20.0,0.7,0.41,32.36,0.1077,5,0,0
13.28,101560.9,0.1963,37.74,0.9,45.29,7.59,3.85,35.96,0.2106,11,0,0
17.21,101107.9,0.2492,24.37,2.44,49.08,13.15,7.72,25.41,0.2389,7,1,0
11.66,102137.2,0.173,37.71,1.14,44.42,7.4,4.52,39.66,0.1714,5,0,0
1.07,102343.9,0.1199,33.39,0.32,25.99,0.67,0.35,32.99,0.1259,8,1,0
141.86,99665.1,0.6802,20.4,3.21,80.56,117.76,100.09,20.57,0.6506,8,1,1
0.13,102476.0,0.08,19.82,0.0,22.76,0.11,0.09,18.94,0.0922,6,1,0
18.39,101966.6,0.2405,18.77,1.46,53.96,13.89,8.35,19.26,0.2469,12,0,0
101.09,100389.0,0.6157,26.4,3.38,77.43,85.55,47.79,27.51,0.5976,5,0,1
151.77,100251.8,0.7346,27.8,4.73,78.92,109.54,67.46,26.13,0.7281,7,1,1
24.46,100722.7,0.3004,18.93,2.19,64.26,13.57,9.51,19.07,0.2888,6,1,0
182.69,99896.1,0.7175,30.61,6.61,86.12,103.12,71.56,29.99,0.7081,6,1,1
176.31,99249.8,0.7314,31.43,5.42,83.62,129.42,90.45,30.66,0.7348,7,1,1
203.96,99200.6,0.7415,28.8,7.04,91.31,137.56,75.72,27.16,0.7541,9,1,1
4.88,102640.5,0.1265,27.35,0.0,24.46,4.17,2.1,28.31,0.1303,9,1,0
3.01,102585.3,0.107,20.06,0.07,22.32,2.53,1.29,21.47,0.0877,10,0,0
25.15,100500.0,0.3009,25.95,2.04,62.79,16.17,11.88,25.02,0.2873,10,0,0
25.0,100591.1,0.2969,35.86,3.88,62.05,12.84,10.4,36.31,0.2975,6,1,0
116.46,100299.1,0.6,34.27,4.7,77.59,79.16,54.13,36.1,0.5848,9,1,1
277.31,98464.1,0.8786,26.04,5.64,98.3,198.79,141.07,25.02,0.8599,9,1,1
2.35,102670.1,0.1249,21.15,1.13,20.0,1.51,1.32,22.06,0.1102,8,1,0
5.03,102619.2,0.13,37.83,0.58,25.48,3.47,2.86,38.03,0.1286,6,1,0
1.2,102576.5,0.1187,30.18,0.25,30.93,0.87,0.63,29.44,0.1051,10,0,0
334.67,98287.8,0.95,26.39,6.34,99.66,184.47,101.88,27.24,0.9715,8,1,1
107.33,100261.7,0.6384,22.69,3.0,77.6,75.15,44.68,21.06,0.6245,9,1,1
230.89,99122.8,0.794,30.52,7.61,88.34,176.11,106.74,32.51,0.7688,7,1,1
154.88,99972.6,0.6824,24.56,3.98,80.79,98.21,81.82,24.02,0.688,7,1,1
263.8,99016.9,0.8505,32.05,9.35,92.02,189.73,136.33,31.19,0.8265,8,1,1
265.32,98921.6,0.8453,24.84,4.83,87.82,220.3,167.51,23.97,0.8247,5,0,1
25.38,100707.8,0.2711,26.68,1.89,64.94,18.06,15.0,28.62,0.281,1,0,0
15.5,101104.2,0.2206,25.48,1.17,46.37,8.8,7.09,24.74,0.2182,8,1,0
20.58,101056.2,0.2532,28.86,0.54,56.36,11.82,7.25,27.84,0.2402,4,0,0
211.67,99486.1,0.7819,25.64,7.99,89.15,129.76,99.07,26.32,0.7806,10,0,1
15.25,101304.4,0.2304,35.81,0.0,46.64,9.31,8.18,37.47,0.2127,11,0,0
93.19,100424.7,0.6334,32.64,3.0,75.0,57.07,40.08,34.37,0.6196,7,1,1
241.01,98991.3,0.8018,33.18,4.66,91.7,140.86,97.24,33.23,0.7733,7,1,1
195.62,99136.3,0.732,33.16,6.2,90.28,153.72,107.29,32.87,0.7145,6,1,1
12.39,101717.8,0.1745,24.01,1.23,45.01,7.6,4.56,24.29,0.1932,4,0,0
25.46,100500.0,0.2676,24.73,1.5,67.43,17.74,10.77,26.04,0.2579,3,0,0
17.48,101676.2,0.2246,28.73,2.13,48.23,13.6,7.12,29.29,0.2193,12,0,0
13.31,102390.2,0.2183,29.69,0.7,41.74,10.79,6.3,30.62,0.2243,4,0,0
12.34,101557.7,0.1871,37.85,1.85,41.67,7.71,6.5,37.76,0.2058,10,0,0
314.78,98044.1,0.9194,28.86,4.88,90.76,206.64,168.9,28.99,0.918,7,1,1
5.74,101811.8,0.1492,21.7,1.25,35.47,4.21,2.56,21.35,0.1642,9,1,0
25.42,100525.6,0.292,33.66,3.81,63.84,13.95,11.72,33.32,0.3012,11,0,0
274.55,98532.4,0.8302,21.5,6.97,92.07,185.12,106.7,21.98,0.8477,6,1,1
7.38,102134.6,0.12,20.19,0.66,33.24,6.46,3.64,18.57,0.1047,11,0,0
305.31,98374.0,0.8763,31.9,6.01,96.71,228.79,151.52,33.0,0.8581,6,1,1
27.04,100550.7,0.3027,37.47,4.5,62.18,20.0,13.02,36.47,0.292,10,0,0
25.37,101008.8,0.3181,37.71,2.78,68.45,14.12,8.18,39.33,0.3172,6,1,0
15.49,101546.5,0.2192,18.83,1.86,51.04,13.16,6.74,19.54,0.2156,5,0,0
25.45,100500.0,0.2938,18.96,1.6,70.0,13.4,10.89,20.74,0.2967,3,0,0
4.65,102443.1,0.1308,31.78,0.11,31.24,2.93,1.87,30.59,0.1256,6,1,0
305.4,98000.0,0.95,23.6,5.42,92.84,245.45,180.0,22.38,0.9483,8,1,1
13.24,102006.7,0.2133,24.84,1.11,46.09,6.89,5.25,26.33,0.23,11,0,0
109.78,100338.1,0.6,27.17,3.84,75.0,62.41,40.0,26.34,0.6028,9,1,1
2.24,102699.6,0.0906,18.59,1.09,20.0,1.79,0.96,17.87,0.0846,10,0,0
167.09,99326.2,0.7053,27.31,3.84,85.74,124.19,80.54,27.88,0.6771,6,1,1
21.25,101517.3,0.2182,26.03,2.46,58.18,14.87,9.2,26.82,0.2327,10,0,0
29.79,100500.0,0.3379,35.17,2.32,68.64,17.46,14.66,37.15,0.3233,3,0,0
16.95,101355.9,0.2306,19.53,2.84,48.01,13.99,7.53,18.14,0.2203,12,0,0
170.3,99320.6,0.6794,21.01,5.02,81.67,137.13,99.7,19.6,0.6712,8,1,1
9.63,101570.1,0.1524,31.69,0.56,45.85,4.92,3.67,31.07,0.1654,5,0,0
88.97,100500.0,0.6294,26.63,3.0,79.28,58.87,46.63,27.83,0.6393,8,1,1
2.85,102693.3,0.1015,35.89,0.0,20.0,1.94,1.0,35.18,0.1126,6,1,0
20.03,101422.9,0.2496,37.18,1.68,55.41,17.41,12.78,37.82,0.2372,9,1,0
177.92,99746.5,0.7149,25.62,4.7,87.03,144.34,80.55,24.85,0.7441,8,1,1
198.23,99153.3,0.7399,21.74,3.05,89.67,153.25,130.25,20.39,0.7642,6,1,1
83.31,100500.0,0.6072,26.86,4.05,75.0,69.79,44.0,26.64,0.618,8,1,1
28.31,101050.5,0.3299,23.78,3.95,67.57,18.53,15.0,22.7,0.3166,6,1,0
20.3,100835.9,0.3084,20.37,2.16,53.49,13.31,8.3,20.75,0.3076,7,1,0
165.93,99880.2,0.7851,20.0,4.21,85.23,132.63,97.73,19.46,0.8006,6,1,1
83.01,100500.0,0.6257,20.22,3.0,75.19,68.17,46.71,21.37,0.6023,6,1,1
20.45,101479.9,0.2615,29.34,1.14,48.95,18.32,15.0,29.03,0.2693,4,0,0
17.25,101329.3,0.2157,26.97,2.53,46.7,14.99,12.31,26.51,0.2329,1,0,0
15.74,102460.4,0.2182,33.87,1.63,47.07,8.83,6.03,34.78,0.2221,12,0,0
318.23,98000.0,0.95,26.83,6.57,100.0,239.81,168.89,25.67,0.9306,7,1,1
83.92,100036.0,0.6197,23.78,3.0,75.0,58.37,49.56,24.29,0.6335,8,1,1
121.57,100426.0,0.6911,26.51,4.01,81.04,93.57,70.14,25.92,0.6655,7,1,1
157.12,99873.4,0.7366,29.25,3.42,78.97,97.58,75.91,28.95,0.7528,4,0,1
141.93,100172.1,0.6775,30.58,3.55,79.63,103.92,70.33,32.51,0.698,9,1,1
11.32,101498.0,0.147,31.41,1.25,39.65,9.81,5.5,29.65,0.16,12,0,0
11.72,101615.3,0.1934,34.66,0.91,38.16,10.04,6.76,36.17,0.19,1,0,0
27.44,100838.9,0.35,34.5,0.87,63.78,20.0,15.0,32.83,0.343,3,0,0
192.17,99945.9,0.7132,29.61,6.38,84.25,143.14,118.7,29.72,0.7242,7,1,1
16.09,101234.7,0.2911,26.06,1.62,44.67,9.66,7.53,26.73,0.2778,7,1,0
0.96,102635.7,0.1028,27.72,0.0,20.0,0.54,0.43,28.4,0.0843,2,0,0
16.23,101548.1,0.2031,31.06,1.5,50.5,13.49,10.77,31.45,0.2019,11,0,0
180.42,99403.0,0.7281,30.08,5.3,86.02,112.38,69.7,31.2,0.6984,8,1,1
254.91,98965.9,0.7895,26.92,5.93,92.57,149.43,119.38,28.72,0.7995,7,1,1
188.32,99584.2,0.7359,25.3,4.58,85.73,135.48,77.9,26.76,0.7331,6,1,1
300.89,98575.1,0.8337,24.51,8.23,97.59,187.01,158.18,26.23,0.8609,7,1,1
300.72,98588.1,0.8373,27.66,7.45,100.0,187.05,126.05,26.46,0.8381,6,1,1
82.72,99751.8,0.6711,26.53,3.54,75.0,50.0,40.0,24.69,0.6608,11,0,1
21.4,101172.3,0.2691,24.28,2.27,56.0,12.32,10.17,25.16,0.2544,8,1,0
169.92,99198.4,0.6844,22.47,6.41,85.37,108.81,91.83,22.45,0.6858,11,0,1
4.83,102798.3,0.1096,19.46,1.09,29.75,2.58,1.66,20.61,0.123,10,0,0
24.65,101005.1,0.2987,19.72,0.99,57.31,20.0,12.51,19.41,0.2993,9,1,0
102.99,100282.3,0.6138,30.91,5.08,81.6,72.64,54.06,32.38,0.63,7,1,1
92.98,100347.5,0.6064,20.52,3.71,78.33,58.52,40.0,21.15,0.6358,2,0,1
20.52,101274.7,0.3129,26.31,2.48,59.23,10.81,7.87,24.99,0.3288,3,0,0
5.82,102055.9,0.1081,35.16,0.83,34.8,4.23,2.38,36.67,0.1115,6,1,0
173.8,99657.7,0.784,23.34,3.0,84.35,140.71,100.87,22.26,0.76,6,1,1
281.71,98561.2,0.8397,22.71,11.41,96.99,159.11,109.68,24.58,0.8123,4,0,1
19.6,101601.5,0.252,36.0,0.93,51.64,15.54,11.27,36.81,0.2361,8,1,0
2.48,101883.1,0.1139,34.39,0.06,25.38,1.8,1.16,36.33,0.1151,4,0,0
21.63,100500.0,0.2821,34.9,1.01,56.03,13.99,7.49,36.62,0.2903,9,1,0
4.58,102709.2,0.0931,24.4,0.39,36.58,3.61,3.16,24.81,0.0905,7,1,0
269.86,99629.6,0.8104,21.44,7.28,89.32,189.3,117.52,22.5,0.8013,10,0,1
18.24,101757.2,0.2377,28.92,2.06,55.48,15.54,11.32,27.16,0.2307,11,0,0
27.62,100902.8,0.3239,18.83,2.35,60.41,20.0,13.21,18.42,0.3214,7,1,0
84.15,100500.0,0.6,29.59,3.0,78.46,54.49,45.27,29.39,0.5883,8,1,1
9.03,101720.1,0.1565,35.07,0.78,33.68,7.62,4.52,34.16,0.1644,9,1,0
160.23,99959.9,0.7348,20.0,4.83,82.43,101.43,68.15,20.57,0.7114,9,1,1
11.98,101476.4,0.1901,27.15,0.73,47.87,8.91,4.98,27.45,0.1857,5,0,0
106.49,99886.8,0.6297,34.53,5.06,79.95,82.27,60.78,36.19,0.6208,8,1,1
130.13,99157.8,0.6461,20.96,3.65,78.97,105.79,83.69,19.34,0.6532,9,1,1
321.15,98503.8,0.9142,24.25,9.69,100.0,250.0,180.0,23.77,0.8856,9,1,1
106.46,100036.3,0.6,21.25,4.35,85.38,76.05,60.71,19.69,0.6064,7,1,1
27.83,100545.6,0.312,25.84,3.87,62.48,20.0,15.0,24.18,0.3126,9,1,0
28.24,100500.0,0.35,31.1,2.16,67.48,17.8,13.68,31.07,0.3428,10,0,0
110.67,99711.0,0.6392,23.12,4.08,75.0,85.93,48.04,21.31,0.6459,8,1,1
108.72,100486.3,0.6251,33.45,3.65,76.26,70.21,54.31,34.88,0.6098,6,1,1
169.1,100500.0,0.7139,26.72,5.06,78.5,106.49,76.92,26.87,0.7183,6,1,1
6.8,102053.5,0.1399,24.95,0.9,29.12,3.74,1.9,23.58,0.1523,12,0,0
17.55,101225.0,0.2036,22.0,0.0,47.44,9.05,5.3,20.06,0.2008,9,1,0
23.3,101614.5,0.3231,24.02,2.21,49.74,19.7,14.01,22.39,0.3079,7,1,0
29.51,100500.0,0.35,26.4,4.72,69.63,15.74,8.38,25.57,0.3676,12,0,0
15.92,101380.6,0.2118,26.79,2.06,50.1,9.41,7.23,27.65,0.1997,11,0,0
97.88,100003.6,0.6663,21.79,3.0,75.0,70.52,57.21,20.03,0.6488,6,1,1
2.16,102533.2,0.0802,32.04,0.0,26.42,1.21,0.83,32.59,0.0733,1,0,0
8.87,101816.4,0.1227,21.9,0.08,27.8,6.75,4.61,20.65,0.1357,7,1,0
221.18,99050.9,0.8053,20.11,8.4,91.51,132.22,87.78,18.14,0.7989,11,0,1
18.65,101491.3,0.2808,27.45,0.5,50.76,16.73,13.44,28.73,0.2968,12,0,0
0.2,102674.3,0.08,24.35,0.42,20.0,0.13,0.09,25.11,0.0861,12,0,0
2.99,102040.9,0.1243,24.01,0.0,28.36,1.91,1.16,24.83,0.1079,10,0,0
315.9,98000.0,0.95,29.5,10.36,88.88,246.69,151.45,28.34,0.9753,7,1,1
172.75,99655.3,0.7685,25.44,3.26,88.14,129.33,106.95,23.83,0.7884,7,1,1
16.5,101612.1,0.2054,29.46,1.07,51.67,9.53,5.11,30.84,0.2063,10,0,0
197.73,99361.3,0.7435,29.88,5.24,87.4,119.92,99.05,29.31,0.7192,7,1,1
25.39,101040.6,0.2971,33.0,3.7,61.82,18.1,10.2,31.3,0.3039,8,1,0
14.18,101004.8,0.2063,25.18,2.16,47.04,9.12,6.43,24.65,0.2259,6,1,0
259.84,99423.6,0.8918,29.79,6.3,90.77,212.46,167.95,31.61,0.8734,7,1,1
18.29,101222.4,0.2732,19.28,1.99,54.4,10.1,5.67,18.71,0.2602,10,0,0
13.72,101802.7,0.1845,21.71,2.09,43.45,11.74,7.04,20.64,0.1801,4,0,0
12.9,101861.4,0.2247,25.96,1.33,47.39,6.47,5.29,25.59,0.2213,8,1,0
83.8,100500.0,0.6082,20.35,3.0,77.84,50.0,40.0,20.24,0.6232,9,1,1
28.25,100500.0,0.3457,35.18,4.69,70.0,18.35,11.28,36.72,0.3569,2,0,0
179.26,99382.2,0.7694,27.14,3.0,86.35,145.95,93.73,26.82,0.7617,7,1,1
251.44,98731.1,0.816,27.01,6.34,91.11,160.45,93.31,28.15,0.844,6,1,1
1.32,101653.5,0.0802,25.17,0.49,20.0,0.88,0.76,23.54,0.0973,3,0,0
13.47,101759.5,0.2012,30.32,1.5,48.75,7.69,5.6,30.09,0.1827,6,1,0
204.02,98992.7,0.8048,27.91,3.0,86.13,141.67,115.45,29.37,0.7798,8,1,1
12.12,102226.9,0.1763,20.79,0.0,38.73,7.21,5.25,22.38,0.1794,7,1,0
26.75,101218.1,0.2976,19.75,3.38,66.52,14.15,11.35,21.24,0.2825,2,0,0
322.37,98214.6,0.9256,23.79,5.1,99.48,229.99,139.42,24.77,0.9006,6,1,1
189.22,99624.5,0.7596,24.52,7.15,85.38,148.1,95.92,24.97,0.7531,8,1,1
7.8,101595.5,0.1589,25.21,0.0,31.12,5.68,3.15,27.04,0.1722,1,0,0
108.78,100208.5,0.6416,28.26,3.49,80.47,89.41,72.0,26.6,0.6145,7,1,1
27.16,100797.7,0.35,23.8,2.63,67.6,16.49,9.34,25.16,0.3535,2,0,0
210.82,99395.5,0.799,33.06,4.99,83.11,130.7,106.31,31.77,0.8275,7,1,1
85.07,100500.0,0.6089,20.92,3.0,75.08,55.16,42.12,21.48,0.602,2,0,1
1.99,102504.8,0.0959,34.24,0.21,20.0,1.4,0.9,32.26,0.1054,11,0,0
191.78,98954.9,0.7174,27.53,5.43,80.66,130.54,110.29,28.2,0.7021,11,0,1
165.49,99369.2,0.7637,30.15,4.44,85.71,115.38,76.81,30.66,0.7363,2,0,1
279.35,99024.6,0.807,22.12,8.38,92.7,231.57,141.06,22.73,0.8069,9,1,1
24.44,101401.7,0.2637,37.78,3.04,57.5,12.54,9.78,39.32,0.271,3,0,0
164.58,99624.0,0.6756,32.39,4.93,83.93,128.53,73.3,32.89,0.6736,7,1,1
138.14,100426.7,0.7003,22.82,4.06,77.85,87.22,67.69,22.35,0.6872,10,0,1
4.49,102121.9,0.1291,22.2,1.61,23.5,3.33,2.87,23.58,0.1291,4,0,0
28.95,100500.0,0.35,33.93,3.51,70.0,20.0,11.52,32.73,0.3527,5,0,0
4.44,102557.2,0.122,35.15,0.26,24.08,2.49,2.12,36.1,0.1146,3,0,0
99.04,100500.0,0.6736,31.7,3.6,77.97,80.86,54.96,33.31,0.6559,9,1,1
311.04,98565.9,0.8754,20.0,8.29,94.17,185.52,149.22,21.97,0.858,9,1,1
209.44,99465.2,0.7138,23.77,3.91,82.43,161.25,128.75,24.42,0.7037,9,1,1
26.3,100615.4,0.3352,21.83,2.77,67.04,16.23,13.97,21.29,0.3391,3,0,0
145.09,100001.2,0.6519,25.7,3.59,79.8,114.0,69.44,24.36,0.6286,9,1,1
254.67,99283.0,0.7866,30.68,7.86,85.96,208.96,123.75,31.51,0.7785,6,1,1
265.06,98840.5,0.8862,27.73,9.5,93.83,199.03,138.16,26.51,0.8931,6,1,1
19.5,100980.8,0.2892,20.06,0.0,48.67,12.78,8.8,20.47,0.3062,5,0,0
337.14,98000.0,0.881,20.02,10.17,92.66,202.42,138.36,18.34,0.8841,8,1,1
7.34,101458.0,0.1558,22.89,1.45,28.38,4.36,3.37,21.92,0.1402,2,0,0
23.32,101123.2,0.2799,20.03,1.73,64.23,18.12,15.0,18.4,0.2925,2,0,0
233.26,98821.9,0.7819,32.84,6.55,87.6,137.11,84.83,31.35,0.7825,7,1,1
164.76,99689.4,0.7121,26.02,4.3,83.75,92.86,52.24,24.62,0.7001,6,1,1
17.19,100895.7,0.2381,32.69,0.41,54.79,14.43,9.54,33.93,0.2282,2,0,0
211.95,98626.1,0.7123,20.0,6.52,89.17,126.51,94.58,18.76,0.6885,9,1,1
98.55,100482.8,0.6547,28.19,4.76,79.07,55.7,43.13,28.4,0.6388,2,0,1
14.92,101403.6,0.2274,31.28,1.24,49.74,8.32,5.42,31.72,0.2177,9,1,0
0.88,103000.0,0.0812,27.02,0.0,29.26,0.77,0.65,25.85,0.0666,2,0,0
167.85,99806.2,0.7428,31.37,5.6,80.07,124.66,88.56,30.98,0.7617,5,0,1
91.78,100333.5,0.6,32.74,3.47,75.0,52.79,40.0,31.17,0.5704,8,1,1
5.68,102158.9,0.168,32.42,1.77,28.36,3.94,2.85,31.41,0.1491,8,1,0
28.59,101483.1,0.3453,34.91,2.5,70.0,16.47,12.56,33.98,0.3271,12,0,0
301.26,98066.7,0.8605,30.6,5.75,90.15,196.73,131.23,29.2,0.8683,7,1,1
0.47,102637.2,0.0871,35.67,0.0,20.0,0.28,0.2,36.13,0.092,9,1,0
20.34,101272.3,0.2281,27.02,0.19,52.2,12.89,6.55,28.99,0.2284,5,0,0
13.11,101838.8,0.2083,30.65,1.8,42.69,9.24,7.03,30.7,0.208,11,0,0
83.2,100496.5,0.6,34.58,5.16,80.15,67.24,40.0,34.99,0.6206,6,1,1
251.37,98490.3,0.7802,27.53,8.94,91.12,148.41,88.91,27.42,0.7525,7,1,1
267.68,99137.2,0.8053,20.0,8.46,92.52,156.03,105.8,19.95,0.8091,7,1,1
28.41,100681.7,0.2923,32.78,2.3,67.87,15.16,13.04,33.86,0.2799,10,0,0
14.01,100841.8,0.2345,24.84,2.64,39.29,10.84,7.58,24.89,0.2205,9,1,0
19.87,100980.3,0.2672,19.23,0.66,52.23,10.26,6.02,18.47,0.2734,10,0,0
3.84,101239.3,0.1315,30.47,0.18,22.11,3.01,2.17,30.34,0.1227,3,0,0
343.87,98584.0,0.9255,22.97,7.94,98.79,250.0,174.35,22.85,0.9126,6,1,1
330.89,98298.3,0.8747,29.85,10.88,97.29,200.1,166.32,30.37,0.8995,6,1,1
22.2,100500.0,0.252,24.06,2.17,59.79,11.99,6.34,22.85,0.2556,5,0,0
128.41,99702.9,0.6321,33.61,5.49,81.2,77.77,45.79,35.5,0.6345,8,1,1
6.95,102035.1,0.1432,18.73,0.34,26.71,3.85,2.66,18.79,0.1631,2,0,0
158.39,99592.9,0.6972,23.75,4.97,81.96,89.09,58.05,22.11,0.6679,12,0,1
29.7,100541.6,0.3366,24.49,2.37,69.28,18.32,13.42,24.03,0.3527,1,0,0
218.45,98926.6,0.7974,26.61,6.07,84.65,162.16,96.45,27.62,0.8042,7,1,1
0.06,102040.2,0.0947,37.88,0.95,23.8,0.03,0.02,37.78,0.0922,10,0,0
10.88,102008.7,0.1582,21.89,2.13,33.4,6.46,5.7,22.65,0.1401,7,1,0
11.39,101435.3,0.1889,19.86,1.1,42.96,6.1,5.23,19.95,0.2086,7,1,0
87.62,100500.0,0.6274,25.16,3.18,82.69,61.19,43.02,25.71,0.6224,6,1,1
124.8,100089.2,0.6154,27.82,4.28,83.45,95.48,72.1,29.57,0.605,3,0,1
116.9,100086.4,0.6959,22.13,4.2,80.76,76.92,42.87,20.21,0.6665,9,1,1
6.31,101490.9,0.1286,19.78,1.41,25.15,5.23,3.27,18.94,0.1152,9,1,0
189.87,99180.8,0.737,23.3,5.75,86.18,134.81,113.1,24.56,0.7197,7,1,1
16.09,101519.4,0.2028,32.88,2.48,47.03,11.44,8.59,32.25,0.1974,5,0,0
346.46,98240.1,0.9333,20.0,7.68,96.24,250.0,171.4,21.99,0.9226,12,0,1
4.59,101718.6,0.0948,36.47,0.38,35.98,3.9,1.97,37.71,0.0832,10,0,0
283.86,98734.9,0.856,25.16,6.02,91.64,220.38,180.0,26.39,0.8426,9,1,1
16.9,101799.2,0.2298,27.86,1.43,46.31,10.38,5.65,29.78,0.2124,5,0,0
302.57,98815.7,0.9414,28.69,7.57,98.97,234.29,180.0,30.01,0.9712,7,1,1
107.19,100067.0,0.635,32.96,4.17,76.03,65.73,40.0,33.47,0.621,2,0,1
25.49,101075.7,0.3168,20.16,1.69,55.15,18.18,15.0,19.46,0.3257,2,0,0
14.9,101901.2,0.1696,19.96,0.59,46.56,12.44,10.14,18.27,0.1608,8,1,0
8.84,101828.2,0.1761,29.68,1.55,38.94,5.09,3.24,28.27,0.1815,2,0,0
100.09,100229.4,0.6255,33.54,3.0,76.96,56.45,42.35,34.02,0.6513,8,1,1
16.1,101507.8,0.1812,30.2,0.45,49.87,13.56,8.05,31.02,0.1671,5,0,0
2.91,102725.1,0.0918,34.12,0.44,27.19,2.16,1.61,35.55,0.1084,7,1,0
17.38,101321.7,0.2431,34.93,0.0,39.81,14.26,9.72,33.8,0.2552,1,0,0
29.89,100621.9,0.3448,23.42,0.56,69.15,20.0,15.0,25.15,0.3641,7,1,0
11.74,102125.5,0.1899,22.13,0.51,43.97,8.88,5.87,24.03,0.208,11,0,0
191.95,99836.8,0.7774,26.51,5.08,84.57,112.94,78.84,27.84,0.7714,7,1,1
292.18,98865.0,0.9118,28.95,3.29,92.11,163.34,90.79,27.69,0.923,8,1,1
1.12,102587.9,0.08,33.73,0.14,20.03,0.78,0.63,33.46,0.0859,8,1,0
17.24,101571.8,0.2129,35.33,1.5,49.61,11.62,8.04,35.18,0.2289,5,0,0
265.12,98992.8,0.8605,28.33,7.35,87.53,171.4,118.03,27.61,0.8431,9,1,1
18.21,100588.9,0.2427,20.35,2.6,46.73,14.82,8.61,22.05,0.2397,5,0,0
18.33,101238.9,0.2168,19.89,2.52,54.06,13.06,7.74,20.23,0.2322,12,0,0
28.66,100500.0,0.3379,28.23,3.15,70.0,20.0,12.56,29.16,0.3186,9,1,0
21.15,100500.0,0.2835,21.58,3.27,55.77,13.18,10.55,23.24,0.2798,12,0,0
21.09,101217.7,0.3076,18.29,1.52,57.08,18.14,13.74,20.21,0.3067,9,1,0
16.29,101174.3,0.2482,32.45,1.54,50.41,14.07,7.2,32.07,0.257,3,0,0
15.04,101313.5,0.2321,37.2,1.04,45.47,8.71,7.63,36.91,0.2213,5,0,0
27.88,101272.7,0.3336,19.78,2.09,70.0,17.69,11.51,21.5,0.3487,4,0,0
8.2,102333.0,0.1693,28.81,1.44,31.56,5.4,4.28,30.62,0.1768,1,0,0
340.45,98000.0,0.95,26.58,6.51,97.87,229.03,136.29,27.57,0.9327,7,1,1
202.64,99444.5,0.7563,20.13,4.26,86.4,159.8,115.15,21.79,0.78,8,1,1
8.09,102045.0,0.1624,37.83,0.0,31.38,5.89,4.06,36.19,0.1457,6,1,0
269.66,99075.8,0.8779,33.35,7.32,95.82,169.98,144.12,32.47,0.8743,6,1,1
27.0,100500.0,0.3215,27.3,0.7,61.96,20.0,15.0,25.52,0.3202,11,0,0
174.07,100127.2,0.7099,29.44,6.35,83.05,139.07,80.31,31.19,0.7321,6,1,1
13.1,101271.6,0.212,25.82,0.28,38.95,11.08,9.29,26.59,0.2271,8,1,0
202.56,99421.2,0.7906,21.86,7.48,86.32,116.51,94.06,22.35,0.7624,7,1,1
348.14,98000.0,0.9124,33.72,9.12,100.0,212.78,161.03,33.46,0.9387,1,0,1
28.19,101061.0,0.35,37.64,2.27,62.06,18.67,15.0,38.33,0.3468,9,1,0
81.54,100500.0,0.6,24.77,3.53,75.89,50.34,40.0,26.03,0.5907,3,0,1
15.65,101573.1,0.2379,24.79,0.9,57.06,12.24,10.91,26.09,0.2553,8,1,0
12.62,101931.5,0.1993,20.12,1.89,41.24,6.83,3.44,20.88,0.217,10,0,0
218.97,99226.8,0.7872,23.14,5.88,90.96,146.26,95.42,22.81,0.7877,6,1,1
3.14,102001.1,0.1076,34.32,0.44,28.45,2.31,1.93,35.15,0.1224,5,0,0
9.3,101740.0,0.1807,18.88,1.54,29.97,7.64,4.62,18.37,0.1979,6,1,0
291.12,98429.2,0.8626,20.7,7.96,94.11,205.42,118.68,21.72,0.872,9,1,1
27.54,100949.8,0.3398,37.67,3.25,68.39,13.78,11.53,36.83,0.3285,4,0,0
0.04,103000.0,0.08,21.61,0.0,29.13,0.02,0.02,23.39,0.0714,5,0,0
12.94,102007.1,0.2091,34.58,1.56,44.2,11.63,5.85,34.99,0.211,6,1,0
10.92,102296.4,0.204,37.72,1.53,39.48,6.14,5.0,36.28,0.2109,7,1,0
28.05,101173.6,0.339,20.93,1.89,59.65,18.88,10.83,21.04,0.3222,2,0,0
303.93,98029.5,0.9162,25.23,8.97,93.43,187.6,135.36,26.35,0.8917,9,1,1
338.9,98000.0,0.9343,28.39,5.97,100.0,250.0,180.0,27.48,0.9069,4,0,1
5.53,101915.3,0.1216,37.48,1.14,27.71,3.26,1.77,39.19,0.1247,8,1,0
182.07,99300.8,0.7108,33.34,6.35,84.45,137.06,89.11,33.19,0.6821,12,0,1
287.07,98356.3,0.8599,34.63,10.34,95.59,157.98,127.06,34.2,0.8705,10,0,1
337.58,98506.2,0.95,24.38,12.0,100.0,197.47,148.72,24.5,0.9255,6,1,1
13.5,101618.7,0.2028,22.57,1.84,41.04,9.25,4.87,21.92,0.1996,2,0,0
1.88,102086.0,0.1143,30.8,0.48,20.0,1.3,0.86,32.38,0.1251,12,0,0
24.34,101170.4,0.2792,28.83,2.99,66.21,20.0,11.13,29.52,0.2812,11,0,0
172.51,100020.4,0.7499,23.8,6.0,82.96,144.65,102.83,25.16,0.7704,6,1,1
241.37,99008.1,0.8227,30.02,8.03,89.58,190.53,144.89,30.97,0.8361,8,1,1
326.7,98000.0,0.95,25.84,5.28,99.13,201.51,125.48,25.38,0.9711,6,1,1
161.89,100081.6,0.7147,26.06,5.68,83.19,128.67,106.99,27.35,0.7411,6,1,1
291.93,98225.6,0.907,21.82,5.39,97.27,175.61,125.3,21.49,0.9295,9,1,1
135.52,100105.6,0.635,21.45,4.71,81.24,79.33,66.6,19.6,0.6185,6,1,1
5.05,102241.0,0.1299,26.92,0.58,23.4,2.96,1.57,27.85,0.1478,3,0,0
133.23,99815.0,0.6393,20.83,4.76,80.9,92.22,67.47,19.69,0.6347,12,0,1
116.02,100500.0,0.6346,34.92,3.26,82.51,84.47,64.18,35.05,0.6201,7,1,1
25.79,101393.7,0.2738,36.71,3.6,62.51,13.92,12.11,36.32,0.2691,7,1,0
26.97,100756.9,0.3148,33.03,2.27,64.33,20.0,15.0,31.81,0.3154,7,1,0
121.05,100072.2,0.66,29.6,5.65,75.0,99.58,67.95,28.45,0.6787,5,0,1
197.2,99937.0,0.7396,21.59,4.98,84.44,121.6,88.1,21.91,0.7182,12,0,1
11.03,101035.4,0.1241,36.21,1.0,37.87,9.15,6.03,36.14,0.1237,5,0,0
246.04,98670.7,0.756,24.79,4.62,90.59,156.58,90.54,26.34,0.7799,6,1,1
120.0,99878.6,0.6653,29.77,4.64,76.82,82.14,50.33,31.71,0.6503,8,1,1
26.27,100500.0,0.275,33.92,3.17,67.01,20.0,15.0,33.4,0.2848,3,0,0
100.82,100326.0,0.6526,30.21,3.0,77.85,66.64,43.36,31.53,0.6632,4,0,1
254.69,99031.5,0.835,25.52,9.31,92.67,180.16,127.77,27.32,0.8434,6,1,1
321.39,98241.6,0.95,26.71,8.33,99.89,187.82,124.95,27.51,0.9724,9,1,1
29.98,100684.4,0.3413,19.88,3.1,65.21,15.77,9.22,18.64,0.3388,9,1,0
22.08,100945.4,0.2854,23.4,1.48,64.49,13.3,11.36,25.39,0.2917,2,0,0
157.01,99806.0,0.6928,28.77,4.43,78.61,97.87,61.86,28.01,0.6732,2,0,1
116.36,100422.2,0.6433,29.82,3.0,83.81,88.39,57.89,29.28,0.6549,5,0,1
1.38,101541.4,0.1004,37.2,0.78,22.33,1.11,0.6,38.66,0.0821,3,0,0
22.6,101759.6,0.3007,27.71,1.23,59.73,13.45,7.96,29.23,0.3168,8,1,0
6.64,102425.7,0.1926,30.22,0.57,32.67,5.68,3.79,30.58,0.1894,12,0,0
25.13,100546.4,0.3002,26.11,2.02,66.85,17.08,12.89,25.25,0.2943,5,0,0
213.33,99422.5,0.7533,24.9,4.78,90.53,173.54,95.62,25.01,0.7268,8,1,1
24.52,101253.5,0.3015,29.6,3.38,55.5,20.0,10.92,31.27,0.3185,7,1,0
9.88,102253.0,0.1467,25.9,1.32,30.87,6.13,4.5,26.63,0.1575,12,0,0
191.89,99037.1,0.7433,20.96,3.6,86.22,157.23,99.23,21.96,0.7189,6,1,1
16.17,101594.9,0.2173,27.08,0.92,57.07,11.25,9.81,25.65,0.2126,10,0,0
290.56,98325.1,0.8576,29.0,5.33,95.59,232.16,180.0,28.09,0.8728,8,1,1
23.55,100500.0,0.3311,21.85,1.76,57.98,16.44,8.62,21.4,0.3256,3,0,0
14.61,100843.5,0.2147,22.03,1.71,51.72,10.73,6.03,20.85,0.1964,6,1,0
18.56,101186.3,0.2328,30.78,2.53,50.26,11.58,6.19,31.13,0.2514,4,0,0
285.88,98123.7,0.8261,27.68,7.75,97.96,169.69,95.39,27.9,0.85,7,1,1
119.94,100065.3,0.6501,28.86,3.0,75.73,70.21,44.14,29.67,0.6669,9,1,1
287.57,98000.0,0.8876,21.83,9.1,99.08,188.68,121.33,21.8,0.8974,8,1,1
204.05,99530.4,0.8091,22.45,5.0,84.42,146.12,122.27,20.6,0.7865,9,1,1
29.48,100500.0,0.3274,29.48,2.48,70.0,19.27,14.19,28.03,0.3266,7,1,0
110.74,100290.1,0.6,29.97,3.6,79.54,80.38,56.92,29.32,0.617,8,1,1
275.41,98520.9,0.8513,24.7,8.21,97.98,220.56,134.97,25.85,0.8496,6,1,1
90.52,100500.0,0.663,23.02,3.68,78.09,51.94,42.25,21.91,0.682,9,1,1
95.1,100401.6,0.633,34.12,4.23,78.37,52.64,40.0,33.74,0.6607,10,0,1
25.82,100839.7,0.3048,23.26,3.09,66.16,19.44,10.77,22.5,0.3188,6,1,0
16.3,100998.9,0.2026,32.05,1.01,46.34,14.66,12.64,32.4,0.2115,6,1,0
26.23,101490.0,0.3493,20.74,1.56,58.91,15.45,12.4,20.29,0.3589,9,1,0
247.13,99106.0,0.8523,20.48,7.93,90.43,205.99,118.5,19.06,0.848,3,0,1
292.49,98284.4,0.8948,20.0,6.42,94.35,199.1,114.76,18.8,0.8893,4,0,1
28.24,100990.0,0.3336,23.51,2.87,69.8,19.46,10.39,21.62,0.3484,1,0,0
159.39,99819.2,0.7349,29.41,5.12,83.21,132.63,77.79,28.48,0.7313,6,1,1
19.72,101361.2,0.2884,21.3,2.16,50.91,16.28,14.04,22.29,0.3054,12,0,0
24.02,101095.1,0.2611,19.33,1.42,63.92,14.62,12.01,19.12,0.2473,5,0,0
310.57,98184.3,0.8788,21.82,9.66,94.42,190.49,132.91,22.81,0.8913,8,1,1
256.11,98833.3,0.903,31.4,8.78,87.12,178.33,101.26,30.36,0.8758,11,0,1
26.92,100500.0,0.3484,26.93,2.75,63.51,16.29,12.15,28.81,0.3454,1,0,0
18.15,101579.6,0.2408,26.87,2.32,50.88,10.37,6.4,26.62,0.2239,4,0,0
23.76,100878.1,0.2927,28.18,3.2,67.21,13.17,9.14,27.14,0.2965,9,1,0
272.99,98485.8,0.9049,29.8,9.05,93.03,223.76,149.49,29.42,0.8966,6,1,1
21.7,100551.2,0.2742,33.77,1.72,60.45,15.18,8.76,35.09,0.2793,2,0,0
26.46,100809.5,0.3267,25.47,3.54,62.06,17.71,11.36,25.47,0.3173,4,0,0
239.11,98862.2,0.7999,30.79,5.92,91.09,178.82,114.3,30.81,0.8263,2,0,1
13.65,101581.8,0.2361,26.95,0.13,43.19,10.91,5.82,25.81,0.2312,2,0,0
26.16,100818.3,0.3267,29.17,3.54,70.0,20.0,15.0,30.94,0.3464,4,0,0
25.76,101113.0,0.286,36.83,3.23,62.81,20.0,12.32,35.85,0.2761,4,0,0
0.75,102085.5,0.0805,27.91,0.56,20.0,0.49,0.26,26.87,0.0917,10,0,0
10.04,101640.3,0.1414,35.11,0.97,43.15,5.44,2.8,34.37,0.1274,12,0,0
110.27,100294.1,0.6236,26.91,3.0,77.18,89.65,52.12,27.79,0.6447,9,1,1
307.68,98412.8,0.9068,33.64,10.32,98.82,223.14,177.23,34.4,0.894,6,1,1
17.16,101393.0,0.2524,32.83,1.01,46.41,11.74,6.8,34.65,0.269,12,0,0
222.19,99300.8,0.7071,34.15,3.5,82.77,181.92,144.62,33.23,0.7183,7,1,1
7.91,102274.4,0.1689,22.63,0.99,27.21,4.4,2.72,23.72,0.1572,11,0,0
173.74,100354.6,0.7189,22.92,4.49,83.82,139.88,105.43,22.72,0.691,7,1,1
231.28,99030.7,0.765,34.36,3.92,89.42,135.2,113.33,36.35,0.7702,10,0,1
177.9,99267.5,0.7158,21.82,4.34,83.84,149.83,87.15,22.07,0.701,6,1,1
167.43,99583.5,0.7272,20.41,4.25,86.19,101.49,72.94,20.18,0.7229,8,1,1
93.62,100282.0,0.6146,32.98,3.0,75.31,72.88,44.93,31.62,0.6052,6,1,1
214.84,98843.6,0.815,25.53,7.42,90.73,125.56,71.12,26.78,0.8125,9,1,1
5.84,101643.8,0.1702,29.36,2.22,29.24,4.64,3.57,27.83,0.1796,1,0,0
5.35,102689.1,0.1309,32.32,0.68,20.0,4.78,4.07,32.26,0.1292,5,0,0
17.87,101124.0,0.2285,24.25,2.5,55.35,13.91,7.72,24.97,0.2257,4,0,0
17.08,101712.5,0.2238,19.7,0.89,54.63,9.24,5.13,19.61,0.2085,3,0,0
205.4,99665.8,0.727,29.2,7.66,89.09,117.82,84.22,29.39,0.7198,8,1,1
23.36,101656.8,0.2817,23.11,0.94,63.92,12.79,9.46,22.39,0.27,9,1,0
18.0,101031.3,0.2309,37.16,1.14,43.37,12.06,10.13,37.92,0.2344,4,0,0
88.54,100500.0,0.6811,24.49,3.0,75.91,54.26,44.34,22.76,0.6829,6,1,1
7.24,102029.1,0.1444,23.09,0.67,32.15,5.92,5.08,23.89,0.1313,8,1,0
10.51,102270.2,0.1929,25.17,1.15,32.91,7.05,5.83,25.96,0.2075,2,0,0
212.63,99462.8,0.7613,28.85,7.89,95.05,171.15,98.53,29.45,0.7901,7,1,1
204.63,99419.9,0.8054,31.4,6.34,91.22,118.51,95.19,32.13,0.7887,6,1,1
287.09,98366.3,0.8612,23.82,6.48,92.01,177.92,138.71,25.75,0.842,6,1,1
332.09,99165.7,0.9319,21.48,7.97,100.0,205.85,151.55,21.28,0.9211,7,1,1
176.48,99854.6,0.7311,20.9,4.82,82.86,101.44,64.49,22.84,0.7604,9,1,1
17.82,101175.7,0.2336,25.58,0.65,43.69,14.95,8.31,25.6,0.2176,11,0,0
25.66,100505.5,0.2916,34.75,2.66,66.4,19.61,14.77,33.44,0.3108,1,0,0
13.71,102004.1,0.1856,32.91,0.27,42.99,10.63,6.78,31.47,0.1962,1,0,0
126.55,99921.6,0.6968,24.21,3.16,79.78,99.99,68.2,25.74,0.7069,10,0,1
1.43,102668.9,0.08,36.21,0.0,21.38,1.18,0.68,36.82,0.0793,3,0,0
334.88,98125.2,0.9105,24.23,8.76,98.24,213.05,137.42,24.94,0.9021,1,0,1
7.76,101725.8,0.1484,34.63,1.57,32.67,4.15,2.18,33.47,0.1313,11,0,0
121.21,100162.2,0.6017,26.59,5.07,79.33,88.5,73.69,25.75,0.6214,7,1,1
18.78,100587.0,0.2573,29.84,2.66,52.63,11.27,9.53,30.26,0.2557,11,0,0
21.68,100500.0,0.2551,32.63,2.55,57.84,13.96,10.02,31.79,0.2725,12,0,0
187.58,99578.1,0.7966,29.82,6.04,84.47,105.99,63.58,30.92,0.8263,4,0,1
215.94,99384.1,0.772,20.0,5.3,86.42,152.55,84.82,19.07,0.7692,9,1,1
12.54,101482.4,0.1956,31.04,0.38,46.7,11.19,9.29,31.2,0.1942,4,0,0
119.75,99955.6,0.6,20.0,3.0,81.39,75.77,51.9,21.72,0.5807,6,1,1
17.0,101503.3,0.2396,29.98,2.4,49.56,13.58,12.02,31.35,0.2205,11,0,0
145.63,100095.3,0.6227,32.45,3.95,84.72,93.78,62.26,34.24,0.6054,5,0,1
266.98,98371.8,0.7999,23.86,6.3,95.34,152.15,120.09,23.24,0.8049,5,0,1
325.1,98277.0,0.842,28.08,9.68,95.34,205.17,148.35,27.29,0.8442,8,1,1
342.03,98000.0,0.95,28.31,7.87,99.99,216.16,133.34,27.67,0.9287,8,1,1
146.23,99702.3,0.6261,33.93,3.34,82.2,82.7,69.79,34.81,0.6488,10,0,1
118.5,100018.4,0.6777,20.42,4.16,81.32,71.27,54.49,19.51,0.7075,9,1,1
22.4,101167.9,0.2543,29.19,2.39,61.94,14.93,11.04,28.06,0.2454,11,0,0
322.75,98364.2,0.897,24.88,5.99,99.21,240.45,180.0,23.1,0.8703,6,1,1
19.23,101455.4,0.252,18.07,1.83,47.42,15.45,11.65,16.92,0.2676,9,1,0
183.45,99177.4,0.7258,24.7,6.1,82.39,152.89,98.02,23.15,0.7023,9,1,1
184.33,99431.0,0.7182,26.19,5.78,84.22,119.71,92.06,25.95,0.7042,7,1,1
15.58,101840.7,0.2407,24.35,1.87,53.47,9.38,7.86,24.09,0.2306,12,0,0
8.53,101723.4,0.1492,37.95,0.74,30.51,7.46,4.41,36.52,0.1358,10,0,0
13.05,101310.1,0.1901,18.62,1.18,47.35,10.26,8.86,16.98,0.202,6,1,0
17.95,101263.7,0.2522,27.9,0.82,50.81,14.37,10.38,29.82,0.2362,3,0,0
346.68,98319.0,0.95,28.45,12.0,100.0,222.09,165.91,30.14,0.9306,8,1,1
1.03,102966.4,0.08,36.22,0.47,21.11,0.82,0.5,36.12,0.0739,4,0,0
199.94,99335.8,0.7826,22.84,5.46,83.4,146.78,118.52,23.06,0.7826,9,1,1
25.12,100855.8,0.344,31.04,3.97,62.12,14.97,7.96,29.92,0.3519,7,1,0
176.73,99964.6,0.7443,28.0,6.56,85.21,120.81,83.49,28.5,0.7681,8,1,1
3.76,101395.6,0.136,23.9,0.1,28.68,2.74,2.03,24.32,0.1298,4,0,0
104.66,100500.0,0.6485,22.36,4.63,79.68,80.41,65.84,21.63,0.6517,8,1,1
18.93,100926.5,0.2593,36.46,3.25,51.73,13.75,10.0,35.52,0.2557,5,0,0
97.81,100500.0,0.6142,33.8,3.0,77.86,54.3,42.16,34.88,0.5913,6,1,1
29.69,100844.0,0.3471,36.17,0.52,61.18,17.4,8.79,37.42,0.3444,3,0,0
344.68,98000.0,0.95,23.51,8.24,97.57,250.0,180.0,22.4,0.9593,9,1,1
136.56,100103.4,0.6592,27.61,7.83,81.61,115.73,73.71,26.52,0.6517,7,1,1
8.36,101355.8,0.1572,31.83,0.67,27.9,5.95,3.18,30.38,0.1478,1,0,0
19.57,100881.3,0.2458,37.67,2.0,49.42,14.44,7.67,37.28,0.2497,6,1,0
190.32,99441.0,0.7164,27.73,3.97,86.02,150.06,118.25,25.88,0.7065,7,1,1
330.19,98148.7,0.9093,21.33,10.16,98.67,250.0,180.0,20.1,0.9199,8,1,1
84.73,100328.9,0.6,23.68,5.23,81.37,60.45,40.0,24.68,0.585,12,0,1
13.12,101744.0,0.2211,22.65,0.25,35.63,8.48,6.67,22.32,0.2057,11,0,0
17.96,100972.0,0.2232,35.16,1.19,44.56,9.15,6.99,36.2,0.2174,1,0,0
7.86,101852.2,0.1797,32.13,1.3,41.14,4.37,3.76,33.31,0.1649,4,0,0
167.11,99811.5,0.7134,21.4,7.22,86.58,100.54,67.3,22.7,0.7165,8,1,1
349.74,98000.0,0.9328,23.65,10.51,100.0,240.9,134.34,23.8,0.9474,8,1,1
17.77,101333.6,0.2446,33.06,1.6,44.59,9.5,6.17,33.76,0.2449,1,0,0
260.25,98778.0,0.8417,30.05,7.28,91.24,185.3,125.66,29.44,0.8597,2,0,1
26.23,100586.9,0.3263,27.1,1.18,60.59,17.38,11.34,25.92,0.3423,4,0,0
20.99,100732.6,0.2265,24.16,1.46,62.76,14.35,8.38,23.96,0.223,8,1,0
19.72,101523.8,0.2397,30.15,0.71,56.6,11.31,8.33,31.76,0.2217,3,0,0
254.83,98191.1,0.7624,22.22,3.28,88.71,192.48,132.41,22.74,0.7835,9,1,1
276.45,98685.2,0.8758,26.39,8.71,87.34,190.9,132.63,27.26,0.8928,6,1,1
14.29,101637.7,0.2443,18.65,0.59,44.15,10.61,9.22,17.41,0.2263,10,0,0
161.8,99713.0,0.7156,25.73,3.68,85.56,122.28,69.46,26.48,0.7182,6,1,1
264.51,98885.9,0.8112,20.0,5.65,95.65,211.75,161.48,20.27,0.7883,4,0,1
286.25,98550.4,0.8837,32.85,8.29,85.74,226.26,169.88,31.07,0.8583,8,1,1
260.87,98618.6,0.8892,28.83,10.65,92.87,175.86,133.05,28.04,0.9139,6,1,1
154.55,99526.4,0.7444,32.28,3.83,83.91,127.6,79.71,30.64,0.7592,6,1,1
157.79,99159.9,0.6863,20.94,5.89,83.34,105.01,63.24,19.6,0.6981,7,1,1
19.59,101867.3,0.2509,26.08,1.57,59.42,17.27,9.6,27.34,0.2519,12,0,0
311.49,98258.8,0.8766,29.15,10.71,94.09,250.0,157.34,27.4,0.8792,9,1,1
281.35,98619.1,0.8799,23.61,5.61,94.99,163.94,109.29,24.6,0.8604,6,1,1
0.03,102850.2,0.0998,22.91,1.0,24.13,0.02,0.02,22.95,0.1172,6,1,0
89.93,100046.9,0.6156,24.62,4.41,75.0,71.71,50.55,26.46,0.6209,8,1,1
149.23,99538.7,0.7004,31.57,3.0,83.34,113.8,70.69,30.29,0.676,6,1,1
10.87,101836.2,0.202,22.69,0.48,33.49,5.94,4.65,22.64,0.1902,7,1,0
24.66,100782.5,0.2904,27.59,2.04,58.21,20.0,12.1,28.13,0.3018,7,1,0
9.86,101429.0,0.1556,18.32,0.0,38.17,8.18,6.75,20.21,0.1456,5,0,0
218.58,98792.7,0.8071,20.0,4.37,81.91,152.92,94.97,20.09,0.7822,8,1,1
126.89,99800.8,0.608,32.96,3.22,76.27,87.74,58.6,32.25,0.6021,9,1,1
108.46,100436.5,0.6114,23.77,5.0,76.61,87.0,48.19,22.52,0.6306,7,1,1
4.46,101847.5,0.1155,23.68,0.0,26.59,3.9,3.03,22.76,0.1233,12,0,0
299.88,98374.3,0.895,32.54,8.66,91.63,189.82,110.32,31.74,0.886,8,1,1
279.24,98621.3,0.86,30.67,6.62,88.01,209.0,121.74,30.45,0.8545,6,1,1
139.75,100339.3,0.6787,29.75,3.84,85.05,100.28,61.73,30.8,0.6547,9,1,1
90.1,100292.3,0.6344,32.66,3.0,77.99,61.05,41.03,30.87,0.661,7,1,1
27.62,100745.5,0.3066,30.08,1.74,66.47,15.99,13.59,29.34,0.3244,12,0,0
29.58,101302.9,0.3484,25.47,2.52,62.77,15.13,10.07,23.66,0.3507,8,1,0
13.8,101477.8,0.2212,35.97,3.15,44.68,8.74,4.49,35.15,0.2307,4,0,0
220.81,99313.7,0.7671,28.63,7.86,89.59,137.46,93.53,28.99,0.7468,6,1,1
7.15,102000.5,0.1676,22.74,0.58,25.8,5.63,3.56,24.34,0.1819,8,1,0
12.75,102852.3,0.1761,24.95,1.79,40.16,11.41,5.96,25.07,0.1762,11,0,0
21.22,101048.2,0.2799,22.12,1.82,53.55,17.56,11.02,20.19,0.2923,5,0,0
197.84,99507.5,0.735,32.71,7.36,81.58,128.93,90.91,33.49,0.7177,6,1,1
19.04,101153.8,0.2341,36.44,2.84,51.42,10.04,8.46,38.37,0.2343,8,1,0
3.13,102785.8,0.1391,37.73,0.53,28.52,1.59,1.04,37.32,0.1286,7,1,0
122.28,100090.9,0.6401,33.7,5.54,79.88,90.18,69.7,33.22,0.6325,7,1,1
18.96,101636.0,0.2444,36.47,1.27,48.85,11.37,8.47,37.57,0.2563,5,0,0
280.73,98771.8,0.8966,20.0,7.83,99.0,179.26,146.47,18.27,0.9129,6,1,1
13.91,102410.4,0.2095,32.13,1.06,51.23,7.96,6.93,33.14,0.2169,1,0,0
199.87,99297.0,0.7812,26.23,5.44,86.36,159.47,99.27,26.36,0.7973,7,1,1
14.8,101797.6,0.2485,30.07,0.36,43.75,9.95,8.38,28.7,0.2588,8,1,0
115.27,99614.0,0.674,34.82,3.2,76.2,71.07,46.82,35.84,0.6892,6,1,1
13.42,101145.0,0.2105,27.62,1.69,38.71,11.2,9.92,28.68,0.2287,1,0,0
212.86,99696.5,0.7721,22.87,6.27,87.53,171.18,113.75,24.77,0.7939,9,1,1
14.36,101194.4,0.2035,37.25,2.1,47.72,11.59,8.65,37.17,0.2031,1,0,0
22.55,101141.6,0.2502,18.35,4.25,58.18,17.6,11.22,17.1,0.2429,4,0,0
93.1,100500.0,0.6062,24.92,3.88,75.78,73.74,56.79,23.67,0.5988,6,1,1
7.6,102664.1,0.1497,22.05,0.48,32.42,5.02,4.25,23.55,0.1458,6,1,0
14.21,101228.0,0.1928,27.42,2.34,40.53,10.03,6.61,27.22,0.1811,8,1,0
25.11,100596.5,0.3125,28.39,3.71,55.47,13.26,11.16,29.72,0.313,2,0,0
155.78,99928.0,0.6863,24.61,4.56,81.68,115.57,88.73,22.74,0.7036,1,0,1
294.99,98830.1,0.905,27.24,8.31,100.0,220.73,160.35,27.19,0.9267,7,1,1
21.26,100500.0,0.2417,18.95,2.75,65.48,16.0,10.37,17.86,0.2595,9,1,0
11.82,101415.3,0.2294,20.67,1.76,38.56,10.41,6.91,22.1,0.2128,4,0,0
346.11,98130.9,0.95,28.56,8.08,98.37,250.0,180.0,27.72,0.9238,9,1,1
12.66,101180.2,0.193,24.2,1.32,40.55,7.55,4.72,25.75,0.1789,11,0,0
267.12,98602.2,0.862,30.15,6.63,93.78,175.53,106.34,31.5,0.8875,11,0,1
195.29,99344.1,0.7782,20.0,7.32,84.34,111.7,75.76,18.19,0.7612,3,0,1
11.76,102307.3,0.1545,30.68,1.16,38.68,7.38,4.7,30.79,0.1715,2,0,0
27.3,100502.3,0.3443,31.73,2.64,69.0,19.17,11.5,31.47,0.3566,11,0,0
325.59,98392.4,0.9111,25.75,6.9,93.38,192.08,135.81,26.75,0.9212,8,1,1
29.92,100503.1,0.35,24.63,0.98,59.13,20.0,10.65,23.04,0.3667,9,1,0
2.55,102846.1,0.1168,24.66,0.0,25.65,1.59,0.92,26.12,0.1142,11,0,0
2.85,102220.4,0.08,20.61,0.0,22.54,1.66,1.46,20.71,0.0642,9,1,0
277.3,98660.0,0.8173,31.29,4.59,89.17,228.47,129.44,29.44,0.7888,7,1,1
7.33,102289.4,0.1458,23.29,0.3,28.56,4.17,2.91,24.58,0.1306,6,1,0
87.99,100500.0,0.6,32.12,3.96,77.37,51.61,40.0,32.98,0.6261,9,1,1
5.19,102338.0,0.1108,32.97,0.1,29.97,4.12,3.04,33.72,0.1133,9,1,0
266.85,98637.8,0.7984,26.16,8.67,93.25,163.82,129.89,26.04,0.7717,8,1,1
281.99,98751.0,0.857,25.38,8.24,94.77,199.99,118.99,24.53,0.864,6,1,1
2.32,102038.2,0.0817,29.79,0.54,20.0,1.57,0.94,30.56,0.0937,12,0,0
15.32,101183.9,0.2401,31.34,0.38,51.61,8.7,7.49,31.89,0.2264,12,0,0
18.47,101273.4,0.2357,26.43,1.71,49.68,16.37,11.87,24.51,0.2529,2,0,0
5.86,101608.3,0.1527,19.53,1.08,30.33,4.72,3.68,21.0,0.1559,7,1,0
15.42,102186.9,0.2104,25.99,2.1,46.54,13.8,11.13,25.63,0.2096,6,1,0
139.54,100006.4,0.6684,31.36,4.35,80.91,102.92,83.43,30.34,0.6785,9,1,1
125.53,100392.3,0.6987,29.83,3.0,80.32,97.34,57.21,29.65,0.7036,6,1,1
97.02,100274.1,0.6361,33.92,3.51,78.77,55.04,40.0,33.16,0.6123,6,1,1
223.25,99498.3,0.7403,20.0,5.99,86.34,133.0,94.03,18.51,0.7195,5,0,1
166.31,99233.5,0.7264,22.11,6.21,86.03,94.18,59.13,20.45,0.7146,8,1,1
13.91,101093.7,0.2254,32.78,1.56,41.33,10.01,7.8,33.02,0.2375,9,1,0
349.23,98002.5,0.9153,21.15,8.33,100.0,250.0,146.94,21.73,0.9097,6,1,1
341.36,98173.7,0.912,33.82,6.83,94.63,245.17,180.0,32.5,0.9128,6,1,1
206.3,100142.2,0.7664,20.35,3.96,88.15,127.66,78.46,20.29,0.7922,7,1,1
267.02,99028.8,0.9217,20.76,4.67,90.0,148.83,95.11,19.16,0.9427,9,1,1
292.07,98353.4,0.9306,26.96,7.24,97.7,168.01,95.82,27.12,0.9023,6,1,1
11.06,101306.0,0.1551,26.89,0.18,35.06,7.71,6.1,26.95,0.1576,5,0,0
305.33,98650.1,0.8947,30.77,8.66,100.0,235.13,164.34,29.88,0.915,9,1,1
5.84,101576.6,0.08,18.52,0.0,28.15,3.88,2.5,17.89,0.0639,6,1,0
184.52,99597.2,0.7618,34.65,4.52,87.56,149.67,85.72,36.52,0.7584,9,1,1
171.94,99444.3,0.7136,32.52,5.85,84.83,129.0,94.1,32.48,0.7247,7,1,1
90.32,100500.0,0.6,21.18,3.0,78.92,74.55,59.43,22.5,0.5879,9,1,1
143.56,99960.0,0.6888,30.7,4.16,76.7,83.13,49.16,29.53,0.6965,8,1,1
337.68,98684.5,0.9274,25.19,10.09,95.37,250.0,180.0,25.27,0.9306,10,0,1
305.89,98897.6,0.8904,23.94,9.02,94.53,250.0,180.0,22.4,0.8822,6,1,1
265.43,98456.6,0.8243,25.67,5.86,86.6,160.89,125.77,25.15,0.8334,4,0,1
293.64,98685.7,0.8963,27.23,8.82,93.6,229.74,180.0,28.42,0.8855,7,1,1
3.14,102030.0,0.0918,30.97,0.0,26.23,1.84,1.13,31.23,0.0954,5,0,0
4.0,101949.8,0.1618,34.08,0.86,29.68,2.13,1.41,33.54,0.1702,1,0,0
23.85,101096.0,0.294,23.56,2.19,61.99,20.0,15.0,25.04,0.2872,7,1,0
2.14,102303.4,0.0906,26.97,0.43,22.44,1.22,0.79,25.2,0.0765,12,0,0
14.05,102277.0,0.2236,31.55,1.03,47.34,9.32,6.74,31.36,0.2347,3,0,0
260.54,99088.3,0.8772,20.0,8.82,93.79,163.96,100.46,21.76,0.9071,8,1,1
260.82,98521.6,0.9083,20.15,7.2,93.31,186.74,149.18,19.36,0.8819,7,1,1
312.38,98707.7,0.8775,33.45,8.63,99.9,227.22,162.31,34.14,0.8724,10,0,1
18.38,100995.5,0.2672,20.54,0.69,52.97,9.48,5.44,19.21,0.2629,1,0,0
21.39,101436.9,0.2875,24.48,3.21,63.28,13.57,7.36,25.0,0.2807,9,1,0
5.56,103000.0,0.1416,23.77,0.05,27.26,4.32,3.15,25.2,0.1329,4,0,0
17.58,100500.0,0.2742,27.95,3.15,46.87,10.35,6.35,26.92,0.2683,9,1,0
17.82,100959.7,0.2467,35.33,2.24,48.7,11.47,8.95,33.86,0.2475,9,1,0
27.52,100500.0,0.3332,31.75,3.08,57.48,20.0,14.71,30.24,0.3283,1,0,0
312.83,98567.8,0.9073,23.94,6.57,98.39,216.24,154.73,22.02,0.8901,6,1,1
283.39,98221.8,0.8503,27.92,4.85,91.69,164.97,124.35,28.33,0.8733,10,0,1
19.54,101544.0,0.2601,36.53,1.91,50.21,10.22,7.19,36.91,0.2532,6,1,0
317.21,98139.2,0.9309,23.17,6.27,97.68,250.0,137.67,23.02,0.9557,8,1,1
250.06,98821.2,0.7718,25.4,6.29,86.54,141.61,119.22,24.42,0.7796,9,1,1
8.35,101932.3,0.1607,19.22,0.05,40.79,4.9,3.09,21.09,0.1482,4,0,0
29.83,100500.0,0.3316,32.82,1.19,70.0,20.0,15.0,34.21,0.3336,9,1,0
197.32,99560.0,0.7767,29.71,6.07,86.51,149.18,94.66,30.31,0.7487,9,1,1
113.04,100046.1,0.6139,24.45,3.33,78.91,85.75,61.92,24.53,0.63,2,0,1
212.35,98668.4,0.766,27.14,4.75,86.58,130.0,89.38,25.72,0.738,7,1,1
28.81,100500.0,0.35,18.56,2.44,70.0,20.0,15.0,19.62,0.3699,6,1,0
21.27,101676.2,0.2951,27.78,2.61,49.06,15.7,8.26,25.97,0.2816,5,0,0
13.93,101736.5,0.2137,20.97,1.99,43.61,8.28,5.48,22.77,0.2171,10,0,0
11.37,101579.8,0.1872,27.09,0.48,34.45,8.09,4.22,25.26,0.1737,11,0,0
258.87,98911.4,0.8341,29.82,4.8,91.01,159.79,126.73,30.48,0.8213,6,1,1
12.05,101822.6,0.1732,36.4,1.15,39.56,9.28,6.54,34.68,0.1535,8,1,0
0.26,103000.0,0.08,18.54,0.41,26.13,0.16,0.1,17.07,0.0611,6,1,0
289.71,98775.8,0.8822,33.35,6.96,93.93,230.05,180.0,32.32,0.8589,4,0,1
238.03,99217.6,0.8457,34.61,4.97,89.03,156.68,89.11,34.32,0.8269,5,0,1
207.56,99088.1,0.7975,32.62,4.07,89.1,117.55,97.25,30.88,0.8191,9,1,1
141.08,100500.0,0.6895,20.0,3.0,77.49,114.09,95.32,20.68,0.67,9,1,1
11.2,101651.5,0.1731,33.89,0.42,32.18,6.4,5.42,33.86,0.193,10,0,0
8.13,102129.7,0.1459,18.75,0.15,28.73,4.37,3.53,18.65,0.1505,1,0,0
84.65,100500.0,0.6248,30.77,3.0,75.0,56.22,44.48,30.16,0.6216,7,1,1
159.54,99834.9,0.6931,20.92,3.95,80.63,116.04,97.44,20.0,0.7153,6,1,1
253.18,98845.2,0.7808,21.68,9.47,87.36,157.27,105.01,23.17,0.7763,10,0,1
7.28,102224.5,0.1659,27.24,1.42,31.76,5.14,3.42,25.76,0.1643,8,1,0
284.51,98310.3,0.8513,32.38,9.19,92.01,161.51,126.09,33.49,0.8243,6,1,1
153.98,100071.7,0.6923,34.27,3.1,82.45,124.6,87.81,35.11,0.6704,9,1,1
4.7,101614.8,0.1021,34.31,0.23,27.6,4.02,3.34,34.09,0.1064,6,1,0
95.23,100500.0,0.6327,26.64,3.0,75.0,67.85,46.38,27.75,0.6533,7,1,1
324.37,98000.0,0.9023,24.98,10.95,100.0,215.87,125.27,24.69,0.8818,6,1,1
192.43,99475.4,0.8219,32.56,6.73,88.75,114.6,94.29,32.93,0.8494,11,0,1
283.05,98000.0,0.8971,28.52,6.19,91.76,204.25,134.41,29.51,0.9028,2,0,1
173.83,99249.1,0.7193,32.6,4.4,81.67,104.59,85.7,32.89,0.7258,9,1,1
26.77,100500.0,0.2825,35.29,4.18,65.76,20.0,15.0,33.42,0.2751,11,0,0
135.73,99855.7,0.649,25.16,5.81,78.77,114.56,81.8,24.54,0.6546,7,1,1
105.92,100469.7,0.6,32.63,3.0,75.14,65.45,40.39,32.55,0.5776,8,1,1
23.9,100611.1,0.2821,18.98,4.98,61.18,16.47,13.86,18.35,0.2738,11,0,0
306.55,98006.4,0.9241,23.98,6.61,99.32,178.8,103.97,22.88,0.948,8,1,1
13.1,101914.2,0.2052,24.98,0.79,46.49,9.55,8.27,26.44,0.1883,1,0,0
18.06,101170.6,0.2243,28.39,2.59,48.87,9.61,7.64,30.27,0.2278,5,0,0
9.88,101316.1,0.1667,22.02,0.73,45.67,5.99,4.44,21.47,0.1793,7,1,0
98.48,100500.0,0.6,23.21,3.81,80.54,77.73,55.64,22.58,0.6274,8,1,1
17.91,100715.4,0.2711,30.14,3.47,57.99,14.54,10.17,31.47,0.2708,7,1,0
223.56,99310.9,0.762,29.43,8.28,88.6,175.97,115.71,29.17,0.7534,6,1,1
5.97,102242.3,0.1089,28.2,0.29,28.87,3.09,1.92,29.88,0.1236,9,1,0
28.54,101129.8,0.3033,18.54,1.56,64.53,20.0,14.4,16.89,0.2856,5,0,0
21.08,101498.1,0.3051,34.23,4.02,51.0,13.55,8.55,32.26,0.2924,9,1,0
344.84,98336.2,0.95,23.61,9.55,99.04,250.0,178.28,25.44,0.9273,8,1,1
262.33,98423.0,0.8833,20.0,7.19,87.78,180.12,114.06,19.57,0.8778,9,1,1
84.12,100493.2,0.6,25.21,3.0,75.0,65.9,48.06,26.21,0.6185,8,1,1
8.42,101771.1,0.1418,32.73,0.91,38.62,5.1,4.06,34.51,0.1377,8,1,0
248.33,99267.3,0.8044,20.85,6.6,89.32,143.86,86.6,22.78,0.8292,6,1,1
15.35,101511.0,0.2064,30.61,0.95,53.29,13.12,8.56,28.99,0.2071,10,0,0
169.04,99974.6,0.683,32.02,5.95,83.75,100.18,79.62,32.96,0.6618,7,1,1
23.97,100939.2,0.3171,19.32,2.16,58.11,20.0,10.46,18.75,0.3078,10,0,0
26.1,100909.5,0.3253,36.91,1.33,63.88,18.49,9.72,36.69,0.345,1,0,0
118.7,100500.0,0.6456,33.14,3.68,79.34,95.77,77.26,32.28,0.6472,6,1,1
0.5,103000.0,0.0809,19.53,0.22,21.68,0.39,0.34,18.49,0.0884,11,0,0
14.99,101133.3,0.2234,26.0,0.68,40.07,10.76,7.74,26.32,0.2147,8,1,0
20.89,101006.1,0.2823,31.5,0.48,64.16,16.79,8.88,30.56,0.3023,9,1,0
297.38,98567.1,0.8319,29.12,5.65,92.93,238.76,145.26,27.81,0.83,10,0,1
0.88,103000.0,0.1236,37.76,0.17,20.64,0.45,0.35,35.83,0.1416,9,1,0
11.87,101386.0,0.2021,21.35,0.84,43.1,9.87,8.45,19.51,0.2025,1,0,0
306.21,98847.7,0.9405,23.89,10.78,98.65,233.37,180.0,23.04,0.9171,6,1,1
231.74,98681.6,0.8422,28.86,3.66,90.2,158.86,132.36,27.37,0.8456,9,1,1
16.52,101922.2,0.2004,25.53,0.49,47.63,10.76,5.62,24.53,0.2058,9,1,0
3.82,101771.5,0.1048,33.56,0.72,36.36,2.87,2.55,32.8,0.0893,11,0,0
264.86,98381.7,0.8456,20.22,6.08,92.27,160.58,117.66,21.38,0.8418,9,1,1
172.16,99647.6,0.6933,34.26,5.48,83.16,108.5,66.73,35.26,0.6685,10,0,1
29.47,100500.0,0.3397,29.14,2.33,66.69,15.77,13.87,28.26,0.354,6,1,0
100.69,100193.1,0.6497,26.03,4.85,75.0,81.54,64.92,24.58,0.669,9,1,1
302.28,98247.8,0.92,24.77,11.27,91.85,211.74,119.36,24.89,0.9264,8,1,1
344.69,98337.4,0.95,20.0,7.08,100.0,223.73,130.08,19.03,0.9628,7,1,1
29.43,100767.3,0.35,33.24,1.1,69.0,20.0,11.85,33.02,0.3381,10,0,0
321.82,98353.2,0.9407,25.2,6.98,98.19,225.71,178.38,24.05,0.9136,9,1,1
332.57,98000.0,0.95,21.03,6.61,93.31,220.91,180.0,21.32,0.9775,7,1,1
3.26,102302.8,0.121,32.18,0.62,23.15,1.75,0.88,31.09,0.1303,2,0,0
208.34,99491.1,0.7454,31.83,5.22,84.26,160.33,114.7,33.1,0.7747,6,1,1
19.44,101385.5,0.2181,33.53,1.26,54.43,13.13,7.04,34.91,0.2314,4,0,0
124.39,100072.0,0.659,22.46,4.49,75.0,105.73,60.54,20.8,0.6848,7,1,1
230.05,98895.7,0.7743,20.0,7.19,87.89,180.29,116.19,19.4,0.7843,1,0,1
91.06,100500.0,0.6085,27.44,3.0,75.55,51.62,40.0,29.05,0.6243,11,0,1
206.65,99212.3,0.7735,21.18,6.59,84.74,126.14,106.41,22.16,0.7479,6,1,1
20.53,101101.5,0.2471,31.98,1.46,58.9,11.58,9.04,31.69,0.2401,12,0,0
14.38,102087.4,0.1908,23.42,2.35,43.05,9.47,6.87,24.05,0.1752,8,1,0
25.3,100500.0,0.3227,19.42,1.55,64.61,20.0,13.83,19.86,0.3343,7,1,0
23.48,101311.1,0.2896,23.52,0.31,48.9,14.69,10.11,23.99,0.3059,12,0,0
16.18,100687.3,0.2292,22.98,2.21,43.2,8.52,7.38,22.1,0.237,6,1,0
2.69,102459.9,0.1041,24.59,0.0,20.0,1.39,0.91,25.83,0.1104,7,1,0
286.44,98217.2,0.8628,29.97,10.42,90.75,242.49,158.32,31.37,0.853,8,1,1
25.38,101211.9,0.3037,28.81,4.38,64.68,16.74,12.29,27.87,0.2839,7,1,0
10.24,101552.6,0.1206,26.45,0.45,35.97,6.04,4.77,27.81,0.1313,10,0,0
8.85,101292.3,0.1717,23.31,0.92,38.09,5.21,3.16,21.82,0.1811,11,0,0
162.29,99782.1,0.7173,20.0,5.15,77.21,118.99,79.68,19.75,0.739,8,1,1
5.64,101857.9,0.1252,21.9,0.78,25.38,5.04,3.58,22.07,0.1124,10,0,0
300.27,98668.8,0.8761,22.88,8.94,100.0,248.2,155.05,22.14,0.8943,9,1,1
22.95,101169.8,0.3071,37.79,2.1,57.21,13.59,7.43,39.03,0.2881,6,1,0
302.8,98123.1,0.8852,30.99,7.02,93.96,247.96,180.0,29.63,0.8684,7,1,1
7.27,101444.9,0.162,24.63,0.81,25.91,6.17,4.27,23.42,0.1671,6,1,0
208.78,99308.2,0.7148,20.0,5.91,90.89,160.93,120.83,18.4,0.7306,3,0,1
258.92,99891.0,0.8138,22.78,8.54,86.18,207.76,161.67,23.91,0.8238,7,1,1
11.8,102096.3,0.1871,29.62,0.45,42.67,7.09,3.97,29.69,0.191,7,1,0
15.76,100834.7,0.2375,21.62,1.05,43.5,9.24,7.41,21.99,0.2311,5,0,0
200.81,99774.4,0.7625,32.22,6.13,84.27,122.52,102.88,32.92,0.7519,8,1,1
280.87,98798.4,0.8627,30.05,7.8,90.26,159.58,100.52,30.28,0.8599,9,1,1
21.74,100970.1,0.255,23.89,4.28,51.71,15.74,14.1,24.9,0.2707,6,1,0
139.93,100123.1,0.6719,22.65,3.0,79.44,113.67,72.5,21.8,0.6773,4,0,1
20.1,101170.9,0.2887,37.87,1.9,45.62,14.14,11.23,36.52,0.2747,1,0,0
20.63,101195.4,0.2392,26.42,2.98,57.5,15.8,9.53,26.73,0.2357,11,0,0
3.35,101944.1,0.0916,22.81,0.13,23.93,1.95,1.61,22.58,0.0952,10,0,0
15.49,101737.6,0.1984,32.81,0.5,40.75,10.05,7.21,34.21,0.1964,5,0,0
11.49,101250.1,0.1987,31.76,0.14,39.81,9.46,5.21,31.6,0.1986,2,0,0
2.79,102548.5,0.1008,25.5,0.74,24.69,2.5,1.77,25.7,0.0847,5,0,0
170.91,99464.6,0.7511,24.31,5.6,88.85,100.12,63.22,25.42,0.753,1,0,1
336.4,98594.7,0.9292,20.0,8.56,100.0,250.0,180.0,20.43,0.9168,9,1,1
25.98,101727.4,0.3123,30.6,1.83,69.25,14.02,11.35,30.39,0.3134,4,0,0
121.74,100273.9,0.6816,25.47,4.9,79.06,88.91,70.69,26.57,0.7014,7,1,1
22.77,100891.3,0.2916,33.68,2.42,61.69,12.82,10.4,34.97,0.3064,2,0,0
94.07,100500.0,0.6244,20.1,3.0,79.99,66.22,49.39,18.75,0.6142,8,1,1
247.28,99125.1,0.7429,24.92,7.27,95.26,178.36,147.15,23.92,0.7563,9,1,1
1.77,102001.1,0.08,21.43,0.07,21.1,1.31,0.91,21.54,0.0737,9,1,0
28.34,100595.6,0.315,31.78,1.58,69.52,20.0,12.29,30.75,0.311,8,1,0
133.5,99924.0,0.6509,23.06,4.82,82.83,101.95,65.07,23.52,0.6585,8,1,1
160.65,99471.1,0.7251,28.43,3.31,81.14,93.75,54.35,30.36,0.7469,4,0,1
228.67,99205.0,0.8728,20.0,5.8,89.31,130.99,91.77,18.56,0.8748,4,0,1
15.92,101692.7,0.2168,33.65,1.35,40.72,9.16,6.98,34.05,0.2018,5,0,0
126.31,99734.4,0.6618,21.78,3.92,79.45,94.38,77.53,20.32,0.689,9,1,1
26.63,100798.7,0.2978,18.96,1.38,63.63,14.82,11.12,18.51,0.2887,12,0,0
13.27,101737.2,0.2267,36.32,0.1,38.1,9.25,4.98,36.05,0.2123,8,1,0
333.66,98000.0,0.92,33.58,8.83,92.57,216.14,119.48,33.5,0.9219,6,1,1
23.13,100992.2,0.3067,31.75,2.01,63.82,19.82,15.0,33.07,0.3035,10,0,0
91.04,100500.0,0.6231,20.83,3.79,75.0,60.26,50.96,19.19,0.6276,8,1,1
28.63,100893.9,0.35,19.03,3.05,65.45,19.12,9.95,19.89,0.3378,7,1,0
24.93,101308.1,0.3222,21.52,4.07,65.98,15.52,12.54,23.26,0.338,1,0,0
300.84,98193.8,0.9301,29.64,8.52,94.4,177.86,126.07,29.48,0.909,9,1,1
12.87,101745.1,0.215,29.79,0.83,44.11,7.56,6.06,27.87,0.1993,6,1,0
95.73,100265.9,0.6505,28.17,4.86,78.13,60.86,44.3,28.38,0.6686,9,1,1
284.07,98293.0,0.8415,21.38,7.11,96.17,216.29,164.71,23.06,0.8198,6,1,1
13.31,101470.0,0.2395,26.47,2.68,38.11,10.55,9.43,24.9,0.2312,5,0,0
129.89,100334.2,0.6582,24.49,3.87,78.93,101.68,74.11,23.61,0.6521,8,1,1
8.37,101701.6,0.15,21.59,1.2,43.21,5.82,4.54,21.77,0.1564,3,0,0
17.03,101115.3,0.2515,23.46,3.0,53.53,13.33,7.08,24.48,0.27,1,0,0
20.41,101511.7,0.2814,33.76,2.06,54.73,15.25,8.49,33.7,0.2843,2,0,0
26.69,100500.0,0.35,30.22,1.61,70.0,20.0,12.03,29.89,0.3399,10,0,0
26.14,100705.5,0.3374,18.93,3.31,63.39,14.94,7.94,17.8,0.3361,11,0,0
22.37,101511.9,0.3247,34.08,3.5,57.74,12.57,10.62,34.16,0.3419,3,0,0
128.36,99783.4,0.621,31.83,3.0,75.0,107.64,88.62,31.92,0.6133,10,0,1
9.16,101511.7,0.1486,20.56,1.21,34.6,7.62,4.78,22.29,0.1482,11,0,0
2.43,102669.3,0.1142,25.71,0.19,24.12,1.56,1.3,26.43,0.1063,9,1,0
11.91,101865.9,0.1877,21.55,1.56,41.92,9.82,8.57,23.02,0.202,2,0,0
156.56,100239.1,0.7166,31.83,3.45,79.6,110.24,75.58,32.48,0.6974,9,1,1
216.11,99120.3,0.8028,26.46,7.03,86.41,136.83,94.29,26.14,0.7762,5,0,1
185.66,99582.6,0.7823,22.56,5.12,88.03,125.1,79.39,23.33,0.7681,6,1,1
171.22,99746.0,0.7215,33.84,5.3,83.48,110.81,82.79,34.96,0.7032,9,1,1
334.76,98000.0,0.95,23.1,8.83,95.17,205.62,172.99,25.02,0.9295,9,1,1
288.51,98307.6,0.8824,33.53,9.62,90.95,182.05,109.26,32.68,0.8933,6,1,1
24.07,101029.3,0.2998,20.32,1.17,55.28,20.0,12.63,21.76,0.3036,2,0,0
26.47,100500.0,0.35,33.89,3.32,64.39,20.0,12.24,33.36,0.3455,8,1,0
19.17,101378.2,0.2419,36.25,2.91,54.68,17.1,13.84,35.68,0.2462,1,0,0
226.48,99167.6,0.7728,34.1,7.54,83.61,177.63,127.76,35.36,0.7607,9,1,1
17.88,101538.7,0.2462,30.47,2.29,49.77,9.36,5.01,32.34,0.235,2,0,0
1.58,102016.2,0.1178,36.02,1.14,26.51,1.42,1.03,37.69,0.0988,12,0,0
173.95,99863.6,0.7378,34.14,4.46,85.76,142.95,119.78,32.49,0.736,4,0,1
236.21,99001.3,0.777,27.85,7.16,89.11,170.68,97.75,27.95,0.7476,9,1,1
318.61,98358.9,0.8945,25.71,7.1,95.86,238.0,165.23,26.46,0.9202,6,1,1
165.45,99675.9,0.7084,25.28,5.62,80.01,103.11,83.65,24.98,0.7041,7,1,1
0.47,102570.5,0.08,20.39,0.45,20.0,0.41,0.26,21.29,0.0826,9,1,0
217.41,99100.1,0.7874,33.53,7.31,89.54,134.53,97.51,34.75,0.7893,8,1,1
16.14,101019.6,0.2699,37.49,0.0,53.3,11.7,6.36,39.46,0.2571,2,0,0
250.82,99191.3,0.8215,21.14,8.88,88.68,179.98,104.4,20.05,0.836,7,1,1
130.49,100218.9,0.6866,27.36,3.0,82.29,71.78,60.31,28.86,0.6935,9,1,1
12.23,101523.6,0.2119,27.46,1.31,44.3,8.54,6.13,28.71,0.2126,7,1,0
3.23,102820.5,0.1213,27.12,0.27,28.98,1.98,1.53,28.68,0.1235,2,0,0
207.36,99172.8,0.7601,20.52,4.67,83.68,173.62,132.79,18.54,0.7741,2,0,1
14.41,101532.0,0.193,30.4,2.45,47.81,11.74,7.9,31.3,0.1877,6,1,0
0.51,102849.6,0.0813,33.31,0.62,24.37,0.3,0.16,31.43,0.083,6,1,0
326.29,98000.0,0.95,24.15,8.82,96.46,250.0,147.81,23.93,0.9495,7,1,1
247.26,98904.4,0.7829,29.1,8.35,95.82,163.58,134.88,29.98,0.7976,4,0,1
278.81,98637.2,0.8605,27.84,7.63,87.18,205.22,164.32,29.75,0.8807,9,1,1
177.02,99414.3,0.7807,22.77,5.49,84.03,138.85,77.08,24.71,0.7522,6,1,1
7.67,102299.2,0.1612,21.36,0.64,29.88,4.1,2.18,21.0,0.1674,1,0,0
3.1,101930.3,0.0806,30.46,0.41,20.0,2.58,1.47,28.67,0.0878,9,1,0
92.73,100137.1,0.6213,29.94,3.0,75.53,51.18,40.0,30.17,0.6169,8,1,1
247.42,98580.2,0.8473,27.73,5.61,89.49,200.2,149.22,26.98,0.8538,6,1,1
0.16,102877.9,0.08,24.09,0.53,20.0,0.1,0.08,22.47,0.0809,1,0,0
9.12,101622.9,0.149,31.84,0.08,37.76,6.71,4.05,30.91,0.1617,9,1,0
238.54,98938.6,0.8013,26.01,3.92,85.69,144.85,113.03,24.31,0.8058,3,0,1
337.89,98000.0,0.95,30.49,8.97,100.0,199.94,161.94,30.98,0.9641,8,1,1
160.52,99767.2,0.6777,20.0,4.77,82.76,106.71,87.13,21.32,0.6835,6,1,1
231.97,99108.0,0.8097,24.73,8.65,87.22,173.18,133.43,23.85,0.7827,7,1,1
16.51,101558.5,0.2121,34.9,2.84,45.62,11.47,7.35,35.13,0.2229,1,0,0
195.16,99515.9,0.7676,32.95,5.23,89.88,112.49,65.87,31.44,0.7546,9,1,1
27.71,100500.0,0.3248,24.5,1.76,70.0,17.24,12.52,26.0,0.3114,11,0,0
141.62,99987.9,0.6662,29.93,6.3,85.08,111.09,69.36,28.59,0.6696,9,1,1
173.0,99353.7,0.7505,28.25,7.24,86.56,132.92,85.81,28.68,0.778,6,1,1
20.28,101186.4,0.2526,33.36,1.82,41.8,17.46,10.65,35.2,0.2358,2,0,0
272.12,98878.4,0.8343,21.7,5.39,92.81,213.44,141.28,20.56,0.837,9,1,1
29.08,100864.1,0.3347,30.7,3.66,61.93,15.34,9.4,32.07,0.3184,11,0,0
302.54,98224.5,0.8867,22.19,7.62,97.22,234.73,180.0,22.28,0.9112,8,1,1
19.25,101524.9,0.2975,33.54,2.72,49.14,14.48,9.58,33.37,0.3131,6,1,0
5.04,102701.6,0.1252,24.06,0.16,23.67,2.58,1.4,22.47,0.1199,11,0,0
20.89,101525.4,0.2599,22.57,2.68,50.65,16.32,10.47,20.75,0.2418,3,0,0
303.57,98506.8,0.8584,23.46,10.51,95.05,172.49,144.48,23.9,0.8351,3,0,1
96.69,100078.5,0.6,31.94,3.66,77.63,77.84,60.78,32.5,0.5785,10,0,1
17.98,101215.2,0.2265,21.95,2.42,50.67,9.41,5.69,22.19,0.2288,12,0,0
4.15,102197.7,0.1548,21.21,0.83,29.23,2.78,2.21,22.82,0.1741,6,1,0
118.89,100246.1,0.6552,20.52,3.0,79.77,91.69,64.6,19.12,0.6448,11,0,1
3.45,101760.3,0.1421,23.66,0.0,21.03,1.86,0.95,22.6,0.1535,6,1,0
165.59,99910.9,0.7429,33.69,3.03,86.67,112.06,75.16,33.18,0.7216,10,0,1
2.38,102511.1,0.1035,26.67,0.39,22.21,1.56,1.08,24.9,0.1128,12,0,0
318.6,98447.9,0.8716,28.12,5.66,99.28,227.54,147.16,26.55,0.8833,6,1,1
182.23,100500.0,0.6982,28.37,3.02,82.42,104.3,65.8,28.14,0.6686,4,0,1
229.91,99153.2,0.786,23.99,5.05,93.42,188.57,154.77,24.09,0.7718,7,1,1
3.96,102157.5,0.1258,34.11,0.54,34.76,2.21,1.83,34.46,0.1266,6,1,0
348.01,98000.0,0.92,31.47,11.42,98.9,250.0,180.0,29.79,0.8926,2,0,1
18.56,101679.7,0.2369,34.34,2.19,51.91,9.8,8.3,36.14,0.2199,4,0,0
23.79,101853.4,0.291,18.28,3.73,55.3,12.26,8.41,18.75,0.2737,6,1,0
217.1,99580.2,0.8077,28.2,6.77,83.1,170.17,128.82,26.85,0.8351,6,1,1
19.27,100975.7,0.2365,22.8,1.87,54.88,9.79,8.06,21.42,0.2415,2,0,0
171.51,100500.0,0.6796,28.51,5.78,87.95,102.64,58.51,28.23,0.6723,5,0,1
20.9,100877.7,0.2487,27.57,2.7,52.39,12.22,7.94,27.58,0.2687,11,0,0
28.22,100500.0,0.35,31.51,4.24,69.06,20.0,15.0,31.29,0.3543,3,0,0
13.35,101841.2,0.1779,28.06,0.4,40.45,12.0,8.77,27.16,0.1689,8,1,0
27.35,101237.8,0.3332,36.28,3.0,70.0,20.0,13.34,34.59,0.3172,9,1,0
7.85,101329.9,0.1443,30.71,1.42,30.88,6.25,5.56,31.41,0.1301,7,1,0
260.56,99040.8,0.8827,21.13,4.8,90.49,209.55,151.36,23.08,0.9111,8,1,1
15.6,101595.3,0.2115,37.78,2.31,46.97,10.41,8.15,37.76,0.2171,3,0,0
283.93,98517.6,0.9164,20.0,6.69,95.28,198.56,166.95,21.24,0.9026,10,0,1
93.35,100239.1,0.6,24.85,4.05,84.24,73.22,54.45,25.31,0.5749,6,1,1
201.99,99226.2,0.755,34.46,6.65,87.72,161.76,114.69,32.53,0.75,7,1,1
322.95,98328.4,0.9151,32.05,8.21,93.85,238.11,169.72,31.28,0.9357,9,1,1
22.72,100724.1,0.2549,22.78,4.16,56.68,11.76,7.15,23.5,0.242,8,1,0
82.58,100024.1,0.6279,32.62,3.48,75.49,54.64,40.0,32.29,0.6221,8,1,1
90.27,100500.0,0.6215,21.32,3.0,76.07,57.25,40.0,22.88,0.6037,6,1,1
307.48,98563.2,0.8778,26.97,10.1,95.37,223.59,157.92,25.39,0.8585,12,0,1
13.09,102141.8,0.2194,24.41,1.48,40.61,9.14,5.62,23.97,0.2159,8,1,0
292.79,98448.4,0.8726,27.1,9.09,100.0,201.86,143.02,25.45,0.8704,6,1,1
3.09,102226.5,0.1179,24.61,0.95,23.64,1.82,0.93,25.04,0.1318,12,0,0
209.86,99831.6,0.7727,29.14,4.84,83.94,121.5,79.41,28.71,0.7538,6,1,1
293.74,98227.4,0.8619,20.0,10.1,97.15,166.56,135.89,19.79,0.8491,7,1,1
254.59,98662.2,0.8129,20.64,7.12,93.1,165.02,137.23,21.93,0.7997,6,1,1
195.07,99599.3,0.7666,30.09,5.93,88.74,145.65,91.7,29.43,0.7802,9,1,1
329.93,98603.9,0.95,32.64,9.17,100.0,206.43,153.23,33.04,0.9527,10,0,1
113.57,99987.2,0.6737,26.64,3.23,79.21,93.34,54.16,25.96,0.6979,8,1,1
12.47,101485.5,0.2088,29.29,1.54,40.3,7.89,5.62,27.41,0.1902,2,0,0
13.37,101945.7,0.2012,35.67,0.97,43.76,10.54,9.32,36.46,0.2128,2,0,0
250.62,99148.5,0.8001,24.13,8.43,93.24,166.75,102.81,24.49,0.8009,7,1,1
284.94,98653.4,0.8854,24.44,8.46,93.7,238.71,180.0,24.4,0.8899,7,1,1
100.96,100500.0,0.6,22.56,4.97,75.0,77.53,58.94,24.16,0.5952,8,1,1
27.82,100576.6,0.3144,30.64,2.12,67.4,20.0,12.63,30.18,0.295,7,1,0
268.37,99141.5,0.8308,22.55,3.8,90.22,172.56,142.06,20.65,0.844,7,1,1
19.74,100963.1,0.2582,19.39,1.17,49.48,14.85,10.46,21.38,0.2462,7,1,0
349.98,98095.1,0.9401,30.43,12.0,100.0,250.0,140.85,30.03,0.9247,9,1,1
271.1,98348.0,0.9043,21.1,6.7,89.47,161.51,109.97,22.71,0.9013,11,0,1
3.61,102078.3,0.1072,21.86,0.0,33.05,2.2,1.46,20.45,0.1141,12,0,0
347.86,98000.0,0.9161,31.07,11.08,100.0,196.06,117.96,29.58,0.8996,11,0,1
2.05,101985.5,0.1068,25.14,0.99,20.0,1.17,0.98,24.72,0.1116,3,0,0
11.05,101820.7,0.1844,26.18,0.59,33.21,9.28,5.14,25.77,0.1657,10,0,0
97.65,100500.0,0.6,23.07,3.0,75.38,57.67,40.0,22.47,0.6104,6,1,1
15.79,101426.0,0.2181,22.83,0.75,49.63,12.38,8.9,22.59,0.1993,7,1,0
29.53,100850.0,0.3307,33.79,2.83,63.93,20.0,14.72,32.99,0.3305,4,0,0
102.06,100167.3,0.6,21.95,3.0,75.0,80.69,52.84,22.19,0.6042,6,1,1
10.82,101658.0,0.1972,33.23,0.55,36.87,6.22,4.72,31.96,0.1961,11,0,0
3.03,102698.2,0.1277,25.67,0.0,25.12,2.5,1.43,26.85,0.1095,7,1,0
25.08,101109.8,0.2972,30.06,2.91,69.66,18.9,15.0,29.79,0.3078,7,1,0
208.76,98963.1,0.7697,20.0,4.6,84.46,139.47,104.88,18.2,0.7946,10,0,1
25.44,100883.5,0.3235,31.23,2.98,62.91,20.0,15.0,32.65,0.3048,8,1,0
244.65,98921.1,0.8535,24.89,5.16,85.68,176.22,138.01,26.6,0.8324,7,1,1
26.87,100900.3,0.3144,36.97,3.65,62.37,13.86,8.04,35.18,0.3159,2,0,0
13.52,101181.6,0.1998,18.27,2.15,47.62,8.64,6.22,16.5,0.2106,12,0,0
316.57,98000.0,0.9387,26.09,3.86,96.33,200.99,111.32,24.09,0.9666,7,1,1
8.87,102041.8,0.1206,29.39,0.52,34.6,6.68,3.83,29.39,0.1275,3,0,0
7.86,102283.1,0.1345,36.81,1.37,27.2,5.1,3.45,35.92,0.1324,4,0,0
5.74,102493.9,0.1432,25.9,1.46,26.03,2.89,2.35,24.33,0.1565,6,1,0
319.83,98681.1,0.8628,32.61,6.48,95.2,196.23,155.13,33.69,0.8526,9,1,1
1.66,101537.8,0.0894,26.89,0.2,20.59,1.23,0.93,25.75,0.1052,7,1,0
292.07,98582.2,0.9036,28.42,7.17,97.34,246.06,180.0,29.96,0.8822,10,0,1
210.66,99390.1,0.7138,32.42,6.52,85.66,154.13,107.37,30.69,0.711,11,0,1
167.67,99816.5,0.7434,33.76,4.35,84.87,130.85,92.17,34.15,0.754,8,1,1
161.78,100031.9,0.7546,24.74,3.0,84.58,129.08,98.71,24.01,0.7724,9,1,1
12.75,101429.9,0.206,37.45,1.02,41.87,8.43,5.58,38.9,0.1971,3,0,0
102.72,100330.6,0.6618,26.19,4.18,78.25,58.09,48.69,27.31,0.6541,6,1,1
24.51,100969.1,0.3023,32.74,4.53,62.47,18.55,14.31,32.27,0.322,12,0,0
302.01,98276.9,0.8492,29.87,7.49,98.41,185.92,136.21,28.34,0.8706,9,1,1
266.87,98930.2,0.8642,23.59,5.67,96.42,188.78,134.2,24.81,0.883,6,1,1
126.59,100417.6,0.6694,24.51,3.38,84.92,75.82,43.63,24.42,0.6866,6,1,1
253.19,98418.8,0.8301,20.13,5.01,90.26,155.27,98.64,21.48,0.8478,6,1,1
1.46,101886.7,0.1249,26.31,0.0,26.1,1.18,0.99,26.12,0.1075,9,1,0
121.11,99920.3,0.6498,26.56,4.15,80.67,74.2,58.97,26.52,0.6232,6,1,1
111.37,100500.0,0.626,34.15,3.67,77.63,65.01,40.42,33.46,0.6291,7,1,1
291.84,98485.5,0.8724,33.99,6.54,95.33,223.8,148.41,34.42,0.8441,8,1,1
27.8,101343.7,0.3197,22.88,3.34,66.14,19.69,14.04,21.82,0.3166,7,1,0
25.84,101062.1,0.3136,21.52,4.41,62.96,20.0,11.48,20.29,0.2974,9,1,0
81.32,100500.0,0.6,34.96,3.0,75.0,50.0,40.0,36.7,0.6142,7,1,1
138.15,99597.6,0.7182,22.55,3.31,80.43,99.28,81.07,21.74,0.6987,6,1,1
27.4,100924.4,0.3371,32.29,1.82,70.0,20.0,12.92,30.97,0.3281,1,0,0
174.57,99341.1,0.6658,33.54,3.0,89.76,129.56,97.62,32.6,0.6854,9,1,1
10.33,101858.4,0.1696,24.83,0.23,34.49,6.74,3.88,23.92,0.1671,5,0,0
258.3,98983.1,0.8469,29.9,6.44,88.5,177.57,147.7,28.19,0.8442,8,1,1
319.26,98210.6,0.9101,30.8,11.47,100.0,212.17,139.14,30.77,0.9357,1,0,1
4.34,102715.1,0.1257,21.42,0.0,35.29,3.57,3.05,21.02,0.1321,10,0,0
28.49,100945.4,0.3411,22.61,4.26,70.0,20.0,15.0,20.98,0.3293,8,1,0
8.56,101896.8,0.1286,21.67,1.34,33.01,4.35,2.72,20.55,0.1332,11,0,0
244.4,99008.1,0.7978,20.0,5.89,89.24,136.48,90.99,20.14,0.7901,9,1,1
257.77,99243.0,0.8358,29.58,5.43,84.3,178.12,125.58,29.71,0.8364,3,0,1
169.68,99270.6,0.6996,27.79,5.9,79.9,115.53,84.87,26.63,0.6988,8,1,1
346.6,98417.0,0.9484,30.83,4.53,95.27,214.76,178.44,30.03,0.9218,6,1,1
26.03,100598.0,0.313,24.46,4.03,62.4,14.44,12.29,25.86,0.3197,3,0,0
26.81,100891.2,0.2961,23.88,3.82,64.35,14.39,9.34,25.08,0.281,9,1,0
11.31,101124.3,0.1996,33.43,1.22,36.57,8.54,7.19,32.88,0.2137,2,0,0
15.96,101584.5,0.2041,32.16,2.41,41.58,14.1,11.13,31.64,0.2161,5,0,0
7.69,103000.0,0.1787,35.28,1.26,32.79,6.49,4.26,34.78,0.1931,11,0,0
20.67,101191.3,0.2944,19.6,2.14,63.15,12.72,10.37,18.69,0.2943,5,0,0
282.6,98729.3,0.8367,33.18,5.73,97.9,232.07,180.0,32.39,0.8647,8,1,1
102.79,100302.4,0.6,20.25,3.59,79.44,58.08,40.0,19.9,0.5752,6,1,1
269.65,98564.9,0.8875,30.38,7.86,90.6,160.37,128.89,29.02,0.8906,8,1,1
330.28,98000.0,0.9124,20.79,11.37,100.0,246.12,180.0,21.58,0.8871,9,1,1
5.5,102277.3,0.1094,24.73,0.96,26.95,4.36,2.26,25.27,0.093,9,1,0
9.35,101706.7,0.1577,24.9,1.67,39.04,4.92,4.11,23.48,0.161,3,0,0
183.08,99530.9,0.7422,32.78,6.22,80.06,100.95,76.84,33.62,0.764,9,1,1
29.33,100500.0,0.35,35.6,1.38,64.26,17.27,15.0,34.6,0.3446,7,1,0
12.6,101321.3,0.1843,24.29,1.15,37.91,10.15,5.81,22.33,0.1824,1,0,0
242.93,98701.2,0.8218,26.15,5.8,87.39,155.73,123.64,25.36,0.8307,6,1,1
237.36,98074.8,0.8102,22.06,3.69,94.28,142.08,85.82,21.52,0.8306,6,1,1
200.21,99699.3,0.7624,22.52,6.02,85.74,125.95,89.27,22.24,0.7535,9,1,1
1.5,102269.1,0.1265,37.02,0.0,22.04,1.22,0.79,35.64,0.1373,6,1,0
19.38,101619.5,0.2471,20.89,3.07,57.69,15.56,9.62,22.69,0.2616,5,0,0
0.77,102640.8,0.1151,23.07,0.0,26.47,0.4,0.25,21.38,0.1147,3,0,0
0.24,102139.5,0.08,25.95,0.0,25.78,0.17,0.11,26.81,0.0716,8,1,0
118.15,100293.3,0.6738,24.3,3.0,76.85,78.46,43.82,22.75,0.654,8,1,1
21.29,101277.5,0.2647,32.33,2.28,57.48,19.06,11.5,30.37,0.2844,8,1,0
11.54,102294.3,0.218,19.84,1.28,40.09,7.61,4.21,18.82,0.2131,8,1,0
84.19,99608.9,0.6,25.56,3.04,75.0,50.0,40.95,26.7,0.5944,6,1,1
11.44,101786.3,0.1906,26.26,1.51,39.74,7.51,4.71,24.32,0.1727,8,1,0
130.09,100302.6,0.6597,26.23,5.02,77.32,99.65,82.14,27.38,0.6518,9,1,1
341.94,98040.6,0.9188,20.37,6.75,99.07,206.79,162.56,18.47,0.9169,9,1,1
27.1,100546.7,0.3275,24.26,0.82,60.67,20.0,14.95,24.81,0.3086,5,0,0
278.45,98256.4,0.8555,25.93,7.5,95.13,182.32,131.6,27.08,0.8758,6,1,1
15.84,101338.5,0.2268,28.2,1.03,44.94,12.82,10.98,28.44,0.2462,1,0,0
331.44,98306.4,0.9063,25.59,7.1,93.21,193.04,160.24,23.88,0.9171,9,1,1
269.84,99355.3,0.8784,20.0,8.75,86.28,204.56,165.86,18.87,0.8843,7,1,1
137.38,99823.7,0.6826,25.42,4.1,75.0,104.47,81.53,23.68,0.6959,11,0,1
142.24,99344.9,0.6946,28.26,5.69,85.42,105.58,76.93,27.07,0.6949,11,0,1
218.46,98840.6,0.814,22.84,6.87,84.95,166.02,131.72,22.53,0.7889,10,0,1
163.75,99887.3,0.6955,22.0,5.68,85.51,120.74,91.24,20.26,0.6805,1,0,1
197.52,99094.4,0.7687,32.21,3.0,86.16,116.78,85.11,31.52,0.7444,7,1,1
19.8,101277.6,0.263,37.34,1.69,49.84,10.38,5.7,37.54,0.2685,3,0,0
27.82,101264.0,0.3312,19.79,0.75,57.46,20.0,15.0,18.33,0.3454,1,0,0
5.78,102615.8,0.1161,26.53,0.71,24.76,3.42,2.22,27.01,0.1358,10,0,0
27.3,100739.6,0.3229,18.9,2.42,59.14,17.91,9.8,19.83,0.3069,6,1,0
327.8,98000.0,0.9409,30.17,8.71,99.23,219.88,176.26,29.15,0.9143,7,1,1
16.45,101525.2,0.2395,21.52,0.48,48.87,13.69,8.35,20.28,0.2572,2,0,0
232.73,99105.3,0.7574,22.36,6.85,85.57,150.29,90.36,24.09,0.752,7,1,1
189.09,99527.5,0.6903,28.18,5.43,83.94,152.59,124.56,27.86,0.7059,9,1,1
16.55,101456.7,0.2401,20.84,2.42,45.72,9.2,7.39,21.02,0.2342,9,1,0
254.53,98737.4,0.8287,27.03,6.79,88.92,186.48,127.55,25.05,0.8234,8,1,1
300.98,98112.5,0.8548,29.31,8.18,95.72,189.93,137.72,29.11,0.8312,6,1,1
3.34,103000.0,0.088,21.11,0.36,27.86,2.43,1.46,21.45,0.0712,6,1,0
27.58,101111.8,0.3373,31.21,1.98,60.07,20.0,13.55,31.62,0.3185,6,1,0
335.8,98184.1,0.9293,21.5,4.57,100.0,250.0,180.0,23.31,0.9209,7,1,1
20.62,101094.4,0.2653,35.4,0.81,53.77,14.49,10.99,35.22,0.2682,10,0,0
132.61,99679.5,0.6754,32.53,3.08,81.4,88.99,62.16,33.28,0.6952,6,1,1
9.93,101247.8,0.1943,25.87,1.94,35.5,7.15,3.87,26.56,0.1989,6,1,0
271.53,99053.9,0.8769,29.19,9.47,91.18,163.04,138.25,28.79,0.8944,2,0,1
12.24,101486.8,0.1664,28.24,0.41,37.03,10.39,7.36,27.93,0.1714,10,0,0
122.75,100156.4,0.6835,26.76,5.56,78.49,101.12,58.84,25.51,0.6648,3,0,1
289.16,98653.1,0.9112,23.77,9.04,93.65,174.66,135.3,22.92,0.8843,10,0,1
24.31,100768.5,0.2793,26.01,3.56,55.36,14.33,8.42,24.97,0.2701,5,0,0
112.28,99923.1,0.6501,31.18,5.74,75.84,84.95,68.29,29.99,0.6571,9,1,1
29.41,100882.7,0.3371,35.09,2.31,70.0,20.0,15.0,34.82,0.3564,11,0,0
236.01,98838.9,0.8181,26.87,6.82,90.45,158.7,99.42,26.08,0.8201,9,1,1
169.06,99793.8,0.7619,22.91,7.13,83.69,95.57,57.92,22.76,0.7764,8,1,1
265.93,98434.9,0.8989,20.0,8.49,95.43,185.91,139.44,19.62,0.892,9,1,1
211.89,98773.8,0.7852,25.8,7.73,86.36,167.8,107.03,25.36,0.7829,8,1,1
14.01,101060.6,0.2125,29.72,2.27,42.2,11.8,6.81,29.73,0.199,4,0,0
130.55,100047.4,0.6155,29.01,3.43,78.12,86.67,48.92,30.45,0.6297,8,1,1
234.74,98936.4,0.726,23.29,4.9,96.05,182.19,153.63,22.04,0.7241,8,1,1
259.85,98494.7,0.8478,24.94,5.43,93.45,153.79,86.31,25.79,0.8178,7,1,1
118.49,100079.6,0.6362,24.24,4.01,75.37,94.33,73.22,24.77,0.6512,8,1,1
345.77,98000.0,0.8985,22.98,10.18,97.2,205.02,163.18,23.17,0.9041,9,1,1
18.39,101161.4,0.2383,18.21,2.28,52.85,14.39,12.82,18.7,0.2262,7,1,0
181.85,99451.2,0.7443,32.19,8.04,88.92,118.34,86.82,31.6,0.7597,9,1,1
149.66,100130.4,0.6759,21.36,4.98,77.75,98.44,80.65,20.35,0.651,6,1,1
94.91,100357.8,0.6,31.55,3.0,75.14,58.1,40.0,31.03,0.5883,9,1,1
178.83,99506.8,0.7255,20.23,5.76,86.26,151.0,83.41,21.69,0.7218,1,0,1
18.76,100875.5,0.2849,33.98,1.82,50.27,12.94,10.71,35.21,0.3029,3,0,0
20.61,100582.1,0.2474,23.04,0.65,52.49,16.46,14.28,21.18,0.2573,3,0,0
277.73,98185.8,0.8408,22.61,6.61,89.85,177.68,125.22,20.72,0.8509,9,1,1
26.39,101120.2,0.2938,21.33,4.14,58.08,13.98,11.04,22.58,0.2854,2,0,0
100.58,100367.7,0.6885,24.77,4.46,77.09,67.27,45.56,23.4,0.675,6,1,1
216.31,99149.4,0.8457,33.31,8.2,87.81,122.82,85.09,33.86,0.8347,6,1,1
29.48,100500.0,0.35,26.08,4.03,68.1,18.86,10.63,27.64,0.351,2,0,0
27.22,101421.7,0.3436,37.48,2.14,62.6,14.19,10.16,36.32,0.3317,4,0,0
234.42,99074.7,0.8104,23.93,3.71,88.73,198.2,127.89,22.19,0.8199,7,1,1
19.39,101226.5,0.2369,29.71,2.03,57.22,14.12,10.87,31.37,0.2396,12,0,0
202.65,99606.6,0.7697,29.18,5.74,84.08,125.88,75.61,28.36,0.7458,6,1,1
346.37,98000.0,0.8938,27.52,10.85,100.0,237.1,180.0,28.51,0.9125,11,0,1
16.53,100681.8,0.2454,29.56,1.71,52.48,12.09,8.38,28.31,0.2436,3,0,0
266.32,98683.7,0.7469,20.0,5.53,95.5,219.18,130.05,21.26,0.7286,3,0,1
315.45,98000.0,0.94,20.46,9.29,100.0,188.06,109.07,20.51,0.9419,8,1,1
28.75,100607.0,0.3462,28.38,5.0,70.0,16.02,9.57,29.65,0.3419,1,0,0
6.69,102427.4,0.14,26.28,0.85,30.75,5.44,4.3,24.3,0.135,2,0,0
168.49,99530.3,0.7167,29.27,4.54,83.31,120.02,98.25,27.93,0.7146,8,1,1
216.61,99344.1,0.7384,25.81,3.65,84.95,171.12,132.87,24.79,0.7179,7,1,1
27.29,100575.1,0.3303,28.26,3.18,60.72,20.0,15.0,26.81,0.3442,1,0,0
84.48,100500.0,0.6,27.82,3.0,75.27,68.61,44.43,27.2,0.5946,7,1,1
243.96,98886.8,0.7972,33.22,7.28,89.57,152.44,97.5,34.84,0.7742,7,1,1
87.28,100500.0,0.6,20.62,3.0,75.0,56.1,47.36,22.38,0.5927,9,1,1
16.93,101885.0,0.2305,32.37,2.54,45.05,15.01,9.26,30.54,0.2384,6,1,0
171.42,99252.8,0.7088,29.87,3.01,89.61,127.69,75.11,30.09,0.698,8,1,1
29.45,100510.2,0.35,24.11,4.5,63.66,20.0,13.85,25.61,0.3433,4,0,0
195.0,98986.7,0.6776,29.65,4.95,86.54,110.9,71.97,29.76,0.6666,9,1,1
2.27,102787.6,0.1147,18.62,0.54,23.64,1.82,1.4,18.99,0.1052,7,1,0
193.05,99250.1,0.7366,22.15,5.64,87.39,112.79,64.39,21.05,0.7558,9,1,1
118.06,100188.2,0.6398,20.27,3.0,77.99,90.98,57.52,19.69,0.6434,10,0,1
26.06,101160.9,0.2899,35.86,2.79,67.88,15.98,13.88,37.63,0.2863,8,1,0
106.32,99935.1,0.6447,26.03,3.08,81.77,64.53,49.76,25.63,0.6368,6,1,1
19.06,101203.6,0.2581,28.33,1.95,55.35,14.18,7.42,28.52,0.2634,11,0,0
21.52,101627.2,0.2414,24.17,2.37,56.21,14.43,10.55,22.43,0.2479,6,1,0
19.28,101447.6,0.2203,32.66,0.94,54.55,10.56,5.53,33.64,0.2168,8,1,0
0.83,102168.3,0.0922,29.67,0.49,20.0,0.72,0.64,27.81,0.0961,12,0,0
5.3,102614.8,0.1189,25.09,0.65,31.83,4.2,3.47,26.44,0.111,2,0,0
22.67,100903.5,0.269,23.93,1.28,55.86,16.02,9.7,22.98,0.2597,1,0,0
22.14,100786.4,0.2458,34.65,1.6,53.09,17.27,11.66,34.81,0.2591,1,0,0
0.1,102623.2,0.106,30.75,0.0,25.52,0.07,0.06,31.3,0.1104,10,0,0
14.67,101737.6,0.1715,26.94,0.31,49.64,12.4,7.4,26.85,0.1605,5,0,0
104.47,99845.3,0.6474,31.03,3.35,76.1,86.54,50.49,32.45,0.6399,7,1,1
9.83,102105.0,0.1787,34.57,1.03,25.21,5.54,4.66,33.58,0.1746,5,0,0
4.67,102967.1,0.1127,24.71,0.52,20.52,4.16,2.53,24.25,0.1238,6,1,0
263.56,98303.9,0.78,20.0,6.51,94.74,168.04,112.18,21.15,0.7772,10,0,1
11.69,101723.4,0.2079,33.23,1.09,37.64,10.4,7.18,34.68,0.2011,10,0,0
81.38,100374.7,0.6,28.92,3.0,79.89,59.27,45.33,29.04,0.6283,4,0,1
7.65,101603.3,0.127,19.07,0.49,33.24,5.59,3.7,19.61,0.1332,5,0,0
25.47,100718.2,0.3254,18.32,1.17,66.18,15.7,14.09,18.98,0.3325,1,0,0
5.92,101958.0,0.1146,22.47,0.26,31.86,5.1,2.87,21.72,0.1135,6,1,0
146.98,100132.1,0.6619,23.06,3.0,80.69,118.94,92.23,21.2,0.641,8,1,1
17.11,100500.0,0.2319,22.74,0.77,53.34,8.93,4.75,21.56,0.2231,3,0,0
2.06,102996.3,0.08,30.17,0.0,21.31,1.83,1.4,28.34,0.0705,8,1,0
24.25,100833.4,0.2725,25.62,1.66,55.77,15.16,12.09,26.96,0.2679,9,1,0
5.95,102053.8,0.1352,34.7,0.11,34.26,5.18,4.16,33.36,0.1286,11,0,0
18.1,101297.4,0.2601,26.35,1.78,48.25,15.48,9.28,27.57,0.2724,2,0,0
144.82,100459.2,0.6597,24.47,3.77,81.78,88.06,52.92,24.08,0.6891,4,0,1
337.68,98000.0,0.9354,29.25,8.44,98.99,236.33,152.93,27.43,0.9268,6,1,1
313.8,98457.0,0.9431,26.62,8.79,92.11,179.54,110.66,26.3,0.9683,7,1,1
277.43,98050.5,0.8809,21.37,10.34,96.77,217.65,177.76,22.02,0.8539,6,1,1
303.19,98932.2,0.8925,25.54,4.8,100.0,245.13,170.72,25.71,0.8918,7,1,1
80.7,100500.0,0.625,20.53,3.0,75.43,51.63,40.0,22.07,0.6193,6,1,1
133.72,100006.8,0.6848,20.0,4.25,84.13,76.82,59.61,19.37,0.6985,12,0,1
8.9,101573.7,0.1931,19.87,0.87,37.27,6.34,5.62,19.98,0.1838,2,0,0
176.22,99912.8,0.7005,33.37,5.93,82.98,118.87,89.02,34.19,0.6879,1,0,1
16.73,101328.6,0.2353,21.06,3.6,45.55,11.36,8.11,20.98,0.2205,4,0,0
211.73,99757.4,0.7985,21.74,5.61,83.78,135.67,112.47,21.7,0.8249,6,1,1
288.88,98935.6,0.9405,27.7,9.91,92.46,217.15,121.52,28.3,0.9446,2,0,1
104.33,100492.6,0.6313,20.59,4.73,76.64,73.64,54.46,18.97,0.6023,3,0,1
20.87,101198.7,0.2702,23.25,2.84,44.37,11.36,8.23,24.1,0.2762,1,0,0
282.16,98550.5,0.8175,26.49,8.13,87.93,181.87,121.04,26.44,0.8453,8,1,1
228.42,98614.7,0.8257,22.79,3.0,86.82,132.92,88.29,21.59,0.8502,3,0,1
154.4,99230.1,0.6918,28.08,4.66,82.22,112.72,75.23,26.83,0.6766,10,0,1
18.38,101161.7,0.2379,34.96,3.15,54.1,16.16,13.28,35.76,0.2376,8,1,0
23.13,101522.2,0.302,32.54,1.42,58.91,19.79,10.53,31.55,0.2834,9,1,0
14.51,102078.3,0.2438,28.96,1.44,44.88,10.1,8.35,28.42,0.2601,2,0,0
307.25,98546.8,0.9017,20.0,8.41,95.45,193.84,154.49,20.21,0.8766,9,1,1
273.83,98799.5,0.8405,28.56,8.49,91.35,157.73,98.74,29.99,0.8415,6,1,1
24.04,100867.2,0.2942,31.61,3.08,60.71,15.49,8.19,30.41,0.3122,3,0,0
207.84,99290.7,0.7999,28.59,5.43,88.93,144.44,103.36,29.66,0.7797,9,1,1
13.03,102458.1,0.1987,23.86,1.34,37.23,9.5,5.56,25.51,0.1883,6,1,0
28.41,100902.7,0.35,22.86,3.38,70.0,20.0,10.92,22.07,0.3366,7,1,0
246.76,98969.9,0.7693,29.57,6.19,94.03,147.2,106.0,29.28,0.764,8,1,1
307.13,98329.4,0.9168,30.58,7.48,95.79,224.15,173.77,30.77,0.935,8,1,1
13.59,102448.3,0.2051,18.16,1.44,41.43,9.01,5.15,18.29,0.1982,1,0,0
9.14,101461.0,0.1698,28.96,0.96,36.55,6.75,5.27,27.27,0.1786,1,0,0
13.04,101687.6,0.2227,29.26,2.59,38.52,9.94,8.86,30.34,0.2122,10,0,0
11.76,101746.8,0.1712,31.48,1.41,45.28,8.09,6.29,33.11,0.1626,2,0,0
173.74,99695.9,0.7634,27.05,5.43,81.78,96.78,66.11,26.64,0.7743,6,1,1
234.44,99577.9,0.7841,32.86,4.69,89.7,197.37,164.18,34.13,0.7642,9,1,1
308.24,98435.4,0.8654,20.0,10.93,100.0,218.48,152.5,19.25,0.8757,9,1,1
24.84,100599.6,0.3114,25.97,1.66,62.18,17.07,12.4,24.11,0.3192,8,1,0
20.93,100771.3,0.235,35.35,1.57,48.68,13.84,9.91,36.3,0.2218,1,0,0
19.37,101002.3,0.2162,37.42,1.26,50.81,10.3,6.06,36.71,0.2272,12,0,0
114.89,100283.6,0.6449,32.4,3.27,75.0,71.68,56.76,34.21,0.6154,8,1,1
211.75,99069.7,0.8062,26.57,6.09,86.52,174.06,102.48,25.37,0.835,6,1,1
11.68,101652.6,0.207,32.57,1.34,39.1,9.08,4.81,32.86,0.2139,12,0,0
20.82,101128.4,0.2995,25.38,2.24,60.78,11.03,6.94,26.43,0.3147,11,0,0
286.48,98742.5,0.891,26.06,9.21,96.53,166.62,118.77,26.44,0.9009,9,1,1
7.05,101480.4,0.1356,28.41,0.93,27.3,3.97,2.61,26.77,0.149,9,1,0
320.06,98691.4,0.95,31.61,7.15,94.91,250.0,154.78,29.95,0.9332,8,1,1
27.12,100500.0,0.3198,32.6,1.08,68.93,20.0,15.0,33.49,0.3288,12,0,0
29.05,101143.4,0.35,28.45,3.97,70.0,17.84,13.38,29.13,0.3557,4,0,0
185.16,99205.0,0.7758,25.91,6.3,86.29,119.34,95.6,26.58,0.7609,6,1,1
24.21,100500.0,0.3012,22.35,3.26,66.21,13.13,8.4,20.82,0.2912,4,0,0
16.08,101410.7,0.2324,28.48,2.17,45.3,11.11,9.4,30.02,0.2222,12,0,0
20.67,101381.9,0.2394,27.87,2.65,56.47,15.38,12.85,26.76,0.2428,8,1,0
8.25,101499.3,0.1949,28.4,0.0,29.37,4.98,4.41,29.77,0.1825,6,1,0
339.04,98467.1,0.9341,20.0,9.04,97.7,187.06,118.91,20.52,0.914,6,1,1
177.72,99372.9,0.7695,32.5,5.51,84.97,142.98,106.65,33.47,0.788,9,1,1
171.43,99431.2,0.7165,25.68,5.82,86.18,97.78,64.44,24.65,0.7073,7,1,1
0.23,103000.0,0.1472,29.24,0.12,20.0,0.16,0.11,30.24,0.15,1,0,0
171.9,100153.4,0.7176,33.78,6.6,82.14,95.02,72.79,34.75,0.7467,8,1,1
90.22,100269.8,0.6186,22.3,3.81,75.08,71.62,58.29,21.3,0.5908,8,1,1
238.48,99024.8,0.8115,33.98,8.49,88.89,184.01,105.94,32.89,0.805,7,1,1
26.01,100578.3,0.3189,28.9,5.0,66.05,15.29,9.81,30.32,0.3133,5,0,0
24.71,101429.3,0.2994,18.49,4.25,57.08,13.43,9.45,17.23,0.3192,4,0,0
13.23,101856.9,0.1879,20.14,0.87,44.29,10.59,7.16,21.27,0.1948,6,1,0
10.9,101815.0,0.2071,37.11,1.21,34.29,5.82,3.19,37.7,0.2244,10,0,0
137.08,99786.5,0.6242,22.01,4.31,76.16,81.79,51.29,20.05,0.6343,7,1,1
312.33,98295.9,0.8968,29.41,9.49,97.71,250.0,146.24,29.65,0.8943,10,0,1
28.61,100916.0,0.3372,30.07,3.24,69.52,16.06,13.01,31.9,0.3491,9,1,0
10.5,102566.6,0.1721,23.72,0.5,30.26,8.47,6.64,23.41,0.1886,4,0,0
315.88,98830.9,0.8838,25.14,9.66,98.35,200.07,161.23,23.15,0.8716,7,1,1
27.81,100871.2,0.3185,35.18,1.92,64.6,20.0,15.0,34.06,0.3161,4,0,0
8.66,101712.2,0.142,28.77,0.3,28.29,6.39,4.89,28.91,0.1516,9,1,0
5.12,102525.1,0.1261,20.41,0.45,29.17,3.74,2.73,19.71,0.1248,9,1,0
28.8,100641.1,0.3304,23.91,4.72,70.0,20.0,13.28,23.78,0.3235,2,0,0
168.73,99819.4,0.7818,31.05,4.62,83.58,114.85,71.02,29.56,0.7571,9,1,1
304.33,98404.7,0.9153,23.99,7.28,98.07,228.68,173.96,25.95,0.9156,8,1,1
82.65,100500.0,0.6262,23.18,3.49,75.0,63.42,49.76,22.69,0.5987,9,1,1
278.85,98772.4,0.8677,20.0,6.77,93.01,204.73,145.19,19.28,0.8955,7,1,1
346.31,98145.1,0.95,32.27,8.73,95.03,240.36,142.64,33.44,0.9324,7,1,1
281.67,98592.2,0.827,32.53,10.63,90.97,194.0,143.98,33.73,0.8277,10,0,1
29.65,100833.3,0.35,33.38,3.4,70.0,15.92,8.7,34.79,0.3523,4,0,0
146.78,100133.3,0.7104,27.05,5.46,84.33,102.98,70.51,25.69,0.7181,9,1,1
313.38,98000.0,0.918,20.0,7.98,95.8,240.9,180.0,18.63,0.9256,9,1,1
20.75,101393.1,0.293,36.84,1.46,55.14,14.87,12.72,36.9,0.2988,6,1,0
279.19,98063.2,0.8781,23.94,5.87,94.16,210.12,176.25,23.21,0.8926,6,1,1
95.63,100444.9,0.6,20.85,3.0,76.77,79.12,46.65,19.76,0.5748,6,1,1
289.47,98220.2,0.8855,30.36,8.11,93.46,202.71,151.64,30.17,0.8614,12,0,1
0.88,102967.7,0.08,28.14,0.26,20.0,0.62,0.39,29.45,0.0817,4,0,0
21.29,100861.2,0.313,19.52,0.74,52.41,13.58,8.14,20.91,0.3026,6,1,0
144.11,99653.4,0.6932,29.6,3.0,77.21,86.89,54.29,30.68,0.6784,6,1,1
16.29,100934.9,0.2123,36.32,1.81,49.06,12.24,8.51,35.31,0.2228,12,0,0
343.97,98003.5,0.9463,20.47,10.35,100.0,250.0,180.0,20.66,0.9414,7,1,1
15.19,100774.4,0.2003,34.19,0.42,42.67,11.55,8.92,34.48,0.2111,5,0,0
15.98,101228.1,0.2354,22.23,0.91,43.98,9.42,7.37,21.97,0.2397,10,0,0
8.44,101614.1,0.1299,31.15,1.56,40.6,4.79,2.83,32.02,0.1125,12,0,0
189.6,99556.2,0.7518,20.0,3.14,85.52,109.99,69.19,20.81,0.7238,9,1,1
228.98,99047.3,0.7564,25.64,3.0,89.9,167.87,137.98,23.74,0.7321,6,1,1
209.26,99001.5,0.7634,23.04,6.44,88.16,123.01,74.19,22.24,0.7908,10,0,1
23.39,101147.2,0.2887,27.04,2.69,53.96,13.48,10.8,28.51,0.2871,4,0,0
242.04,98990.5,0.7838,26.19,7.34,88.13,151.56,97.92,27.64,0.8099,6,1,1
8.79,101996.7,0.1755,28.72,1.07,24.87,5.56,3.18,28.28,0.1713,12,0,0
2.63,101951.6,0.0864,23.82,0.86,23.16,1.5,1.17,23.34,0.106,12,0,0
24.31,101174.2,0.35,31.35,3.03,63.06,18.4,14.72,32.39,0.3651,1,0,0
112.55,100500.0,0.6808,34.45,3.0,84.13,89.41,64.9,32.58,0.6765,9,1,1
138.41,100008.7,0.6916,25.02,4.83,79.07,79.47,56.14,25.98,0.6971,11,0,1
26.11,100788.9,0.3092,23.34,3.44,66.92,20.0,15.0,25.26,0.3172,1,0,0
207.83,99270.9,0.7526,21.42,6.74,90.78,144.78,101.05,21.11,0.733,11,0,1
16.38,100641.0,0.236,31.35,1.26,47.57,11.14,5.81,29.41,0.2253,9,1,0
182.72,99757.6,0.6769,32.94,5.76,83.55,130.58,103.56,32.34,0.6471,7,1,1
126.34,100212.2,0.6709,23.22,4.07,78.92,73.59,53.15,24.74,0.6891,6,1,1
13.22,101728.8,0.1921,24.59,1.27,40.35,10.32,9.09,23.88,0.1773,6,1,0
26.49,100500.0,0.3272,20.22,3.41,62.64,13.93,8.81,19.4,0.3377,2,0,0
21.11,101074.3,0.2492,37.78,2.35,56.36,16.62,9.67,39.28,0.2356,7,1,0
12.82,101082.1,0.1937,23.41,0.33,39.1,7.18,6.22,22.77,0.1832,4,0,0
187.95,99490.9,0.7286,23.99,4.96,82.89,139.55,90.34,25.16,0.7314,6,1,1
294.28,98747.7,0.9106,22.87,8.59,92.78,225.52,152.25,24.0,0.9392,8,1,1
8.52,101752.7,0.1919,18.14,0.83,38.64,6.42,4.03,17.27,0.2028,7,1,0
22.82,100500.0,0.2976,20.78,2.09,61.06,12.85,9.74,21.66,0.3142,6,1,0
140.95,100045.1,0.6819,30.04,4.06,80.69,80.31,46.04,31.31,0.6735,1,0,1
166.79,99508.8,0.7067,22.33,3.84,79.76,92.21,72.57,22.78,0.733,2,0,1
90.89,100500.0,0.6359,33.83,3.67,76.89,62.96,40.0,35.16,0.6563,8,1,1
18.7,101153.6,0.2474,28.33,1.27,55.61,12.63,10.88,26.93,0.2329,7,1,0
276.57,98787.2,0.7919,31.56,4.27,91.44,170.35,137.7,31.44,0.8174,6,1,1
170.0,99263.7,0.7093,27.55,4.01,86.27,118.64,69.06,28.93,0.6804,7,1,1
23.83,100706.3,0.3263,21.31,0.42,63.15,15.15,11.42,22.46,0.3312,1,0,0
214.37,99813.4,0.7617,29.47,6.07,89.7,127.23,108.13,29.79,0.7418,6,1,1
16.33,101282.7,0.2224,35.3,2.04,49.16,13.14,8.47,34.87,0.2333,9,1,0
289.28,98366.3,0.8645,24.02,5.48,95.15,217.89,142.06,25.86,0.8683,6,1,1
282.64,98411.9,0.8173,24.4,10.62,91.3,224.98,162.48,22.7,0.7875,12,0,1
99.66,100181.5,0.6267,22.59,3.0,81.48,56.09,40.82,23.42,0.6212,8,1,1
213.86,99084.4,0.7784,32.5,7.56,86.95,122.17,79.04,33.14,0.7798,7,1,1
22.68,101350.0,0.2695,37.97,3.33,52.83,19.75,15.0,37.87,0.2521,1,0,0
242.55,98616.9,0.7607,22.08,8.22,92.77,160.28,89.32,23.49,0.7346,9,1,1
178.31,99417.6,0.7307,23.88,3.39,82.87,105.43,77.79,23.66,0.7088,8,1,1
19.75,101475.9,0.2489,35.96,0.82,57.78,15.56,9.71,35.88,0.2321,9,1,0
23.52,100799.6,0.3188,24.41,2.76,53.63,12.08,7.26,26.24,0.3259,8,1,0
313.6,98093.6,0.8891,24.21,5.24,97.73,250.0,180.0,23.82,0.8885,9,1,1
0.18,102063.6,0.08,22.25,0.32,20.0,0.11,0.08,22.8,0.0715,11,0,0
278.94,98518.5,0.8761,24.1,7.38,92.92,193.5,147.34,23.67,0.8756,9,1,1
214.47,99204.0,0.7892,28.1,6.73,87.2,122.07,101.75,29.01,0.78,7,1,1
281.54,98463.9,0.8239,24.31,4.47,96.79,170.32,135.44,23.49,0.8236,9,1,1
16.23,101239.7,0.2265,19.01,0.5,50.74,8.42,6.93,17.9,0.2311,1,0,0
3.46,102752.9,0.0909,20.97,0.25,26.44,1.73,0.88,20.56,0.0951,3,0,0
343.57,98000.0,0.95,23.19,7.2,99.45,250.0,180.0,21.53,0.9256,8,1,1
13.43,101644.0,0.1849,18.22,2.55,39.53,10.13,7.83,18.36,0.1694,11,0,0
112.69,100482.3,0.6621,22.54,3.93,80.87,93.04,63.23,24.08,0.6738,8,1,1
29.38,100500.0,0.326,31.25,1.72,65.94,20.0,11.78,30.31,0.3109,3,0,0
15.98,101237.7,0.2018,33.58,1.38,48.7,10.54,7.99,35.15,0.2068,3,0,0
0.25,102812.9,0.1159,36.21,0.34,23.21,0.17,0.12,34.6,0.1322,11,0,0
187.33,99823.8,0.6882,31.56,5.7,84.92,138.62,90.01,29.83,0.6684,10,0,1
238.29,99012.0,0.8331,23.5,9.01,83.85,165.38,138.48,22.95,0.8582,7,1,1
5.99,102103.3,0.1459,19.19,1.57,27.92,4.85,2.94,19.99,0.1393,7,1,0
13.94,102396.9,0.197,37.63,0.0,40.29,11.86,9.72,36.69,0.1849,2,0,0
16.92,101428.2,0.2308,21.28,2.65,42.76,9.03,4.91,22.7,0.2382,5,0,0
20.31,100734.9,0.2543,33.41,2.6,62.64,12.51,8.4,33.66,0.2597,1,0,0
151.92,99933.0,0.6946,32.65,6.19,86.54,84.12,47.99,31.06,0.698,6,1,1
7.07,101745.8,0.1693,32.48,0.45,31.23,5.34,4.53,31.38,0.1616,7,1,0
7.3,102591.8,0.1421,36.21,0.4,33.01,6.03,4.97,36.16,0.1371,3,0,0
161.57,99840.8,0.7501,30.04,3.6,82.97,129.49,77.93,29.94,0.7288,8,1,1
14.21,101442.1,0.2041,34.11,1.26,42.46,9.59,7.19,35.45,0.1898,2,0,0
306.66,98235.5,0.8804,20.32,7.91,94.61,199.22,118.16,21.52,0.8798,4,0,1
137.5,100143.9,0.7188,25.46,4.53,78.34,84.03,53.74,26.47,0.7156,11,0,1
9.81,102207.8,0.2146,26.11,1.44,36.09,7.19,3.84,24.56,0.2185,9,1,0
2.09,102737.0,0.1257,29.98,0.69,27.43,1.49,1.15,29.59,0.1388,10,0,0
5.94,102359.5,0.1195,26.33,0.81,25.59,3.2,1.9,26.71,0.1144,5,0,0
1.6,102676.5,0.1191,34.27,0.2,23.63,1.03,0.85,33.35,0.1342,4,0,0
4.1,101856.8,0.0878,36.01,0.0,24.08,3.69,2.45,35.78,0.095,6,1,0
156.18,99732.8,0.7059,22.09,3.82,82.13,115.03,68.64,20.72,0.6993,7,1,1
104.83,100455.4,0.616,25.98,5.33,78.13,63.17,42.19,27.76,0.621,8,1,1
16.97,100791.4,0.2541,21.55,1.37,50.98,9.93,6.56,23.22,0.2701,9,1,0
20.7,100681.8,0.2575,27.0,0.6,56.66,13.99,8.25,26.57,0.27,3,0,0
210.88,99017.7,0.7606,24.31,4.78,85.08,151.0,104.76,23.32,0.754,6,1,1
16.73,100839.2,0.2077,37.26,0.42,48.27,8.45,6.43,37.17,0.219,9,1,0
267.38,98231.1,0.8428,30.48,5.01,96.53,218.49,135.28,30.58,0.8645,9,1,1
26.69,100500.0,0.318,25.07,2.16,60.12,20.0,14.86,25.98,0.332,9,1,0
13.87,101097.9,0.2083,29.25,1.83,42.93,8.39,6.52,29.86,0.2121,1,0,0
138.95,99933.0,0.6919,30.99,4.93,75.0,94.93,68.45,29.14,0.6651,7,1,1
81.9,100080.7,0.6238,26.14,3.0,76.7,52.93,40.0,26.69,0.6343,3,0,1
13.32,101658.7,0.1996,28.95,1.64,39.53,10.01,7.35,27.02,0.1833,2,0,0
0.95,103000.0,0.0934,21.68,0.82,20.0,0.79,0.49,21.38,0.103,10,0,0
0.3,102623.1,0.08,33.27,0.49,23.83,0.23,0.19,31.49,0.0899,1,0,0
106.34,100218.6,0.6422,21.65,3.0,75.0,74.11,52.77,23.5,0.6137,6,1,1
19.24,100862.2,0.2703,36.31,3.03,56.31,15.71,10.43,37.79,0.2828,12,0,0
136.04,99875.8,0.6701,22.99,3.35,77.74,101.16,85.46,22.55,0.6715,9,1,1
2.19,102506.2,0.1213,34.93,0.0,23.81,1.65,1.05,33.23,0.1187,10,0,0
1.52,101930.0,0.0968,31.01,0.9,22.9,1.29,0.76,29.82,0.0898,8,1,0
181.11,99688.9,0.722,22.25,4.29,84.02,102.08,77.37,23.7,0.7302,3,0,1
16.89,101438.3,0.2241,26.13,1.44,49.03,11.75,9.52,27.78,0.2369,6,1,0
8.8,101595.3,0.1954,29.7,0.94,23.05,5.14,2.96,28.38,0.2092,3,0,0
11.01,101188.0,0.1915,29.66,1.2,34.67,9.56,8.2,30.77,0.1966,10,0,0
9.06,101956.1,0.1754,31.32,1.08,38.21,4.88,4.37,31.52,0.1653,3,0,0
15.36,101566.9,0.2401,30.19,1.52,46.16,10.78,8.42,30.48,0.236,8,1,0
100.83,100500.0,0.6422,26.31,3.12,75.0,65.66,55.19,27.14,0.6155,4,0,1
27.2,100978.0,0.3089,37.73,4.47,64.66,20.0,15.0,36.62,0.2995,10,0,0
7.78,101453.1,0.1472,36.77,0.96,37.94,4.88,3.26,36.14,0.1428,5,0,0
22.74,101559.4,0.2673,19.16,0.74,50.89,12.96,10.63,17.94,0.2639,8,1,0
7.53,102776.9,0.1412,18.86,1.26,30.11,6.67,5.29,16.95,0.1384,10,0,0
318.45,98362.9,0.9089,20.66,6.84,89.66,239.6,176.15,20.09,0.8977,9,1,1
120.39,99996.8,0.6659,23.51,3.0,80.73,82.57,66.67,24.19,0.6863,9,1,1
19.75,101295.2,0.2268,31.43,3.22,43.78,15.9,9.57,33.12,0.2357,3,0,0
7.69,102034.1,0.1713,27.01,0.98,31.65,5.81,3.78,28.23,0.172,3,0,0
8.37,101480.2,0.1693,24.36,1.52,39.83,5.73,2.92,26.29,0.1851,1,0,0
161.33,99893.2,0.7196,31.9,6.23,86.01,117.81,66.45,31.67,0.6959,6,1,1
207.02,99829.0,0.8016,30.87,6.59,91.58,165.37,118.82,30.41,0.7841,7,1,1
16.05,102398.6,0.2115,20.68,1.66,40.19,9.44,7.95,21.77,0.222,3,0,0
169.98,99680.3,0.7208,20.53,5.07,86.63,141.54,82.91,21.04,0.7045,7,1,1
121.61,100464.4,0.6443,28.19,4.02,87.4,86.31,64.67,28.04,0.6309,6,1,1
235.82,98754.5,0.8377,30.83,4.86,88.01,176.57,135.42,30.87,0.8113,10,0,1
278.55,99084.1,0.827,27.11,4.58,91.31,216.69,161.04,25.71,0.8155,6,1,1
328.87,98842.1,0.9086,25.9,7.98,100.0,197.6,139.67,26.47,0.9207,6,1,1
23.76,100507.8,0.2807,36.96,3.88,68.26,15.95,9.88,36.33,0.2822,1,0,0
10.5,102217.0,0.1599,29.69,0.93,25.61,6.26,4.86,30.72,0.1743,5,0,0
244.4,99778.9,0.8118,24.74,7.67,85.41,153.18,127.08,25.68,0.8175,7,1,1
8.3,101600.8,0.144,18.71,0.87,32.42,7.06,4.28,17.29,0.138,4,0,0
15.65,101672.8,0.2206,36.86,1.28,47.97,12.98,10.06,37.41,0.217,3,0,0
148.71,99584.8,0.7077,33.64,4.27,84.47,98.49,54.82,33.29,0.7359,1,0,1
20.18,100565.8,0.2777,37.89,0.19,52.31,14.32,9.25,38.72,0.2899,3,0,0
5.62,102257.2,0.1004,30.03,0.18,26.11,3.0,2.4,31.73,0.0914,12,0,0
83.64,100500.0,0.6364,28.86,4.48,75.13,56.15,40.0,30.75,0.6559,11,0,1
29.06,100500.0,0.3277,30.61,1.19,70.0,17.82,11.69,29.56,0.3158,5,0,0
278.17,98260.6,0.8721,29.99,8.03,92.9,170.83,100.56,30.18,0.8584,8,1,1
338.61,98237.9,0.8946,29.51,8.03,93.51,214.35,148.85,31.51,0.9003,9,1,1
135.69,100500.0,0.6539,20.0,4.97,80.78,93.15,62.44,20.55,0.6694,7,1,1
170.04,100281.2,0.7249,24.66,4.11,86.48,117.52,69.76,25.21,0.7276,8,1,1
26.5,101101.8,0.3141,31.36,3.49,61.42,16.06,14.26,29.91,0.3243,11,0,0
106.74,99998.9,0.6905,22.68,3.89,75.0,66.65,42.05,24.15,0.7087,7,1,1
25.85,100592.1,0.2915,28.02,2.78,67.95,20.0,10.7,26.47,0.2738,4,0,0
220.48,99249.2,0.7172,27.07,4.26,86.47,149.2,85.38,26.06,0.7133,9,1,1
23.18,101145.6,0.2855,28.5,3.85,58.62,20.0,14.62,26.87,0.2882,5,0,0
251.19,98919.3,0.8429,28.82,4.73,90.89,157.09,116.68,29.73,0.825,11,0,1
8.24,102069.8,0.1436,36.87,0.42,33.2,6.97,5.82,38.06,0.1565,9,1,0
15.23,101274.6,0.2177,37.02,1.75,49.19,11.96,6.82,36.47,0.2108,1,0,0
265.85,98518.1,0.8487,33.39,6.62,95.21,206.72,171.88,32.35,0.8345,8,1,1
268.67,98809.1,0.8224,26.1,6.35,89.45,153.11,110.12,24.55,0.8052,8,1,1
12.66,101678.7,0.1731,24.28,1.48,45.11,8.45,6.91,24.4,0.1787,9,1,0
24.22,101077.5,0.2702,30.31,2.4,62.77,20.0,11.23,29.36,0.2853,7,1,0
164.66,99631.9,0.6534,32.6,4.31,85.22,94.26,54.96,34.05,0.6264,7,1,1
307.51,98636.3,0.9289,20.63,5.98,98.26,198.8,153.13,21.0,0.9587,9,1,1
22.15,101265.7,0.2654,23.67,1.18,57.49,17.91,15.0,24.38,0.2789,8,1,0
26.63,100738.8,0.306,30.52,1.69,65.45,18.9,14.27,29.74,0.3081,2,0,0
0.53,102579.2,0.0995,34.15,0.04,23.3,0.4,0.24,33.5,0.0856,8,1,0
137.74,100019.6,0.6781,33.53,4.2,85.39,77.37,58.42,35.52,0.6696,8,1,1
8.26,101545.3,0.1447,19.01,0.8,30.79,6.74,5.56,18.13,0.1558,12,0,0
204.62,99220.9,0.7251,32.67,5.73,86.18,145.23,119.74,31.34,0.7075,9,1,1
2.57,103000.0,0.1126,30.37,0.0,20.0,1.32,0.97,32.08,0.1175,10,0,0
1.33,102664.1,0.08,18.03,0.36,21.06,1.13,0.97,16.77,0.0795,6,1,0
26.37,100519.2,0.3382,36.67,4.82,60.87,13.97,9.29,37.82,0.3576,10,0,0
7.1,102084.2,0.1544,25.6,0.91,32.43,5.04,3.88,27.28,0.1593,7,1,0
167.65,99710.0,0.7013,32.74,4.31,81.45,133.97,76.52,34.43,0.712,7,1,1
99.65,100313.8,0.6585,29.12,3.0,81.85,68.45,40.0,30.49,0.6314,5,0,1
23.87,101029.9,0.3145,27.73,1.49,59.41,20.0,15.0,25.97,0.3091,12,0,0
169.59,99625.6,0.6871,22.45,4.96,82.32,100.95,66.36,21.16,0.7072,9,1,1
158.61,99305.1,0.738,25.82,4.4,87.12,117.21,66.24,25.26,0.7478,9,1,1
22.36,100500.0,0.3186,19.74,2.71,57.71,15.94,13.51,19.05,0.301,8,1,0
9.97,102292.3,0.1851,33.52,1.68,32.55,6.47,4.85,33.54,0.1769,9,1,0
162.42,99859.2,0.7354,33.45,7.09,87.37,106.09,86.75,31.77,0.7429,3,0,1
137.06,100128.2,0.6659,23.29,5.49,79.83,98.97,75.1,22.39,0.6877,9,1,1
12.87,101015.4,0.2015,24.15,1.47,37.66,7.39,5.85,24.12,0.216,10,0,0
22.84,100513.4,0.2737,36.11,3.13,64.5,16.69,11.81,35.1,0.2807,12,0,0
289.17,99160.5,0.8387,30.63,7.41,94.78,200.74,147.79,28.97,0.8446,2,0,1
145.74,100260.0,0.6961,25.68,5.11,80.66,110.93,65.1,25.29,0.7003,12,0,1
10.33,101622.7,0.2077,18.6,0.93,29.38,6.22,3.75,20.54,0.2051,7,1,0
313.53,98506.0,0.8753,32.24,7.82,99.33,234.27,145.42,30.76,0.8715,6,1,1
15.64,101486.0,0.2365,18.37,1.97,40.09,13.0,9.48,17.04,0.2495,5,0,0
4.34,102030.1,0.1348,24.07,0.36,26.15,3.56,3.17,23.99,0.1342,11,0,0
9.11,102309.4,0.1862,22.46,1.48,32.52,5.26,2.87,23.01,0.1919,9,1,0
208.38,99072.6,0.7603,28.14,5.46,83.2,147.05,113.8,27.26,0.7751,9,1,1
8.3,102186.9,0.1394,27.41,0.28,35.17,4.8,2.61,27.05,0.1435,7,1,0
4.24,102752.2,0.1317,36.02,0.34,27.1,2.28,1.74,35.2,0.1413,9,1,0
20.29,100754.2,0.2397,22.22,1.86,47.85,13.06,6.98,23.68,0.2471,6,1,0
190.41,100071.6,0.7237,23.78,5.84,89.37,141.19,102.68,23.33,0.7057,8,1,1
28.35,100500.0,0.3464,23.13,2.34,66.49,16.93,11.76,24.06,0.3418,7,1,0
93.44,100500.0,0.635,29.35,3.0,75.0,78.32,45.14,29.4,0.632,8,1,1
29.9,100500.0,0.325,33.62,2.22,70.0,19.9,15.0,33.41,0.3199,7,1,0
95.82,100219.4,0.6508,23.2,3.0,75.0,56.89,41.47,21.89,0.6786,1,0,1
15.17,101481.5,0.2276,21.97,1.93,39.15,9.46,6.95,21.23,0.2216,2,0,0
127.16,100009.2,0.6731,27.78,3.0,80.46,74.7,49.03,26.05,0.6721,6,1,1
245.68,98967.5,0.83,31.26,7.07,92.76,180.19,146.06,33.24,0.8247,7,1,1
199.96,99299.4,0.7955,22.58,6.06,80.39,125.16,106.22,24.51,0.7854,9,1,1
165.24,99864.9,0.7167,29.45,4.71,87.01,92.29,57.24,28.29,0.7198,9,1,1
21.3,101517.0,0.2763,20.4,2.83,55.18,14.22,7.48,20.3,0.2685,5,0,0
18.58,100824.6,0.2215,25.4,1.41,53.71,13.73,8.38,26.81,0.2018,11,0,0
246.8,98853.3,0.8222,26.66,7.34,86.78,145.3,98.05,24.89,0.7994,6,1,1
8.96,101881.5,0.1655,27.06,0.19,33.38,5.23,2.7,27.85,0.183,4,0,0
23.43,101066.7,0.2585,19.56,3.37,54.6,18.33,14.68,21.43,0.264,4,0,0
16.85,101667.4,0.2206,34.46,2.55,45.27,12.14,9.29,34.97,0.2299,11,0,0
12.02,101189.1,0.1914,37.11,1.18,36.28,6.56,5.12,35.9,0.182,3,0,0
13.23,101232.8,0.2054,19.68,1.0,36.21,6.89,6.13,20.74,0.1856,6,1,0
9.7,102092.4,0.1461,27.12,0.36,35.83,6.77,4.59,28.78,0.1426,7,1,0
11.71,101592.7,0.1742,23.04,1.94,43.35,6.0,3.97,24.76,0.158,2,0,0
15.9,101658.3,0.2065,20.8,2.3,49.02,8.94,6.06,22.47,0.1995,7,1,0
145.56,99687.2,0.6485,28.96,3.34,80.96,81.59,51.05,29.82,0.6395,6,1,1
146.48,100007.1,0.7156,24.11,5.16,81.54,98.91,69.33,26.04,0.7196,9,1,1
28.03,100500.0,0.35,36.7,2.76,69.21,16.8,10.91,35.06,0.3453,9,1,0
14.15,101847.7,0.2469,26.62,2.12,40.3,12.5,9.78,25.84,0.2428,9,1,0
150.6,100107.6,0.6711,23.95,5.34,80.91,95.28,66.38,23.53,0.687,9,1,1
137.55,99799.2,0.7374,32.94,4.94,82.47,109.51,81.54,32.14,0.7453,6,1,1
247.71,99379.9,0.7762,30.08,7.26,89.17,148.06,87.79,29.24,0.794,7,1,1
1.03,103000.0,0.08,32.49,0.51,20.0,0.79,0.54,33.87,0.0668,1,0,0
9.35,101938.3,0.1627,27.13,0.62,33.95,7.44,4.52,26.68,0.1466,4,0,0
28.2,100500.0,0.3001,20.53,1.89,65.76,15.9,9.9,21.47,0.3023,11,0,0
116.95,100039.7,0.6487,26.01,3.0,82.61,92.11,62.51,24.28,0.6316,7,1,1
12.24,101050.3,0.1986,24.67,0.34,36.84,9.74,5.61,26.42,0.2136,5,0,0
134.26,100420.8,0.6639,20.23,3.0,80.19,81.4,65.02,19.41,0.6601,6,1,1
5.55,102453.9,0.129,33.95,1.17,24.48,4.11,2.92,35.35,0.1299,10,0,0
330.19,98000.0,0.903,34.16,8.26,99.51,238.4,156.89,34.11,0.9324,9,1,1
21.8,100807.4,0.2768,22.33,1.0,53.85,11.33,5.67,23.92,0.2715,9,1,0
280.34,98710.3,0.8224,32.15,7.14,97.11,197.62,155.65,33.69,0.818,1,0,1
20.86,101345.5,0.2462,19.56,2.94,54.16,17.41,13.98,20.81,0.2297,6,1,0
9.11,101901.0,0.1666,26.73,1.47,38.69,5.14,4.41,26.89,0.1573,6,1,0
8.45,101623.0,0.1488,29.13,1.02,27.43,4.64,4.05,27.43,0.1411,4,0,0
118.75,100400.0,0.642,26.7,5.19,80.73,97.21,56.45,28.49,0.6591,8,1,1
28.69,100532.3,0.3423,28.65,2.52,68.68,19.07,15.0,27.5,0.3492,4,0,0
11.92,102162.3,0.1696,22.69,1.77,36.7,9.16,7.58,23.88,0.1802,5,0,0
204.64,99172.7,0.7803,33.7,4.24,80.8,134.15,87.9,32.77,0.8041,9,1,1
345.19,98205.3,0.9412,29.21,8.24,97.94,250.0,180.0,27.51,0.9413,9,1,1
5.54,102620.6,0.1246,26.15,1.04,25.3,4.12,3.33,24.27,0.118,1,0,0
192.32,99542.9,0.7542,31.07,6.29,87.29,161.61,136.7,32.82,0.7388,9,1,1
120.69,99805.3,0.6738,22.67,3.0,75.0,82.61,66.35,21.98,0.6776,6,1,1
2.01,102467.6,0.1105,25.12,0.06,20.0,1.5,0.97,24.18,0.0932,1,0,0
335.51,98573.6,0.95,23.69,9.52,99.01,228.89,136.41,22.42,0.9748,9,1,1
20.2,100963.5,0.2718,24.69,1.52,57.82,13.75,9.41,26.63,0.2872,6,1,0
3.87,102149.7,0.0947,33.05,0.19,23.36,2.3,1.4,31.07,0.1031,9,1,0
104.98,100272.6,0.6158,30.54,3.64,77.0,83.17,57.99,28.76,0.5966,4,0,1
313.21,98133.4,0.9408,31.71,4.93,99.81,203.09,158.08,31.8,0.939,6,1,1
206.54,98945.3,0.7728,20.65,5.76,92.86,162.9,129.58,20.62,0.7482,9,1,1
1.26,102281.3,0.111,18.5,0.61,24.41,0.77,0.6,19.85,0.1179,11,0,0
11.17,101318.6,0.2156,20.84,2.29,41.94,6.35,3.44,19.85,0.1972,11,0,0
235.0,99035.4,0.8466,20.92,6.81,94.99,132.75,87.41,20.19,0.8269,6,1,1
319.88,98000.0,0.8492,29.6,3.81,100.0,216.03,134.52,28.92,0.8224,2,0,1
98.89,100354.6,0.6307,25.79,3.0,75.59,74.19,52.5,26.56,0.6417,8,1,1
26.28,101183.0,0.3211,21.73,0.65,65.32,20.0,13.62,22.14,0.3232,3,0,0
288.32,98539.0,0.8168,21.58,7.4,94.1,199.46,143.5,21.28,0.8254,9,1,1
0.9,102632.8,0.08,33.41,0.0,20.0,0.57,0.33,33.32,0.082,9,1,0
304.51,98528.2,0.8662,25.77,9.95,90.61,210.04,153.11,25.04,0.8432,3,0,1
18.21,101489.8,0.2571,18.83,1.65,50.21,10.49,6.28,20.16,0.277,10,0,0
0.53,102269.2,0.08,36.45,0.0,25.36,0.29,0.26,37.68,0.0872,3,0,0
8.87,102449.8,0.1773,34.7,1.83,40.48,5.62,4.69,34.44,0.1884,10,0,0
343.14,98210.6,0.95,30.62,10.15,96.97,209.79,126.17,30.03,0.9691,9,1,1
269.81,98563.7,0.882,27.96,9.69,91.12,149.51,96.8,28.51,0.9091,6,1,1
125.62,100500.0,0.6928,25.64,3.01,77.21,98.93,80.32,23.93,0.7101,3,0,1
28.8,100646.2,0.3331,21.59,3.85,64.78,20.0,13.82,22.37,0.3484,4,0,0
2.45,101881.8,0.0988,35.18,0.0,25.54,1.39,0.89,34.77,0.0869,6,1,0
135.92,100320.2,0.6739,33.97,3.31,78.92,110.73,65.5,33.61,0.7034,7,1,1
282.67,98682.9,0.8581,27.71,4.7,91.39,172.45,112.16,26.95,0.8603,8,1,1
196.74,99053.5,0.7796,25.71,6.33,82.85,139.28,108.88,26.03,0.778,6,1,1
1.59,102108.8,0.08,33.57,0.0,23.04,1.36,0.97,32.58,0.0808,5,0,0
2.41,102667.9,0.1233,27.27,0.0,27.4,1.3,0.91,25.32,0.1308,9,1,0
29.31,100853.9,0.3275,18.09,1.05,66.59,18.92,15.0,18.41,0.3155,8,1,0
333.51,98107.0,0.9408,23.6,7.16,99.93,250.0,180.0,25.38,0.9252,6,1,1
99.97,100060.1,0.6248,25.94,3.22,79.79,74.81,51.88,27.6,0.6471,7,1,1
198.96,99446.5,0.7485,30.47,5.92,84.44,113.37,78.44,32.3,0.7771,8,1,1
104.45,100322.4,0.6852,32.83,3.41,75.0,73.84,47.23,31.29,0.6748,9,1,1
325.09,98000.0,0.9044,24.65,9.73,97.77,238.72,180.0,25.82,0.9192,7,1,1
16.53,101531.5,0.2413,28.35,0.19,49.2,13.93,7.83,26.49,0.2533,8,1,0
28.01,101189.1,0.32,32.94,3.05,64.98,19.8,12.63,34.67,0.3308,12,0,0
128.42,100164.4,0.6145,26.78,3.78,80.4,92.62,69.22,26.15,0.5942,9,1,1
92.53,100321.2,0.6523,32.87,4.53,75.0,64.89,49.87,33.16,0.6466,6,1,1
333.21,98407.6,0.9138,31.17,9.63,96.65,250.0,162.31,29.6,0.9163,7,1,1
4.0,102040.8,0.0965,18.32,0.46,27.07,3.33,2.16,18.75,0.1147,6,1,0
173.46,99181.9,0.7049,22.94,5.57,83.65,106.8,82.86,20.99,0.7172,8,1,1
216.77,99017.7,0.7501,21.71,4.27,90.37,175.32,142.26,20.21,0.7755,6,1,1
311.71,98219.8,0.8934,23.43,5.54,91.43,193.26,123.89,21.94,0.9158,6,1,1
13.27,101870.0,0.1897,23.91,1.53,41.92,7.62,4.3,25.71,0.1698,5,0,0
265.98,98908.0,0.825,22.05,4.02,96.42,200.81,112.67,21.16,0.8137,7,1,1
117.92,100242.2,0.6563,32.36,3.0,78.45,66.74,45.17,30.93,0.664,11,0,1
25.76,100888.5,0.3054,24.44,1.65,63.84,18.43,10.04,24.2,0.3062,3,0,0
338.99,98001.8,0.9044,21.59,9.12,96.99,215.07,128.79,21.62,0.9149,7,1,1
10.63,101317.2,0.1747,24.66,1.94,37.49,8.63,6.52,24.34,0.1654,11,0,0
2.91,102145.0,0.0857,33.09,0.17,22.84,1.5,0.87,34.55,0.0999,5,0,0
252.81,99082.0,0.8478,24.44,8.72,84.8,161.65,94.23,24.07,0.8388,2,0,1
12.25,101908.4,0.1684,20.06,2.61,40.21,8.55,4.81,19.62,0.157,6,1,0
20.49,100856.6,0.271,22.62,1.23,57.2,16.18,13.9,23.83,0.2865,8,1,0
286.1,99112.6,0.9232,25.68,9.82,91.63,194.43,115.01,26.13,0.9155,8,1,1
6.77,103000.0,0.1465,34.5,0.84,32.71,4.69,4.14,36.27,0.1489,4,0,0
24.07,100500.0,0.3066,28.67,3.33,58.61,19.14,14.42,30.6,0.2871,12,0,0
6.94,101861.6,0.138,27.59,0.53,37.59,3.54,2.49,26.21,0.1343,8,1,0
2.19,102042.2,0.08,35.24,0.22,22.29,1.86,1.05,34.91,0.0607,1,0,0
275.39,98359.0,0.795,23.58,7.78,92.4,225.41,177.84,24.13,0.8054,7,1,1
9.96,101607.0,0.1456,19.36,0.51,39.73,8.42,4.8,18.12,0.1305,9,1,0
3.81,101447.1,0.1059,35.35,0.83,21.39,3.21,2.28,36.11,0.1021,8,1,0
23.39,100500.0,0.2876,20.79,2.92,57.42,18.69,14.19,20.85,0.3047,8,1,0
177.6,99320.3,0.7659,30.0,4.33,87.16,144.53,82.43,30.1,0.7885,9,1,1
27.03,100500.0,0.3328,26.13,3.67,70.0,16.1,12.85,24.98,0.3476,11,0,0
133.42,99946.4,0.647,26.53,5.11,75.72,79.53,66.64,24.69,0.6599,10,0,1
251.46,99039.2,0.8309,20.33,7.38,91.68,209.7,150.5,19.61,0.8148,6,1,1
235.2,98553.9,0.8028,29.99,6.78,86.44,179.89,138.43,28.96,0.8128,6,1,1
190.96,99641.3,0.7232,31.64,5.75,87.3,126.85,90.83,30.09,0.7111,1,0,1
22.77,101097.1,0.297,35.28,2.95,58.2,16.48,11.33,35.51,0.2936,2,0,0
18.72,101056.6,0.256,23.0,1.25,54.16,15.53,10.37,22.69,0.2436,10,0,0
150.98,99492.9,0.699,23.27,5.01,83.44,93.09,77.4,24.02,0.6991,9,1,1
10.55,101627.8,0.1613,34.72,0.52,32.9,8.57,5.21,35.93,0.1758,8,1,0
278.29,98979.9,0.8785,30.87,7.2,91.45,210.2,137.18,31.5,0.8962,6,1,1
188.86,99857.7,0.707,20.08,4.71,86.02,142.18,84.37,19.06,0.7101,7,1,1
194.84,100360.0,0.7699,33.16,5.85,89.56,153.82,91.23,34.49,0.7858,7,1,1
174.48,100369.2,0.7087,20.55,6.68,87.27,126.7,101.3,20.55,0.7124,7,1,1
7.43,102018.6,0.1636,19.87,0.05,35.39,4.17,3.67,20.93,0.159,5,0,0
246.79,99281.5,0.8447,20.8,7.49,91.84,168.02,135.64,19.87,0.8246,7,1,1
106.24,100244.8,0.6398,21.9,3.0,80.24,62.2,40.0,22.3,0.612,9,1,1
2.07,102927.6,0.093,25.0,0.0,23.61,1.16,0.6,25.08,0.1042,11,0,0
8.73,102094.4,0.1433,20.39,1.37,30.01,4.89,2.5,22.25,0.1605,6,1,0
141.57,100312.3,0.715,31.0,4.06,75.0,81.25,57.1,32.42,0.7169,9,1,1
253.78,99182.3,0.8347,31.2,6.5,91.3,155.29,119.65,32.65,0.8107,8,1,1
25.56,100700.7,0.3027,32.24,2.38,59.7,17.5,12.2,32.25,0.3122,3,0,0
20.5,100947.0,0.2624,32.3,1.45,53.12,12.26,6.57,32.56,0.2743,11,0,0
5.05,102114.5,0.1342,30.42,1.54,27.32,3.0,1.68,31.6,0.1284,9,1,0
133.45,100500.0,0.7135,23.49,3.0,82.07,108.86,79.18,21.92,0.7144,7,1,1
19.41,101760.9,0.296,32.12,1.85,49.24,14.58,7.89,30.48,0.3129,8,1,0
82.22,100051.0,0.6,26.73,3.0,75.77,53.97,40.0,28.41,0.5922,8,1,1
200.89,99533.4,0.7709,26.83,7.39,83.75,155.89,110.02,25.93,0.7877,7,1,1
226.25,99352.7,0.8064,25.38,6.48,91.43,185.55,155.23,24.25,0.7983,6,1,1
89.69,100500.0,0.6,29.43,3.64,78.66,59.08,40.0,29.4,0.6259,7,1,1
17.98,100572.5,0.2211,36.27,2.09,50.37,10.87,6.19,36.9,0.2392,11,0,0
9.5,101784.8,0.1609,30.56,1.26,38.64,5.76,3.84,31.37,0.1641,10,0,0
302.87,98234.9,0.8474,31.58,8.91,96.34,237.54,163.26,32.04,0.8438,8,1,1
316.58,98363.2,0.9434,20.0,10.23,100.0,228.86,144.09,20.68,0.9505,8,1,1
4.2,102054.9,0.106,26.29,0.0,25.57,2.72,1.76,26.98,0.1199,8,1,0
342.48,98107.1,0.9467,33.15,10.74,100.0,241.16,139.56,32.09,0.9631,7,1,1
1.41,102464.7,0.114,30.56,0.78,24.57,1.22,0.99,29.39,0.1063,8,1,0
87.64,100047.4,0.643,26.06,3.43,75.85,60.02,40.0,27.41,0.6248,8,1,1
13.81,101719.4,0.2172,19.57,0.34,47.11,7.23,4.11,20.58,0.2083,10,0,0
124.33,100292.7,0.6563,23.21,3.77,79.8,79.04,52.58,24.63,0.6625,7,1,1
147.6,99503.2,0.6928,23.32,3.29,80.83,89.6,49.86,23.11,0.6981,6,1,1
87.0,100500.0,0.6,27.81,4.44,75.0,56.25,46.5,29.21,0.6082,10,0,1
8.6,101266.8,0.1685,23.77,1.43,34.31,7.21,3.91,22.49,0.1857,7,1,0
22.32,100843.7,0.2599,30.07,1.5,56.97,18.27,15.0,29.33,0.2514,3,0,0
29.17,100524.0,0.35,22.31,2.51,70.0,20.0,14.41,23.26,0.3434,4,0,0
330.28,98560.5,0.95,28.68,11.79,92.91,250.0,180.0,27.83,0.9314,6,1,1
319.21,98640.3,0.8831,32.75,11.25,95.92,180.83,107.95,31.24,0.9121,6,1,1
157.2,99867.0,0.6821,21.9,3.33,85.62,125.22,74.67,22.16,0.7022,5,0,1
22.23,101174.3,0.3137,37.68,1.17,52.57,11.26,7.53,36.39,0.2951,6,1,0
16.83,101557.3,0.2125,25.56,3.05,52.42,9.03,5.88,27.2,0.1982,5,0,0
4.93,101785.0,0.1719,24.14,1.42,31.31,3.58,2.18,24.1,0.1851,12,0,0
260.01,98511.2,0.8362,21.98,3.0,91.38,155.68,111.33,20.54,0.8392,11,0,1
7.26,101511.2,0.1383,21.78,0.34,33.14,4.29,3.44,20.27,0.1509,6,1,0
215.97,99058.4,0.8212,29.56,5.5,85.13,159.56,120.93,29.03,0.8414,12,0,1
9.96,101838.3,0.1448,34.77,0.87,38.06,5.8,4.68,34.84,0.1434,7,1,0
20.62,101025.3,0.2717,24.83,1.68,59.47,12.68,7.66,26.6,0.2786,4,0,0
226.81,98952.3,0.7808,20.52,5.98,87.77,183.27,129.03,21.85,0.7936,3,0,1
15.35,101370.2,0.2203,19.78,0.7,46.48,11.9,6.62,19.58,0.2058,8,1,0
23.62,100586.9,0.2811,30.51,3.72,62.24,17.72,9.72,30.01,0.2628,12,0,0
12.64,102360.5,0.224,20.63,2.18,38.73,9.77,8.66,20.94,0.2092,1,0,0
159.47,99798.0,0.7414,27.63,6.38,79.12,94.72,66.55,25.67,0.7618,8,1,1
93.98,100323.5,0.6069,29.74,5.1,75.0,56.39,40.0,28.9,0.6141,8,1,1
15.65,101262.9,0.2441,28.99,1.65,50.56,11.36,6.18,30.17,0.2596,10,0,0
219.2,99359.4,0.7602,20.0,5.74,82.3,183.17,126.14,21.88,0.7405,7,1,1
12.48,101329.1,0.1843,25.57,1.57,42.59,10.45,7.4,26.42,0.1718,12,0,0
217.38,99108.5,0.7992,26.99,4.94,81.91,149.03,116.27,25.92,0.8175,6,1,1
6.92,102194.0,0.1325,21.62,0.49,35.04,6.18,5.46,22.35,0.1396,7,1,0
228.48,99186.2,0.7368,30.25,6.36,93.8,128.85,74.67,28.76,0.72,8,1,1
180.01,100084.4,0.7077,34.4,4.71,85.81,129.11,76.77,32.94,0.731,7,1,1
167.44,99537.8,0.6995,20.69,4.25,78.71,121.72,80.35,22.5,0.7271,9,1,1
264.56,98754.1,0.8474,20.95,8.33,92.72,155.69,99.55,22.35,0.849,6,1,1
10.95,101523.4,0.1757,29.26,0.91,43.8,5.88,3.84,27.32,0.1647,3,0,0
168.84,99613.1,0.733,31.54,3.0,86.34,123.78,73.41,32.78,0.7497,8,1,1
134.71,100054.2,0.6468,21.93,3.68,83.62,75.3,54.76,22.48,0.6181,9,1,1
20.63,101227.3,0.2213,34.36,2.63,51.87,15.77,13.05,35.98,0.2258,12,0,0
183.4,99740.2,0.7448,28.5,5.05,87.57,149.39,108.09,29.2,0.7406,7,1,1
0.3,101954.9,0.1156,37.59,0.27,29.33,0.16,0.11,36.51,0.099,2,0,0
175.44,99511.2,0.7395,27.49,6.15,83.11,144.95,114.05,26.86,0.7203,9,1,1
197.76,99114.9,0.753,22.21,6.12,81.99,138.02,100.12,23.0,0.7315,8,1,1
137.49,100500.0,0.6625,24.36,3.0,83.92,89.8,65.2,23.87,0.6476,9,1,1
0.63,102813.5,0.08,33.29,0.16,20.0,0.48,0.32,31.51,0.0609,7,1,0
149.27,100052.1,0.6524,32.6,5.58,80.34,107.43,89.2,32.01,0.6577,4,0,1
271.23,98659.0,0.7838,28.08,8.38,97.89,163.3,107.03,28.88,0.775,8,1,1
336.12,98418.9,0.9012,27.17,6.25,100.0,250.0,159.62,26.59,0.8783,6,1,1
239.49,99254.7,0.8234,28.09,5.21,91.23,140.53,93.67,26.54,0.8134,12,0,1
272.34,98363.4,0.8334,22.84,7.72,94.52,152.74,84.5,24.1,0.8128,7,1,1
175.01,98782.2,0.7231,27.7,5.28,86.0,146.05,82.56,28.5,0.7379,5,0,1
28.56,101269.2,0.3486,37.24,3.34,70.0,20.0,14.93,35.33,0.3686,2,0,0
188.84,99352.8,0.7127,20.08,6.41,88.24,147.38,124.39,18.96,0.7383,11,0,1
180.24,99410.3,0.7358,25.34,5.66,84.87,134.73,101.07,25.23,0.7147,11,0,1
345.82,98000.0,0.937,27.27,6.59,100.0,246.05,180.0,26.85,0.9141,8,1,1
14.41,101355.3,0.2023,31.45,0.75,44.94,8.97,6.04,29.72,0.2008,4,0,0
17.77,100953.5,0.2021,19.93,1.59,49.13,11.43,7.9,18.27,0.1831,10,0,0
13.22,102056.1,0.1938,36.54,2.4,38.42,9.06,6.69,38.49,0.1792,6,1,0
4.42,102465.8,0.1234,19.16,0.4,21.59,3.51,1.97,18.02,0.1266,11,0,0
337.89,98524.3,0.9272,28.03,12.0,95.41,212.48,160.54,27.7,0.9264,6,1,1
6.89,101874.1,0.1566,35.49,0.48,33.61,4.12,2.68,36.04,0.1683,8,1,0
234.44,99027.5,0.811,29.16,6.98,91.2,162.0,108.05,28.08,0.8337,4,0,1
179.71,99071.7,0.723,26.29,6.96,91.01,112.71,83.3,27.29,0.7124,6,1,1
19.27,101178.1,0.2576,32.93,0.65,45.35,11.43,9.56,33.23,0.2506,12,0,0
19.93,100842.8,0.2458,30.69,2.58,58.81,12.54,7.59,32.58,0.2296,8,1,0
8.08,102079.6,0.1562,31.11,0.91,27.62,5.44,3.61,32.71,0.1611,1,0,0
13.36,101619.2,0.2004,19.11,1.11,35.15,10.08,8.03,20.94,0.2116,8,1,0
156.67,100206.4,0.6282,30.61,4.22,78.49,110.94,91.78,30.51,0.6232,9,1,1
231.84,99237.5,0.8164,27.99,8.57,88.57,160.78,102.94,26.16,0.7922,8,1,1
198.88,99327.2,0.7335,29.5,5.25,81.38,116.95,84.91,27.87,0.7127,1,0,1
27.03,100696.4,0.3272,35.45,2.78,62.06,20.0,13.05,36.24,0.3296,1,0,0
0.32,102624.4,0.1168,19.57,0.35,28.12,0.26,0.15,18.03,0.0974,12,0,0
317.48,98423.8,0.9133,20.58,7.66,98.64,238.79,137.77,22.57,0.9035,6,1,1
263.11,98941.1,0.8348,20.0,6.74,95.32,211.14,165.47,18.37,0.8571,7,1,1
277.52,98523.5,0.8749,28.2,7.97,91.48,194.95,120.86,27.72,0.8764,9,1,1
24.41,100904.2,0.3313,22.89,3.05,52.95,19.38,10.03,21.43,0.34,7,1,0
11.57,101487.3,0.1863,24.87,2.51,37.86,9.43,7.44,25.09,0.1729,7,1,0
239.05,98901.3,0.8255,25.69,8.01,86.03,199.72,130.21,25.27,0.8232,7,1,1
130.02,99818.0,0.6519,33.24,4.54,82.77,93.14,60.53,33.59,0.6732,8,1,1
16.34,100690.0,0.2349,20.54,1.08,57.77,10.39,7.1,20.58,0.235,5,0,0
7.9,102471.3,0.1541,36.02,0.0,29.81,5.23,4.7,35.39,0.1606,5,0,0
1.2,102984.1,0.0839,31.34,1.21,22.15,1.05,0.59,33.32,0.0697,4,0,0
155.85,99851.6,0.6818,32.91,4.18,76.31,110.54,91.89,34.46,0.7067,6,1,1
216.09,99297.0,0.7937,23.55,8.07,92.84,146.73,84.61,25.12,0.8002,7,1,1
338.06,98000.0,0.95,33.03,6.76,100.0,237.4,175.07,34.76,0.9492,9,1,1
13.78,101999.5,0.1931,23.35,1.32,43.77,7.37,3.96,23.67,0.1831,9,1,0
161.7,99439.3,0.7465,20.21,4.03,78.39,91.79,71.79,21.7,0.7479,9,1,1
252.38,99044.9,0.8114,30.3,6.71,94.81,163.27,134.97,29.19,0.8283,7,1,1
26.91,100500.0,0.3428,20.8,3.82,70.0,18.57,11.17,19.62,0.3391,6,1,0
194.47,99921.1,0.7077,24.49,5.87,87.1,143.81,81.94,23.56,0.7367,8,1,1
231.93,98783.2,0.8243,29.54,6.1,89.13,149.69,97.06,27.59,0.8433,2,0,1
2.92,102899.4,0.1181,35.57,0.17,21.63,1.76,1.22,37.09,0.1013,2,0,0
268.17,99480.3,0.8502,20.0,5.72,94.64,171.58,113.13,19.99,0.8663,7,1,1
87.43,100231.2,0.6047,31.95,3.0,79.69,64.73,42.18,32.06,0.5777,6,1,1
213.13,99003.3,0.7645,32.75,4.74,88.8,132.69,83.01,33.85,0.7892,5,0,1
3.05,101474.5,0.08,23.32,0.82,21.03,2.37,1.72,22.3,0.0897,3,0,0
27.91,100504.5,0.35,28.34,0.74,57.05,20.0,12.79,26.83,0.36,8,1,0
334.54,98374.1,0.9483,25.12,5.94,100.0,250.0,164.53,26.7,0.9706,9,1,1
2.76,101943.3,0.095,36.14,0.0,26.46,2.45,1.58,34.49,0.11,3,0,0
16.39,101316.3,0.2392,20.28,2.62,46.14,14.65,11.53,20.58,0.2446,8,1,0
328.4,98000.0,0.8939,27.05,7.01,94.77,218.2,134.12,27.72,0.9115,9,1,1
11.42,102341.0,0.1728,31.86,2.03,38.39,8.75,7.87,31.32,0.1843,12,0,0
29.4,100500.0,0.35,23.19,3.69,67.35,20.0,11.73,22.31,0.3625,7,1,0
29.63,100500.0,0.3374,23.35,1.45,68.9,18.93,14.18,23.63,0.3469,1,0,0
4.64,102696.0,0.1002,33.78,0.18,25.02,3.9,1.97,32.07,0.0828,9,1,0
28.13,100504.3,0.3032,20.78,3.0,65.25,20.0,15.0,20.33,0.3053,12,0,0
3.02,101955.2,0.0859,28.52,0.59,26.74,2.24,1.27,30.08,0.1051,10,0,0
11.12,101628.3,0.172,25.3,1.31,34.07,8.63,6.34,25.06,0.1737,8,1,0
252.36,99081.9,0.9069,27.67,7.1,89.55,145.86,82.96,27.62,0.9231,9,1,1
151.76,99934.9,0.6745,28.05,4.52,82.35,109.64,78.67,29.4,0.7032,6,1,1
5.46,102456.6,0.1069,23.06,0.0,23.78,3.07,2.42,21.07,0.102,4,0,0
9.38,101688.5,0.1634,21.38,1.12,34.05,6.47,5.23,22.02,0.1611,4,0,0
2.14,102223.8,0.0934,37.52,0.14,26.17,1.52,1.01,37.43,0.0912,9,1,0
1.61,102363.3,0.0901,37.53,0.92,20.0,1.13,1.02,38.19,0.0979,12,0,0
85.54,100228.2,0.6351,23.78,4.33,75.0,63.29,43.18,22.9,0.6313,8,1,1
26.91,100500.0,0.3026,32.95,2.05,55.61,20.0,10.1,31.42,0.3008,4,0,0
214.35,99262.6,0.7228,30.94,5.81,85.66,172.32,144.46,30.52,0.7349,6,1,1
255.08,98649.4,0.7557,20.0,5.9,90.78,161.04,108.85,21.34,0.7401,7,1,1
123.2,100373.1,0.6968,28.02,4.7,77.08,74.91,43.28,27.49,0.7207,5,0,1
111.09,99811.7,0.6365,33.91,4.12,75.0,82.07,55.25,32.75,0.6229,6,1,1
306.45,98507.5,0.9194,30.89,8.22,94.69,250.0,171.04,32.18,0.9193,9,1,1
12.06,102035.1,0.1578,36.98,1.19,38.51,9.75,5.6,38.67,0.1441,8,1,0
272.17,99170.2,0.8375,27.58,7.62,91.37,170.33,130.22,25.65,0.8536,2,0,1
165.35,99861.0,0.6594,26.69,4.67,81.83,123.26,80.31,25.14,0.642,9,1,1
160.24,99760.0,0.6893,23.34,4.63,84.86,101.98,79.83,22.87,0.6676,6,1,1
28.5,100568.4,0.35,19.97,1.97,66.59,15.93,11.23,18.74,0.369,12,0,0
29.94,100500.0,0.35,25.35,2.48,69.02,17.61,13.24,24.55,0.3556,10,0,0
12.93,101668.9,0.1712,36.66,0.75,38.07,9.43,6.06,37.81,0.1892,1,0,0
321.06,98870.2,0.8727,30.58,7.0,100.0,216.58,168.17,29.84,0.8452,11,0,1
124.32,100293.8,0.6,34.46,3.0,78.27,105.24,62.98,36.26,0.5738,7,1,1
24.19,100500.0,0.279,21.54,0.14,62.71,20.0,15.0,21.94,0.2874,6,1,0
324.3,98372.4,0.8743,21.5,8.74,97.91,220.95,180.0,20.01,0.8763,7,1,1
209.74,98888.3,0.7743,25.25,3.56,90.52,118.89,81.97,23.65,0.7505,8,1,1
24.47,100720.5,0.3137,23.21,2.17,60.19,20.0,10.9,23.45,0.3069,12,0,0
86.56,99839.4,0.6179,23.68,3.0,78.77,51.36,40.0,23.03,0.6188,12,0,1
346.25,98000.0,0.95,22.86,10.08,95.69,240.75,145.57,23.19,0.9758,9,1,1
18.03,101726.1,0.2054,20.96,2.01,50.52,9.06,6.12,19.84,0.2086,1,0,0
116.42,100143.1,0.6345,32.71,3.67,78.85,97.56,73.1,31.35,0.6338,9,1,1
343.1,98000.0,0.95,28.6,9.17,91.63,228.87,130.47,29.5,0.9761,6,1,1
236.66,98922.5,0.7617,27.24,7.21,87.77,145.06,110.04,27.26,0.7594,8,1,1
17.83,101052.0,0.2521,33.31,2.61,50.8,14.11,8.67,31.44,0.2599,12,0,0
25.89,100582.2,0.2767,23.97,2.91,67.5,17.38,9.28,23.77,0.2826,6,1,0
18.85,102035.1,0.2327,35.95,2.84,51.2,13.39,7.64,36.37,0.216,6,1,0
266.7,98505.6,0.8138,25.95,5.09,89.78,180.34,115.9,25.33,0.838,3,0,1
121.66,99840.5,0.6269,25.72,3.83,76.35,79.32,63.02,26.19,0.6268,8,1,1
205.01,99227.5,0.7591,24.28,4.31,91.67,138.27,94.64,25.38,0.7768,7,1,1
18.94,100500.0,0.2553,21.34,1.66,47.53,11.05,8.29,21.22,0.2538,3,0,0
17.73,100674.8,0.232,18.2,2.88,48.5,15.1,12.7,20.0,0.2217,12,0,0
0.86,102168.9,0.0942,36.69,1.05,21.54,0.66,0.44,36.81,0.0942,10,0,0
232.0,98710.5,0.8416,25.28,6.44,91.96,190.53,139.04,24.16,0.8238,7,1,1
177.32,99165.7,0.7491,26.21,3.63,85.99,144.07,80.1,27.09,0.7752,5,0,1
223.28,99576.9,0.7458,30.45,5.37,86.82,165.59,131.66,30.42,0.7402,7,1,1
132.85,99832.1,0.6849,28.27,3.0,82.38,85.38,54.84,29.07,0.6798,9,1,1
97.26,100500.0,0.6764,26.34,3.0,76.11,60.67,43.24,27.92,0.6829,8,1,1
202.8,99474.0,0.7661,22.86,6.18,87.04,114.76,87.7,22.39,0.7395,9,1,1
0.64,102880.9,0.08,35.38,0.24,26.95,0.56,0.42,35.46,0.0659,11,0,0
4.45,102057.8,0.1013,32.26,0.16,25.11,3.39,2.6,33.73,0.1195,7,1,0
112.01,100404.3,0.6709,23.02,4.41,75.42,87.41,57.15,24.48,0.6939,7,1,1
316.59,98000.0,0.9163,20.0,6.17,98.68,212.64,121.69,21.91,0.9462,6,1,1
148.23,99848.9,0.7476,32.09,3.0,79.69,84.41,59.49,31.92,0.7637,2,0,1
1.36,102418.4,0.091,31.8,0.2,21.88,0.83,0.59,32.39,0.0747,11,0,0
281.4,98308.8,0.8745,31.36,7.18,90.79,157.68,121.52,29.55,0.8553,8,1,1
349.55,98000.0,0.9149,20.03,11.61,93.41,250.0,148.79,21.7,0.9093,6,1,1
240.31,98504.9,0.8375,25.36,7.14,85.86,193.1,115.05,24.03,0.814,8,1,1
198.13,99364.3,0.7576,29.29,6.07,81.26,140.42,111.58,29.3,0.7291,6,1,1
342.97,98000.0,0.9314,30.32,6.98,100.0,245.42,152.98,29.35,0.9544,6,1,1
8.57,101828.2,0.1719,18.08,0.54,30.27,5.06,3.92,16.95,0.1522,3,0,0
14.85,101002.4,0.2359,30.66,1.04,43.2,9.97,8.61,29.64,0.2313,11,0,0
275.93,98485.7,0.9265,30.85,7.21,94.78,157.5,114.05,29.59,0.9481,6,1,1
23.1,101973.9,0.3373,24.9,0.21,57.51,16.73,11.67,24.13,0.3493,7,1,0
14.83,101745.7,0.2247,32.89,2.55,50.01,10.67,6.38,33.81,0.2435,4,0,0
197.68,99515.1,0.7751,26.07,7.03,88.59,117.76,85.74,24.13,0.7873,6,1,1
6.32,102312.0,0.1376,23.39,0.0,29.94,5.41,3.89,21.85,0.1294,9,1,0
20.67,101092.5,0.2686,32.57,1.12,52.72,13.71,11.34,31.5,0.2493,10,0,0
8.09,102000.3,0.1434,28.95,1.01,31.81,7.04,5.05,27.2,0.1368,11,0,0
318.45,98950.4,0.9359,27.87,8.36,100.0,233.26,161.88,29.11,0.9095,6,1,1
0.18,102307.6,0.08,29.53,0.0,20.0,0.1,0.09,30.16,0.0957,6,1,0
20.27,101022.0,0.2931,19.5,2.64,54.0,16.94,10.4,19.24,0.2847,12,0,0
22.11,101305.8,0.2526,27.26,1.74,57.96,13.7,10.66,26.57,0.2454,5,0,0
20.99,100965.7,0.2728,24.7,2.17,55.45,13.34,11.13,23.17,0.2671,4,0,0
339.29,98063.9,0.95,31.7,9.72,93.03,197.43,122.85,30.07,0.9789,7,1,1
12.58,101191.2,0.1849,29.28,1.58,39.82,8.29,4.17,30.04,0.1922,3,0,0
338.65,98000.0,0.9384,24.01,7.66,100.0,250.0,180.0,24.92,0.9578,7,1,1
0.27,102593.8,0.08,35.24,0.24,21.81,0.21,0.11,33.55,0.0708,7,1,0
1.8,102349.9,0.1049,26.44,0.18,32.22,0.91,0.59,26.38,0.1084,2,0,0
268.09,98924.8,0.8945,25.86,4.99,89.98,191.73,123.54,26.23,0.8661,6,1,1
0.05,102774.2,0.08,22.91,0.0,25.22,0.04,0.02,24.69,0.065,3,0,0
163.34,99917.1,0.6604,25.37,4.97,80.78,91.95,56.06,23.8,0.6589,9,1,1
261.37,98440.6,0.9118,21.04,7.67,91.74,197.74,130.37,20.74,0.9026,9,1,1
19.68,101387.6,0.2599,29.88,2.51,56.63,13.78,10.45,28.15,0.2535,6,1,0
118.57,99982.2,0.6607,25.01,3.36,78.69,77.62,52.93,24.25,0.6867,3,0,1
319.37,98530.1,0.8959,27.57,6.15,97.42,250.0,180.0,27.81,0.8959,7,1,1
16.12,101646.3,0.2183,27.38,1.97,47.46,10.36,5.9,28.13,0.2065,5,0,0
185.4,99604.9,0.6889,33.41,3.99,85.64,140.53,97.54,33.3,0.7165,9,1,1
12.24,101395.0,0.1898,37.47,0.43,38.04,9.61,7.02,38.96,0.1837,9,1,0
84.63,100058.8,0.6,21.14,3.0,76.53,57.42,45.25,19.84,0.5898,9,1,1
317.54,98742.3,0.8977,30.54,10.68,94.53,226.33,125.51,29.24,0.9243,7,1,1
28.5,100563.6,0.3232,22.5,4.98,56.75,20.0,15.0,22.28,0.339,11,0,0
29.8,100500.0,0.3332,32.45,4.12,70.0,20.0,13.22,33.0,0.3337,9,1,0
82.86,100500.0,0.6496,20.35,4.08,75.0,52.46,40.0,21.99,0.6214,5,0,1
83.76,100117.0,0.6231,30.85,3.0,80.36,65.84,55.69,29.14,0.6028,10,0,1
14.29,100518.9,0.1975,28.11,1.64,50.47,8.68,5.61,27.86,0.2051,5,0,0
15.79,102190.0,0.2248,30.66,1.7,48.37,9.63,8.56,29.9,0.235,10,0,0
235.87,98657.2,0.85,29.36,6.81,90.99,164.09,102.24,29.26,0.8522,7,1,1
6.12,101211.3,0.1361,18.66,0.06,31.29,5.08,4.44,19.81,0.1379,11,0,0
331.45,98512.3,0.8952,26.3,8.75,96.85,221.48,174.02,27.18,0.8833,8,1,1
1.22,102164.3,0.143,29.32,0.45,26.82,0.81,0.68,28.19,0.1304,3,0,0
146.78,99933.5,0.7058,29.79,3.0,82.72,101.31,79.92,29.58,0.7037,8,1,1
6.4,102135.0,0.1477,31.51,1.83,22.4,3.33,1.88,30.2,0.1406,11,0,0
19.82,101322.8,0.2512,27.09,2.23,49.55,10.92,9.59,28.81,0.2639,10,0,0
6.72,101819.1,0.1176,31.2,1.66,36.8,5.76,3.58,30.31,0.1109,6,1,0
4.81,102017.5,0.1733,32.39,1.01,28.15,3.41,2.62,31.33,0.1628,10,0,0
190.48,99918.5,0.7655,25.8,6.71,85.77,119.89,82.23,26.1,0.7378,6,1,1
254.63,98647.4,0.8182,28.55,6.84,95.25,211.7,127.07,27.67,0.8297,6,1,1
20.95,100993.2,0.2623,29.69,2.6,50.07,17.96,14.63,28.99,0.2549,11,0,0
28.69,100757.6,0.35,19.58,2.61,70.0,20.0,15.0,18.3,0.3541,7,1,0
297.97,98580.2,0.8666,24.21,9.72,92.55,197.74,120.79,25.89,0.8449,3,0,1
14.49,101853.9,0.2369,27.27,1.58,37.84,7.37,5.28,25.78,0.2207,7,1,0
24.46,101176.8,0.3053,23.95,2.95,54.2,17.4,14.42,25.92,0.3202,8,1,0
7.91,101321.0,0.1588,21.81,0.0,29.65,7.02,5.0,20.31,0.1664,1,0,0
203.21,99610.3,0.7741,22.57,6.07,84.87,139.1,104.62,23.71,0.7763,9,1,1
292.38,99063.4,0.8444,31.13,8.92,96.34,163.43,99.74,31.76,0.8327,5,0,1
2.79,102412.5,0.0979,27.78,0.55,23.64,2.3,1.69,28.35,0.087,5,0,0
145.81,100359.7,0.7056,25.54,5.05,79.91,119.14,76.77,24.01,0.6876,7,1,1
279.7,98580.8,0.8731,25.77,8.21,88.57,236.91,150.96,24.19,0.888,8,1,1
2.89,102260.7,0.129,30.72,0.63,20.54,2.03,1.27,32.46,0.1437,10,0,0
26.37,100500.0,0.3217,28.53,4.33,64.56,20.0,15.0,26.67,0.3076,11,0,0
17.35,101572.6,0.249,21.53,1.11,55.31,13.62,7.96,22.72,0.2601,10,0,0
5.34,102033.9,0.176,35.9,0.59,29.53,4.67,3.92,35.84,0.1935,6,1,0
27.71,101066.2,0.35,28.97,2.18,70.0,20.0,10.4,27.17,0.3652,2,0,0
176.37,99871.6,0.669,22.15,6.06,85.05,125.79,94.03,23.44,0.6833,7,1,1
7.16,102823.2,0.1416,24.72,0.44,34.8,3.72,2.2,25.66,0.1427,6,1,0
237.47,99172.4,0.8174,27.44,8.98,91.04,164.48,139.21,25.53,0.8316,9,1,1
214.23,99176.7,0.7683,20.0,5.92,81.38,146.7,115.55,20.16,0.7425,6,1,1
219.87,99009.0,0.6898,21.61,5.57,88.85,123.04,79.18,20.29,0.6614,6,1,1
334.02,98000.0,0.938,30.56,10.67,100.0,189.89,131.76,32.14,0.9578,9,1,1
262.6,98921.5,0.8471,22.87,5.48,93.46,152.63,96.62,22.26,0.8383,8,1,1
212.75,99919.7,0.7553,28.56,6.58,87.85,130.69,88.14,28.25,0.7388,9,1,1
225.92,99048.9,0.787,28.54,8.76,84.92,177.7,129.0,28.56,0.779,7,1,1
292.61,98460.6,0.8698,33.15,7.22,93.68,182.83,116.62,33.41,0.8836,4,0,1
1.08,102523.3,0.1134,31.15,0.0,23.28,0.71,0.37,32.21,0.1122,10,0,0
148.09,99686.8,0.6826,27.44,4.04,77.51,93.49,76.05,25.52,0.6777,9,1,1
26.21,100772.0,0.3016,30.53,1.7,59.03,20.0,11.38,32.45,0.3123,8,1,0
183.49,99388.0,0.7037,20.07,3.3,83.02,144.78,89.83,19.37,0.7302,6,1,1
16.25,101665.6,0.2081,28.71,2.74,48.02,13.39,7.86,29.2,0.1889,8,1,0
0.65,102039.2,0.099,22.26,0.0,20.0,0.44,0.35,20.88,0.1124,7,1,0
13.96,101556.9,0.2125,18.84,2.41,51.33,9.09,5.0,17.45,0.2318,7,1,0
320.27,98096.0,0.8954,28.08,7.41,98.09,207.67,126.99,27.48,0.8731,9,1,1
314.81,98172.6,0.9361,28.11,8.03,97.36,223.19,179.62,28.08,0.956,2,0,1
26.67,100540.1,0.3239,24.83,3.81,60.31,16.04,13.48,23.19,0.3416,8,1,0
2.42,101931.1,0.08,36.9,0.25,20.0,1.38,0.73,38.62,0.0929,9,1,0
113.04,100120.5,0.6701,27.64,3.09,84.63,84.66,66.43,26.73,0.6554,6,1,1
111.4,100000.6,0.636,24.57,3.0,79.16,77.46,53.64,25.85,0.6409,7,1,1
22.23,100627.9,0.2875,21.29,4.02,59.65,16.35,9.97,22.34,0.2835,2,0,0
8.73,102290.2,0.186,35.3,1.23,38.05,5.72,4.72,33.76,0.1682,11,0,0
7.44,102839.8,0.1322,21.16,1.99,35.07,5.82,4.98,21.7,0.1184,12,0,0
201.23,99371.0,0.7207,24.05,7.5,89.96,162.32,108.4,26.04,0.7058,7,1,1
0.34,102242.3,0.1017,19.71,0.0,23.37,0.22,0.16,18.85,0.0874,2,0,0
19.66,100664.4,0.262,19.72,3.06,52.8,15.74,13.76,21.33,0.28,6,1,0
5.21,101803.0,0.12,33.99,0.84,29.94,2.94,2.11,32.74,0.1112,12,0,0
314.91,98555.6,0.8823,22.87,8.84,96.23,208.02,143.42,23.1,0.862,8,1,1
134.43,99627.0,0.6321,31.32,5.05,78.86,81.15,48.54,32.93,0.6098,7,1,1
136.07,99362.8,0.7571,20.01,3.0,81.41,109.55,81.72,21.09,0.765,12,0,1
325.76,98000.0,0.9123,20.0,8.07,98.13,190.66,148.97,19.75,0.8828,8,1,1
323.72,98173.3,0.8877,32.89,10.33,96.35,237.12,180.0,32.09,0.8769,2,0,1
21.37,101138.7,0.2807,18.07,1.47,56.88,18.93,10.72,16.18,0.3003,5,0,0
323.63,98279.7,0.9151,23.71,8.01,95.39,179.05,106.58,22.44,0.9055,2,0,1
22.35,101148.2,0.2964,32.93,3.41,55.54,15.01,8.06,31.92,0.2829,12,0,0
6.44,101518.9,0.1016,18.5,1.11,37.17,3.89,2.2,17.37,0.0828,5,0,0
3.11,102299.1,0.1025,27.09,0.0,24.21,1.85,1.65,27.41,0.104,1,0,0
213.5,99234.3,0.7535,27.65,6.39,95.06,175.58,119.04,26.39,0.7593,1,0,1
28.35,100500.0,0.3471,18.98,4.08,68.08,20.0,11.61,17.67,0.3652,1,0,0
4.15,102577.7,0.1527,30.45,0.0,23.85,2.57,1.58,31.4,0.166,5,0,0
304.41,98279.5,0.878,20.0,8.59,95.16,211.7,172.99,20.34,0.8982,1,0,1
9.21,101783.4,0.1569,22.67,1.58,30.21,6.07,4.44,22.7,0.1523,6,1,0
202.14,100182.1,0.7144,27.92,4.85,91.6,139.97,116.12,27.87,0.7267,10,0,1
329.84,98129.5,0.95,20.0,7.22,95.9,250.0,156.45,19.2,0.9674,4,0,1
6.72,102279.3,0.1616,18.05,0.61,33.3,4.45,2.89,16.32,0.1577,5,0,0
5.0,101814.6,0.1244,33.29,0.37,30.49,3.43,2.5,34.48,0.1076,4,0,0
23.91,101035.8,0.3046,32.44,2.69,68.12,18.97,12.37,34.42,0.3007,1,0,0
27.05,100545.5,0.2718,31.69,3.01,70.0,20.0,13.38,32.39,0.2813,7,1,0
101.94,100421.8,0.6862,27.83,4.39,77.86,82.03,54.44,29.41,0.6637,2,0,1
228.64,99444.8,0.759,26.06,4.52,89.64,166.63,127.52,27.25,0.771,8,1,1
1.63,102360.0,0.08,24.42,0.0,20.0,0.83,0.69,24.5,0.0892,1,0,0
23.05,101001.5,0.2399,24.13,3.23,60.47,16.98,9.22,25.92,0.2355,7,1,0
2.64,103000.0,0.1217,22.02,0.48,27.58,2.19,1.65,23.08,0.1033,2,0,0
18.01,101390.4,0.2343,35.32,1.99,47.36,12.02,6.88,36.11,0.2143,10,0,0
325.16,98293.0,0.8868,31.48,6.5,97.8,188.68,156.89,29.71,0.9047,7,1,1
344.29,98000.0,0.9345,29.78,9.1,100.0,244.77,180.0,31.12,0.941,9,1,1
124.19,99741.9,0.6449,25.37,3.41,80.45,93.0,55.49,25.15,0.6715,9,1,1
3.91,101706.4,0.1018,24.83,0.0,28.25,2.46,1.45,23.11,0.0921,12,0,0
5.43,102007.4,0.1247,22.56,0.29,28.32,3.9,2.63,23.63,0.1397,3,0,0
87.24,100213.4,0.6,22.88,3.0,75.0,72.73,40.38,21.13,0.594,3,0,1
217.22,99733.8,0.7689,21.06,6.72,85.78,164.2,104.64,19.94,0.7524,2,0,1
215.39,99500.3,0.7726,32.15,9.54,91.5,159.91,100.73,33.76,0.7788,9,1,1
12.33,102370.7,0.2199,18.64,1.41,45.28,9.67,7.78,19.2,0.2036,2,0,0
106.86,100444.6,0.6,24.8,3.98,75.0,63.98,44.27,25.17,0.6095,8,1,1
168.36,99417.5,0.6759,27.15,6.47,84.9,134.83,91.56,27.0,0.652,6,1,1
2.9,102984.6,0.0878,31.81,0.0,20.75,2.55,1.84,33.63,0.0753,8,1,0
347.43,98074.6,0.9499,21.58,9.9,96.2,244.75,180.0,19.79,0.959,9,1,1
321.87,98225.6,0.95,20.0,7.3,99.61,250.0,137.86,18.51,0.932,9,1,1
6.11,101428.0,0.1402,36.67,1.57,26.46,3.48,2.12,38.25,0.16,2,0,0
22.76,100819.7,0.2997,26.97,1.0,63.24,16.36,9.41,27.48,0.3072,9,1,0
125.44,99645.2,0.6587,34.14,3.68,81.28,72.03,52.12,34.61,0.677,8,1,1
25.93,101160.4,0.3068,21.67,3.16,61.86,16.26,13.56,22.9,0.3158,2,0,0
17.87,101325.3,0.2133,19.1,3.11,56.98,9.32,6.14,20.41,0.2072,1,0,0
28.15,100500.0,0.3452,19.11,1.87,70.0,20.0,15.0,18.14,0.3439,6,1,0
326.02,98673.7,0.8796,21.6,5.45,100.0,213.06,128.7,23.09,0.9091,7,1,1
259.35,98264.9,0.8204,20.0,3.31,90.52,178.52,98.26,21.1,0.8251,9,1,1
14.28,101419.6,0.2037,18.1,2.15,47.33,8.98,5.85,17.96,0.2142,6,1,0
268.49,99020.0,0.95,21.07,8.96,96.23,197.02,126.88,20.61,0.975,9,1,1
18.65,101692.6,0.2623,19.11,1.76,49.64,10.74,8.29,17.38,0.262,7,1,0
173.8,99763.7,0.7573,32.58,3.37,81.5,134.65,102.33,31.02,0.7511,7,1,1
12.51,101163.4,0.1899,33.02,0.06,37.59,8.47,7.32,33.77,0.1938,12,0,0
13.53,102088.1,0.2321,37.86,2.23,44.53,9.38,6.23,37.82,0.246,3,0,0
121.06,99115.4,0.6349,26.43,3.0,78.2,84.89,64.94,27.11,0.608,6,1,1
14.77,102034.9,0.2433,36.0,2.6,41.09,12.02,8.68,37.58,0.2443,1,0,0
259.13,98376.7,0.8652,20.04,6.21,93.92,164.47,100.0,19.85,0.8861,8,1,1
13.36,101864.6,0.2066,32.61,1.82,41.61,8.29,6.22,31.14,0.2249,1,0,0
16.1,101635.1,0.2231,36.88,0.54,41.98,10.44,9.1,36.14,0.2352,3,0,0
28.32,100500.0,0.3307,33.28,4.35,69.8,16.49,9.16,34.93,0.3428,11,0,0
27.98,100500.0,0.3127,37.81,4.69,65.22,17.06,9.36,38.05,0.3233,5,0,0
23.97,100834.5,0.2951,19.39,1.99,54.77,19.09,13.19,18.64,0.2883,2,0,0
292.53,98803.2,0.829,24.64,5.63,92.56,174.05,138.04,24.53,0.8514,6,1,1
200.42,99461.6,0.7957,23.69,7.66,86.01,159.12,111.47,22.43,0.7707,8,1,1
229.64,99166.5,0.7614,26.99,4.91,86.26,135.77,76.7,27.42,0.7691,6,1,1
8.75,101619.8,0.13,20.94,1.33,29.57,6.56,3.8,20.33,0.137,1,0,0
145.66,99988.3,0.6937,22.71,3.34,78.89,104.42,66.26,24.44,0.6661,2,0,1
12.26,101925.8,0.1811,31.65,0.11,34.74,6.4,5.44,33.17,0.1862,5,0,0
4.16,102162.8,0.1501,27.63,1.33,28.81,3.18,2.72,28.04,0.1497,4,0,0
2.4,101227.9,0.0803,26.86,0.05,22.87,1.43,0.98,27.52,0.0661,4,0,0
26.06,101011.8,0.3064,18.61,4.17,62.9,16.97,11.39,17.53,0.3137,10,0,0
2.25,102353.3,0.1123,25.38,0.0,25.93,1.42,0.8,23.41,0.1047,11,0,0
250.24,98535.5,0.8123,22.51,4.82,90.52,191.27,106.9,21.33,0.8069,8,1,1
17.38,100993.4,0.2396,37.42,1.34,48.06,11.03,9.37,37.33,0.255,12,0,0
106.13,100500.0,0.6286,34.41,3.33,75.0,76.53,49.57,35.89,0.6552,9,1,1
256.73,98877.5,0.8445,20.0,5.74,87.18,212.48,125.13,21.48,0.8184,6,1,1
203.5,99410.9,0.7668,29.39,5.91,87.86,116.25,75.11,28.95,0.7761,9,1,1
156.86,99947.5,0.6855,25.7,8.19,81.6,104.3,58.87,24.9,0.6933,9,1,1
2.73,102816.2,0.08,29.5,0.0,25.52,1.66,1.26,27.6,0.0693,8,1,0
1.27,102958.2,0.0929,24.17,0.0,20.0,1.05,0.72,23.04,0.075,6,1,0
10.74,101875.0,0.186,23.96,1.89,32.92,8.1,4.78,23.04,0.1685,1,0,0
0.95,101969.9,0.0857,20.8,0.0,20.75,0.69,0.57,19.2,0.0727,4,0,0
21.79,101039.0,0.282,31.34,0.43,51.46,15.64,12.25,31.14,0.2626,5,0,0
9.17,101970.7,0.1734,33.38,0.16,31.3,6.14,4.49,33.19,0.193,8,1,0
297.9,98622.2,0.8326,27.42,6.36,95.22,175.97,133.54,27.63,0.8066,5,0,1
10.9,101240.1,0.1984,24.07,1.35,38.77,9.16,6.84,22.55,0.2098,11,0,0
196.26,99593.6,0.7473,22.43,7.45,85.88,149.07,108.35,23.16,0.7251,9,1,1
1.35,102324.7,0.103,26.68,0.41,25.25,0.84,0.57,26.85,0.0944,5,0,0
7.26,101843.3,0.1773,35.38,0.04,35.69,3.95,2.51,35.41,0.1676,3,0,0
148.53,99696.5,0.6912,28.2,3.0,82.92,104.66,83.33,26.65,0.6974,7,1,1
88.67,100388.9,0.6,32.47,3.0,76.42,53.86,40.0,33.69,0.6258,7,1,1
1.51,102118.9,0.08,21.92,0.45,20.0,1.17,0.84,21.36,0.0669,2,0,0
17.73,101309.4,0.2315,26.25,2.1,50.32,13.78,8.46,26.27,0.2446,11,0,0
3.64,102601.2,0.1201,25.5,0.76,23.03,2.82,2.34,25.15,0.1225,10,0,0
206.83,99016.0,0.7635,21.38,3.38,81.14,131.44,93.02,20.69,0.7762,9,1,1
326.07,98608.3,0.9254,20.0,10.09,95.6,179.47,150.06,21.26,0.946,7,1,1
164.69,99721.2,0.6666,20.49,5.49,83.35,137.78,112.69,18.98,0.6543,8,1,1
138.94,99945.0,0.6975,24.44,3.8,83.05,99.24,72.26,23.45,0.7056,7,1,1
288.7,98000.0,0.8948,30.19,5.17,97.06,197.08,122.65,31.66,0.8729,8,1,1
7.82,101540.4,0.191,36.19,0.0,36.45,3.99,2.98,36.72,0.1932,1,0,0
109.11,100389.8,0.6533,33.41,4.2,77.8,63.2,47.39,33.34,0.6361,8,1,1
1.66,102609.4,0.098,28.5,0.24,20.0,1.28,0.81,30.32,0.1068,9,1,0
9.25,102191.3,0.1708,24.31,0.0,39.11,5.58,4.65,24.56,0.1756,12,0,0
15.49,101261.5,0.2536,36.14,1.93,45.34,9.33,6.71,37.83,0.2381,3,0,0
21.49,101317.1,0.2709,21.09,1.05,54.95,17.86,10.94,21.25,0.2697,8,1,0
130.62,99891.8,0.6015,34.45,5.43,82.65,106.54,88.63,33.81,0.6165,8,1,1
274.85,98981.1,0.8821,21.4,8.24,94.58,151.23,125.53,20.49,0.8958,6,1,1
24.61,101554.9,0.2769,35.98,2.6,58.2,18.93,12.66,37.23,0.2914,6,1,0
268.48,99694.2,0.8467,29.83,9.42,90.07,213.62,120.26,30.83,0.8397,8,1,1
325.93,98065.4,0.8938,31.73,6.72,100.0,188.84,145.26,30.45,0.876,8,1,1
28.13,100764.4,0.3094,24.53,3.53,64.03,19.97,14.71,22.55,0.3231,10,0,0
97.9,100500.0,0.6107,26.63,4.06,77.2,62.5,40.0,25.47,0.6013,6,1,1
165.64,99095.1,0.6638,23.47,4.22,81.0,122.64,93.14,22.54,0.6485,10,0,1
292.28,98580.3,0.8789,20.0,6.79,92.56,212.26,131.37,19.42,0.8579,7,1,1
2.28,101544.0,0.08,29.42,0.71,25.82,1.46,0.84,30.84,0.0749,3,0,0
88.9,100500.0,0.6174,31.07,6.0,75.38,69.3,43.86,31.09,0.6246,9,1,1
322.05,98000.0,0.932,29.95,8.48,100.0,207.53,149.84,28.67,0.9405,8,1,1
206.47,98828.9,0.7588,27.22,3.13,86.96,129.72,74.4,29.07,0.765,7,1,1
15.75,102120.6,0.2177,24.49,2.23,43.4,11.85,9.53,23.32,0.2009,1,0,0
111.64,100249.6,0.6,24.16,4.51,75.0,83.0,63.97,22.29,0.6092,8,1,1
19.92,101543.5,0.2391,24.2,2.12,50.65,11.15,8.02,23.23,0.2344,8,1,0
4.74,102217.0,0.113,19.37,0.89,26.98,2.43,1.59,17.62,0.109,7,1,0
3.46,102133.9,0.1014,28.13,0.01,30.1,2.6,2.06,28.82,0.1013,4,0,0
251.8,98836.5,0.8856,23.4,5.98,94.65,146.68,121.24,22.78,0.8571,9,1,1
23.67,101647.3,0.3023,32.68,1.99,49.82,15.69,11.49,33.4,0.3046,2,0,0
324.81,98347.4,0.9177,31.0,6.51,95.81,184.17,118.55,31.66,0.9461,9,1,1
20.58,101352.5,0.2681,22.92,2.16,55.62,13.01,8.48,21.43,0.2855,3,0,0
314.39,98261.7,0.8628,21.62,7.31,95.41,196.37,117.17,19.82,0.8713,9,1,1
8.22,101768.9,0.1564,31.27,0.11,42.17,4.96,2.66,30.71,0.1466,9,1,0
14.96,100916.4,0.2453,22.78,1.51,40.08,12.16,9.32,22.18,0.2357,4,0,0
21.5,100796.1,0.2436,29.55,3.43,52.55,17.1,11.5,29.04,0.2486,10,0,0
94.82,99874.8,0.6356,34.3,3.27,75.0,76.69,64.9,34.08,0.6459,3,0,1
167.6,99682.5,0.7351,33.63,5.56,85.1,119.28,72.1,35.33,0.7397,6,1,1
19.13,101194.2,0.209,30.2,0.52,52.38,10.89,9.68,30.87,0.2114,2,0,0
331.87,98068.1,0.8689,27.48,10.22,93.37,201.82,129.03,25.73,0.8687,8,1,1
183.45,99698.0,0.7936,23.13,5.49,90.47,131.22,104.59,24.33,0.7834,10,0,1
143.26,99893.5,0.7365,23.55,4.59,76.46,118.69,96.86,22.72,0.7156,8,1,1
6.54,101563.4,0.1398,24.49,1.3,29.6,4.99,3.68,25.58,0.1503,12,0,0
22.83,101044.7,0.3043,24.33,3.62,63.65,16.88,14.96,22.7,0.2982,10,0,0
269.5,98943.9,0.8783,32.77,9.04,97.02,202.37,139.52,33.1,0.8794,8,1,1
29.56,100575.3,0.3104,26.97,0.89,62.58,20.0,12.65,27.89,0.2922,1,0,0
0.16,102122.9,0.08,24.17,0.0,20.73,0.08,0.06,25.77,0.082,2,0,0
17.16,101701.9,0.2704,26.0,1.29,46.25,10.06,7.83,26.99,0.2679,12,0,0
124.98,100046.7,0.6556,23.98,3.76,77.68,91.12,54.23,23.29,0.6414,9,1,1
14.63,100980.7,0.2151,18.57,2.05,41.0,10.74,9.15,18.99,0.2338,7,1,0
202.23,99198.5,0.7528,20.63,5.63,90.21,117.54,83.74,22.27,0.7495,8,1,1
25.1,100981.1,0.276,19.26,3.15,62.53,15.36,11.64,20.58,0.2635,2,0,0
193.65,99606.9,0.7886,33.07,4.23,84.94,125.79,71.55,32.13,0.7702,12,0,1
13.33,101767.0,0.1753,24.89,1.66,48.4,8.31,5.37,26.49,0.172,9,1,0
28.32,100565.6,0.35,27.21,4.23,67.06,20.0,15.0,27.97,0.3547,3,0,0
241.38,99151.8,0.7746,20.64,5.22,92.52,161.19,116.03,21.17,0.801,7,1,1
311.86,98082.3,0.8758,27.16,4.89,92.0,197.84,167.73,25.37,0.8739,4,0,1
155.32,99690.3,0.7123,34.69,3.38,80.5,103.95,88.14,34.85,0.7091,7,1,1
2.71,102538.8,0.1094,33.06,0.03,20.77,2.21,1.42,32.55,0.1113,1,0,0
